X (m),Y (m),Z (m),Temperature (K)
2320.3474904936174,-2880.035854417883,200.9081968782237,320.01966521995814
2239.3846345103043,-2280.6871162346383,231.99485315081566,312.5248624854349
1911.152478772947,-2953.2187354335224,-14.273881543764844,339.736129081429
1733.4388118084885,-1481.4387554190084,64.02882129226067,308.6135747500948
1749.639934143697,-2623.5050225532395,139.5062382462934,321.0962444002923
2293.501267140835,-2033.0538648857128,6.401941619916865,334.80903986745165
1748.931249594148,-2468.754848046403,67.46775486991145,297.58646258651106
1519.7496692949826,-2978.759650439975,-1.4954392176016906,324.94078242956203
2541.8315057385835,-1016.8323738555318,66.28913722332192,328.574490882066
2566.2490878554945,-2176.931465563881,81.1606625034154,314.30967179434685
1658.5147641327821,-1846.8312005077123,235.64617748869284,321.77765260109777
1950.5945155840645,-2824.8298075432713,-1.706963152443162,314.5936165990999
1960.6616274511432,-1337.4150048078798,177.1420426357924,301.3018991170783
1365.2508284642927,-1635.969017544814,87.80143556459855,338.0812755410674
2330.7428377344213,-2678.394866751505,14.504369681853394,303.02588732941734
1828.889495169623,-2250.7421454095934,217.17428742899116,311.1867165764788
2120.5492781882695,-2419.805037156854,104.09220086243222,314.9561726441726
1873.107698416833,-1363.4791107395417,231.11892668413284,328.97020074995555
2572.9330234678964,-1332.7545334506776,169.9972752075343,335.67973784605624
2693.89600398696,-2717.6956297826077,138.99201132494866,324.5639490483613
2604.777077853015,-1627.0814416146966,-7.5339759707383855,296.29621284128245
1085.2036314508873,-2982.2818704474535,146.98782921479952,318.142847093127
1553.01101113264,-1367.8040486218163,63.65073728148724,295.82047602870216
1698.1840674046052,-1713.5527625559969,222.6283221899506,322.53489900055763
2339.2755780379475,-1656.444794005253,4.744941841350926,336.38620955157535
1176.378418666902,-1986.9267174488286,16.552481943428194,321.92802707965154
1372.2148085598187,-1125.3653665221175,53.36945022894729,304.76558460311855
1378.4392406531138,-1232.80917872377,240.0662316320787,331.5034153242979
1525.7722926706178,-2567.133764548298,62.500671455816104,329.3876279313279
2438.4826856224845,-2442.0263577942287,214.0496845421277,315.8015198722032
2267.9224514699554,-2708.0310054290057,19.375279255932718,305.1655305414781
1654.4293268584483,-1183.5280463295978,113.44404930820605,309.8807384825015
1891.588649659165,-1879.1125959646192,256.5535099525891,308.64654591903377
1951.1151196814462,-1660.1939356807216,87.04739848468058,307.2303194641342
2064.6775667921634,-1570.8412335180958,104.32571953124432,296.8597411421254
1831.8930242695708,-2299.287194766607,228.84514914450816,332.97578107951773
1789.3557047553882,-2331.799968378654,210.9955409803478,337.41451881361075
1629.7481438430382,-1728.129735205595,51.08061727359882,314.68684272545926
2266.234572001723,-2347.988364593844,63.10774968109055,298.0932995606425
1619.9192471665037,-1293.6388513589295,123.78517690535679,299.07318245831055
2539.8971340565354,-2838.846959185659,14.238732922420645,299.2077800163181
1951.4090297080597,-1337.2125425179077,231.8860056989248,315.28615356834683
1717.3590598538467,-2785.097929514687,112.56137965172024,320.25070404905165
2532.8837511649513,-2343.8483003383126,-14.211262216119508,321.0464646213725
1575.2827990391106,-2945.7131560965167,-0.19029776696128664,316.54648843191774
2643.531980538519,-2897.2149139653993,148.84446958079408,308.41081062658725
2755.548471407312,-2373.2889319154165,11.573412901627673,314.0381888390826
2638.630095038401,-1634.7878626217132,10.977362632309653,299.00199422063434
1294.2046076143029,-2093.6559425128207,29.806130005524203,336.9243294039216
1792.1599780754598,-2988.63014652058,55.29333173829512,317.2216710793754
2983.447507673427,-1896.7723020510598,255.8517138024066,295.90622330469364
1080.5407093238045,-2158.9991771184714,157.37275347357186,324.1583021555152
1178.4315264219035,-2535.858211075488,132.5418954266128,335.11264636689424
2760.7238507930306,-2251.752938195117,232.48628784347028,308.4332060269731
1540.5476474870914,-2808.1889602198858,104.45136823659018,326.69277443497145
1657.1341081706269,-2658.3747108522416,174.9180317002738,309.5111215966678
2713.4394135545635,-2445.4863905725647,41.48486074996994,317.2518270715483
1802.4206241998158,-1641.731858987616,190.91706587359633,308.30615274042435
1642.6896724755493,-2548.0425100948846,197.21620008881501,324.65161204830474
1325.182556616964,-1038.815155127966,180.85993783571303,314.4461508350526
1765.094333335845,-1950.8690136457378,22.08438891194804,339.98534103789285
1259.273505708033,-1431.3356382229667,197.2929103323501,326.0768816340699
2561.40949882315,-1603.4910861410729,67.06632397450888,312.9523877229096
1757.0842172013552,-2878.073482608689,83.40469445087952,313.25543818202766
1570.0519270330062,-2350.241252167282,-8.463131108844248,312.2091344697521
1101.2710004088863,-2988.8702281177843,12.733282624064572,334.7607577701261
2545.1855317056593,-1119.220145730593,110.78819567103208,296.9862374921489
2486.1832031382564,-1696.5590426957629,251.994190318375,303.5933711269782
2381.839554479191,-2020.4669337034902,64.0319770623887,299.1927016266838
1815.4297015107763,-1775.1335091226938,254.78391644474243,322.88540896234076
1058.486784845436,-2131.3047217043923,141.21862132651145,333.16997492599336
1759.642046385317,-1685.3422534048989,132.81473354972834,299.7090977655287
2418.5258459526876,-1824.614399244428,30.66499056458664,335.55130145452307
2923.796193843174,-1032.5974281789024,54.040507469565654,302.9634413146356
2761.900523689967,-1510.0670972493174,188.7042980822853,337.4951290178078
1005.0788917004974,-2389.050742117528,227.18548533616288,326.8395517489436
1612.4980867374143,-1929.7910628450334,-3.699148429916427,320.89687068632634
1662.3118352847205,-2113.9456529682275,187.40269036069233,316.1512757127138
2376.4505590258473,-2839.24876293279,91.68219312298622,318.8370565931258
2292.3927706662207,-2889.3204910945597,-11.238667550914316,302.5204971580728
1652.6230053221054,-2719.8208460824744,187.43718717745332,325.7618600511254
1863.7458181956627,-2609.9111174350514,158.24434087186285,318.95336706319875
1749.3384565950316,-1914.8241335158912,134.30756120092303,314.7960666855261
1805.0187064835363,-2977.9540425029304,233.97920722986592,315.12228569697396
1279.0508590907716,-1907.4084096409426,95.78412030365963,317.795488718829
1855.1319436496476,-2422.2347561893507,235.20011488541886,336.24152000084445
1934.9360643645903,-1310.2037458016746,133.7900675090355,329.4414723042925
1350.5546949943803,-1723.638518530215,145.18652715938686,316.5810791169996
2587.283188033024,-1777.0122681181942,124.78940080654206,326.54832650143163
1593.4475569903661,-2201.2501878511403,70.74306247898431,311.07402724032073
2997.074298941259,-1865.478320434351,65.14826157759394,333.52910631889165
2353.085162643369,-1368.1015126848572,178.31483540626772,333.8031019819887
2204.0995273457347,-1706.9454403524066,35.08497999995849,331.1603370066509
2367.792384349505,-1589.9445196054992,165.71126826417807,320.78098851641636
1321.7907875714109,-1486.6327024481782,207.04386060943236,306.4823736511697
1742.078703535924,-1804.3844811398494,114.54268739703608,320.1376695706148
2811.4422935589478,-2666.9410493965784,64.03360710553586,335.86913090496626
1159.9518453686208,-1670.1909485500885,62.52812118402248,328.3118075077436
2767.7466111099375,-1305.6332615528643,-1.6241643684557552,325.0683248637574
1747.687498657829,-1161.2525504831547,69.46171207557248,305.12113380759746
1859.5903445872632,-1169.2276964123996,192.76876036070266,305.6986657965815
2313.286027592374,-2744.6310463167533,157.63529306262933,325.1038294077173
2493.2442615742566,-1116.6782859281404,231.1999242090211,295.93543420754884
1316.332518157943,-2945.081465740725,124.40263846147204,304.0180477603378
2107.6506170140524,-2241.1798462481074,193.91548687137674,336.895312985237
1386.9405628154695,-2294.5759179970155,187.96655295055666,326.3229117964702
1575.945011681944,-2126.50411909343,206.04854232354072,295.3781284335165
1707.1788269642439,-2455.558578563647,225.67469419392833,313.38228840535714
1676.5121209033714,-2691.76824728888,256.0242547359531,320.5642392138518
2077.721934991192,-1948.4622637242041,183.5321515292496,335.7587501677263
2620.9984656710985,-1699.5457314063465,77.29550725195044,327.91451135442844
2153.1688098656787,-2522.6196859863494,43.953777788204626,306.26170638976504
1849.1282824254868,-2703.863377461565,199.79887273311232,311.69128829549555
1043.2759435892167,-2991.016468543712,215.75077910818237,323.5656544550175
1042.8734001645223,-2319.810728825152,237.9025041362852,321.0182484406749
1576.769271389109,-1485.2999224362027,173.29575626407967,296.53221729892647
2510.611544007418,-1407.2269580553466,142.59669975525478,323.7875309896057
1675.577143991525,-2642.704195780173,146.1123796034915,331.57544765380834
2391.0863664502094,-2804.5055038012047,252.94412081582897,306.1027533398552
1262.0775772201746,-1948.0633895862275,129.83716507472053,331.7531046155134
2309.6764548122937,-2409.9121618819336,111.11758104012105,301.45241535506256
2284.66420202694,-1540.932940820994,73.15551003886213,337.8739011753159
2203.555846912475,-2128.507506178179,128.75303000359463,299.45589902777056
1393.338243397282,-1843.520075718739,114.42907391750461,302.4895343144934
2650.7531974192852,-1828.514286893792,131.47889812267772,311.9355280112691
1215.2484162361256,-1208.8478102233319,152.41377004714397,337.7834822025717
2275.3075600831453,-1944.461521695857,154.8776359907271,331.06788712099205
1350.3927470136525,-2665.2957437882546,206.27350349931868,302.26460731735074
1081.5597651389553,-1883.109016542183,124.6620417273902,316.3269472094438
1116.2147616836057,-2480.3564256842715,11.95312321546104,335.2966027359747
1559.4911637898201,-1255.6772189659046,48.47001922741717,329.1329993627469
2647.258423287451,-2241.1540034673,120.81307078638505,337.5911932516718
1185.725895488702,-1087.5089945010661,178.57329248963063,307.39899016612287
1400.0244368393937,-1795.282448593141,189.0260433663819,336.3091829157754
2615.1874488855265,-2499.8978858592627,229.68100751444015,312.9653006403304
1834.85342326085,-2254.524544428025,233.64130071460252,308.66660919314114
2238.3654532545784,-2807.7192591395237,200.83297429028318,334.8876103578126
2116.7992228400344,-1106.801779154055,67.73119041188274,326.1110209409023
1819.1979277978317,-1729.1356578370246,151.33524940315016,299.71836113606696
1433.02661243917,-2327.5767017366543,45.271367153582794,327.98313094874493
2756.0790337296903,-1541.549453493081,121.70417477031754,307.9180263949012
2284.848190072653,-1383.0935636016457,110.9737363636655,325.9894455843775
1459.456581098632,-1061.8003212341646,139.0916111424758,311.4499033314453
1737.3382712525859,-1335.803241922657,157.7257554840784,336.0817422192746
1102.3937538650632,-2263.5806934898833,147.25025642724182,299.6147005895869
2605.966145482425,-2267.4474721931297,242.17713239248832,325.20795195623
1957.3073084528028,-2853.933380367769,174.82157202665715,330.50439908166453
2441.82988363699,-1963.2365977241852,202.16215267938222,329.75862789174414
2380.2116766711733,-2529.8155593422625,-11.9853081171117,318.87716499864047
1684.217956852684,-2905.316504665753,76.75653826492692,295.8469821453071
2915.7397836534838,-2090.6624533972326,123.73557172899652,311.5255782691173
2281.3644168068013,-2925.4928429341617,238.70130842110873,300.5550845562315
1135.686403053973,-1273.882801419449,209.22728113462955,325.3073417260133
2966.866622441208,-2654.38754138495,52.41197575326727,329.3020959733137
1148.3494716151363,-1316.3555426592477,63.724308538464584,300.68437600742857
2206.4075629424474,-2615.576283023441,109.10593673954664,313.089769294278
2640.6893415583645,-2048.250051921474,161.70339638939703,316.04074168649174
2315.158257228299,-2257.352883726914,104.49967718664537,309.43950531255473
1505.9270273837883,-1213.8773998462034,177.01956868185118,320.3252155355017
1469.673039513906,-2266.5910770664213,189.61198001879683,324.246621792569
2616.808988902785,-2688.006162601883,89.53759340595013,328.15884500595774
1273.470520663148,-1469.0358090063792,105.82357522623654,310.5061342604614
2943.474812474313,-1492.3878048799554,87.48054100813805,328.17655593541514
2792.6772767842285,-2918.772764453795,110.47672867701611,295.03671590457475
1555.2940173562595,-2925.9525314656867,156.8508957908166,310.57568034740103
1772.4731395384256,-1824.102128746988,142.36454298823642,335.2419889727795
2651.748078149734,-1076.767306823064,212.27574950272452,314.7248187057997
1482.9101139399784,-1814.8479957591205,4.343759286411132,324.6032136337672
2777.818351847922,-2455.449171250272,89.78847986628706,303.6209222372723
1280.8580396572197,-2624.8201633924637,222.42694330903592,319.6639354775
1308.2482359977566,-1813.1008725398083,-2.8491970260112307,300.2592879039723
1972.7929479794009,-2244.32985886453,102.71919699906547,317.875556949873
1299.312583889487,-2551.358893465739,67.77442676069305,327.0874793147099
1505.337519024924,-2801.5843575276763,195.77603368096027,314.64678480957986
1221.6838371538745,-2472.374175664903,206.65151073132338,332.078114153647
2028.1908418661994,-1514.2586379842926,2.1500995593411574,335.503057506023
1782.5322747636567,-1564.227881534091,209.14509273532508,315.44460182159014
2136.0269263203936,-2428.2677098830723,98.44594473995525,323.2831708407955
2460.9572899266827,-2530.0608385773317,64.63126679505966,325.5946154605914
2154.580036271267,-2845.624081679874,249.96838125111367,312.9211179417623
1923.986821447315,-1698.2740210394377,65.97913189551058,320.02602255853543
1112.358656027497,-2653.5924427014734,87.07645483277336,296.5042473172497
1931.4286572685696,-1313.245416808139,123.11203355714136,333.0126546982908
1180.3101762140523,-2410.936511189679,52.32296008389214,337.9822001597253
2871.8837704543657,-1488.8184625167169,240.6932344618798,328.41841264481883
2321.3956848397484,-2051.55269019838,69.91058483677763,320.4863699606013
1184.1398209309698,-1332.0861744456963,200.68252458504298,328.9332314233643
1564.9360676313308,-2281.0874159209297,0.7064985186832651,320.369973792389
2659.827231890771,-1982.7121101395405,-11.324931077435892,330.1985286723328
2393.6591681088385,-2027.5024254651823,80.33291922057104,308.38466741686875
1610.6356787166533,-1939.8888150882633,-10.285061117149478,324.92611281162283
1285.912789324461,-1737.8816245870382,82.13158427199068,297.9533928011968
1535.7862667886648,-1964.6430042255408,7.742605459426088,298.908930099718
1677.0428357489818,-1115.7198430765372,91.70795879947082,330.1907756377592
1998.7695441782016,-1565.4492784090237,105.12140062159656,304.025357907736
2318.253216830378,-2452.821836947902,81.21080584572283,309.91797275803765
2859.2853488041073,-1362.5903107750137,166.28151827038238,334.2259596562503
1258.164253929555,-2218.797734455863,27.483320571667555,296.37632495772266
1140.0398814468763,-1794.970113706647,174.35460807252275,335.87999674992767
2975.8304676475573,-1737.0999624375,111.56505904349251,295.2744744364739
1956.1246375161722,-2776.2275507534046,170.64210995632428,317.63942190115847
1628.7207018779918,-1720.1553878814052,123.04604661851312,303.91368304479124
2906.2845576266463,-1331.2739678304038,8.520895622552302,309.96118812369303
1529.1141432866384,-2922.7549197531607,23.819488168820982,326.08670813547474
1399.8071214280287,-2935.1246437610303,-3.8736380178708263,301.65799512344205
1960.3778386894564,-1878.628172959536,148.3422781057012,310.77107709753943
1378.6379531798834,-1888.769861403487,161.79321678948315,316.1029178514365
2807.7911981217303,-1249.2992053669755,224.69017224974345,329.1515764480482
2962.152630987847,-1768.633745637943,152.21836990803587,323.9413594150389
1616.3497258925167,-2258.2939903157194,172.54057955470762,333.8465154769606
2404.2754825242937,-1105.533886598822,242.2884820549359,331.4483878385755
1866.8400366306973,-2036.9630209888016,164.51643899366178,304.73876864129124
2114.1395713500633,-1099.8129771907536,253.10832498564451,339.63273007686223
2350.8323407251955,-2887.760157720003,93.94572502582179,301.08341458009727
2290.078248547331,-1835.2222366155936,183.68358534865672,311.4907426777234
1492.1668715272117,-1630.3980437519403,179.83169345352292,305.25727773723764
1556.5900538007945,-2025.0560970606912,63.910293363581644,319.9887606701167
2986.88044409255,-2192.684831876537,17.593633544503675,328.32447816111903
2805.3258713277783,-1773.448324716701,64.44622928627274,308.2916442501991
2446.4069200214553,-1166.2789084529911,-12.823019792789031,338.155847721938
2287.875534084653,-2707.7895346924975,96.08721073270593,297.36406487126254
1783.374669657395,-1797.8146396736422,60.35342925953742,299.77953778811997
2069.6643335759527,-1171.6352752913588,184.149690934186,327.7614060418891
2086.324311478823,-1960.8712955982267,213.01780514884305,295.741036726257
2553.8221690492464,-1600.428676049109,5.46300021680527,329.97983300497054
1930.9672274519721,-2047.9407932700622,110.2206669634896,333.5824774717342
1466.539726658273,-1408.3542628270272,108.02581055828958,313.79763229510155
1808.7540950844595,-1998.085828060688,128.50393432544402,300.55999140673333
2483.318819452164,-2809.627580256349,84.01893549078908,328.89707003452037
1545.6547694774304,-1477.3855058584306,135.25741393823023,336.5053400326892
2612.9584591450953,-2897.065802080801,113.88133748480368,318.6532426899049
2234.363202980743,-2353.5458443451453,49.961464788029176,314.19588056238354
2918.891192793192,-1079.9618088086756,3.0598943535102237,303.4222580247685
2735.0175850707474,-2520.456642772415,169.82665260969128,322.3227314412603
2012.9317280215562,-2503.948871475369,99.12930368470344,320.6343069745871
2222.623071845829,-1248.0683861835798,23.723355605357767,323.72345733923027
2991.0784546605773,-1727.92783910175,141.7894480189823,324.55645063064486
2751.6820687176078,-1418.2819864074384,61.836107845148575,335.48440596049556
1025.408851545774,-2510.722562223263,158.27871740546522,320.44278770052324
1491.3360349842735,-1701.6524394109804,217.19884374377807,308.2833750424917
2923.991285081753,-2272.3305878524816,0.8773889838150275,337.30172599665013
2985.8777163451514,-2330.1890229295714,76.59181213127567,330.27762664151504
2267.649970424108,-2467.895234184328,199.71267980175324,319.7051330703425
1798.3618620689106,-1987.135131602667,79.18872472109318,331.6646140349224
1579.0000444452553,-2042.392922958627,245.3219606221145,300.1971537572819
1884.7802799498736,-1421.6475477640186,180.6260332646483,324.7520900068416
2281.1824439281645,-1502.2710142704022,186.46094722956101,296.7357161121534
1840.381339433613,-1973.2517210842502,13.395162491243518,322.14318014237034
2481.3917763702593,-2276.5546467229974,110.62576128691947,335.1208342312574
1640.7939643905515,-2060.9838977828636,161.01263935520683,321.25760510408776
1420.8339220672046,-2259.8849885629716,66.59805466592837,304.9199534199863
2095.7174818116355,-1344.8640278614266,63.74880654164815,325.58147011612886
1069.0350339768456,-1844.9909333941005,147.6440594933733,326.5087341598254
2803.289490478399,-1808.817225628188,225.78079267332913,328.6276433341934
1743.0785369643897,-2393.8684026175156,126.08416010576761,317.18165938356736
1934.9643811828432,-2211.643904750533,75.5672881158787,307.5014676389274
2478.6489172832735,-2732.074342534734,43.73835985065737,305.87243882647806
1885.4217938686725,-2123.7370687300113,101.63312339394284,339.77530438865404
2229.513035376106,-1178.3088169677885,118.24909907262494,339.15045516006455
2884.582515919733,-2762.206165624165,49.101726226958476,325.87945945472944
1484.2207136157892,-1063.4013359072028,169.33691825347836,334.52164512270775
2187.156827696758,-1781.1691098384197,83.55777084550336,334.44752351102613
2289.2541855168083,-1104.3411753799805,148.9479439878453,324.82600623694634
2498.0043201693616,-2178.4265873910817,231.69022955677994,327.3139784483208
2540.9655131934196,-1673.5734357652473,236.56926982507414,329.5210660538218
1742.5447464356257,-1045.0190735994408,223.66071910001486,306.31566292828126
2711.10752650823,-2785.5113308504515,89.86580079222367,316.43151790570016
1589.1527706915567,-1508.6457182877125,49.87164672083102,324.8305204669887
1342.019935002562,-2357.1739101881667,192.26556178317134,302.4601665013656
1744.3151956462511,-2367.125415340397,248.55694551762923,324.76842856027145
1882.9568359239133,-1637.3431576554774,126.9631644557625,333.7067213734335
1710.2857423598243,-1355.5842183556645,123.77640540123909,299.17700773297105
1870.2789006908517,-2767.4012017902655,191.34177741799212,314.7501487646576
2766.177727548591,-1646.5681746602029,255.14958799441945,332.24538916852896
2416.086276016158,-1724.743195306164,222.98458248689968,338.9537199492896
1730.167034051876,-2957.2393950359574,5.368042877774929,301.33212774213075
1866.7571725893913,-1891.6419404670348,121.79998833148255,326.75589106533374
2638.298949053149,-1480.8797944087587,205.02322490900445,327.54949307456593
2209.82284826838,-1094.9350114975994,68.7211247185931,309.5134552879918
2232.6328034154767,-2648.8826020308115,-8.10826274532398,310.54248422498085
1368.6747886883209,-1814.096127332911,59.04875747165782,325.7790004053214
1763.024744631919,-1577.7927144023956,176.77990951912926,298.04529724623984
1756.4388305857547,-1350.0954474187997,-12.521192767710449,309.5412346594443
1537.6637881275278,-1531.325758981928,28.76463486569957,305.3465124340443
1844.4173766248227,-2132.5709675452267,164.40677429059085,329.64675451429395
1676.5557698502496,-1036.1603732347746,118.77206814862075,329.2523766131916
1575.1720899890604,-1114.7448814422928,26.175878523828985,321.86223227910097
2500.463335655315,-2910.397376563833,241.54201724774987,337.32496291144287
2804.890260176334,-2495.4386040589557,136.17001448062314,308.2877071022709
2273.885370532846,-2989.0985968779196,181.78700966993682,333.0774086424905
1327.192153885487,-2219.0111809011705,-9.042151728368477,328.09783883030684
1152.9272979826474,-2373.259038392171,146.81701124306153,313.88508585146116
1078.0683873361352,-1292.7409480809472,202.99674637437735,314.994229306979
2427.64533424838,-1489.907117890733,178.05935825941657,326.6245124458238
1938.8946737293359,-1091.4245326954338,221.7234080182478,301.7932047574885
2060.270155163358,-1831.2097961264458,257.26025791791454,308.8396773245807
1774.4172928010876,-1625.541907795529,21.342751875508363,302.3682026728261
1494.7161115600288,-2225.547368244334,167.89533371683729,318.4970277510178
2459.300913558516,-2517.8064873310173,56.288553915558325,323.33273633182796
2751.0268388996647,-1258.5691376740067,112.03250496703279,295.1223356123563
2305.346645893745,-1365.9642677568318,156.34000762135494,317.72200837382877
1683.647712945694,-1900.7722234322164,125.4179523683002,319.77293522748215
1845.4605577321026,-2434.186843043273,11.417784155250434,301.7161160438625
1261.9261861141078,-1460.5891048581798,70.1316697156419,315.6333352449143
2762.09258944703,-1188.0063277729987,98.80341897012471,339.3440659157651
2705.547128502266,-1434.7955858790374,52.487206491841036,307.5999247718705
2756.7591582506584,-2791.9543814020844,96.11820329646247,315.2170835256429
2691.1146235163806,-1663.1802926725313,252.8147826214938,322.25652911802786
2882.000146386382,-2535.1326409186286,0.9268716524790435,317.6690964442204
1946.598157969037,-2537.133631428388,158.7625656146136,332.10593683186215
2186.3035748220336,-1511.1114119959066,156.24679280051362,326.9778456789175
2478.8131281961087,-1325.1160886248717,35.83509511453898,339.8430390852027
2811.1898360839,-1770.233682030435,240.19582520758632,308.49804369781464
2956.282526742647,-1091.8318805015415,213.96943530471648,339.4934711332153
2627.2335223311893,-2707.6912592938143,65.85187935832363,339.58310654580384
2842.6894614811695,-1808.7891930340595,57.78363230138481,333.78707379044243
2292.5693157392107,-1337.5204901224495,20.54522016448864,334.6143291114999
2131.820812276208,-1128.7455636602397,37.731179287803776,303.4783685097504
1691.5839905473633,-2862.945465056872,54.42983480306515,324.8326843538922
2346.2276236325856,-2684.235783962154,110.39323799395477,314.45101273717376
1327.2704410673314,-2897.854194314293,219.2056303485053,311.18708926077926
2707.0259012568968,-1902.5508825620623,51.28096762513097,337.88574142144756
1295.5471134400111,-1951.7031244430464,52.05049774852641,326.21407718577103
1323.6132510916057,-2666.5420863120166,91.57986243969619,338.89168887438876
2527.675692343541,-2305.652548298093,204.8558309782686,338.9346778134447
1413.7458462306336,-1337.2253029631688,76.17315418940478,313.6491001229004
1024.6154911156718,-2589.68377434891,23.018615799466843,302.61931332681706
2425.46172328598,-1803.5896607328395,26.133060718154518,302.14028961218844
1348.7583119283972,-2802.5392348323703,32.93928349034897,330.62492497863974
2107.5155072181306,-1151.0668374780644,112.769070248187,336.86862227446363
2190.8488811063125,-1222.3902027062156,-9.007446541015685,298.38342867510613
1916.6854699471003,-2654.5753081176144,31.107875871629616,327.58423816011737
1231.7415848864125,-2695.6736475461253,237.32666323528665,316.2469601594503
2864.549094354372,-1993.8986443143617,148.17750228863966,311.20397802089866
2199.776912026585,-1144.0130925726578,229.1936442633292,309.10572281165304
2317.7818359989433,-1693.8488172489765,114.59661109867935,309.01826312968944
1097.5628677846032,-1279.5090203676637,193.67924218575325,329.8315961084026
2429.832372516647,-2822.1202041239994,170.35666214935867,322.0606259647813
2089.4521149970833,-1442.6546841239315,17.0341296413726,333.06746631611134
2415.395129122347,-2291.5110109313982,219.71703365342785,311.58393487053274
2748.989519309067,-1313.8617972652814,249.41829368851785,330.9028397313219
2973.5549906476313,-1506.103632100183,201.84112597067033,338.8221979060981
1657.510057314358,-2695.4405432788976,47.772798663788535,305.3851997795383
1294.7810340053688,-2117.011940819241,103.31602677131559,335.64492730818006
2191.8370335389327,-2474.3342455550423,61.650453410448236,300.7902114058836
2693.406348398239,-1600.663484950193,33.10384474646714,303.12621625449316
2321.705099847991,-1907.6618004253664,67.76760642231227,321.40772190201767
2831.1405719812965,-2224.5169192682206,86.78748609001916,327.44129830936106
2999.3818562984966,-1465.554698187658,0.716679672070871,332.158768934461
2034.9420611650014,-2776.4923081285892,184.52041108159105,309.0340276799986
1552.3176155344954,-1393.6661041121447,168.87248886577004,309.68956723703957
2159.9658023737393,-2714.9388052895706,141.34294035673767,325.6745138600795
2288.1596386871265,-2834.6569376155494,232.334254355561,315.7717232680425
1360.6364226965356,-2774.9274512765005,101.39852011564518,331.36184547729425
1693.8614402265807,-2183.294568394179,176.3961816153769,295.4823941368227
2583.0215029960564,-1981.0880794222467,23.914894851837992,333.67573675755295
1165.2560729446884,-2295.1318226344265,91.6832640775496,333.3703868793165
2786.5204858809793,-2222.0239223849517,243.6038709867529,295.809043113084
1378.8604321687124,-1929.8532879686463,152.54119141093435,330.498141104462
2367.782103180913,-1255.805607616018,103.51199980064834,299.53669652219855
2386.6622932987316,-1864.255347387533,52.18342225534953,304.1637902871315
1913.4046929285548,-1841.9307371666373,115.11899654418568,296.5190787499939
2824.455255482794,-1659.1972329655628,151.5770483365353,314.7833236072462
1052.3833015829168,-1395.7219953984581,80.67095746421482,295.6033266077768
2545.24501299207,-1289.1054595411636,34.03396811187306,305.94300913818006
2446.1780713096914,-1383.2304531124612,113.60685570304037,303.65012626389705
1938.8173415330662,-2670.1459241623843,32.62199342354606,302.88071138963323
1454.1622933631802,-1859.8278122236995,42.59491273710526,315.7749032933285
2473.4918611976213,-2352.3127365092546,227.6715776347689,333.345153042275
1762.3490613767758,-1274.4470938040727,129.21416341038423,301.8462471824493
2163.833071677353,-1761.9887210705256,15.783372655609472,301.95097400552044
2270.0410964264092,-1312.1125449412289,169.8976384718326,298.2437506921756
2138.495168484867,-1802.3209562389336,92.69525012513569,308.6276361137914
1145.1506147278358,-2795.0792785045373,153.85486644105112,308.45052275017395
2421.7268636895024,-2559.7698231048917,187.36495131213593,299.8480684406318
1989.2572690020047,-1141.089584561157,113.45953806447761,317.92812449932444
2952.3958442997246,-2192.048310238085,257.21390727552244,306.0914776328319
1318.0939819783828,-1870.6119623194345,140.48821238603713,302.9548256168239
1765.7455639877464,-2261.2521676797505,66.18234884591467,312.8171032130716
1977.8734522363197,-1245.1241569801577,126.45914286265935,308.75652084466145
2204.147525301526,-1481.8489251430246,124.99476168377853,300.69436347956844
1884.3885715213373,-1869.797152749019,109.15327460405202,313.2664616248522
2432.1804666129287,-1254.193932545989,73.49893814063535,336.1762391555014
1306.975099385702,-1103.8546542230256,135.37527744771552,312.31797269284226
2138.724501234245,-2073.002057111432,235.92213769840632,317.38769720662435
1416.274420683441,-1083.0176303632688,99.51705213589393,295.1572559296739
2104.8011991423364,-1554.772960771235,199.23183821134086,321.7126005101139
2975.136406226651,-2743.30753649911,91.13093930538544,326.9249509676602
2592.4373614079127,-1549.3221507244868,115.95440516466905,334.0254563901405
2853.041572528554,-2874.909451337457,7.191047922199406,324.4829974354074
2131.70282839642,-2276.412309644468,224.82677765264071,333.63028154978326
2962.3257621821976,-2479.272912119387,51.276874019309915,320.71479855416607
1569.575438421252,-1565.173551333194,213.0828015325868,300.0542766426483
1481.322081508617,-1080.31935824339,30.25647428414628,313.28328191394013
1624.2278674340746,-1490.5981921231316,84.13462487634415,302.56919797208616
2185.2819139310586,-2975.855556751905,190.6291838292273,335.44497457570895
2652.220718072187,-2762.281782625726,137.21036627058518,308.0739633975588
1240.0784848837432,-2385.4437056180473,139.8414566001453,320.12462219231145
2524.373840740169,-2166.911955995841,254.2424424284339,301.77893122562733
2967.1466979273455,-1458.5918718091586,29.60782427093529,339.6966294954213
2306.311582433917,-1909.0267951503852,234.02220407938827,308.66116387601386
1174.14133037504,-2107.852022600355,141.46307111825698,336.372169362281
2444.300702121359,-2152.9930411109317,102.00410014121509,327.1315087064351
2813.6740026143398,-2411.3513270632693,-14.150249337320004,322.7887882126879
1778.1481150344057,-1531.9576328486676,6.405146003018142,338.0124332077466
1715.1455258587955,-1705.9874896776,-8.998348576704371,316.44843468841145
1116.8516769209668,-2463.784280405157,86.53881891689471,299.20457611944846
2150.17123989404,-2912.6277794848233,121.92306749274121,304.0256207659605
2524.569781317981,-1811.7163442783378,112.33575935014885,304.8565482103603
1424.2761127867539,-1563.105216725243,176.61291742510636,324.90367319969573
1562.3781539406405,-1153.7749432346743,42.71316487019647,298.70639689843586
2839.879127646001,-1656.7949537251495,107.36658445699295,327.13132371151266
2781.706688338143,-1786.8044616077566,247.2114833687994,319.7918534506724
1515.8829729303284,-2172.433860137616,175.0832724048679,320.8183682535746
1580.6689675706361,-1900.0839921106788,225.704948905261,335.40968065902547
2174.537141277945,-1168.3898508029495,83.13420824110052,301.2860119176974
2989.6725161520762,-2113.900887339354,242.13877002812637,295.6111864670476
2422.088936357388,-2644.0434357911768,227.37287249544815,316.7276497528585
2396.7459581006015,-2360.422065894359,41.86843725546058,301.6012082609597
1562.9060994561444,-2619.131378473686,7.761636789672352,338.0820749554987
2891.335249574078,-1650.1128958712754,86.19351251072868,302.90875453752096
2242.200624583919,-2907.717736068863,38.10997459575475,295.10105404989935
2077.943655162342,-1513.5649793736477,242.9128204650192,331.94393018032173
2965.1958109504267,-2617.5416524072516,218.18415698745392,335.15058912591473
1456.1418799399692,-1509.800889594014,142.3640882431644,313.2947490333557
2339.2275123780837,-1477.0775392366377,15.829335423397811,319.81386771223345
1423.0256653277415,-2755.66700486113,213.18236309590273,330.79146417176685
1369.7714938758531,-1662.5464400409192,242.96424770698002,319.4550901829081
2204.0449993016236,-1545.8277279189058,195.68841216979328,312.94498246799134
2707.10909732401,-1130.4819021050575,65.30169824201326,331.2437873633537
1358.3061277147917,-2089.0636701877074,104.94217133351785,298.3754938581537
1956.2470735569254,-2070.9285707715103,142.34263356449,314.86034358966083
2140.9322434323763,-1578.9782183814507,28.31027812582967,333.6569473345098
1305.4930347724942,-2857.916516639718,210.56039301143474,326.5839627147768
1447.260864749478,-1544.8379088840927,145.51632843675043,314.5372296530675
2062.751874502574,-1571.5230614270736,68.06853743890025,335.7526841692338
1866.6300162848036,-2415.1849332394463,-11.525198298687886,336.07756210172505
1230.5311163659703,-2653.6003470237883,132.07044226876278,316.448477474024
1383.013891265583,-2922.379455706059,50.21224800552751,316.3324099285525
2562.7084001442327,-2681.200780893087,162.15230538889514,330.44083901354816
1316.9420022442466,-1341.5053014556834,138.16190156373406,328.1763536229619
1348.1250641238523,-1555.2021273312776,153.28143821256978,300.6148310415487
2522.067559880138,-2042.313019456712,5.689630496450981,319.0756194883981
2275.410970864029,-2289.009806003403,95.26965155909795,317.88873075199166
2036.6265232753715,-2341.66501180904,236.71348744479957,322.4294273656421
1547.3551566091455,-1656.488319131049,104.16863846327142,310.69148298181716
1711.4063786265451,-2698.3321117716746,215.23408873821788,310.7925241406347
1676.7914809039576,-1790.8890480965606,41.388474815120716,338.05932994282716
2685.4552120299318,-2297.800924370975,166.66730155684303,306.01086846246375
2947.467799135701,-2674.7288700163176,79.5181446036844,339.0600461847169
1755.5882812955706,-1648.3451741485544,187.15272602025752,326.61983052062226
1310.0011685881627,-2806.2868745903975,197.8682951444066,321.1015968764128
1872.5826973119486,-1022.3202303662172,22.370774125155023,332.4626511963018
1879.2965998083541,-2238.883340712656,135.87540357099763,329.05366311470965
1403.624970433655,-2158.8106140368773,221.55005595940816,321.0434693840027
1036.5650562400094,-1722.4605934263284,238.3224770537587,311.6387592007833
1650.1802398888767,-2203.99032227046,21.4176905378624,306.86748690351817
1779.7085669890466,-1018.3673538211874,193.24977475680163,333.86634741386496
2303.622527660448,-2010.6580956583925,169.03047350488725,316.47852010483683
2067.882621480594,-1681.973906345928,45.98378609287184,314.3956118981583
1015.6721147475852,-2725.679641616918,35.22737828714378,317.0669532244775
1586.10770084428,-2410.5808613799,222.75306858009486,314.04724425617485
1045.850298779213,-1217.657787277109,30.33785631608272,336.65684770535296
1096.327848670009,-1325.6376487243404,109.4904546633409,306.6213093375678
2902.770255167803,-1043.7496401807532,75.11400684962459,333.30040528810576
1045.546580655662,-2299.9354291701848,132.28143901558224,319.3053455522152
1237.3495359207652,-2972.2631857212227,35.54094240652499,330.12984105866553
1376.9422065021206,-2814.6207657247915,29.150584929366907,310.8842613650517
2756.482594611114,-2214.0086639916167,210.19844129216457,305.5354301986466
1538.9661426950631,-1160.254467571667,144.64968406137012,335.72789587643433
2073.9514136825555,-2118.625660970705,84.11262074763013,318.8719898790231
2858.269079662665,-2736.077314578439,199.14054101170947,336.1041519703009
2780.559093017646,-2053.677778651195,237.77033918020663,299.4852232737216
1736.5818280929846,-2958.218319666538,61.96591378820982,325.65716921466037
1349.7839407834072,-1536.7342255281214,-11.022549748402286,316.4312984965652
2929.0491244838786,-2245.902227316712,108.86069053550568,315.18688343405864
1184.2875276160996,-2191.9256020913654,170.9187643496166,325.2781680263568
1362.8817662438564,-2940.748843890496,-11.781969256996186,328.9286591547278
1261.9488964455022,-1891.1226246583221,225.8458548729988,300.68825392230355
1199.417494288039,-1535.9963226123934,80.91280535566978,333.28090938575514
2633.3552333144817,-2445.1880222323043,228.15467513001346,323.9635919277459
1681.278342990565,-1309.2350163380097,36.56690713236819,334.9918288630886
1200.1887655060373,-1671.6668694280213,200.3484163458703,299.4967355706596
2448.044981035797,-2428.765714759834,241.26968992243604,338.4312868513408
1746.541338021546,-1081.6576225055703,251.70836847520627,300.862759972035
2578.7508431263004,-1524.4322256963512,193.0516886783962,317.672896473528
2685.744329476589,-2092.7177852450327,256.1840294611045,322.97718379933644
2016.7275327647383,-1622.933901837196,143.19172307642128,304.4807660076149
1873.8671815251732,-1125.067930397226,163.4545460865349,303.99335878330527
2939.311563922517,-2034.2116144842767,159.12497221704538,336.5163300847829
1712.3584585405952,-1870.9145850891202,-14.47650609632952,326.3432522143383
2021.185566877342,-2577.614127837286,251.4753556848608,297.55541632008965
1057.1060789769472,-2090.021603405591,59.65888688429534,319.1455214072871
2499.7445896245035,-1034.0407831071677,124.7175654867228,296.06596078577735
2656.5797710353363,-1356.2066980598672,255.8066272364847,301.00536599767963
1293.7236885297123,-1233.4967335934125,75.39357724752269,298.0255004326469
2776.586705686801,-2873.0373842489066,39.15618126423088,324.08584727905634
1289.3054423164835,-2032.7295506446294,143.73114777906514,301.08301256456195
2934.274313765416,-1841.750053820958,18.087909990223807,334.07040978352694
2806.2946652383816,-2408.2612783198724,17.237225540953602,308.86082248656754
1960.3274528047352,-1822.5803111975608,6.35828552982829,329.1918233574939
2958.789681187208,-1457.1805033570522,43.21568023154199,328.5242119635293
1616.594520635092,-1177.3690756395847,190.48319977491167,295.60849089437284
2306.8416777826333,-2771.972403350469,3.9509864849884977,320.3690862892199
2654.766962053948,-2245.097731905549,197.97489016120286,313.74931025287424
1304.8408309652957,-2309.2738552981,132.40202937673016,298.21506795332596
1224.8007494092292,-2364.380511047244,144.1964139546138,296.11836307172695
2637.460675403372,-1588.1274572800662,95.48920026628635,326.0423165208679
1036.2204856815868,-1951.4603568707412,197.58544470532016,327.002433877374
2676.3038920452072,-1459.520407598146,61.170400477559596,311.77860697616484
2121.785256836509,-2315.568104368493,88.94276550709361,320.519235362263
1656.3738597872125,-1632.826431600288,241.50400950251702,324.5824575626407
1022.6942069736789,-1565.8536701156079,11.04290700497328,336.7189973670314
2899.5177085781506,-1961.3069799382122,198.02344397624807,338.60310286098934
2274.9144952476154,-1978.6430009091578,224.5443580681986,314.94854479614287
2977.488238453939,-1370.5786210644183,71.14362598179669,326.7637275687008
1650.504819724243,-2641.1591940888757,10.408260154448513,334.1314931693806
2920.0504714426374,-1848.8425082214906,28.380969434061313,337.93096701368466
2964.3223034436674,-1825.04803651795,128.65914317319132,311.56428467124755
1568.0392973523751,-1903.279076014346,124.30889536990162,328.83934136287655
2786.4778709151096,-1340.9132188566016,81.60853432714914,322.2659970415703
1524.5243929067105,-1819.8475257436162,128.53070176235218,295.88684891700257
2136.218497713965,-1237.1304429350605,62.17085024171807,310.8314250389415
2611.0030194569626,-1777.4817545387184,161.01005108989278,331.51336052051727
1099.348890628533,-2336.6477612173703,7.985073806762088,309.948210634395
1576.8688520822038,-1972.639462536366,30.980915535949087,315.96360659697996
2832.2538044528624,-2967.2026565348883,168.84326175192788,299.2069687652893
2583.836118571667,-1082.9321196935543,56.63814879112307,315.53435024330395
1909.5147813203357,-1242.7937518211268,168.61780959582862,323.25638737129947
1686.3111460033253,-2771.574771496377,11.030541075990644,331.284465029098
2217.9059583141475,-2076.3684662458063,5.793141818642081,317.5010721722059
2035.069693666478,-2337.2610156801093,54.84392367239862,338.21301409207535
1397.8077782630758,-2219.2199791941666,155.91523813440983,304.27085816252367
1345.1796953438275,-1990.7080778303953,62.78849934227574,316.4379423280424
1285.30837988854,-1746.1064484589044,239.45355073459007,339.2922784186381
2338.768058161707,-2279.976273976914,60.397655421908,305.61198787540985
1662.6121290029707,-2255.517238841212,97.32774690001169,321.6549560678553
2307.272264500046,-2213.789606643549,225.46246663008966,316.0301876448335
1929.9646947871543,-2872.804235561931,108.81408078470251,323.5983947705988
2291.0609916426392,-1322.5402688235663,168.65020193330454,328.99519214600116
2531.94322819592,-1995.3112901291233,108.3703336953547,329.6705831562509
1033.9132346256572,-2810.723411341239,145.90778694213225,312.7979258372111
2993.192139327317,-2874.2012992612163,196.7255198223629,321.5862959788259
1512.2960606485162,-2649.3899026187305,120.59028024905231,304.91348821706697
1015.8308883900997,-2216.3865954629664,250.07945250224992,304.77351320955194
1375.2483555840042,-1824.497123120804,16.240003984207252,335.00559117133514
1128.4604251171259,-2928.565733476261,209.14768619633918,337.0459965742409
2679.3459494463423,-1599.2343699759683,147.63851925702835,315.7296365486541
2813.596976908172,-2737.191179941081,210.94873936646457,311.1041987768599
2820.2241144576788,-2032.9234896124246,20.422452216333866,330.14163412475557
1442.295830804608,-2684.6107406907217,172.34661265284228,298.127493042889
1381.9092965365287,-2144.6385090919866,117.09514960094222,300.2983800486178
2765.924301097994,-1694.9057420737931,-5.619927748291218,322.4780022888702
1373.9379718152345,-2656.3644431144594,212.05586436430883,297.0110635257983
1728.566734138626,-1300.0568492742493,243.12600148729064,333.78474940480294
2557.4146069804524,-2702.5196027071042,113.03786973527141,332.2691220006594
1547.1996183652188,-1724.7929591144236,44.27253384606217,302.2149487469881
2022.0570034067532,-2726.3851572939575,238.74749385710754,309.51746196238776
2860.240428315252,-2913.6086726511257,226.04889480682917,303.97677940619633
1331.4803622150566,-1579.291200248351,72.44338194805816,330.4636452383815
2809.43445269508,-1005.1791120690268,59.06747676163974,320.31032684285975
1427.2049818843618,-1063.9260619525003,236.34708536186957,324.3205105275029
1863.5237934152424,-1347.0707973247106,104.26527105643112,326.3959507330862
1962.6211642556543,-1192.2358589884793,237.89505708619365,320.5659444198432
2046.9295418786896,-1030.7278650419885,-0.6088082953491263,299.35119379887215
2532.9204051589904,-1386.6486989641085,-0.5951385412794856,299.02955504949506
1613.067835373448,-2402.2267294647695,187.57506901195464,333.1260951865412
1892.2308651691874,-2087.281471498067,149.77344784207452,307.38355301735453
1268.3216781925855,-1876.5507963612151,96.64605683064809,334.4097672985771
1298.938056049617,-1272.584951474866,214.8928990610679,301.792643942868
2341.371263390547,-1800.3068285119498,120.85488111830412,299.92512086834887
1672.529947605774,-2600.734294768902,81.06983990032029,339.2162317081247
1389.9461331064613,-1916.3821551023289,147.64226568926054,337.6804104399094
1454.0341220557436,-2974.7887565354704,107.79894165351594,339.5015162443889
2701.918193936432,-2615.8732469462398,177.11868256763765,309.8759995466612
2078.1315917208226,-2936.6701237414622,19.880457689586926,338.90890112927303
2363.45616903439,-1568.8607041503085,161.67386857525943,322.3141565243741
1630.3986715885728,-1213.795965298622,80.61378739129302,298.93676171041994
1884.4903218583254,-2032.9260461995034,1.8399592559894273,305.62705677896247
2554.6491938884483,-2374.0299235448697,34.52663490272867,320.0156623665912
1354.0427578588046,-2573.4625661548075,144.99067473092762,335.5912335696551
1859.078951483626,-2083.3981326232765,17.340100874217562,305.91987096540583
2289.712273699631,-2004.8815064745263,237.36190625905502,322.06157160814126
1950.1311710963573,-2829.511696669953,251.9013017397254,304.5457922499171
1098.4846085277736,-1149.059913304834,127.47133225794832,336.0930506554901
2922.82993381747,-2644.1942214196088,51.41667296154583,335.54900781442154
2069.12634208887,-2317.8632788746445,246.04528185932054,318.7722268310809
1675.2471062557543,-1714.4249696048187,201.03883621028083,314.0201512689765
1929.9841682615395,-1205.5113135297863,233.8960101878454,314.48376590124496
2713.0183080151874,-2421.841052445135,197.90541319629787,303.4401348723092
1445.584717275749,-2240.3287514679396,248.79271373533902,299.4912223184071
1106.5580602730963,-2102.8958473931734,16.493285970821354,299.7991755454332
1105.3121810960179,-1732.2352938981176,146.74900819001564,315.54650606867307
1170.6582236495806,-2530.169624322444,228.75631404105775,308.3461015186201
1187.5787092795558,-1464.7930527188541,67.49833324038053,335.28276396393835
1154.1309609484385,-2259.3376032167907,-5.094621108982329,315.6728031617285
1129.0263593421666,-2910.5696559260305,34.27042566123875,311.0382205975154
2316.5095795954803,-1730.226800321139,217.35649296751947,329.0394723311268
1000.1749018841953,-1714.9563751748499,6.773266821042842,330.7761937762863
2251.7125493653375,-1265.0877668725284,244.35594922877675,333.20655290124245
1892.2310667375916,-2824.846172909496,67.26745441298272,298.356887299895
1454.9264571805375,-2272.3275988656756,-4.5386575260591755,335.654204113857
1928.2456533427744,-1268.8265892967736,139.5205149985835,323.9448736153016
1869.876578101665,-2476.207675725598,69.78647015281511,314.3019642492726
2145.4211879078894,-1373.684577503689,209.11739013367674,302.6757661233847
2894.197238173275,-1236.4861714868723,90.33618582153579,304.59452589380686
2375.275586433703,-1797.773938044862,237.115818006469,297.67624876566003
1241.7208851897085,-1943.5362403878219,243.66738796946527,323.1464026541133
1194.337084638328,-2440.07757455139,5.408776785793997,322.8794655925261
2398.7181827783097,-1954.8372152854556,239.90155335934514,314.9787530036891
2682.024957601461,-2959.866843819267,25.066774685931094,329.2310832743285
1528.2427564848645,-1264.1140049552037,189.86461532708012,322.1380128835451
2191.591398806442,-1225.3615636890324,240.93809856265943,330.307526709964
2458.7552949952897,-1425.9105472666074,210.87176716476915,339.98886384404005
2068.6376204356357,-2842.2637409643667,131.98809671688636,310.60480657733586
1686.1332571746357,-2110.2023292371773,57.91501794242738,315.0468562193291
1961.3775762364899,-2928.4778456686267,96.52720722500668,313.2732725878443
2872.960595512566,-2378.3963011981878,215.23961361859833,328.01974635612294
2845.1559967325193,-2883.497721674584,200.35288892115594,313.40032482118534
2230.4707492794914,-1821.404625240124,46.199552098601664,321.0023664865721
1413.4580729788472,-2580.753624535768,177.59624832486224,336.75223415155324
1069.5571946932007,-1108.3520831858993,258.3907439622967,334.21777660931184
2893.29786479064,-1783.7215240303867,259.95749810427515,338.2156344207
1970.408392501055,-2646.2551171167247,237.6478770725219,327.7080542842917
1957.8727791602998,-2425.9569286089954,87.53390821907661,303.017507737316
1694.3548571597164,-2343.858924227455,62.61377292301147,309.3082337967493
2777.7045026537894,-2861.182542482333,95.37549192485127,317.8023647319952
2457.439423062288,-1538.9196744710675,22.789536142386254,303.53425822606147
2349.9941167021525,-1330.8511283978542,189.38879779306816,308.23560814584243
1183.6997936374637,-1532.7293601696736,135.89848522533993,296.3153785126573
1015.0993956929859,-2227.1529865129114,120.8817449637989,309.86519286551965
2677.520430149647,-2839.8736222017214,198.91486795582716,315.71924251006766
1772.9249422962341,-1137.8928289017717,24.011489856801298,310.07828913267804
2165.985322080478,-2199.623092541257,-10.958015701401228,321.35762013344834
2347.4077778938604,-1197.1055651207066,140.21407145129012,320.4572605960169
1759.2746251943236,-2082.376032381898,180.378951205471,322.5229218225395
2605.0200016870976,-1218.0637334077585,105.59318756873297,298.5371298914026
2204.546846055278,-2405.1903829985126,172.79702229561207,320.7329131684506
2415.9220955384867,-1730.9610729339258,136.13286973817313,308.91184985275305
1638.7416069321384,-2749.1564127314496,116.5381855894527,313.0900780154219
1269.2263824945053,-2888.639584654432,233.80678509835428,320.09494720334243
1672.6869298284612,-1567.30738405072,62.75000199762863,335.803786667853
2976.444423717712,-1444.213919056546,-11.637122575624232,313.339471269229
2001.1997308614298,-2342.472892051796,147.7051474867626,311.94952630976957
2603.7989311903184,-2042.144116729402,154.50515671018974,303.91388388768723
1423.9353951114954,-2919.7322799260774,257.3941078128163,335.97297612921153
1608.0680183824627,-1197.2986889606038,166.47428158024985,299.07708848070376
1961.0102528619086,-2707.5202469040705,184.22242895853316,328.2374468653452
2046.941173434277,-1292.047826841342,241.56095299847777,300.7214441761232
1283.7739909191064,-1390.8414358859898,98.18672745896515,310.600278797651
2057.099118505629,-1088.2489120569626,205.15290774485334,306.57814867754735
2741.6842851980546,-2347.357968688732,176.98589254922706,339.64933712947396
1215.2624871605087,-1897.0145906534592,222.09164664002748,316.3267127135382
1279.6610605376318,-2930.8593407303574,180.88985484103557,315.0183842721733
1259.263668854476,-1976.9588930759674,236.72716784635787,296.9669215084444
1514.5563697852776,-2716.6286730535153,51.55096846033253,337.389646359034
2855.6579013067476,-2382.3795472626016,118.88139421895733,318.2670242260368
1257.1479375936212,-2838.3004972178032,244.80807346686004,339.57024237282957
2513.658856701934,-2441.679180941214,78.2120463299573,313.3572996510212
1876.3263598661624,-1247.4861845671928,245.1479444804379,295.42237505865546
1599.0606163355583,-2285.7598457890435,-10.999345168390597,331.7302646043659
2058.0217487961922,-2545.94363788312,56.31710744499776,304.3630313740594
2686.298441514023,-2875.2141382220298,241.76574907124012,330.44793434528555
2036.2080512422976,-1619.5977779428072,22.446898144530707,330.78598651002494
2756.0848556124674,-2729.1186435950053,16.94250783259135,299.8254621079413
2112.338909873816,-2605.7819677560096,215.0691322567429,312.6743700548954
1421.8999792929815,-1885.910237817296,259.5713272822212,299.6461466872125
2958.725991016248,-1958.896489038539,28.767043609000993,300.6437441312639
2543.383738226835,-2514.122251059457,55.94242162131191,330.6347772665475
2397.4976095568327,-2211.4453683218208,259.98689592479315,332.2778282844146
2138.2067928132783,-1040.2330831144104,192.39016009671505,319.1486800509815
2761.311896374087,-1477.5612574452043,-4.993090547497214,338.0916839687409
1064.3036407906018,-2551.0322708686376,149.490648493707,330.7095422146965
2507.9549917438244,-2818.8904914290233,-12.469903199483895,324.6918177662714
2535.0521036869736,-1430.8533307389582,14.45687503455223,308.7268289639887
1992.6710046548978,-1917.1182056183072,70.61220553788384,328.59457357447957
2804.2632818486054,-2045.9375519677906,30.711504189492835,330.8252060326989
2857.838906048578,-1609.5864532903402,226.34574025779565,307.16532877326404
2972.029172475867,-1918.909640453337,-13.999123754133475,300.30731284831853
1398.500070589828,-2762.254230571638,207.2850989576137,325.73248311256503
2025.6595945133315,-2698.2482232958037,253.0112831970124,296.4894875909463
2241.1301806258207,-2160.382762756914,155.79902578255513,302.663552557939
1105.509226743402,-2336.819540300068,204.59286419581284,337.4905124747426
2473.387028815164,-1969.89570963341,118.24622186710772,303.4376227295328
2277.9301458946084,-2861.8400989682063,223.39366240472066,337.65599566883964
2253.837477636257,-1411.6136026366976,139.04683091327274,308.19747092584294
2627.484459777355,-1491.547543012646,149.3748289189908,304.36153806622235
1993.6785388730145,-2642.0120881685552,115.00079661732508,295.9276707006116
2479.0991325563737,-2489.0574753120345,-6.602563355764911,336.6852051246069
2444.406665627892,-1730.9192464613045,43.044582955073395,330.43289794014663
2325.186440976386,-1317.9661660618399,165.701885423874,324.94937143460896
2789.1118878924126,-1477.796948307838,219.095354402188,302.9926112260487
1937.2186470724964,-1417.0372575567114,183.74558317642908,334.836814102436
2473.7102586370434,-2115.3830008524105,257.6869698349803,338.42812063416187
1755.5601826415686,-1575.519186623273,120.9800649441953,303.4990277745662
2240.808636626366,-2176.126016028032,127.87265693514021,303.4084198061784
2488.1867128008407,-2243.7866333101415,72.63368329644979,313.2245010881113
2514.854165049416,-1397.577902476491,1.7863619839793188,336.5797373932454
1174.154924508199,-2519.7829190115403,99.11475216743398,296.06311521762865
1849.4088293858606,-1017.3064239316891,234.3498194120498,335.5861235338832
1526.4933415144023,-2139.928047636529,179.64527801777658,301.33800895954306
2520.805952350591,-2448.8143272990974,135.45087064969638,327.76094580270865
2202.1574120433497,-1086.4270907680586,3.426841404705481,324.881031401445
2186.237757549219,-2510.5981710462434,192.81625185794246,298.8400392990934
1900.5571111161532,-1738.057820441964,232.3338884031681,303.70323159148097
2850.975705596101,-1623.485379550461,6.399370460875701,300.17753640437155
1531.2172614800515,-1446.2114996455025,17.45377586446132,308.26212276912133
2605.4643613747107,-2857.0631219400834,247.511038446184,305.9326820452705
1293.8790419064685,-1423.9871914310133,244.13102010588398,312.4576123794046
2645.601112520524,-1427.6311748053424,175.63667025932773,326.61641133190176
2220.698914603818,-1980.2381798219085,58.82003623866784,302.122426269897
1761.3094433280803,-1497.6419107154704,193.18298458460322,333.88784011040656
1137.8051892298222,-2380.8622728905766,-12.44782684048759,302.549242136322
1479.1362915051197,-2302.835252425979,50.27023774302772,338.00843573706544
1179.9900517494914,-2071.609042094544,235.42624690459294,298.4240593084264
2236.0192776630784,-1800.2684269447739,115.28840826825964,316.4005855916558
1455.7001654369976,-1955.297556496606,131.17360648554086,311.0051559018567
2304.2122838181604,-1623.5862732572036,55.13704661910835,303.4056187230954
2904.366049470769,-2349.350739904027,154.35247808447838,304.8724767830275
1554.1374933599877,-2479.442441853734,118.54616669895202,312.96309579383075
2232.023146067323,-2267.061337103039,119.22051460794665,333.8745590388849
1508.0232076974637,-1701.3183025017183,128.3010276668656,297.65753810168616
1133.436580335062,-2148.1725959875766,168.95317294273207,302.11753710399813
1170.6217021546618,-2236.9066649572296,122.4353924427183,313.51769021894745
2844.797950561505,-1664.1187321284115,77.95445196295256,327.32524067229275
1145.980550497528,-2284.921453015254,238.22921163695153,316.33095068643007
1206.0115344639228,-2595.242813089543,118.1664973467752,297.3052932793675
1195.7637812177434,-1949.8777445069936,219.50485705370176,317.5131685982398
2783.232048676564,-1709.482460479185,-9.584684986836475,335.3198471582824
2301.7059122771843,-2784.5811039770874,159.69583338760262,307.6148314911005
2904.2027208433437,-2693.8446958176646,66.63028207931664,338.5795625554058
1699.6451861800451,-2902.377867659049,96.96161475730193,313.938745902778
2578.3237486084117,-2354.3679528813414,43.40350339919533,306.9426865203938
1794.2508328470421,-1945.5441094484092,186.36692836449808,332.40434892297384
1090.908207393661,-1014.2463435083105,68.92690658858459,312.73719219808225
1029.8756725232372,-2365.339458168018,142.26638788462753,324.7472888272171
2555.1151275722555,-1540.676427877347,130.42103484859334,333.97901831880904
1538.0616025694899,-2100.3824899757183,216.23230219208733,332.9381780768733
1955.9283764165475,-1413.701993433629,182.19931566781568,323.6252579215224
1537.2243087205086,-2010.8439638335967,238.04480177982097,320.53401514566673
1020.9938028303658,-2811.6859435335314,44.429333815829835,337.7811630696119
2252.6010298283863,-1878.498368274108,136.792463063809,326.7404218037677
2334.7735442743847,-2831.5697062092518,231.8262693415507,304.47554081814656
1684.4606609916782,-2477.4281035189188,78.8669025079679,324.77278334039545
2499.826342744027,-1642.2101604891939,47.78269036026379,302.08657101187293
1712.960934258238,-2216.7462984537283,255.75784292561627,305.28444532557876
1636.0473376572593,-1901.0511656589897,-0.7485624873313181,333.306566985949
2298.7682373958232,-2431.2341075353415,232.0535752626896,324.09977444641953
1072.3472497033638,-1568.49551594459,33.1164547759511,306.92213904336325
2645.379375964704,-2096.5344970654455,253.63974495097347,339.2737199420233
1501.5357614270101,-1524.2155725656617,9.569448515638012,301.3759587963203
1773.5374216026635,-1295.4024951194053,5.386827567501026,302.1390878799776
2722.8645199216735,-2253.1788258465817,24.298299590727133,337.3943757007804
2986.589920879268,-1635.860200061563,98.21834061211533,317.5243993477501
2848.6940508216817,-2807.003494881585,79.20038344603127,328.8185076993172
2217.181432118977,-2013.3643259246855,199.09383214581993,318.69019948252594
2986.6654102602847,-1872.710513384301,252.08481718567975,302.1043697517838
2053.2182586393683,-2718.120067940828,171.69758358863956,337.8328479499321
2886.1413744938213,-1245.21240136756,137.04583910436506,296.5306837961199
1678.297384328135,-1855.4034984945924,247.65552747090715,328.87119050874793
2723.1189248814208,-1936.0746259948291,148.32222540075435,336.27917210428575
1721.5500968559327,-2358.138722168387,237.0560112938071,326.46211940836224
1371.5959241591545,-2350.6851621587757,128.21527683538264,313.56933268542616
2950.6806599356228,-2132.0177124969996,169.56685159514845,335.0965982942093
1212.8322630750627,-2677.728319823074,160.82286189338296,318.27890294653486
1027.5179762433504,-2838.198585362875,181.29356541085744,306.99933801199336
2243.880816526242,-1485.5214519109663,220.06931000006657,334.1477762577359
2661.558815878241,-2820.0659788474823,26.22052527072497,296.49301775289155
2769.4933225072496,-1930.44577263905,92.30439802783133,301.2591580559015
2010.8001724494948,-1097.476975925391,29.5072850292361,326.793341726275
1265.410333500592,-1249.329080153248,-8.818782185084835,320.7396630164533
2149.256533180409,-1338.5504256965887,183.19050411262043,295.8587059574035
2250.0957391364045,-2793.7886876347034,124.76318030854304,312.37391997313614
2268.327630127231,-1013.4360293773145,196.48669741221946,320.24868338539727
1904.1124290654714,-2149.465340306017,18.528436568851617,300.8539962553623
2585.594140554842,-1499.2293501012723,112.65456800194387,302.89984742834065
1199.645444401834,-1192.04858617378,183.2446962812523,303.5430344459737
2342.4619794518976,-1865.6770073910936,112.46322186610571,321.4527335040488
1465.4984300660399,-2578.167180985557,109.40551962666925,302.90393279316186
2425.766013538636,-2707.9181382698457,77.60510752895289,299.7550017586632
1239.1817670364985,-2102.071182833316,16.51727348388492,313.16957141682644
1679.0063144212795,-2423.6470737528275,121.07344358830272,324.3823394132953
2190.9981355831987,-2324.7829138409356,36.991231377439206,306.2284023065723
2196.1148127026504,-2609.7583556904497,214.99231513703202,303.8424323796235
1896.7288144488393,-2398.2099837435853,97.62589350955155,317.4291621692652
1825.4972244097855,-1844.1380233456498,143.0925718358613,304.0169174876528
2989.8213775070835,-2766.529563718133,64.22876129940835,320.0819633566963
2985.2861198533974,-2134.273457573242,126.86755349417933,310.44500426440936
1728.9208048427317,-1820.1096651580408,37.42147779137274,314.11971858796943
1279.6937386527786,-1770.142294466036,4.447644330722223,332.0805711232237
1045.2341794463916,-1220.1174107911822,26.785576190053533,325.5716776197892
1080.181623113425,-1252.4115210506516,86.9225499283794,331.8443166110494
1936.828827253883,-1461.1948665151801,121.38904601987562,326.7341109606419
2144.131891648869,-2104.590562521553,222.48948497655383,319.74567649376434
2455.011281091934,-2905.0707270039898,81.8542727053139,300.78764035028127
2686.3549931924617,-2356.9229910955996,12.166582500613202,297.37571287600764
1188.8313607147165,-1167.4268091737404,200.96146089659072,308.44570507914113
2484.651178519508,-2714.6417189075537,214.01117641038203,308.27595450943693
1263.0482534011362,-2957.482142589739,78.98571337741727,306.9094091235826
1599.3338386561861,-1370.3400960252052,246.6424344398253,301.2443623754194
2852.3478280652203,-1175.2765611904363,242.18651591174995,328.8980443471265
2580.859885137432,-1905.7638252244203,48.66316206918591,333.79953860534
1494.7488597121217,-2724.152472210528,214.22098115593522,331.9553839006186
2843.6970607466847,-2583.866754198931,193.60272008659823,338.2012536726686
1370.4896740698857,-1639.384094109354,161.73169813779694,310.0655034984828
2323.091230685432,-2940.0221189417935,223.260392180557,332.12090972103846
1666.250950003483,-1806.0447081771385,124.82210847668944,325.71317124463263
2466.639347112562,-2611.4249215266727,237.91830204933277,334.78274408835773
2231.712640521344,-1609.161010841161,141.6528062374768,311.1227226652782
1725.7009445027766,-1712.0719280291544,126.21474226252207,330.8938578291162
1029.2999232024108,-1217.7787167734898,145.8087681720949,324.76559404986807
2841.337969356797,-2025.6953943510007,0.49639713772201155,335.36479813754477
2264.157676743417,-1953.4347721737681,45.4518260178316,329.3069035322641
1453.7386630488543,-2834.0880552073986,-13.543216353510408,337.0243914143694
1460.7997961463846,-1020.7608254361953,133.95305799672207,315.7868499884454
1176.9838031637937,-2306.677003024146,63.96809907819416,307.2997731956862
1307.5987138145692,-2993.8455790111148,61.912632758715276,308.8727914482004
2453.715839958494,-1735.8074665584381,131.33903319216745,329.01645463492304
2878.8714850423858,-2076.847373866855,113.06612663181039,335.4975778067288
1386.2395358271592,-1177.8400653876524,14.875283414628928,316.6017465870498
2354.8674970452093,-2688.541167987817,-13.864433701001609,335.26594624370773
1827.1581445204615,-1165.9972537755416,253.24613002722515,316.95977176910714
2209.9557381735412,-1765.5457543419238,208.65201230803274,339.04293616775317
1230.6523695979417,-2059.3287922231084,225.1058285730205,308.77351579531484
2788.56003386488,-2566.2159183112904,74.13787437465592,313.619150147866
1740.805988647869,-2390.7722795094073,159.09825104176448,314.66274611554314
1077.1922382967637,-2257.3785732965157,222.6018344946502,309.7154980084643
1545.798362091647,-2575.666950546484,130.35237753987423,332.2960208949882
2411.612940890158,-2538.687410555594,50.51166441344242,295.30007574943863
1864.421230480184,-2395.1778908388,-4.668466781005884,312.20610360295217
2762.9709637901906,-2208.45256754212,35.78949814173226,300.651068162913
1214.7909142431415,-2082.0065214241245,28.860158579261153,303.58811706429685
1795.3939889493672,-1273.3853459942973,56.00695121541952,319.6339196640287
1109.861827953563,-2771.7712578011274,147.15689526470592,315.93802046556556
2331.5880828600207,-1344.6339464640516,122.09082475774761,325.7119727309938
1251.2716939138472,-1886.9730893415126,14.05831571520396,326.5839212734284
1772.5921929146468,-1769.056083707803,11.380503467987225,327.6161224032042
1523.387065846267,-2355.460184009612,234.74183390194716,301.7831922185504
1084.693830938117,-2934.660615158385,228.61702770320844,321.1319235386551
1777.9757878964733,-1142.3742080882791,210.54589172346525,325.72602770238393
1099.0371711379094,-2447.566403046997,239.52219252338006,306.50053322967557
2755.3946348429545,-2277.418901971845,190.66219404015555,296.6965255259253
1500.4168709536716,-2195.5184747144845,171.55193535960092,316.7957934588403
2819.7184943690713,-1055.7109584239636,-2.938102629504044,324.0692464654785
1959.732115503403,-2220.9669532222056,249.83053587239516,300.2415182464507
1376.649756674994,-1283.2856115922527,6.2670489424235605,296.10864579765627
2455.4596235373756,-1840.4963737018597,161.0524174875569,328.7814804859655
1361.9900356623393,-1659.2897879990992,86.6232680074995,337.4242742354058
1366.8724142376955,-1734.157942429413,235.4741209439882,328.7316394294453
1491.1386067408175,-1133.3186238357973,174.12308365741643,334.77244385665534
1742.4173718546772,-1459.5489409854108,151.10605497960074,315.5304619873323
2708.4188471038306,-1513.2845803766154,78.93134919449606,328.55020373272305
1651.6672041839402,-2538.0025144997935,121.36649075788179,326.9903004504552
1159.5639903119888,-2177.2578315762617,239.7086177605415,317.4693981715891
2189.0525033891918,-1030.440378024408,199.62682134662148,336.4769164730915
1891.0479584790678,-2156.374009532084,113.88680600868656,313.7215721664742
1369.0451823533613,-1769.4888360533234,14.242098089177965,338.5997546222602
2094.4648503189237,-1740.4003458186846,148.2455443199091,299.5791169246251
2454.9266278946825,-2543.25242601649,159.24884247634552,321.09786754709364
1931.6715402261711,-2620.192123895389,49.88199344067769,335.36067371203575
1833.559812948566,-2624.3191407392287,116.51107243822639,304.3700537740614
1842.1230320679483,-1794.3757895367692,166.00147020008268,300.31948171921744
1106.1879157194041,-2648.2622436065276,182.58550295874244,315.57475099112014
1181.217432013578,-1583.425651682886,-1.1993867939339573,332.133544066584
2945.2333941170436,-2801.4829683028584,215.16312947911786,308.29408341342537
1877.1909840029855,-1570.016526256385,144.9549618587134,315.27921452500414
2186.4070382210375,-1208.7867674776562,149.5365647831242,319.77107260738046
2237.5951803463267,-2877.2977715588263,62.31953659358568,333.29559081434155
1539.4805271347755,-1741.0163452333663,183.33603258549283,306.3057568801193
2305.7653377495844,-2994.826042948539,200.28211957897042,299.3481718206817
2288.0704832191254,-2142.6814694133436,130.8819099532965,321.16011103655615
1141.1387423551676,-2764.9867474886732,39.72984546377084,337.9303385006113
1814.7935803030662,-2331.1231386775326,-14.071008044538303,333.9665230299409
1541.4910111164236,-1149.7804939217037,212.41997158872283,339.6498818774492
2546.2908421367456,-2975.053307844706,53.65815960223472,336.849421311526
2966.536599991746,-2427.6240628470323,53.64795021667432,329.2592405728985
1912.4416757455706,-1136.6919535432542,111.62501705035484,321.06377271396184
1204.5694125551213,-2271.418315957632,145.33985938300418,333.2736559629487
2869.4209540164115,-2289.322207529262,109.09493381076894,334.2728299067293
1796.186769765683,-1664.6515276299199,147.13185457929563,320.7499626207917
2270.2373013699344,-1701.7625219353338,88.25344631500126,330.7075076160721
2882.2111600361923,-2492.5850637273647,11.754627869952511,327.76842977831353
1137.3247815073669,-2573.95939920356,69.22028126070495,336.37304105122837
1756.6531408994517,-1502.6961868950145,66.32613389853428,318.1369520971456
2554.37373652335,-2241.380113757678,87.11366980820864,334.3260568138767
1490.7986216399413,-2709.545638303615,98.73603980050954,301.9849490120703
1724.6958673293084,-2607.3028399443187,157.34081910469845,305.65549174300565
1703.9340707468223,-2806.9974358344357,213.91754498821277,299.0664095762881
1315.391242028013,-1234.797149533169,258.47480574110523,321.1987497684405
2385.652839132692,-2361.7722286430685,116.1272975200626,320.9862002914349
1938.6821672459546,-2618.8514660454534,59.982009726663435,317.1658687078715
2644.85592269299,-1663.4151976878256,235.61958329190924,321.8384347068735
1480.9791331395713,-1468.6631571755272,-10.67455014952629,306.5749472223984
2774.4571222064405,-1574.517900776757,167.04633255253364,314.3284793892554
2301.441363995719,-2452.113932537435,184.84552950734536,338.80532578192486
2258.6330674322303,-1972.3250805764062,194.7247926308446,332.5902659149628
2262.577865193929,-2950.6050267421792,-7.931434849299189,318.464874032011
2284.620865753215,-1995.6428096188124,8.272221236116565,309.188536038267
1683.995726630561,-2269.3328630083815,111.41427000732388,298.821521915699
2097.669190813577,-2780.695384532778,135.45546458513897,313.6598653537784
2626.6179496506875,-2284.7985543198088,211.09530981012696,302.8716183440772
1164.7656888625684,-1474.5548082192308,158.32445105836868,333.14737338707295
2648.1512029211053,-1774.1807828048456,123.70366075394463,332.10294544689657
1761.7675451218556,-2866.0688368865053,50.17078916647519,317.25570994195846
2335.476280683799,-2720.510737135162,116.14208960083147,304.43990195363034
2146.0942770678275,-2755.7998356290905,236.44500311094703,319.12520001414913
1983.5035003568576,-2266.3632590757607,64.1734896905098,311.9064677385198
2168.8906952380194,-1037.3087832916774,240.95277772618175,334.08781309502746
2787.4965207948435,-1275.3473558145074,79.54673367049972,311.9509887434984
2333.433351726201,-2635.749357683343,224.89585040176297,336.23239780426104
2052.6593941070114,-1873.375211922171,123.22432124540103,332.6531136462412
2723.323234828513,-1250.3541709038507,62.80951207579062,333.4360301176422
2088.2464758604865,-1407.2776696107169,81.98033410190968,298.91782966165897
2306.8125508146773,-2257.7906451074746,239.40820394720802,297.44254634860613
2945.555291783994,-2461.1123421148277,251.62433729733044,333.3833359217298
2896.645063901795,-2857.110949464022,245.3592309545383,334.55542148274674
2030.7287544738529,-2415.0546665882675,228.97390139358325,295.1257122268545
1078.5407359246146,-2732.491751371485,4.060533145981665,315.58631435692433
2923.34252539036,-2426.4532198108745,191.66670854145187,316.1011124840911
1737.9072736024123,-2703.6402674134965,241.81466001778233,320.2857111389996
1401.7115526678283,-2359.0850151622776,242.71860159572066,339.7573845156948
1101.0462074955672,-1918.3851884633154,81.87243111261819,326.92466397783426
1415.0951583159233,-2375.823647296301,228.75892970897866,299.24240671940373
2631.7670090650945,-2058.1995078363616,6.1330861931261325,296.84022460319824
2304.6698411951793,-2810.7706325035047,152.08697380079025,327.90895658623896
1502.152317120385,-2150.638673993638,177.5561833498842,333.51446002170485
2444.352973216285,-2446.952464465364,115.85726368731963,314.05061011399516
2799.295023459985,-2297.5818044345133,41.18373975506971,300.17364470777403
2303.3905553609093,-1384.23681859338,81.17827144734838,314.7066476002807
2926.7963710640006,-1887.2021508817627,107.67636201496246,298.69210354103393
1960.7227855297988,-2175.4845936220936,121.11070853710706,299.17487358751174
2778.058427442784,-2538.8999236187597,94.97040643422659,315.69951123471026
1156.5645054568477,-2109.682338430507,230.2323925129954,337.3758435220544
1384.1433278053437,-2764.5799612614733,219.0154941880452,335.0124687666507
2111.9208024942827,-2656.5021510066067,47.725737218221475,308.7414176658007
1177.5181698710055,-1396.0700831056356,44.09001226501303,320.8115436093674
2748.2787039876603,-2297.119737497406,0.026453757550193302,330.5357565340117
1936.2526876952934,-2339.1960892796346,139.8009684318602,339.0167187624723
1762.5121038445718,-1132.9619031701009,44.11806526036115,332.70073890446366
2189.2670453914734,-1755.1415288667872,175.98381489891463,318.84793566393506
2831.68170016526,-1810.0208444606956,38.40962644966664,316.9823582794127
1493.6849638527735,-2881.7867320463574,152.019518705677,335.85927536145834
1300.4127773025039,-2021.0340886819927,4.057411378969142,311.4727893529392
2978.548082049673,-1424.3034096119786,16.068263572318003,311.1975721927332
2338.636659502751,-1115.0602868060585,153.33227020630179,324.494150658291
2008.0399262479832,-1088.6241316150813,184.10782804207722,322.65971902450997
1757.0333232365385,-2225.7499622818304,84.79956561843396,335.7232427451993
1299.5080553902683,-1986.3499149391148,228.95888697387096,337.9011777472276
1404.3656267850515,-2448.3661580437056,227.72036906604504,311.6593967772478
1882.2112292960076,-2129.2465726973364,177.00636557725778,303.49912278083957
1390.7331108035382,-2364.88469123212,-10.423119581836541,311.4452512508379
1189.259783731209,-2962.596050767552,165.3293415697852,336.1573707645063
1231.1365204102997,-1482.8818461173228,6.651068017428454,327.6413104258259
2444.554530341884,-1341.804098894083,120.40739833260554,322.58051739562535
2741.941192375338,-1916.831625949856,23.934206444432853,316.73871310361375
1561.0875532472328,-1316.5723393085532,139.2950063986885,301.9771294042406
2624.993399374166,-2612.366373208053,49.2306236351787,317.62834291948786
2116.6133213334015,-1386.971819222954,229.5839905667576,300.8896814880512
2726.2767101873906,-2979.15929899513,236.39156832685484,299.6436031767243
1727.9393851555624,-1426.0821388687548,112.9988613613648,312.85439600707167
1463.3180326323804,-2629.4061809569453,219.34473197896565,331.0244248459367
2282.2999732168314,-1755.9776689889452,9.476752023873331,331.25703391038525
1460.1481877616911,-2591.658908411375,225.5642802964373,311.995912645643
1580.207095230383,-1720.8589336260693,43.45129298957704,329.0360848885734
2599.2397628623103,-1802.88383671254,100.6343862428579,312.6562819923257
1052.1107205283229,-1952.073497365944,230.0035148791107,302.0968420708559
2340.1851735179243,-2752.385689661478,198.39295699105477,338.2383891946342
2097.1874995010353,-1332.9601465944284,127.02551572483861,310.1242766309728
1480.2382268467775,-2251.1963665093917,95.12848344636461,317.7434721930229
2308.7666213207303,-1407.1773950360016,99.94563256234227,317.3181597489771
2475.46780894573,-2465.7545263754487,78.44344067350234,297.3706072479265
2465.7956467383974,-1181.9905302519405,218.47193944330513,334.2108192731463
2220.66301755523,-1916.3186970952436,148.56502155209955,315.44237603236485
1083.404110977167,-2750.911970071058,0.6481022850602329,315.98092747217413
2428.6058877021696,-2599.312190631765,38.17359228508298,298.5043459011726
2766.424186383552,-2494.950374194086,22.640472355666226,326.41349592860786
1514.5611957507654,-1164.9988712829722,74.27704852969985,311.3126078943301
1946.5463626363103,-1564.941488333943,64.40643551292301,332.5973052294661
2711.509104674943,-1900.9607594888162,42.804516091269214,323.3171804683389
1988.0907776821605,-2219.0583296664468,-4.857706746095756,325.07442165001385
2863.414784410428,-2643.865480284952,252.20247863697443,337.6860903398522
2312.5371844350075,-1762.018708160707,175.4700782141897,310.7835668491109
1184.1685165928998,-1641.1424663524795,184.1970164303039,312.88628875554724
2031.9238787293798,-1181.783463961759,119.84000718955389,332.4364893806913
2333.360230937012,-1751.9752293994075,151.3581432788556,317.60235753760054
1882.4571380459267,-2530.4888256695867,45.34378722412482,333.2630070080473
1532.0244992301805,-2148.4256519397463,82.41296861271307,330.75473905490526
1422.4245942134532,-2814.8458732318786,2.0913153395832644,336.43085734366974
1831.9082273882,-2443.040049947662,192.24692774894433,299.251152701942
1523.243004610902,-2590.6414083489344,-3.9307833089763218,338.7367189373013
1497.3682797163292,-2975.9477221582806,20.518616164118924,316.43765526071815
2977.201688509474,-1349.7166184122975,74.82616858730695,327.36550846777743
1460.3141226971293,-2634.054321903243,253.66241435780637,328.38274711052594
1129.8546218975312,-2480.386986539517,44.20617808090637,312.3185306678051
2882.2704788370334,-1820.5830815157572,154.11324645735615,319.0733308577024
1264.744926913488,-1735.4876152897507,152.40891198845685,317.6917417776098
1611.6263639426497,-2198.424150219536,0.7207715743273244,337.046936847621
1175.9798558925595,-2333.46872942624,141.63606966207877,304.4249556827856
2403.506206405744,-2597.447038487903,77.3739292665793,313.0442113344598
2668.17088695011,-2076.3660682332957,67.99204204950003,337.4548537215951
2703.1644571731213,-1949.9174397158283,220.64221494631443,307.5375414111718
2316.6749829153514,-2076.2172484315342,171.23743781244806,319.2053766906796
1901.0495315777002,-1975.1712716368422,43.86254618515754,304.50370005623296
1529.8638690869589,-2278.3934977910353,199.9481794457773,309.4014725328124
1621.2917037922728,-2969.839847782186,120.702894358925,320.6938268569444
1807.4918212776042,-1770.8614617778549,100.95331565479893,302.84102035415
1585.0496138944652,-1042.4907231963446,84.84717938945128,303.13682459234104
2139.1190818190253,-1678.4333527140045,-8.170187498127424,310.7364518864376
2693.6541662521395,-2472.3302853306714,108.9640006942773,296.35627754398485
2487.2061248618998,-1792.556056726232,218.97485105145057,332.0270706090279
2735.0308589240435,-2497.068211596062,241.7441460978426,303.10904805342625
2430.159280003206,-1927.9610308016686,27.16476583763741,334.64806720351294
2811.1750692527694,-1102.6516993087034,154.32412403328206,316.29723850967457
2673.719990630896,-2692.1415882362057,226.7705312719399,335.53510108411876
2581.497780108167,-2095.19368109727,101.88534105590273,314.08248699326305
1137.703578690212,-2975.5239136599203,248.74311427332685,324.54044608756436
2951.9563725329535,-1135.083135699014,152.97224011491903,326.8277754052284
2490.825718311741,-1072.7166145655212,-5.903525316077294,295.8168078157765
1698.434847893339,-2078.442623500969,-0.38380430124658815,322.28340414996205
2773.8020061478574,-1433.0174065326216,128.49197945493864,301.14355263465677
1707.8277622595795,-2428.4557364165203,24.84393657144846,314.7826364730276
2234.1537785900146,-1047.698616121205,147.9371462301364,333.7131432937397
1389.729577022935,-1053.2926718407832,188.15560389502588,318.6756142044142
1551.9680995766098,-1853.5577922466332,239.58989771652068,306.1554288481377
1428.1929083787127,-2489.5531742839567,127.66128860587594,308.1260059800736
1703.8892078013992,-1313.16071190745,117.73971349253614,313.7963278471664
2128.377134278907,-2403.111522232505,95.44518283660827,315.2420030167483
1498.6021192989651,-2285.874051003416,38.623738351756145,335.407173414284
2515.987723782072,-1367.5493420119044,196.97728518803862,319.1683810361093
2223.1882005288035,-1451.1310478312537,42.79739516009268,302.8756719270528
1452.9853786899826,-2766.423315703519,19.273694534449476,332.0368993581099
1411.9741299622701,-2924.753495721982,135.12813933060286,314.93669151446335
1215.145526818553,-1929.3849409729996,128.04654615034235,320.8012711172525
2841.2246148685176,-2472.2392750656622,93.98223394083766,306.00396540917274
2547.020222849449,-1198.8231880740855,126.88873829368328,333.8431842244688
1413.5104157361234,-1277.3386953929607,106.73699009118413,338.9915322997749
1528.0013656899957,-1184.1480982763387,91.58480753997695,316.09715880647116
1219.1214435204784,-1421.6830857528735,117.59965537140272,330.198136030532
1315.7353606321035,-1220.2581923765356,-13.870844726797305,333.1647511115616
1208.7479484434841,-1961.1870660242755,200.38200895022624,334.8059658427618
2829.213099064974,-1579.5723172259163,-9.014964871978886,332.7297293432002
2341.862860316033,-1337.859613899075,146.54439365882305,299.9682690566834
2644.760140278853,-1618.1142470923749,237.12866927622738,298.92079467213415
2384.69057513152,-2772.961420375563,48.72029973425213,297.6494995654101
2849.0302824775567,-2920.3266712481386,200.43113351946388,333.26885260176846
1538.5584248456557,-1766.8880300160024,201.14545381257355,311.3506008094465
2529.5102037045126,-1978.249113011731,246.3250344110062,303.3772428913232
1146.5791877153185,-2597.237843309187,2.8586438095758773,305.82692052403024
1493.6540661200474,-2906.997836168634,38.67969721414419,309.8290403019755
2252.8640282940114,-2915.210303704246,57.15334478131797,323.1241259775542
1915.3884809034344,-2634.0094516449,9.081018331213055,328.14050398442595
2410.9836079666406,-2689.3436303221047,231.40680369578132,295.0894307226834
1094.389133856271,-1092.9990709746498,170.37578649250437,295.42398397749554
1448.03701928645,-1189.399549176162,137.9757291242698,334.8623991291745
1331.4753866221636,-2942.8999109826705,91.0668388806917,306.56206759496354
2401.5658545009614,-1553.153383793263,36.883414687031696,308.9168137122254
2487.7650795666514,-1302.5348855335076,153.58416698549743,324.00967453048105
1947.2300651172031,-1203.8715625988928,179.9442451949646,308.7453105687229
1220.7698198639853,-1867.325318361028,66.82851972852316,321.13912537863615
2536.4927196066146,-2239.308912618981,89.77678022808512,306.66976637852
1952.8171908939053,-1622.8728181234806,161.33812768812842,307.6601041166509
1662.849685173178,-2734.925316345239,100.08887135922484,326.48093717705683
1454.3009644965277,-1128.3452575937567,224.43387508091772,332.96069177605943
2572.1801907358067,-1577.9918374760146,136.0221753053803,336.8174283705676
1936.031107705381,-2479.435824617554,4.673583104310261,324.2852735643719
1033.955267547331,-2561.1186440292977,1.1194105124250946,328.4620487081163
2576.6571650344213,-1079.4349753417232,-9.283442164943901,327.6892853581767
1325.470701903097,-2755.0042092638446,84.68542765582575,317.3022776898876
1948.5364216355792,-1694.5877065183631,-1.4176853458623828,326.7994716888788
2073.785815526939,-2097.5798068334016,177.69448298556185,319.4796562671541
2056.638009908304,-1805.3594547063185,165.29079172249425,329.8363824249839
2188.0279264941123,-2702.465925344843,204.6916171085141,333.68323973212483
2135.6042209091675,-1603.4498775990382,13.082933551819057,296.5111283356501
1925.7179335819264,-1419.5586026045005,246.87972233718807,329.6906564044954
2130.2736642781756,-1505.6557279183849,134.4684294031994,299.8538931048436
2800.4113120949078,-2649.43427851666,209.1253996206232,319.5143370809558
1040.1023692338397,-1987.081864318759,255.4591786176095,315.58751571898273
1794.5216874104883,-2824.7274498468523,194.58520714996314,314.7220688503747
2969.3012806746615,-2360.6860127541768,46.52752859366034,305.6617093214928
2983.7576833348594,-2150.413448320328,84.08440079945017,312.80621311941366
2076.0646862726658,-2876.7248477060316,41.76557450909436,307.34657082614467
2153.3509440847974,-2179.6036318186493,101.6437607275625,318.4412178389336
1154.6262850707694,-1434.2912838457255,110.0179477466411,335.18079155988937
2743.702879381671,-1834.1532987950757,59.55092424613686,329.34244903836174
1239.253217169172,-2779.739170205091,162.4500754516636,295.86797235507737
2858.5663299866023,-1543.5478650313578,128.01427492089192,331.69856698469334
1602.0524898787726,-1603.3703426706334,232.79279162488405,314.76374733588614
2304.8685447876596,-2661.3689173714547,246.3613507622083,316.32275482323064
2877.3967770887616,-1741.1253086249965,239.1145815511043,331.0889521967497
1096.2116902946761,-2832.196404779628,29.982064728280264,308.602898984364
2269.745268803305,-2152.5716236991066,199.5512180100317,313.04339968255505
2256.97268730164,-2926.1468080886248,50.410698357257175,311.1686297484053
2786.5910957241263,-2323.351175878315,232.28656672095713,314.0552768608129
1444.847377006598,-1635.9323140136469,225.25632422867906,298.0734465254699
1158.6806488172142,-1930.4347249391312,86.1615748875111,331.2007116873372
2627.7619171270844,-2946.7113805977506,-12.361888157755015,322.02270044775673
2565.4828233051458,-2178.3027591658533,11.634349497016487,331.8450818888998
2710.9793793653353,-2439.6996519829336,1.313954340791632,326.92253764453136
2397.8299469294598,-1132.2890420526242,87.33630437701345,325.0922521780635
2526.37660454292,-2788.997703199081,84.37952376372014,299.36755919243626
1049.1070795482913,-2084.4530293206685,72.2321996073944,313.08824325120486
2297.2132145830683,-1116.79501809794,227.7127040526376,333.08895763385
1823.1294319720325,-1982.6389907243279,29.38602055954871,332.8382382561202
1724.766790907262,-2875.5633549118897,218.73616202726564,305.70397387181356
2497.9259377429657,-2070.0601797599347,172.34276630897918,296.90710376909016
1804.2303227938896,-1381.390649087711,171.84121439787367,324.67640625368904
1364.4624854450499,-1225.5201812692712,163.51524448704026,327.8953493838112
2893.3501174440516,-2098.653014367136,181.47555102452014,296.51468326142924
1356.195887350292,-1285.2242779668438,-11.41038096125715,334.08548221887236
2725.975444931426,-2732.1020189599694,156.479315395145,333.39307874216564
2372.3072217097883,-2244.267363480798,23.34146008608848,330.4597517467687
1249.4225103399212,-1492.746309714595,98.48215131702028,326.28617374215906
2385.444601645656,-1597.7552423004558,122.30176563480387,310.1372366361584
2874.0485664250104,-2822.1927758529173,139.97257096292967,301.7429629508575
2222.4069368989467,-1181.124033235965,206.82732802476437,307.74127829195737
2082.0336860141897,-2006.5954040185115,65.18797989218865,333.05515316002874
1860.782247906173,-1904.151911090633,238.6485921472449,320.72480697458053
2955.350437794822,-1615.4065144509505,195.31926492441016,298.4728654825187
1308.6123870376296,-1093.7067335488464,61.250295939366865,328.2860550832027
1425.8673004039535,-1292.665220147004,95.56742004008314,334.1946560457412
1736.5297445925366,-2655.715404774565,130.23655527622313,317.59048168533513
1248.2615895641784,-2192.069696261716,171.14642319887326,314.48141553268033
2150.067712911903,-2762.0728910209177,257.3289643714856,317.6490828178509
1123.2287162633152,-1060.227313331958,165.0490239013335,309.5065171232333
2458.7472650865743,-1049.6854234749421,160.95697195427547,309.88293198069135
1506.8056517994646,-1975.9128022517643,12.473099847676686,299.55433395810616
1796.0963667521487,-2829.6976528089567,243.31948528889518,325.7135914344173
2329.1266825155553,-1786.1617215083559,168.09926901492375,326.88739972947866
2845.3353878552653,-1217.4193872174917,141.93185343229013,301.73541897992953
2085.4090348828104,-2897.4904781780524,50.47903373540939,298.16626387153605
1968.3726491880614,-2725.505884352865,100.65940615789935,298.26624229589555
2857.907037004714,-2245.4483790928884,126.75664364295943,296.37511332348487
2378.3606520984595,-2659.1591122464224,182.59556755800855,317.03310242671773
1052.9075576210307,-1029.3518262200296,213.86898814013094,304.2923972532624
2964.6722313864484,-1555.6228945961177,22.795631356460483,300.7374500124415
1821.8175150716318,-2443.7536856808665,43.327490720637236,305.5645056675528
2816.3921548275966,-2348.025289751,78.04236632800115,296.4119377280512
1424.7704963646133,-2979.3059840856927,38.17770082513031,301.92969803101647
2178.602757987419,-2769.581320693721,160.14430088423904,303.5392293298722
2429.393529449198,-2834.241748627102,32.54319755000873,328.7745320973618
1811.4651929340164,-1804.6471668638092,238.73583471731686,302.6983130307077
2550.0712993888596,-1576.9843055674323,208.40758088366616,314.8768723654576
2901.3699162873954,-2729.3410306205437,179.69558908908385,320.8170081051419
1781.1704917578018,-1589.2054596220419,259.70042654676206,301.12832966348043
1717.0665642894146,-2824.2897865405216,138.4813276835349,338.6474543655789
2294.007346017993,-2921.099466722907,208.3702875751491,333.0314027544289
2763.4285359514874,-1062.4287342656517,105.49747334682725,299.00195945487445
2456.1505870096835,-2741.283341681291,38.473652732716204,299.8020828680218
2019.7692236643106,-2281.9064003381136,30.87669565002374,337.459165754914
1973.1593122730792,-2887.1269730977156,100.07499255034112,298.0480621534072
1520.5123271956238,-2967.5452670721243,212.4228412699764,309.81742639709944
2265.9162757347813,-1471.644645578803,121.93717422432724,322.00488420484237
2323.7526091037507,-1361.5970860358593,31.11668700676615,329.1307152729511
1856.2662773765182,-2271.2748432954177,129.61532543131221,299.489873102182
2126.1199518118647,-1216.276001670434,11.602344460684733,304.56789869503086
2379.998329417055,-2150.7862815898657,203.44523935158506,325.28071720504425
2570.8354429276787,-2445.82298498722,163.94889116924253,304.9989178243447
2930.9576256094538,-2730.628510892123,119.50276785023121,310.258463411291
1800.6655279512756,-2766.0175303482392,103.72322305354241,310.4408208783688
1545.6087476298562,-2688.280750019673,35.28664192531436,326.0798484928947
1183.8500766785298,-1484.9340337716776,-9.562635058844553,316.61959226249115
1553.078617073223,-1938.3607307147208,18.151836326455907,327.14180109317783
1323.366165509473,-1825.9398136510263,147.92625352238434,304.581712514309
2334.8460231668714,-2021.356703064943,240.45171397560046,309.0642258655043
1537.597468525413,-1356.9799560173503,107.71644632981113,337.7844896618711
1129.28137697954,-2419.2564480577184,166.06832006093396,297.1053351674743
1274.9926371324668,-1347.4332702113747,171.86014830710988,314.084002532999
2783.1539881889553,-1961.3294417155125,195.6257761201121,325.8300123457003
2839.580455470297,-1327.15836644631,166.58625773603825,318.36278259087265
1791.5821224571368,-2826.8784923787684,35.57564871623912,307.54527013122794
2797.612669660983,-1993.917749715436,3.0370822852022954,316.6332862726125
1623.3922169373827,-1411.2673099344374,214.4278126948028,338.3787102100088
2330.226094103504,-2787.1734084689597,230.8661325833115,311.7117852697115
2341.0474192679008,-1072.763057579074,138.72320240395194,295.77210621001194
1925.287345083403,-1293.1185601202908,76.18455863833164,324.5689535824421
1131.0600804463143,-2419.7720400363432,227.38424604506943,331.24097140042545
2169.8318207457824,-2456.36928257867,187.32995698396556,312.24105435418056
1388.3529903405506,-2105.5534915193066,86.3799372541187,332.67481985632264
1649.3696995259825,-2800.6466291238335,88.28543996212744,306.2058151471215
1560.78027490163,-1107.3955141005595,169.43263241673972,333.29654568260685
2410.2100557540025,-1668.4526664654156,122.41246396857295,335.54835104436876
1945.4728343716681,-2253.079436028088,0.9521650745589127,309.7216843891912
2855.990089979026,-2173.1181911255117,49.87918451862754,301.1368829443707
1096.723622563219,-1260.7207060902435,118.99896107212379,322.30463486193264
1720.9401734644762,-2967.589612676051,201.57308398953217,307.4319223030296
2327.663166010242,-2702.358642577394,226.34521716415702,298.54897299075134
1671.9203254627978,-2532.59504225665,254.4266993866358,330.25175357359825
2978.230863113577,-2465.5117711858825,68.07169634928694,314.96494504706294
2079.8953672628822,-2419.8676769635586,51.51967634186296,337.97057871446617
2839.5150794054853,-1286.238299577366,251.72328712500814,331.23748115669406
1717.7054417290287,-2626.4693466303306,221.1182411959861,303.6042837023135
2136.5098698751217,-1417.78977805516,143.32208893630673,334.06960482681063
1956.1022135742724,-2233.662339397225,251.44844406739304,320.65475968099884
1508.3083302123239,-2236.963061259845,-9.75778289063062,298.5290078620784
2641.2225343204486,-1354.531394129041,19.820746268212496,312.97450406581385
2317.4270067359867,-1688.3797662284167,94.71030412025912,321.690520953024
1959.088554040601,-1384.6036512759306,87.12231376091582,331.19990810393
2969.2999697103623,-2009.1585640613064,59.89759352216804,328.35160562783904
1351.964711536023,-2299.8301487890208,9.526259498304022,334.56272627273427
1897.0528385474922,-1731.1517130157263,233.43663044105253,332.01826949292666
1280.7954289752229,-1227.0768509267214,124.96429966028069,308.7341510612891
1178.127710199452,-1703.7531469653823,255.31458633706973,306.2868331700957
2872.0818102698167,-1749.4039929719556,234.1080639162335,327.68126739801215
2729.8889989893914,-1470.5059205946125,109.25701230123624,324.27810191206925
1722.7295439683915,-2934.318648858353,71.96990471354896,326.6946405501452
1401.4931364601516,-2612.4154737219737,230.6320059232314,309.2807218684441
1782.797687828373,-2516.9455363654033,219.88717521713966,331.218552107919
2602.366601714,-1892.648147486577,232.33248245729087,323.1637613050624
2058.884492829283,-1658.4788222221573,7.173755409383141,331.5781999259135
2543.5376374457182,-1220.140254650987,149.0146996343524,300.5064199779593
2650.972772209525,-1616.7808970474407,68.86179408204879,301.62356716649214
2279.526450687855,-1363.014391369355,137.9430362512118,335.3427403416045
2708.009334482771,-2259.6514146178115,196.15815637995914,296.84296550001676
2757.034741005493,-2106.559166498151,77.53702481373942,316.3089668641608
2288.9178699085996,-2941.3929123059447,149.32374659523285,313.6776991001505
2799.4765742796562,-1372.201429978313,110.1367172711463,314.1738872269279
1062.584362781753,-2910.491468956271,122.5012312532235,320.278899500806
2591.721362041907,-1860.3431981114975,12.149194666930736,315.09279949866476
1087.8981737881488,-1211.5607840101616,238.55870915249946,332.8656569977872
1695.8950180406182,-1180.420991874235,198.8306002789754,338.6260145522197
1705.0589899918077,-2717.8797870083363,122.75155386895,299.02075505980605
2046.1853221905806,-2214.6597360874202,105.70801345414739,329.4968712561997
2671.090756847999,-2274.4185519936364,181.77702391387726,311.6375361015136
2184.3115879325082,-1753.5808600516766,37.41968139238204,328.4407172450365
2942.0231674074926,-2044.5983225551533,96.13369605703524,334.0077024345932
2216.9572164318715,-2667.217184697234,1.7560163677819745,299.78374468298745
1551.1252352266006,-2460.667488227029,80.07740107897511,317.6488451661307
2798.448077929974,-2045.3665714706103,-5.678736484803041,332.112371530494
2896.171054090468,-2052.651556299948,177.2173654082912,308.20040985010615
2127.2863483562664,-1276.3258416742228,236.3666025155757,332.0426847649464
1334.6146872703976,-2537.6931219325406,246.73519655836844,318.0704000315378
1511.4305249668203,-1133.1538135355058,239.27946694770583,309.54794888004903
1035.1856315458053,-1874.4376595501435,168.8804825128138,318.5311012516404
1694.3822006009623,-1160.4805403922476,178.7566551696194,320.2250832280571
2228.449086064601,-1178.4401721185939,-12.843520061588238,317.2304440700493
2478.5305612319644,-1596.3181886769896,188.50470030754448,312.43751119435194
1806.7513913817497,-2241.6165257321163,112.95117901366842,314.8967891688233
2285.280165922729,-1790.8444520165135,61.610768188910654,305.22557822086696
1338.3225669359663,-1692.8117176659352,131.72117982115054,329.41442349517865
1811.8477246792481,-2494.4853664334323,129.90972577794324,337.98888461209896
1553.1081873859175,-2296.96347219882,76.2401003740649,310.5975923303397
2692.4316508782235,-2209.7206104674547,229.3947850669165,307.3450112515221
2370.976057569372,-1663.9084133893125,71.73443038113544,329.3430824970824
1560.4170156144055,-2923.2584160271913,147.18428935515286,313.30888878886225
2834.4551969312124,-1485.1452308229514,109.40233202057378,304.85360155579167
2749.275007779292,-2147.033370404446,161.89857927925271,298.731108759518
1010.2448369450798,-2518.592368858424,220.2027817241252,325.05863791093054
1936.9219843842961,-2645.6379098224775,230.77396913491847,332.84253030021347
2538.6393870431966,-1325.9805044446596,76.69171502917898,334.53150331553053
1114.1785949948182,-1566.5637103167744,147.11213481068933,337.72994967689357
2577.0577416104825,-2677.154195052662,70.15187579571167,315.48056259843867
2035.4673976029887,-1669.6718959065174,92.22304102311593,326.96162223385426
1413.965640857792,-2541.0240491218765,24.84865310994737,301.2842680031305
2025.36373952948,-1499.388124715294,212.96440625150768,310.0068230302394
2463.790779219752,-2023.2460931041905,236.77048787517637,319.00986220284665
1953.4529068729612,-1879.4097771095728,243.6479370240453,310.5147404265845
2208.458140308881,-1228.0623530568841,208.203251789079,339.51961334511
1218.3412796440773,-2759.984010768906,227.4254732062447,324.6346993005235
2303.2149407581446,-1554.9546690684886,142.34661947213473,318.6627230051567
2768.0512448663435,-1913.7341595693679,120.59990075434843,310.6709662696605
2752.6449066672385,-2745.162219203974,149.04250552134917,306.10927046527985
1087.9079228902528,-1871.207762956883,153.75305269230958,304.8960999771631
2457.9105923657653,-1552.5300611950897,7.89598698269079,312.94063300067967
1262.1849428840826,-2408.1968385695423,90.62990639725517,322.2446042829436
1530.8346815992015,-2494.1602422009046,142.79241583237538,296.38986751244835
2331.5294271874236,-2159.990456192526,-9.179994179012821,338.4841963002155
1753.6976612136896,-1351.433342226374,154.16313984725608,296.92829092956674
1383.7414997872118,-1953.952050085393,182.7891214063379,320.63337461612196
1705.2499394601157,-2603.7446840747575,178.64985331317135,313.4956654120713
2523.2799244634716,-2937.190112626886,220.35527902220127,303.5911922119523
2734.293646131151,-1155.4225282842838,51.12281622537492,331.02452272538903
1797.6482619842507,-2629.805261076264,231.72477789660812,322.79039814980433
1190.0352395752284,-2582.548701544097,210.37953587616045,295.1539794932205
2527.02165876848,-1128.3289027544877,3.443776302048672,322.3008838910866
1265.7804974896253,-2730.6052092200903,67.40392886530385,313.05674646545447
2600.5110445794203,-1413.6214356758587,172.42760719180822,296.7963796320025
1196.1300531486443,-2797.517602772253,191.65986976332528,334.1382478468045
1618.422454786019,-1556.4653812293059,257.37942442764023,333.6695162572779
2970.0009223624684,-1168.6210215893848,198.5944527452626,322.3023731551724
2283.3999570095802,-2254.0380402459705,246.56090543549288,324.35172859408647
2520.973384054501,-1822.0817379840182,59.17966545431686,316.70944671785907
1737.8040825516828,-1685.668480472124,136.10859860883463,306.2091714784866
2956.0294247600004,-1253.437500041558,194.8306291150497,301.1475436603241
1777.134691761259,-1211.7621210819275,192.31077789524164,336.7721139919064
1215.6362787576177,-1251.6330312729187,137.23502587730988,302.74999629104934
1186.0553729070712,-2723.219183486114,108.16896883852141,314.7455075591887
2641.2917384433913,-1403.3344270223918,242.1842063227694,337.2982902658049
2208.6417128988314,-1726.38027109657,207.71555076641295,313.5060249154459
2759.906006949575,-1483.1791732972433,223.954987187002,296.0968173933812
1024.8973337123957,-2910.7718108014155,-14.771363587849807,313.74910220485816
1556.1747947601752,-2942.680490914218,25.377198834133033,310.2323674763504
1867.9491535853213,-1201.1429779565367,-8.637608250070038,305.6048885813792
1474.1896107834282,-2590.7505246397504,88.15357731715137,330.8475068287876
1181.4400268484894,-2183.2682640381313,75.21314904305841,329.8602468556289
1208.6818202753273,-2840.00272784644,64.3253739445257,323.80072957044575
1770.3802011634343,-1118.4493618144763,96.85840059243787,302.14027180834034
1770.8025001378398,-2305.950905916053,89.37249948381358,303.1461873986029
1395.610150557537,-2074.137526151582,159.98873255012703,308.0358226263733
2396.3505532719564,-2976.9923923403107,174.0035897887524,317.58229791037024
2565.5593483534085,-1701.2333125200264,91.43898140275303,309.7112259830925
1254.3129822006317,-2076.5235082339473,225.98404997234394,309.249658588041
2719.644654269474,-2138.518106831614,131.5989922542472,319.3248281601586
1600.3552771402738,-2076.3181757070674,87.90673882423194,295.0810752703396
1362.552229630493,-1244.6798506438788,31.732578590773947,323.00315922905025
2069.267531786975,-1862.964618310602,215.6357937880476,324.52828237178454
1452.0296561679822,-1232.4015074145793,186.7456323933731,322.86514211644675
2108.1554134785906,-2153.594110254097,160.24019169356345,318.8477180546341
2866.5789766268053,-2859.7960277420193,-13.535538699490226,313.2750529039592
1717.8844518779842,-2935.2783291846213,135.46693486596558,298.25576131609586
1266.0494142343289,-2202.8867058798046,98.11956468923265,332.770065329322
1399.2330197860888,-1716.5391987247083,16.641096002762335,298.90765846864275
2179.5133173954937,-1628.977988013659,30.272912221602745,316.01457786658403
2974.704891824679,-1101.1697952316576,201.01882101636036,314.65428495789814
2382.586095744339,-2653.7502508601597,83.21603227390163,296.0165635072467
2579.0610610377416,-2378.424655079897,-3.669934828330801,335.2140976985457
2540.6545735985446,-1672.7169427485358,169.4642408674204,300.5104407897647
1320.0517377364379,-2650.3990551555835,72.09708535543409,313.9452757593259
2599.103735332681,-2192.4252903975353,30.408860344843255,320.55953978914545
2726.151710386589,-2416.5802424887347,51.62607632779536,302.2537926164173
1460.1317113679327,-2927.637109309816,219.14701729215574,313.40045182489865
2599.076447335986,-1189.757930260341,11.608888728493238,335.7327390790586
1221.536976875918,-2158.2002460730714,27.271364210782075,312.69466984598506
2179.9815077695976,-2784.865296583754,26.20131781059554,311.32529000868493
1265.4665521732368,-2287.4367638474923,-2.789344029262873,324.8423438835604
2681.4051337232304,-1306.4562716165979,150.49967182499768,325.2841908906569
1539.0350063324854,-2750.3548658860173,-12.820327953555536,296.40899919229236
1435.618417011171,-2999.459479528521,137.10979216412736,300.76466542214496
2800.5065785893457,-2249.9535844045377,35.51690856637552,321.7365478132347
1023.1280592543582,-1886.8150088737168,78.83665085918288,316.72538418953553
1192.7752065698571,-1049.6810988874495,186.34911047447815,316.11133174117447
2468.0415391940105,-2748.5756216678074,250.1487988636166,314.48549955653624
1521.8516085392378,-1760.4051923972668,34.6460382053775,335.377300154902
2355.7766299437426,-2080.6614453475,210.87863865797183,308.13552832252367
2230.8341077551813,-2915.141896798954,247.94998602096263,310.32474730872667
1041.6811182322563,-2495.0277636193464,98.56333934133556,331.1699553030634
2733.1222412356938,-1925.625656964327,204.1711270048255,317.8983476245822
1211.1919290718765,-2591.3960812230366,77.70467596351446,331.68248140031994
1943.6941480196951,-2400.333642117265,76.06451791871314,339.8520837051634
2643.1577528313446,-1831.5086917501344,223.10716120741006,312.67304976544995
2225.5762568910723,-1590.914942028344,39.524002412961806,319.18771705839265
1216.709263401914,-2816.096141938208,215.01358770240878,324.87384524012134
2377.0027926714215,-1033.5973406561884,213.09008142531113,331.00691542193266
2301.1576379249254,-1038.9515629869968,136.93098659099505,334.4416036195039
1364.3492259498678,-1601.1887247074553,46.461579148887076,321.36191603996383
1630.77780303333,-2758.8133373080464,171.8780579748982,320.14423780194903
2167.275147717056,-2290.346113074681,59.28291054991915,330.47025437204724
1908.8933824357518,-2446.019430145783,47.49472835155594,323.9160303107937
1009.4158305116283,-2610.255557296616,133.49623230822112,301.2517729212065
2668.0711360606683,-2160.539904116714,165.5042205877,330.29940746058827
1758.3157201934678,-2027.3530689369427,0.2968351726384668,306.10918650129014
2531.800637900796,-2541.1102303823122,76.67074815762017,335.25323062172754
1065.6309981772667,-2086.6912737659236,11.48234472605547,334.14442269856386
2204.497343749629,-1854.8154625837653,251.077889243811,312.9131379531199
2881.9243880499607,-1669.7720307080026,186.85892533126602,316.4548462198348
2326.34886346805,-2457.6542422161483,182.17201813109767,296.9725164209553
2798.7097757023153,-2173.956337819143,174.79819949270816,336.73217469311976
2952.983106719942,-1415.094757576471,56.43932869991312,306.57221409001664
1612.080585644143,-2831.502421640196,190.48258120812113,325.0723325739049
1409.029291237164,-1736.7772004856272,196.79860640117573,312.34647806357776
2191.4806488606864,-2249.385107655585,60.06426727628059,298.85120950928547
2040.4638459233922,-1225.7532109344925,222.95091846385498,333.5883220068856
2999.6253129612514,-1202.4267392647657,192.217473336454,315.0508710390833
2535.792209428333,-2669.4863755646998,171.45059506447072,330.75299497477516
1644.638259143097,-2309.230221525349,96.82468042404103,330.5866248529119
2997.919799049543,-1566.3122314104003,48.281618702221266,338.85469681113653
1249.4133503965008,-2124.2346573723225,11.175386755108569,333.63422111116336
2630.9339189941957,-2816.359498105227,83.7087729894813,336.7064626082559
2955.61748671826,-1640.9616544998903,55.153330285313274,302.5508048861062
2874.368868289708,-2284.8467255066294,254.72237085143627,301.92679775459334
1447.0964009710408,-1628.9953662656173,139.22145421966593,319.20797089926555
1748.746262405136,-2072.7208276879956,96.90401870272184,332.00163750018675
2293.6971873963294,-2230.768644836869,3.1980311816861757,320.41755526597603
1541.231222833112,-2541.231472129238,194.33410443596597,300.1616234778893
2895.056174291418,-1474.6109089073655,237.09107634108526,336.42253804577666
2889.208009707012,-2389.935631094581,150.26933158527416,339.59971125438045
1104.1742301607385,-1844.977050854865,258.272401692256,314.47353049842195
1082.4256540310728,-2076.244177156778,131.87993438296817,307.5361668105856
2993.953066620747,-2599.6732877706017,158.02067837006805,321.735300300538
1808.2605033165157,-2946.412662724387,182.7593238728042,307.34312272104563
2838.2686918761283,-2423.6898441333506,-2.4889084131236885,310.4322517985208
1580.159812104993,-1956.6226524598992,187.99937123404965,325.073973146216
2039.9677811044364,-2685.046230059593,192.55067133858682,327.5341725060522
1906.2181389195414,-2516.081460057718,154.71110181995834,327.6479728643763
2215.7515005464666,-1548.5262019355962,48.17278770736222,323.3112531585736
2377.9898254366444,-2369.230610381091,243.2816212221532,321.1111869571844
1081.6223983517116,-2213.980791958206,26.554719866779003,317.4736199096176
1441.9109227204324,-2900.138222608012,132.54629479848563,330.33773105059953
2409.406133667998,-1010.3388455757959,106.45679002392811,326.198785589524
1483.8413164927847,-2055.422544828527,38.03406392489263,338.90212890514323
2768.443113205385,-1911.784282934212,118.75811703969032,324.24136417219336
2503.840456721844,-2736.5236688808477,213.24836785340995,315.74100407079254
2447.774899142768,-2278.173577560883,248.07844346382535,320.49710029903446
1542.3902464735138,-2457.2267867920773,119.02479597036572,328.5191386134655
2442.1151167586613,-1017.3252931502093,134.9631278987666,338.76649097670304
1779.6429202974596,-2931.663569787352,147.90002311912693,339.42435209163386
2221.681785239767,-1615.8492948761243,233.2119297774389,313.382233850732
2189.7532791835874,-2776.2280312379535,185.5781079166688,334.3136652113271
2901.3482680865936,-2079.6783807518136,-11.97785679021616,328.0981624441793
1009.2842914600133,-2339.3889757617144,115.8963392060667,320.21432713888015
2139.679398623183,-1478.7738326182548,55.31404573827311,298.00110697658465
1946.1624082964122,-1001.9476011521001,208.53996998887018,298.55240144807544
1639.4963304198398,-2987.884455649925,108.04724090512022,337.85804075495815
1147.1209436273225,-2737.7764885500806,55.66086874717952,314.7775064697926
2667.244568309652,-1714.9598607301343,240.15603659506695,307.16017850474753
2105.0763637983646,-1751.3482240213284,60.602733655111024,316.7371062649109
2121.4239226255277,-1614.2948290992292,-13.609534765539362,334.6259378978049
2032.0235160249829,-2968.9494894240443,92.69987151402708,307.1828689034848
2760.2941543257843,-2549.264934117485,117.21776818433236,325.47818867874605
2393.9536982483364,-2880.875875021665,179.12035315092768,338.1263601173173
2916.444280927153,-1198.9112539407415,252.42114861299166,309.5272046138996
1542.8982493143872,-1515.4425022048672,191.97483979530918,295.51283617325765
1668.3106365418814,-1329.798103407093,221.1447871408937,307.98506159579676
2667.989413294773,-2817.2579826310634,62.609962505303955,326.9295405635393
2434.0980834737534,-1348.9957411543442,70.81551404468087,298.6941804706533
1169.2668180446315,-1112.3452548871705,194.0186390997626,312.6307738277287
2161.0185084503933,-2377.108586392386,44.41886584407307,325.8140794066394
2101.173064725952,-1389.0611737967486,68.64404283095399,310.6782674449219
1900.948682589204,-2909.909306231823,159.852011513695,338.0049135880141
1030.6995963093702,-1623.199238255297,99.98203531093897,327.4302828654254
1946.6391709192162,-1262.8905786997236,107.67951406393203,339.74960927437564
2055.028184546486,-2860.7126455389493,22.319257185551663,329.72548926128485
2263.5419324642803,-1504.5190536327423,254.58359490042733,311.7265175095717
2201.3822873534373,-2662.2715419491483,100.19478891362505,338.6913961038499
1802.5029475584502,-1345.4771634772435,105.07090924815832,335.2691677222384
1728.0537530676315,-2099.535264211438,184.74202454991533,335.37881629559143
1703.3476812252004,-2609.238062806464,69.3468154982775,312.92166334069276
2465.944136768366,-1264.1408693851577,220.8500643341651,306.95899347377497
2824.9180872580505,-1796.6013226237476,10.769870567997419,306.2455441725737
1785.2925886285188,-1744.9725341275448,-3.982123211303577,328.2989784579659
1349.611808762606,-2169.7826228604117,88.96646812140138,339.40108660135127
1444.6603888079255,-2209.069363401806,147.35768181045347,322.3844935764158
1529.023020463092,-1455.920880756286,161.38041232329957,329.40999006858164
2339.7922383705227,-1793.3663014636675,35.03159780296003,319.73462051298213
1812.2431378163233,-2155.6644594453,93.42880054872336,307.5462023981295
2429.7086859025794,-1112.895935258707,-7.571599679792108,304.4363325946754
2480.237672960802,-2969.6259151161744,160.17003988023615,321.75494072021934
1183.5715363146435,-2593.5863822102638,245.78810808751615,331.76115872518085
1186.5109184600926,-2814.7140273349246,229.24228855514474,320.8485126649745
1534.3533334153421,-2899.283135489812,241.6832162251098,313.2039712758564
1608.1975326239572,-1541.9937237014174,119.63639709342246,297.66328345127323
1267.6315162588821,-1320.7641386997875,196.98985866191765,318.3192584050656
1428.674225602467,-1857.7993672899377,106.33902900404954,337.87558555384896
2956.8130703858687,-1780.1013289657487,252.52306499311715,333.7475857863351
1787.8596713084576,-1802.6945034105815,244.43563855793633,326.3233454043
2294.5424669762488,-1683.0155154017289,208.43751888130728,295.20672000515543
2425.1295146660095,-1684.977382335431,1.8141523764275007,308.2589417492627
2862.085525723306,-2773.5499367755856,259.2998083010955,318.2671106585745
1040.2098160188623,-1186.89794155097,142.37180276615484,312.733569909134
2084.963173072638,-2360.681082990869,69.67771943120431,337.5754665493442
1863.4537347373293,-1218.0006467188093,175.5593720638452,326.51738805727916
2241.7856058752527,-1701.3878162660953,155.4120891652217,338.3720659671232
1816.3959098905402,-2487.132684802604,11.646761829189131,310.7155369798899
1550.417376792454,-1417.2226428426118,-0.7943711096131789,319.68869097485083
1753.6190654437705,-2297.6359441902073,251.93974776789395,322.29307877290233
1067.5461276977933,-2794.815495971995,41.557882809479906,299.5877293035188
2403.110539963643,-2412.1163394451423,105.34530191021378,320.3260335724459
2138.8410691308195,-2620.5951179897193,182.66123863816378,301.672170179173
2502.7927355001957,-1996.6111037493465,173.3087679514313,307.3795427744673
2331.1281369631743,-2753.9648891603697,178.33048836105897,312.75626781494265
1289.4564984970184,-1373.0136864316178,121.97963046667533,313.844288093818
1362.344039936506,-1295.9189826971092,237.36707521494284,310.9285038774473
1274.5117532556756,-2530.749207784635,167.3494161804363,299.7112889625447
1443.1097486854808,-1778.2900883158031,83.93359448096359,329.9229425457686
1097.6390343748412,-2818.093149112174,-5.851446011933746,304.67137082792345
1460.0669684300988,-1813.3203335799515,15.14072971890738,323.83108756712363
2198.421286492331,-2810.8181073430633,75.63349077289539,316.5510672580331
1720.4187657037069,-1065.3678018624678,246.1041755139417,333.38366219551517
1885.0256235594923,-1111.1260618216934,160.09287083782328,299.00748096148965
2369.6648528959395,-2470.8734344394034,58.60242903383765,297.47635832776916
2437.4938147954344,-2578.8653230237915,67.39261735799019,324.88861942326463
2764.1463016054686,-1748.5406902059087,81.44730726903607,310.5643646610197
1902.6943306612184,-1236.9670552177129,17.146978879509135,319.7368855432259
1196.7186130697025,-2818.5592973387584,186.87672385754283,330.76675587920556
2584.349456108398,-1352.027575735196,25.998983946310958,317.90860462578337
1692.7860342033698,-2751.7906750632724,214.02540336204885,325.28873524182285
1020.3897861366424,-1476.7271617790004,231.5788816615102,334.9547198424526
2018.6454944417978,-2536.6906083681793,238.79157617032993,322.1421089367471
2899.4480635560753,-1457.4749128454112,200.63412486445077,337.2628350799448
1976.1875321903485,-1162.1756039644372,145.70263685498327,324.44041627286
1362.4335230004417,-1052.6237767357115,143.3736875877568,317.22615993843357
1471.8323987404817,-1196.7959833371137,186.61365192131757,339.1667700498423
2312.841825634451,-2120.0428967153694,184.69409758957508,305.2338314722711
2802.58965406613,-2524.557225102383,-6.095714735402963,295.9178402996316
2655.5987888882837,-2656.856489379765,111.8007169753507,328.4405611439167
1453.3555085489897,-2321.334085950043,34.420680823257754,314.65600469629806
1812.7403852170655,-1159.9523990717366,255.52250484706417,335.7439834634434
1385.3535808409724,-1149.6704415447773,238.88303748950912,296.90977979438367
1633.4656917385328,-1131.5734150162252,186.36420283930178,336.3587520951793
2667.8073560224093,-1828.1408873804266,137.4057021681136,324.31181760641215
2737.454516666049,-1077.798927487081,4.627956445441537,304.6256207250952
2331.1841467633103,-2962.343695981387,167.5008379977294,300.8506573016936
2538.633844332651,-1399.192795150458,64.24207795413712,298.3284265403093
2241.2890445740195,-1591.1651106758898,16.141556590576947,308.68222927325326
1944.8526131855888,-2030.9203352879153,56.172747384857004,304.0813121003659
1551.3073081210923,-2991.5313008766093,204.89586327776635,302.62437803625295
1088.7453717062401,-2974.2042755144207,208.2769072178458,319.73785181524283
2679.727658966068,-2629.2559260029047,18.79232831262418,302.0241045169572
1755.4637715041097,-2012.913450998029,198.0488764605022,339.8926613961869
2750.693577794186,-2572.3717529720316,93.31702407223922,322.556376591668
2694.8106106936802,-1449.6424687258245,34.650263544584206,329.11656234443404
2874.437732920629,-1701.3457270904944,151.11608719251677,330.4546083911372
1259.475835152028,-2528.1258945390105,79.45151151186884,334.84042064787354
1490.8787654464363,-1217.8629900329458,55.743207492521634,338.75805229909446
2892.919175640635,-1615.7920884172052,116.51371706672336,309.36864050196186
1686.2018451765139,-1712.7771910564115,20.884162378701163,330.1965852368774
1077.3020078107704,-1216.7275717895666,129.0082094436003,323.8614836573412
1144.6149174646548,-1926.0038733437536,76.47125545218768,295.22514267346514
2196.100203802416,-2694.5137499628013,240.98822006634444,329.1310315747367
2518.540451185944,-2532.518910908821,114.8235184952708,297.6430265087104
2847.911229312345,-1359.9296478453311,44.00823171600615,305.043370581043
1794.0693749063323,-2990.2313536873303,-11.626151352837496,308.84679555705765
1091.3575104259653,-1760.9189801667517,126.69092427300913,336.84918803625436
2065.020950857347,-2142.6650439335513,238.7037701528342,319.37078387858213
2734.0692365204322,-1439.8069634834508,172.410386064308,333.2463287088204
2397.0188452067014,-2360.7341815583154,172.19136729765032,305.17789506121767
2345.2964251819003,-1581.0904222030474,162.30799754582713,315.46046473257934
1360.4339765462091,-2113.8654341622846,4.8241239677557,324.3197253542649
2406.5208556992643,-2008.3690358134595,54.218789947883224,328.17207533480786
1778.6718640351846,-2103.599481657745,109.78908604339122,298.5006435598649
1284.6324682586742,-1917.3233336819399,228.42269012285766,305.5978255128266
1678.947129326818,-1334.539853925776,-6.407565877083355,306.96003101769065
1353.3527723571594,-1273.418657629594,101.87406724467243,330.997822937352
1129.7453184874282,-1885.9587895026687,26.653887237409947,339.94932650034866
1482.8959787884896,-2125.123081667604,230.84588123193225,337.2035705888263
2531.3623630345364,-2078.821114689227,109.08174981552739,315.3645681930104
1278.5948964467873,-1396.810372529155,17.442975760651365,306.84815370954385
1180.042630043675,-2929.5189613917987,90.0952169037971,328.9765852054004
1888.3965637813267,-1160.7896262354227,152.19578527515543,337.1845276381064
1030.903258424156,-1327.2022604284743,79.45139656327397,319.70802756660385
2924.075884533601,-2374.2067793783317,87.7092018291662,332.495722599075
1526.5465730850176,-2047.1858874590462,51.69344906206382,305.57702282691565
1489.7500439442772,-2867.358502595118,94.59135975417519,302.4796376704427
1729.116284476956,-1812.912385399259,34.19150048263469,310.7651786098005
1755.460077367315,-1621.1166312645496,99.94497928464487,320.37745458769194
2659.805506636346,-1684.2034788655515,136.88427953428123,335.4950345024723
2659.954251359068,-2675.1321052568114,158.8797269721375,338.48580632678403
2486.407413927399,-1600.5817819915017,143.64263964586038,301.86070006525284
1936.1397477361693,-1296.6817588620604,247.03034450412974,339.21629352284896
2847.813762849214,-1508.756743543791,104.9084054556389,337.04430630006715
1339.6565602070023,-2293.225481617802,-4.703110980081959,295.69617558586833
1849.456785955177,-1671.3389936950036,235.9875832081745,306.8828426229721
1741.7457799674153,-2288.2709808419063,66.53506298582725,334.76344584855366
1631.6932137024648,-2491.881587070876,252.03309355041029,337.46740718494067
1597.4077848261581,-2778.071410847361,199.29291205692135,338.5528499471825
1433.8245651131647,-1582.4498288572763,185.65756011563545,332.7598943248245
2156.661677436153,-2289.917726198974,66.44964499110068,302.6829337279316
1452.7826616772363,-2763.61365667756,71.07597439390904,298.4217287081313
1902.6920149870484,-2757.601507750868,244.17916105661908,332.25521961608473
2131.1216648052823,-1151.1237598853863,129.85124208939007,296.22196279425367
2652.204259278001,-1200.4928576059308,160.30581714236158,301.59250248533374
2805.359033906586,-2205.637949326483,172.52007868394585,326.5869145598006
2245.6314332262023,-1022.7290697343731,189.86273022171403,299.49384700440186
1363.8307417637302,-2007.2050324981828,225.99941435774244,329.676336128453
2941.74025494417,-1464.6248536383264,204.55467833066433,297.97385307670135
1276.6818932186984,-1214.1807649793998,80.26218231951346,338.93419724338656
2116.416223182049,-2460.894778100822,214.60321454104024,314.0257907570112
1767.2610873332574,-2077.9094050196272,137.12467961277142,308.9885783214241
2573.5165341676898,-2903.6332938435307,184.59054011288762,337.5773742244916
2003.5835770893416,-1951.2622319873924,12.89124307308115,314.5242638933014
1891.8060999843692,-2200.4199823967947,257.3556087602939,310.51499699263604
2408.5972292276065,-1530.0400844335593,188.1448863731975,326.2651527909787
2353.3695521392974,-1777.3453614597477,154.31041643059845,335.64660860996435
2579.6743926964755,-2830.3300392232486,234.5418179661145,333.2591662349445
2802.5244174050986,-2493.492797507937,67.1509804792222,320.07474177808115
1404.1003729996153,-1672.439151122401,3.4373832885894444,310.49774316652764
1126.6014312697716,-1243.967149975496,219.01783389323685,298.2562907107396
2242.6126274260987,-1454.4662882266396,73.04562005276456,298.9805334643557
1100.267170144697,-1572.1249296665342,195.61862641198047,311.53559490390757
2733.104909157463,-1446.6196569306207,58.14280856781541,308.5770627749796
1617.9144977098388,-2500.690728198177,3.924181126707648,305.2817370990588
2261.8938714623973,-2975.0412957601256,42.65709439042878,316.79599557008885
2084.145221998151,-2421.2927165091205,16.342253151726723,322.98848562307205
1177.1608071193,-1652.2583859026743,37.072870465150935,311.8720256017375
1252.1514533240859,-1610.6585055023445,56.79237137940004,297.8457147590933
1131.3792501471307,-2965.6649875432167,146.3769688391687,334.9726958614593
2265.359478905729,-2818.934264888139,197.61487259470223,336.5632488476605
1304.1036751790436,-1282.1304683269464,233.29106550601628,302.52337884389664
2473.6432007550584,-2921.3448813656314,220.36618588064016,331.59093459732566
1074.4098637309,-1041.7181112320877,41.0914847331706,334.73382641949127
2852.788901238033,-2476.0651591470846,-14.467669622567021,319.054543387284
2698.4921785029474,-1387.147105991345,4.200082421848887,302.8333647838494
2430.8068385646543,-1793.32780488211,190.15494804419208,297.25812926549963
2286.791907040835,-2757.57444078331,6.4376342822986565,303.7957716151784
2343.693725295406,-1371.7299651687529,132.89182549892524,319.49333092015206
2455.899269111634,-2597.5302458346328,241.19658514783737,317.58522177825824
1764.8288772999572,-2800.8327024597897,245.2617279110109,313.30222541428725
2555.6902638955135,-1007.1574932094436,87.97286348143578,326.0640544360454
1466.351088170634,-2086.9254018381807,231.56413188705105,321.4132794145872
1816.9988003036556,-1410.3928569368754,212.0529138310855,323.4155344726272
1551.3437648395427,-1544.7352823185993,14.274457968229086,297.07701242769355
1787.2850279455408,-1511.9515094896713,14.461689306573643,308.70968244378753
2739.8230628757055,-1954.2781908824188,78.42673368029061,300.75618053875445
2430.1177402793564,-2191.382714656035,-1.1802184108779148,317.82731267075883
2958.8645942143326,-2408.7632975979222,96.26236484992617,326.25890186078755
2151.243178648114,-2589.2189031346024,27.436868927851542,320.0870422795823
2576.7446515889114,-2168.5962154388735,136.8227772201163,295.9253999886021
2135.2472807590634,-2480.9788781693665,27.251714528424657,298.7392013919535
2468.7016817808035,-1293.8229326453363,116.98222235017042,325.610897937511
1594.7154843427106,-1780.8516125316585,231.6380928729681,332.41381529814447
2205.8269733270636,-1574.1294928493155,74.79922345454044,329.83653368510306
1551.6794390433279,-2554.8001497963387,74.51361294354062,331.78796392719323
1557.418735285598,-2754.7059892269685,10.771261985833714,302.14858652868617
2505.012368955896,-2393.49846990871,7.554217092488106,327.6842755924154
2224.460567819454,-1607.8684117150053,133.18595142316153,296.54912530237874
2968.9813762374015,-2027.247057553088,105.96723226142873,337.3173436635017
1779.3547526836578,-1317.9110163399,29.835883320147396,304.34279981679384
2790.3239257372566,-2741.8445234007345,46.40864225973151,323.31735350883787
1158.3670561993267,-1295.924557054382,-3.1479753671621538,322.4137553497698
2347.491881358151,-2930.2316214939483,222.12470834384322,304.88069015096744
2708.025658303509,-2887.9995274287894,172.8869345562879,314.59261921114364
2670.6502017266776,-1268.9175616967204,206.45923363587946,309.505538220725
1882.3670472632273,-1742.5086324683907,-13.404323929413959,301.0611078184073
2385.1579178539387,-2555.0925745359195,214.20737818857958,323.93651370957764
2610.092074410717,-2549.1487094349177,11.306131089023989,307.1311630803983
1565.7316569887748,-1879.1864241865392,146.95525133539883,326.4210976971326
1699.3139239963568,-2601.5125070476,203.0000278675105,298.9187985023134
2552.862817948922,-1812.1386860974815,184.40711809748993,303.11735393592227
2967.9631130296057,-2205.77494132858,0.7358139510253494,326.38398054233227
2305.823577827844,-1115.8665897772185,149.59920210559372,313.0377400099887
1729.8388333443504,-2604.932508279815,38.188524912439775,337.5455904193951
1568.9480677493507,-2172.070508723021,84.03514776193855,298.7106283787775
2929.589177693114,-2301.0936616098293,92.75092133742086,300.79937141115687
2389.146236029217,-1326.9815389794478,0.5782074098737588,309.3851346026381
1201.8283424526949,-2384.6925003930273,250.6251548836002,302.93166842934676
1865.6119546344607,-1124.9020393469075,190.5072650940506,300.6988214791164
2531.6170693774775,-1053.15119695652,109.48513873113357,331.9565880105083
1998.1327875017073,-1098.0657104410489,87.47629621491993,326.6411626295092
2850.8348436224537,-2867.0902942888383,209.08677245101757,301.551516591279
2774.1621700248543,-2893.6029754052315,172.4714275170507,314.7885796059075
2160.3676077286145,-2282.5216094526704,141.19442752747338,339.34246797178014
1404.1983803492471,-2520.439644038635,241.9881703738609,339.897024612651
2748.8554272555375,-2105.5214407553894,12.884461349983162,333.6722906659762
2622.836326806583,-2869.3544171447825,205.63410325975835,313.2101942533625
1120.2209578769014,-2889.184158374966,106.37760717460647,324.2195597698588
2609.831429805523,-1540.4755241490263,80.79277406542552,305.3914799811248
1567.5227971113618,-1490.5652398082523,245.37659558923377,318.9266618667194
2102.224192459271,-1472.3954149325184,108.42618910302711,305.95530073721426
2180.489685084576,-2707.009665356214,95.12377159353329,301.0527031687913
2826.901660081223,-2850.546644205697,254.55407175457412,327.0014522027616
2716.5710287970496,-2384.063646805227,60.22462155283411,309.0814660936568
1517.6367387442533,-1037.7716739977059,190.71309739814285,327.07069296279866
2993.897485886787,-2692.241338203418,23.531182227295403,334.9533580908079
2195.4921036250785,-1432.5523273975202,46.52987221782221,333.3931482589491
2513.3548916550935,-2777.986298496609,245.1299786099658,308.67565843386086
2405.397437773714,-1946.4996986131546,165.8086780252576,328.46202723546884
1563.2262780201722,-1237.0434381342825,106.92635692178763,317.72231024338646
1871.141906077968,-2844.822188107802,188.59512452928493,328.2845924384876
1439.706318127155,-1414.9773222113054,213.14829015504003,337.59088771177744
1927.2125618846862,-1794.461188227729,173.9599195546469,310.8155159690207
2637.616708815745,-2655.922529862587,213.97786741009304,330.6718661689117
1641.1885103961322,-2256.99178080343,0.41259384634389384,308.9252018123
2961.564821854405,-1268.9785423118071,52.42677319605713,324.9462896314573
1198.6214192617092,-1735.705222038857,211.76688295728445,330.96111524068704
1004.3351240368339,-2833.9401352195273,112.56552894412276,316.6925271768215
1039.2785235381346,-1641.4103602338168,150.78493717930928,314.20762141387803
1199.2545194042125,-1472.531795664869,20.245530668958203,314.5507968077399
1036.3130753381367,-1956.323651924225,108.03164401001601,303.3087144268629
1712.638608246843,-2760.433486116155,167.106681992377,323.6969442423801
1174.9282480638444,-1056.1389727177889,87.2597736277104,298.28767705047954
1589.7799138035907,-2838.3642096178837,158.07584653506822,336.20484469109493
1869.2691455139802,-1626.497044546819,244.47740965734806,330.58669512009453
1056.9885825936935,-1724.101785067967,157.89760083561848,322.71855211337385
2943.829291848446,-2593.6557109724836,78.13628096635217,319.96842223945407
2903.9039848685234,-1719.8219068293645,111.75977303084068,308.25463286780035
1460.0557757414288,-1537.2594520197313,131.90907767263374,306.38536072764435
1766.7446145410804,-2055.254643586776,121.022995411854,330.9013903279682
1242.8019403585108,-2973.768496626153,35.32609469071903,304.21471720851895
1912.3727339171105,-1721.8928294000045,-3.2338363001609984,339.4520593504895
2642.2901498888937,-1331.7910166057502,43.13004510132672,304.9622888950942
2635.328528491431,-2328.08223477969,232.10928939958558,306.717785726554
2432.736442100179,-2265.9950436295358,103.78212620017081,338.0378083329707
2587.304727999436,-2035.407973082784,125.10473955194675,337.6368945514769
2800.6040586510144,-2537.9743792706286,83.14144900247842,318.30096445604676
2492.1000170226594,-2492.573536318762,40.64759307711658,295.6031268971824
2790.0872337104793,-1494.8861209813722,225.0941910933403,307.9216954050324
2900.2087608807574,-2281.7386884388916,77.31557976561542,336.40737533923186
2265.26288079548,-2962.249919327206,247.59520491293733,298.99870546913996
2934.044116416677,-1947.5109179489843,252.57572237807693,306.6078970267077
1195.651198789442,-1614.2076497097228,73.60230539411373,313.20936476200774
1512.2431433749643,-1936.0430779856836,-7.824418141241955,299.8653532782592
1106.1567209502018,-1423.0571253748656,229.9459100352834,299.82310825059096
2570.4739416594584,-2177.6611075596916,45.429024088240794,303.2975251270186
1639.4848556334018,-2258.4935974083683,61.36109207316652,315.2070579065445
2692.6456051175483,-1520.490398276589,220.1842716801028,307.0487740401736
2552.5870297700285,-1411.3450483892168,163.27765801728586,319.7680321795427
2306.2145760818275,-1381.089476153093,113.99881942616952,299.8404169237127
2147.6174678779,-1498.0494650395176,224.17231040304583,323.9078832853834
1535.0120374263438,-1557.9122011596235,223.18230699127324,323.7383553856335
1710.1338033083593,-2632.998521494488,168.39744855714372,316.4350937713416
1405.8549685062098,-1626.7157306378892,143.2011821460203,299.1548056432527
2909.143362503398,-2341.266416446613,38.01743857137468,309.47439370174493
2921.9271487106294,-2335.325201525283,-6.737034665292713,298.06098994396734
2531.382565979279,-2227.8207179093533,77.8893755166495,325.4850449551028
1433.9620964454996,-1799.075796713655,145.24074120009334,320.8058538309909
1623.8142727872919,-2375.629855291283,213.09911599552757,322.31171153047
1439.7362875410308,-2723.1039886537746,201.68040159249372,324.3369959707809
1904.4992850404212,-2601.3827056393416,199.40667431025201,336.8579897766657
2004.8546855594977,-2164.8402492233795,80.83130198052115,304.83119293963625
2288.1932126107895,-1081.116185660794,1.135965571032827,324.6676130521022
1024.082065330017,-1643.2257676919203,255.1747918089713,323.38364151013775
2440.736596745933,-1296.0172638902864,213.82219001957435,316.50145614040093
2768.9930888944436,-1682.702129867769,65.44354305003309,297.3310402850979
2027.5469915220294,-2551.1225725565887,106.64266478458283,324.94998575216357
2892.556287299305,-1513.2209189996768,209.67116023786718,320.29901493679915
1917.6633338492932,-2866.7931977404596,-11.153142753776553,308.4200420885243
1777.9359030357482,-1543.446577561238,248.50726620996772,328.05467611486966
2178.3915374547973,-2350.484164728994,114.06104241247465,314.93568309165727
1265.9756257856702,-1208.7619092364487,56.40688711107748,302.09424523702125
2969.210368825994,-1827.7611769479186,201.94018877226193,339.68664407614585
1392.4450953226722,-1773.9500464044556,7.502812400368626,325.4948430582798
1445.2542649942918,-1925.9850621245103,140.39567742749097,339.7923957945189
2264.030362334621,-2230.9184596369023,138.60846700979192,327.18183756760686
1647.0046033678263,-1249.4145132536141,159.19711561084648,324.71612056037526
1809.233907836529,-1072.3483381197748,2.4355720338846503,307.45395887163033
1086.1700354488667,-2583.0346071572817,190.71411578067023,310.186182091675
2205.026485560261,-1732.5758895271044,187.55361261175912,297.00288666180853
2255.55571178433,-1643.6828662170763,60.11681315391995,325.81152364246486
1880.0708030589246,-1361.7891363228064,188.456047236213,332.47399605382464
2230.4954492250686,-2424.9450518543263,14.823918041830495,310.0689662052171
1139.5147482490174,-1658.8658825986167,-14.399586086664756,317.9378877275371
2747.772839176453,-2033.6447690573732,115.1515130544883,324.73924965134444
2597.5263817406244,-2247.525940695264,224.741397286625,321.8799788168961
2839.356510332887,-2892.674413433767,258.0443135936982,324.6219139942227
1975.9227050199906,-2638.7276712298485,136.41982064081637,334.7339180252911
2527.829853560348,-1895.9043665463148,61.45550062519503,306.7248135158469
2588.3919393917777,-1163.5451809463552,104.09444755483113,298.43839771512586
2681.4823899200633,-1413.3415030815947,259.9933934327665,328.18180191386364
1115.73628552122,-2631.3494523871823,247.09741854342474,321.33179905951124
1946.1452894538315,-2437.6661473592103,55.77699119341612,300.53092827960944
1708.4921766914904,-1444.303751599926,144.09269834648305,323.3402444064522
2425.9760026492677,-1373.32079084928,50.437926807099814,299.5080480818911
2912.549494175848,-2280.6895996946996,220.27240907295396,327.436363579803
2455.525077631464,-2082.926730116319,182.46473084169048,310.1697571057661
2826.5811757191923,-1341.3554322019265,83.25771248020803,298.9025413741535
2357.1989064768613,-2060.8692678200614,195.06852013137075,321.59828630077016
1686.4477270134546,-2222.135295808962,194.89729266660964,301.9882775308534
2111.533525170794,-2868.7823671215288,87.0981511185123,317.9699409573475
2279.6918987580902,-1960.9532641838707,6.937097467850787,334.8892546086337
1933.5557169957078,-1503.8123079680126,33.315266609873035,307.9197757198806
2077.5996805660734,-1583.2631845530925,-5.641325430561215,309.05770078757206
1381.3718010944442,-2945.8991741281593,233.23112192983908,319.8505278281518
1017.278177896963,-2950.4601320545553,183.32837826249803,307.0896980371066
2864.567833567806,-2422.1431884120857,107.6529107133546,310.38329667888297
1003.8310334657035,-1868.392949617787,103.07486642613219,322.6778067102893
2782.4799953369657,-1882.313365490508,113.40835672106363,329.19102007244135
1848.1285299420945,-2048.53725017549,179.32868648109482,296.7358817849504
1955.72021275802,-2684.96482773146,44.16515943474163,327.3242173962993
1401.4761972287938,-2892.1898559043307,202.7398024983259,309.73866428889085
1774.0184903217514,-2548.861627643617,209.13984294013824,335.87369088722664
2286.889646719915,-2465.914063363407,166.42969457532394,338.33395825400817
2847.647957953325,-2997.4128773400657,185.3171973661009,305.28014550766176
1933.8487298281366,-1722.668148875279,101.75101536826625,338.48096673596643
1109.4697556123808,-2469.583404544892,158.64722114014987,336.9830191376989
1015.0364638609617,-2645.794328526263,169.12050860701927,305.32024146129896
2135.1410147834167,-2467.104944218017,140.55184210028636,298.4184024685184
1062.1654134192354,-1039.3901730020548,47.78274461239889,315.80730964936663
1955.5811326202759,-2505.6044146054646,-11.12426451073314,312.92614415237756
1926.1402896863506,-2868.305139577847,29.572305593723136,309.49630318278145
2129.6633415075285,-1920.7321950225676,19.801696269234796,304.6060573941012
1057.4707103971243,-2255.656832874165,54.65219827376336,317.76539522217297
2009.3833155644702,-2002.1640943847433,244.63207929853655,302.08234848535386
1290.7815196550325,-2864.2955656311997,45.2503519803897,331.47774313164206
1266.9527378216067,-2156.725334338458,227.9808225358009,323.7720643302213
2157.9044416824813,-1025.829762627493,148.8613212208843,325.27625342668966
1678.7721863014117,-1369.8650150949004,135.61213237935578,308.1632175569323
2189.921095125301,-1980.8569187134783,167.94862291427526,303.70118225644694
2987.0954282014245,-2547.6237569399755,83.61998090081057,308.163525858653
1649.490193291477,-1164.5502508919162,144.6913552742105,301.27258313054284
2406.637846757568,-1525.654829090069,-2.811836255015038,311.81143097126807
1677.6567872472838,-1627.8689375283943,198.7810058138289,310.56676483731775
2062.7479691977987,-1897.8744187256855,73.77458805155496,335.02231920667964
1758.6979800444296,-1505.045221401646,62.20257729490943,313.25484382288846
2891.3569999232705,-1206.0227756122608,205.81191617298512,318.15325444808235
2584.914325173391,-1780.9181730420728,22.954173366095027,318.4118215273974
2329.548936445016,-1655.8146734111328,115.35511248494345,326.73515345042097
2585.70287237309,-2961.065494123664,107.16116532442226,310.6627699685469
2285.4689876080884,-1263.3389917147867,175.96048539866464,317.7162861219333
2565.7963808048125,-1323.0620828524209,196.32539486593163,339.0463461556535
1965.4945208369268,-2889.2175758112944,137.94728077400106,300.12802320920446
1760.5181196842543,-2569.557296492212,155.76576623272595,311.27702950522706
1450.1327057044211,-1884.6988706686443,109.62692824896884,308.7004595690221
2920.967011908268,-2327.5224472924256,245.3592443381727,317.69756347760375
2630.2646491610894,-1503.4951588473036,103.65163174616417,331.6701392450828
2900.042882194577,-1064.017706013096,199.186170149592,302.9714965007429
1645.6166083314238,-1850.7987086643216,129.32990858736355,320.6345043423857
2984.1507728121887,-1833.2895753220214,227.05002948133398,297.6250276800391
2621.513579249445,-1044.176355076148,241.77495463083568,309.73312895858817
1083.9577348752593,-1860.9897779701803,130.1034941711969,338.0838860915909
1199.5754126028962,-1719.1965664668217,115.98580783989786,300.2824294932505
2572.28901307313,-1550.2242091328126,13.174210860179567,321.08571245894547
1897.8835673230183,-1071.329973151845,124.01688703014383,336.8192258177663
1364.7905711733347,-1183.502936593797,250.4608215358876,332.48792309502176
2419.8579508432185,-1589.469667436501,21.725595233891738,317.81065494961365
1210.9466325206517,-1591.6620887619722,182.44152494905038,300.32906522470415
2104.5551199893125,-1566.7860908224668,62.58434151163151,334.99251044054245
1333.4629530986574,-1938.8247758998493,84.40301098546635,300.59103151421584
2016.5756170716381,-2907.8687995572636,130.3103211130093,326.5126992482088
2990.9386241887873,-2770.607468391898,32.17692380341363,319.3197415654727
1468.6243271728617,-1870.9225146703916,237.41766777334146,329.59834043311116
1116.753453555802,-1169.640595677981,9.299658129048328,326.7443948032921
1246.1263407766046,-2399.911044425845,254.12876479991314,309.5752673765759
1436.8172646094492,-2860.252305518036,27.990699340516578,297.4808353395624
2481.688222222173,-2044.119607142912,-3.997610480076677,304.2143891890096
1099.5024215088447,-1218.4055535923796,-10.556729770126658,304.0212670453339
2623.9469265422904,-2309.0554286321544,-6.35359982237466,302.2763605117769
2060.4335710048363,-1661.2785476601412,180.8322319386046,318.023206074113
1279.4255536788246,-2543.293177618212,134.7924041019443,322.2136988870251
1119.3859131657207,-1473.1263289387662,123.84096312674032,317.0729995998676
2827.9402425827375,-2363.847998257881,42.3306687677518,297.2126003008105
1191.3893815280278,-2677.0161013092106,-6.863079873528362,320.71366698823505
1974.391321756586,-1739.3813260362203,231.41615320350186,338.2182880384145
1176.4683533856926,-2511.983812813571,98.89481056547322,318.4054646964738
1276.4423709814337,-2822.9605464977426,47.733687723148115,313.33955488183517
2046.0213603120565,-2310.9060135539585,-12.619037381030385,300.7857636951638
1047.2686186069354,-2610.919382041451,37.93389040883007,304.53421820589256
1298.7684090279215,-1294.3115550827297,128.8802774393394,338.01306964266394
2070.858536993432,-1746.1746669122374,237.081631126709,318.5530590187107
1422.727164772281,-1205.2887333871447,228.3218200353981,303.9470522122991
2409.3567016902066,-2982.845508741533,241.9199255526986,320.5739144182633
2810.084721009045,-2462.418540886898,108.68731637948447,316.6989380880531
2518.0365154907704,-1784.9393165069419,3.3918493183215226,307.1478264972218
1536.4657994437184,-2177.561600671088,49.195506455819086,335.9260544049117
1163.3370576213724,-1062.05166617287,121.16074703633788,334.04457405453576
1669.6309749488962,-1536.374552332115,155.9816902791329,338.8229850166281
2578.2370395783573,-1757.1794426126748,240.2163391370139,339.236858733701
2286.7590430186015,-1352.4743719928017,112.35174190005804,302.52662824405405
1838.4116576125944,-2260.622093767118,95.25288490992371,307.1435687441745
2570.5986756401417,-2111.2842321640032,26.46445316789829,305.6355385547107
1729.3941137888532,-2142.6076941671763,232.83195656334948,310.74136084966597
1321.557064565558,-2748.079209602401,56.38947646063919,302.64445996537233
1496.9158068726092,-1417.3132323365492,8.707874358158296,317.75292281942933
2752.5440520288066,-1887.2025347745343,104.42781039796765,299.9818105002379
1633.8844918837412,-2112.0371570109155,9.802766609312261,337.36520739357456
1882.1604957499903,-1181.6783697314415,-4.910452111299971,331.42749982481223
1718.1624425392013,-1131.3132080331259,149.10756914054838,298.7207045167745
1395.346676878291,-2422.375141020847,229.06646836720745,314.1646175454055
2530.819410889222,-1342.4860136953316,208.64739161447872,308.46232153948216
2219.7251712074335,-2441.518828358503,172.3996093194512,314.2121152616786
1073.6661402805253,-2655.7581186388425,84.97877347093795,325.62228066177005
1928.3158804811242,-2162.829620471827,82.78605144781143,304.7135594809478
2473.643603613101,-2825.153164472121,19.73969063477731,301.3595815439221
2620.1574447065645,-1397.584974393617,240.27246265276665,328.17616086427995
1861.2643869644605,-2748.517390132502,46.31901097452318,318.8671407178124
1499.9047505569338,-1179.1233474352653,107.47783899001936,329.1605932353774
1417.873366407396,-2245.4984553263625,224.42648701661346,307.56866490266685
1568.0307550332857,-1535.8914376229927,67.7282579689472,319.50671387042553
1319.6725699304293,-2954.6254404269116,98.98626599726798,317.1983671976525
2144.722712013492,-1176.794908956092,155.66613017107508,320.24170636972536
1558.0977117227037,-2184.392639180027,-11.184978829941853,310.5211324227905
1009.9273414191223,-1319.8971187267164,-5.724471804277581,310.50286598055845
1152.1762972846595,-2656.3806967485066,187.34105057406987,307.5760218229913
1841.7635044992708,-1736.7795067742484,233.16597159042527,325.0053204054872
2184.163540455186,-1736.0547995146862,8.526578226938497,306.6021747666517
2974.417965675814,-1120.5743732142664,32.43268751784013,297.4830652942431
2629.9161605620225,-1961.8047311935143,142.54415966344536,300.3370404546497
1830.090491724583,-1652.1222049092573,48.37396225737999,299.0570723893366
1371.2884659426618,-1720.7818875197706,30.70003675565679,303.25018675288163
1098.3198058388468,-1584.4010458271007,84.69180933138618,305.33862957570517
2468.281337946766,-2547.5502001611203,69.29496156544724,314.684051015571
2932.425274150522,-2660.9784101905398,124.46158526119541,306.3193851969118
2082.30541069618,-2155.710686392271,-13.268336394670854,332.26622787351977
2837.0977655124025,-2237.0708612278386,247.07944742979907,307.7951069734757
1796.8600341035653,-1946.8519636823523,215.22860617439582,315.3733855100168
2991.1133280439917,-1997.325502068467,106.06214962457365,323.10908521169506
2422.157005608371,-2957.8627701873793,143.2488971831028,298.98856287186237
1000.4077240250678,-2473.9478547374483,115.49669335993659,314.5230827679768
2174.3978311411392,-2246.739344270652,250.81038897912504,314.7490649838102
1582.0629444372844,-1982.1696641291005,-0.9948825578699871,301.27810868145957
1403.5197044368244,-1867.9957607566544,71.60165468786745,335.56024071238625
2255.490699813257,-1093.2276124932403,-8.760702145831484,315.88972867786447
2821.4565863432176,-1740.385313003955,218.67403985936568,314.0666897122172
1054.4953315441737,-1049.6275758876834,106.99191996417031,328.7806358733158
2243.5567249101005,-1385.0608728998557,4.626151661490336,306.17879570984184
1061.4612918594055,-2169.429062706685,44.40585079812279,332.46874682716765
2287.683253904499,-2323.2356781317317,149.89767552604755,301.95110919555816
1793.165564993935,-2817.2366185062638,223.81893393214852,328.66932209723296
1610.1999525905376,-2827.8394919209636,180.82070735035595,300.54704707490987
2858.4432146123727,-1028.2316376326257,102.87501068826597,314.1668485020155
2517.1208464027645,-1880.1009904426317,134.07705845038973,325.9830258711413
2437.544573544752,-2897.868462665771,161.96308371350335,328.9579022739565
2571.9177096187273,-1800.375602754236,66.27417871253076,317.0746690111311
2615.9842703493987,-2059.617413869256,134.84709708546862,296.5421358337809
2254.569809524818,-2839.4320097913446,186.49593732116745,331.2175303310187
1689.447937204805,-1488.735553657916,216.83983555069594,327.9030711073313
1932.5254254777735,-2276.5824733117133,250.42888035033832,312.05143565179384
1818.741105532868,-2447.988495111451,43.63202011891308,316.74143279036855
1458.3033306386344,-2324.948138315407,215.74958311010693,331.13069283564437
1850.2893373890442,-2868.7382254564404,15.679352440827426,297.532172736578
2554.1188503628264,-1946.791484250916,115.99435265341623,313.556806431443
2267.633870094266,-2249.496542875033,111.70029801895127,306.48543323902044
2477.8962932008794,-2382.3518109398137,135.51428604831554,300.42730036946267
1956.1289626973885,-1129.1650979232818,35.43285101070008,314.37810567984275
1791.1856025726015,-2009.0937048660671,199.63151507479725,323.34602696105503
2279.24821258288,-1363.6404110817753,139.56886474230535,312.4032063845185
2959.1325228781398,-2586.4547957416553,173.59432744578814,300.67717351438495
2879.6036102113335,-1822.9952176884753,58.793904188557974,334.20231442321034
2728.5839937860646,-2674.4753465168183,105.49563122877785,306.04438873262313
2715.497934912274,-1345.680697402899,239.09738200592366,338.5124125821714
2882.5726256996995,-1431.2455362950386,83.73325830650809,319.2172290046974
2760.7855311731973,-1821.3119985341355,69.81676293005876,319.223178039669
2262.359757455861,-2849.574241814356,180.7518350367287,329.73468658759157
2295.6574054525545,-2165.536361044943,97.57148494627114,331.94604910195613
1942.7711458300823,-1911.3728841544632,104.21561680497989,327.23237376152395
2660.965689127773,-2790.6507198352137,-12.92247281326647,310.7075130061942
1983.3270823219482,-1302.3511804297839,231.8992156908287,331.91715375458205
2392.857652183319,-2218.061699221583,200.2366349219481,308.46604290368225
1605.5773074467788,-2792.949261962764,54.1479075753991,338.3078619120509
1415.3200709335847,-2506.215616488201,-4.182004345136281,315.26849458710717
1735.868886925729,-2324.1429759719035,140.9691329795493,327.7010004670393
2415.3006610633097,-1466.178563796854,145.6640947082869,319.60322934630125
2380.76227618128,-2958.1655556854485,255.40296311212853,311.6064783591901
2786.934092950327,-2023.5554770123795,65.39363797241604,305.32099101765397
1530.770710005451,-2683.2446396838823,187.97656514784057,313.63825863605337
2345.4479018913776,-2255.457009653424,5.7185355247970975,313.5208463227692
2064.558248797731,-2743.325712552716,13.316338087532554,319.9417854254182
1851.113685848206,-2298.5697969918747,1.130706398276761,312.5767287772366
1709.4494155955924,-2144.732003147812,9.452575403219363,314.8854845102646
2714.795274293303,-2739.8204245083434,214.1163482997752,310.0984006016476
1162.6979301654908,-2169.232254175343,-13.176329388013073,318.1046186453104
1909.7744995861385,-2571.294370669633,143.76930172704573,310.4996533820887
1693.3910104193005,-1677.8530526932443,159.64573909580258,309.4120129348404
1820.6583893610755,-2173.2029564505037,171.89109912785472,297.86336599642357
1815.0517142675321,-1219.5995152963515,50.90964100537292,324.8608424711576
1015.1134017957784,-1992.1543428110485,30.69929390104457,311.9336422751464
2582.5649833892207,-1813.6708647796163,130.28569946973272,311.2611200343048
2835.5251715540585,-1675.1755711967505,196.4050646573322,324.71561851712545
2700.8692468448844,-1412.996194111188,235.67975809126247,317.64992737864367
1514.816147608836,-1344.088614517243,115.05876045794477,337.30293607668017
1803.2711902782012,-1052.4557760070074,181.03731516865344,328.938660716766
1798.1363005825647,-1482.377258406092,53.930649739547576,324.6478793009593
1043.1018510024976,-1935.3453684370022,17.042712573012743,308.09760046492374
1726.0257140826823,-2753.3239152098927,139.45440572996458,336.1120821064123
1089.653230110934,-2780.789517146612,134.55807552235774,307.73735344757836
1419.9473838263082,-2056.1383546695333,152.7496114446515,313.8819959664108
1589.7990164078315,-1257.6878691382117,-8.516989963297572,301.97951692204066
2346.8896531394157,-2827.871656067158,150.58141900977606,305.91556974026037
1790.2180830366328,-2604.805710079478,132.61260957799863,303.74719973145665
2628.6670818062607,-1745.1597545121094,203.72216459744993,311.33078448306526
2598.156629553374,-2572.4101645704363,72.99233048490758,307.4610605367077
2962.7367957387823,-1487.1466986047953,203.5002745051481,320.0245534144433
2741.064625285331,-1701.8492055204483,92.5432366412005,330.8038529335929
1065.5566746699524,-2383.9799629952913,-10.368533938196915,301.32434684493734
2116.966850120517,-2604.475302198519,20.194158468545957,304.94506638999724
2796.5530760549373,-2982.3413077412524,183.9765531003482,334.00570962020095
2823.070558252759,-1449.39666958738,88.94537129765098,331.79198393823384
1174.3937868335659,-2363.342370679084,172.9327557767408,311.72540929016895
2915.8958804978756,-1813.447171593463,-7.2512125943381305,308.1510108522335
2787.487793208561,-2053.9835833624547,29.991886556789318,336.5373069651324
1663.8149073351606,-1083.3538064768454,44.46018563412403,300.5637762465439
1579.5031357834673,-2547.124603949468,249.0877739804768,328.48519965454165
1961.9128381965506,-2489.278953498188,64.05540984566154,334.58777144153976
2711.012958565224,-2282.6669995814877,118.24959763538743,302.247900280615
2625.5519150238347,-2247.578732558528,233.02026617041042,301.2384425709226
1003.0560112525353,-2525.436488005039,143.58107709591502,307.2177424803702
1106.462926546308,-1040.9218585577426,139.53019371986628,322.49650609662683
1637.9531007057658,-2277.9730525535806,103.82430640232067,334.79918659334515
2743.1374310478177,-2187.5706653741686,233.21765356044364,319.70604026616473
1614.4390885885055,-2341.094607699035,114.40799904064735,325.0349645442267
2348.780996370171,-1684.31990249794,222.56344339637891,335.4645040561709
1255.333279807173,-1253.1753240380924,112.24610038163424,332.25476880367495
1541.3498903822654,-1354.5267621562882,94.48428236855833,304.81330128998917
1336.5084624269073,-1776.163170423372,100.96337778978403,319.2054757930994
1575.0118942077088,-2933.7009865980413,60.62401956507625,319.84537394801345
2611.649478651166,-2583.0381461704487,83.35918226646298,335.5448026790156
1670.42008877043,-1233.6128983475917,89.3431963768159,302.9343506747378
1186.9744251869095,-1649.1913211760902,243.8817116898578,334.13118689135473
2339.7501218520883,-1234.6323660309154,148.71816683850773,323.2268296707377
2493.114701168837,-2562.085800413535,71.55589842797983,306.2544742223742
1415.303792691135,-2337.6916387843467,6.7702413126076095,316.4816406004979
2514.708863401638,-2208.2316250111,4.5955160568685685,316.00597465014266
1248.022448100892,-2613.2020099178417,244.74902013408587,316.4098282285039
1486.4750403330693,-1611.613276695905,89.25794199366304,300.37727582816666
1073.6537066750523,-1039.102324519,31.679093008528646,308.93174208366435
2002.306967620575,-2425.8610692712605,113.3224438360771,299.0280103326602
1975.9922989730792,-2559.299208392497,84.20068477148165,295.0490343834204
2863.931645931025,-2897.2053925905893,227.80900127306305,334.03905007437646
1147.6084520907275,-2504.0696170643487,18.295913028569963,324.2040270349643
1936.8891933400575,-2375.124341842743,159.20670155303972,336.20781882654194
1487.1454956924688,-2998.5455117738547,13.990006106459688,323.15314428910983
2287.0493750301284,-1265.9780782972775,124.14213841521635,318.3665201390918
2377.9443500334505,-1962.836067695801,42.65942494737382,320.35783020501225
1117.615652299841,-2920.040904745986,10.441596347055125,322.54103462874525
1105.188372962652,-1386.3172544814458,194.26235611546252,334.44132909614757
1025.0587842313407,-1408.4505715582497,216.61485018804444,306.06305235181804
1859.510870211525,-2960.434677139947,76.68638471455003,323.5307988897962
2295.265039451745,-2744.4205702628697,3.3813223588750034,322.44214368331575
1223.8004893591249,-1919.4118874051583,148.44278803677395,338.9632125339786
2136.636477324798,-2029.8427720176037,148.39534539039545,309.72797608102064
1457.6597075309614,-2632.3983722607272,107.83310272785508,302.94572846557577
1609.200064746467,-1494.8331924941042,41.54567282058495,308.5378587741208
1530.7701083860825,-1119.4349664543354,110.60609430085233,328.6852886844919
2279.970280331336,-1360.0782878072491,24.127870246975,334.118540129452
2062.365785284725,-2355.627789468216,70.8988034432587,295.85536229947417
2504.665418363773,-2889.546229057354,80.49342684064756,327.2409513972998
1688.6808834019216,-1361.5774771542829,61.5617846781678,321.08659744611475
1958.609012117266,-1058.1858481314678,81.80976335919627,310.6511055909812
2502.0104921480224,-1852.647950375823,46.12412239425822,313.4195654633315
1577.192690628304,-2267.894473215483,126.23228421516623,333.2781892841069
1598.436194519747,-1903.4720415945505,80.68758398840197,305.1400253129892
1277.1666180474524,-1174.7070028715002,144.00703632499759,305.7573793599114
2857.481349316115,-1180.9940243872707,127.74486096285082,301.7805827719577
2031.1942460350706,-1466.5090086166792,213.95834793425337,337.8768471469051
1517.7006070615453,-1264.5878963785458,42.221973781938466,329.7896105936289
1303.6530039721597,-2883.724770920054,229.72433262693346,305.82729772355793
2845.784535959079,-1142.7648385712544,240.7034896440506,336.54855649294456
2215.4389528630945,-2552.601595474403,54.40835559123252,302.3735499783427
1636.7205572461094,-1015.3908808598999,23.87060349844665,312.847148248527
1400.4824780410624,-2700.9688403050673,28.46602969619677,333.1858486910256
1243.7884539322188,-1955.7231178617694,191.75501175809075,301.97153689888654
1726.9043685245522,-2370.836962518005,182.12746536519472,320.64308342025487
2759.6978707709095,-2847.6977487211184,252.37638654579143,333.2455836473836
2562.0958003664464,-1396.3509495196356,31.896676383868794,333.3848845061831
1916.764998173362,-1971.6898512862228,145.6455872751573,326.53819716459236
1828.896582704441,-1842.339686784618,255.5270009115817,338.0210323405473
2848.6752164685827,-1493.1387463245592,71.9186933710609,328.31503356860674
2630.0566194798266,-1661.729467405796,-0.45886909408747734,315.7574471825372
1071.0471030263402,-1919.449074578716,230.68205755505628,308.32584218138936
2202.0307629021404,-2008.112807312401,206.60204658631943,328.7995766323595
1117.7812232429765,-1612.7618703590188,79.87538735012613,321.5548766702641
1413.7158393749642,-1582.656673119735,-8.727095120097555,306.7897092387086
2211.4156730302793,-2533.104002086701,177.02895705163755,318.1052925088856
2034.4135360691246,-2644.578126259129,163.0146104962776,334.48589066588363
1990.6061165642097,-2304.0105170155894,181.7391387494671,305.18707707229896
1217.197634349084,-2734.7195042505127,243.66642346027737,306.91080047208413
2006.9303420892572,-1647.426481662893,259.5719746158596,308.3405949499813
1111.3531738855397,-2006.1535471029447,84.8701340699402,319.5967784616474
1488.6665078101,-1593.0598105203885,237.93108533474197,301.95567453682315
1053.7856247606342,-2060.2074652141996,119.89451894983151,324.0761440685163
1615.2012592843012,-1837.4104994330817,0.8283108690640937,336.7150271604683
2155.110517807736,-2719.0548429959867,37.85973711941871,309.10246695803744
2257.6703685998764,-1833.9336499040517,2.1771531840399945,321.1656748440894
2782.8529848380913,-2834.104883708417,100.04587171579196,303.73549384201476
2740.929893405424,-2043.2022673570186,59.90763217345258,302.68501778683253
1741.741540220266,-2855.407078980339,0.1743731760236198,316.38918081721437
2565.263020088082,-2061.35582754811,185.68365496778344,337.91725089081064
1588.5526905368488,-1335.9587571024013,27.333702965048907,297.1452174806273
1560.3950118514754,-1999.8788195418051,101.59394135385385,335.6186275391632
1724.9050884919784,-2691.7850709283407,251.94111914089763,334.2233406780623
2851.6148778121797,-1266.1726710786645,88.41199798588404,298.3670907717729
1539.6874375423918,-1854.4493011474124,155.4388658417273,330.1807425785126
1182.0372602079972,-1442.862173612243,-7.264919748968454,304.73950764451735
2324.231403315229,-1018.369599547239,158.31204578146537,331.99861959630675
2838.7390045069337,-2148.0337716331173,15.701076514414886,321.10048231557477
2155.749012712823,-1515.3430162187806,-12.411288233624488,313.58466313538366
2471.2354087429712,-2104.922172169712,219.9395068108071,325.81298058004313
1663.090984141538,-2253.58663249115,16.654406786311338,313.7793685791412
2136.0341666332806,-2082.6427706154536,145.87687029572686,311.59007325928667
2892.4932601050987,-1946.8399548615603,165.90658878895292,320.364440969115
2086.986161160362,-2680.550289641459,81.29484645381054,303.1391479969167
2247.8074337589146,-1121.2198624120251,-0.6077327914123796,319.21596956364385
2114.0570701222996,-2515.8765833779826,182.75061590016642,303.2495854618241
2675.280285742615,-2454.236661386316,66.22245489755069,324.059022420721
1877.669527453927,-2218.4069618172834,103.60675711126845,305.01406254164925
1259.7256070398057,-1944.0079198020296,-1.0166424164224281,321.43952630928413
2271.732332702455,-2465.9332610577967,226.32912851444004,299.8746623645385
2087.556619445575,-2583.2978891209636,52.75713562887033,327.52135815649757
2228.355012316789,-1298.7691352609572,20.156064060492923,339.8229666955252
2409.0977334974305,-2543.3984888015293,-8.945244003894798,296.16303598624245
1614.3563020729437,-1143.7352723847323,140.46978784825018,318.67473457165346
2801.490805470743,-1279.0741984453414,170.0801849053502,298.17387092130895
1687.3620756778796,-2989.570406597298,179.2871521775781,302.3410280191103
1100.318788175619,-2649.8422992684536,87.65778709579799,325.42415989284007
1730.265867746632,-2298.980891518405,150.03520194672944,329.97228563526977
2129.1423343414745,-2610.8436320537485,255.17682144544875,324.85680763187537
1753.799282878506,-1957.2691143563502,208.72005434432268,297.3725480759911
1161.3138357843784,-2719.9767962043315,138.61214610676976,315.59180403748104
1945.422659697912,-2884.2592667829294,252.42908609608497,319.20774783095914
1407.884301580384,-1841.1349203938287,193.2362352481828,333.37550472524197
2957.218720077173,-2138.7231739838253,130.91732033293712,297.86412810849686
2403.9250376983155,-2551.6562532675093,90.5167367755223,296.2781290465595
2532.2615214770776,-1330.7835573037867,95.55497925248696,319.68243671013227
2214.32034454322,-2735.8453968815875,139.03708356571687,312.74588149443144
1401.663975032387,-1508.2116695849184,57.21116751778631,306.77247096552503
2429.14051248823,-2358.836392617608,181.18318086751853,335.2845954026549
2981.3710206368487,-1348.843099836691,123.20642438432165,298.63180021765635
1104.7558273381187,-2838.768392749219,168.77052501409176,330.77007521558943
1414.7482483952786,-2409.7782120920174,257.8894520756666,316.2199910569516
2158.967981287613,-2520.3246742635624,249.9326288427481,311.81508452608466
1986.4487839126452,-1619.37776278152,189.2135993827344,334.26650932991487
1615.455090387288,-1016.1332132366101,-0.7574279103459673,326.08083046656543
1873.667273351794,-2078.528610329189,244.19938690203463,305.34120947249863
2608.6558973085084,-1397.6513107096212,83.9947028646946,335.9841406584635
1721.4673364349533,-2758.8445368435996,15.249133940642114,304.8496039084678
2831.099885045398,-1492.1114309712098,168.58835284534814,316.11081408729336
1685.6501841176898,-1545.9268117912545,83.16223871284946,308.8774618361964
2705.1270029142065,-2052.9770161395045,87.35208854427194,331.06691181635915
1678.108644779975,-1882.03587041591,226.10496186102083,334.51759684557436
1588.514400586183,-2326.531722690823,150.32897860157905,327.55664597837915
2324.9538798755093,-1878.3435904196729,219.3545303438355,296.3820790248702
2384.0432467481305,-1859.9374617186495,81.95997782073955,336.2607610756432
1940.3968289246095,-1933.2365330153732,134.77603120365936,297.58336067093234
1925.059794416987,-2302.2303259342216,117.61221882431673,327.80173970320163
1956.541775069225,-1728.2166898287162,79.59761891164088,307.67111210072534
1992.0980921422956,-1742.40417666624,156.73734475245112,338.80354663589685
2920.2273107965993,-1318.7915118674678,174.66652164156258,314.03771537050784
2209.2763235415046,-1606.8599081354193,-4.551804409184188,325.6681899405134
2155.2839483684943,-2776.9132428216544,166.98133188702676,309.7154940686937
2524.781846851977,-1843.1576341839507,123.72182618395263,300.80749215380246
2224.248191242155,-2644.5640280293924,123.83034355009153,325.9322403778334
2588.1020424517083,-2176.6720090047897,104.0961365183991,306.3178102306048
2162.3165998363247,-2169.9635719048165,46.57657765704775,330.39420076170234
2829.770970662658,-1798.5911772575732,41.90812943387458,301.29047201375835
2764.2426811248797,-1322.25904475894,44.01918564635776,324.54060212941556
2239.94767316359,-2752.1744290398,131.92226543566017,300.33025716506444
2660.632844222391,-2251.3252964293783,15.121050263486932,310.27718135785756
1426.166801949282,-1928.8992206505075,230.50873392307642,309.4232195394773
1675.2520146954098,-1376.8124322966837,204.04497490032347,297.09107273602956
2920.2019321848497,-2971.509137410076,93.88784447595727,326.1298219507458
1834.212002190267,-2952.7207493052474,69.00722330720565,329.4655486946813
1222.4287510464153,-1914.550857477942,3.811102404306471,316.9855877521932
1229.5404044545098,-2883.013823459404,117.882360076234,329.6924208455271
1121.3707450669015,-1346.0457045560772,1.3870747047370884,331.04561911428056
1612.038970748854,-2167.7248926529546,247.73705279050188,338.5649736058316
1816.0566711415577,-1497.1038008906703,211.5502249468221,310.4060979363597
2008.7365620188743,-2454.9581231347906,103.94357007431388,329.845185693021
1541.6141222086248,-2276.922023630387,240.76157381607527,306.77742226776417
2075.98063901303,-2571.81024755384,100.98399592592648,329.8901695774447
2579.1895199665914,-1034.2187701100295,21.750312217744884,316.8705730338962
1578.2739525289162,-2879.7550573626813,105.62138023632181,301.5184699841776
1790.0230007781065,-1564.5003549675698,98.04769827051182,323.42427031564546
2160.2519271671367,-2005.7447464468264,123.36066520750646,322.9798714779794
1715.1021903393168,-2738.493109380102,238.1667727939069,323.78956357585344
2511.6592042267876,-2306.640930021136,194.29278373206947,337.1908609138132
1802.890299747347,-2781.7785717756765,35.65019579875173,301.49478936000395
1670.8175678927614,-2055.3823689753017,198.43951881137238,331.9865659771078
2539.1249174736167,-1519.9021378646798,-7.6931794040689985,295.8215290863557
2323.3609336404675,-1661.9780282616907,197.11862760974452,339.1778599012285
2895.3742103430723,-2763.132194724684,100.86738514123509,330.00496737810454
2164.0882425708523,-2729.6794321915313,16.37208758640225,330.6082899387017
2738.034962281672,-2977.4242640586845,90.74969159014601,300.22577156835354
1741.0985157336083,-2679.9249558858432,173.4014328362412,309.99854766007144
2607.207777821316,-2404.0551933970273,22.57532539754441,329.0166127423644
1134.5168633867156,-2203.70785742344,192.6368256693295,335.7015682866728
2694.6868593201325,-1801.2088371807502,141.22373353866325,300.4157800553125
1219.7819852696966,-2795.9069755513756,92.57803506420449,326.9749774941301
1831.232664710235,-2746.8699797261806,14.238210417273862,312.330924422833
1289.0391341927227,-1028.503918737717,157.68207228572402,318.44234670092237
1384.7378042243472,-2291.33538128736,220.09134678244382,334.9206466854802
1533.9994602725462,-2739.8515765276534,38.81935618088,337.0287198113137
2814.697309950146,-1638.202957111853,166.6663024302913,305.20870446010775
2830.396442160112,-1668.8623743939481,211.20257074679057,317.79332562440743
1341.0651061305973,-2215.387992543595,64.94266411816054,317.1230650614934
1891.33778781527,-2293.349166798735,130.35368659212236,309.2532762885826
2328.1928665669748,-2972.6341398451377,195.99652349988472,302.16811585001716
2689.33869927474,-1286.3119943726979,134.0327120874403,328.3759768111637
1994.7748642122233,-2695.217009043055,123.18739818457502,310.7565141711528
1915.4927461551729,-2604.5777165943055,147.17533281250115,337.9036297687097
2249.344563172301,-1143.6745018688628,10.10533240005065,305.0587484415841
2783.499661098601,-2978.9415178042104,196.15352665240604,323.4522641947609
2120.159791739924,-1739.3030286494325,118.52233781915717,328.9127102880323
1786.5948146740122,-1362.8878818788148,185.66600392781962,332.17105488443895
1003.8992597486529,-2640.0270073769098,62.70983771691128,333.24434444378386
1651.9001993186919,-1747.1167514533327,251.32971788706647,301.99853834632864
2880.728318907377,-2761.0397148135667,195.3460026167734,336.1459557369218
2271.4166499870794,-1117.12334067568,30.72625793180736,314.256234672439
1482.8875167173665,-1276.8399084748462,101.76916559310754,305.58763035911824
2287.766516096178,-2750.8140582699953,38.23641579090589,305.5472581702398
2974.1767468259286,-1500.5379495533011,35.650444761513306,310.9078308768296
2387.2528343949416,-2641.386314224266,173.67633504385853,330.1211928314551
2005.6053818642022,-1716.2347315897723,20.6115188401091,327.60809470526544
1181.7972993226845,-2201.700263375327,122.57375782962083,310.40666200315286
1787.9155653144276,-2263.056178453161,149.01475653741468,319.3132170939627
2577.9227761881084,-2432.584015998433,118.4812353769303,335.24583664873734
1283.2918728438394,-1974.5943755737208,32.5764918578533,303.86489556636633
2517.1512289827497,-1184.5095590267733,9.865542607001899,320.90038894476265
2942.3994866457506,-1806.5437460377177,120.11284127906166,310.83019765100505
1668.241725046691,-1769.1002906555784,145.39643299852804,330.8583743937112
1644.5687661261013,-2831.033522697384,26.273367700337204,327.6834623368037
1842.4681548717558,-1445.9267041952621,173.30175015942842,321.87702584826576
2404.8547698894085,-1474.5101337906335,98.7067232387413,329.68898488269645
1698.4392406626978,-2436.68059051311,204.18047856920955,324.0833820310532
1649.2014098843938,-2286.7535836843094,184.95593741219614,307.8661645516144
1903.4535126839482,-2185.238714154235,212.9764873830022,298.3044300706781
2540.0385807495973,-1492.5769003941816,252.61025840313744,303.5200160876996
2307.3827037798787,-2106.401464921307,91.32835924602452,319.8961634129562
2353.7316993805025,-2151.728225441275,231.9856085688959,336.1350602567085
2379.7930159704138,-1246.50666098624,156.84895999998076,301.85205502411293
2786.643796462614,-1322.2184256199164,161.25643924960863,316.6917565980626
1860.8781048941196,-2273.8278565495293,191.88414033878223,316.5530146834369
1086.247334901613,-1247.8788088555664,246.81032853203277,323.1920156257133
1806.0094544456651,-1394.8226873945641,71.23680295565575,298.9738097838887
2067.0692344935496,-2371.1740101264822,-9.916058737497991,337.5122175189708
1169.906061924276,-1612.1284035690117,200.3169768184079,325.2689638691285
2851.2320271247063,-1855.6189934116965,108.30941944711887,297.0170643754187
2371.061735459467,-2122.4633632221176,-10.630236481358274,315.0327305039342
2598.6063274267917,-2272.0299962389886,204.78441963355957,325.6037564351139
1231.9093965403881,-1507.3466235199985,51.074426507601785,328.06722058132766
1302.040334507134,-1495.747821090325,100.61001828689496,333.8418919668378
1447.2301145477961,-2216.9828940061507,40.71843488982017,337.5717498171029
1838.7224987640127,-2757.567196419611,92.4088284375172,311.42547852111113
1275.6809850538302,-2738.9823394491436,109.1016833944184,307.9910675816187
1080.5359805211754,-1605.3715939080207,113.03223061461765,312.675468406757
2705.0835068656934,-1801.3400247774816,170.9590606495474,329.36977477083616
2621.90830605432,-1882.350955744764,44.70991264790968,333.36510451140055
1505.8930145170416,-2937.2671477521794,-7.5539581862591385,320.3777397816808
2022.0862941224068,-1597.8495404007097,51.54728468471619,310.45544972861404
1048.501330967649,-2157.874502697691,163.2993346069624,297.71246903140076
1733.0097965924563,-2328.0788647025724,241.02601113724705,310.41242607043637
2832.8838263275557,-2166.4293226404634,257.287313583477,322.9695218829878
2877.297324310878,-2895.851796109928,191.9023402442882,324.7465630885396
1402.5053232451364,-2690.4237182337642,57.62890691393507,302.68812442394426
1565.1208463910027,-1467.8143429916126,2.450902147995553,304.8897937018625
1462.5743729711257,-1303.6341741371937,240.4101198633651,304.6219379853794
2742.543732586135,-1721.7969378754055,242.1346884339917,299.34753313311626
1320.183666900539,-2647.506853475974,54.94001236531804,295.6636558207198
1966.5053501374568,-2119.3412348522343,66.37334326985034,296.0320603028306
1840.6487471545097,-2505.2271707166483,151.05837682976397,336.88041771339397
2059.424167108733,-2470.4712659481556,-7.951116850612003,322.7108878142844
1641.425309146698,-2496.228080830904,43.07953865833008,303.27978710050274
1704.709166441964,-1542.0016029531719,188.89633966549673,325.6645141793106
1989.7747341216768,-1486.610675267184,36.87868031748725,302.48128599582054
2974.442240615728,-2007.11071377639,145.02917509379614,302.7149583053885
1046.2023021024609,-2881.446224915725,212.3117915265093,309.75083189043374
2734.155533045323,-1563.8147683067664,246.35478396855876,299.0294563159826
2900.444750664452,-1129.735083325721,10.043970160747904,328.84561968830667
1646.030345637424,-2645.0077177018757,91.86124629585137,309.5090211224145
2095.1117835894947,-1362.4449066248726,34.58877509871988,323.4932742324431
1443.1328794440776,-2673.419175475483,38.507323107183346,307.37635960864833
2874.0071985076884,-1576.3314170403494,176.61224468116703,336.3693683172453
1643.8747231730806,-2515.0949506046245,106.49453657607975,314.10482834943747
2295.294626880989,-1425.9317006466053,92.19007733380711,314.1386947412701
2891.5536892271048,-1088.9724924410898,84.09255824913997,299.1748843567406
2279.99871224252,-1878.625348617744,44.179529383714154,325.68767874295304
2931.5160161053873,-2008.4042374115245,205.80189780688607,313.53556614961917
2260.808679382463,-1100.6586872044727,76.64863481334109,319.7210193115981
1164.6177150478998,-1518.100151257708,232.62766831783478,326.46455232834984
2039.9998731667956,-1780.154565343124,231.9057080030987,335.22322991119347
1291.3062516520965,-1088.261399934278,97.97590695097716,323.275243035576
2380.240246303211,-1908.8478735513183,157.57917544938147,314.86980015393993
1714.5637141443294,-1588.4476851340216,87.7270297595851,335.4169047426462
2972.0899420740093,-1395.6112351764634,2.4029109530104797,304.83026152707043
2253.404029495113,-1944.0562384741381,0.062175004425329305,324.8391875516678
1205.1165921087338,-2856.537600212811,38.67880427433324,332.77844477967795
1973.0995744724723,-1200.6361290933821,205.78974280767704,338.3027988293492
1937.0542730294637,-1490.0228052855628,223.20078653204266,339.7907316899591
1529.282989890284,-2819.4507635167924,249.53683848220248,300.8634004165535
2423.0576170001386,-1840.0566348747077,218.60719929153882,316.0371731161128
2411.2505954289472,-2149.3456840155495,91.74176008835029,310.0316686955179
2151.9767110177118,-1060.2939364570873,46.397758512160195,308.74073475073163
1190.4270299564419,-2980.1382518003475,8.123911625277085,304.9835574760097
1658.6594123057057,-2519.7502378015793,56.31771404456846,309.65799702145296
2936.0663504373106,-1465.5897522579507,70.03119319757343,317.01974901492525
2304.6276771373477,-1709.4695951623326,103.64699928638758,317.74813455538396
1955.3376004469242,-2344.073425127202,191.85333265667398,298.15677200211525
1961.1071097895558,-1794.0633705687228,189.28419953104134,302.13990033239287
1688.0014704612477,-1397.5084203553192,106.84848100649315,322.7023130467518
1244.1351982936153,-1227.6697052633433,72.18800677651419,300.5888363615297
2878.793551455163,-1454.7720994939991,-9.521359763812505,330.04693241614103
2706.0362138160885,-2033.5924660704682,147.55911441108785,302.62498221162645
1245.5838843308825,-2514.667769303639,10.170387625999403,317.84995859150723
1749.3450683012716,-1320.0573753535123,80.80553968063545,336.88564537139814
1721.0257780425984,-1550.739952394719,83.85949112661088,325.21959737677804
2520.364053336643,-1351.3789683700074,135.58928313484847,306.439448206993
2724.5273264731723,-1536.1696508069222,52.17547909399282,295.93225412181766
1849.8626344411855,-1170.9151576687582,69.69981041379029,329.73831269778645
2150.7641654289664,-2321.923364613845,61.559192398013465,318.7952940707814
2424.3605444806476,-2321.441833804874,176.99554650943577,295.0507958825684
1675.4182341668889,-2780.7174497506153,78.29331246829129,324.2281025710265
1282.004102901708,-1722.3054098043247,179.0791682569573,313.0431964357597
2569.3810848136563,-2452.53974503943,209.24902407857496,331.72867528941185
2920.406538190812,-2797.9673522706044,110.68570479380422,308.2379538190249
2715.4441176295513,-2907.6603950361537,17.315046485122103,334.417654928067
2990.555903217566,-2371.6631282800186,85.84848066462703,302.2780901049134
1080.1654806508348,-1266.1434880032016,236.12251209482068,315.54603151482354
1363.3957376324997,-2297.176456772847,30.988012981875677,303.58843274780577
1784.3811469370694,-2675.292519461522,46.18648457831636,307.1493819265765
2873.9548862194915,-2094.0000872362243,169.824549523722,336.18314010172077
1609.048655176201,-1357.9652612958728,182.14271339627695,328.52321566394585
1967.8059546094635,-2339.790769332317,14.666205456937792,310.8346236181605
1230.0314370672027,-1805.8650953581314,188.57130047835588,313.4347933724886
2639.5726866194764,-2826.2599229032467,244.64688979561936,314.90331694911333
2769.493555300271,-1428.6486957084137,133.59544731419496,331.88146488180905
1592.8776828954997,-2961.7194037836125,28.9667484037604,308.1187957702373
1214.5150908922865,-2923.8429509997254,259.603104831668,328.9708705256665
1997.8517224676061,-2247.987675066078,100.75493757240793,338.62409568317537
2551.6263231940775,-1656.3862844193836,213.2497047680481,300.40278863988476
1790.3977111394652,-2061.6316343544086,22.18779143538236,317.4778339373313
1083.1934214078772,-2836.9659477101495,184.78018121970518,329.43126896306615
2709.81124554464,-2630.049542102885,223.13998450605396,300.7933176959252
1030.9697234938913,-1249.9670757924132,163.71843339145713,296.6208476907126
1539.7871303139386,-1401.0967872534254,-5.825474276092821,330.1329181011647
1227.1238175055782,-2999.363977649313,93.23759410800534,339.2600607239154
1323.3030123930125,-1015.1920598664346,191.04478073336867,327.18439740665315
2609.505394225963,-2825.9169710106553,237.234088267269,298.79469633792957
2414.2304669511004,-2562.668979609811,247.50748838045786,316.888117784007
2467.9146732292543,-1100.5169563190416,60.2789905796387,297.65245425356187
2553.858936768219,-2976.4423179220516,39.53000521845226,316.4734261123619
2635.7987680111883,-1879.268830574475,56.52737991722,314.33228506381937
2701.6445565390695,-1774.2623941454572,211.9719104950752,322.12210647505134
2774.279749346882,-1722.6940930781943,219.72814643428381,297.79252443516526
2293.7549440570565,-2679.7864456159095,214.22456439782212,310.89932710766266
2533.6229245825516,-1320.8331731582703,63.633235227080064,314.34094699485144
2792.3695859708764,-2323.963836385824,38.78763667531554,309.89321308267023
1412.283939513888,-1846.5787383168401,101.08415304935801,328.5377245576805
1006.9076962281707,-2396.951077703404,78.68813357854165,319.6896888488242
2052.3687943028544,-1268.4602143350075,253.39814176543797,305.2235235478348
2522.441901226554,-2872.1814567016986,181.0065853949199,309.0095242630696
2332.5858749110957,-2881.9401097513874,233.27977015165473,314.8971943321118
2883.959105974923,-2857.915325463452,248.06163075668076,337.08935708404624
2835.6549404968923,-1897.102221114178,148.4454087215912,322.8316350547664
1867.907968597945,-2353.593182001609,41.808799176054464,332.36384587235295
1056.9677774930335,-2055.061156184364,23.215286261900346,321.48523916203175
2325.8813432164757,-2543.244981856038,110.85660215017725,318.89608604910967
2683.7155310327626,-2108.0697220048914,256.63133184227274,297.2920654243471
2653.3455554414354,-2752.644596536687,176.11361866194795,326.0639908064208
1120.813876415724,-1185.8582911988558,135.35420367783027,304.4049995609364
2240.5884802917244,-1039.8965409521513,191.0561116910885,333.3261010779845
2167.2714146513836,-1818.1393482904875,88.12064125175092,314.1494891354797
1708.5385542686254,-2848.9153411393813,156.7592508500378,310.7131386398434
2954.4958201658005,-2374.9878436240133,76.30176019754587,308.8713553966
2046.760291303693,-1322.7524680986476,204.26851604178432,316.55369994238106
1620.1239603601066,-1820.3494662193993,151.62492746400332,323.91021469965085
2320.033360571837,-1261.4854383216853,-9.60214006932417,318.38196060463963
1906.694223860273,-2383.7520016752155,191.54457511813132,322.52846843135467
2908.8407059776337,-2734.0307904281235,72.3315580273952,339.54915270352404
1859.0563873963413,-2725.8266763224055,24.412554863580723,300.20561479973037
1545.8056080351312,-1515.5128969599857,225.05043194127535,300.59638789709146
2742.9719481225143,-2393.047996503862,91.91618555688666,307.6532683524675
2240.277834964133,-1841.6397340942824,214.6794676472887,326.5300609787138
1581.484717425869,-2050.2320528542477,52.43437781123947,321.0358301277066
2495.012170316402,-1990.2253599242786,138.27041319798562,308.45768913230864
2932.0991287680736,-2694.385336225511,105.49239921033397,338.3005815814252
2795.78439713835,-2148.802472216937,17.771642869642577,304.88085186222395
1073.1900747472293,-1114.3760051969414,224.05007730088658,325.1173308483965
1400.6074829922634,-1063.1492664515542,133.51358039365755,309.18782218471466
1138.728136524809,-2493.943740080769,235.43187289495208,321.2309804481133
1651.6715182754615,-1718.8461166998948,57.350372028223546,300.55779330881467
2052.68969523043,-2397.1579464665065,198.50431664982557,310.84702961364167
1809.950885974625,-2021.3667340141621,163.56218228567474,337.07759646493184
2331.886784315227,-1507.2749181198512,-7.610555125050221,335.96898940182734
2994.7648394215057,-2958.3583322463764,152.77522181586065,314.8478435441526
2993.998439342494,-1886.10483734146,8.873657918483918,318.0016400572985
1186.336757810866,-1996.528795832915,179.4769770684278,317.3186663992687
1988.1628138955118,-1263.4048593231641,135.4622457560258,318.2771889789573
1671.4660433677222,-2504.933901378728,189.86423550246667,323.04558016782073
1427.1022477827878,-1125.601449199082,159.99659462778533,327.88616142612574
1950.2851311793186,-2133.762278132338,71.32486255131225,311.4876511140492
1739.1349484922252,-1854.9569855465038,126.87002840716241,299.81878432471785
1063.477544662348,-2337.828227114367,38.31310458014018,302.360924776705
1505.1919485668072,-1271.6607898763687,198.03909388529954,295.65817097003736
2659.1477085149586,-2028.6264341545277,174.72286833543708,333.0749054924869
1015.6664325134151,-2399.5167960425842,116.37734715560481,325.64581261542247
1580.1689837072474,-2704.7258433484767,-10.42854696458622,307.2846751570988
2558.9624548420034,-2416.381489849841,161.13081900292605,321.3904833138142
1106.805829262721,-1196.4754885091406,181.41856746685727,328.3286656738177
1764.766315075402,-1584.0785696565008,203.26609656624873,304.90897575036695
2577.7240234380583,-2764.3352722843897,73.87345993632158,308.45284476505617
2325.4404624371537,-2376.849193561769,195.65356815286341,328.8281286222863
2191.9647247739367,-2086.359164244154,6.344892145967702,338.46375273206496
2412.9140007981564,-1798.2695202966518,62.67488936526493,336.55352784941243
1097.837420892307,-2241.1002610197374,133.360485566626,325.25926562623806
1532.0702645925162,-2488.5718761461717,46.60384550474813,321.387366579088
2036.5492680039442,-2800.221025783711,7.223626434361382,316.80975906610365
1460.6253067294806,-1737.322029474161,41.61809479074867,322.74150895643413
2437.4977401730794,-1765.213078558033,61.815575157050105,325.18332968232437
2459.4842324316746,-1220.547359741294,89.47831430607091,326.1492255581516
1813.197873625565,-1239.3490256165985,-9.09213579280145,313.3409730206256
2160.6075145748264,-1059.2967524563414,230.6351244039418,335.7899166744477
1967.230486004417,-1629.8244800553389,151.94273710449852,320.00606830233323
2876.6263568303166,-2941.3239726128686,127.82125723958185,329.1160380633698
2778.5252038279204,-2384.585029074606,68.95937062209926,318.9311324016617
2864.2119520157585,-2215.919631244882,76.07813585315601,301.91536593091035
1256.2486154872927,-1346.8201438276285,4.377551990948369,317.2097232754253
1649.0010247255464,-2022.7634896660607,125.90280124648808,316.72371678750284
2076.4693215411426,-1579.6878155967074,180.7708306733144,323.7866356092142
2993.1347638033976,-2514.7337598639815,57.50048457602418,319.7264606942018
1808.279265784894,-1002.3903665026471,188.47779917272013,317.9624115958169
1718.6500968192045,-2279.0777802047287,159.0118143450931,328.80356751900763
1697.3131072318515,-2413.612185905567,164.94841905380875,314.96467560952874
1405.1793788997807,-2542.6335361656297,123.49612955908813,306.54762879389574
1665.7049783623745,-2086.867433961825,142.92707943891423,324.6158831258998
1253.7568105317373,-1836.0990674337102,215.0934814831805,305.3573193714974
1001.2438929371019,-1270.7318649929546,162.7448140598923,301.54124077413434
2806.9305118165285,-1713.0377699030828,49.723710586878894,303.002586513662
1380.0087663052143,-2453.4552865685137,193.8454249801242,335.7603041830864
1037.0704124021831,-2499.911196787716,107.79442739114043,301.59992039100405
1090.727747103083,-1988.5125400908355,195.10179915737874,327.7165801601942
2932.383246747454,-2440.687483841759,236.9122184035181,311.6598392746043
2533.973156241631,-2975.710416322093,3.672884225972787,317.7596703049535
2178.424102355878,-2093.327780734113,-8.902096061136788,327.2687185992101
2040.0610066053828,-2472.981419158369,238.66745661849998,322.90716126436354
2914.822492215132,-2462.324042200105,90.06048298133113,315.0518797732121
1543.1182600002371,-2455.0843059196577,33.55699971965679,319.5346521651396
2284.5185096234036,-2860.4133377794624,134.00668635724136,313.98267828076985
1358.8336263974168,-2374.642401496357,218.71172869116683,310.6938078907796
1751.0358847970808,-1580.1024920326752,116.37476913835857,331.80240210175845
1703.0023605876704,-1947.7041957346557,15.772347395218127,329.3817807199906
1978.520019916341,-2185.0251050384018,11.252530497572394,303.8851796092068
1634.08336902945,-2872.421289241501,-12.716500479668792,303.78227191402186
1099.2700679066552,-2590.8105319257793,227.88513863173193,334.2764703607731
1844.978513062732,-1964.0345275826169,88.23513416193465,306.99656996562175
1544.0172487016462,-1993.556961754053,144.49554303588275,330.06666275848704
2743.7179051114335,-1319.8483664102587,5.557988258631514,333.3690429233319
1994.6742487241827,-1418.6987231153391,156.08250345098267,315.68271515088696
1389.2066011387997,-1716.736450176733,52.213600534270284,316.538080305652
1337.9541175635313,-1280.2364473534096,195.8001632519752,331.1711914066483
1886.810879743803,-2867.1860443255964,248.8032606624539,308.2307811368698
1839.2022680924474,-2462.196120851936,30.243462460898442,338.4016663164135
1249.0289835935287,-1354.7626766617445,224.42057335022326,306.2716865504202
2874.751563927821,-1509.910996136867,252.40368127044195,320.463843871675
1474.6130048581872,-2123.0091444375385,249.93129273286422,331.20053432256555
2494.2229522309744,-2565.462219936323,-1.2564824032742088,326.48580700345235
2384.8433138229466,-1410.066425518556,238.1118849804071,331.1154336664254
1668.7521055735951,-1598.4444407837614,249.44290199373438,299.5898698228864
1145.709511787481,-2643.531283769519,67.75296303855384,301.912580984902
1496.1166174135237,-2505.735123092184,26.042825780944767,334.39157841024564
1170.0384706351012,-1253.8688873003073,70.97067370144455,339.1937454499373
2824.9510065547147,-1076.9095196511453,33.95040274224313,326.21584068709524
1619.9839713438357,-1520.429435312085,174.36329687332324,298.03494859774634
2306.5720043875917,-1435.4319962810762,219.5437411718012,322.0399543241451
2472.498455727761,-2031.8263117658719,107.53694016262907,309.3675692708873
2607.614867496228,-1499.6494456493558,59.0118450703761,329.56866806120024
1440.3329076209557,-2565.884269337922,171.42712530356525,330.3380919166095
1721.2095365271673,-1555.47369073113,87.65361342926806,303.284427684065
2891.9798679326714,-1490.8386105894656,-13.942325714790242,336.2302247004974
2587.982011080787,-2453.5959881934505,34.927891673076964,321.51656804934373
1491.5468359213166,-2263.3822323603886,9.207370828578583,296.7240024709285
1393.8360701385743,-1291.5416885250393,61.42518272464615,324.7511810326448
2190.8779436751574,-2529.1990171560205,174.3765088127957,314.41674511649074
1779.4804165784874,-1228.7650356775448,24.009958638904756,312.0904474716778
2813.320240512885,-2772.7105829307234,40.264557987104354,304.4524144590354
1312.2756515194108,-2186.5715651465275,205.0109284751495,312.05143152947784
2704.3099772247847,-1995.3658202745423,122.14356221634105,331.3484455521982
1104.004001747267,-1205.68001367991,20.3584108959488,327.8060681846111
2681.8178540386025,-1895.1488002264146,160.05966350844088,310.2330681771094
1237.2092170805797,-1264.266074891324,120.11981204888343,312.75827950361304
1102.6480591413758,-2798.6478840325426,144.76775279203216,321.74755750493836
2924.844747804224,-1379.0233284076974,58.32612234498794,308.34495729143185
1288.5051448017205,-1466.6719820122091,41.092852662966436,303.36360474238165
1593.3818430872404,-2488.423051747862,17.983715741050375,337.2127010501844
1565.713440651847,-1727.3780432274198,2.2964282318325786,302.76240523424866
1583.3521351264662,-1847.3553893048675,230.42600140927144,324.12595244695484
1376.3922910899232,-2769.522279296461,53.399970035429476,315.10231157524186
1917.1189193457096,-2241.152759400783,115.48959410489994,316.98935478162525
1167.6976152266402,-1978.2043102323155,223.780285715828,325.80892258718814
1496.248654301662,-2787.6442391119185,155.8169981496941,331.2913331877057
1800.199057050801,-2462.8717498065384,24.77776941114815,309.00921505394456
1686.0493893299695,-2574.796042901534,42.00247709083313,315.87975606869225
2415.31520579109,-2604.2434422660453,17.952507820857043,334.92120444810297
1793.977702580315,-2648.2546683030814,165.32005790988063,315.15714604529734
2656.906646803365,-1698.2039956333324,88.95141751360862,299.80073016539933
1791.6933141128543,-2038.347448046437,27.606896606623593,333.64446159442514
1034.6163404325594,-2565.4798031023047,81.75798606614705,327.5212956481355
2443.581738372186,-2069.3027197350557,167.1898606350172,310.13783734868116
1741.1725340848097,-1377.5396374181323,4.0715725908317175,305.825799332027
2982.888250865826,-2116.921662241516,221.8544398509977,314.9706894678384
2590.3229931852957,-2108.0776416048316,-6.0785632262682086,299.1234153854725
2811.500306027521,-2176.3237391773323,78.12247482385519,337.53704924320607
1296.9458560853768,-1095.1440777837217,66.97584567739813,300.66303331338156
2580.1056030954655,-2602.179912518116,19.353963754077675,339.6162510968342
1598.2111307452938,-2441.197944511839,171.07386385874273,309.24790212744284
2872.225110953916,-2950.996030343066,190.98694445334212,335.0279868751233
1662.211359047542,-1211.914848385327,212.07798233344113,317.5433795803491
2781.5408851264165,-2249.1431127639034,28.855251028018046,297.846385664843
2873.4659486061055,-1930.0668940158264,116.35541027748644,337.13148910127404
1990.6445407474744,-1190.3329040114784,20.782958105547387,303.3259211798304
1264.9907236563715,-1468.6727890978198,147.13088411890178,303.80637330243366
2766.5992010732552,-2123.3481280242904,217.81350097953123,327.35981352782323
2931.133018403788,-1250.9305008344654,64.72665074221909,325.61689212902473
1844.524156552705,-2944.306501955518,193.12948554059167,299.0840159663945
1585.2272596809726,-2542.4974309529466,28.900125685100434,304.38186201715615
2682.672173577963,-1011.8755593183971,216.30107336099712,322.57294873321837
1147.3538183628496,-1870.3527228450782,110.86541844513611,298.2773890670365
2786.06854675215,-2067.269394805772,207.4131417517437,313.00462617761957
2529.1438192400446,-1609.9415619665879,22.495653412735628,330.0849805137778
2373.895150574706,-2126.8588398298634,12.271511060737186,302.6207136808057
1919.5003760845798,-2246.007322533972,191.73607804545782,306.45483022408797
1445.2218499118253,-2886.678328643031,244.50245700683536,335.0782364871893
1195.1258415948628,-1213.2613906275983,91.9504386382217,307.9756626526663
2270.7375981055707,-1678.590128739026,55.58147291125643,323.3769523055523
1479.2343701852458,-1179.1616170513414,126.3306261396138,296.2718062362958
1260.171541624456,-1873.2707464838663,138.237480202244,327.2467081827964
1099.194385963469,-1740.02159065052,150.48442078181503,296.21972160992595
1009.2140692412765,-2146.3381734689774,-4.507649868041476,324.43650832446144
1541.3530421672754,-2588.9090491647694,147.36868236670418,323.39263953143853
1606.4871185719194,-1394.875653072485,1.119077231714808,336.8544100133035
2075.760557230471,-1991.4973899813526,-9.859848572060407,314.0672511050439
2576.5357740670665,-1528.5167848399853,133.58518773583958,303.11335613878106
2952.0303052181616,-2019.1838796291788,67.48240141608976,305.29010420962334
1504.9589340929251,-2103.931543519955,39.15182562763515,308.04158795493123
1309.9002638722804,-1853.9304978102157,205.9266104264982,323.507843549704
1427.861325538965,-1499.447588887077,-12.567326407949274,303.9085854608067
2402.130303507639,-1279.8490579209677,185.35213591139188,306.96979669174794
1283.5799342383414,-1599.7885277200505,150.25117112182963,305.1369795531602
1260.596647993781,-1692.6685593260727,36.600220206366245,314.9715949124761
2339.888726153542,-1019.1957733407514,251.67809611433375,337.0604366906196
2301.4671065033526,-2133.777525092261,216.70427707702197,306.44368741660196
1285.5829091163187,-1195.1355567482226,77.08351868211768,313.0918804675156
1119.2355817411967,-1559.1414349548477,215.58597132467054,333.79737483071074
2497.1359846423393,-2931.1459414603246,234.3749283010706,338.72126003337564
2489.0683136782272,-1548.5058128188498,163.37802732799477,318.3895806727714
1101.3621333324243,-1560.1292340237903,22.628431783510486,328.41642592803316
2825.1429058170406,-2503.117829856885,174.57851728819392,306.93858759547453
1091.7509937984953,-2170.233136098168,158.0823641910655,321.6862975801872
2430.2690081045175,-2498.191984409994,187.97208154971813,331.810629325648
1960.3408695666008,-2837.476209459716,121.79236748192176,295.5384408612923
2757.5154236103417,-2681.38922208046,120.7573138956597,313.2722224146968
1187.8989276898292,-2929.9954407428263,30.11525726943607,317.72988577292256
1805.369902784237,-1000.4325799529142,93.71864622209019,338.4012981801213
2843.470794480372,-1398.0586876076884,244.63227674061858,329.15002816452557
2279.787570042692,-1411.93825528749,85.73972994617264,300.0258051663281
2336.997685053318,-1664.4202043032076,-8.812866375626868,339.54725439646796
1307.5227543208857,-1585.7820041597197,10.938905138240898,299.50616451108624
2195.3064239405558,-1650.572942666898,242.71975620997307,306.72434462615723
2535.9778440045684,-1549.614970925848,29.975868518639288,307.3080208299219
2826.4717726182253,-1385.8093433461868,183.44779519031653,295.8788599084652
2846.3343502755097,-2662.509581369623,159.34558402555223,319.9472007658399
1727.94693560048,-1814.58993570039,-1.3112949226256028,321.31997588009864
2062.1653177796197,-1334.6745450288902,81.02462889678846,297.4467276162907
2510.304964223821,-1945.9062066420795,109.97633088506973,303.63947203537134
2566.060887753604,-2826.9400745469648,161.49719951573817,334.6156792039958
1691.8052383171648,-1896.1222182753195,13.59146710125545,336.67447101295465
1447.5060355338599,-1396.4405455318142,-9.449553879143135,297.0196460146893
2337.4791852265976,-2363.2134275891176,176.8975011317462,322.14627912788177
1923.2033991920844,-1883.5484255480148,104.33607118951811,315.82789834367566
2111.1198297173264,-2208.179472213011,36.49419138536005,330.34368968189904
1682.2365643599137,-1415.1147061687498,149.31315201665225,316.8903035993107
1404.6076520667402,-1756.091340697124,51.654339535003146,336.6709770872476
2772.4691605710987,-1104.7454502660473,259.4421903302933,316.3466178379277
1526.2720565375498,-1350.4678282181671,238.42747353132833,310.9861762309082
1893.3873569335974,-1920.4751967271038,194.63077536997548,313.1337332172917
2195.126435581609,-2450.765327815193,105.39760989917735,296.23740994827074
2030.278323547942,-1412.7467804109322,37.59367380590457,309.8675539766948
1079.3651285754725,-1035.2686602447416,55.7982929241702,316.98837722334093
2015.1481561271396,-2323.087761543503,107.57341664554043,314.887227272426
1478.5156385689115,-2937.4495409463734,7.919442908257423,324.07548287720584
2885.385969429739,-2036.224570834669,179.6063876604065,330.749900401074
2166.5895969957073,-1786.0426180999436,198.62557682801975,323.28993852289915
1287.7708073427714,-2681.81948702626,183.39591815273485,321.8897677730208
2569.2510340919544,-1221.3722573767332,14.876612357531702,309.8791701185884
1280.5449449952596,-2260.8175822015855,180.85131035272963,321.5903047123357
2729.1916484092694,-2445.5797007611664,37.91061863341528,309.2197211632457
1932.4586926589857,-1646.120737139537,17.522425946800283,303.0321931995834
1792.5993484473388,-1859.7805983626556,16.422198313694757,334.8900748566364
1451.4587084896327,-1931.6271483600738,-9.249984629199046,306.0088357240012
1947.8020393035658,-1945.3545506345758,8.170063417303453,310.35792764378795
1194.7146197576353,-2334.1735389165424,166.29874333066755,324.3860348579096
1048.637858560307,-1034.4226938469235,53.41040948456025,305.77195512349056
2244.0080704401457,-1529.7700169870877,188.6315159810528,315.35469714115595
1183.7324156745544,-1608.3411129652852,229.87839483022793,306.6745109082155
2907.7355193893427,-1102.707819206383,89.91339138595838,315.76336725554785
2537.642045463509,-2929.233227333071,17.064251193251387,331.15797425516604
2211.2874698709866,-1675.9005696414756,195.20366141374478,335.970379420725
1652.1365738664708,-2243.481593344251,258.2489343554017,304.17900976314286
2938.254106686643,-1040.0165859190624,170.07762181190145,309.74091414943484
1960.4884177569925,-1285.9422312584738,23.1734089138127,301.3649665147698
2316.193636620408,-2150.043858738505,-13.826843189219046,326.64594416453593
2638.357729757271,-2097.7020071356137,241.13443003380922,315.5837462772782
2456.978431372725,-2438.098147283039,-6.223878266019916,330.0254690816938
2549.485264269554,-1528.2440032662455,99.79410914105905,329.877175537729
2887.4313044904084,-1529.8845243847668,126.11710270840746,295.67132380987584
1222.6101655501263,-1529.163406245887,143.41586782611742,302.75169537368953
1331.63754938481,-2963.3952542114635,215.05157687973204,338.0244161693632
2821.0604263693094,-1115.4290158529775,22.48921863014297,312.8334252149545
1373.3929558661976,-2129.19214743704,191.3844508475235,339.75725560048613
2998.3075163703907,-2875.3826114569233,127.91780991241745,325.97356930513223
2318.0347415967262,-2175.737812549596,216.62791371428065,337.685256894158
2695.749013236286,-2124.0162587994496,124.25891752919017,336.3639023941485
1452.8761804711733,-1369.762781002969,175.1554028146118,296.3431949279945
2977.3425311895776,-1507.4024195607878,53.636709292849986,311.4278659501102
1701.978894111785,-2555.6651876887227,181.7755382286919,334.5081001992885
2709.3770622604798,-2443.4123838061855,141.40331888282742,315.39876014336267
2423.2365669779774,-2966.973706175927,197.63220356385915,321.8175980363179
2449.1673999872664,-2604.627804520737,18.031356309076628,337.60780473306687
2062.9572977492753,-1699.911661638164,149.33404477882158,332.45591303408827
1824.2760844620102,-1152.2821453839988,200.17520653217775,301.4304283812301
2293.463629312449,-2508.5480659775726,164.32153754606705,316.4015228821243
2411.1159355094214,-2945.32974232247,170.74320001170506,327.2992138984769
1800.6350773524641,-2520.2329669753544,137.27012286352883,324.09146553135866
2032.548230681396,-2603.7432659257247,60.766247568337846,299.9207181310766
2221.2456466400427,-1353.2612250269478,30.372687968880008,303.98303234706486
1743.9581679840308,-2704.0617571541525,208.3023068123701,308.036074526257
2773.062432104054,-2645.686643034226,159.54190912296178,318.1193079119508
1975.2655908923903,-1945.3836990116229,253.39998064447087,307.47310593784334
1036.6830753297415,-2125.3397454862693,207.99925591399736,315.20033994689686
2150.2570507669043,-1909.1345766399047,214.4279467197133,296.1920769482613
2460.9200181613596,-2821.8867462602348,76.81687229680013,329.58289835574413
2232.187771706491,-2014.5444651654607,109.96083351278797,316.0591925294962
1298.4559703618534,-2996.6065545361216,86.68585835528883,330.3473937829742
1681.3476385041106,-2558.704697528313,229.50691536985866,308.12203877770094
1913.8670399963084,-1696.497916530059,108.41504653612115,333.0658849403131
2829.0803293681156,-1306.8905255181628,-6.434261822674054,301.8090112105892
1321.9401171677882,-1554.2964818590356,160.50245003224373,319.78190554566964
1950.3717736171413,-2696.29771622735,161.97523187011268,306.6076598686874
1716.3582408074467,-1562.3029235827662,228.6688946455892,300.9171899270992
1900.5426221326347,-1049.0338499197903,151.38547563897475,326.4964392929812
2944.5427326080558,-1415.335148074626,200.152614125153,302.93091375037136
2567.2197036708344,-1775.8339903569415,73.65194842763069,334.79936809705157
1663.3210374202408,-2688.8176725261246,131.02969320498045,326.25443660466544
2714.730519842189,-1545.8547221764932,116.41398054316574,339.53214461767936
2808.5606063898194,-2588.2266623480828,246.94149262666792,310.3425837513071
2830.4495829509965,-2625.2534709327483,222.90668860321531,316.86921300172327
2344.375172118547,-1204.6297741038647,36.88851318125371,319.17661142414715
1614.6195504210248,-1504.743536264415,8.276719112960638,308.7486681771625
2179.4160170774876,-2782.6408417822004,89.67824479121425,312.1367685851143
1508.1429822604064,-1352.0846785168221,6.764564926434446,334.80864217333345
1239.1428454668494,-2360.492724915619,100.76647742398224,312.5553892332566
2725.9848815584546,-2595.007309370261,179.42591228504327,295.35832623638413
2931.4994716492147,-2068.375367978776,229.39587786632623,312.1395253202855
1552.3060796500895,-1461.252565438951,128.81889169532167,330.2200100379217
2324.174021850691,-2103.117095186705,96.29251959203991,314.068185671718
2115.654374282506,-2347.3118662296006,203.04711152684402,313.65694315161323
1155.4103931987029,-2018.7803863511342,155.5755680418802,312.316392599673
1619.1644099973873,-1138.3391383822282,142.8335471201822,315.8792983242113
1156.8754995511144,-2156.5850571115793,217.67254665844632,339.47505753364436
2988.0555955953223,-2930.8351050583947,30.304135463324435,303.64215122451566
2793.4996801256525,-2584.904065766062,185.48525778208958,300.0471480499527
2166.5935703067553,-2283.564843573831,138.01950041036943,319.79156201645776
2478.649899233682,-2677.733740317733,234.47237251517717,299.0140883650377
1100.8965044942172,-1845.9965136502449,187.37717113563573,339.3716970656426
1806.7479620549275,-1792.5958123340035,54.71705969171069,305.3541837125048
2292.791545983317,-2149.0849429871187,74.04890816945573,327.89708571131143
2326.8699551071713,-2946.881484845761,252.59657008359216,316.10507633887687
2890.943952160579,-2883.9709157742045,20.02106560278417,329.32555813758637
1918.1685522173639,-2004.7689014502212,133.6948390008937,331.2912504670144
1748.988714690549,-1551.50687678355,103.06815039640762,334.40832204782987
2916.8395032457947,-2087.475731044737,154.97450216897533,326.89653549240904
2073.624718919305,-2727.4844893852564,8.14110105789921,325.37803233336103
1237.3072968994761,-1277.092837891857,55.73219246954295,322.58237603796704
1552.6382491229567,-2351.2153190879567,141.7026851659721,312.1755394706961
2266.4644240684597,-2007.221828948384,140.20710768158145,308.5756484036904
2925.706324562685,-2229.462603143359,223.72017452636,301.81866784788036
1281.8810061322463,-2119.09329705029,109.57703425347965,320.38194499083585
1425.5388306947284,-2035.0738567465892,132.7744573982758,298.3039550645183
2520.8104765625276,-1906.9832388093416,14.07032789101929,302.43646719234397
2651.4693998524044,-2592.148098374177,50.87587283862371,337.50383232196805
1703.0261982866505,-2885.439822285629,174.70762043750634,326.6342851358
1222.2982482743676,-1700.8946400339485,79.63129349724072,322.8111771723044
1527.5215252629953,-2886.7495992282047,18.738209629574072,318.83791106595254
1133.5254030140434,-1645.2175880903533,204.4239597821781,297.3496527951001
2398.442964097629,-2400.2203300153933,5.510668443467274,311.92948018795767
1405.9181925155863,-1728.5090370544165,183.08380672738127,339.3825393205837
1315.8396968631932,-1565.0811516496574,140.7469081433355,324.7407497758625
2177.5754745563636,-1146.9886721657235,141.6191941566685,326.33506460729495
2174.3632021045687,-2094.1858780142484,245.34193832967338,304.88168991251285
1994.3526863700838,-1227.510953846417,236.37306177831783,315.94551029357257
2469.7485381194065,-1621.2294739064696,238.56242523205952,321.5838815551392
2377.7893131607916,-1410.51335449122,4.022888965109754,339.55254520358983
1605.6688516396289,-1696.1128112274146,222.37478955648072,305.4489967107986
1211.1116874958707,-2899.532864508024,38.44542552996474,318.60384077452215
2235.9784784591293,-2950.27801093511,-8.887066319531247,321.25263155274956
2449.1232148678137,-1887.3171548168666,87.89396442221222,339.0471423118234
1412.8328831396927,-1854.950742348636,228.21399265784282,332.017410155238
2161.9189745879657,-1475.4613931154513,233.5096471957155,327.0310446247779
2679.598198151575,-2731.7362017732844,189.3880390003536,300.20583078865695
1994.834946365718,-2954.961200310317,249.6593626226143,304.9160035304783
1514.1782312016603,-2677.3121435468415,158.0274611916027,317.1949034856895
2490.921047421567,-2654.543747898349,221.37603261982864,333.8726346007217
2613.784434622249,-2687.3127011790207,69.50123857948975,325.45333989560584
2148.0956504669957,-1280.9004246625154,24.93102095758652,306.59686565966166
2313.0613767838995,-2000.4844016596542,84.81017321108598,299.07736902054717
2994.530890487521,-2369.9445337562847,1.977445431029608,295.69014252781506
2420.3243804416234,-1016.6833260715939,13.191787108096847,328.3750300994694
1535.8979404694223,-1555.5611802413935,162.1820539291324,305.39013559080735
1927.1959560160267,-1223.0016243215991,45.1300595068828,326.2795885593037
2446.6708772094225,-1742.9210911496054,77.45213514501732,304.37078006712204
2919.4415729858583,-2751.1494940351895,185.44314321328045,327.61679880963715
2280.6564766657757,-1139.8498717544483,208.03263473710206,309.2093002703414
1859.7553127671963,-2114.3988355992533,185.03907448746435,309.0081931973642
2533.5078602362573,-2740.04371527084,119.1591491116582,300.16392570844084
2859.3029936198204,-1036.6120703027423,252.77361571895386,300.7261505268571
1874.0826818268856,-2225.474070575201,167.77865984907982,339.4774314540006
2674.6951275382626,-2002.2718069339153,42.504383538830425,302.7037119504181
1717.0312943068648,-2004.6131580193849,160.3514073529356,317.0431257026605
2156.09976676687,-2075.5734755508815,141.86927729455527,305.2855909820964
2779.2006753085243,-1350.0068863068218,241.11517325576688,325.39344606420576
2986.7393494245443,-1548.957981665882,95.59375376981181,336.70705156959616
2990.102909233404,-1502.4020748312184,239.49218288740875,317.9806195550651
2423.6431287156156,-2790.5445717368066,23.688338301985006,321.25259920672227
1614.6304838200404,-2461.2284503169585,53.058388456120014,329.7217046532401
1093.80471042309,-1742.8230769994373,72.53706272988488,306.671296930937
1422.369419992136,-2295.609708640569,185.01458965558237,326.5795932346431
1361.4736577618241,-1856.0411056045687,233.3602011716936,322.3678812438039
1927.9292086055477,-2821.5136113162807,68.39198189991038,326.7505492673433
1557.2516813396314,-1124.3978553200204,168.200473805134,301.90847472182867
2420.701100117323,-2382.4331511705604,-10.350779564994511,329.4106942386366
2654.3027988934723,-1512.5450614758843,149.95786086828662,302.02489987473
1266.2489578600125,-1033.5839437258724,-6.448891467511878,322.84684032914816
1653.2780355132636,-1930.6554175400615,130.55965056370738,304.0036639343617
1450.4838973351746,-2607.0197560459383,188.09066561073044,338.85820773526734
1474.372275491386,-2633.2838244677964,153.8557197556152,338.08488754910576
1373.9200806003228,-1972.715005020352,194.74364532240978,298.93130716701364
1910.8910149119522,-1339.0922149802836,33.2670292874662,309.8941303769013
2322.743854486577,-2702.293744566602,3.742223758843423,320.0360953226872
1281.988044864715,-2711.221591000339,59.21702258102913,313.17157673878114
2081.37094136369,-2787.099229853172,149.89601657060211,304.48050604845423
1047.6986351045298,-1322.5846850087241,151.80805223330245,316.3344012259383
1777.5831714050842,-2086.0293924817875,136.55661103856377,313.1445869902739
1673.711141297485,-1477.3501732386676,179.07134843617786,297.2083554769085
1983.6081657849022,-2803.002531216871,243.25805266553056,311.79424113014335
2055.510611450938,-1831.349049531098,234.60063665465793,307.44976622671044
1644.960028703932,-2806.08856339132,71.86433916442384,322.238465728985
2259.5857221642304,-1101.640533201779,54.30699418243039,296.5974543278703
1380.9091609176598,-1118.3181144994494,195.02178522996712,312.8650055080336
2329.3856086225596,-1239.1280145048538,226.55830485722612,332.1306876048122
1004.2106748083004,-1057.0957096893162,-11.820358197781022,297.77268543987356
2458.05506686063,-1867.8224007767333,17.426608522016224,303.9419834417935
1642.5185044426157,-2265.5181897653333,22.821939032361293,303.88539082753425
2622.1044415083834,-2393.4622195041075,47.5530258843615,324.5259621201129
2747.0085584091653,-2025.7309503397155,159.8658448404373,295.118008123177
1978.020284957029,-2929.5145409833767,45.0635796298528,322.0771651008753
1161.4948210867478,-2090.7929834383076,131.40367127346772,314.55697636425384
2757.1510337969885,-1953.6355628751649,181.54788725197497,332.26109812465467
1976.3704540716285,-2251.52468886759,228.79916736974408,299.58304074832023
2364.6269781945175,-1922.7000298654289,241.75207585126844,335.48707949754703
1720.5079937243197,-1831.6332504436957,115.2632052844261,334.06479979054234
1062.3493910414995,-1913.6210886837584,10.510094321764974,311.83272467200095
1701.9854831853008,-2762.623505845404,146.957556450226,305.35447329679954
1047.56788828404,-2210.551526458582,51.430913485711116,327.8112629906658
1297.7005007610064,-1587.0931796374193,239.5698826887332,314.6610028835575
1372.773244782872,-1074.707756413911,-1.9513717376326962,336.3939971474454
2001.3180889591463,-1580.4256841029758,11.701510088441509,312.57382443020566
2191.998855467072,-1825.08621104831,234.99226369051928,327.1297554531357
2740.275085691336,-2574.7955777376505,73.80780708060686,330.1098536109698
2925.8244267849686,-1982.9806989672984,19.760145049806823,301.952181797906
2054.3025229667883,-2798.737211121521,132.39659428483984,321.8077509643589
1762.0941000196372,-1787.656716781749,78.40146424773523,317.4281868321354
1142.299312443561,-2811.7746565630637,137.37563734782992,311.5480477774256
2943.0874832742875,-2344.935513100463,25.17451426116495,330.8851375054766
1509.0710165131156,-1525.0360888442506,146.3851655144033,305.3646739509943
2778.130270880365,-1906.7535586062588,72.03359610056016,321.8767053095489
1695.411130335559,-1849.106107580993,54.02899230524801,338.5531043895034
1646.8203017925964,-2149.5240049544673,52.358864017189106,295.91234367708756
2753.7545779089023,-2763.2576781575544,230.88163476295693,334.8855263169674
2856.3446136232196,-1062.4048421020816,61.870360822606614,316.3872744857919
1548.5428118718596,-1243.3157409745504,216.12001797282448,313.4603608721501
2492.560420500701,-2106.874987665306,232.85160836944098,333.4163755587417
2090.7128077838097,-1744.0885974672115,248.38768384899703,322.4425361669113
2091.25493986359,-2605.731140174195,140.8543410899257,326.85041057203534
1510.0276427118379,-2612.827624275633,119.40280047022665,316.8364159964142
1585.6491500613395,-2165.4381273004165,36.3207019718246,332.84050584425194
1390.0049651496324,-2623.0982441776077,202.5315630086796,338.9543823933901
1118.595719602473,-2669.48528943397,10.657127935996034,295.86749975191424
1293.0732854623197,-2529.4097453230424,10.593733898391747,319.9120792653647
1087.915311864614,-2838.6053022529168,194.34305743320851,301.2999292545055
2195.0181132228904,-2640.8227879667274,198.7683971950975,330.37210293033024
1520.4769183480353,-1644.9870504475111,1.4570636636104837,321.60362471993926
2533.984054067667,-1186.7571560588035,-11.791964649711861,308.1786515663037
1368.836451670907,-2113.200717207206,99.15743196289151,322.967421940834
1624.823591563355,-2270.7077711963075,-3.398119458563734,308.00873270327565
1688.2971010279111,-1894.083395216353,241.96113546388648,315.7311106381054
2487.967692803347,-2823.9013392588513,72.09559728024858,302.06471496363235
1594.4751014127837,-2191.8947409685684,124.52975262849753,297.38821422725914
2339.294141091208,-1896.3456984260924,158.88188798639877,327.3460117391628
2152.6870001682373,-2976.872377005708,66.70300521417332,337.3156332854527
2577.1531020321677,-1283.0610290504935,208.3324585634886,296.8553707095255
1134.8887820543043,-2210.634029523092,189.38705699946354,306.0741019574871
2461.071148961382,-1289.3411708657616,170.94711211956954,297.9189476471615
1020.4943960872845,-1297.8795577214921,206.8112078310534,333.31006880831995
2035.5088852023423,-1849.682356995922,224.52083573205772,334.99636433532146
2678.1116187423104,-1768.4433365071704,34.24634934385909,304.4901034198725
2319.1165536956437,-2929.6544287841707,6.964410975136282,334.9237688572193
1089.616880493766,-1283.0444727044521,124.85856907842114,336.96025134267506
1184.8123766911986,-1237.2005604899261,193.0738370733674,337.73358384416963
1941.1258996985696,-2723.958786519725,71.6152103114885,308.5547069807588
1621.8087146092241,-2406.7310249351835,30.576552808952492,305.5617764597864
1268.953273375899,-2254.723376161064,22.85841346361122,329.65481945211366
2184.195741861654,-1269.3952064219466,17.82027583203014,297.68679123074605
1959.2552948826906,-1515.1175303598354,177.8331315765114,319.26008434994947
2825.709213737644,-1118.4056724886493,219.7509867592115,324.9390232703641
2516.020869599376,-2616.8798106306567,29.896235929551068,325.652227726423
2422.2916283106456,-1745.9492843790892,20.402624198346807,312.0107363772627
2479.899872714248,-1188.627303180803,71.56057125878642,316.7743110621406
1282.42759913515,-2277.5051652292595,-0.8458827549578505,303.88268943908474
1129.4079551622146,-2857.3855227263107,19.842696955990036,338.6540550760141
1472.130066078197,-1042.8524998887603,89.93912444345935,321.7407134253713
2836.4686743019756,-1663.0258777477468,78.10126958746883,330.51352476883665
1829.648203032369,-1561.6929506562626,33.3720294265929,298.9871158790858
1513.582626299963,-1435.539979390155,-2.557435073084692,312.7238599164164
1272.0697835669007,-1923.3481562812558,232.87075072744517,310.27286947455167
2181.525825239887,-2528.577115543729,33.861372304401996,317.6380897082529
1184.3886581873483,-1896.482754900731,61.87633389583503,330.1168409127445
1148.4925376358299,-1441.5094454456307,2.492263470500191,299.3241584771515
1274.225343906245,-2132.274028485595,217.4752859659767,314.83550879417794
2684.0422408695804,-1488.9324167971736,29.869273601934992,313.22178816420956
1990.8292321336826,-1237.9656701519998,-14.447753204645764,298.93838674366947
2577.5822067856757,-1646.3143026377059,166.75404088844107,311.3976935840459
2536.879036998437,-1669.8361611881494,80.4257312856883,324.50903705808355
2341.843852706397,-1863.7663248194522,23.64866933079383,337.17277014992914
2223.4225570540816,-1677.515037895897,178.79192101984546,306.49886444549975
2875.2445729017572,-1548.8137236395016,170.80679476923197,304.3806544278206
1002.248792505173,-2059.0832949247488,149.32104358551055,316.4592397552101
2090.030305244247,-1677.0646820656339,245.59324727098254,330.85162046843436
1632.6473036764583,-2548.7183010850003,159.14431252117228,330.4017110036336
1644.0924407244556,-1605.4827994614175,133.6153204645383,305.885628734462
2366.9716807951017,-1870.2182083033997,213.02942823823582,331.65122386152046
1046.8226453881614,-2428.1893035578223,-11.215832851003782,336.5109971588317
2972.2561226843372,-1641.1538441273156,161.8255757323196,334.82192234332916
1593.8431917926712,-1085.877434686232,202.7039257897879,321.44731840780645
1710.6131516375367,-2374.487234034022,93.4885219784103,319.8497901138976
2950.8178130066726,-1790.3481890364462,65.49927654982092,312.684656864599
1129.702070012992,-1815.5438528534678,201.62024022469575,318.43055269688335
2052.954673057036,-2766.3406459614484,78.84180444229321,326.12272662110604
1537.320658687262,-1429.6090999006328,201.68170549691825,295.2704400898014
2267.4126152492713,-2251.7618321973437,13.074413175415394,327.7183543285804
1623.821696748893,-2228.964505204111,8.193471165365715,324.65890024471037
2093.694333355903,-1873.5203409574065,188.79764453851914,331.12607929323593
2829.832208423436,-1818.3481471881748,-7.342463020832957,321.92761967003855
2873.3488913727447,-2468.04221532485,139.32146699032634,301.6415476306884
2934.1037574067923,-2696.9570437958855,60.71145121658796,302.70045367098805
2136.225781971727,-2727.3231269779126,35.17032927698784,308.48070440242105
2577.6911847706047,-2365.7394430787003,52.177798879269645,332.4991167082575
2446.6459808966197,-1536.02537651324,138.3582137196989,298.7045603678556
1204.0846647798594,-2880.9122881399444,124.93372422975071,337.28065383202653
2344.7334329079567,-2092.89317711368,73.47982921713097,313.2393515996133
2138.6912839533516,-2259.6455683168224,194.54573796279894,317.63336077447406
2429.2581839949585,-2236.0858824418633,23.77463804673274,329.2729535617195
2502.529151703514,-2027.2383616551147,41.8299578441926,296.0990790269255
2032.9746163459224,-1450.6657983339999,196.52444507376595,314.0113571800325
2625.932111419215,-1687.6776494354308,103.13845832470969,326.83865933774985
2124.468138905119,-1221.6535618650698,140.95914260191523,296.3403032035188
2624.779673078694,-1054.8281129459986,36.59219205487015,318.325142669982
1170.9217462698873,-2722.213950606496,233.80168897656628,326.27176309500965
2109.1022264703197,-2270.9641171904063,252.43047246595216,299.6746473399759
1879.5864361889999,-1344.450960314717,246.13011280820677,325.1789444620035
1025.9185347036891,-1545.2415278161218,99.20624313248611,326.86502944126323
2958.69406945024,-2806.342335641134,68.24826563580314,338.4792052491433
2052.037660708066,-1643.8034216619853,19.155031221737936,336.33965584505665
1710.45566620829,-2314.0133292526916,174.63035517036525,331.6794723381485
1406.908636121471,-1863.884248051638,148.44061288355786,297.63902949815684
1935.7379005578764,-2219.588948304493,209.21603553061829,330.12073629496695
2947.2614084747347,-2016.2947179554108,166.53384279888488,303.8550041921627
1760.483756652393,-2518.3936998237264,47.14322629465835,295.31554473206796
1355.6721542636537,-2388.868375901732,118.38426715889267,310.348666607508
1176.891435393155,-2499.263633290724,55.71475864580795,307.5225586851444
2244.9462528338445,-2013.298558237306,166.5257542601267,332.0343785942289
1212.3222964393003,-1525.492539964814,55.6358983782349,301.6713624646056
2004.1987460006721,-1951.4735026022681,9.158625033546517,308.96314124324454
1427.529256850694,-1869.9363728605958,103.08459558493774,305.99760637586627
2116.69315287289,-1618.6599662480776,180.60226122193777,308.3646878122383
2050.833291537557,-2146.7838615823975,77.24522457186451,333.77576975816385
1819.7836479925325,-1007.8372928184099,83.57768434086874,328.64354476646787
1872.8837761249183,-1274.6306400735023,72.83190016948424,305.5687300754573
2439.3864337714126,-2120.019594834193,141.59070767131993,325.2785188944602
2269.60311242529,-2398.145585933512,132.54900522794142,322.1815463060325
2883.688063687331,-2534.3606058447976,43.94284547317343,332.25101328922
1344.944475327855,-1540.5478124128151,229.41900306728286,307.1408016081903
2189.581048977577,-2622.667628890753,85.77839385009054,328.4104120183838
1436.2093523222386,-2618.150833983196,228.25647413827056,321.43406488010567
1212.5034540832917,-1959.435356131012,147.36321451557694,312.9386865579332
2902.710082186948,-1064.9963045220452,105.94091794101696,307.85310879882337
2214.628575060654,-2872.796317041779,86.94385296809722,313.2068463037794
1307.2654722048103,-2509.7712747361666,69.97612174791229,303.61840433532007
1484.4953614967671,-2996.290758654916,233.98795313979755,337.3404022902052
1735.2532470618034,-1013.4361736998508,67.3491668001415,322.78277488812626
1950.5594935877075,-2463.9201716105763,30.336436446368296,312.94107793212874
2727.720605954421,-2863.2548783208786,229.72391604022314,316.0921608097365
2602.144925104721,-2619.549226171772,246.95094232072137,310.8813916834177
2154.247338492991,-2345.949449481707,189.78663902643072,339.92945894236766
2505.024341694867,-2503.4157093416775,211.76363784471704,314.38342313478546
2962.445986706708,-1327.808930408535,135.01566816505033,317.7610677791994
2885.181545410374,-1696.3497282584283,131.35272444060018,313.30593125223226
2805.9165680165315,-2609.1329681722764,112.76062349577238,304.6171448718422
1257.3583451116633,-2511.514244092768,95.05812219322348,297.90990329894737
2424.557363687507,-1649.644937111879,138.5774897230207,307.0651029460292
2117.8934167383904,-1140.3437765351125,240.12138875075522,308.5363017790326
2466.5529544053766,-1289.37740187779,135.141855830787,295.8465226470636
2491.621268062172,-2059.7626852489248,155.80123429549775,305.3722584685293
1696.4282414536578,-2256.4642903993617,92.2168716955993,308.5936839636388
1075.3362018386294,-2954.6769272244487,219.4163538872507,324.5582757903851
1389.568068183762,-2048.253764144928,54.622234134409496,335.05073496441736
2731.2352264147603,-2107.581558202897,233.32828588377913,315.5454053510198
1082.6666786006406,-2124.984684163691,10.162312162092299,329.89606449294183
2462.898669486085,-1553.8030752092593,217.52581232886305,302.29835775156374
1213.9066715578547,-1344.8856732813272,133.9342862467129,324.3767904012718
1866.4356092197897,-2826.6043799521467,205.91979037746523,338.007017564374
2190.452532773108,-1459.1872820942717,190.32828658972164,313.9878839267265
1450.9319010900585,-1097.0586713969315,86.57485510240066,323.4774615198676
1060.3351842695622,-1084.157673584471,103.51098533483393,336.2498378948258
1884.4554134543055,-2878.494913635757,92.3503038252288,305.7682555503934
2179.4277315815625,-1756.7646993211124,259.0606251989419,297.66166862134685
1527.1396462461103,-1299.6507503361915,119.11315573658607,298.29134638787
2231.3483173620225,-2236.126977111241,70.71882874059297,338.9415465422868
2109.548839018934,-1896.3204971698465,-5.206833077032799,301.71864503895347
2678.5914008839172,-2890.706036357423,114.6926138525628,337.6075423790699
2786.720089406487,-1658.1593996224087,167.47373591426262,323.96910415448735
1925.5732999923753,-2308.383370403717,151.3546120153827,324.2274042956667
2741.200209400664,-1193.6107833373153,41.953422911434785,336.4324343274623
1048.317160326792,-2048.664274706749,153.302461282291,335.489976415864
2740.958665838837,-2774.614133334577,23.843753076555885,338.7302933715106
1921.143409910565,-2915.605012879961,62.36542439538495,308.53800570043677
2962.9363177566233,-1993.4617987980728,18.420826041045835,329.36148301884197
1061.81639391262,-1493.4135758698146,181.60532153719018,313.26182131277574
1584.5079313930191,-2289.579395889583,27.623234936097504,337.4763351844709
1141.3746781049135,-2260.5808423733097,23.95046481411324,306.79250793068957
1519.4773272780394,-1929.9816394924815,236.53638336267102,323.1498216200343
2817.8326315524696,-1581.2249906601032,118.70778843092276,331.8243524267635
1899.1071716059146,-2107.1920482845326,47.48208507328439,309.798260260662
1521.52306482579,-1985.6916539375698,204.45379043331218,300.36365680514507
1022.1940227234147,-1649.9751854324709,226.97680835232623,337.99001693940056
2518.9304359693524,-1695.840662297659,195.99077583089277,304.6267997009576
1393.0185796634494,-2640.1799099594264,163.60755411277952,329.90525175107865
1489.139109019205,-1359.3024547272119,229.53819288280332,311.70534685659976
2758.251414452158,-1192.4624515840972,60.50940761559771,332.8066773380206
1187.2670058434328,-1371.581756568906,110.44502181300476,303.647527314373
2211.527991385201,-2164.173900151968,229.91234935351022,300.26822138289975
2497.1008469041526,-2929.300385389129,26.668205396748398,320.1560381814224
2545.098041466361,-2802.063863182014,227.1589492217088,315.1792655586285
1635.0557564686874,-1381.3763087452794,189.3282087370622,338.73126095013237
2367.524976289931,-1578.7155268599806,160.1501327539854,305.2575745164398
1384.9964084207709,-2849.8774410887195,111.19670479855775,309.2232286764938
2105.2784247566706,-1523.6768912409102,75.9301757534341,317.4031915113464
2996.6244989275633,-2412.513743901632,82.8016001283321,339.03628809284504
1634.7477565157558,-2253.2408603202753,250.0142751177765,333.83103586014363
2248.3761558627657,-1819.7316015354218,83.75554785670559,318.3245217818019
1561.1432031194158,-1955.0097189424748,79.72160076066558,316.50424587592767
1638.8398806927491,-1816.8147690952414,16.84764163934015,318.78690067423656
1687.7119445452254,-2812.472717685706,100.05733945429475,322.7423467250301
1413.3020068227443,-2778.4962471182357,179.98846361319792,323.00271946649207
2298.9544207704257,-2524.1726041771326,216.03254875397042,325.680921059284
2821.471170107063,-2299.781025594929,186.08469263146225,339.19194653005826
2809.269148393466,-2340.1030001473646,204.55094072003556,309.8917761956408
2218.142290441787,-2901.3491719693525,110.72524305060873,333.08948707571017
2922.49335671682,-2377.4543799399908,50.7832408366763,312.3806002651535
1001.4922192087525,-2267.8399939619726,166.266154818649,326.02489656824804
2113.439864187935,-2186.592583330059,19.71400076406988,299.685503042614
1136.2500346938039,-1776.1336025484745,159.32674992320597,325.6358326456905
1687.0287698392171,-2678.561388610201,177.69914025814646,295.86746194451763
1591.1055421218732,-1894.224236349716,155.6639274599053,332.14252582780983
1256.9337495703721,-1409.0904058538472,-1.1150769876930902,309.34890494794894
1781.3593736129237,-2939.373394056185,173.5307296539716,333.9094723340161
1808.2790341387663,-2966.3174472429496,-8.726561600708033,333.1406786894789
2343.4779600424126,-1137.9023976421004,253.80528025303767,328.8071345797921
1776.7503990968512,-2904.911732575729,109.01775206985947,328.753778855549
1883.9274360585077,-1793.3628751550168,96.233904921004,314.97734855282334
2287.48396978831,-2227.1251271287574,157.82574975080098,331.35617006028
1835.6655897659653,-1055.1454112728914,208.94673336465618,332.2556005541507
1144.5513046453484,-2641.4907146011315,168.63569310646437,319.0912837800575
2179.286751317022,-1274.994718771919,19.357966161206328,336.7703905777024
1447.9886326378812,-1116.678909865652,21.32918042771469,299.0948957752182
1079.5302839125145,-1555.5752984564558,125.56545476625979,306.08827181732863
2671.3164085495027,-1712.4816978810552,157.3722617144559,313.3770421376673
1127.6433756039512,-1743.0917753524454,45.044198950074176,321.47633853355586
1300.9326387160622,-1956.9295570087818,17.241056355930738,310.0536186768971
2298.356012828656,-2911.1246491134402,119.28542647533678,330.6521412408015
2556.6739312613763,-2797.358216593309,135.38365717378923,334.95845634942407
1370.708986222549,-1238.9250040528086,2.2811630299762875,337.73606020992025
1700.5240647234912,-2665.1500784756918,226.7687746260157,334.9457521214318
1000.3623327749111,-1353.8971426992725,46.664508780116506,313.59652845330373
1784.6044001519683,-1853.1467975751261,214.07931096742922,315.45081246169406
2545.0280645893135,-1471.2329601533727,122.18046024237569,337.81344028166905
1451.227511222096,-2572.7180496139626,200.87488485782174,336.46008669576315
1766.4932805778137,-1165.0867773064458,27.44756351066645,323.3549634274285
1387.1536454022253,-1842.6234216592136,89.11825000561285,323.0881385870524
2983.6877574401874,-2820.2358351402563,184.3694833147101,298.537464301253
1583.6110542087208,-1010.9322024364619,187.34458554823615,334.7960505631263
1162.7062746772676,-2701.4549447330073,70.04592325095214,319.08755118779874
1824.6062799227875,-1198.0165662184872,246.84677770704894,321.2774722397198
2334.878899161742,-2231.7946592250746,167.24604355673068,312.25566874510037
2244.082660759778,-1352.8233411653766,167.43466544119198,336.7470564722407
1276.0202068093643,-1162.4491390130881,232.95272331481692,318.59806462561806
1894.5478255651988,-2976.592552334807,234.13687385243188,312.06724586456374
1365.8488729568483,-1307.2168627316682,154.3353366351067,323.98210033987016
2762.0816694647747,-2853.336402488612,123.98995024090831,324.0536218902768
1371.0953419381472,-1339.5527309212125,254.32683382081865,311.5241874083536
1131.5056199119938,-1367.49145447646,129.44621473224248,298.1434543222137
2973.5443856984275,-2034.0154465053147,65.58573905397061,330.66408828164276
1413.8986370816965,-2107.352117250409,120.84835549831658,311.4522702268323
2458.6801995326978,-2582.6197715268154,108.10133370226416,330.27190740094636
2070.2335724164413,-1804.7866572909663,184.81307515197048,304.3706005938333
1964.087427025483,-1207.2362958383374,175.51882360318822,320.2894258303592
1168.917039695875,-2047.5588654887808,130.88115834340564,296.8175258259194
2622.544802421567,-2102.043214545719,76.50217751314594,320.5592012661937
1045.6339077452194,-2629.253377437624,159.68621963130178,305.2201122292301
1072.7004206218605,-1888.707776345207,79.54144670223911,324.1767936292938
1302.9465645319174,-1469.9938564829417,61.846817909057336,332.79256812824786
1715.2119978800536,-2345.4509602477315,127.4387424430544,325.96246379005987
2101.6536703665706,-2730.1031808444213,0.27842131889778443,338.50113581223974
2394.1415608057987,-2710.889456580937,80.566929099274,298.12607130875125
2922.0593972552924,-2125.082449407607,125.43828438372904,297.6139261201158
1807.5963839985848,-1300.2560866491792,163.70674004686,312.8121578063497
2685.0567646215345,-1362.8935526508103,56.385242577807446,338.88081751122314
1580.7291515702884,-2824.4114293267867,171.44009406607736,321.3600311885825
2288.709691117219,-1514.2166429732006,192.45873025895617,324.78902818666245
1468.2307023186677,-2423.09166980542,157.98411158240938,306.19830463660895
1860.3743976974852,-1700.6400495564667,226.68397888731826,333.32839511262785
2096.3105325641036,-1735.7631750440266,187.33153971591423,312.6270943963812
2522.2465766422497,-1027.816359204773,224.7749646155317,311.0420458903415
2447.4431900280706,-2428.376917779652,135.28021086030625,295.3549156336965
1114.0374986204106,-2734.8830538464763,245.6654535338797,306.2593880415918
2321.2489716576356,-1571.2266518046354,254.55778547521885,314.10996398285266
1865.3811553588512,-2440.3399165683977,52.75575165912461,330.0634144017394
1034.881653471102,-2097.7273343159804,-9.840982973805026,316.2117300163472
1766.5830740912006,-2399.7942640380484,83.99006731740228,320.75620887334287
2561.5817282045164,-1741.9092702453959,161.7217541886449,321.23394388884844
2663.076823734914,-1338.5798492550184,15.531315696209525,330.4992147492236
2136.3016796683614,-2209.134202307704,9.26262598833566,312.8566126090847
1109.6758667305407,-2170.3315461486072,177.20809083795416,301.1696156956434
1743.9308827871528,-1400.4310074776404,174.15532821892603,324.7270558578623
2112.177195975163,-1647.4478998730592,204.40776986957752,313.6529641949253
2898.5764777299464,-1230.8820333772776,35.81648474442847,316.09157252738646
1093.164702446794,-2348.898734707826,88.8920771663999,301.8193848065002
2942.67307563358,-1476.2684502139355,-5.201418357482899,299.28900811205204
1917.6451845133522,-1827.2774670760637,113.60059330182617,335.5525133226532
1181.6014565628836,-2285.88924206149,12.268044594454992,339.9233913566437
2833.0706408250526,-1729.7123774642828,164.19806748657635,304.3907114780527
2257.017993196542,-1629.0288259773831,1.0378312912905052,315.0811913290153
2658.9006712311366,-2525.9321896528713,138.52094914226308,303.15096860952366
2279.5235700895346,-2276.5815400212236,80.0771606991543,322.3331122837489
2046.2622308311084,-1510.1002765646858,60.06289606306804,335.3266793004945
2159.049323392232,-2665.3815510616796,257.106681079804,307.3185179746721
1537.566135510057,-2126.1062246309107,173.44691425796717,303.3230313441943
1827.439595824929,-1707.6466563730526,34.62976292953218,324.0443133343112
2876.266506414313,-2585.148824455326,255.21464838792303,295.1970879789234
1259.988071479429,-1996.6978269782162,71.03356332927116,299.9708663692452
2275.4351649975924,-2546.724946953076,45.61371602310819,333.6912418709692
1670.6835192559295,-2075.78011306498,32.840933363787954,296.1090462606779
2433.917477099242,-1340.5641546419763,5.4670598227126455,296.2726977840937
2221.250250326878,-1758.4830329012589,159.958388068945,336.25157071693434
1244.272914642835,-2680.9215706565833,249.54548579372027,317.40248493516657
1563.8088255342223,-2812.543172387073,239.79767515614637,317.01159073749864
2436.7937600838186,-2788.1103317195557,215.64058719764702,328.52674235696554
1851.2561235218286,-1181.0633307422747,59.12336319789344,309.4598565037164
2735.2740647312503,-2385.9043598923863,233.54293208187954,322.9953747042297
1623.039564508795,-1093.6368482857488,140.02852240035983,327.4329345925958
1748.6644179114855,-2507.197416475119,189.37290188661248,295.00351858642784
2403.774389722586,-1618.7767767635821,128.91874348182517,320.2545047525073
1956.7467144975462,-1123.9967211951418,102.41669883770942,306.58814041520213
2094.756853920259,-2358.719910919499,145.08763281293693,329.09516009331753
1981.5718687698386,-1032.0688664633694,9.815123054917464,330.24244034282935
2253.8880463662244,-2422.959236771976,20.732108749019297,321.97248495754013
2083.622109540275,-1923.9361979584673,181.80733127017712,314.8005826750335
2247.4933219073328,-2543.6131430279365,134.4778823710148,324.31947482326376
2990.3484417271607,-1971.4195102337328,217.7940916813272,338.3539739442513
2442.7320793959016,-1226.1137490185943,193.97116586803946,297.15716992816544
2710.7264233541023,-1979.3857007398299,34.79626676008625,323.27808353648334
1627.1445542220606,-2444.2549195011825,141.59770355144678,302.101525346505
2133.6220035506567,-2279.313210434911,216.91434222401907,296.6623064287801
2481.818255254272,-1597.212820331194,70.30253472195717,325.32911912140327
1208.7372160770226,-2263.9202469106285,73.33953110901206,337.8614974686311
1496.1907302860052,-2891.658158451852,246.26981849122302,331.0770561203736
2949.7585959526627,-2951.7223538454928,253.9210236485505,320.35381912124626
2045.902242559994,-2842.046487247302,130.70526386551046,326.46917853054015
1206.3963094825733,-1747.5190016382962,208.51740560759558,313.8422975142261
1302.8158115153865,-1790.9440176193186,47.85834724727822,308.05979482380314
1490.930538218051,-1353.154288196144,23.405040380294686,337.6954870385432
1572.7049417230871,-1412.7636919480738,121.76643197674247,319.8966683611572
2544.423456773551,-2182.8326768277175,153.197132126635,305.67982028832523
1130.1707457365271,-1074.4444524482776,79.36904499987557,312.59932999491014
1640.3625300511671,-2830.7332118007616,206.20977031320933,338.4416146531819
1539.5237058492228,-2344.49395748792,21.159844015994693,315.68110281838176
2914.3519692381474,-1641.8369298218456,57.04385119617994,318.96680012312424
2630.4531439821103,-2385.2552108325585,190.57406091820604,332.52728205151203
2819.166385994963,-2130.5133415046275,96.87034143611707,333.7210635070817
2367.008949809152,-2186.4359092626464,-12.288917732575452,332.7391858006188
1914.3552398702293,-2888.6435419827462,94.90098692253962,337.68989295826066
1612.020306948119,-2795.9816000625165,14.307044059643907,306.1111098618442
1742.3561697270156,-1492.4757157165805,150.77743645301572,297.99936124914603
1087.1200508121497,-1506.1110433069252,150.03907856382088,325.31744891072486
1158.7984831838057,-2598.001660067997,112.63869578542595,314.115540726231
1407.0660880690934,-2419.626818477049,188.71176097532063,303.8129697287569
2372.7424629922316,-2782.4812571529696,226.2560515886878,326.49155654151866
1840.3094742317774,-2173.1876876500273,26.544556355083387,321.6936949053306
1358.7562772201577,-2019.8938047736724,243.5138020371424,338.83645007904573
2320.791885302122,-1457.384475800172,2.8809241924804603,321.31034395545043
1358.9403386078798,-2904.9529776603085,160.58754042634965,337.01104633791454
2059.760512443775,-1332.2211207161815,95.76869825918442,300.1203425181273
2350.3529552425216,-2070.171822192643,17.93984803108583,321.78523740507876
2562.4595293405555,-1043.0809316891887,102.624470394876,326.5913621435441
1182.960974469682,-1090.2166938111995,245.0983092858218,309.40498154609185
2741.1780998243034,-2041.462210572195,-6.817789420854675,297.6834982039013
2588.574102798411,-2207.0572299787254,79.58420274959909,310.93877732088697
2113.52862860375,-2567.799101744775,248.20734403091478,317.5489020877681
1997.0057344220727,-1251.483028607797,227.15086626631896,327.32872178922906
1159.9530589789192,-2604.875349357326,5.723663241193002,317.0557666771747
2708.0753382537428,-2463.109011596384,18.50781509991308,326.53361015581334
1819.2940956951716,-2076.436192232103,2.1789388089646557,327.8623005122616
1592.1454299946993,-2454.7284266032307,28.322796663496064,316.1832963883024
2570.931035143365,-1456.8764214848707,211.19169641815787,333.4662682432435
1425.1416059952396,-1855.6331106462208,219.31355427102983,309.8497849263369
2119.996040390435,-2350.851934076435,0.13622997291453842,319.31000620516073
2321.058613556242,-2744.267094030135,139.38335369990705,323.46463341690117
1424.9960181884392,-2482.8338257751275,72.01975658824762,325.36172260306216
1323.7683693740755,-1301.1724172663176,115.92363034639789,308.9928918632941
2234.5232054723056,-1351.5100893323156,68.44828225867423,297.67394044771186
2941.0321528539635,-2573.1020071011317,-6.8529607465997735,305.8828376540003
1608.8637186287015,-1524.689106999234,103.9851527928174,315.48839235018346
2661.5694874356977,-2094.3074994376902,105.91839783877481,317.6048979864674
2178.892511293479,-2159.6572727664766,40.20100937637719,331.9331505486232
2269.620108359708,-2147.4408493436736,15.045114367387999,316.3172119813673
1101.7376422374577,-1366.080811817275,11.548561721374796,305.2346482697465
1032.9706593710778,-1359.0744793048798,137.03826359679636,305.4103498161962
1996.193731967399,-1086.227521672631,215.71686264571073,324.531224208871
2935.2546440273923,-2656.235509201409,100.49845737331226,298.76218385817367
2989.4647346940674,-2429.8971982945927,250.84255744825975,298.7048108523843
1442.691631823226,-1096.0844676503516,166.5994633087869,327.3230235114443
1541.9648105986223,-1373.6124183455993,240.09463076401755,332.2683159058839
1002.6133907725288,-1590.5654043992972,-5.433221202412822,312.0620712595314
2823.1264945148982,-2198.9439660235057,187.07875802918625,317.7085477435123
1778.8563801507248,-2428.0435346970858,96.9932198753953,299.6441992546883
1670.72368575914,-2636.2824025715995,94.98930214982083,332.49624385010793
1321.7768676351734,-1184.05976003269,5.653122770789135,295.4571546032993
1171.0401758663236,-2634.3400100649637,251.24200570516234,336.3681673946123
2418.632232282588,-1997.1848689522035,7.437516682722279,333.4904491764976
1898.0237705627992,-2830.4194775826363,117.62352080453007,314.59064945745826
1912.8124698790923,-2714.4887969901074,245.28349572754826,305.1217855166125
2237.1765115236894,-2721.487085644461,92.9460437616356,324.4008428022239
1343.2590609052445,-2643.1178424335044,17.69613565083749,317.7087823259733
2988.366152133401,-1343.43506371247,204.73103818504163,339.0827712603517
2256.689038130735,-2733.8340553198373,251.48419708191346,310.5850610329628
2303.9249940737236,-1323.0332985486477,195.854036390763,322.79546234030545
2172.1423616501925,-1681.6379537174435,86.59790010698646,331.3467289319424
2636.1228674011927,-2009.652131590301,220.6111493727975,331.03274381471647
2186.358757140503,-2011.3167598869766,195.6593189766983,321.89494514353964
1407.4112852223657,-1630.0268138825143,235.5173596990638,299.9145258743338
1486.9808783481542,-2405.9993403467265,138.96663911615815,299.8307297801763
1526.7650849469403,-1625.8465883427284,237.45163415287675,308.5324595010052
2778.3582142225387,-1602.946218605016,198.8334602210754,326.15436695323035
1126.631270120735,-1828.2128838780545,146.61115656135593,330.04668870592116
2437.964130039125,-2746.413584646566,62.86793597987766,322.5379186323107
1113.553056552134,-2749.948842936608,65.68971517362729,330.53178994880034
1144.4050968662261,-2751.5615435735467,70.71671627108925,303.0030171502982
2902.6308805438657,-1641.6199211633893,38.75476033346602,299.6371759836936
2788.639153937547,-2368.2394021387513,244.06848773871974,321.418503266893
1531.4419849216706,-2877.1850125762594,131.92234750670465,321.9588295392274
2726.7518526656336,-2477.441666375181,210.80330292064994,305.37185065996584
2165.236701089043,-2744.3230286344983,206.7775360633945,304.17676111847686
2127.4245024532147,-1120.9619586759895,10.432304537390689,315.2573138797334
2965.183466391228,-1618.2899304120665,150.92343751359007,314.4534638313604
1732.477129082316,-1351.6063157978842,146.9576307888924,326.85550349335415
1740.5392063764061,-1162.5665452855715,184.4577241841787,299.23522180035155
2503.6753110958066,-1549.517276321373,166.26776226601973,313.70983366139427
2297.4722515471212,-2358.4885472644887,140.01853276465158,328.6887240511635
1332.8448581864166,-1535.6594852313879,239.95283395223646,322.29472795927086
1059.4706011048893,-2419.3971053383816,154.27079036174123,337.5956087170844
2668.602975905133,-2206.9471963470846,91.73203604843064,302.64702630749537
1277.7288431615718,-1245.812622572402,106.13519720152264,329.2609365040792
1779.1419184488188,-1161.961625334362,-4.021972181620178,301.07441709197184
2292.2754830413396,-2233.9658035126267,146.54587128223716,338.54199607706187
1468.4298858560078,-2190.1917657301556,222.6951285079944,319.9320633076153
2656.4859393609795,-1234.9905307588958,237.8772137261835,339.576693317896
2434.692326098072,-2413.420161314561,253.27726847264057,330.0785864291876
1884.9289166533708,-1613.4582005183167,178.91322389893185,326.64255709697153
1854.4512052485188,-1615.9932568690383,40.6424800362072,296.7232984712406
2343.1811850110253,-2137.260384031676,123.32660333871078,295.3470295350332
1687.958342473962,-2469.141296194134,58.874587416174776,338.307514411208
2497.571855398278,-1243.351529306617,235.23936955730383,314.7394927483786
1288.399964303696,-2786.2860866698584,117.45150889239517,334.98987484294753
1103.7620454832759,-1287.0949960876378,-0.6672487796317306,305.7199396939917
1998.8904186251243,-1543.5771657273863,31.0852646874543,315.3950176928304
2241.748626936763,-2796.608366708857,22.940489767974043,298.70775610789985
2610.2366495187966,-2826.1433421531597,225.9649468799466,335.72376464868915
1895.0790994810327,-2336.742092545349,243.48190004684596,310.16294376254064
2524.4924003166275,-1341.4834811714654,69.98976453144702,334.783337437963
1163.817362622645,-1363.7202332542158,38.464145143299014,310.0261952187867
2023.0331742759354,-1755.470959918167,245.31526347743176,326.04271039859674
1304.7534333627068,-2863.2849321609847,-4.0188666030705935,329.1642469780031
1789.0017198609198,-1294.787484611201,6.992245636327688,296.1688011639789
2667.405671621019,-1155.622249552782,178.33333014434191,313.0494698078809
1683.066941055769,-1036.8412072605934,121.47173728074321,320.2431876885892
1735.1050200776435,-2574.8609386717358,24.546113287433144,325.90184605245844
2756.550831171521,-2472.0364440311555,166.47358765776752,319.63234140404046
2671.351200744786,-2286.9407392451963,123.7858499234377,330.22115860228575
2164.5350145687053,-1482.3939241946891,185.36950460272706,338.4395568130856
2971.1616923009533,-2227.390512347031,248.0663518177817,302.52382702936666
1663.4570502807605,-2581.820894042474,221.32481817625091,315.1079788681907
1056.9081662397516,-1066.4775527847871,92.49648528189485,316.47429612379767
2782.311776378957,-2553.2107052010615,5.127259498708543,329.2456597120055
1515.3514650331688,-2014.1792788590801,226.12610292432498,299.66218272873687
1290.3263716594593,-1452.2849197577111,60.220701272225156,317.171799762583
2171.4781746436342,-1086.768292855111,237.19235449167155,323.71117995136933
1520.23268528244,-2760.311472359864,133.81481353622206,335.4649929765068
1598.070101377337,-2003.988949438285,-11.089738843912093,324.02007522538946
1486.0082335647894,-2764.340812344706,134.9065186295199,297.0890137322046
2584.2475622201746,-1936.5616460311367,40.85744449254388,336.9621677593809
2353.289031029909,-1693.780502451698,93.94408671214423,316.12094299407016
2010.953702923884,-1230.0633366752047,250.69663086908832,327.31981836565535
1749.9204960552515,-1849.4253567349426,40.60777484187526,325.22691010756193
2175.5140122952453,-2175.417144810798,-10.252112947693949,311.1987885661048
1161.767422670166,-1057.8918575640728,236.53827535985076,319.9003164656588
2543.3766509886127,-1468.7438393780944,140.05473195785694,309.73956016777026
2273.592059495766,-1426.3537667357261,58.3056423290156,317.641869251219
1329.7028900443775,-1828.8833008435852,118.56188708871795,315.6365066684767
1817.9395706730884,-1596.9666162378267,134.79494815389683,298.89197051439317
2896.335822026109,-2404.678945566303,172.9117443680747,334.8217808036423
1323.4701781978952,-2383.6160800704884,176.30313256432527,300.6390087826135
1851.3082606545763,-1827.9383036541888,107.19938624782012,319.0232548590253
2062.534371181103,-2010.7849466461594,107.8827001313231,298.9100542655146
1377.0456302956727,-2435.5299283072336,99.34288450405073,328.9109524501491
1095.487694609255,-2102.528406752228,115.67269183470918,297.9780469278585
1761.0816545370385,-1942.4686727577441,212.01820923424808,331.21339781908955
2747.6012699836047,-1819.6880070768134,228.45107627931137,313.3813753005986
2805.1080193239895,-2445.449027786789,220.46783572630764,338.29302814809057
2886.5050190833817,-2651.5380951583033,99.64769296817933,327.9272139588207
2986.2785984706684,-2124.6471236672714,79.77610222583563,313.9431794009962
2129.5105846122797,-2684.0836917197175,202.64296934371103,297.6585483094358
1974.6251704634483,-2319.214696579479,121.19625997106647,309.0946827626916
1090.6776457093522,-2479.2084651859595,193.11235216053342,311.9411262065187
2300.0983818074037,-2747.3020734406746,80.33886568597184,336.3708113573859
2369.790122109075,-2363.837610695912,133.4791960650831,335.1489249363676
1137.338763254383,-1048.6098536892518,113.99286498380485,325.2881324363328
2967.3598590254032,-1404.7957666791272,241.26547481588386,319.3153220582134
1769.9940310653255,-2753.6032122036386,253.6067317121607,309.21461846670576
2462.9114599365985,-1236.6209922002483,2.7944178969682802,323.0803377908234
2183.1698930791554,-1279.71340632301,196.1369916099062,303.82104357502857
1747.0904903840642,-1111.5003635732933,124.52808749276647,325.04218677198855
1110.017757013368,-1604.0354199194164,-4.6472258979805225,311.161596441908
2375.289265491238,-1715.6149988010836,136.74666016713473,295.2544034697066
2887.4287442287905,-2773.0923162200634,48.156415421031284,300.1997091926712
2162.7009380117197,-1171.300939467775,32.80348910975364,307.4046420830987
1480.6640063684724,-1667.5512719829574,16.511475849680924,311.0955573683248
1091.3023120656164,-2037.1059506762558,165.3769420557106,308.683850024831
2681.620449690872,-1743.6404064383134,-13.295023606545657,334.2114217827915
1187.2203793321967,-2251.225829180033,21.79193989078628,308.35488721343745
1607.9162333639533,-2255.0652994934094,84.46389501875625,334.9064198714655
1561.3170252377663,-2041.594785445865,-4.668634045223852,304.4326468879067
2989.814928366241,-2820.151958718959,67.40159684896524,334.85085429644926
1375.272467629877,-1106.763580409248,256.5552308388501,313.0840506962271
1374.3551773776578,-1822.802370155676,62.620213287512414,317.32258656470043
2042.7831900538793,-1412.4986450284512,176.94011030469863,339.06115540674057
2392.7564904077267,-1802.3486133162062,47.980142501403186,326.480747554543
1128.4354086053304,-1145.0494876535688,173.29657008660536,307.87299635585117
2564.366138878545,-1382.9630164412065,212.15746273919828,315.1010129615861
2300.336624867779,-2181.280411281725,58.827178861634835,330.6054868449455
2622.9244969624483,-2976.0814200861805,15.51810393842652,335.57383084627395
2825.983776061008,-1710.3505024603453,60.59384922405643,320.3401057429876
2617.650081396532,-1119.011603660043,54.55179275447634,330.69231920874967
2102.843704280398,-1843.6451001397681,16.405060600158073,337.7310500882029
2923.669177387591,-1401.7134142584455,33.56270541013455,313.30385457141574
1392.4450710193614,-2932.0796145988525,102.7556270201542,299.2329538805352
1434.7212286964054,-2283.3327830750873,-2.530575888347661,333.9764895071431
2431.8080902214315,-2325.1541639934535,36.9423001098642,331.9196723650602
2979.82232641038,-2609.7195270659367,141.82838863585775,332.1805232619338
1513.7195817060533,-2306.337864331557,128.41052869755228,301.7561986062739
1252.1411089667627,-1996.5941374308504,256.8003765532341,317.2942386821748
2920.429791344618,-1555.874525194796,49.709730846117225,334.771157734845
1297.3506710901897,-2043.0253571457724,186.99701299461805,322.4063352070875
2847.5708805882505,-2773.8383868353026,140.66081501320684,296.80165040454114
2200.678209650816,-1409.2184447095108,-5.945479663137224,304.3432793552597
2716.115187590386,-1286.4201180841817,79.773658099757,321.6830312780994
2509.5075698759265,-2756.5084642078737,150.6556984300828,331.8951645687244
2027.4711607917811,-2861.6561883468853,88.13972819618238,298.6176544229742
1262.7615240127936,-2687.880401414747,122.19114692284177,305.401192357897
1514.9468477698783,-2115.2627818345713,212.795436667399,311.83002287795887
2250.6430074230775,-1409.551805230273,59.12426693745084,319.69870245527295
2964.6029051318033,-1192.939970067199,118.3827227947609,299.55914488497086
1506.7292486204133,-1916.8441931236296,12.430739514743028,337.49741420341286
1107.3052828619018,-1056.3466792295267,100.24818624347462,309.1498702216926
2091.8008288326655,-1584.4507579419096,127.23004504921883,308.27698929668355
2622.9023068087217,-2937.049775488875,103.22200434537942,324.2051509360865
2457.17639855118,-1237.8114939485038,239.81233228797004,315.05643445693624
1209.9509932018102,-2148.967634991358,127.49865507281376,334.0811232365975
1956.325718489646,-1720.862855577399,243.62513260494006,314.01925371956645
1969.728134504906,-2309.853278546212,6.3817725716340625,309.914216437048
1050.760428436901,-2469.824620371682,1.659018715266729,337.6105449370127
1751.0146389058946,-2801.4654478373013,109.47904418203944,304.15852348181994
1731.0433418859975,-2162.9292500703173,165.63033127409122,296.6773095801896
2416.8106920664804,-2212.4303753441686,230.08949887824792,318.1394137380003
1930.0089342367794,-1905.9077574194753,207.07893994578598,312.1039875265967
2969.1120165047237,-2037.3923818260805,105.72887380590868,332.64980873456864
2637.4583245309495,-1595.0192715053795,73.9992039807801,312.3468891316423
2609.445487503741,-1412.7611017570273,18.33791411556505,310.52188935273995
1472.86251283288,-2112.5558877346575,45.55700088827858,316.4347934160165
1038.7671336356514,-1642.7009345156755,12.033353439484149,322.84524265415905
1328.3150365660767,-2632.72502384077,153.53762825113003,304.0003835485363
2813.1720914291245,-2751.7143246539626,-0.12369193990171823,322.4732852375898
2767.8782794395547,-1277.189388569084,182.48652279765776,323.3556367316039
1283.5493522933473,-1446.8640913277634,107.51489688885174,315.46642614885775
2776.597720987398,-1647.7480594737358,199.4297797003904,296.23709331677514
2395.018677831231,-1973.6377779379202,232.49026093540945,299.77414732204534
1796.632196745525,-2643.6757550283673,240.44823144962422,335.8753464469718
1497.624796606463,-1539.8425087836854,17.34508506377805,297.69945606206545
1682.2566870066717,-1007.8578872830294,188.58895454526885,331.357514552926
2929.5642840060073,-1014.8688327005164,20.045917182011912,310.9750867911675
1896.3007221105222,-2038.112306486399,7.890974543342871,316.98447364975993
1075.6209662367664,-2546.7200326015054,103.52848084613007,321.25442591468266
1598.5539252806511,-2609.078873610798,35.63891989448791,297.027845271641
1854.6869808430188,-1571.3372513321647,195.58835837556742,309.2847627526255
2658.645469125003,-2856.438604530606,0.6407649957679613,307.24245406182314
2155.6327316528395,-2490.8470167959817,140.50987284799993,303.219501706041
2691.4222883659904,-2171.9577668769853,82.00018406503933,319.4843823485603
2049.4324999144446,-2558.3647134891266,47.39605667060609,336.47027460213536
2983.174646177513,-1539.2399351704692,108.19187508083174,314.3343860128614
2203.1141851851617,-1083.753966014249,31.98650893746224,328.95943682215403
2804.9446978790857,-2798.220123413765,226.06978030413785,332.3697784346206
2896.0888246763425,-2726.898981199195,174.55278825447365,298.34100523443794
1180.6662783468364,-2339.739681684039,169.3190829438171,299.8788686837227
1650.3306627671022,-1118.8480775854534,135.45447299513683,303.29386895823944
1900.527369457246,-2709.0981156658586,140.38542405923098,305.074323723148
1938.6924608143293,-2044.8613409541308,-12.490202424039609,308.1921209650577
2568.0840900017383,-2938.6486157462564,213.2051220072837,315.98072620473476
1219.871075546722,-2731.201987973383,256.3566497577879,319.9446427503456
1674.4697522390156,-1798.3670391699225,206.21220986937598,325.75444133447064
2309.874896102439,-2017.5002624066074,229.89596726088087,300.1108301170539
2720.496895861485,-2766.9069092142486,99.45277693136508,320.7928182528906
1892.5641070601123,-1526.8006584819914,23.111140630688283,323.3514775082565
1203.6061909650696,-2683.5538982347475,102.20569428416994,305.88385124511274
2382.996324407301,-2628.5898626165267,249.29262716699623,317.83392962374023
2583.734259927183,-2580.1872471926326,27.577547351424016,338.9395607352108
1874.1272284038614,-1382.0940922046777,-7.230713275442683,335.0246435954115
1476.2210547657874,-1986.2217270163653,128.91216493871426,307.6110247373901
2147.1706127703555,-2334.0313368099114,-3.547138538798553,298.7662707658605
2599.689146367411,-2138.556295091329,154.59595420986915,333.02180232975445
2213.422056622415,-1782.255986347759,186.44525097237235,302.4823731394735
1749.9209975889348,-2820.502646858789,195.24825925940885,324.8684149235999
2125.2314739790622,-1944.8911122256789,82.27672072115689,304.6581673088668
2867.5492314758735,-2632.9274039483835,210.37809625736378,337.6036917825202
1862.8408850121232,-1469.9923842001024,37.49873921732725,303.4085814221313
2429.3555278217796,-2049.7612218238664,166.6675040882621,328.95140454032224
1187.1662179581467,-1101.6467251200083,177.55112206769266,318.64855943788166
1891.2410529556068,-1924.2941211020177,140.10141987566746,319.79527130375675
1007.9166477250077,-2114.9539272290467,91.15892356413406,327.62686226354333
2408.6630307039877,-2361.850352146987,224.7036353145459,332.5094283735279
2770.934476436968,-1743.9939156851676,82.17741917464488,296.70792953034345
2231.965903862053,-2946.6010044221835,85.71541536695854,307.04542210154466
1048.7137494878825,-2521.2152803360545,228.8885777372836,328.0371755175066
2852.9002253331064,-2575.898841855304,218.36772427493827,305.7828286882192
2661.6253854338665,-1946.8343617898183,222.37676098088255,316.58004746095634
2221.4264923798137,-1539.2742301800683,74.17360169120369,305.0223895035201
2243.3610277403413,-2998.9768363438957,-13.418528553377314,295.3795907870558
2933.51846928555,-2933.3177165840802,239.22811854480275,312.40067302576983
1265.3049578103228,-2115.7515426327036,204.00676606893504,296.85301128962465
2946.8856411281345,-2784.829920609309,89.53916845347075,298.239013318367
1245.6350762921747,-2813.160403578044,119.1155637540983,337.5065655541427
2868.5101804864944,-2493.108528185576,125.76662610025022,306.5496556965118
2938.931982850974,-2238.1509498284345,140.88466469278404,309.73389240532265
2315.395179149316,-2848.929410155048,169.1018324034056,308.0439913286901
2933.8040671704302,-2987.555521194205,74.34160096629716,335.7082476641731
1195.190012990521,-1576.882922446229,-3.2485038743556487,322.26865059965917
2188.4452233274988,-2112.695772866484,72.597666653974,315.0162206009296
1787.4396312877657,-1196.0880596465279,76.65312836393079,333.503670561799
1188.3015449164157,-2309.33075271136,197.04208673497777,339.03903232334505
1366.230959387092,-1000.0616261051823,63.56637326813966,332.13320826663465
2231.1129976177044,-1870.186082404922,122.2846374692343,330.81109800286424
1133.0866349959788,-1694.8495606268716,132.85661917287936,298.7943720669176
2136.6080459046534,-1117.102089913699,5.902430115039099,301.52005188598247
2587.671328183741,-2829.055582123232,238.79448627881249,327.00464447317233
2377.449386366181,-2937.0041375000815,82.3272718162919,334.38874110855505
2526.965956357487,-1074.5364360028498,130.68363629425687,319.68350304247514
2744.1029860808126,-2341.101761616491,91.29563719730739,331.1130789820196
2856.815912957797,-2662.072193634978,108.18879638441712,310.23109410922063
1093.7533830436528,-2045.7604667832784,52.8168081834294,301.8291088825949
2081.9947547232564,-2371.647032386853,135.83364046761412,332.89425577682675
1636.8927273318582,-2461.0304769047966,102.69854303897347,308.04348900171266
2380.42658881354,-2410.655056918533,11.35661640951875,299.8333836805846
1403.2401002212102,-1905.9748653138192,202.69637037349884,316.36214000359695
1502.8919228178827,-2529.692851843777,217.25494446062172,310.19595578981296
1750.9001335099188,-2561.3347573362466,227.14461764476468,296.3728985846013
1188.2636766005592,-2408.980986380832,149.19454451031768,304.7969020993057
1621.0086809656248,-1161.4989206894174,-0.6924785895598333,329.4334503816953
2859.2045544770885,-1581.9872001392532,80.35963349946262,313.45044062571236
2878.1471052690295,-1833.4971064153901,32.97273873737649,308.4519667756012
2291.0009652529234,-1144.1378613072409,98.60622052468504,303.5881242237627
2505.493150618253,-2890.852647975591,65.70700419488554,317.11769529733596
1117.4718792078147,-2770.4204301813156,29.032328219138634,309.96610712112914
2605.7401264932223,-1691.4983668289585,-11.231828597552347,322.94565689821275
1820.1764993482059,-2988.296764020563,59.62355801081806,319.190205015448
1212.269807767872,-2956.3647685369083,133.97868651653488,329.86311996268853
2403.5990839547303,-1438.333407750739,106.74652185016495,317.5749808779846
2920.5941547137445,-1320.532574285338,154.34560559766066,321.8408505088883
1811.6238290406982,-2668.3781640092056,172.85732313647844,320.22026742591925
1499.8279075574828,-1582.748558892241,166.6628894053197,320.29637633789895
2391.36545198396,-1883.584656454145,52.627700645298944,298.8574175541919
1411.250057000426,-1125.4126128112139,42.467680203076455,338.635885231817
2306.1047411305535,-1720.5894637797023,97.27214803670026,332.6074150451851
2506.306810045776,-2246.1029822566215,17.011454672008433,339.32315480003786
1201.8402213301167,-1921.5605343656825,23.04801260173773,328.7819588104821
1938.1004240043535,-1038.865984065192,54.13636419204559,318.69136986441634
2170.4422345721314,-2386.336609385604,-14.095564280177173,310.24696526361095
1139.86862446971,-2389.7850159800146,192.77767883757366,322.95832170251833
2319.825286919665,-1214.596121005311,46.830107003820586,324.73719117732094
2623.2349942452392,-2796.6842416864874,206.76278528905237,300.77137630240793
1984.9029906528415,-1105.739620420165,193.33068552469527,310.8079452473962
1237.160404821957,-2007.7294532662345,242.27992464157245,314.20820708821407
1210.306820399385,-1236.2409948643476,255.58882592636854,328.3676415055781
1704.6504069264956,-2200.406120940405,206.87522077851614,319.513475104222
2317.5135985370616,-2388.6727669828624,52.699293426417185,310.5515657720439
1182.2706319045847,-2332.0117562156997,79.8397928444046,337.0293022556297
1303.7991936466703,-1023.3673192885487,27.325718051920447,324.14997599396577
2416.5068981073255,-2927.072320300216,80.7131552989654,335.67080535750085
2595.57542678352,-2612.460747734472,172.7434687095486,323.80245070286327
2818.10677736237,-1134.6195949200032,-11.250642823987576,324.24501824134956
2524.5312099672133,-2698.105834891941,204.37911129937856,298.8523974478622
1161.3095527720443,-2461.5985647689113,240.05129443605023,303.2824882676045
2292.1521806571163,-2458.20007219936,115.8181227534293,296.51137266881307
2321.527339287489,-2634.5437459542045,150.2043373199209,312.41788636740046
1026.8625685106215,-1881.601486837415,156.76975916077487,308.5497141690609
1152.0040575732028,-1516.7840856243624,252.06326980100926,326.8684347300848
1735.8787884065687,-1967.7497781389357,135.65117121684975,305.99592924582583
1434.3836239791153,-2753.0291236953217,49.36552435953776,335.15746233556763
1231.9518831861453,-2883.2689717889607,49.5082965386609,312.96921018823906
2350.0382388637345,-1349.2185109017057,27.12054064269165,325.3543586174669
1910.9255578408042,-1631.1435173997395,68.81033471980373,299.3736368326795
2917.3904614535572,-2367.9297157066817,40.25035547274332,334.8051877931382
1634.1307034261545,-1782.4102260618326,205.84878405726636,335.4717273629392
1797.4023558300041,-1661.537479654152,4.845073522369358,295.9606947488679
1497.5032608962977,-1412.6919073371753,198.49424548365727,310.2378036621212
1246.057312322896,-1216.9126308682814,176.99722873554668,319.5104543000281
1165.3771229027602,-2947.3670351822634,241.96656103807692,302.58608216114504
1001.4119760564113,-2631.8080704433187,83.2303785934118,299.3586878417278
2677.4733154024484,-1164.0004043631259,183.94413838931277,308.70442906589756
2268.8638607115245,-1363.5964883320435,192.9194322167275,308.1731609541519
2016.5713430634705,-2732.7643359872773,151.99558724812738,328.6957250701188
2126.1962052954905,-1129.6461162958597,184.330114230144,319.78676277840117
1664.4113219244168,-2405.954209032707,38.705765711712125,338.4356594661464
2520.7802143892063,-1032.3952678124815,184.1517256835025,299.30347580181547
1480.6259265379188,-1517.3231246650457,-10.20424329108898,306.1457708740379
2994.7397432495063,-1956.7865523850385,133.812123791745,315.60861189556516
1355.4924182734335,-1587.3653400587216,77.12131983316449,309.4608018564453
1894.9887231219575,-2889.0239189376994,17.00948197547862,334.7262354035545
2618.3218333937757,-1484.6680785277267,49.54153568666452,324.0115624165161
1536.287732895059,-2711.833235342159,170.33754584240765,321.7707157358303
2129.294300605816,-2125.3610831339865,248.08418998980937,318.2654650731205
2063.5240887382147,-2593.903899894395,51.968307156749106,304.77374006322316
1639.505199789192,-1752.1961808570825,29.198613996128678,324.8366083145186
2402.3180279365215,-1665.5560041115173,110.96056188071928,324.2442859081178
2735.088903567611,-1615.5173684800973,167.95650989526226,331.9183097785877
2704.4870226427865,-1474.1531595604854,84.53128005255657,330.7687728624862
2824.2038604811273,-1711.7941868042076,58.83850963919451,313.4949136267146
2839.413331702798,-1200.9020163059183,87.48284881176643,324.3459503106765
1358.9505130657521,-1270.5184391291173,106.03656319427247,323.33140823572506
1416.8112741819373,-2173.423870806852,96.32613970231394,307.1649757545146
2242.8329456492115,-1081.8538070895015,58.797755810466555,297.9281473714176
1271.4622028840024,-1736.1142292339953,7.625130059987889,297.94408704735525
1916.1947862299107,-1859.3924311199628,1.2015643555117634,322.69829860003546
1401.7174118839814,-1396.5079677980025,-8.733978413904843,296.6736901834457
1741.1858272415193,-2270.7299478221257,242.75531081437333,303.4335302849393
1527.700825092038,-2936.888725931431,153.2605269618067,327.52151385165524
1767.1524417913665,-1679.7993578202618,37.15856324691309,319.2635058513641
1510.2454787192448,-1206.0493206985657,71.32067157599943,305.38065967819756
2871.6423956366407,-1603.2067527611705,130.96514099335027,333.7101643574166
2501.6572649396994,-2529.0439244751756,170.18991439021886,334.5440774620894
1229.8793538003274,-1041.7437535415697,34.60996297818425,297.4776010798111
1993.7470425890156,-2746.6814646051716,42.59345836202335,336.9901623709091
2317.7771778709866,-1686.803132313353,36.36113113065078,319.51635210402526
1146.4866681939857,-1265.023935113478,166.93947344899456,307.72987433079305
2924.438647902032,-1415.918426837967,-14.865494774706963,338.60992313335714
2712.2114658693326,-2351.9617572298284,220.19319765294145,315.32217002045866
1592.77029349975,-2870.9629421753893,93.14655654710666,339.0489403284142
2712.7837728313207,-1045.9414052365244,171.87371635994432,322.05353304510925
1712.0958921661988,-2822.300684209282,219.74619309384306,307.48024797767687
2430.799322922295,-2558.6650716225063,-9.996647645509066,337.1410474818477
1585.29414563009,-2167.797294016139,17.34453712848771,325.1648411059142
2046.6920756070651,-2476.0286193954885,145.07556257275564,323.18772754491584
2770.8735314819487,-1281.238625297836,228.00190160790555,308.66163917253476
1721.029539698669,-1255.6493543786942,161.12827729107357,318.50206079209113
2662.8848380120144,-1243.746218208047,51.0505447676083,305.8125000965067
2002.4493918481098,-2808.7360531011186,221.73422417983656,334.1125373031084
1063.5114952798233,-1223.6540802433335,243.6641805777523,299.4628327529139
2238.3799329972226,-1578.666305219023,91.88318359633263,335.03143377401216
2574.292857564607,-2665.2596828073197,75.79732834470421,327.3840665145065
2752.7536653054785,-1271.3660430365012,145.81764827266807,300.1637397389049
2675.2336111571967,-2949.2266075980438,-12.18538283439078,308.0919988895362
1472.9033345494095,-1475.9969402852955,161.0001758162187,318.27913856170744
2300.6682417019892,-2539.863885482511,81.84075940226334,314.6682768717967
1642.5373192791542,-1825.9968210953477,247.54914630558437,329.7564388321564
1148.3802860919316,-2432.413008425473,169.29728840148942,319.0260532126651
1579.741663919588,-1629.0400524811482,234.52030974450895,316.05938811636736
1387.0315631686283,-1154.1679482805362,210.32457216891098,313.84148554429635
1693.5993171972677,-2318.1488150039067,173.74573958785777,310.3903961009374
1824.1172308795244,-2368.984960486385,99.3374406976549,308.46935470304925
1646.4503825428578,-1737.9670196884986,195.65261229698694,328.54280767208274
2153.484381701147,-1515.7699418341379,-1.0861882765629023,334.28954789100027
1990.050595061577,-1325.116564558754,33.803622897493426,320.83231181231986
2901.0530132743315,-2270.6436496567653,195.39278441866608,296.8868343667248
2315.814930437875,-1383.4751012827298,258.58455541492907,302.01094949813864
1305.5095963626184,-1979.4362200014339,178.6091617305936,309.45643524283537
2195.3271805839804,-2736.278714931825,122.3503658320885,295.001493283793
2064.1006117000807,-1573.2416239358618,180.8776411693207,326.76273325616046
1393.7071225941086,-1942.4434367733063,92.349354516951,299.14553467759754
1770.7256795498201,-1107.2441148922364,179.26488239380257,331.9842650280621
1682.866842882398,-2967.9441206736633,209.86709471097097,308.14257333232194
2404.5925154110464,-1401.6142376948003,61.272084687256665,308.7169132759505
2725.5808540521675,-2404.867408805764,98.68378228143459,303.7807050825219
1266.2811700553227,-2101.8169119161885,99.20388920414061,297.4436812569877
1655.6102801616998,-2141.4116398315746,64.40057535536192,339.53478854866523
2213.721366916732,-2552.1756058376363,225.22700408340665,323.6042711159574
2030.3179678783783,-2732.2988856750117,228.25531111894273,308.212344903312
1885.6687651802713,-1664.6776747616314,11.233592804305413,325.0321266284542
1796.5614216331383,-1672.758838608124,51.475396755761864,331.2510991915084
1543.36865937057,-2113.5980092703594,18.859126312951425,304.5709895500262
2135.2971531521885,-1914.2428085226738,86.44775286022795,319.3290465178246
2763.425228839147,-1701.3157945921394,175.27925414596123,306.0759469233808
2166.9549744792744,-2990.650655160479,215.81396438092105,335.57927404500884
1892.1793064688354,-1385.9539207765874,-2.7540103678251366,332.86190382450934
2422.9519742764705,-1380.1552430026286,49.46306478384214,297.57112615701317
1558.4424240433955,-2430.5653369572747,178.48019554927194,311.62271310059043
2633.098418468815,-2177.4556893994154,224.6191954128799,331.26289072365455
1153.1479096350522,-1186.62014052786,129.4543166791206,335.0489260419727
1534.786036745864,-1602.6891239701297,6.862351816423615,313.7957860984058
1270.6288656426716,-2330.2453759266327,157.61407855896448,311.98126536873485
2610.327744046059,-1254.2759916211196,195.06112457379555,325.172852179835
1940.9536355354207,-1593.1427537284944,192.37769020768215,300.47084629433624
2250.0514296945876,-2621.914412747032,247.867214874975,321.1479102279033
2267.1457565697087,-2209.671171507359,197.1156935018281,314.373875772409
2428.6317394536063,-1987.0882743589507,-10.505340109442141,320.9522593193035
2605.8203151071402,-2419.417997759352,135.022841362093,315.4255615368558
1951.1649948569132,-2953.0931252133955,112.0591308360376,295.88955552069547
2095.5509178939687,-1521.9657855214466,76.63385993258758,306.79436268485676
2560.5175306880656,-2810.7932511781564,165.07307622087808,314.26676764803653
2022.2932406624864,-2318.8190701332223,135.53657196549509,298.5789916199805
2479.669606799712,-1314.7759070636969,108.16200373476308,300.6627946934631
2094.1065936049995,-1764.6268160556199,22.105329958404468,323.63345725457515
1565.0698087860433,-2898.2409301541406,172.15414691209045,323.27057899619217
1614.4155615858056,-2744.664769448715,2.8467306272503414,297.12793264779344
1764.7011473077573,-1094.6756548685419,26.118191094951378,329.39412515581535
1198.830902625273,-2776.6161579330255,166.29348674960897,302.263070356999
2151.7114574443895,-1451.1150054125387,18.892226932224794,339.28120523035295
2661.305905515907,-1594.316374480016,152.2502616801725,320.8881683092643
2664.490504878121,-2844.5747459031513,43.845477607246785,321.198178139724
2712.960150511778,-1016.3257376843126,162.08747471860121,316.4579810177488
1928.4234456620225,-1181.6046237934972,59.13908157176044,333.46131014806156
2414.1368225945544,-2437.742893364998,243.73477603737365,333.5988164282338
2022.8766825349426,-2999.3361417836886,145.588424324783,319.8966288707128
2892.922978157345,-1943.9966057035806,25.25555099550654,327.4930903178229
1635.9202460080778,-1742.0898943790132,104.88725370547846,338.4094789192561
2110.760171221855,-1352.6591196417787,194.33266920408838,326.63568180097536
1202.4372150136605,-2326.5632796171176,84.45385417819915,315.14945077198513
1985.6905557998862,-2827.7598382445626,17.370893317785274,304.7990756483674
2295.5945324206878,-2582.448593893563,27.18525781319933,332.5920507557971
1520.8252156458668,-2551.4268882128135,228.38159249472417,331.907475589353
1134.9641089750942,-2917.3238098358356,0.5653816956007169,311.4792338206061
2956.759629377654,-2578.787186754046,187.78549206346298,333.5294095230849
2371.3623855349633,-2017.4984612731337,217.13230873081537,320.13154624730504
2379.954868769033,-2149.276409986527,58.96500161914001,338.02924177685856
1350.833238150825,-2162.0757927419477,137.77411770682096,303.12697747983543
1077.9051747346812,-2131.094721077353,240.56036591011787,312.2328598661237
1636.7238978754601,-1566.717434930339,36.89504700574663,332.97111810548347
1396.208034173414,-2688.774938551293,52.14522691973329,325.0557342061909
1349.8600111821615,-2099.0636621430526,215.38301634258983,309.4925648128306
1445.5649700472475,-1268.743076931419,122.85575968221934,305.33318994393517
2064.947781960169,-1474.0117948190225,103.35659741407324,332.36684905173615
2943.62707636915,-2804.854401370453,88.315711499107,311.87537502945713
2607.0800716971844,-2992.2656794710256,217.54330350667882,326.50487241171265
2050.81273118644,-1165.6672195424374,34.13789215723406,312.8358287264484
2059.8995572482736,-2309.235713772137,11.541160660727904,302.6666517610222
2046.0990208672783,-1055.335100954465,90.4765810004501,299.78167446300677
2299.3433956603544,-1375.4019636315622,125.15733505204167,338.1428223556582
2231.4730619955194,-1816.8314649715212,6.861200838159174,332.875471034179
2918.124291050292,-1557.5910532405805,26.18553349128191,335.6872652349656
1126.1727589169404,-1274.848048305824,44.65352433202999,298.8710435241588
1425.244005242911,-1706.1101686931017,259.3775430223421,330.4218815917858
1875.0128293835328,-1508.2868871253045,94.08822121820644,315.09124325007167
2736.62822160085,-2715.2087481385174,102.27427792203117,298.42352682729825
2138.160587026774,-2896.795725216048,217.53969438589849,299.8823831409705
2598.730020759128,-2373.931757024915,190.90750475546542,327.7159313775024
2678.7222523908504,-2201.4460186170236,56.75530218340623,307.8328514574434
1361.9093731615058,-1184.526196663312,100.06952809484125,326.77083557147796
1712.9044547126925,-1024.8008924340284,131.22191497195203,329.6948531490952
2770.6518136141676,-2575.6065275886567,214.86381027238352,326.7889916805532
1885.8472115908216,-1875.3224623272988,134.61705646503725,319.7881605006687
2096.4153852928907,-1155.6556355782423,96.52711471681862,313.98238905635634
1610.2538567478916,-1149.3113708995072,243.6739388410822,323.31608371497606
2794.101511783733,-2924.9208346154687,247.99033922820496,335.2416106441211
1162.2096554069294,-1969.0028548319708,195.89909336466337,306.66096000024686
1313.5491064903701,-2514.068910823879,19.236261955781266,326.076683911823
2836.7831328809048,-1294.2990925966915,51.93082440392013,327.8108069367749
2623.2680625146304,-2937.309770854044,94.08893713365835,328.67998203096994
1376.0234870878162,-2589.537208850089,239.99896496732845,313.05619170971494
2870.5332892499355,-2798.447457733466,136.32621758572174,325.20312777345407
1402.8053452364834,-1900.73553988049,99.65235877039432,329.55849219495974
1810.9277493289894,-2271.432711167576,79.0403026292138,327.49251780933986
2016.579826921532,-1749.5539361543435,-12.750477920323656,307.5854213367047
2738.9856063088864,-1686.1130828923,-1.6157961986388703,306.09099509677856
2531.7478004015957,-2746.66216081581,-13.989430690323154,301.8366771743121
2794.2767710389,-2572.436830575159,134.43980632798056,327.6514352292322
1502.74466944716,-2919.575082532821,40.53751758096112,306.90413204869355
1465.223153693409,-1954.8510565204144,8.619258719769302,321.78403343093436
1358.6311211291813,-2587.744997674496,189.8763509082968,339.19634435720036
2802.4309432403306,-2788.769912361008,85.91826658729171,313.7469134648891
1692.7204728712,-2195.4946985383804,259.52844088901406,321.1995202604991
1387.7065606663436,-2812.9939578346784,38.09862175906601,318.9681447544465
2859.9490678847214,-1878.4415525752584,48.1023852594077,330.63894523759416
2767.8215517006947,-2874.1345742412686,51.35302319203237,334.1416357696861
2694.365739803575,-2733.0807636983236,203.4067278332198,297.8362970676115
2680.163967985981,-2277.0508217848155,21.08038043321826,314.83687582094785
2314.6863039315767,-2714.743145029985,151.0055388832668,300.93678567671645
2629.9575054564775,-2152.802934215163,148.41748881370225,328.72481213093596
2162.097667955169,-2395.7193294038916,118.25136990601743,296.6398079242835
2193.1324307781742,-2686.985329545416,136.63177859210882,326.3595822116746
1391.0193894812764,-1768.6793974567702,133.7630276488197,309.9232444389943
2400.6018524760243,-2811.426646138369,76.30493883601198,314.40298479111425
1285.998662679604,-2111.7575231444926,239.28529347594713,323.10235015650096
2528.6419939291964,-2620.0158018310135,133.82059757242533,313.8847410920698
2399.0567124890877,-1560.0126301120604,181.4111537750997,311.8515568922652
2996.823319498303,-1885.2936985591332,222.9589584671276,339.61393672198085
2849.7438424170805,-1844.0357970982977,52.23831784179808,326.5420996655912
2296.4531073359713,-1166.531123949987,36.34928028532988,303.89642052226236
1798.2168428644372,-1185.8513947299361,28.682397557580337,325.8893124946871
2567.4775101334485,-2076.9967477076557,228.4755475914486,334.15978297985043
1568.1808871078629,-1583.3330251952298,233.8737371377652,302.4332788745454
2071.4742979665434,-2767.4024550722515,17.963277478982313,319.7657459454668
1055.2901957282418,-1462.37719611779,-13.1088032878907,297.40588191288765
2860.444620373056,-2141.6352492009487,146.84493021415935,308.0856540349021
2388.33162230783,-2695.856860643211,129.42437804300178,318.20475887670483
2450.4913884765974,-2973.0736192108698,71.36660788948456,304.4262193731847
2367.937230570602,-2127.9508145703126,246.43222197267693,316.3550153965903
1943.0527181597868,-1537.3181045303259,223.65525299793737,305.57086164355553
1704.7999361889529,-1214.7763637940632,188.16517815319952,324.5530695364063
2085.6931807194687,-1968.5435888889058,239.93447945354978,330.0931530180139
2144.467750294364,-1131.444394279665,156.83035146674098,327.554048111162
2216.9655912179587,-2996.70738599068,163.48301645157977,298.3095928829248
1667.6897476854579,-1860.7495212892125,152.56390448435758,300.74237565033303
2598.8590007278135,-2335.5124916886652,40.220759779120954,316.30999344688763
1363.6870990417844,-1568.438436355303,95.24666407287044,315.6360449027953
2318.3072282404255,-1993.1984280663492,253.30866410401535,315.91893720661534
1812.3364267318752,-2727.774918867569,210.87979914140462,319.58714437410094
1603.8224718100532,-1465.0589733686677,23.219697258459426,332.20032252852985
2070.4779908442433,-2112.854552566671,189.4315369215586,322.5524363467231
1202.7138813431504,-1241.9288214233527,117.55288728590341,329.67301510632984
1717.751040409751,-1978.9315838527355,116.93403583561945,331.6036166273885
2148.094305636493,-2288.338146270808,28.626373186306147,300.89763517593246
1486.1555128890468,-1127.0263134073623,251.70150209174687,304.81610983386645
2205.0170112076503,-1043.7029493963887,101.48638342694622,325.55529091334563
1907.503686438512,-1446.8030726319757,50.874234571550005,303.6089547398545
1438.3559944084475,-2449.157921018277,207.30360929334535,302.196078962161
2306.1435463022035,-2816.527921966644,255.65013070289007,295.36771986631584
2996.3870787916994,-2135.208110558363,112.7370022015307,331.9748738901052
1057.7822690951155,-2503.32872854244,37.45341025746377,323.49125433053274
2470.765707597726,-1508.31779350807,14.010096296720107,296.6846218991069
1344.4781625054222,-1937.9719647869224,161.9332766266055,336.47899822504826
1280.5740250565204,-2840.3076160531095,68.18471802984632,326.00708335132873
1807.7526707701084,-2664.218367220348,59.81181652697721,302.69586015462227
1667.365101180489,-2832.5992590835826,243.61192081575365,327.6693180506548
1156.0530067648776,-2301.937185549672,47.02568798942447,336.6576826593608
1147.8100880881307,-1950.625136293657,196.00167317292363,326.24322529794165
2805.2608100999473,-2518.7478244190333,82.67211878048712,307.0684364189789
1811.4514707263631,-2037.5682349041663,63.06165840516414,326.01199245787984
2632.0198118009794,-1794.0416990919762,-2.851877157954119,319.14890073675866
1008.8967232267263,-2421.6637763067133,249.92852813575723,314.65833655639614
2155.3191115703794,-2779.9441514676187,104.0585541719061,321.9151778139698
1152.6183684411208,-1172.7916466289892,125.01943377580307,297.32573818907383
2794.9250911936006,-1226.4992863383536,173.3866695052556,327.6035029344962
1867.826960191088,-2357.144763167571,36.64562305853338,295.19964536649627
2064.7425108335074,-1699.434802553846,5.400091521723375,327.72731390314925
1421.8105623223553,-2516.7814806707966,86.28439274075824,299.56215739204015
2046.6877916712265,-1649.006736591181,168.78801817025118,331.5078257823505
1471.011860962907,-2235.7098875335087,-5.1315962208088415,339.64900258060334
1140.3933053135474,-1851.6748646443234,94.87407097605774,295.2312377809925
2133.0442143554437,-2487.8065748186664,213.53163587179205,331.38949297193824
1594.5629232973179,-1387.9599355727667,84.27991181231836,309.6197049093034
1220.7686871017113,-2095.267835167526,191.7513048340897,323.37320561433245
1468.760571214843,-1052.6049389725245,171.22973900719086,331.56367722478393
2260.9888040417463,-1963.1809210151457,4.512339785035483,317.4550300080042
2730.1440387598172,-1800.196724783541,179.0635699547364,308.4747551443081
2065.6856282463796,-1354.7240227296031,176.99854471918883,315.17443401567124
1835.2226803764408,-1926.40396095204,213.8682218181204,313.81804662435337
2003.6637647777343,-2719.7693020758134,77.63168268684976,310.6471479317968
1170.5950639958332,-2611.0228952735843,212.8183627712651,333.4298784069402
1533.2689564965244,-1177.5132881975194,256.5374202415751,305.80319378067105
1542.4304005515269,-2909.63193150964,97.72670558836454,324.6562744064531
1012.7326918775286,-2882.077033467119,52.464883478609394,300.65991216517426
1590.8507998595055,-2290.6387191433196,62.432779710857204,302.87064535487764
1527.8147941168238,-2212.2671854189202,208.22273129711132,319.4429445517841
2365.518091955828,-2619.448269488941,13.229566771864768,334.2189432453929
2848.5081314038835,-1440.7657732525718,124.38261447553995,320.29833826076697
2632.221356524662,-2423.033600735201,186.43975992870241,304.0598718671648
1189.0686379332506,-2062.6531594991984,14.345391193271688,308.5421893177486
1667.4403372417773,-2509.937413477037,43.46745716640907,337.31549554567516
2432.1159160286197,-2159.7014884867963,117.55135008535498,324.6577985133683
1818.5442937528624,-1414.8877699608156,93.53389618481232,302.91172511285447
1343.0041456229983,-1656.3082095594277,55.380439320208964,319.05349053516835
1436.3810608303675,-1404.2112726016114,206.21596825816712,309.318535676343
2976.667251791143,-2835.5634063529697,11.744964503570596,303.3674393446064
1787.830397153251,-1163.4489281822275,-8.530367854919064,330.97863623164267
2890.7133487144874,-1299.7912002882063,229.48705744319497,296.42197068424946
1615.908206724221,-2344.603175827493,12.468762690543393,331.06381627895666
1663.6425026534644,-1220.4238925765617,186.46959015569078,339.1606075474234
1420.9831210179434,-1847.6400249908618,24.480964908866447,327.50595935007163
2151.7099609898596,-1588.8598516866725,138.80178299679835,321.30666209976727
1319.3538586292684,-2136.247818492914,57.10119617236455,318.2351002098346
1086.9768739021015,-2382.0814678084607,63.224598292395456,318.93817928983
1979.8879497561538,-1959.9485941322962,-3.004134794314931,335.57786804663954
2445.345425612363,-1228.253635572806,91.72541910809186,318.2566305575967
1388.7853399295045,-2043.6753709543573,118.75181647453351,329.6403298794738
1009.4232431181636,-1216.2813514124966,223.81292230718762,307.98295613545287
1787.4434961193213,-1091.463820732035,166.52175552940318,314.6410548834505
2791.7127016549457,-1873.9556326459006,87.84306333408146,330.80645787794793
2268.9846090918063,-2368.555853712522,52.86999634772886,334.6679157033043
2763.3050007636252,-2613.713351046858,20.48518482452055,303.9639205514201
2840.9014845354523,-1368.6820112663397,44.381727976658816,310.09580320078715
1741.9015618618469,-1069.4485252020431,1.7795197488715786,297.2984671699801
2841.6579677895234,-2305.3517781472538,145.0266241818244,302.96445436067177
2352.379573342295,-2946.436738561884,51.65028004997754,326.77053728351217
1270.4504522771635,-2599.0625446298527,218.8620809183147,336.8017330998039
1793.8682119274363,-1765.4233477779114,51.038817283819924,332.8383184991021
2727.400975725298,-2964.626611656816,119.7076674034908,305.03852776215683
1928.2460656645223,-2233.0661214162315,239.76145761324472,314.65916568808655
1771.8629420935508,-1475.2250952354866,259.28235189852774,299.6396301802646
2764.474764563262,-1407.2140429413898,19.22788561921935,311.200910395011
2524.0100047816313,-2571.676998450994,113.73694844546466,323.3718269478687
1961.94584777824,-2195.982540701794,163.639740823959,325.07224694018066
1191.673083910455,-1991.3593895769518,101.5150589602338,299.66064667282745
2676.0185734368424,-2553.5900492350365,2.282032973460325,332.29044814946093
1414.8290061573318,-1088.0802476632662,172.81259974249141,295.5065924338386
2896.140958866577,-1169.185338226604,68.35681505596206,333.82984753757614
1278.266474632575,-2089.7223109525225,87.62678761221913,326.9995828655289
2708.997189811623,-2197.346308441968,60.983953504555956,324.12764517295903
1521.1908004976654,-1293.7914876455613,54.543233296858475,323.30201453780006
2937.383233306139,-1736.7904913655268,41.19670032267278,323.93002178493094
1681.4863297128575,-1535.693947266597,134.18823775319225,320.4921079721788
1608.0300677707557,-2461.676313418612,37.79656289018504,319.4692246607731
2699.367478663782,-2605.9392222753395,57.11607698421449,304.50060138381775
1764.3764493567567,-1586.323502084898,137.58845747844722,323.1899660550389
1590.370694572373,-1608.4048995792036,-2.420286499661417,330.558566393701
1122.6362559638617,-1325.7170687123116,255.90461094929805,296.35479093264604
2170.1425602912477,-1270.9512939337837,180.69179814796658,336.72415703581964
2890.1242953579886,-1633.5502187261716,42.40921907269635,335.92544884276447
2027.3797646513058,-1163.925170502434,156.26850676643684,335.5616120854959
2864.9172944505,-1621.3999177507408,232.1636773604157,330.15642021651536
1549.343875748857,-1739.3771535541855,8.019655313878324,333.2332044726812
1649.064140596321,-2033.3350719652094,134.57190625335156,336.85815782777985
1477.5850224653689,-1721.575188179307,120.5140249001366,309.84232428251744
1174.7509728244581,-1965.8666350531369,180.83702616825047,305.0372763565586
1706.9100689004013,-2241.239926269953,20.614471492634728,310.74202451664075
1174.440098019295,-1185.6667776767947,43.37930744708423,298.10285414762996
1669.241416713102,-2108.5010105223564,142.9612356807361,304.62572341211285
2173.0140442895017,-2070.7741556684696,124.00457946939181,339.4368823067428
2124.1586698092096,-1741.7594347933598,230.5657427222857,323.1651368232697
2644.59300079818,-2898.8670270785215,179.59995551574852,307.86142776354905
2375.240469581515,-1721.6713564759807,244.57917205924934,330.3381229824988
1425.8632381853763,-2810.2895231339257,204.32005930550642,309.6607998859763
2739.7680036577704,-1276.6174388069767,61.046372949631504,295.97121445374876
2507.7839689368116,-2547.6951381565905,219.7097297182788,304.6536831424126
2926.9274051004804,-2867.320383133363,133.19918508293873,332.98264171710343
2417.7328265198885,-2516.6947660565684,58.12741969933542,330.5010800773691
2363.066106497309,-2097.054433498068,189.14084928484925,336.03612135243804
2640.3281415051006,-1114.8926363824596,83.58860750364693,297.8028890216331
2170.5788427752423,-2959.7829866575453,-9.943093843904343,302.13433107526663
1886.2576898856692,-1031.6354463809394,85.3488817960798,325.53143595613153
1739.7457958752243,-1585.2801458309657,199.27712382554648,336.45775841652863
2887.007025088084,-1028.5998691249372,52.41729899044218,322.6721379215847
1263.9923965303321,-2009.9375090331762,43.82348311227689,326.5311098172067
2971.055179628224,-1463.6993325295539,156.93172516999135,305.52790887624013
1441.325168956479,-2433.9454912715482,162.20151543209607,296.460941504531
1980.8189018773678,-2899.095974482143,66.08294609359638,313.53444901189886
2663.1551831343795,-1528.1238180199339,217.80178737017064,300.1436834318577
2452.600448238237,-1802.2512343803082,14.21751839511948,324.953990680289
2694.3113989384465,-2939.6993332071097,49.2595875571312,335.34559222968204
1153.6519806118843,-2975.582390601482,259.95669938470945,310.1992735696292
2067.893196311202,-1983.0031308065345,206.1726285415647,314.5807777615672
1147.34232599103,-2995.3628625947085,173.7723888655187,325.01026889011064
1500.8732032804612,-1046.4586121878958,60.097918670357714,310.19552156835994
1047.2966999750681,-2364.0131141026422,28.934821171013645,322.2590282294033
1097.463949802065,-2763.924014468757,82.44735222882764,335.4840615774564
2134.9598824738696,-1470.7207541537264,98.23121944494032,313.86476504603587
2328.7503289253477,-2620.006563642679,97.09858268111749,312.7041690308101
2407.821065225585,-2328.558012162487,147.36243990328396,301.89924404587583
2299.8703575252316,-2681.5978667239,222.54894735401038,313.50189082372526
1204.8285843031445,-1544.803834215287,196.81683715224773,305.6408885879786
2868.4068187178755,-2085.7070909440827,10.045610472096673,324.5900799714753
2636.3498834677252,-2777.688543077173,212.12461992014457,322.1946884349373
1493.010421433568,-1282.1498842933734,131.1701068347458,339.2780187920108
2398.2624269754674,-2973.6702044049534,-14.715736823928069,300.707237004039
1485.0482508561706,-2701.9675349807085,38.339307458085635,305.38126907360447
1613.7860903185222,-2513.0282407397394,170.16450459883387,337.9130456918584
1840.8988970732735,-1499.8452529879814,229.8087743370893,338.0640754143947
2322.7462641340944,-1285.7393308893877,62.469450950212135,314.5743633684849
1443.6957926906491,-1969.6144847467717,88.16273362024934,338.70608653133286
1702.8859587269403,-2664.949997885408,138.6886848115165,332.0700657659959
1166.996894157658,-2468.4880469991904,-3.7464828634268628,324.6556529271025
2528.6148473889075,-1685.8690477081743,135.22408671140576,329.0008647874719
1721.8811421004914,-2523.7896379849644,33.51049478520415,337.2232584760939
2407.8447887652337,-2784.414187127109,54.23518353552541,297.8712467116067
2363.2262953732825,-2980.6326330740408,210.335374857423,323.2995790066179
2239.1022933945637,-1465.0470220928244,8.960648185881801,299.1391187095704
1476.5006986213584,-2641.193621143023,149.2435488598602,306.44286866464626
2245.0028965255615,-2009.4353581105283,226.5772757328148,321.5544016452697
2187.6652209101358,-1022.6402125915236,223.76391566916496,318.4447635553309
2441.830814451834,-1299.3884532756315,172.28099624050404,338.39624448049955
1760.382884041526,-2557.106559349712,29.428080119481876,333.8299154142894
1224.2255435027814,-1000.8972569372033,145.53867483678394,329.6584416744746
2094.0912340335162,-2746.1130774509124,97.64658334166558,314.38718445063046
1380.8251662917892,-2532.4606973905125,107.85191108106,297.4882939754996
1636.6472826430447,-1354.5473207985217,160.80465988814856,317.073086253601
2050.401132526483,-1668.851414044784,177.31456904902362,302.799997356328
1053.6512900923049,-1111.7177520763719,249.75805232033088,319.85936079240093
2971.167644297604,-2750.4297650174785,112.25590412236882,330.77642388500215
2498.0043957908642,-1382.0519492663568,214.59317145459906,329.3258298041809
1390.0263546917529,-2672.7762681917634,218.31124867858995,331.4417422112733
1152.297832734338,-2637.8541314984045,237.821245509616,321.0209587915079
2040.483012529896,-1445.9874309013749,21.85279679276772,318.27676980285736
1474.5053374286133,-2482.8146977164774,185.02731347870088,303.8884271018458
2392.489254029305,-2793.4945032134415,198.31051952604912,327.51083348359634
2348.230056466845,-1625.043848977154,-0.23786745455796954,330.3437697797947
1304.6090032934376,-1175.9494051788813,109.34390014447416,312.55103332074145
1414.9360492770597,-2771.24269997221,164.00642114436837,328.74922418760593
1339.0210341937113,-1213.6617363277774,47.66388911503358,304.7247011499976
1786.954577395455,-1195.4952501825671,122.63005737173884,316.97895051911104
2835.0180803388803,-1572.9028280102464,170.46123620219709,311.40647639257725
2952.6356238998824,-1948.295539031516,161.82388326319543,295.89968855106304
1049.590547079783,-2362.0348451313907,250.79435837167517,339.4293468058205
1170.472671165192,-2343.642378420926,193.4149959791342,338.05201499165946
2361.0873199812477,-2951.6652894238637,200.50287868774228,298.5735404785449
2398.6000277344065,-2085.7801282352275,-7.627893500385697,295.9282400531279
1088.6055142500982,-2391.22495141397,200.64900806684537,327.40997026825045
1521.211422942833,-2420.674957038722,64.06514447905192,317.6476108319361
1481.695428714372,-1562.0906467999778,53.83821995911674,312.94876445987313
1578.563274083825,-2366.2416350723843,228.8514917996184,332.49454585131656
1758.9692593485504,-2976.48546990947,251.23995618868418,312.36111531915856
1144.7704986311048,-2783.826987751981,142.1251673525766,314.5347384002186
2001.6013722331159,-2941.8394136818874,66.66976711751772,306.65172971683484
2388.8360888369593,-2781.1683694243056,157.53410598187847,334.4558440016574
1798.9702924760534,-2807.0814326478167,22.757071063657477,330.23768734321965
2828.025293025764,-1464.1828514255408,106.64959885179834,338.14025515136433
1790.6281640992818,-2266.165377081732,14.729418100163532,322.6176359723741
1598.6416191127057,-2739.47781904982,170.96357645352285,299.8077920071312
2180.9995296300704,-1864.6200433257393,102.43140164726549,311.89804659283624
2211.7931461036305,-2671.671600656595,43.936865156162526,335.33002062725905
2492.6365509685656,-2637.757916446574,47.166657073373,333.3991834949219
2067.7628079392935,-1736.3516167497173,253.05679392214438,318.2090828007854
1776.851148434302,-1203.1021564851462,157.52029157996023,295.6626281601869
1855.5711261889714,-2203.3147751692923,180.32244130973962,316.59803502829106
2410.316995438125,-2545.284283668456,197.5932399299261,309.4323010895619
2074.293738560816,-2015.7616890068084,156.3756647031958,316.5466291424793
1748.2093973209326,-2675.7202831618497,9.446098828914469,305.851426698443
1065.2776829988384,-2429.939982337603,240.1640028101182,331.37347739540303
1675.364865333711,-1869.97119480424,116.87469107988036,311.65916788465097
1844.840429272048,-1264.1219229129904,217.02167136838318,317.80382556758934
1395.4101357694576,-1698.2090003859075,258.89410587636235,315.51234459766005
1275.6630737698454,-2811.5313685085493,178.35076076538002,311.91332890617457
2455.5489966130244,-2255.7276939734215,29.01648319639976,336.98783693572506
2616.421490708648,-1382.4070809171308,50.218923112632936,299.70353113502654
1209.629352912974,-2050.99360068388,102.17335849712494,299.44446551278173
2763.5716626429457,-1241.1438980215444,207.19058966134543,332.0805302421136
2657.125911203544,-2440.2098564288153,227.43387041730355,311.76760023033245
2716.7216726178376,-1668.8270319395613,87.57046216783694,296.51292210262767
2726.0160400406976,-1278.3081105303977,254.90051197896037,298.0150180991222
1116.164700633331,-2844.925596342888,119.37951453835839,333.28482750962985
2762.7475445416667,-2446.314688205924,190.9775685141625,320.6341774393543
2406.8338610334176,-1738.7850387530457,242.6008283665368,314.6438718326865
2560.903297920821,-2876.958580008941,116.90261433558769,330.58331306319405
2607.5288661505283,-2325.120755480294,235.49520352280535,323.3356599333617
2578.009724149446,-2118.304246437184,28.86073782278423,305.85690434244833
2965.783349760488,-2725.020251771215,150.10913974486581,312.3184347870578
2881.3643065197175,-1373.2450321369681,209.56966286185704,298.36785263941243
1687.7830443572195,-1644.8728938976803,129.00028805932112,305.19476385588297
2497.3899966356557,-1744.1784229560046,40.424981560624126,339.4988905474279
1753.417770670842,-2894.5723768952826,168.17620172811638,299.3064884188647
1346.7288883989204,-2188.9755749536857,41.7091735068962,317.7591830282708
2705.1329007750637,-1995.0568072257322,143.0522202681351,326.66936995445803
1767.8575001379018,-2950.340381976487,92.7221475751512,306.6637683532032
1455.5634464160337,-2665.6697478571223,146.99844875143367,310.4330414762712
2170.051950921187,-1890.7493760954908,38.70102481693031,311.4584148951756
2750.7357037325955,-2044.949946101358,15.777309130018278,313.00752172248974
1821.9809807325462,-1547.35444453014,-3.895069365527437,323.07765897316773
1307.9691081007882,-2664.453107537662,146.75018123131974,302.80323622016084
2085.9121793266395,-1813.0423435195603,93.22809827753666,297.6897257184212
2338.0777512874865,-2735.094942430527,74.43244331667128,297.109016158892
1623.4634412900164,-1425.1193054340788,56.32165362573707,320.8962266470052
1044.7652228261447,-2818.0055569356955,110.48050050350007,323.6474178725371
2129.5338499018662,-2790.6034677655784,233.34385501768534,321.87252306606166
2523.4986929807856,-1700.044529054283,112.97555134515243,333.48781126725754
1008.1672916594213,-2869.290129788321,227.32827415678378,308.595034548054
2528.3121582667336,-2633.9663293383373,-13.512249861581727,323.1863570980342
1677.459570563965,-1776.1673683524784,-11.007240234329766,339.41183925233275
2464.612804441094,-1135.4406013144614,79.34094861287367,298.6362509559355
2128.0713752837532,-1670.1330822746713,51.67438957782571,309.2100645630735
2241.8809990030804,-1042.0296032386277,224.34073847342648,335.1569799427329
1464.190804538735,-2245.24804724511,154.21873747297172,326.31615234833566
1734.4473033269655,-1138.725447362065,120.34090844524673,304.9997506729991
2860.6938273027145,-2649.265534983587,35.7750980110696,317.6117758775303
1013.8190669923786,-2508.1453481620965,33.66873144742062,310.8438346257593
2728.8154267580867,-1225.8897495101678,18.35704655850953,316.4990433310467
2111.0073503390286,-2689.08595287688,5.234457445704955,329.477973141084
2086.636417668472,-1003.9107979257346,126.1965653396158,333.4631006822108
2901.589723173446,-1198.8739404610424,181.25778384278883,334.6050913633794
2225.4323978635925,-1441.3956695534573,206.77347435564639,297.34822757944505
2065.09896821241,-2199.906366220844,78.13004038484317,307.92836916035253
1387.2543625919095,-1724.2846731882044,117.7974070085647,306.57006494417993
2578.346402467617,-1080.6960924726156,99.69157289486522,334.5758090066112
1254.631255510513,-1531.1760354010505,110.77264244638845,324.80003935564287
1643.626842338756,-1044.440556198141,220.79845857306728,310.00419044498113
1526.4257249101854,-1057.9899688985556,221.53004175259386,335.16371495260046
2000.542054074733,-2672.842759579803,36.2051373920166,309.8282809966713
2378.255863051333,-2414.3854784949567,82.96665907107189,325.90325740185506
2050.600492878909,-1854.9079786501513,51.69938962648756,305.4297914904732
1855.225590016934,-1781.5307969990604,205.14178170437694,323.42401660170566
2225.7655595360984,-2593.338887001101,172.44351462096097,338.6815058450446
2345.2717420305776,-2880.4335173303216,166.48464393900298,306.29294609322636
1119.387724462975,-1766.8606308974995,242.11506628328237,313.4923686071725
1919.9807835378738,-2635.8711003655326,183.03907057291354,308.41986957733604
1566.2670464601617,-1239.6483499254914,122.9168574484755,328.081387478484
2162.806335310535,-1620.4996219027707,-12.692096214040717,302.8574884532359
2729.2293010687617,-2205.505866078958,214.82607571000332,307.09582255918286
1731.5267460739672,-1699.9194258721404,23.533616403667764,315.7905713168582
1837.3199843747514,-2485.20736759366,180.4457802013618,326.07882693075146
2848.468069922376,-1940.7593195336997,23.833098181234085,295.8109178897694
2238.8957658182967,-2559.30241823938,241.350868955904,332.16697874606876
1297.1206996522187,-2352.538505785243,100.9003918942333,326.7707103851153
1151.1493965004756,-1045.6318180861351,210.28380892056364,304.75365654616917
2251.075159943613,-1909.0442761528143,64.72312016854436,310.84123911863225
1756.3413120284522,-2018.1459262652563,255.66483044073368,336.47244873395204
2473.2738665562733,-1242.3316891979741,214.52900016001956,299.77346871182107
1232.919877797741,-1847.9276323577203,-6.001134204567499,298.1771558699032
1195.432700997137,-1606.6044040757042,18.780131881468762,302.26191769053196
1663.8971089359293,-1772.771472388543,205.43148584263116,306.88307141988207
2969.211943199408,-1903.9036058717968,161.99554545052973,333.3602557444253
2714.779874081718,-1963.1396442037662,98.07924445680085,331.01828007219024
2059.054725582167,-1939.8517668638024,35.333422285951464,303.50684141654347
2234.891500030287,-1376.2118350333662,211.55157010731847,323.72153091992004
2844.8900022873095,-2506.5972515171184,255.9751885477341,314.35061953383143
1255.2091182353677,-1785.084734003034,-4.484705632955288,320.0792755472446
2381.061604613208,-2699.794694575341,-4.275966940168438,321.94048464940624
2923.792099755706,-2465.8073408029827,182.487368474466,312.5985615204326
2873.173338557356,-2664.814811772183,106.24590839767609,305.86375403062834
1336.1946878939357,-2000.9537665336081,98.98730843650304,332.89752260064324
1072.2426871253967,-1428.5924107339506,191.8366577684776,301.97762713858276
2787.0561087214815,-2330.3649326848745,174.66785304547128,320.00492031577147
1953.411909063163,-2103.791950868694,151.9885606901646,328.91336594262293
2946.226299740295,-2994.198773318812,168.1592404127912,296.6595587002342
2822.609157694075,-1549.3448374049033,176.11626580684072,303.0019532706923
2421.949482604366,-2277.001764469562,177.93885958351044,332.52355112666004
2276.2529734545615,-1882.0493185397754,-11.015197402240634,314.2760702695834
1437.2976322398406,-1559.3122622745857,103.42797580271579,302.0256983260257
2589.3998668174772,-2156.9560654957345,174.42303342131885,306.93754514703465
2226.3565473859508,-2324.7801676363356,189.90600221829717,326.14316737806723
2013.796618833338,-2368.0559582003116,178.16982493136726,318.90595561724984
2263.762379182832,-1088.5720487910376,240.54483054506744,338.7559996558542
1503.1571789687682,-2427.936314268547,77.98358922862225,310.16786462515313
1391.8107731992445,-1425.2620705335025,151.87191093007152,337.2984754437316
2005.5923916105758,-2512.533301539324,143.89085301628813,325.8682438976579
2135.839404481404,-1342.6216179628614,249.24478573775815,333.5518665178454
2021.8289163789614,-2386.69996513808,91.10931598954276,324.15343452204723
2965.181250038673,-2772.490724137065,215.30473813140128,337.76203925028386
1373.1834392188762,-2768.366838486864,181.68588528756354,333.7735161278589
1351.7988170965907,-2291.710957586834,33.829837200240675,308.433180691421
1349.9446986717235,-1372.2718393279508,57.997242011663886,318.0304249026347
2437.7963179740373,-1215.2089936764871,60.5656453167535,318.16387763248014
2674.4894437962757,-1244.6621918288904,198.00924218212873,296.3926583680625
2362.845803916208,-1530.1691205364566,71.32607259840738,303.77242604582295
2718.9051740204277,-2626.18631257643,31.66657500542155,329.7672344899073
1815.3804779334582,-1050.388196369926,14.488552149058066,322.66209107399817
1806.0780107946152,-1668.700446983567,242.0304997920656,322.0841636426558
2693.2679384546136,-2482.2149416822253,78.56455842886432,312.2993133866957
1394.2934914091015,-1222.9677814176107,128.15430521933126,306.81431681796516
2715.706027564305,-2447.6350124630508,81.39954948389664,320.2902784834022
2822.4398021497614,-2723.3776418810953,72.64808006705675,332.546543101029
1876.0631311207044,-2567.5935698471394,253.75681277193706,315.85081456634225
2785.3252134689255,-2319.8490799698493,102.32700036220774,305.3140045704867
2851.8458152101557,-1407.2905583180438,206.27769966445527,321.9186343269995
1815.475434486196,-2862.4346655605264,48.233561610237615,336.73905717944723
1987.7941730628859,-1590.487405060984,154.54157861968386,309.9849520171453
2334.852933488116,-2614.9895388137047,148.08350717352312,304.7083928322511
1039.3714638249985,-2772.2016951079136,4.949873604639002,325.0212435810954
2651.690293722939,-1789.9577560805387,19.92539611330269,321.8250119773306
1782.0070993911263,-2681.3589474497326,250.34857511025456,326.5821746958623
2869.609571649162,-2585.1120775319064,240.28224116039638,295.06090597568766
1908.2075225723927,-1878.522694309023,151.63500715231729,302.34956267241466
1189.7754533729874,-1065.7631041259692,87.28638863936965,319.8848679988734
2290.647832774074,-1941.2184989353273,231.27709724767482,310.5438552145653
1182.4396749860432,-2678.5724694780624,143.2800388409085,310.81200865444777
1939.6072314388434,-1955.512095680502,-2.7726698194605834,305.79307552914963
2624.3679912592593,-2347.766960354506,253.21810489520044,300.3154495202936
2742.9386986324316,-1567.9636382909705,243.1438570631426,322.50833794206926
2865.2510155000928,-2341.800935917857,242.71282196916144,305.3474573217108
2033.3707356630887,-1948.6547555342904,162.05123753884556,298.64582507777817
2765.5831199092204,-1499.183788015977,26.369140704884394,320.69896210160624
1218.3350450901655,-1657.2647306433043,231.8481089344966,304.75267592443566
1392.7312129290506,-1352.0536720381451,198.82452513957833,331.1533562521404
1111.0835677073346,-2609.214622029258,70.12601841807385,333.9174582656624
1973.2428885225277,-1443.7443743646152,96.41850816190143,332.4140230352899
2849.27022537148,-1909.180566631034,-3.5566996203224654,295.39619303534215
1014.1094740562884,-2635.375658644215,54.32882057796736,307.8479449795579
1403.5113805330163,-1657.0802223301644,163.37299327739532,305.32532613065143
2323.587734614154,-1432.3887814313623,40.30122409356991,333.84185072149313
2975.6637683014605,-2071.510813659506,116.40006824262761,320.98335588150394
1383.629435860294,-1498.550956599392,132.53589705184226,316.5858197376271
1403.098080415314,-1013.4965227894029,-8.943644260068368,317.03699596261947
1617.569439469583,-2869.01913128206,121.18044243405328,339.7720241997067
1026.747433694088,-2070.6402881443264,241.2956692309541,309.05528365009815
1703.4395723639532,-2750.4576104726175,194.82244867649135,313.51466944493643
2743.060157584353,-2843.1277856066336,-8.889933241901865,325.01534557649285
2149.6517588229226,-2916.1884663603937,65.73637936764439,320.61198342767625
2762.863009406226,-2065.443846736901,43.19847642652567,320.65420749075815
1246.4097057046404,-1347.057728667931,52.20603009643301,331.7336141931419
2696.1865413943456,-1345.4941244999898,59.7179883203905,308.0831814247736
1772.2521993893147,-2613.158321996142,232.38236132607778,320.07888293354597
2902.618015311064,-1605.8992325018842,13.937968167535992,296.43574504687734
1936.8452161675827,-1970.6888798950522,120.39282714089043,301.15584759882995
1136.0361224506312,-2625.4357036637025,29.97936634995449,300.92504701180815
2199.4571349182033,-2811.2539385003124,20.962072044787995,329.8779523398317
1794.052142596002,-1595.2999378768122,217.3510456086237,330.34716977507975
1511.6114697795367,-2072.9403817170096,226.5393253054031,334.42552690569414
2900.663626676967,-1189.928877463201,254.72483651339854,312.65252000565715
1325.4107614769973,-2940.3467569547274,72.91181295829185,328.8737333265881
2170.6539083158295,-2057.617864888749,121.77196571542905,301.36914705993786
2984.460768808781,-2011.27454750376,193.10663522984973,332.3426873772084
2496.14746604846,-2943.8377596745136,94.89303655204331,312.28307050762953
2659.5739112154697,-1031.886557205303,26.11604217580812,307.46857802828856
1191.6744721043362,-1731.9730087089004,9.700398276448766,304.05961399095435
2558.280407090208,-2312.9644945982645,-7.987277064208548,336.4386640671853
2499.0791990847842,-2771.3479571594617,246.78828730472128,299.5588343190435
1076.6851363430153,-1317.8936610528315,183.13780491077773,316.06647183594407
1648.9936115035007,-2564.5438521813967,130.95162011060262,321.34147459426435
1871.5872977186998,-2789.9077772069713,128.0491287378783,298.3628937468388
2414.343504814263,-1471.6378601153533,142.15253698291116,318.3173565870185
2506.152135577543,-1520.107421907829,-8.747371612153174,322.4444747056393
2890.348097594274,-2814.6038270300946,229.3028214502505,337.3503566254685
2585.570619898154,-1748.4441118605625,198.51904041585615,308.1242826688894
2212.372725833048,-1332.3765032675642,165.27203510168923,334.62728673788786
1848.6060365981598,-2423.5550947829747,40.56906840786867,320.88821720636446
2617.8668947800234,-1683.8489855752464,33.117252436702806,304.59293469633565
1145.6570019508306,-1774.7746917595935,4.275890427857728,316.6247271438265
2425.559834263412,-2861.1124304322097,103.94055093156203,311.32294905429364
1428.8418842966498,-1183.5122371313105,150.94230435679492,307.53322178169554
1760.1691223560679,-1460.236228005794,251.78943762528445,337.77491862752333
2389.2363238018625,-2543.4268654377215,40.895452235890325,298.96425376377323
1912.743649958633,-2675.1629011039786,-0.24002189244948013,303.49031252745687
1117.6350726295002,-2918.1217583684206,10.636523922824448,328.2183524808932
2333.3306843301343,-2091.4166541039235,172.69733954460102,329.015043809595
1380.2715302868082,-2065.9967426443573,95.11774596633438,308.24551854479415
2381.312955440827,-2720.5986841707895,203.45120432759637,317.64033698179
1244.3962124809107,-2954.902100290109,87.62942158954358,317.4992838669567
2380.572599502936,-1989.55524927108,87.83271039555261,313.9492941782887
1570.108660525449,-2695.262158760925,17.10075451786095,309.37858412870867
2656.419034917895,-1012.2925920904488,224.77604566576872,318.1241778046047
1351.9462209771598,-2431.0254826457267,122.5767043822166,330.3682369146629
2655.5434260754228,-1941.8240684222194,52.65394948589669,314.4848293756117
1573.5699190177988,-1449.0266233428665,142.5835714152387,338.25970656906986
2661.683801897101,-2925.04181138676,54.37886820416834,299.2074575294812
2284.114901604641,-1246.0350322567324,124.61711149324523,308.4774043743596
1921.9432895399523,-2912.5468189466437,131.9354654011092,327.54037932306386
2637.125156161883,-2763.5518260001586,247.79100422818277,310.2934217966017
1504.982659098298,-2410.431317870125,157.82885518085737,297.8932511220612
1633.3842126441818,-2484.353520192788,65.62307376770327,337.00891527759757
2262.439315530197,-1977.016601800795,186.1498782517397,325.8050524745768
2211.441901537801,-2207.3315267744533,70.67289769382272,312.6215523042407
1470.636503090242,-1799.4785320568103,100.21290242341608,312.98336825736516
2054.177261175465,-2175.2030885334584,99.08449103649082,303.32280013628633
2881.75646695709,-2318.9324282181014,180.30077569920357,312.04226225740547
2187.508797292733,-2879.442842192485,87.65967820507433,300.5631786631029
2377.700403227486,-2559.4136960506735,172.04535509841082,302.1278645445481
2563.2391892690935,-1903.5360876170505,88.28712945156022,338.83519762092436
2450.520071141511,-2473.33508803653,136.1622137716265,309.57485748043104
2035.5275801084185,-1844.6489835040327,105.11049283239528,298.15206084624845
1077.9169579503405,-2817.391443017488,38.12560522566739,320.6906107169728
2359.84457417252,-2797.941498875538,243.4137085395654,319.171071827429
2507.169083474262,-2896.929297672134,17.987913137189594,315.6842722749361
1938.3665840841988,-2014.5451054037126,224.0354031396312,327.6713614271838
2174.4799823689928,-2524.87294462887,160.34232727687447,317.5431879400303
1102.2521300611452,-1193.7854109589414,-2.781766208035963,317.2356292125289
2440.4162653451776,-1608.4518566174834,80.59391541756352,298.47665913602896
2348.9162128533594,-2984.1340090852846,142.7710670004945,303.4617629661746
2306.420891077981,-1341.0299779707918,138.75421215756685,320.67908664555307
2939.0179120053963,-1625.811258420365,103.1317154201698,312.9097786865749
2114.5239490772765,-1718.7150976627913,59.48143568649391,298.9881330682909
1698.2895460965415,-2345.7411770622593,201.055007930743,300.018749181264
1454.4186123841027,-1469.719840071831,67.48957285418484,307.817777431115
1988.8505290891057,-1957.9953478387447,213.82076997399724,332.715516508864
2218.5371626872775,-1467.9990581721272,109.56768562077933,323.2785529885994
2870.5386156058657,-1259.9365225488566,-9.379936418403043,323.8913176859563
2789.258404510645,-1471.7716403187346,-5.829089582167827,303.78435372447035
1788.6199519698382,-1092.1356779421046,34.59224281579544,304.17559387224566
2940.6489422059735,-1402.234581968348,60.38064959069011,301.8131970008324
2099.556591486523,-1122.3194956729571,205.302661246086,306.78160934635747
1106.3289604923746,-2354.8980039888224,123.18718798347035,305.2284443187217
1927.4416486933546,-2769.6106962038534,105.47064287822032,296.23496722223155
1265.5638471821753,-1582.8155832211564,126.45491004896124,331.46713446273657
1038.213307267475,-1284.1605335425788,253.64217715585892,309.7265926700518
1090.654258414072,-2119.093570435955,201.48042332038548,300.7773303196737
2858.25976323995,-2096.064103412411,106.62604187625853,319.77599640844903
1277.3290339685554,-1401.9613700450404,155.49599385211494,303.3549678859852
1912.9774676805011,-1315.8639261712697,82.05986732676881,330.6156769838521
1597.106546988316,-1643.2254387019914,256.7224731449746,321.5280662597859
1568.2511838874661,-2008.8527624556236,214.06423826049053,339.3842050161993
2556.5314121599777,-1221.2699754037135,27.50194370645289,315.97934843854017
2812.4530190169426,-2880.473270858151,84.69351292947415,318.7471502953714
2144.9662624422444,-1891.9320386154534,117.3299968688055,320.28431833671385
2133.091421436536,-2859.543680791272,183.2232440969747,302.9597416004542
2882.2828738951407,-2560.886491033837,87.53180814824152,329.3688180499933
1549.2790268691217,-1043.277708582166,110.78212586737737,318.25818697702607
1542.1825382375146,-1527.2455204235293,24.03393101385086,335.53136750309943
1182.4272854320393,-2678.123933742823,110.9633591421896,332.6370419169823
2046.5116534396584,-2423.416041075678,203.9562846387342,318.22984818642067
1872.294669547307,-2334.9272745138855,87.63206101843723,319.0161847559386
2724.836946659315,-2335.626260853208,151.82200595973157,336.5045976392365
2013.385397958092,-2560.4685283161484,67.40711083893724,313.35349723678456
2392.6274780922467,-1544.8209656002423,174.71365451079376,298.5790174020449
1844.7641887941772,-1857.0097275659177,56.52303928349173,339.1696745997019
2086.1883742515724,-1868.0152536971686,-7.432044217028678,323.8251026488292
2576.4635221320805,-2365.236767589502,145.54243228054582,309.13470525417955
1594.388840394,-2686.9496655978774,165.4123092581215,317.06523385827694
2483.7023065269586,-2215.5020288050514,241.33785158622527,311.2260857117061
2567.315262225688,-1320.5061998437345,251.2359963194001,338.33110736592613
2503.1681803182128,-2382.085745697319,104.6218591047945,302.29722026397036
1663.5187069093606,-1050.529219065278,62.063756156408644,308.71777187957224
2462.878195150759,-1994.3880366163012,241.9011094977094,311.60931243090357
2690.6050670824125,-1688.2188881980383,40.52229957709489,322.32002431738664
1482.4698864140976,-2613.1022351357374,12.256871610266,339.97324699735066
1345.2902638096673,-2475.710048331631,23.902996485311,328.8562925572561
2091.985438401154,-1674.125769234298,202.00344450064875,324.63698423110134
2693.3289481082384,-2402.537583811868,193.86275404447653,318.593744816592
1357.7868828567152,-2967.3944996213263,26.940199715205225,295.25836538363023
1396.9321190792978,-2229.3338272747915,195.84467981631164,331.38486358365947
2208.167626426068,-1864.8602024562804,153.43471016503906,336.2173569954012
2326.638360830895,-2899.8938408145955,227.72884553309046,335.6242013583832
1362.3864865044886,-1672.9300748628332,212.71772695313038,306.9266096238921
2177.238500451939,-1033.3875441163982,243.3125679953178,305.22126940985845
1006.7130318571905,-2341.4333756555834,198.53913791211437,303.8560302324123
1693.0092990960516,-1630.4012296597748,42.92916097818323,316.578600285158
1974.279799887851,-2957.8497611120692,15.20671628797735,304.3421529170477
2614.1857481346497,-1497.8728421641715,88.1298702180707,327.274335844452
1106.8561477097935,-1633.0260041026604,158.5782898134185,334.7616211890759
1263.2269462146583,-2772.402777035704,118.7845993300711,338.7647255476294
2960.984580111837,-2132.3421290456513,3.141878852154118,333.9898352316902
1317.7031122064786,-1818.3796246789204,142.0374184587014,331.60463631385466
2134.586104952945,-1429.6945930808683,221.3756657731674,307.9220298728258
1707.1623440645503,-2110.4731063009976,87.20415814172624,339.01434010284896
1064.2231857303666,-1238.0077364153624,22.60032323063865,320.64775045270596
1139.4406767626274,-2316.955098059897,242.76465528339634,303.7411299840869
1014.755653256781,-2240.551940421536,105.53571532518247,315.51899315361544
2545.7021492423637,-1438.0024879542034,170.69055804683111,334.21166602367236
2563.897818445641,-2142.915953192218,259.49411766521916,332.77942317786284
2271.889497084312,-2419.393528082847,34.57526113469914,304.2330113686594
2990.578688297973,-2863.2553725175685,129.9391726076822,315.7091212380291
2918.1892675916997,-2411.397567264382,177.75468540128682,308.8357940232382
1866.9568167183386,-1284.9079250399966,90.14552867459079,313.67940786112257
1312.5653331318401,-2669.125474718262,4.270003989915928,337.32793238332414
1964.7359811425733,-1428.965355692298,78.4307647408319,335.4336238558823
1146.521656469108,-1887.445482555723,178.5609129083167,325.282174172234
2129.634804556366,-1657.6073643187128,180.73793130280148,317.9370121700934
2334.0266606208543,-1747.2639441174508,237.66350617902327,300.2428326953221
1345.2208903617961,-2610.646424128889,84.35479668698602,335.6033180347691
1728.2390332245404,-1179.5370291379988,202.01413895470066,321.6829845864531
2212.0368295708386,-1208.2133372644905,9.016733156215992,316.9797021098365
1039.7048042005313,-1340.3002664114956,209.61678290234357,309.8742392088259
2403.3925114583935,-2567.454624389544,29.91205055806475,313.7035096098952
1922.2458931523029,-1131.697385379224,47.798784539662954,327.5048296829484
2925.0375351378725,-2852.123613824539,6.677984640593241,307.35183255576044
2325.2454389965687,-1004.8538172594378,237.67153789905845,329.7321672856201
2343.6488029001575,-2282.1004517273986,32.6905729551985,328.5276274704755
2614.2789512438003,-2036.9713226137653,70.45300744363693,309.8154566321134
2780.0647411674863,-1833.5436581699207,168.19536355088132,303.3331898643264
2050.5285367862807,-1203.1465482950898,129.1996501880519,328.03099957962166
2341.891242069506,-2660.2583507125555,223.20436454979517,313.2541917439782
1391.4505892896045,-1765.6187829411185,75.24136776349891,311.33700590515434
2182.118642199618,-1982.145440131393,249.26457530290315,323.93851237798606
2832.6783899593133,-2043.3414649751517,-6.881665396779431,313.3306345740299
1537.1732870528108,-1936.487451172118,138.94194821901672,333.6464875974952
1581.152112581684,-1460.4905732799214,2.0082381589707374,334.92707663324
2538.3212055434396,-1371.1885310384414,180.619154220507,303.3083851638226
2949.378711811465,-2015.536847021252,159.51478070359173,335.64531326394143
1035.5729416497618,-2848.731014137007,200.07482577713725,335.6743595470785
1642.277359451194,-2005.5030623722191,128.8835351862006,325.28543674698767
1721.9522630109147,-1589.6582862277144,95.18987231919411,336.65305239949083
2280.224769131365,-2820.68128828282,74.82367959409568,303.9431255428658
2631.269488230576,-2547.110842331307,15.567132898760779,331.0352550851747
1167.5932769250035,-1204.4688186232033,126.78287945758527,324.55818465448783
2102.8799267131,-1006.1014211176935,88.22685203498747,331.89163511422635
2816.884548255898,-2698.528293801383,258.20619506599354,332.8158539439135
2062.068404427442,-2719.7343018791853,193.43621709478714,339.43799654843514
2010.503214636391,-2035.8982292094415,243.4072296027315,321.44452515386905
1219.4234057474766,-1353.5110587092345,146.39159581470142,307.89954532825055
1020.4539529400403,-2748.9796086918273,125.61272188725363,337.70124614164615
2332.1510278136307,-1759.5079807297193,8.896862190455646,314.24283941941485
2041.6856286493378,-1707.120815901668,256.06145252743397,307.26802798427394
2526.3813531124642,-1963.1496200968572,107.97357269808228,300.7187367218139
2234.472971497242,-2260.730612714692,186.75664472278945,314.50717012761345
1143.7453799191774,-1441.7087427934716,219.47622184550974,321.4610795690651
1127.9561583392417,-2339.2459305370007,120.00986807139927,310.52836331028163
1350.4869699463834,-1675.6180700410982,226.65000894446567,329.7255632283988
1198.2950557133001,-2993.9861610010485,252.6139781914788,306.62742063033363
1177.2743117421126,-2713.2606167242852,17.062406094838906,317.02429093325946
2135.4055446301077,-1214.370866490666,113.29479173783531,312.07112968649847
1817.5954418471847,-2611.365390244311,21.005389286477794,298.6939454431136
1268.1382698525204,-2518.9654123524265,227.68179402524368,318.11084338070964
1117.3006800572134,-2767.652276084046,124.94277493857751,337.7248282032995
2317.9202381403784,-1363.4877542967677,246.29309742912557,336.9963100027816
2351.0163013896818,-2242.6707168794396,240.4559905385381,310.22041077321626
1179.2751110043946,-2891.723319210601,241.21872539330303,303.77397935386364
2289.6367476510823,-2257.364662606615,46.529262198977314,300.70312817357103
2604.4673172683374,-1490.3464559676884,130.9138989964381,318.2880710158757
1554.1247948064124,-1791.1775883299063,187.04713105196828,300.0342774975613
1314.247101299679,-1442.4836206863483,27.689789636535444,329.4039041201761
2335.611127501397,-1190.9936507321584,1.3629447045013805,323.9949509773882
1835.756322462718,-1604.068504766234,144.9623826785805,311.0631947798501
1436.1294835305466,-2643.7969586079757,85.23581462771075,328.2581427297855
2707.681049581058,-1915.7153060022583,98.38700303602204,329.6207435918288
1839.7822257395903,-2402.925814680777,97.33846590234754,315.11657800029604
1040.3156443564949,-2361.3636294261573,135.0873326753357,327.88983432424465
1799.8162163630627,-1696.4903365221408,9.066624620632108,335.1398770245227
2286.631499435317,-2854.5761877441914,170.70022037520584,329.6984047881472
1374.4612995064513,-2929.7046944037393,140.8268638915089,304.2805993940924
1026.3015868941043,-2793.84698326489,59.16922635568048,320.9011520050532
2832.926126944374,-2727.228040454627,41.14991645524593,304.460152163917
1601.2122667213794,-1831.8973630529358,132.38446124173618,333.2003005046301
1685.6429793407146,-1775.0034175904252,66.37894738496875,322.3402057397661
1154.2551249294406,-1628.8169589623083,159.92606346969387,300.08491138781176
1315.2854748812842,-2838.6854367860115,-4.945769786809059,337.7174121747606
1477.468895979056,-1991.1796316073032,180.1316272823707,324.0245114518641
1863.579402235549,-1043.5100144700998,58.26326814305318,305.50051101720027
1699.8020127700408,-1428.4994682158058,138.9373061022439,327.62276201766656
2600.239249639515,-2062.664855409658,-0.519465197414748,328.7540259426896
1794.7776080415156,-2369.326641189567,64.5354196221547,335.2640321262402
1423.8592786695888,-2852.2126005017385,184.79693018072285,330.4211779161
1614.513567858589,-2270.9157379186,4.731813332511319,305.919291935385
2935.333414025013,-2029.1368439187647,77.65605201260131,322.2427490088005
2849.4524140705435,-2754.5198791517814,-10.407475525033501,328.16091926724596
2814.941927396405,-1259.199677882732,66.49319717305613,307.84993247743216
2269.4961840349456,-2252.4600917921434,235.68529107525433,295.0663280161918
2310.174943271979,-1213.8940761227145,177.90061407198937,307.0005988880346
1243.1920922991383,-2970.8207758793383,23.750550335171305,300.1218012089353
1800.6145041024192,-2525.2450186644705,-7.921378274628156,306.5848476580925
1924.2528794468335,-1067.2401564185031,19.40549171525393,298.06618169879675
1730.5106735644436,-2649.2345357683716,229.3975663185734,337.1754984235903
2122.6813941525998,-2116.110007492064,81.53292792833484,327.59449977706765
1000.5312099184982,-2190.323449367722,79.74236255135989,332.87045475978925
2940.443336851729,-2013.9032545644259,34.31383640801409,320.2997073493904
1771.3143063266807,-2801.0154017578716,199.08051298810236,314.9956150767854
1571.3056456137733,-2763.3419568632467,111.95296251731654,301.8051434550826
2200.8931035072,-1562.0133825123648,92.03225628687503,335.8632165533659
2196.704182186636,-1167.0188600103304,115.77987590665666,296.6419902593111
2857.429336729099,-2254.5774629906114,219.4975834467638,315.67422527464646
1139.1891982725583,-1864.3681893346075,152.99201608298011,316.15176936995863
2104.4804839405106,-1185.9392380771294,57.93216200336147,302.14154517456143
1281.0241090070003,-2622.2857122899154,86.08897464634548,324.48898656864725
2857.0004254454707,-1343.8650723829487,102.28104289603081,321.03814400800445
2887.1245142112202,-2451.07342292699,183.1878421228618,302.36623357235635
2127.2536348350814,-1554.467867948368,235.2509889565067,314.86149487150647
1508.9377783988227,-1649.9530771891864,84.30088578705701,301.5547705243066
2896.8899743656198,-2632.531398107571,247.53033514784795,335.1037437132024
1379.7088165602,-2533.6524245799756,-6.336975310736557,310.0926835155299
2581.465346588808,-2138.450882276413,137.2114089939755,307.2806430676965
1845.009578918538,-1705.6756098767362,117.8956704307036,331.965881838173
1496.1097406691956,-2578.878099373752,15.622290015027385,321.99854123089915
2755.64148254563,-2730.211273979593,186.5170906005187,295.6957142233967
1554.1382770581517,-2042.362037708814,21.01991858423765,330.15671654992013
1078.7537446862766,-1612.4582079670558,258.04551407467505,318.9240628274195
2158.4978392066505,-1679.9313993566238,253.03611858662646,310.9903834813166
1999.8795007626818,-1520.5773271105145,131.59862601215366,318.4429718140597
1166.616755563045,-2766.200743044027,189.9009057411773,333.626862341228
2515.2118975583717,-1622.0373878307823,200.9808365970363,335.14634648904945
2816.8747896057703,-1377.350472482408,72.03965820238078,327.6957354801753
2843.960606918048,-2590.925871690347,97.111625982248,331.8652874559804
2753.0267275885053,-1554.5493530219346,131.71883654670475,322.49130246263843
1277.2611765263682,-1723.301964698523,144.8673194179811,326.04745994037313
2216.4852382147883,-1422.496577212674,231.94265935138424,322.6071860361884
1920.2803172119197,-1738.5948080897276,48.59015471655702,314.8181447154667
1037.1638264071385,-1684.0444395753764,136.18050260315854,303.6086565994586
2539.6301810863138,-2372.673409803935,187.99449051697152,311.96193017107703
1818.025183471335,-2889.7839545612565,0.5438159237996167,334.00306179450325
2267.817077363015,-2816.5240605917525,153.7551572530109,299.2630701594152
2297.801596155237,-2307.6281905745914,207.24219837177026,321.93502828669943
1326.271959493024,-2859.9808276045997,160.0382897695464,339.40321953017013
2849.8478830803933,-1875.4626920564772,228.59743588074096,331.705499686904
1056.500525238923,-2988.3333590983652,252.66446929258564,325.818109223395
2767.8021674662277,-1140.7700473938278,14.00374962788851,303.1360245948849
2344.540847069824,-2814.4703321491893,52.684301465605586,335.39060296724466
1569.2371227415542,-2008.9698175349458,-4.524875177263565,332.7687427778095
2979.3670765588395,-1918.0562833465112,239.5013914121994,311.5682481771711
1263.7411289834827,-2307.952203967614,240.09142136464473,305.3166262834404
2487.8459481377595,-1245.3475202884702,23.843832671263094,305.00607724575883
2989.2805889783103,-1801.0565283476203,78.50257240880164,317.0024682863884
2256.978452420284,-1245.9986312518247,30.795125468828992,320.29627855424746
1091.6450219669068,-1355.1226835378711,-5.169357461894686,310.77290083252694
2651.6861838698646,-2233.5223726194768,162.13131797130845,331.5413002335963
2662.218122116911,-2116.3625312609734,185.08160471139902,337.0270023582721
1019.708977742827,-2116.870768716946,196.84852769055283,304.72382105754843
2336.0922277475643,-1899.859207688434,126.34297169080082,321.7037053227535
2039.2258963089978,-2570.498519864022,62.43873135516067,330.00903355247516
1851.5388143568596,-1863.8850462003463,-9.848940973645156,306.77210507835565
1120.41503694924,-2267.7789067645817,63.204736371775454,317.06729381810163
1802.6354865078392,-2506.829884655619,248.11479565404255,323.1522813147258
2004.7989039919978,-2365.8804852549974,153.31033128498947,318.788757524483
2731.7493273650025,-2660.6489698661394,2.809874351136493,316.13156492719776
1991.3769451820253,-1394.270437478181,20.744197801700054,334.16650056818014
2194.765744411913,-2336.717700859768,20.37068668581484,299.90333782238963
2545.366651842263,-1737.4941664887851,177.50161554859164,311.73096499993915
1717.8879225042242,-2577.9205734004154,204.17239289802487,299.21908364443254
2731.514124652104,-2784.4878985706277,235.41309674742223,306.8343517785475
2954.255156671422,-2010.1028806949212,230.36977910371183,311.9826079102659
1515.563131835164,-1374.4074509715738,218.70865692277198,314.92874702884023
2541.8179904247727,-1153.3540272593877,163.54252963006383,308.1970356298467
1501.4965638739188,-1909.3569988847673,148.49701307285756,313.2797759211717
2465.065248194269,-1979.2520324498282,173.77762766541287,323.09816140341826
2385.7785703353634,-1037.9474321340845,189.7126898510597,337.67756302925136
2934.600668114812,-2082.2848840137863,141.4703335005099,307.54337902692873
2197.778819566071,-2577.0631185039497,224.91618491210525,299.4606178184062
1369.646794255961,-2539.3879286197953,146.08614859056038,331.41051913997
1342.782597631905,-2141.549090216162,173.91947016758988,328.3200241066686
1113.1970271621358,-1494.2104020304453,27.601330274259908,308.6436187240576
2969.9117605608335,-2557.3355660116604,28.372942277893863,295.01472094969876
1459.1424085366925,-1590.2597330196718,193.2865940001911,303.2144457090084
1245.357260191348,-2840.569466774378,210.40998926277967,332.704211850936
1362.1473763679,-2438.316245548689,164.74678200507924,306.4193738853504
2368.647072576565,-1114.0878950739934,176.54372171332446,310.59132220592886
2224.9888148502905,-1171.5852562641771,140.3275504105513,318.40311409631084
1650.0082195631917,-1075.9610588323521,1.9417250938916553,310.7089975175061
1934.9662600500062,-2719.6329872377783,-3.2605434541858145,329.60946830550824
1290.642577452683,-2631.0852465026273,71.3164425136427,311.6242718386422
1660.0568567166238,-2381.528353757493,89.76377895228116,297.9058764317295
1184.7919309049773,-1257.3128398310114,214.21547539106686,330.4613240384004
1810.7541075445681,-2732.32157738071,213.85809482903792,311.09124442812015
1048.6819720628544,-2951.35746968271,134.43393551873925,329.40505756077835
1098.849671576488,-1255.1063828441972,68.53146015875274,304.52188283951773
1538.595989318245,-1168.7316549526504,185.59926351195966,334.51769525879934
2759.023609259909,-2929.547903947853,68.8029770096294,326.5660880209872
1727.100150781858,-1465.8281704603812,120.9499179753737,322.38011471198416
1920.6332214794238,-2915.515846883341,213.30818875759905,299.4108028186375
1922.8403995197507,-1578.5509686757343,82.87543038744748,311.09683883361436
2780.3737255259803,-2902.824539665393,207.11875054541142,334.6310799829621
2702.15073270094,-2235.403824643149,45.55787678499805,333.97423753928905
2438.0248817325446,-2217.833561175952,95.45768339558643,323.7959713495574
1953.0932013704355,-2973.251624288939,209.38378900963386,339.00041091961896
1891.6147717571164,-1429.8395865970956,126.25560796595863,328.7452695370757
2636.913990620039,-2063.711291900383,232.89963675743962,328.23243986935785
2400.7051547603187,-2208.969150964211,55.1056778183807,329.0078092530468
2103.3160716558114,-1601.6851272965432,132.17758882505115,298.2081038950124
2322.842185061535,-1449.0885432985133,101.32431758544885,295.79541552192507
2515.643186700574,-1176.4959639864041,136.40613506406228,338.06944442122625
2951.229285825088,-2346.808695617007,247.62818436689554,297.0003745672605
1466.6297562587397,-2129.3394798152885,12.46780910540232,309.3567773904146
1879.181691331059,-2008.846435192393,206.07130113025917,326.7999414950166
2394.9604624322965,-2724.21928988323,202.73713449382603,325.985185352638
2248.6061318213524,-2187.402057305234,1.35390083088933,311.4314420552282
1615.3712627011957,-2873.3109316307296,250.51237052841356,311.12717605450007
2151.2303420697403,-2651.1028836889627,48.497634935837425,313.64798414008175
1030.3633025745269,-2170.5460894440466,141.0682100640161,335.7894849144084
1973.8087126857324,-2999.7737593048164,26.535123588117834,298.75895339279117
2275.264679450368,-1087.7540350265936,57.80136123753114,321.58156748226884
2302.9700244754813,-2878.8666339528204,0.4594701268425361,317.9812775715354
1613.3985311931979,-1782.0215643415188,188.51131290783297,333.0832020426035
2805.4358631261966,-2434.525820749498,244.56325713241142,323.55530629978244
1070.086424181813,-2058.4569338136025,215.61744687341616,321.7775382673602
2163.2666751579222,-2784.282650649298,213.27323406520898,298.63589920569615
1393.2077081402642,-2770.9907713477655,172.51489587844947,312.91255535441945
1012.4224029376179,-1742.023153577425,168.42227703337164,337.8477658455699
1011.5902508463658,-2853.6835310863644,25.939623535840376,329.9065653460342
1042.819810789596,-2457.981665554246,94.16078682119067,297.2697765673174
2270.1660758294224,-2608.175482349648,44.90818634678095,297.2299878270751
2344.0100596398415,-1778.611479593974,116.25854862817849,317.0513933346807
1771.6688825875315,-1782.8073162616136,117.96478154817456,304.59749099804964
1792.5331120362248,-1832.5315125243826,150.9585930848391,299.92847712228297
2867.0169407688127,-1305.0969611247663,249.03849268816606,330.2731646286315
1897.3334927495553,-2705.674645271854,35.56888692491338,337.7370533449099
2969.9372988378996,-2920.86218290369,145.20793828227966,329.1348722201493
2778.4987957644103,-2303.6896930814137,152.4735608628187,316.9228943849205
2189.660247884198,-2859.167019526845,43.92720452575343,305.1071837793654
2282.3129058049167,-2145.152042699975,118.02765064425986,314.00156993558267
2464.0491256394225,-1505.326781607053,71.0425623096767,320.16876542405595
2798.3385818266383,-1381.370299953565,162.36109207298284,328.788459309933
1524.6432801353444,-1263.8506677506061,162.17685595130305,317.2807665601627
1125.6161315010627,-1526.6504284091645,65.94275971662299,334.32799243476103
1404.4854033682952,-1592.9386306472668,14.727289594042915,326.9418980386462
1843.2826384618754,-2173.5960237553036,-10.964369827143173,336.17310813365725
1058.4079375235542,-1342.5425790376719,218.9887240593869,325.7213509409529
1724.9496112378515,-1246.5185302928544,229.01388092743312,312.9306228647463
2908.8929125201685,-1582.5331817348003,236.21995978963508,319.8952849353141
2702.363179693699,-1952.3854398009935,20.713016057465495,296.1084904315191
2949.289559577983,-1300.9819018488306,222.41871878681454,304.59955543545425
2539.9477843605337,-1471.1134966012285,91.61476584086793,325.57396844750957
1108.884300241545,-2998.1410353477263,6.586725312351369,311.1875312921445
1752.572635327224,-2884.1236003348486,247.89979324602626,314.7848526201789
2603.7580418339253,-1265.8302681814741,0.37613532253454807,304.9205730287478
2881.593998131849,-2513.842090421301,178.41837722088752,321.59540030111896
2382.9308563400064,-1107.3569269263883,45.833729190960184,303.57751878957225
1291.459805620822,-2213.3550131792044,43.59043575075736,331.50940688166116
1215.6279780362288,-1800.6594790168983,127.95997375191348,321.074632847983
2861.6341829747266,-2352.776407398529,63.61244867543867,325.518486152725
2702.7040064188095,-1653.6781037080705,51.45022571672281,315.60802656221676
2767.1283755320296,-2413.0260083635258,106.92743039659155,314.82311783492247
2992.9996552357406,-1980.0282315592606,206.05757532418485,297.3479719695007
1723.8826785239903,-2071.989582811191,236.14396229465126,322.44884921427627
1431.648229209265,-2043.8420357675805,115.04682181092238,308.7637446084884
2780.388537945879,-2492.6321350069156,197.33083993846512,325.1388292149116
1364.8791462580352,-1773.9677473333868,90.79676405128589,316.89721134054975
2503.2146413010296,-1103.2744444197463,149.26993467390795,295.38768170231907
1075.420760465981,-2508.570532622452,7.481657594824174,297.49205121676516
1178.271520236335,-1731.2042685167207,21.92309592302415,301.9721756915133
1063.8559945399447,-2194.3390697977356,136.71039604280742,337.4463669932768
1957.5148446125222,-1731.9745233686672,64.39990025130076,315.63242178986155
2787.034505716413,-1025.9720671162163,147.58632643449786,309.4903485623401
2419.8269946460146,-2966.0098886346123,175.17897633661113,322.53717344153546
2510.813460872105,-2043.7566542576387,-14.709303631408247,318.33180108588977
1721.4229928602936,-1237.490748839837,37.84089642044613,298.3060683342899
2195.4748583393525,-1652.6213294316244,10.800927273924547,306.27690280793183
1353.1918892917654,-2138.90266522058,194.63943376761972,320.5661042594081
1824.5805116254612,-2387.083306852128,78.6051501889988,335.3105836138079
1619.7108460240793,-1228.8921158780483,167.07771745862087,301.36729323893854
1210.8200558182941,-1497.4655933835836,213.52642294498466,326.1300844129173
2772.6664470872647,-1611.3662257803383,131.71474481488485,297.3600035871951
1725.553069063553,-1627.0832331550287,9.687094660161314,310.47662738026537
2596.778406632752,-1995.3538792493723,226.87939253488094,327.3586748448306
2781.1684294616607,-2537.635449644321,242.1877055835851,308.7796087231907
2229.0586081430947,-2211.989835292533,237.3108655949215,319.391108132661
1361.447866475931,-1154.5932494438562,64.30327424497229,337.50196123509886
1089.3593110174197,-1259.4154445873323,253.27882689953987,313.7952446335329
1681.0049849774168,-1984.9298944692086,191.63307605009572,324.53122271655343
2171.840723320298,-2799.596915850701,66.00263702887378,302.57104495862063
1880.8018736280915,-1741.7004833385417,160.32131712208613,321.9919122864763
1825.974160124867,-2615.206031841272,142.46526585465836,306.3641007167339
1539.7718206796,-1896.54431833721,120.84578984054002,316.6242496776082
1284.4121561214993,-2389.188772778109,123.42314107090937,320.630542753101
1437.1575743620833,-1056.8530698930363,68.92303874613071,326.2059880547863
2849.888677808593,-1823.341862614591,213.84976868244252,311.74353375123576
1457.0365935316204,-2691.3270509136173,182.78840037146037,325.3349323408508
2565.110212542406,-2512.651934861231,240.51948323925583,306.32232451821585
1899.0995141148555,-1321.0929187190977,179.94913668736893,335.70566852726415
2659.167769509497,-1328.8631657990231,10.644163086048259,305.14776080286
1309.0962175841833,-1455.0398480174304,86.22070539038724,298.53795564685663
2090.8305971242294,-2567.11866768744,188.25387525759976,305.4652429854222
2262.6622134111417,-1825.8331485719414,89.31159517844766,323.37359601824886
2764.664853379716,-1340.1194027738868,126.91967063800749,305.7694090157206
2890.4785790412207,-1574.5470923444004,-7.07994314520977,328.04279587221953
1255.0564927277803,-2022.8701221927154,-10.876516586313269,328.39382719719487
1709.59344066599,-2600.359673576693,200.33418903967348,305.17779947069874
1732.5319169711902,-2758.0049284437623,172.27346434587753,322.96298697591027
1552.6554637979173,-1406.5563795092685,214.06265319833565,317.17075550675224
1488.5051483895782,-1783.3555547325848,1.5877352865247865,331.6402230841775
1298.444048897685,-1760.4847692933756,-5.6864933782325835,331.1048796230653
2632.6740999262975,-1783.990846772717,45.49500728086786,308.4935259930281
2632.417459580116,-1576.4994592138203,94.68972085693721,303.4960108947847
2416.7267993343676,-1589.023160265021,23.18916145435137,324.24783568496395
2309.0658005433843,-1072.8064378134466,4.4615655394852,332.30464341711286
2723.100451649302,-2628.3882771778117,168.24559784649753,339.7771787057503
2864.0023096795403,-1986.7060447568747,113.90112353673052,332.23732124772147
1024.7244250405708,-2788.8796403742363,185.31150315633138,307.35466764777
2154.5278444819405,-1959.755556300521,199.31279523505228,300.05458358955644
2235.3822746549495,-1032.6498392111353,256.5588041961012,312.03838865926997
2718.5902041730405,-2153.00024920054,-0.617668438678665,325.72351011323843
1256.346757927431,-2544.7205590733597,-3.0322661514599982,332.76647976200337
2857.5094182374996,-1754.3339767113384,43.5892592595889,315.55499448488274
1358.0407824329632,-1188.034279807006,148.2757882705599,297.8179924414507
2726.022756069935,-2939.522201594389,171.3255381504495,327.77252327287306
2047.6508114948174,-2923.0670979261,238.07827515639065,310.28871995853797
2484.637396697326,-2060.412436694115,78.36407795343443,334.405020662779
1292.0684193415832,-2761.7382388286674,128.95993276667016,316.8231487705894
2499.925068952093,-1544.9555090712136,16.56188580589648,311.06162505254173
2764.0118870190718,-1498.6960479970778,152.81901903736318,312.186855121354
2573.121618125412,-1570.4466315466955,232.5403978323258,310.62100943961065
1743.069442831944,-1644.8699968956084,40.09512250714333,319.5442201589444
2791.735218815694,-1631.5096136774432,0.40603296322052884,318.2789615711381
2226.676054485918,-1068.940484914902,57.52860580353986,317.8549749131634
1633.3788506040876,-2421.044105570215,61.06823264675326,305.23895255731406
2856.433798863669,-2957.4037429890427,215.93893726953794,302.32932390755946
2366.675933628896,-1054.824006194295,163.37005972274972,317.84873532171406
2228.5624926570417,-2248.4003308822594,140.64081301639487,304.1566260623777
1356.431212227582,-1880.6784996981346,197.43700520127513,306.9881630485904
1276.3160018025987,-1625.2442988986534,119.17197384834171,327.26428931586054
1247.0960005813035,-2793.9977259117563,242.61622416437478,338.7411445956154
1330.8192547909725,-1433.1607611469242,192.14106566997734,318.2573887905521
2128.5374282721905,-1212.6611687794984,105.69346044910807,339.43822992505034
2656.4012630281204,-1745.507804728254,-3.0487607282282916,299.71727534273595
1328.971490446403,-1454.666421554356,224.05598607163506,314.8125804286958
2008.0710334517482,-1066.4066559975813,198.07759491003893,310.47648968028795
1352.6987719409547,-2411.964408181582,58.76453257603259,315.81591647318845
2445.641686387129,-2384.513866073451,84.00485757835352,296.59989295178116
1622.8822413151001,-1909.4428935564304,16.207615629031423,299.0978352994956
1747.1950423963144,-1064.799864039775,233.90655929607348,323.1416049285814
1177.5424809252038,-2508.7145630911773,15.293948926045868,334.5835625350222
2481.716876185341,-2319.591594935898,106.56669104798588,331.5832192911416
1258.5931977130813,-1915.5509738126536,4.752180673542551,296.7443073832265
2255.3106144861113,-1530.6022847429906,82.11883820751994,296.9830625791374
1927.1540546341307,-2374.868743625363,-13.835059220452981,336.0244926085899
1623.1770401972203,-2950.770440016319,52.62906279883315,336.7631427696168
1509.2953126458015,-2713.895120558799,111.61888608329592,334.35444552930045
2086.6012848191695,-1734.4732137316184,160.06502115773068,334.48785673487265
2535.480663796531,-1160.1316956712772,248.43318131736976,313.1490112426988
2787.6359741463,-1069.697468813714,126.51620795155529,310.081014641774
1181.5634115723278,-1598.6738355145033,12.684770539129982,313.41911129810967
1435.8588898137662,-1128.540616284835,74.7707397195323,310.96633513963167
2803.3980590372694,-1930.6002829359877,204.79008521342064,319.25571572392084
2993.4398483718423,-1225.848344418712,171.5539781685036,321.51402990563815
1336.1499458476324,-1440.5821861221327,217.2441530159421,335.3578919994857
2550.5461335202854,-1615.3449624321504,157.6050204826763,303.5196864818307
1208.5442955206763,-2510.944737992732,138.72286491647463,324.7872065366416
2580.2674227855705,-1947.6289494484072,109.99694759331344,322.37191400874286
2534.648368041042,-1389.8866398938994,180.07488108793356,305.0815891832995
1198.458761706641,-2145.177294936968,171.69325067205597,321.10969836914626
1288.7301412911359,-1200.4381454982838,216.37262658871396,307.43308585595315
2450.058067271885,-1085.3811556560745,59.89863289959929,304.8201701886386
2545.2018068526386,-1096.9257974329514,102.35350187719699,333.50809610545235
2828.3224752051296,-1073.9284076840374,128.59500569362606,319.8414425213535
1245.690189680441,-1419.547144603349,182.98716797133193,320.3798262144338
2277.1165803774043,-2111.9643186956955,186.18182748149943,314.79722367417895
2008.069719759611,-1562.7835728307857,113.21152128397728,297.43888227510035
1013.9882571934622,-2052.455677770456,78.03709069739614,315.2534165077077
1183.1635684470414,-1196.4554160474436,140.61376737096714,336.8537709920823
2535.30168264004,-2077.1823782813526,44.69959249541459,313.8471620858541
2324.594465924448,-1458.0172750770525,26.03762270490926,328.307429721636
2605.065533705986,-2283.1219390772176,36.55741363705145,336.4428335262541
1988.1618729142615,-1399.145183261874,131.89600832463827,296.1822615899295
2741.352585990814,-1250.0885939277894,-6.4735197848320585,328.5833174922282
1943.4482034266748,-2571.1963075267545,215.97309193120182,304.3326494291755
2898.5804437404613,-2728.0899145511826,137.41425877803727,333.0868935887239
2509.400580577998,-1868.349187127294,154.46013197319365,316.77310342509975
2081.152690717805,-2093.6656333064957,22.038508129755222,307.7449265837593
2516.463202626297,-1524.8047224290808,236.8797069160126,331.93878712973856
1758.6669393978127,-2751.120375039191,-5.28280991860758,301.10363147483895
1705.608652384683,-1647.3321534922532,217.92221406073062,330.89996552011746
1043.9122502914156,-1004.0454685272321,17.465542014695053,323.34083314364665
2755.5399099709352,-2627.2432132832864,183.0935802547248,305.67915716012726
1070.620922026911,-2271.92265036378,175.79124857732594,324.33142069108584
1192.8464935745317,-2732.4747844374906,111.58423818731819,331.7828019022013
2343.4498519008366,-2821.0653240433703,109.0159582236987,308.6503371401022
1268.1688721742466,-2969.604347855435,17.804252005121725,315.1375433037205
1356.1850129330821,-2229.7880624912345,7.585341738275805,298.768004843756
1459.4399799817554,-2150.8014150623717,34.18030561073702,324.74830107095437
1856.7858701921923,-2605.4183459797036,247.11729111859313,297.5470277548292
1723.277725350968,-1203.058695394263,102.82694316947311,314.4922713997208
1923.692875828414,-2043.9423763988877,98.663243158621,328.05559280573056
2051.5060532796315,-1880.0246008487668,127.60044723228035,335.7048041580389
1602.481531505006,-1145.934651617628,50.57270860669877,337.79385710598297
2284.7285896741514,-1496.2680761478048,13.380432011712344,322.74779212052044
1145.639545438564,-2226.48602790083,7.207084418934901,314.6101749590571
2916.2681583109784,-2954.127103612304,224.9330864643832,334.90132602664465
1170.0013244093784,-2042.4079494697621,67.83951463887922,315.27103613625553
2408.0259469165344,-1887.8456768428728,172.37764865982433,317.422729829968
1708.4164077944379,-2485.5681549612536,165.5910323588144,295.19070833486074
1458.7234252743885,-2986.9428234075726,10.585893740858388,332.9286272309986
2665.35960117796,-1435.4778308397003,250.34829364513052,323.6747499291136
2025.180209241693,-1345.9328379323115,193.43500409953836,326.74374595779875
2409.7096112051886,-1077.66186923686,161.16125886243603,313.0014104496622
2603.8554297712167,-2313.420142468586,97.39020517093938,308.1431465184736
1237.741047580329,-2600.130436944282,248.4319284524098,324.8182565910352
2450.0117370120324,-1338.890204676782,-14.262829457484964,326.1178109203993
2901.609463503225,-1910.7147237850613,44.82471773355098,328.14783908700645
1351.6272378789758,-1161.3904611852245,55.92328569746378,324.3920804596707
1401.9532614204504,-1230.807397848532,195.56778438489673,325.15218563818036
1366.4513701403607,-1513.285214305244,98.27384370337849,331.95483952260383
1554.5563588488785,-1323.9914100402577,46.02351903979763,336.72740961399484
2899.498184695429,-2459.9695909897637,250.87772625977925,331.53033373621935
2077.3892047470363,-1105.1016209820502,36.47238438130884,338.2662035250252
1352.1941255890547,-1249.0925529406488,126.69482970449383,337.2116999331687
1170.122950500778,-2202.2803177507863,113.9004550498826,316.09156101711716
2578.8402419347985,-2520.3995189537823,145.0138888221749,299.331093392194
2427.8798590511624,-1732.1435233356956,82.50649518179813,339.9830315248781
1720.860062419719,-2534.8046671053885,257.0379401522771,316.1048345816497
1396.1714100296247,-2328.2939301012557,69.59429007106442,296.4771429121724
2970.1277761628644,-1475.359983035906,255.65205473727042,327.96398085356543
1645.698898636746,-2468.8064845537842,247.12723304333082,332.83064043119055
2774.84518550794,-2767.04180370681,207.02610191139172,321.7976162159509
2250.463744175633,-2576.9368381303275,138.9396618400267,305.6348119235225
1042.1760441797228,-2843.8608294770447,170.8907680322537,298.0402966101062
2866.741373738949,-1273.6284426761702,38.03597475569915,302.95010797389676
1625.9231762520176,-2004.3181246842842,244.12688760228906,297.4372089796756
1659.985842279185,-2825.980306318423,108.41966736740399,312.43051377387246
1899.9781753191905,-2219.288285939734,24.201411067232826,299.24361519519516
2701.683433719897,-1096.8694406211798,49.543854383957125,328.986973047874
1851.8331411341428,-1249.4735963579628,167.23702535195267,319.1162235488649
2238.9935401143766,-2812.8156721068244,17.036150311706606,326.1253488363753
1027.507840866237,-2305.744957210636,242.3122053580368,299.40656180772027
2508.012299381207,-1662.2643540395495,179.87275409587394,328.2714690455817
1170.7758910021496,-2635.899541987197,2.703187927781901,302.4001900789112
1728.0286645735998,-2858.4073032907286,39.188039199338,329.87327649557307
1409.6196427398495,-1672.9946962106317,6.981237152917828,329.5614034625475
2665.6615170946493,-2959.694184735574,149.81436038766785,307.79657394971395
1302.133763804431,-2869.5829467066847,145.05103119366134,299.0167816356565
1824.9128287947005,-1624.105526780876,233.05715132814078,297.32600232095444
2953.0866518473467,-2773.496805968317,178.18987725265066,295.190000092613
2975.2731293739616,-1228.6444731679585,183.59459962912106,335.5058999516315
1163.0149609352816,-2762.355913356302,136.99607663259278,319.7958254645533
2467.5082995762095,-1262.3557697907822,134.39445003572908,316.8965879743599
1833.80803546869,-1561.4490112875053,127.3690186212182,296.39940797174563
1253.8637803490542,-2123.3662413555244,58.567593236398494,300.93082602529637
2236.216448922798,-1499.3332989603564,-13.894207747296825,303.62226581653886
1134.6076307612836,-1886.6211367906478,104.83466534161452,320.8976532848651
1219.8780349727476,-2470.153878573377,63.87991280725552,296.1581411307859
1177.0199728793848,-1046.4296161255027,67.68221247659991,324.4038682377927
2276.0763338618617,-2862.6095075056046,183.90838140977087,324.9483463298442
2922.2499795794756,-1258.270516785613,173.17813816031733,314.7203268389717
1129.615147248038,-2680.8701836370924,147.4660676939257,305.2940095183611
2248.9763559019016,-2481.6164119653517,235.7923442157104,308.79115512075794
2450.834042593871,-1941.7526136561671,193.84679829128288,336.2363246121973
1002.5305033417302,-1403.5819172244696,158.11280251536908,301.86677859525895
1667.3703771738644,-2098.1864890253773,211.853053592023,320.3210157330168
2568.367961087149,-1944.5285272556737,112.0480086160978,334.77660664245155
1788.3373284607082,-1991.4127116211307,-7.534149044670913,317.6361451275078
2282.3630194978596,-2004.1785947114938,153.5344140896955,322.0259786451774
2362.5607149430784,-2875.4669304092645,91.49930985447628,308.10838030874135
2992.8731283756533,-2960.1041468867584,224.76071087029095,298.5337873591943
1463.970471269558,-1195.8713991351065,106.75162022174422,301.28981143950483
1370.5575859737166,-1675.5836245899209,65.98948102617626,337.4141460722553
2150.174792289489,-2196.6098270790153,121.76805802315741,298.5394569079976
1160.405487791723,-2208.6095409913687,91.5383890938639,311.07657060610507
2556.592513757688,-1398.9277841434896,170.66171226488723,337.14139431023443
2066.3750347363307,-2390.448926798724,66.5287241565909,307.55649878778826
1097.3042433257874,-1012.8599198423544,128.71475300765542,333.71396253021464
1056.241615744816,-2720.1829591225596,142.64424250931583,299.4926251248945
1550.2649727767894,-2952.645566594274,106.34596795147388,299.74244565572485
2162.4122866834446,-2345.3087181014275,10.59707108902763,338.9361633787238
1831.5183586341245,-1186.893809817407,3.943018364082146,310.91219990548757
2305.7187366369008,-1965.1088766725136,116.58028916305753,330.9815490407077
2323.9485694205314,-2750.1354679206297,79.0051161139137,316.0997341468281
1812.7516157719183,-2289.8554444018027,145.7485698223498,317.06493501947796
2506.8175024508864,-1814.7063178853732,235.8936192726761,310.78299683714147
2626.6493294090287,-2307.3628244981564,57.25066632447253,295.02274188954306
1641.6425522216477,-1739.5948749324587,-10.323443865099005,299.710265051288
2957.3571788032796,-2903.297637035705,3.110823504274233,306.9410813046536
2747.46927967378,-2379.185492630393,193.88217252345052,301.37460323239486
2947.724124974734,-2078.940981029957,47.5361647770475,298.51940204639163
1883.0895920222097,-2730.0968451641447,25.076761672631292,314.6299080853562
1510.9389333764425,-2458.8794093861347,53.19695766171985,317.9886521046783
1786.137419233274,-2030.303467103222,249.2582756488447,311.2588317062026
1585.160836733577,-2527.598453015225,184.33440011236772,324.37298094980576
1024.5918043948577,-2154.043461011824,208.7161550903131,329.77417545848937
1775.5876194530856,-1586.924240300624,82.75317267789387,311.12315164205353
1351.5128547468844,-2952.590854002291,211.98508270595357,338.02296237314897
1296.7634320942032,-1541.6760209082126,7.639180141418674,335.6913313007068
1157.4941146129977,-1576.4134319517807,259.9221425655092,305.1162964023813
2380.4984368993646,-2147.5435298788807,258.5065650759787,333.3869509088239
1925.6572457321686,-1549.036176116079,43.95149130049584,307.4772336483725
1490.497582580952,-1801.3935888581093,39.613123198475634,319.7511416829708
2913.19316377156,-2729.2978814360363,14.965939452910757,303.5222875632931
2233.0280363024594,-2499.8055340961373,94.80854472903991,332.07637356688963
2369.422549645443,-1021.0447605946333,111.30009252998204,313.29886163718726
2843.7445404475548,-1526.859269802025,203.82298201495954,322.71774009490724
1330.6795835071825,-2449.6066576355797,46.544683451481845,313.82497466282643
1826.390689110088,-1616.9535662965682,138.7387987233242,321.91950012350884
1797.3099102532221,-1028.2463508974267,160.29074785572425,309.2615893029996
1570.2438604967122,-1812.6668231033043,206.67088775762647,326.58845184101983
1940.0831765420971,-1993.398846118222,144.5877199727003,306.41561303287534
2159.5933093089343,-1456.586171543622,160.2563375535876,333.17534805968825
2293.4763002997365,-2729.0565259163427,112.71777634107269,296.1340850681388
2410.417528708268,-1094.5647850040643,43.597555398067776,317.664851072971
1276.0553907349258,-1863.9703090260311,106.36207737852293,335.2029863300286
1511.9154252183314,-2218.5578156851234,112.32628416903846,318.43201628769845
2249.7716485431383,-2831.310911221447,31.128534994155842,297.04290533542843
2350.6280489275555,-2273.0954931856545,248.38098061869107,323.6145136042739
1380.336025538158,-1045.191264682295,138.18751234548782,333.6981512378465
2540.0106008705634,-2224.4890611184946,9.203184207546759,335.42972288284966
1377.5776317214195,-2873.446005368066,259.1598440181231,314.45285110202093
2804.0261691744518,-2334.4873435714317,163.57279444628458,316.3735618591181
1211.045363838013,-2749.5431122269742,117.81599931183942,308.9703752118947
1369.8927390844726,-1593.7001364349223,34.81293415132199,308.69847762861764
2104.173257268003,-2282.666612724634,124.45476306721321,332.9744539469009
2048.998893914173,-2505.869663467628,100.22975349910583,301.0487739926777
2659.1981212881556,-1556.078392327254,-10.941257032011018,331.067169203178
1539.2627765514446,-1098.0973744113235,12.106855152197536,309.06282475265095
2915.9918296228784,-2204.1801317376953,17.757502543624234,333.5064370219132
1760.3895914995787,-1170.9428721675797,73.23569245698846,306.36267038546396
1495.4690685849846,-1146.503973978957,182.89411408902146,321.0941883550588
2142.8770124308826,-1683.371082087689,251.55555188373535,308.03921966080617
1421.5239462033696,-1390.6660564249198,42.99939528969272,301.7924689444929
1057.562841027839,-2307.138458524309,-10.538688825795777,329.4454592077169
2155.9046437059023,-1079.249880317869,104.18344412722237,300.4401051281924
2847.9898999256366,-2056.21887844353,237.98155509181908,316.38320491731224
2596.035870047196,-1238.3191280935798,181.08563879852437,330.37441849574424
2841.063601037862,-2082.4326815786453,154.14304757209027,314.83099937858526
1485.7996908133014,-1028.7681488540748,79.14373533669543,302.2562145433417
1852.65020302311,-2680.519862375386,53.76083689522841,309.6351458272665
2182.7113302895605,-1721.993843748853,251.77047205109045,300.77181419320874
1039.7893220495987,-1552.4027690706625,172.12140371797784,317.60195940435227
1880.3053756572197,-1085.3819030791542,134.52364219942268,328.1859224505723
2867.330228034965,-1621.394094079943,73.78754843162042,337.7957366859417
1267.9702971979343,-2742.594744935243,154.0193439568118,313.38795352364446
1694.3500618882113,-2203.1861835929344,132.15578244460792,328.5392358993511
2982.823483854678,-2058.5003879110536,35.27757768264483,308.4482207053501
1911.7706396317285,-2968.135569261199,187.71994910012185,303.1143859834659
2344.399354336089,-2776.6162981069215,95.96697626835157,299.96539844246905
1660.994118299955,-1455.0156623913495,176.0543701869686,328.8607429416143
2064.1603736330435,-1211.6928236774972,103.80716940929236,319.8251252685167
2190.1906168330506,-1478.7069640341226,114.4385507173354,336.0245918577033
1651.4419389770194,-1268.990589923463,143.97906116793914,302.90537379837326
2778.3371591514915,-2916.86475003818,14.764472347245828,338.0638653184763
2471.2845010145916,-1535.2900156283101,233.43110778418006,296.75746526608657
1015.2935047116069,-2652.281047675175,173.7210900451519,335.41206316024466
2666.516655747656,-1142.5435780411065,24.302366560486213,328.02707410019417
1960.4696289668568,-2100.80890425758,226.51354953648723,299.8607649840382
1522.4397961626448,-1892.1405662252835,133.011103379926,314.6237441004844
2684.19889033318,-1125.723527416636,145.47819423730274,305.4291964421538
1703.779650413866,-2672.244474489562,108.06767847667254,336.89614123546596
1214.688923135866,-1904.9769423100938,258.04593207019946,303.4872085691314
1800.8680082256374,-2429.436677358875,107.36261197613615,302.3667728482763
1897.0382996929518,-1596.8469392688223,27.790511748648385,307.01586119672885
2349.964166809995,-2035.425929605789,216.73812930323956,302.5476796395593
2294.909729811044,-2970.792962954744,179.30997351900248,315.4367691823964
1321.4958258938598,-1425.3298495514323,125.72095536983457,316.3267573942728
1516.2090358510604,-2298.0678454755716,55.547948258969996,338.9720237961493
1376.0038188520714,-2861.495634022664,77.7000524239428,298.4370950235437
1271.7794357609089,-2597.452551926684,189.42662608066308,322.4281778981882
2798.972320063099,-2140.7605876092275,29.370681224881253,305.32994935074703
1096.2566504494143,-2393.8044257563142,223.9040781329124,338.3955266895219
1588.5878920396276,-1222.926929376577,132.04177823457437,303.1006461577009
1954.702872971636,-1314.9726702630144,247.0224442707143,327.3534953951329
1417.4912008298147,-1532.7456497804642,28.43533757856003,303.4935413115758
2199.4130846870175,-2198.705509520113,56.9401374889017,311.3120120414453
2741.16080076186,-1255.7325632046097,188.32683237162277,305.6800222842039
1632.0559115417252,-1417.6976088158838,227.89044676123385,298.2988311627023
2632.464057209739,-1377.607506948253,89.38204542978866,312.8512641459629
2996.892949223052,-2358.2556454491164,138.09079490054862,330.5215583533295
1444.9361720101122,-2858.6949832435066,66.41158689822002,305.2585158472407
1234.0989398012453,-1627.9466044359597,165.26900650220415,325.7930140713205
1886.4284995330786,-2486.2574921853293,-3.019876170967617,298.7630087105969
2052.5265535289864,-1098.5378278314874,64.92811566933615,331.8813667828415
2274.909056304572,-1236.2903584727508,185.08312297175615,315.5828544995318
1064.8509839400774,-1079.3752026710356,193.7071962268093,297.945410015413
2788.1875739274274,-2908.8291821564,216.6495268726969,332.93618894649455
2244.4033164481,-2939.376256481347,94.34176053026286,312.1591262164051
2750.8697623315657,-2292.5147091411036,171.75637295063072,327.4476516097978
2253.670764467318,-2833.248074227245,65.85230049365984,299.7482853191173
2648.250052005984,-2649.556980543734,167.01739504576452,295.0450986930606
2292.3279258061584,-1776.8089001000487,236.3950529401632,324.1288433048339
2473.149975682316,-2315.3415840280113,190.09859471943864,332.0584512444774
1839.5040165720145,-1555.4549391993394,-11.587271353222562,334.1381838050848
1412.2868452311238,-1056.291716567995,180.61501247963514,305.86788428296614
2581.063812530667,-2274.330701888066,14.02890661147816,320.1213285001576
2339.2226610192765,-2015.529939104019,124.81717045254612,323.2224475536386
1819.3450166006596,-2067.795113125325,74.89440431800384,321.08133366282254
1030.674042920836,-2933.305206213221,66.61941093436984,298.6765432502124
2178.054622957766,-2118.7798900947873,231.23021139514523,301.92058577420016
2006.190393209235,-1432.3339640376564,29.207498059921377,299.7736275160882
2924.108072914014,-2029.5947946648557,181.53572508105853,314.9954880085718
2381.011643963403,-1826.0505783888111,259.7149440933031,334.4845225297283
2590.1336669254306,-2131.847631477139,39.59060503238028,329.54820473561136
2889.138793878952,-2566.3386924900256,31.663493521646707,303.8697974019197
2252.9925904657885,-2402.5023863786378,230.55131988428096,316.1049100929325
2659.850750553077,-1279.8341076927125,133.27461217991043,319.71821013822415
1282.4961718295808,-1762.5193937408544,258.2313928977869,317.9427870285661
2175.414881150892,-2720.49506603579,198.1993336312163,303.8440807997422
2823.0146239058636,-1785.689307710077,184.30326962935942,325.6719752083904
2837.5846665404706,-2684.0463001444646,34.167287009186275,334.05288845621936
2417.0104443790274,-1596.34087732833,246.6104156985799,307.7290341013922
2946.018751299546,-2465.503207897925,198.00441316708304,317.6802751742898
1703.7443033966042,-1310.6208242639054,92.64096633034914,297.715809223726
2682.7754678723627,-1163.3064590604913,205.91955576476374,310.59997642673426
2905.1530623528524,-1864.2447464100774,55.01656819654757,295.24791243777486
2099.219686131494,-2584.738217750486,63.741427250572215,302.30053151377916
1037.6443075338134,-2296.2358614351583,244.56653480478496,339.87398116674115
1453.106515136975,-2631.8201967564532,166.56660291819222,314.92805317768716
2955.718671680187,-1746.7155898004899,107.77012000772908,321.5391609461125
1009.0638528784674,-2920.284103300256,253.07178749887987,295.2085377471248
2514.743982212661,-1473.9617763985616,169.4159537400842,315.1535727125241
1661.1886478325625,-2718.455727801158,224.29967992574154,302.8627940667006
2773.667636715211,-2768.5082251630693,115.99785317937824,314.37451969610294
2715.253747012702,-2349.629692083262,116.9814074508721,305.0237259801817
1682.4113893852082,-2220.4076835988144,194.6367871758481,318.433568941698
1530.1585646695135,-2731.254709118159,91.89012487784974,328.8935144032912
2285.5904573973785,-1623.7112227901005,236.5820519150534,326.41748076732324
1446.4366029954763,-1012.4830921512089,33.64884269486491,307.8483813652088
2505.2552003775354,-1762.9508173738898,224.4943438111125,335.8987674951039
1318.6345066637177,-2552.2059421612466,174.12334050668125,303.02043619059765
2210.356731269837,-1809.6606595173987,27.220714699842652,323.98287142086417
2943.510546792869,-1441.9578545385657,78.0462571218468,325.27766396591494
1377.1389387737026,-2354.009174651116,47.91464210491832,327.14219840340223
2002.300727145764,-2379.0665319978993,81.07041339425001,325.2099944759659
1835.2221405138991,-2482.134196337282,133.84211899918915,304.42091461727273
1761.7552922262612,-1878.982090963963,165.18191955776626,303.88684052805377
1870.970737657848,-2654.8004650580556,159.1906549177788,325.797817646492
2093.262797878061,-2446.6537021408826,235.9352387844986,302.3384062015688
1373.9474801474025,-2493.167558963391,192.78666330368029,318.77925838738446
1437.3774643703914,-2944.3091703230116,-8.74833415895552,322.77149625404536
1778.0840992778585,-2485.3788906754858,-11.72892377944896,296.55819421193127
1203.5052514647841,-2710.8322808576086,83.07809653835704,321.92564603454656
1541.7106957544527,-1662.8520972983492,-11.951252942850685,335.1546395613598
2781.4414063967292,-1391.175425572322,56.42245214557239,313.0453313386113
2797.507565508929,-2498.027017306751,50.45052728082068,300.76755190428133
1337.8761314720855,-2064.9497876903833,33.14426756164539,303.76873746288413
1669.6372536149738,-2817.63603572281,189.9558843650005,323.549417234401
1181.0662807617207,-1154.3201639793326,78.79806206527029,322.0643817099562
1581.2680817589385,-2539.4367722904426,-6.1438954843276115,302.4595794952006
1742.119663300054,-2899.2958321238875,217.86959732105808,303.5399620845867
2395.151335770229,-1342.266830280697,166.21997309511156,318.22521779788445
1880.692623849503,-1919.49669188104,169.73388754647522,321.3777650504814
2073.719549657805,-2061.5549905837543,129.03333427649113,337.064000836789
1576.2385635279966,-1268.6079808767925,236.47964773007402,315.8430334076547
2807.980574907083,-2834.260746802027,28.001225294820003,330.03638758984846
1225.4272630317678,-2873.8439821398,17.35956888449553,296.6375580074267
1582.7450244076476,-2653.3348244536955,-0.648216686567455,295.85956712577627
2440.588602009353,-1369.7095154773428,157.16203788038234,316.05859632816316
2933.806672081723,-2941.773147659567,238.73769468513814,316.761623095236
1748.1740969816851,-2720.0769487079847,101.88613894222266,309.7477207337887
2258.517953499316,-1415.5363509578463,16.62118425610067,323.849470222563
1622.6923108579085,-2782.634791129754,116.791175587966,297.863152937769
2116.3066792417135,-1605.3273763603654,5.52331894049269,323.3007058886468
2601.6772590322307,-1578.733403022754,117.55220222450356,336.23731776938973
1273.5491368991202,-1482.8982056639084,202.49329366102774,303.1852345688468
2682.8776994628593,-1503.1048952644544,249.72224877198846,299.02023975918036
2574.5697142534764,-2990.8782170296313,39.67097093616898,324.0933791054407
1060.007571514534,-2496.3216011301333,148.38327826029376,295.0658083238922
2321.180278679818,-1495.7700268867623,77.5806887932218,300.8356029850709
2165.566051922689,-1671.7547845413874,180.17518902178037,298.45907986391035
2118.8664025928074,-1265.3530728431606,205.98105411033038,313.37234469241
1774.3297113391243,-2738.4757779405068,-10.326023357637274,338.8135947121629
1826.7672720466012,-1566.165342566676,45.39817162300587,314.0605396747841
2504.8138606442976,-1727.2380872665806,82.60593318749302,314.58813114735307
2366.949431359122,-1240.8747711588953,222.4710989680207,320.78654760813987
2940.0446515671815,-2990.153556191383,104.84648115366849,306.5632105609931
2159.0081407560438,-2566.3815831507764,129.04783648489465,335.34249698532335
2546.7164917566524,-2334.525725401215,234.54254289812374,318.1287383795292
2195.3412842936154,-2063.077257445198,250.35698451362157,332.39318813089386
1771.823923341183,-1646.5195385676088,159.0407426747935,304.22171149498604
1091.3062770546182,-1675.3342330873008,129.6261507360701,299.3791205379442
1290.979891718735,-2193.3218491984107,112.82999598703188,324.1171990294427
2204.0555051926144,-1624.5659258084777,20.04775976338221,316.2242731380771
2041.1953878689503,-1564.416146754109,132.1306504480281,303.13958023396367
2653.6717358725527,-2541.458618409265,123.8033461168387,297.8981934360133
1509.3378790168147,-2073.7448834393213,-5.115319736203988,315.95541579239125
1671.5120064043253,-2441.2272420896934,240.2470664177315,337.2770613754907
1390.2950391643903,-1123.1795671825885,158.79047738886356,314.16351979183355
2044.4072550957087,-1915.5702344656206,134.1545364050358,312.6295335956624
2899.0897535545955,-1556.0295364284848,253.67534873023573,321.51240308371393
1765.2988555377046,-2580.91188557998,231.67214987613036,326.99814134061336
1140.1100297623402,-1258.6138508339175,49.77155645312256,307.9377410535658
2666.8330789107913,-1906.067563605232,9.06408320169751,327.6734949585957
1464.818481586516,-1613.384220083822,18.920589710618685,337.79035174930334
1941.7124859864653,-1045.8602621090652,58.16044122426716,312.43715331299626
1215.3632476625903,-1657.5690536765424,-7.282844391045785,295.8452404375295
1026.805665848139,-2746.2386740906036,87.91839226313034,337.4271699741931
2914.582151367953,-2613.5396217555985,125.22159731069542,334.09408199511574
1901.3437751399147,-2089.039785344513,153.4434979395679,315.10002474686956
1769.618524895225,-2018.9726106922785,152.06153884440454,320.2483552754056
1839.23983981119,-2226.2343839738105,3.624511712024912,333.91782461343695
1807.964797556677,-2476.7049584290867,40.219899295292606,339.33541532459265
2245.2636729250125,-2629.8305420202146,186.20871106422948,308.7226627927302
1772.6713629118508,-1538.123072939166,113.36713788218984,305.85149735809284
2348.8184611366023,-1448.2220729699814,201.70783550113666,305.0756653401121
2051.3642324760135,-1020.2453721504289,185.3057878739941,303.905210107373
1606.560920073579,-1349.5108586795536,253.2379185196491,337.9983374007717
1762.2690032500072,-1265.669107423066,55.725957858670085,323.0906256450722
2296.0810274697265,-1643.91240995884,250.46942062680733,328.3301852295207
1475.1143603514845,-2854.3520459521014,-8.46455054402951,322.86476769061215
1161.5508472244433,-2565.903092490944,56.80887406675366,320.46794093822785
1999.1041944697201,-2866.931288337973,77.18063096535944,301.8420095780673
2734.454267291385,-2599.728524105031,241.0898111479451,301.6109005658016
1850.2382050688586,-2995.6413921853027,60.83850695288368,306.861826064632
2649.870597519436,-2795.333008407164,82.26475237274019,324.76554299090225
2188.80414765683,-1987.4617281854444,156.9583623403507,322.4022459729304
2845.1513889206963,-1460.3888411663843,194.49043680940756,335.7050060473476
1187.9490537590598,-2975.272396672233,29.739069106407136,322.75604365958526
2986.6926859782575,-2085.2924815654087,180.06167479697407,335.03062435029705
1574.1579064857615,-1424.577327008252,10.020937654363397,332.12956567858623
2862.9960489405503,-2101.405262884885,223.8933221804368,310.85987708672377
1226.719245686688,-1473.6159362528454,97.3028607221272,305.65409920670265
2196.8191257636736,-2663.139397707117,96.6220258980601,310.05114005720344
1671.1605367022162,-2031.250083077318,28.409949793161708,337.09630426060664
2734.454881178615,-2065.7551210579186,190.23847163762952,303.57557248820706
2286.731224571234,-1102.2449375830142,88.98568501901057,304.7609828603364
1801.9178050819883,-2751.4433156300884,-8.844127234963981,327.887607712115
2057.2871387509317,-2985.4712127926277,37.42338576729794,303.45775385826573
1308.0084154939962,-2380.0148583953514,14.90292343729411,337.45238259449485
1577.2792717366601,-1688.6474505560045,81.84434241427199,315.8384081727337
2126.0264887923017,-2963.6064108458886,31.583267841719582,334.64846190907144
1107.5242439488134,-1538.8674341513447,74.9263162845154,303.3542215598556
2289.707501394011,-1622.3151135409455,48.79767680623668,306.58679556730067
2898.1747533581083,-1774.2676725262488,-12.383410776856664,308.16548266729654
2658.939425410231,-2157.797335943806,35.871408127831266,315.90952451109615
1234.8057452482617,-2339.3770616903007,142.85392818654515,318.27233492983237
2511.2642702562684,-2807.5836424710087,-8.232081498277374,314.0239177759846
2508.898763060818,-2080.542997673715,196.79644668847425,305.6138789136233
2741.1691750624213,-2381.670165448564,232.33444551842052,329.5391615454244
2711.454545874469,-2641.2262561905304,198.7587109124352,337.65438780660924
1902.4410228175925,-2315.571977779993,72.28548217088456,301.80657598862257
2618.5697576996745,-2677.905597135722,5.328154698296391,309.0498949836375
2202.8351201801524,-2973.6022983212524,89.33164588450003,323.21464998625
1328.7944081168923,-2394.239806242107,212.2962877000156,330.9476949091818
1960.696441741627,-1380.610004250486,76.67348728038756,323.81416049074573
1277.5613005269965,-2909.0450377911757,37.77177199977815,306.8050537553896
1812.389330832286,-1605.5399783557016,199.3109106197821,330.0854285002356
1334.0106358344824,-2414.6479239086984,59.565568098353864,336.3156686671765
1430.7684082183187,-1651.7421934522217,163.99790786211955,301.0201723938483
1800.0891469751014,-1189.2490587154716,232.62346105746562,304.63589892577596
2169.475657631683,-2385.4109516984036,-0.39960219895648486,299.5035194013301
1267.6678734027469,-2940.2006459896265,150.78498926888582,313.36444101510637
1098.2000612405877,-2285.3975527634157,94.1954456542498,303.7679700185401
2358.4177889903685,-1406.4384447261752,197.5537500088654,301.7204901285674
1126.1000060302388,-2302.7580503962713,172.98834695495952,305.4330506988996
2899.3234402870758,-2593.7073598758025,114.99012031033459,328.3153397064698
1610.8606027226938,-1021.3894932781873,61.74459650894582,306.1461746791412
2853.6488667253507,-1269.6585224804976,34.00720244159448,309.0708526719927
1405.217532894074,-2268.7654013645933,27.9000918853934,324.0145321563923
1337.56368698893,-2615.9894125886485,253.306960860007,306.71403792531186
2378.063756069549,-2144.156015354509,217.74480644404858,318.1726800713442
2102.6874625341634,-1584.5585640817328,179.23489828017424,326.93942453385705
1690.9582595179584,-1709.6145301092397,186.80995228737714,310.1475200030196
1935.5781614262237,-1554.1456331759105,165.76338079703322,307.06963834057075
1650.5272776655274,-2825.0952131285385,230.88593529102153,302.98384734526684
2394.5342400880154,-1030.8960083065576,82.39708037658944,306.1441648454908
2132.474135659578,-2209.956389706958,225.36041686054918,298.06349020703755
1901.6087917164461,-2208.111583749382,78.373201376782,308.7682869132735
1967.7455845247368,-2326.884383698837,39.10794478581204,338.403254520471
1607.572290159289,-2955.4821277580136,140.76900588961357,314.1033429895941
2251.0304717358704,-2663.3983760162446,18.00365483386299,315.18429292921405
1711.7339895339237,-1771.9873106064467,162.95072167250754,318.6712009955393
2419.4152244401766,-1348.9380678830237,153.00225815937938,300.1918282111031
2939.557276673199,-2425.0570732135857,20.855322775876722,306.94970076809113
1165.5126628435123,-1297.5279865214836,78.26271260169314,327.39571258080036
1216.9719587765403,-2774.763604508298,240.78755227578324,312.50781505205765
1369.2313866559375,-1790.709594692065,-8.351864584626798,326.64867363821094
1724.7342299105858,-1345.1115230949786,180.00103803929522,302.6526263124407
2383.994088688396,-2060.709054377415,176.36924759412446,327.54901150111124
1087.4547636747434,-1320.7395736005597,222.07524950375648,295.56603589945274
1056.0867211758768,-2092.3259809035967,135.8864729545061,298.1596979788634
2727.6593005676677,-1043.3335870785816,169.92138168850315,315.3196480697088
2305.462478442903,-1430.093457902505,254.45796536709355,322.6772436163484
1953.5543680758553,-1623.3013758837076,113.46478926713155,331.0382905593076
2903.6427727117466,-2823.6692106706737,186.5372292729099,332.3519431534441
2240.5399066215414,-2003.0290359696987,242.62726852242446,315.5653064775287
1485.0322407617973,-2008.6981341014944,227.797476672568,311.2441631209674
2564.328075805348,-1817.2368772843254,163.3483019269084,320.1875700714326
1082.6154279135467,-1154.9117384790732,109.85319547607762,315.8603437158751
2857.808015507533,-1150.2932269450198,30.598018482745218,339.3844951642004
2017.8728429649188,-2426.348035163362,216.97498168498961,313.45309645367223
2633.045163920185,-2612.6707621598725,111.28466734474567,307.86324841178526
2794.4102482895373,-2510.036902652236,213.24534245156352,302.36995270250884
1856.8730059814566,-1049.1793134756645,205.18109983256045,306.8987133093298
2731.6929202104448,-2212.706497590882,60.73403963996506,308.35164006631345
1153.365848532454,-2027.4579668315814,239.21765786769453,330.71537051946706
2633.2786270599913,-2124.6718017323997,-11.430732390120234,296.891095100815
2863.5084326184788,-1738.713364368887,151.04577266940117,297.024652927758
2573.7471282380775,-1689.6148261569476,185.40963050183308,317.91745580871054
1768.250018795045,-2898.1301054259943,112.33613989320702,304.8778077559172
2227.969712789939,-1773.9469264715979,180.19841190272334,303.97044174847605
2680.357588132582,-1688.667493052512,117.97879706307191,324.2249816785252
2882.142667590305,-2596.1977413533064,175.7730043086167,323.9932530028748
2042.5760962922982,-1323.1412268952954,57.019717142237596,302.3148614484491
2416.246654822639,-2464.2680099362533,231.55643351896927,330.6327613801339
1110.4848413742782,-1516.927498727093,256.4640435898021,336.7568584945053
1765.6744118481852,-2770.6107597702503,251.79289023499894,323.73403472699613
2503.351556886279,-2363.8610063721358,75.58296579228463,307.28007692801333
2627.2469475627126,-1687.1877543213814,186.6590484364125,316.84636646197606
2363.432281551339,-1941.3259283174264,68.66318486535523,339.7610379733241
2698.4721400981334,-2240.0962435272827,241.9331255244008,322.03262728175037
1401.3080164860805,-1978.5348187502698,143.3317869326187,312.00467982065425
1940.8309593698816,-2600.664737682503,-4.5689710956381315,301.0343224714181
2083.0472552057663,-2075.850001332581,12.403156552950556,314.832369352766
2519.7261006966055,-1473.6597896165727,212.48598797934437,297.8057748630344
2194.5430145745117,-2819.8877807912295,107.35267675880446,321.2429683916161
2011.1677525849268,-2513.65940364078,120.79461906138201,322.89997695766573
2437.2044388681525,-2232.108169603548,118.99682372011199,302.2812555850587
1408.4698822527398,-2647.510125020844,193.61061266207173,329.41279036439323
2639.073606161187,-1726.3952295693762,116.32868267372652,317.1180089356261
2091.8837268587904,-2446.8187033293984,179.42707647020976,339.11952541728306
1290.209947162638,-1280.1554406692055,254.24486191734792,334.53415542212514
2817.5976350565425,-2830.1804513715024,100.4762589860282,299.0013187638179
2027.0802754253632,-2622.379548184181,34.734251896553594,327.405683846777
1125.6416346759897,-1437.2162976370767,114.87179636096968,303.4035080654149
2550.2681466597733,-1956.7025219396442,138.61918920972687,315.6081078096671
1212.0019118661573,-1482.1360372744598,26.019064616758754,333.0131284747849
2090.0164028962427,-1330.8163027931696,195.80234597915705,319.09207534286804
2038.6102939108607,-1723.5390328824537,8.270920906617647,310.9063474295317
2421.4566190249657,-1883.8691448789211,150.7298674352532,295.85604491695966
2131.869563704032,-1677.9831405820667,119.61057184780475,327.5219478125278
2151.4750139654643,-1378.11147954744,132.85989483472227,313.32612364805595
2763.3655299019056,-2844.0174105230467,236.8880249937322,326.4726794869247
1480.6050101651504,-1891.3561524298702,78.81129960290478,339.85126665516634
2345.665718618531,-2585.1393566018987,205.21745156960546,305.82016351177487
2665.5525688078556,-1092.3494424659184,222.67833720630256,311.43779889794615
1348.5604981972494,-1565.039681932499,-9.85665717862468,303.4288391647853
2692.0860282098993,-2453.6770394023315,196.10450399248302,316.8369400413492
2819.2487027276984,-1019.2555026517869,61.178318403377006,298.18578210068245
1624.962597865276,-2882.8065708899226,30.02631183928124,314.90127493597294
2454.2034132850813,-1939.2493532516137,160.90082277764395,330.3628678961564
1191.9956852361079,-1431.258118628313,241.07149442815262,333.24694080042394
2171.9396617343173,-2001.283073070052,147.68384561048936,297.3604287927429
2265.5279629779334,-1832.3068075068506,249.1322856355597,321.02171244049646
1265.06191995906,-2180.6713857545246,259.66236754276775,301.17349067768833
1970.6930450213413,-2599.2154809088847,36.3940637104551,329.51507390389463
1883.9756332266538,-1131.9164937461762,252.07195157138193,307.5171408481159
1059.5477144368667,-2838.8066253082134,103.49425567578228,299.2575336260455
1852.2026666765591,-1443.3312825030198,84.96522117743208,301.96714605448966
2167.456922482369,-1363.67205047658,143.13431169765988,327.84994195780763
1408.1221105237723,-1920.0380590202806,129.33081981873295,297.2645412807352
1148.1031131571256,-2167.670715817673,159.15655544994794,303.45615425780204
2586.809757129179,-2578.657340721215,240.11053125041255,302.07417430999345
2688.24291616299,-1353.666109786286,69.60441017386606,295.4468346880478
2256.791448186722,-1791.9877072088061,35.61439792380632,301.39394688453154
2479.9138520456527,-1383.272344718288,95.64470285406263,299.80470456676284
1167.2711833323165,-1942.8978297902243,105.87774141112202,334.60138270356316
2893.279485771882,-1343.3307911627198,10.855847550213763,327.5040474693665
2172.324607074647,-2097.4762922378713,173.37876515798524,318.9459683803657
2765.7786953827995,-2421.706924310921,207.13427092331975,334.8779737482367
1724.6813156550488,-2202.409866192562,179.37995815960278,317.46672376163235
1954.7216892387462,-1556.2763703472576,-14.350046462163371,327.82691331411536
1644.0150093891111,-2228.6147316031233,87.99347564876312,322.66134445766323
2700.6109556311276,-1165.9258821133224,244.27860297500314,305.11951589019196
2783.7319031752195,-2229.3365464384055,255.59090126371638,334.19087765191045
2459.272514929826,-2261.929761737396,55.39248335301882,330.1187119953382
2664.0124342950867,-1695.1294255841678,149.64868472155723,339.296331442111
2341.2937381040497,-2342.5147367398736,207.70213017250293,334.7695718139679
2698.570028578697,-2036.2028841327592,235.0423009839293,327.07713703047267
1607.3842360271287,-1005.6741366679607,256.2726501206667,320.22163820560206
1093.323732497825,-1360.576614399382,171.88762542636996,319.0092457056857
1118.684631122609,-1578.041377481157,182.80871848332242,333.1010430956843
2561.550906394288,-1686.2283444820828,58.76631036232091,331.482808390125
2760.305813254504,-1046.808956755163,106.79784641148333,321.24024878549557
1564.5909258000938,-2806.370191455816,122.80251033578867,323.0542627577442
1849.8625054174558,-2799.6332340996096,165.36515354317788,333.07313499851705
2819.2526287566843,-1925.9505723587745,165.76006493554036,332.8748715185511
2007.2570016463333,-2484.312062163471,240.24461213201477,310.63087984895856
2047.0535837628454,-2128.2946828343293,12.99494044951464,334.60579038654885
2302.4524873608516,-1390.6738317702157,154.35865482959085,322.6454548552364
2741.807965688933,-1010.2424474996624,186.15438806805003,330.6726461080633
1780.8836763598422,-2062.054062289967,34.72082641862304,334.5897682228168
1262.9643660299303,-2672.6762993015377,152.7758316653918,339.9589656521361
1410.4869547743417,-1189.2170512816467,236.09372314385286,325.7032271936211
2430.227427273401,-2320.9350294588608,145.82823699362592,331.55743125183125
1293.961999677732,-1482.7055155805092,179.85636239546662,312.6398222583604
2021.4698443331004,-2423.2785232919878,177.619021964999,332.15209349736654
2808.363753942015,-2915.082645412239,-1.3137387624623695,310.5587937853809
2984.9175330035932,-1654.2351704399728,-8.767563902099932,334.855314134874
2682.644054971557,-1331.3844724359005,3.674879237963811,297.29937941564367
2134.053658196768,-1784.8228379188915,102.21018445187141,339.83767577830173
2418.0154910248807,-1026.5525760532075,188.6403570366037,307.6204339588792
2433.91368352113,-2593.255538992019,75.31702217500073,331.17444095528214
2186.538356965536,-2196.973832625627,71.83567471258218,338.4677066455301
2346.243512234957,-2317.113118173149,106.73396088593002,298.06089516355945
2919.6809548382516,-1985.769087363111,246.14516127009585,316.8587803488228
2582.2273705836196,-2207.533292686473,17.68314689036532,328.0467851279991
2117.767233398001,-1566.8146557415464,21.917359718226187,297.31391701497904
2414.617411127081,-2319.8865323196487,16.867611592203303,318.1470848248572
2728.528189020139,-2401.0435377980557,-5.961082768133423,337.62446328301604
1413.215858534391,-1250.1867992825087,41.58870904212577,314.7681158598642
2171.22248361995,-2945.8642365158335,72.59141272270584,314.1190550188693
2965.9755999064123,-2864.8091609952926,178.64667105175775,315.42896458992936
2390.0620959723637,-1851.0430754324002,31.827316142605518,298.76499930006923
1209.7222959143214,-1255.8854088354133,146.02321754643862,297.6230315705521
1370.8918043493122,-1346.663387219901,46.57221083516569,328.2072306267143
2372.6491518948455,-1060.599565057037,238.0291781063344,315.1059244230123
