X (m),Y (m),Z (m),Temperature (K)
2936.473803605889,-1975.33193356009,-3.1652934679535214,332.00166626499254
2747.770125283407,-2010.7629555156223,228.8278609415753,335.3153137252643
1602.8212528772706,-1976.5748887570367,183.56398407299386,299.2251908538879
1250.3489958690452,-2194.2056815017154,-5.772333047893916,339.1396116603289
1934.238530468734,-1508.4882424992609,113.56870417936267,318.6632020773883
1496.9484878670833,-2609.463118733599,118.51662828902252,306.6016658089459
2391.6902734226333,-2678.3032589605846,181.03140149059354,301.0566387862808
2165.231476280374,-1346.3565443741325,170.03824794868345,303.8245568590374
2749.6089959956107,-2642.005631640076,215.1230934039073,301.31818995398004
2884.630834883372,-1935.6788455803683,164.36819107892154,314.94522403653065
2496.2060526237765,-1112.8333668764901,83.54193038253719,326.1375458461681
2568.2893022536987,-2209.455149232921,186.73325345497253,316.5175633862679
1348.457760213772,-2365.8797961646983,173.36061824683134,298.886292273261
2273.2782624194824,-1588.1707657437742,58.99502557640214,318.2967549364104
2727.3654803589457,-1643.8896879495387,205.24016017667722,309.49141480528465
1020.3135607420705,-1012.8479780200669,250.23336283182914,320.6490745641184
2221.0942948077236,-2519.6584308644547,53.94135890721752,329.2936205108342
2368.5957222412417,-2218.639674786784,172.46835738037234,305.11399471663
2236.773503645705,-2904.138294392578,79.85693068573083,332.15727961847716
2013.162139908604,-1107.300830212613,231.07521336995475,329.8663038879851
2309.3738856402447,-2235.385485824103,28.12561540574324,326.27468185382713
2703.8583545601005,-1697.2146661331817,230.31751855531655,313.71434313362016
1141.2131088150918,-1824.7470887759741,174.39890817024832,307.44231025811644
1241.201446175231,-2496.0962864416083,212.70438439505176,332.8130849820617
2243.207107291236,-2449.9100513364147,257.8443184140159,299.88677650004774
1000.0096830655965,-1998.926614123725,109.62593699138523,326.4415022260022
2351.0192302235605,-1305.4558057956963,111.56936347204784,299.4684759238093
2493.4084013068004,-1192.6374977974192,138.4701902055634,317.58016055041094
2057.1033933763583,-1879.4703273819077,151.8545434467547,313.5313386768849
1139.6707914645856,-2205.2358208624923,3.910058013959979,314.7178357935932
1600.2025841096133,-1675.081132027895,122.8390864406309,316.00255027356553
2486.2782693661893,-1340.691638115454,178.17982922153527,313.2286154854977
2206.569754855093,-2918.153212198916,105.46322631071428,334.66522372714445
1198.7559137262097,-2166.2170729014006,124.9201735904727,315.8589434580797
1363.4700353455996,-1130.9117120711414,157.45058923949586,313.4072078793659
2658.043439373145,-2302.9928229568304,23.59020288554936,323.20384511142754
2463.2010383647803,-1929.974172535371,68.54536885286969,315.1505560449785
2832.570626210358,-1731.427719595178,206.21494725248223,338.73593883354545
2168.3521499177127,-2559.679578376682,117.67509278345392,315.7910116333249
2573.437880276674,-2996.6053840698914,122.7927807057572,315.6753512064934
1299.2710308680134,-1143.6021548886445,28.535987748206843,309.6618281181122
1548.5090218336618,-2204.5989486233193,-10.136360011463825,311.49719576181434
2705.647987262493,-1016.8430095714164,22.066342254936835,321.63478236246834
2186.4580425250133,-1316.4808818846814,108.43420032339213,295.2343388223715
2516.2777728998053,-1498.9271195854824,24.6398015401059,331.25217703649133
2706.306514653484,-2071.083871492423,192.59128482982817,319.1498278447409
2989.29460732012,-1747.6121698775273,207.22393486277093,303.04988894505664
2076.8990108385406,-1970.7055946151988,53.20844133119658,301.17748027754914
1675.8288644983513,-2026.3093761684704,227.67029270825284,313.6848630968902
2218.2374012148807,-2037.3056829340298,156.6051252878577,303.03065103011875
2662.5538868971844,-2966.472903234063,81.45532159127194,296.9563289623199
2457.9069567547,-1915.9155493135427,20.444259178164202,324.81339156697516
2090.178888287607,-2815.5993687029545,18.40551816270103,339.61925644119935
1708.0622202938443,-2098.7577796527585,167.98853609240834,318.77308584648677
2965.392513765967,-2444.198005559905,111.12666157248245,316.91130985711084
1648.4957001771959,-2040.7878844968448,120.02392371960462,302.9008401546537
2477.9437051293444,-1245.8333394651966,200.5031674199747,332.9186621683171
1314.1206470204584,-2808.1948294134677,17.993258436272868,296.51448903757046
2415.2594933913133,-2620.434579612013,123.74421142669706,300.27869262502116
1911.8304800321494,-2942.4412354994824,183.43466596816293,315.2620127064209
2352.1269704595798,-2425.562026103723,104.33667879653852,334.83935180093385
2388.77994818718,-2567.932891428752,24.967566502530808,309.0645305100963
2401.0589249813447,-2779.4432806208956,42.04970445491502,331.94811988583496
1340.870240073225,-2276.839563165434,36.650883848277886,317.2344531101773
1087.2545627594984,-2128.282379604577,255.58315553541098,296.81424634456124
1027.825857475521,-2793.865473417765,20.768498217254276,318.23145012590254
1434.7622177376163,-1986.8533761592103,219.29216791786192,304.44517804350664
1109.908035742632,-2383.6285719669618,210.05818691990638,326.2027532799649
2907.239442660163,-1104.6498056767289,-11.606376763130358,338.06407429436626
2612.2880113795945,-2616.4403109441673,90.67865999834719,299.1657952329097
1238.6752139979708,-2916.3577199581077,178.9673158283009,321.5404726517402
1876.1130264421038,-2963.5959235571977,57.39129673893741,317.4381683775555
1779.0509740414186,-1905.6901981150243,239.17450484395837,338.0315661143892
2161.3531984850492,-2722.020554319946,147.23744674069215,303.6039730623738
2852.3107737817527,-1662.4718120348152,142.1515798037014,302.8669472045272
2432.777071528524,-2318.6392354329864,132.34511901405668,322.27433045406156
2616.971645779596,-1733.3020208420014,138.78273452397005,301.0096439223263
2511.4061213009186,-2634.3608884296173,189.3894745231362,310.1064425825354
1286.6859414178027,-2561.792103282448,257.27001829626596,306.60740956005384
2888.6962126387716,-2389.279641434834,125.9851324493531,304.5235134542955
1695.3607244192335,-1002.5379476545459,102.76912092268462,337.0923148407336
1175.695264134908,-1488.3915052391035,44.07530921075769,337.38659826050946
2958.599125168834,-1453.6171241822108,214.42943527831414,337.0733055616153
2292.884926624073,-1661.654498101167,35.50837642892973,308.09222204297384
2232.811944844808,-2707.494496530347,123.07617061904728,318.51064748980343
2911.3003864265447,-1064.4196974603503,162.97248050250536,304.79190096845133
1915.9521243336553,-2287.25981948278,178.07395881179946,328.4991532766623
1427.9657356820987,-2114.1780227296085,171.11352441981091,326.8340046755607
1927.9694558635156,-2672.272329613467,228.24123531808698,303.58097067873587
2051.182899073554,-1936.5460539363448,79.20620916117782,301.7480067650559
1306.8211948463706,-1727.1044693257859,39.68215318658784,303.89731961793717
2031.879356186643,-2868.5874492770945,95.69587791534076,322.72958522170535
1496.665780534235,-1396.0025864133463,190.93556237647783,328.50559109393123
2375.8988684121477,-2914.8238001106215,78.53763134326898,323.15776277340285
2454.510246650922,-1898.7498688664225,51.309726472499236,303.6705154122248
2003.440608379149,-2349.5900179432674,176.5465221544076,297.27937269186634
1804.9891215665684,-1832.7194677611901,130.1922343477144,296.74437673777135
2245.74117108449,-2200.090997618474,259.88429117703316,338.41740826620116
2043.7352321789363,-1194.8963303510643,20.804307053155277,330.31784345597356
2786.931003834705,-1268.4702369044976,37.82429970556617,300.47406532533546
2613.9735090892927,-1821.9085126823252,192.08891246162304,325.1631718751606
2712.8698494580403,-2933.4769212833135,-5.061833860738538,297.366386227112
2345.222275379997,-1354.6318582137621,28.722312362010662,326.18234326026453
1771.3116787740928,-2609.1544493406427,207.03840965610402,324.9298889554119
2460.831458317335,-2993.9832680369436,208.4517862348111,324.0885032626522
2169.7168424733336,-2769.076458507651,38.582525978258026,323.48907458841734
1665.4506912695365,-1876.6048567334044,150.86648016116985,310.22651225885335
2330.952349869557,-1137.431291001964,32.62195287003293,299.6066319453588
1720.5281285994965,-2581.3922561997015,134.31030908483433,336.640811161107
1146.902372516767,-2194.010009616318,250.11044733726266,318.9861360247177
1102.3690116710675,-2517.1360781724297,104.72302977881984,338.7704428287154
1926.633946261541,-2450.033692808794,110.23129133279268,333.70875721045564
2161.19972474683,-2396.412672798186,237.21340359655466,319.5620733858016
2627.874286773177,-1252.9560745464464,97.34846734391351,296.98145253884167
1238.1540765709535,-1802.5588651180087,31.503130697768164,297.25092582335856
1781.0335288633714,-1592.3341811724108,-2.5565805605676406,306.6662836577846
1769.8201024634286,-2285.422226661377,118.42953263003307,321.33485997048183
2618.622695313742,-1382.0788518646746,219.34675150850236,305.391605648107
2148.156072956146,-2169.195452784417,201.557182904845,297.6056922838116
1773.7684520090907,-1290.7302597877328,-1.7277667801674337,297.26879067119006
1420.610532811566,-2481.4726115867625,198.16857959463383,324.94280450051184
1163.4557984023945,-2091.363395969222,50.45427726226221,305.31116435660977
2202.6070038902976,-1382.1367193021556,24.533630541116892,322.1827392323205
2050.6093899248435,-2788.6820921596836,-2.432080734203751,310.6847238372539
1387.7882538461731,-1016.4875174313852,42.711036181428696,305.66396262387366
1618.289355000073,-2827.807551058999,152.724843974143,320.91934891737094
1479.5671607407364,-2579.8722313008566,67.26211192196051,324.616874060652
2748.010021059542,-2744.633576633488,220.1648759241052,336.2715465610665
2444.0985767555553,-1528.87889856067,150.40351642208853,302.8455260340804
1776.9304227747896,-2137.1688110332866,102.36019551496139,319.6082334294902
1693.2080829492634,-2418.489404339582,46.47385427717026,304.97006002900457
2865.0021743238317,-1413.2588946816174,102.18046029110951,329.520702148192
2787.5980472280553,-1794.1857386319155,72.61217591652145,332.93166643602376
1554.8323375385175,-1649.9593458414943,167.39233050517007,315.38384382072803
2642.374074413936,-2053.1464044241893,2.5064646966231123,310.3836585902664
2202.037865475328,-1413.9047551577394,231.25201030192,310.0168278095826
1097.8839796820475,-1427.0888958895341,113.82158789853722,314.18602528977755
1538.062906043635,-2291.2899200299316,167.29882372305607,301.2928628628134
1066.759713858481,-1813.905271637554,167.07989670913483,322.63188435422603
2308.298538162404,-1364.2046389572556,135.8797938275408,295.82559678672754
2785.827508295904,-1627.1302590914256,254.6729933398815,324.1058609467307
1128.3379820552257,-2037.9542068964943,220.57314758503767,309.1093881828296
1980.8027842547035,-2167.371926563097,109.57961199720489,324.31436592232654
2895.3822003748037,-1422.1671300553157,81.30687148548756,320.7783422216811
1487.0016016551265,-1436.690967297412,98.15923053808581,306.2089551756527
1772.2120190327487,-2997.9575386436927,127.71131363960586,309.7368801727401
1532.7010981956466,-1145.5930212811395,251.20025245985892,318.0194539676432
1144.881267816621,-1195.642081025797,234.51660720887375,338.8188952152117
2398.8777561207535,-2722.374995094817,4.676378319152807,322.3042518425348
1364.544027871787,-1545.6490452485643,237.68531034484266,317.83999806747863
2045.8248833872944,-2516.946664439688,92.03222663653352,327.1190300205901
2603.3242811846103,-2261.039973541621,-5.897355994921547,309.6828827084286
2217.447931566361,-1615.0527821656742,92.66418562184994,338.90924641147035
2209.358552675647,-1103.3687457894225,253.51858107291787,308.9866078262614
1803.7748080236538,-2384.4024220054016,21.34731281861618,301.1613666458953
2288.8481827081696,-2000.2322554858747,108.05746998671937,297.6962600054714
1781.2738463846451,-1499.2731815938964,194.48471819507373,339.523112570497
2450.902973728412,-1947.674510030105,180.91307684493435,326.34888832789954
2922.1729468022386,-1146.5982854977115,183.65848739675377,317.4303895543296
1319.598680478074,-2107.836753893326,185.69623167231862,317.90213728925346
1203.1226164286752,-1904.5262218142889,26.859407398065812,330.8342221589339
2941.2396238543424,-1386.8623202977071,248.89219920432936,337.1525554700062
2294.1482515912367,-1697.5777789177923,85.42351889400443,320.76842704374803
1052.724886511576,-2402.382914524162,28.52912091159014,303.71632350494343
2101.837712623639,-1144.049881376079,45.962698733893845,322.8875392217082
1872.8223469616178,-2440.0733456147022,-11.174603888610555,297.84316105393674
2294.7411371264425,-2972.16720229319,219.17957839855507,305.15996242255153
1862.467380227666,-2297.695971380882,41.425121349279905,304.8493433962803
1957.420729659479,-2719.0168343152172,74.48950117740576,322.66544864043095
1780.884713183967,-1786.8467356047393,41.549433362987465,300.9768979349321
1674.4840329409183,-2163.339434159851,256.8716562347071,332.0012655067536
2894.373000964194,-1770.7592485509908,117.37267513944855,333.67887280179275
1498.4385530823954,-2358.0661452712175,133.14875858406563,310.7197750765684
2808.862617127435,-2349.789616908716,-12.045461987334477,320.4787830106642
1113.9056003720825,-2883.808128607254,84.83934042248457,298.92490192723847
1790.0589170650182,-1355.644607892289,47.78861275646105,334.9238545713232
1178.1142597899657,-2536.9334612596167,5.665678398639063,314.8231680293893
2508.200539232277,-1100.5504955075492,15.942877973412557,301.45753207676637
2084.4990203180832,-1257.9977113734883,0.3785588298821061,314.39831232339196
1305.987099957122,-2081.6135723964735,220.59686795123176,316.8625650804262
1879.5795047284864,-2222.025500990283,160.2122693152518,298.54447773366434
2280.811034767702,-1936.5746893348999,235.3531251489912,326.20203967287836
1784.2531614106565,-2826.234437304274,-4.390224161285262,323.9307547024196
2012.6345756694482,-1083.3537074573308,125.79198172828552,338.9228073948177
2392.1964979506065,-1602.6026739611193,190.027224810707,338.02625905306326
2840.053669189062,-2856.7226757075323,45.43694855814712,336.5632923166751
1083.3651135982943,-1174.6590112836825,43.34030898342903,334.12821691172326
1424.4465665283988,-2018.0294293797892,48.4221988386059,323.13296923864345
1037.0681826546877,-2661.8378390168377,24.510689864298108,324.19367712431426
1861.3683318260914,-2361.722938944681,187.82943258488103,315.9275658159949
1330.9981086623138,-2443.5616268278086,52.677902859288366,309.52334748694585
2173.3097219528618,-2482.344148629636,213.59818731968997,303.71475323112026
2256.787444484472,-1499.644939908198,27.038906855120864,296.9221039684704
1552.4671620619656,-2333.6219868782578,149.9196277821154,328.31178601706614
2778.7099470464623,-2410.8182352279073,2.907601847551337,337.14662448262226
2960.351029470764,-1141.6012833663137,203.62096825145414,333.574868809086
1658.2119550595773,-1749.23438433913,212.11024268410765,319.42231881712206
2422.990733482287,-1687.6759903720529,243.64232802219834,306.2461935665267
1509.8802579605808,-2093.1279311777475,190.56907451331597,303.0546158351465
2271.404850554776,-2452.872272415787,165.68355265876608,338.80643173925534
2630.9154164425554,-2426.6377632462854,103.79517307534577,311.4955221827672
2936.928849698451,-1618.8441071109419,107.67971370034459,335.8560710242689
2393.499823992106,-2043.0224246993755,205.32111599981502,302.9001484544017
2259.4523221509135,-2921.8972775716265,77.93037373947567,316.49008874468524
1145.6678025241047,-1784.3008075434593,121.80754527659693,310.40282187515834
2259.9100795160493,-1551.5692441376996,63.48974200987827,338.7901231789275
1166.3356210333914,-2715.9003789240533,77.29606814601327,296.3178754057167
1356.6504219103094,-2213.0174778440733,255.44969481120404,320.86190600932684
1327.3690700662028,-1232.7121517204196,35.48922446947007,331.0218445973337
1070.2987621423404,-2552.973072594396,219.81736144459302,336.3834400542956
1088.2678725155151,-2639.591563316598,102.80977633532771,301.78941383090387
1217.348930139239,-1087.5457323985856,-1.835367534374189,331.4299650802708
1870.1429803073424,-2991.253912336481,112.01901831218373,315.629191249941
2784.021721313664,-1408.1939693887107,112.44602592578437,308.1040150603065
2159.1036015187087,-1499.7875746006762,246.7176380194598,323.89417246813235
2653.4294358692805,-1909.2756524047684,209.55204700574456,337.0656209935353
2392.8167458848648,-1154.2859757973242,179.78169011793108,316.9576077481713
2893.742838445052,-1947.72089349935,223.99599187423203,321.5463560753324
2998.4742499258423,-1831.366318487896,192.25296309343867,307.089292428297
1407.7979645936691,-1455.1679467216643,200.07226634630692,315.4751918117451
2371.288866000039,-2601.9756327333384,259.1744659291752,328.16312343472856
2889.1575237852735,-1065.9331533716684,256.57158760104306,299.7464102843426
1410.2681949549594,-2654.2167744112785,43.09736455467666,320.5929351961162
2036.0848206157634,-1921.5203179496443,6.26348405832595,321.2593869604581
1923.4584936005292,-2773.5723141758385,144.4278099182265,307.5296584642443
2053.7019445581086,-1021.6843763254467,102.79638587248759,310.2166045654218
2333.051280115561,-1791.9085951615548,16.244366271605383,312.50682870988874
1531.3813540078113,-2253.575718152705,3.6046844297481897,312.3577500448126
1847.9648331320113,-1180.866980229244,180.5108767691042,328.31849533300476
1905.6714222539536,-2291.6618806940855,79.83345334781455,312.0381320235157
2861.650870839976,-2878.519276752234,123.17820177055196,334.99193436613814
2951.1335054194533,-1528.7432120582832,-9.491219848912714,325.1131476177913
1863.9945878185003,-1292.0056976227272,188.8384133523211,297.8429211719987
1957.5527795922058,-2213.416213333719,-14.288971863681063,322.63982019252865
1788.7621741209277,-1140.483140501028,170.21028829154332,325.04506311010505
1224.2582361767702,-2387.412088853916,159.0838153535289,337.5186813902411
2895.415097020639,-2137.9164996381523,166.1847483607905,325.7883533598808
2563.139615337726,-1528.3446247064417,129.02157217814022,318.37149107613953
2237.654409627501,-1222.8017922377744,41.803181947049765,306.6769910160678
2201.403351272227,-2900.7422237264827,139.31496931745502,302.9105772283788
1810.2981340062825,-1064.8202181352374,125.64940381679676,329.71066855441916
1449.3535182912362,-2380.0266637093946,234.0868435516554,338.4359242965638
2648.211478658358,-2217.2752473404576,174.4824062553059,311.3590360900355
2532.540933200253,-1886.3982650356181,189.00084197182218,334.1032074087044
1690.5357141920344,-2118.7999584749796,168.98120733597855,319.7291842340411
2964.6656900313446,-1618.868948499888,91.70369759778241,316.19953584571556
2605.54571104785,-1305.8385377070472,122.62819939341324,301.67749640536573
1255.6661468151974,-2592.673648085216,62.5231516022301,309.83869567838144
1421.445031320825,-1867.0707746657386,209.25168589526223,322.85847762437845
1237.5526073176673,-1484.1221815885194,184.58860040655392,335.6008356970384
1631.933211282886,-1349.2872051730524,233.46591971049745,298.3162687492218
2646.8156629672553,-2669.3808646126577,249.6109863612877,319.2720539821292
1602.6112764527566,-2172.707394871337,189.4400296633514,299.57080058829354
1605.320587795345,-2501.207366346526,100.61751437874679,306.57386405614244
1561.936545873832,-1873.7761641026734,182.48046860718847,331.78336921255254
1422.7662203996567,-1455.6081374087312,136.32279821496468,339.627023776473
2857.553562966621,-1159.2687493327812,-4.6080499668743755,329.55214057903055
2510.3521285785278,-2437.1571699030314,191.76111142804552,320.3966496133979
2029.245115682648,-2537.205162152815,19.913588865227545,331.12722839769486
1799.7293280856643,-1973.7563507385798,28.913054438267054,332.79924892580516
1499.806081204259,-2598.949867659512,76.49412330955977,317.55942376727813
2521.7104165067276,-1078.6090512908788,184.11609686521834,309.47933768242035
1831.5072112529724,-1162.8567594621438,78.42269845174471,297.92779346325676
2135.676399053904,-1726.0825507427965,58.260084948378434,304.1396826962076
1393.4845280443421,-2884.7341285245943,46.98361182162142,300.6235957372201
2838.4133700919524,-1261.870693969442,158.77284254846597,339.1073888002794
2581.204484119344,-1549.7654139485194,199.88938400839052,339.97760541306894
2994.616315222423,-1397.987147937637,127.20477823046639,329.13190669521526
1510.2507082619418,-2989.941271901361,218.7806039074423,312.52666090711904
2482.363443919978,-2439.8244422383796,209.1515667575597,301.4687460039011
2522.1453290521013,-2956.784249605255,154.97053024871502,317.67635321198065
1591.5415161402675,-2083.325309951464,38.10783730271716,311.5092338951152
2839.566942550139,-1056.643330484226,68.05080955662889,309.9576549063909
1954.5590423195533,-1263.4793185694052,232.48556688244585,321.4076989175885
1323.7207962926664,-2224.8358580302147,253.21692310016795,296.1515745392054
1984.7607075038331,-2857.181707281708,183.7719548630452,321.767400048998
2011.7993780950767,-1904.9517775111453,48.95353011788094,297.1308651784967
2108.0430256306263,-2111.474141209219,170.57759386561887,322.69109802201444
2716.158603897461,-1749.1774068387117,119.48287439169229,310.912486972721
2321.416058678534,-1898.4809589850545,205.49619652561836,300.12840955992453
1919.3835482947534,-1914.0235702059726,127.66159894870316,333.3268332109262
1387.5634291580843,-1943.688401979394,6.501697740939303,314.3706192852116
1066.8325128680199,-2682.506119724787,189.88124867185888,311.0701806443121
2528.508780865709,-2900.5047917969746,129.48611059100682,310.0601939946395
2652.2098478225885,-1443.6361923468053,84.85780306390825,323.67613250064466
2281.5002416661387,-2193.0805605893297,140.1359853241048,321.705645917041
2199.052341124895,-2114.2379546121706,135.3527101359971,338.7182462814163
1192.4896862796857,-2885.1803532104327,159.71572638428867,313.63787123626275
2429.837144643141,-1953.4133914171653,134.6688532605207,333.4788120287216
2510.450507759977,-1465.2728592370872,227.97930287604714,323.4853631806197
1155.6626330717024,-1104.568801687491,247.81499234710355,320.1845762435607
1006.6658407831026,-2203.5243949634564,9.182322373295627,326.3604996638902
2650.853995096674,-2565.762784646421,200.8629761808699,301.63481795419284
2390.7913670487715,-2674.3525562929767,129.20286070971108,297.4300567667195
1381.484868615742,-1062.4637592279948,114.15812708371391,312.48765484035783
1013.4571148314237,-1442.4775309325078,24.23866756132263,305.2080308016698
1158.3255682703916,-2316.8488179680685,124.21717793759663,335.93763987489535
2035.4805259670748,-1995.6649168171662,130.92094289401916,332.8385015648164
2374.254339611416,-2296.9484952750663,105.0584671723814,330.9478888329773
1958.9777547542164,-1746.6331541645861,232.56010876684743,335.2960085617369
1530.0828761132825,-2043.222842389155,168.40590717480046,304.55537384563036
2870.730631611461,-2256.042730604081,248.57235811510583,337.0611992777609
1540.7290533032224,-2470.294792167083,192.8877828399342,308.9681953975929
2780.2446885383697,-2809.247783480498,206.26144080246738,301.3223219648602
1804.733841013849,-1225.6933328848586,22.038516371050015,334.9827668162484
1624.2730418650056,-2220.280597244978,56.527087128853935,330.1571509455724
1101.060484824876,-2091.8781920159918,-8.592690925895308,319.39913127682
2161.464623416643,-2656.1806639198776,101.08175236686128,309.0674737198167
1177.5974585377692,-1795.4318483615684,206.7305900953283,299.3689882704048
2494.336686617472,-2179.2191594670653,208.8799179422798,324.2374298617256
2616.5233932148903,-2798.6575619494283,169.78760189892589,318.9598400779056
2732.2005257663577,-1952.9209776548578,146.20928540492187,312.4324878748712
1256.9092563830457,-1446.0776796159653,99.2353600665009,330.9661112388383
1539.7174058964883,-2438.7547941344237,192.2935105068813,303.341119441129
1857.5321864861676,-2031.4262293630138,93.96116664502013,325.9576104148768
2779.5349624079445,-2379.8127378967065,134.61621155763703,319.59087680392275
1935.1458736835068,-2672.4247819623306,-2.119995241341213,310.56657806296676
2350.212799761225,-1985.3611478899293,210.2143039772374,323.807613458314
1265.8875260027849,-2122.808677434464,8.622227030608954,328.0904198095691
1463.9713923513584,-1821.5765707494716,44.99756718641373,314.79356294848304
1129.2316657441672,-2164.381233430205,79.18887586109989,326.99906489036294
1619.9220173719032,-2983.437868447894,68.0678931305373,332.85379732531425
2625.040753953027,-2403.0650989250703,176.90885647425904,328.2238594735645
1411.4483430512935,-1515.2852856094285,76.2202578166156,302.11222060636163
1925.9652689351224,-1318.1519474668764,93.55608752532493,300.4918236600865
2065.1647391614524,-2553.3629227245706,130.16007424822465,320.5656910473913
1198.4679249995993,-1367.8627136958385,146.23647749670585,334.2628565815756
2094.792590145271,-1955.2811673935712,178.03429347521725,324.1359455476236
2123.7021891099157,-1263.5072361935543,154.86944345316283,322.91923877700617
1714.4953601294822,-1414.634432166796,210.75283503351983,329.1528291630102
1457.867255358548,-2534.7432199074137,227.8768273195432,303.5968204655552
2850.7275013622852,-2445.1224547499705,199.88795301102226,322.50803043065434
1894.2867171067032,-2470.2860079108736,94.64371883795165,322.9078437294876
2538.894464590336,-1112.118650823564,132.54194461625295,295.4371329347487
2703.9687609069806,-1561.6616725050171,237.3327197925349,303.88012040488667
2605.0396008557045,-2917.6911714603293,163.4551162175018,320.0976543097434
1145.2834091442378,-2509.2594182136763,140.85038959883823,307.8080195908653
2762.6270342613634,-1862.5122021318043,234.43894385130315,329.87807250385134
1764.7063004144234,-1405.6051821071567,236.3193155881126,323.78775409379534
1738.5305725035769,-2230.5156129562333,154.14160623260662,333.56549441265145
1388.474245542268,-2647.771111074061,160.44003370908104,331.6875129894771
2088.013442467492,-1429.3907136817693,90.23202207554462,308.5087445458675
2553.401133615407,-1461.4831743749598,136.64626546253098,297.95559565929835
1331.5276045758048,-2345.6607341210865,245.26992434774166,302.79073038687994
2448.8264731764357,-1006.4324096822352,20.33735375414968,302.4757277990501
2917.7661918617323,-2939.250762669131,80.15142004656653,324.5617445697601
1545.8331155969074,-2232.6193755870886,-10.768515511713082,323.76352746379655
1318.0641268108425,-1783.8392083234867,74.1774776324188,336.92618339354925
1004.941959805854,-2735.0378779651483,88.55127084293612,310.00134961080335
1113.829436625783,-2158.9594667057354,208.420227194595,318.5563578255378
2172.656279577285,-1858.4848187336336,65.35946795856856,322.7732926775273
2518.8060777123505,-1049.7580757315802,45.225278074263514,314.1404766881726
2975.316774653752,-2864.6168970202825,41.603658621653004,337.5823228190576
2356.099494672587,-2623.8553272523714,3.365904465701835,306.3821778661482
1101.2639851368176,-2283.6224860325356,143.9013051390395,332.2091945820699
2331.08294054828,-2879.2988739724105,258.0302773156346,331.62657083727413
1816.1599298827368,-1099.5429189068711,-1.0181884547391675,329.575867547607
1853.982021758548,-2573.6901284269516,79.41174190275191,334.58987388390426
1691.1222761162403,-1277.5811572606924,89.3645618134915,299.3458314594223
2040.0423352758526,-2152.311898576418,142.16513235749485,329.99376129627194
1375.6612683463036,-1959.8853864972807,247.6635572040916,306.16950428663944
2255.2366990486626,-1125.042187829434,0.9061574674943564,305.62733329906916
2089.9226645620265,-2409.5330454882956,254.94313478938602,326.28651248533583
1209.8262990148924,-1795.3601910923428,15.629032416476967,334.9195769426641
2929.2915048766554,-2634.8546448003967,171.6456214743007,295.5947057837185
1412.764098100164,-1879.9810918351286,134.58543464568447,327.426009739304
1128.215663965018,-1905.9404362894832,146.25711053635115,313.2210606522708
2686.756181658182,-1372.0594379867773,82.93480396176997,322.8132592037665
1659.6989069522203,-2386.8708735361633,150.72693829324075,336.6407150739529
2675.183901976203,-1047.5457839132755,41.35585689201035,317.8298191845049
1948.779590821328,-2816.093829343891,65.5621155493779,324.8052677524191
1226.5654847737187,-1507.923338234724,233.40743685841113,317.2744807102256
1845.018107360988,-2792.899771222409,134.19255797726927,335.5911384213029
2127.695470721801,-1921.974508447857,250.61039614080102,300.30981216179504
2569.8231219889303,-1980.0836131256883,81.22305343366114,305.38402753299397
1765.8923388718727,-2376.727329427394,123.4634665589702,307.03571317677313
2606.5851150162653,-2968.104139911978,185.81028063753223,299.309126141154
1983.122307430526,-2509.955224618536,173.25403683718443,320.5686184157078
2441.902828891347,-1291.0430641257897,201.02717570306788,309.64197209342444
2930.1570843145546,-1638.657622385312,-14.97220165764775,309.35695594848335
2791.6658282899252,-1707.1752607722722,152.69004057422038,335.20839983122585
1968.0143901578567,-2873.9764133129847,226.61433297629847,321.330509621534
1444.473902930233,-1530.6085401332527,150.05945649332818,322.89477557002976
1223.4538504576528,-2714.3398877660024,179.9046867180975,324.42231953200064
1447.8515575251365,-2836.7039782100223,171.1973257553876,308.2951643019842
1687.9648398042627,-2275.33766966144,58.83586082987985,332.44200911818467
1440.7495112074225,-1873.1472937742556,-5.756302802156604,314.9593904228269
2141.5959091252107,-1988.85316073394,235.80075414617846,302.7068105448052
2690.390950846222,-2002.6094299985798,70.6116433973282,338.3217099396743
1578.5013522608047,-1875.6055446775192,112.40905119532374,331.3161305552662
2177.093228091786,-2042.6852039852133,44.04376379279308,305.11323876286514
1433.0678330046294,-2367.0586858148863,177.85604393602725,328.2650175089529
2420.4003742110317,-1627.5110683299417,4.525628446242031,314.43446771892263
2094.09242173221,-2980.8387499286364,218.04727190215127,331.4971388878857
1883.9471986540607,-1855.3371468467685,30.677729235324385,299.7029543732045
1449.3544477866744,-2420.928794862115,247.44245913226632,331.07084294079567
2077.8701607882,-1947.031840654669,177.9614533810649,330.7264228228378
1522.4937612005601,-2004.048922585011,20.601428083796492,339.45006684323346
1456.0234244742169,-2348.514251788047,168.5625991419861,334.33386754724825
1098.2156298931636,-1154.6224755771284,126.0108204104688,320.8228442917912
2248.068434382703,-2753.928173218183,229.05439192474117,326.7904486574142
2016.443073695426,-2077.144170135377,216.90121117481368,330.7773382831424
2729.72138665963,-2990.8590913258863,158.2993930558896,333.76272683898344
1916.8043729686929,-2515.055567118148,40.13542959896564,322.7947541258352
1704.7066750370395,-1257.7510989755187,253.9076255030896,306.7949621784688
1375.41361058544,-2054.5576515164876,248.26170422035784,309.09462785735286
1545.4331172276,-1717.8927678871592,93.8845199957324,327.0962104509885
2640.966396652795,-1617.7129241170703,131.28286248333248,304.6498312270754
1892.0505823661033,-2434.730457923716,12.330403644085575,315.22696476834165
2863.7767927701298,-1462.633032405343,45.49461711837356,309.99222439015205
1359.4427262072531,-1831.039687684398,249.37896435376808,330.98409911702515
2088.7660389992607,-2291.8524614095813,167.85891067770677,316.62115967247956
1823.079136748128,-2349.955508103611,93.69067895791251,309.1130049962323
2397.6448238830117,-2332.0900756783676,212.41843073770812,312.1318046528513
1364.0789637719909,-1917.7010589868457,119.65968354748497,297.3887049419499
1959.2567478310111,-1708.0715538108232,245.6544315903131,303.19061052678444
2405.4946916657436,-2452.5534771180382,-4.753503276225386,307.3815886873062
1066.9386212205513,-2318.645930127911,37.2190547968378,336.752473226961
2973.6350891704733,-2347.7668893815853,41.92143389561478,302.99020848815195
2685.389215010997,-1002.2234062730324,225.48366479181087,298.47720600414107
2232.232374509893,-1123.7967414951934,7.749701014433658,295.9595235749915
1563.8708781517366,-2775.032942054816,21.36163649529705,296.4706559048907
2464.798757782095,-1801.6605180519136,127.79833684051715,320.07610015659753
2791.8464915848244,-1330.4932741630316,-2.7607761256871317,337.7561694434001
1452.6106813257375,-1303.2126032101344,120.98661044451211,320.4934104515987
1419.0204079829186,-2556.6682185240684,173.95276960642744,339.72575528716663
1045.4406167690313,-2998.9100441161318,133.63456056092505,328.3827333487582
1408.1188506948633,-1760.2267120608983,224.46368766523298,312.49567306890737
1417.5200193374048,-2200.1957451083945,166.15653000725442,328.8529723642716
2639.0899053297544,-1854.621929281486,122.65389970808681,299.2908575710054
2083.9090272884137,-2502.876997306106,133.5680391119823,325.59918893545193
1849.4828250317976,-1931.7741801349757,126.58511409948619,310.5406675458402
2623.066747251305,-2447.01800731782,139.7178128545026,307.9584471711403
2233.7037381940017,-2796.781481825629,130.22999125426034,339.7919370190893
1082.0315284727933,-1442.7299200506352,208.12839817824917,316.84327222945393
1371.5093100294973,-2398.101919130797,170.5140447460186,320.8781280907293
1325.5072643625972,-2193.710281619278,216.874418556201,325.1831444821255
1197.804876061173,-2859.09063959461,119.5564677622263,307.74847179146724
2058.708114140706,-2577.0123506697682,139.98694276320512,312.309040402433
1029.5097228796546,-2104.3821298284392,46.72143025346228,303.55015487433786
2878.281807793379,-1636.3918397382004,80.71452656636227,318.4852463321259
2907.038499431038,-2089.6620035854803,240.7587676479128,299.7612081559127
1100.1654700031058,-1216.2889652530948,243.4521172512204,316.9660067351258
1074.6140077781367,-2499.243890996384,201.82775225075878,297.1230224610234
2381.1246872719753,-2240.6555017224327,53.3682122899386,299.0706394389386
1452.6146788809006,-1223.6790424423207,78.28630443330987,338.15337079710446
2722.652693425647,-1209.7225759417406,123.5007649399279,298.58330216316745
2971.6943534654406,-1108.1373577034103,192.28710549690103,311.92957169764924
1367.0229530173347,-2743.432038451475,22.979492656829756,332.50282124834433
1747.787533531537,-1511.3227265421717,90.10330357700033,304.6142415444249
2674.8514412484274,-1701.3356102093355,202.19526726127472,303.3794975854029
1032.083718220913,-1780.9021025711415,168.2997112930174,306.9523040764749
2246.768405123219,-1024.277887680334,89.68028591641733,330.039986562882
1057.3628724323257,-1919.7065363301513,39.257946787350015,328.67477533667034
1530.8482637957995,-2031.278523085391,225.28610624467228,320.6558418792059
1046.105809521488,-2565.8755408944135,203.38298244612906,334.91939860127695
1171.0905203837121,-2822.265054981897,121.03484110600783,327.29324262934796
2124.985041819164,-1952.0520216684135,236.57883808680756,318.6828597745305
2106.925644889311,-1456.3008551234768,92.45003669804849,309.7484836841879
2779.80398096496,-1267.3685456317664,172.34453890669795,332.04368122610015
1602.592493931707,-1362.508539954777,225.59757363130976,332.82027657020893
1084.8637121367406,-1760.4462587128671,221.75142455756327,339.0724877499462
1345.2926480070892,-2811.3080609361555,144.8914562559828,317.97427423626345
1276.0350203156036,-1977.4265418882367,-10.40923596616727,321.0780008464014
1987.1625183483147,-2749.3280992565897,7.001548631775776,332.8335181964711
2078.588151223752,-2349.499587162718,124.21851329115304,316.7335642794069
2885.6520123243945,-2211.935766158703,35.16822717139015,333.5731096400042
1876.7505047704421,-2963.455991814735,-13.37605905296998,322.71555388480334
1194.853606328335,-1130.2194120951333,88.45963692638784,307.74830284944437
2700.944862219244,-1765.3220804094915,244.4132659897653,323.63141591578176
2459.3545113427667,-1321.932358778441,-1.1170127679314472,304.26815404608624
2248.670664416652,-1679.055698275864,185.40644819820278,324.9188900408616
1209.8455330562429,-1808.1850547755732,219.80972151664207,336.03172778008013
1741.9082238885997,-2323.122936872844,44.73446159632276,334.6585074567515
2307.0309606606234,-1266.1763988841908,-9.784532836229621,312.85275798877575
1625.0987508105293,-1869.6672126598924,172.6624485657929,339.3305128805765
1438.4238394581228,-2499.117964537556,163.221025762533,320.6585063056791
1494.1948005701574,-1165.2460053407087,225.01015553907976,310.2121771020214
2346.2251672669586,-2053.277923429313,172.72856509393506,334.4428693461308
2628.1353829160216,-1268.9071058912361,41.31495446131734,332.3818301449711
1618.6401428285724,-1184.0948913309162,181.00824274474004,326.77011424389474
2952.660204849292,-2953.388935411293,102.29562322660145,335.99064593517323
1103.9699492195368,-2310.7421986774943,150.6588581679631,321.6743009992624
1309.1891619043008,-1279.5294478595313,56.35882443936296,329.013906736898
1275.4975689544956,-2818.4417130236607,16.145030290334415,319.39167334762874
1871.6720468795147,-1792.236483488475,25.808619608401784,319.0808524041983
1781.6673819754255,-2358.7429527131744,53.05723652398572,309.96481557211945
1584.7296370020495,-2755.3134761405254,127.22595299828765,321.62493873668404
2463.343067158207,-2772.791558720311,66.81588957140666,316.77041478147004
2587.95817623775,-1020.2296556938268,131.2337571670137,309.4045336956596
1746.1687788760087,-2018.4692364662092,99.98662887450617,326.68814107806026
2979.4339487835473,-1274.8565905947667,61.93099773408122,333.94919145842516
2845.2623510711246,-1456.9089420904425,100.1239804576626,336.9910612620289
2739.272082179855,-1866.5670338794985,208.89654011102442,329.97405276740096
2132.8424142663453,-2110.769294661737,-12.659824119398836,305.7068738759988
1766.9205313510233,-2169.5828654887005,112.74117149566118,299.01794476810454
1932.6515473045158,-1597.9454338054363,140.7756876359595,318.8548397668549
2730.978439007423,-2148.4984081092193,175.3405963858288,322.6006101548952
2683.072245988119,-2120.868084833338,214.844954262949,316.48030676778956
2456.0044925736347,-2673.1933290054067,247.28310496510744,324.4758916709102
2904.9984061303408,-1593.4289763147935,40.89582136129875,303.2434268769248
2227.8814912319776,-1571.9761058090999,115.51783390423688,296.4341961510271
1335.6024832480098,-1982.996704564395,-0.6845521578269427,320.1339505458014
1907.2052786680167,-2298.8626438159818,194.79065948661415,316.90845852889913
1247.6167497703152,-1546.1174129284107,183.544909761636,333.03341446135937
1275.330870362362,-1584.2073142616955,219.24176564309158,313.57636724931217
2882.926929868532,-2983.9010881749455,114.2670659613326,326.11499118679933
2660.5573448357973,-2788.390737287066,67.34824273879023,318.2602463731169
1399.1476047614456,-2691.8197627436252,126.26141067042224,327.8186828281069
2204.6537940022217,-2749.902645407031,152.7847292995753,298.08639853462586
2506.5677339216463,-2594.672604695855,62.885793278985176,310.0740961883095
1937.0460715616935,-1699.4361193486377,6.572785013245973,319.3015692784516
1122.8206248936117,-2991.489870929768,5.154704769499297,305.5865787506039
1318.9532760106122,-1690.8504165560105,140.42351227806438,298.38685418305397
1819.7425776532577,-2934.7868036191057,170.70898479625342,337.7401908983403
2963.6370005234803,-1365.856335711786,65.18505799611398,310.95065051792943
2117.4611680897433,-1938.7132881448954,57.64622354899103,311.4883064152708
2460.335457446132,-1057.491396670965,250.50789073432992,310.7619683620056
2868.140434589227,-2991.157730377846,38.33819629851595,311.9631963929398
1521.0730991497242,-2161.6643073945347,11.69259975764006,338.34229841992374
2254.3278358668485,-1971.0982524244453,79.9864512537939,310.2726628794263
2739.054963474242,-1102.0222462395095,88.11403892128189,324.74440026107635
1538.1562227472991,-1750.5318498244706,208.85964529347177,316.82264934848047
2998.330358883933,-1683.2707955182407,40.211447170752265,327.63503496011754
2454.8106796245092,-1090.9061823664374,70.96761333821965,335.31909845477065
1174.5931728404698,-1555.5146931652966,139.5941255294723,300.6356885425556
1367.0221380757039,-2279.3850876364822,18.433543464479,308.2698865796482
1166.1918628602568,-2049.1826229415938,163.34258159971972,322.8860159550464
1850.150995911249,-1316.159684818519,59.451542151865084,323.7711562624026
1171.6448544656196,-2748.3588943402488,240.73621652099303,298.92682670021253
2251.0095316620473,-2492.519718349996,227.81343845344364,336.36002618245624
1298.1166281089095,-1679.174710692293,231.14427853127688,337.0962967080168
1723.4915143248245,-2735.642162970215,232.86362307791836,316.8946058746642
1009.6566012134856,-1839.4227503469451,167.60578765059225,327.7769367479184
2232.6274981397,-2122.873899054427,152.0943426404932,314.6324695654245
1045.081565877642,-1216.425989681663,197.88832383947033,308.727206262677
1724.778124457076,-2310.673884398535,58.02026648457738,317.9334243797113
1182.6263279428229,-2226.7405442039762,84.27521532045738,298.4772371686448
2194.087839973321,-1734.859356887043,127.88162115706251,324.3632079744026
2977.676575878366,-1441.438324901955,143.4120618773397,323.7301984963429
2345.600212639482,-1514.74862552205,66.09475622640458,309.30632882757607
1543.1663941254885,-1036.0345616277855,255.90534254211389,319.9986758400847
2121.5252712789957,-2164.0160485009965,206.04767949970602,310.50277150521487
2034.909548360794,-1233.0274705759425,241.0668763522027,318.97244493602767
1057.582303881329,-1642.266679782624,180.8336489677005,313.9181793426477
2593.089714230573,-2628.0477493574836,105.51946784205668,296.3356887567348
1795.1346635725274,-2656.0301730005467,76.90292935363597,327.9772811213707
1936.8571248262856,-2133.906893239052,130.38342600428635,322.3164333726287
2192.854012631841,-1033.8228187469297,241.48091995586492,318.6955223691411
1414.795914999221,-2666.1908083940384,87.26462202689794,309.6611478629946
2861.6029967820336,-2711.001203548566,44.35090937316706,295.2886416607213
1497.0594371161758,-2239.6632866098944,47.18536336275034,322.42867578692494
1163.3614176995661,-1506.4709065589634,226.1163179569122,332.3628781256169
1180.5599677539328,-1453.3942021678145,175.41399775252458,301.0637872331719
1484.350266353757,-1178.4927964078524,126.88209388992524,326.38046534604115
1237.1444249345905,-1731.2323716765027,141.4427240295246,336.64819158440974
2845.1095837115877,-2465.8951266671565,101.2067297371226,337.8108278848516
1587.3137357846201,-1852.2640472330443,183.08497532893932,327.53518968099735
1372.3942310567377,-2710.7303305132714,162.4040045645328,329.5259593985524
2836.967179690516,-2855.5693241823624,216.3251722355459,334.73151819654015
2408.0449408179484,-1281.5569066044359,218.75900744229543,307.28400449832645
1914.495506874362,-1369.9269243808585,-12.222904787563571,327.37607778710515
2757.353415744441,-1933.6644170048369,181.75370078814834,328.1652927048666
1054.9529026117775,-2956.8266247449365,187.98856864498305,298.955275858428
1299.6741501940062,-2777.625899865326,257.1803269423577,302.5649258214596
2545.858166267404,-2609.910158848222,237.82403428943198,308.9388030507454
2840.770971148243,-1207.875345282412,164.81623557534368,319.9546864735219
1621.0941008219575,-2768.7734246381788,222.10380974307787,320.54759129824794
1105.1771570134867,-2684.5412741296104,189.77193413018455,318.23339104622175
2355.3185796469734,-2958.2124507083176,231.26990105560688,319.36546696970095
1576.4031590882937,-1551.369864202941,125.95099708200925,329.1029066486514
2840.824180098631,-1773.1233162063786,63.80235497544291,316.6713317860326
1519.3393492898115,-1832.6631164315252,55.565477406040316,305.3800105026587
2530.6767496746766,-1081.5785977863086,123.04329950793169,326.0769546964018
1089.9737817908215,-1852.2655695743642,254.88926789910442,318.3846291872025
1892.989718850421,-1506.193032968348,169.28277478447137,313.7699756658942
1451.347454042459,-1312.8874781997588,40.37522188845304,298.99943485311786
1077.242859776386,-2614.124173373647,246.1749725176211,317.6873418902061
1891.8221507691926,-2638.7718912816445,3.8429151855486943,317.97332358427104
2424.8845270243683,-1338.798505144262,28.33470815111579,337.0832513915351
1268.3399642278869,-1196.5348484284796,141.89692466627633,316.4442434100093
1767.2728258266916,-1554.3179664742354,3.1285601367746807,319.10003097146165
2277.6117566026537,-2637.4165406323095,20.395996773190042,307.50321004558634
2079.6248756676837,-1480.7829420517623,181.5339823981552,313.079437155512
2250.2789222845604,-2423.366195836567,218.5839295610723,319.93400137356565
1153.7616678963154,-2730.636306383613,12.71444449589972,305.0191118950469
2370.5087218273093,-2273.524415106697,152.829208056632,308.9923619727537
2493.901580061429,-1757.9251533937058,40.06198951389053,299.5044602780299
2862.805558392966,-2764.0209414522046,77.79702739428475,299.9027761799607
2788.466635754523,-2618.281969157978,19.74259788215638,297.6169521313273
1826.836307616863,-2954.581788892721,196.69918587684617,326.9038064790229
1011.3956989451968,-1067.3969312990807,238.89373166608664,303.3086206180395
1104.6988051310218,-1803.606345484005,153.0520719914447,339.61883240343514
1798.2359067754433,-1048.4792479464925,249.04679951705464,331.75809634694684
1578.4375160769328,-1501.3637481717717,135.20838789448425,325.5154039411414
1706.4668720693219,-1320.2530192343988,11.979652686168347,308.6893892916154
1043.6597563758883,-1095.050452267906,108.138034025903,300.0079178287821
1812.8212298185576,-1358.8596027341173,89.3475847366764,311.10592712149116
2419.766327841925,-1719.683031589056,-10.001436648220665,310.7963890328133
1344.5601441440995,-2590.4732494080226,65.89237133993161,334.94648271171195
2540.0371848185314,-2213.4118311697625,257.4454230563501,331.94168036835447
1340.5398916532633,-2746.1255727353873,196.68726982781817,309.7492040869001
1277.1288811408851,-2837.308967318661,128.89012628640637,325.0087852408789
1677.7421875870064,-2166.90423436195,-9.565099636648768,299.6604027411299
2252.9062424836143,-1818.668422411236,24.94077397271149,321.5480148662323
2073.359278941436,-2227.8588743975715,85.87820883235773,305.020642768573
2656.684001802591,-2402.832119505519,178.4940697948387,325.16172667203045
1167.6956274233337,-1535.9827228852082,2.2867394505008107,321.1517690386819
2458.527077220523,-1579.9457428505145,141.72948598576178,316.097285212495
2330.946810917949,-1990.7589103921869,235.6108126999699,305.9290480548418
2073.8127663773803,-2559.448076818137,106.8973892962849,333.51887940948114
1067.4395666643431,-2943.017482003944,240.18554277817898,329.14950386315786
2917.6784823886746,-2694.778447583395,200.90200393813726,298.96591688805154
1688.6998209794838,-2628.560162085096,167.03696786996056,330.8775646221525
1338.9245718765444,-2625.543335078995,54.31979750996146,317.4907336976802
2671.9681993039467,-1503.3813903907208,147.47223081251988,336.2149835858415
1269.2158526520539,-1160.4718011066918,236.20999350034177,307.5330352725724
2806.577110131562,-2787.567710518437,253.23936971755808,308.6239180613845
1776.8143942091667,-2977.17500784873,124.61071621541853,310.21215059439595
1222.070841000119,-2247.4846312316113,22.601750364129188,330.3813935241902
2320.189843568991,-2321.1103398467726,204.92738852427738,323.9850021040477
2585.871399780265,-1059.7245768007651,97.8449154041382,297.567834033674
2798.296092172602,-1838.6230833017576,104.46189223068009,322.74651832748236
2090.1864857003343,-1886.439156461208,196.28306704057107,301.83791618584416
2831.774483811274,-2160.3585960181376,105.84632058018936,325.4967965828489
2370.723275955457,-2432.4177533710845,130.81589084532473,310.16391150460856
2908.6286607505517,-1255.2022218441105,146.39781422557158,304.91226544700055
1975.2897715701115,-1498.1283762238652,5.077148901773263,329.65918031120486
1700.1120033463626,-1949.8913519419689,65.09195043622843,311.0476266909503
1980.5911940140427,-1741.378666769609,8.461612019455725,332.1572639776934
1887.3991539341357,-2341.1826191202144,223.1994244227764,326.09110408532683
1232.959650208823,-1588.9651655946209,238.4556148546485,307.85533594172375
2817.0798287621847,-1095.639177512625,219.92830637768085,312.962191938368
2321.689664219917,-2351.728496780987,11.262354515482134,328.6959319718563
2213.4236142553427,-2942.765552146975,227.160589561924,332.9057269747255
1001.6065594273787,-1376.1443804356886,225.8853314183629,301.0878150561727
1665.7148437375965,-2388.73870013548,160.19900338067805,310.8927792001158
2640.344050001875,-2159.5663417431124,160.5522235556607,298.2939341183519
1400.974154890282,-1870.5380437074748,-7.109656492044728,317.58592375611613
2169.512128240498,-1109.9017260671808,88.81572642870664,308.7499453190769
2433.302798820556,-2231.518002313444,3.575490441163943,302.75816688816633
2839.2903502141053,-2935.1737086324943,212.47229884491458,298.0560636713028
2291.5739383785503,-1980.6250324838052,172.54499120368254,334.49773527420746
2925.534194318885,-2528.6954898517783,29.40327115772795,338.114846582661
1548.5544257306365,-2674.610941777056,48.8511080584478,319.84388047497526
1567.199491940837,-1598.8578522220735,238.29160272957205,305.2234291040257
1837.5725926518687,-1260.6504695652754,224.36588513385954,330.73014755267525
1765.8668343187996,-1852.115325133273,38.816529080809076,319.3376074123263
2692.4053254060154,-2862.4906674095955,182.79218610351327,328.3739249498358
2415.1240592142194,-2652.1291534846364,70.13964081602751,333.3957204757604
1162.9814152840518,-1806.4658046438685,214.08511665654814,336.2237520396284
2183.8979008972606,-1017.216389149032,76.19301884148327,318.7921659542748
2158.472915125917,-1088.2785935905454,59.83129684847313,334.201720914959
1085.5486076638958,-1923.6597885406566,228.8641153766441,318.42701764733187
2834.8360275668197,-2905.8488960422537,-12.48253399625047,309.2935086808801
2787.376712931534,-1318.5309679163825,130.69481426666943,326.5077000016113
1190.3203766079769,-2121.126688694825,105.5863986553907,298.19136770330255
2410.5195209399208,-2527.76220714488,107.99036745560171,307.6042104554725
1939.967220626209,-2935.039974095913,93.50884172278705,338.24903212138526
2897.2339378428487,-2757.5646524178983,109.83275816124545,305.2375903219479
2265.315606453786,-1482.1528286137848,50.595828308502576,336.47278939706484
1320.705591986402,-1328.9983749161502,10.336745405504992,334.4558776979292
2487.4227945171415,-1524.4396810973294,25.178543906778465,297.03298514585384
1198.924325143699,-1879.334513173887,7.717351815997201,295.6218208828728
2986.5456718184523,-2030.6284950815934,237.87127150104484,307.7862270351787
2734.0259227685783,-2238.375966236488,30.545737629241827,300.7703813901867
1313.8027952952466,-1877.4587170714867,218.77760166761487,333.31475238241427
2819.809282137817,-1835.7940804509055,37.872709503427146,305.76774739279176
1429.1561607769438,-2517.399501670338,189.2093105331471,335.62128518594807
2204.4782890954166,-2214.083041546721,56.68842006103253,317.98714322899013
2622.3382068004503,-1560.0351495660318,77.81466499415575,309.2980537043073
1382.6491562750534,-1692.586439996919,106.15248628836778,304.10827053258225
2095.5740476877518,-2521.0018756881127,41.945214022315795,324.8807202944844
2683.1893980560867,-1817.380550539759,227.50110411762682,313.7782354725192
1944.5011874059155,-1242.8859009985179,256.78871362234895,313.08539387476463
2270.1385029881785,-2421.334875823253,163.8751098826155,297.1252992395158
1458.3818908958044,-1901.7820142472688,142.40506647815073,312.45795501692
2876.347998649964,-1084.925320653103,221.276359443994,328.73947148209106
2121.5010739008417,-1797.31796728579,106.85329802998798,325.9024123229888
2484.723134868431,-2528.6748204879887,141.4837108259855,328.1862101537399
1490.624583148646,-2136.7947171005417,112.05426844639894,308.2986960404781
2405.709340071763,-1313.2284920136703,253.32278108558097,297.2198409922329
1641.346785713613,-2188.909700710936,-13.14861075427331,317.0233593849951
1544.6442550021975,-2831.477869217714,28.509560778313798,307.04300316317915
2688.1077494517704,-2584.1095801840715,190.83409452593875,321.8458025717088
1991.0539069003073,-1922.7782777097282,70.46546422137041,319.46373722556655
1752.1942515516712,-2583.2914654468927,206.87225977507202,336.0233665971479
2979.419824489313,-2927.982003287702,139.56556504722303,309.8758223178132
1027.5949061918593,-2650.249909119755,123.14919590520049,328.9844470613788
1997.714491720736,-1007.7594823589957,77.08939864919827,310.9141379462936
2931.5651913356965,-1620.3809764906898,138.92928941357604,322.404501265405
2095.309224920086,-1311.0211262898747,114.9348830047258,334.43522907826997
1482.9045313700758,-2697.772575205041,193.29043082878607,322.4853821564471
1540.8345159422638,-1589.187073748023,113.61397488118237,333.97163273373684
1078.441178382336,-2268.845853134758,257.5149172957867,316.1352506711398
1831.0785780725187,-1939.7188156839397,151.79663780943682,327.98897245396165
1992.5753474950413,-2656.968813934963,-1.4465939408509882,337.7080608199355
1278.0254605304685,-2490.700298943074,57.542803299108655,312.1040001835165
2809.9913340686253,-2667.7810483534495,112.30334664622447,310.9167495564757
1562.4254813055663,-2040.0080177686882,230.25288291593915,300.4153615401012
2654.116238616736,-2964.487650741428,162.64265587930245,315.89883393728684
2865.1389581996873,-1904.3008280923839,26.684253923594156,305.17664438435133
2285.242199111798,-1443.3445573776285,61.49103998260212,300.8601229074153
1887.656066773874,-1176.4202545205442,212.18111520376343,315.06585368858737
2162.8606731393006,-2168.066703989047,136.06761750872275,336.0971028611838
2795.0260546101126,-1927.2415887180541,82.46064619933685,313.2237571216144
2355.7708005398927,-1537.028315881598,65.18994944135022,334.40377440307026
1411.8678934686695,-2081.8900724994855,-12.328671621673971,333.9391370722911
2632.179546991976,-2624.591174489036,146.64725161817495,324.6102984842054
1798.8000302023956,-1509.935272990618,156.5148449179414,301.59223787080623
1259.559548083535,-1491.5673060263705,125.40698692872971,331.9513312489714
1338.5950936871313,-2459.216688932763,-3.8640517387631252,313.9408587437437
2965.3157552832026,-2650.2515276270465,-1.587523963558489,317.7012577990481
2360.54594634892,-2184.6676792465987,225.42323834855182,319.5437264301954
1852.2459787114703,-2196.5149517028867,148.21133533456907,321.4045213239688
2494.8401472073756,-2245.5478139120332,24.82394750391586,313.78733549284
2121.9121211208103,-1702.454410507792,42.8717191977293,303.919744536006
1116.7744638875126,-1896.0662858593191,80.40696987994,302.3662797443176
2239.3190966215225,-2618.007403958258,35.024460729786654,337.72781279467506
1959.9657713556294,-1281.2898272602142,196.28097196675606,325.37139423032994
1188.8437942477105,-2143.908383497772,242.25500628153867,321.47022185137286
2896.261389114241,-2873.847300818356,233.92392225050978,322.3622060413255
1776.9749426826547,-1229.3302683658735,258.98429066256995,318.0696881434526
2276.0452837722696,-2683.6349011990255,187.89978305319403,321.849384085034
1204.4311985162703,-1259.5551176216625,233.08608203014114,334.123724207274
1990.7224343127225,-1811.2627353597932,209.18174280354677,301.69243367523035
1993.5761015128537,-1358.153290790598,28.810599177500805,304.9907914458835
2941.723102862056,-1852.2675911045944,144.8383441581372,297.2179314147467
1874.1020584019784,-2181.5369832298165,171.03902274332123,318.8269376699156
2904.372801393759,-1477.9643729319373,-6.360096074173436,328.57363601902756
1878.566060372757,-1646.8959148321321,127.29098804458809,326.118838173225
2652.1731530516963,-1273.0412238303238,-11.022844224515627,296.0675856628892
1506.9888739343976,-1460.1234642583718,104.07262135780248,296.8299462488351
1401.4196389937679,-1243.781680606671,10.016807815048182,338.4850919217541
1849.2593595517274,-1678.0846605201489,44.37207199437169,320.11803488108495
1858.6393497106312,-1346.5944913049148,120.99828305883588,330.30352934906483
1169.8333464367622,-2230.483603515009,257.2690898806424,314.8184722306835
2086.4788487900214,-2974.3492291730804,193.3334540225448,295.2402493721663
1275.2565463508213,-2742.266797713137,84.83735621022262,301.0305764417919
2761.781115271982,-1282.214281010205,-11.806600902464023,336.44057640195496
1332.9673710901495,-1457.5888690495863,-4.493835851675765,328.9529733268776
1420.9512477397006,-2347.449760612685,140.07296411392252,308.01688201711363
2833.0465740412405,-2627.267341847158,196.5293778367309,320.6651694267588
1993.0962123704485,-1507.0298413511691,-5.886418811984097,327.8977190100872
2568.748920340563,-1898.0975499615868,58.90056516872508,318.9449682629165
1438.3464018113696,-2919.3457732087563,63.56286375733906,319.1779541461135
2589.5880540709895,-1988.8211864395712,142.18393991860862,339.61626541489125
1018.0193128220646,-2366.259129680535,47.256638851087885,336.7684282872818
2568.7520986931313,-1894.6995484174788,147.9787232246128,330.39121723532253
1581.9670258461526,-2711.8429629852963,115.98148905223843,297.56008788202394
2915.28687823416,-1343.531250093104,219.8074184516216,329.6563649591497
2995.4432473448987,-2657.1337895364213,135.0368563174761,326.5931244929924
1668.8042078514259,-1698.98430652235,213.97443879444359,335.5788062971984
2867.47913842016,-1676.8275798513037,3.039285050718295,338.8953432349333
1342.0609726288562,-2917.300652864483,151.59865120618116,303.14128639785696
1965.8643035621653,-2235.936868473272,80.04286526550938,316.1150500182631
2794.707952239666,-2662.151226423126,83.39967179107207,305.05395090521387
1282.451142027747,-1238.4088784965804,220.51318525246114,307.0640436664135
2952.8636908006406,-2657.295573983363,18.653898890873016,319.64295855225913
2536.138902307611,-1824.4788702241,-11.39907353348331,329.49178538082697
1090.6984220580214,-2363.04406972509,61.34256476972948,332.56785016501567
2672.675610349437,-2998.8202297531384,5.092692194041938,313.25481096795124
1949.3598020449713,-1900.6717319550692,259.10310903779254,304.3718859626656
2230.3010141032205,-2000.182225348848,65.49171711114894,312.390923227591
2952.786132674437,-2835.22995641334,31.48014860146997,325.19433558097825
1371.216074490329,-2963.9379873568596,109.19197858446178,333.98791771806526
1870.5849821459774,-1264.7456546062754,178.71703699586703,321.27178171864716
1386.1836323643001,-2791.5780416350804,144.09966268456245,298.74508014905734
2376.7315552498308,-1009.1553452352327,-1.56714658890834,298.913064557908
1807.6409504181597,-1568.7372060885484,103.30205770791396,307.0302546293546
2460.712512343174,-1178.8398752021758,-12.582554303998037,330.7382445948693
2764.20390533499,-2365.5947920717217,226.60855934889398,295.84459894405074
1162.7604723759798,-1167.0036350039497,211.55097077356686,308.2661935052209
1054.225586018538,-1973.8485233398937,138.6853417458894,312.1811079123138
2951.2341470992296,-1655.5888054387874,51.633530391445134,332.90487442353736
1880.6373478261453,-2953.516574434424,193.1235825348693,326.6272740486905
1880.4869056775533,-1599.3655618215969,154.4327052134823,311.5848195158043
2477.224319239339,-1312.584829022053,244.73205060884908,332.8283225140559
2624.2666146193915,-1756.2133819725248,134.8437123771969,307.0670072518142
2772.9754313461685,-2862.7463184641165,217.49896339802018,333.21568527384295
1491.124220525686,-2587.1452293821653,202.92652631687622,317.55820848496035
2145.935536833918,-1157.9767956966741,55.575861091610946,316.4735195538167
1197.7695827042128,-2284.8973872366428,251.25095618281387,309.31802171346055
2123.3118711434554,-1180.938309489146,185.17528243268305,321.3911144547902
2520.3676998038236,-2381.728842912954,216.59104096035335,317.93936702610756
2629.8248342173883,-2590.1079496087773,8.182791753897707,331.89489051248324
2944.2122408982473,-1155.5494009757927,206.6231884747538,322.141035535078
1968.4347287093904,-2685.946137548398,215.15810671333588,326.10310920955357
2882.874016280062,-1153.3505633768366,-6.782459751950052,333.8453062415572
1630.8027741231697,-2359.963192369307,-13.608717110872867,317.60705812930564
2146.3901921483794,-1907.830918554701,243.96629634563783,332.26788919379874
2960.5537505969005,-2317.0849435381897,172.30383709413871,311.4619734312413
2498.9245432348557,-2189.947825570207,34.13285649083292,328.8775842846431
1093.7627514629899,-1587.3875954108194,106.3789433232962,305.92541616680944
1547.153323104617,-2796.6359630496504,137.90679956793048,318.960714588364
2816.992235276723,-1579.7113152298105,123.64112904185251,327.0424889570308
1772.8882249706294,-2208.46839257576,115.57663340416076,325.4629694681525
1890.4793143585862,-1591.2351665918452,-0.7421952931657714,315.266316197065
1870.6038813687376,-2502.200382882696,103.33493071160943,296.09125449765963
2371.5486190188058,-1219.9095649408114,246.4528910420068,334.45016867058615
1774.774316962877,-2156.8689641583255,45.83230293136594,315.8842297126228
1839.8436563825321,-2109.5875760649724,137.25425874889027,297.72229294849586
1237.7187832848456,-1509.559954502615,218.9972772930808,311.8198181784395
2413.2698778711774,-1229.9843784915208,-2.88239513832497,322.8091420402046
1988.3315634717337,-1581.5029172969855,16.99873607606275,308.73779988267387
1056.673907470749,-2388.1250582625853,44.72807007064024,308.8855307180231
2418.5019963148616,-2554.843648415286,120.31712409911643,337.98198906172877
1515.745071527342,-1655.2279614710662,43.77834809074697,336.5872242931154
2355.8128738533196,-2622.8421291960085,54.67147434959624,333.55659204850963
2965.894063087684,-1265.095862117705,243.21120325691675,297.0659304118277
2757.6413963654823,-2945.9053383345417,122.77531999528759,314.6324428797943
2795.744453848145,-2165.416559679865,202.32208295395532,299.2907077205235
1514.0221716442932,-2697.7335890497657,53.96204554243562,302.74278674339325
2294.246357718538,-1615.6116930859193,185.58074649592,326.6180111696091
1980.8629676832707,-1020.3266309261005,199.30683420767264,296.2687826492192
2541.8153030724216,-2185.4676251012934,140.97876082307255,335.5129613662524
1959.2567682860222,-1090.114668416209,250.48621259972595,297.1505674714145
1605.7548282389398,-2797.1378494532983,211.6442667178797,307.83896938003954
2205.081662568192,-1231.3769774532325,-12.896560283073756,317.8520724982861
2881.203228141656,-1381.5718479711174,178.2905875242852,307.3079280007147
1998.8926370431343,-2120.107066882485,120.51216528334876,333.19273867723996
2300.130048973815,-1298.9984007550802,33.32590218518297,319.95131162511206
1218.0655056666617,-2841.0335222417357,-7.719901845672037,304.3092336241285
1251.891800755746,-1225.0763509878939,42.058609073276635,302.5717420679865
2082.364658266562,-1352.6327983059061,41.04605635839794,328.4421038598407
2781.281876299906,-2341.219677674727,196.54747962594462,300.81258977941496
2574.7238964803337,-1378.829989882915,236.48394191146613,308.98539071344
2961.433385238167,-1378.7502399997275,259.8780269843531,300.60786346492756
2357.077136826958,-1918.6079195303328,103.05201494297762,295.007458687176
2794.960479019123,-2709.7982921419343,183.04258441059693,300.8332668975461
2262.7767326275366,-2338.740563906623,132.47680369665588,322.17563968890664
2102.357700261627,-1667.1816412742369,92.16009486410206,313.40405496163044
2538.840514314793,-1637.3130465833694,198.49454456343187,325.0118043502846
2518.423073198026,-2340.300197364431,203.0736678942498,316.43686040014586
1227.5376424531253,-1512.5715381180557,16.707983214533026,313.2534520187243
2718.497029287326,-2594.799695499424,80.1984152604759,310.2326161745085
2656.2853842059203,-1057.8306153185451,188.83473083146114,310.31357662298745
2040.4442090654925,-2616.150134008739,60.316945679511804,307.5344378428818
1557.6175653721614,-2644.933448131968,157.1470780874685,331.14049040813427
1913.760176521239,-2690.4259656103686,221.38153625725374,326.73792726969066
2161.6132654261537,-1679.9264025525565,38.90329037732112,297.24720210675537
2280.3894180674515,-1772.2511810827607,226.49044370382006,338.2152660627336
1237.0272930363194,-2813.3356912231898,186.23122207263287,308.79829194960917
2427.7452373743886,-2482.745942471387,204.92280516803714,321.7583079161086
1228.330089962342,-1952.124097681057,161.6674780397782,325.06056301229165
1002.0955268135294,-1112.2977888552796,203.8978031166663,309.7831043157183
2247.2415489416157,-2444.508814850202,198.72566762726916,315.5733525427907
1206.2403501550884,-1314.0319129186003,26.193373928566487,299.7558130134968
1766.7425503841707,-2559.66127929056,83.76242499258326,321.20165395645273
2472.8105173960585,-1186.3228559227234,203.52675762592787,300.6417875460162
1104.0526136271308,-2445.1034954600377,156.6798244155313,318.80644510107254
1004.420286363592,-1862.285979724255,45.18054631242971,335.9358197746728
2546.8147871258334,-2691.950519500029,-3.3122315377388,298.6047019108904
1992.9683566730707,-2535.1827483017137,50.17381151719576,300.9683632276315
1455.9919270186901,-2680.7961006310215,80.39962518185743,325.42764722059684
1420.9516810313676,-2332.6825214413784,215.56991995493615,295.1445404529375
2131.6804568661805,-1136.1518261136841,-2.502006277317168,332.3926881769941
2242.6595458923084,-2386.1836264698054,146.82970380363702,333.4226973672254
2175.437174943213,-1987.2827931750392,241.95640989125445,311.4345851424146
2765.1316049983734,-2235.7232042624996,182.03917671319422,313.276600285463
1922.1297354531584,-1194.8889583008163,215.0339007095074,322.6993255193495
2681.7867396650054,-1861.3825103298175,232.07105198881123,304.3850517782535
1058.6655668996948,-2338.041278504279,135.88869461314934,298.78368628158944
1305.5803077669195,-2333.5465860070576,129.0656557828063,314.479643833921
1857.5585595529333,-2696.006239307601,67.61549767799293,310.0611597840631
2900.445934228501,-1330.2305479321758,118.76962714723808,331.5660503697031
2930.7027540252748,-2805.0783786801967,179.7002010046609,312.44606541737744
1565.787088847635,-1576.6284904402848,199.63083577224293,339.1485135227728
2833.2863825599957,-1242.7709835300418,17.91122206149737,308.18308498219216
1489.215342580947,-1322.072458401199,161.89100572480797,333.8518958980032
2197.235513260519,-2218.2439525958016,7.843449790460287,335.3774060306416
1042.499255061638,-2569.8426454926744,221.85816023973138,327.45304385441653
2857.9514177904402,-1384.047268918452,109.00206956662888,336.4843780110742
1715.2861284337441,-2152.505517197623,257.55908714731976,306.353325756777
1660.7887304204755,-1375.0017313488408,21.929510506647354,317.29273960723606
2602.5463954332336,-2247.975523157811,241.37376989498557,313.99986971622354
2484.0958605666247,-2895.1930138429248,6.570249270771523,311.2856888285426
2875.7604368957013,-1345.2186986509544,165.14704128146394,307.92408084241157
2719.5818354919547,-2436.285174109438,247.5501997104356,329.9953917871181
1556.5947093118925,-2803.8410137416386,39.65718799437397,329.19879112602194
2307.623149085216,-2891.1998480092634,192.0450266926755,333.874880831554
1309.2422639244678,-2820.7875709258087,128.78458190679913,330.19294545017067
1766.4605157269941,-1810.1603650673715,103.89754354786076,317.5851064169755
1458.5172830397194,-2174.290349314044,90.56720219014638,295.1421325404035
1128.0840457408715,-2975.670648662197,40.55079021521459,332.8340041045069
2464.9198748996832,-2336.488649118576,200.5614818224182,311.98192664379997
1848.2523564440862,-1257.1385918729718,186.90618941752192,319.99762512157895
1883.6379803819734,-1625.9718640083715,255.47396060896358,324.8960080490647
2527.063946414088,-1970.6475785529929,8.47729174861815,297.1664632086664
1357.3193752776072,-2708.234210822872,97.6535997273611,314.1981289279256
2066.9779796218636,-2440.9650998418356,88.32517543378522,301.9461286591052
1376.577864403445,-1841.3055605566929,96.21221224385246,328.9061190740763
1214.750882821514,-1104.7093697944183,66.85155712834457,308.9451708104089
1198.4742456193367,-2240.9395505043094,242.97074883844994,334.8809124482198
1763.5858761480495,-1319.1384199725453,95.17937696160169,295.34100028040007
1442.3018514701955,-1748.224296780662,-4.17903583756085,328.5896195905965
2960.2326697637845,-2218.1208524658696,250.6147718948967,312.27663169492274
1402.6192948700254,-2100.6329202148245,160.63571473370178,303.8103145027291
1631.153354600794,-1458.4278444568217,-8.7145118473079,315.07871899103577
2072.926874920237,-1333.3832524716038,156.8857112647034,306.6671671169249
2622.2587128938335,-1116.8186837865192,14.138561191832338,339.6279693396834
2625.7379442952424,-2748.3888827588403,152.5538370741488,323.11495992458066
1622.981316228172,-1152.7932437531056,207.82098936561084,306.8871974163136
1132.5521514487234,-2504.9162814257024,199.10968160484782,306.9410323094295
1390.2234107707322,-1780.4806221248903,91.07159572243673,314.93109887253206
2548.8209054524023,-2703.110246204834,241.44000361536132,330.6589577778176
2760.262301261727,-2162.967540768904,146.64001304424187,328.39683892200827
2736.2979694412575,-1549.4497164574827,196.6325590492819,312.4476195366409
1949.280999972957,-2358.1971467405506,51.45664875486969,317.78294960973517
2655.863522649525,-2042.3019239808646,231.09708064332756,302.6104858223558
2538.4993307528784,-1739.7659560586692,57.84289314280748,311.87830270230114
2620.7033203920673,-2740.483937599161,188.51517760628107,337.95346186817505
1134.9600050929241,-2363.4766331668375,244.5414997445289,297.64128707978034
2437.3017430231694,-1390.9657777674252,239.9734612442151,299.9874417501114
1546.827619883872,-1405.4686886020243,152.0654633836619,310.94490328460483
1370.1321643342687,-2927.5345255720063,248.98431005331304,299.1948136299044
1403.9724392971013,-1535.1825189295087,9.288575665054918,338.98256664656134
1982.9347625524474,-2999.5023252837686,61.06216684149855,300.5249349699851
1553.9688244264205,-1652.7670450821884,179.89005562384446,305.39333347522177
2570.5396889996664,-1843.0986264690957,-8.241889212751719,331.8680953889326
2330.396391564561,-2363.246425567366,101.46734411876456,307.91773222763703
1374.4737316996268,-1656.1329615574812,57.942402425659594,303.085413008077
1083.5183070701726,-2518.412884715873,166.07952540648773,322.50590414591665
1651.4091247138933,-1490.6303833700902,15.066587970292392,307.6814288306761
2399.4674218550535,-2381.7772972591397,52.93726328163328,303.74601186737357
2565.7179653437547,-2133.574659724028,57.79832476311,336.46344761781415
1561.3210207146801,-1994.6451598413253,112.04788135131491,325.3472380765663
2717.5165779475874,-1521.256226277056,182.15757456299477,327.8588808338586
2756.0522691713727,-2484.9820454978544,10.963200855342276,332.65479586171006
2686.185030440144,-1204.1495352901607,221.372853398439,323.7750357848688
2415.48965702403,-1643.0785902972382,-6.884715519310239,310.04769785420166
2865.6397861676924,-2076.2455293660882,245.5385132814029,314.4546923164867
1644.8858023879684,-1781.370363055372,65.5740830287667,315.6608003107742
2060.002951518222,-2348.072815100326,225.80819104028808,334.3701807925668
1304.479116128925,-2037.8809340735038,-10.500024665555102,329.0025205790845
1550.5798696717502,-1592.578663846481,219.57299561088084,302.91005449907
1877.6956587307996,-2231.733933350471,191.84682103313696,309.0795168023364
2066.1809999962907,-1048.996365081868,2.896021239408938,326.3156991607959
1688.502205415397,-2923.328974647875,43.512664269697694,296.3871245636643
1026.7367083345184,-1620.327785862041,-0.644872483130932,313.2916846541301
1546.9657057308286,-2109.1175106854325,82.05379327137987,316.1976681892916
2926.8915380834706,-1564.1542631982147,177.4339391178065,312.3439397728297
1698.1656149290518,-2535.673088102616,241.37650613730574,325.1665175176249
1256.022527730932,-2028.3752275565603,192.20706828078988,301.91701651836536
1122.221862432431,-1927.5017636536397,181.44469019134166,332.7153642053087
2462.9844663162357,-1984.4710942436695,243.37195833166265,325.5846255461078
1245.742225117146,-1454.4891231710835,137.20267075014578,339.10931944160984
2791.9727656862588,-1004.9550535094554,32.303594219568026,330.88537394280684
1969.1855204553037,-2843.5754689395167,24.8731543927682,325.2637926878765
2113.5652758117994,-2717.9452547105966,21.356917866117122,335.9801224465242
1010.568354802077,-2637.319363883739,25.034274601791203,304.0765490010988
2897.9739801551473,-1976.079616611589,204.59876794039099,298.8193431901724
1472.6787797779023,-1617.6887829770785,38.52471502438179,318.18383190660217
2432.8864712070836,-2721.8322452331863,37.16803807291031,327.086975131335
2111.845506424117,-2586.2938832703644,-0.45603214041252116,300.1794717078549
1434.507951640369,-2152.438922658933,100.15574930729052,332.66338731985036
2528.9762946102956,-1544.0435054146913,167.1343914275649,325.7263312274368
1627.5593011259812,-1392.9405374141058,208.7144304792668,297.32551158877243
1457.3235951006282,-1992.4777652472744,243.4779534464335,306.0654015563345
2311.5582746803884,-2503.829084912886,38.618124640897605,314.860850125817
2549.976999545863,-2327.3750996761996,157.6159555378633,297.2930140361142
2095.3657234766965,-2190.365046486956,96.64443009371738,339.7913517257953
1126.9564196478786,-1583.5951756741351,87.57883025573621,295.28250564869614
2261.1788842395295,-2842.4140960346112,249.21484992787418,321.16084090715765
1527.3625900821694,-1175.4643629563905,101.34493292315295,328.5021598800222
1319.1954846356898,-2476.8078087588165,33.54860332671302,337.85047537597455
2364.758500380929,-1525.8483114433534,79.80879276980636,321.3267521126273
1353.9150687466213,-2627.4958907611745,112.33575483566953,337.2762913814045
1767.918985128163,-2454.6325086694533,45.15987873783277,301.96536209325063
1346.9078562908292,-1944.0256591501077,114.1112834081166,329.5052514850459
1314.8614843481637,-1850.09170560971,147.24699601748026,322.9602081854024
2929.516110435165,-2504.476835318903,186.55621443945853,300.61154946343163
2228.491957100404,-1523.0976207907984,60.59534668383549,331.2863964469132
2219.69254614732,-2160.193999204526,151.37870090070876,308.399345256487
2478.878536769666,-1692.3698818099442,229.6347983682836,330.1730136874338
2792.2598496018645,-1501.034210170554,57.75762097146213,311.90156645334935
2986.1496626676917,-2856.945248332073,137.46645772764722,325.53095265445756
1500.5022724334358,-1339.9330842893087,51.40680610715437,307.7178520523488
2151.4318484283567,-2404.0197946879903,161.16546477500196,327.3723518315877
1415.7229097374543,-2466.7927643279772,81.86924165876276,315.67920453289855
2482.949157781317,-2914.14056108271,175.69054038490475,338.7232564547644
1924.9785298204101,-1700.0035342850933,250.86289618372916,331.5225979666464
1941.663072135615,-2508.7821518843366,48.80688118139613,337.7327562797599
1985.9797358814499,-2112.6621679819727,166.8973774598464,304.5371070206434
1889.966674838654,-2300.550662149539,162.85697644235026,331.89681216149023
2375.631245236553,-1577.9025622762808,59.776539094863196,321.3169355506844
2260.095880750483,-1183.2288864118425,240.79641713726903,327.255746153633
2363.48343465559,-1686.2809406235879,239.25328679470368,318.200960955758
2758.0467069779916,-2483.2980364825326,179.04993351593487,295.72511057382076
2450.7560320630973,-2119.502082646857,208.1360422812915,315.4327095743951
1628.3675380644136,-2922.3449491211995,-9.068196000853385,315.1271793462087
2186.1450079188216,-1850.8444416064194,190.87535101851023,327.1328850855035
1010.3502360821566,-1199.6688057191677,83.3445358458455,319.7695931776825
1908.611732379347,-2077.8883438565153,128.97001834350948,305.42140747095
1704.4392155865585,-1254.4747228706754,215.08231273869333,338.2169682954394
2429.837453756475,-2840.022798615507,109.94790892134226,309.15410671642167
1084.111003236794,-1141.1974995103421,24.733684809570782,297.2545513488362
2920.0223402399433,-2717.9041562404886,60.42204335229816,314.83572223613066
1599.4436912218437,-1529.2057300510887,78.36386975695922,320.0379793541783
1850.7301317507026,-2910.487603069697,65.52836880949309,336.02224079446023
2878.587556901989,-1283.1739857087935,109.94424995464979,310.8616791828934
2191.5981582336963,-2085.5849597700444,256.92494399675627,339.0856548247321
1426.445458203335,-1234.2301126163773,61.67134379205845,332.5998391713856
1766.2793216261146,-1915.4987719245482,243.5022182067999,335.39497449278343
1101.7526735742233,-2957.847031612272,225.62945732514734,299.0283387682466
1370.6159133511865,-2066.20377030613,82.57658518975529,305.35949273539654
2121.6668147332316,-2576.155985806662,38.70588249893242,330.58871250472833
2072.200266623224,-1786.8012541761698,194.5062592013138,307.40491286843564
1432.4710833773756,-1131.6612495408372,1.881768696881423,336.38005004093714
1448.7825275601172,-2114.925472444806,162.33127216099078,320.0713077721186
2105.0276309581823,-2871.26466702286,43.228890808951824,316.6421591975183
1217.4010670979494,-2742.54033529196,41.30590671874371,330.67485692406166
2126.4915180818552,-1865.2790123070745,171.30609661401726,314.53576825220273
1973.832743630081,-1975.604491675396,202.5028853732954,316.56392428551584
1562.7736639569653,-2312.2188343850767,200.9973655615905,332.75282528373225
2234.7741032679983,-1492.0251260575346,27.916883659192777,330.86146668695727
2381.2711528894642,-1382.8277419105202,225.64384841114094,338.52771632581664
2036.3652233180585,-2164.780532135706,35.68647042993736,320.6868374159777
1912.4284713243119,-1419.453413740209,67.48013413173521,301.716980869287
1291.6269855891462,-2298.434284312302,174.77083078226553,338.22985623626926
1986.631649335036,-1334.4326683482093,11.512636990960537,320.7816735786275
2228.866653358828,-1105.8110709154616,61.48487858045819,298.3738896563976
1328.0240332009073,-2572.6896821603395,228.17343694690604,330.11100275016474
2158.7673282427577,-1470.6481850331807,170.28459131576935,308.85394799429935
2668.062474892601,-2108.544680269722,257.60607505268274,298.9932993746791
1475.2213008142758,-1071.2777412596083,207.11612834632166,327.7459922502313
1260.0506928952557,-1248.8167157980997,229.98730056325576,302.3656852963027
2480.912931421259,-1013.4118631928714,214.47805739908193,295.6412602728703
2523.334841959124,-2535.970240522805,52.69129896158768,297.4088622620494
2856.303486854075,-1561.33111333793,249.82153541399896,310.1327470880101
1152.5087491490178,-1454.405878015499,147.72765730800072,305.35018880043935
2563.9241204678615,-1144.6179699641266,48.795378296889844,303.06393664378106
2439.077153720139,-2269.901189016436,10.073880333199273,323.75049609231166
2565.332577528644,-2262.560010123911,191.07955365348806,310.24117554646006
2633.6585588984294,-2966.4895836691708,85.36162977635504,313.38682965309
2602.8015968385907,-1463.7279848248381,211.6221518720883,308.66581926897294
2577.8748901585996,-2248.952485573028,44.5049086750829,338.5561954679021
2864.4698310894887,-1909.8950362143873,120.36702720729494,307.9438990469536
1273.5271089628566,-1642.507345177512,165.61298887258897,333.14389519715655
2580.4466876543693,-1054.2018430022,118.70794715794884,317.87994206706156
1661.6674706044737,-2814.7851210020463,247.63999187127382,318.33940074972986
1960.718582532091,-1229.26636973971,47.3151170019508,326.94210378010797
1321.993137370379,-2430.9898969105925,8.852707133383248,301.25262527668434
2989.416160392442,-2230.594817667953,126.76676092011456,332.9242876935019
1102.5133352890373,-1875.9410825205414,127.09708367038482,331.25904457969835
1736.0048501240342,-1402.2690474617816,248.24228461701415,303.3654241420158
1683.0276210950638,-1015.5373101603932,209.45000379723052,311.9736092551669
1199.8826653441663,-1446.7367055708696,157.0174427210376,335.73989002061546
1494.6390106374486,-1215.1918776343084,181.30518910329133,303.3057222727862
1887.963681333808,-2692.810651250771,74.16296815580974,327.7682498932219
2756.409127014253,-1546.5305542850544,117.70933332739139,332.8508898131559
1175.521491786362,-2869.186182022358,1.4477593471941752,298.7574779394081
1072.3112326057883,-2286.321908719394,112.22981393906407,318.4609035551347
1534.081856293437,-1455.7720129624797,-1.4996249003391586,305.3910194151716
1955.7482490565783,-1244.9316087770817,30.835087631724797,314.19706865208536
1717.9933748373417,-1010.8766865767734,216.79100999783094,332.16485127314047
2213.833721349787,-2789.9767824928285,35.79721892110872,301.9860310792259
1947.76416896899,-1514.010117832061,99.09246282115129,300.29022315697523
1378.2019380976894,-2822.378162111154,181.27486629666123,324.395163006447
2400.7603138386357,-2624.1657291851443,11.267242676310019,329.48796538622105
1659.2683036304888,-2190.329113015766,63.202660227554276,310.22540528127445
2024.6829599749815,-1538.1658954902366,254.20859863542364,339.15346581231506
1043.2204581503613,-1126.4826837577127,30.6185005279497,301.314167524396
2615.9289271689227,-1290.173383548858,210.4188255564963,327.0085889217885
2237.3966831881476,-2307.101803524567,15.617651540447195,307.92484043490293
2441.6503446741845,-2648.8571417466956,101.5167026297488,337.05825385173733
1550.8048437878983,-2769.488342071721,178.62022304899588,338.7170832492385
1549.244463819371,-1887.245433040883,19.077323111362546,312.54997694038786
1984.862488469635,-1973.1237640695647,2.040590892473073,321.11179539796046
1403.264532268538,-1473.9302387393031,-1.811084377970598,303.6733795477597
1294.5979845531722,-1820.4288691367542,254.91045475609877,324.3838266721883
2532.640464952082,-2243.024164824139,93.5329511427534,302.7685323523835
2330.5842754088817,-1018.6600454904992,-3.894566597979342,327.49770817358757
1350.066468232421,-2091.9024863832974,208.08531342006827,326.0034496672146
2266.8957252783184,-1459.5032747071923,69.78368257202226,330.8592434551636
2967.3185691322597,-2940.0794758224715,54.347153449205365,339.40584001276466
1725.943632904453,-1013.8682723104785,243.1969383530789,316.8536122473771
2247.3815206495747,-2136.0399991555,122.97059799712906,317.2605477831266
1357.0747531128816,-2807.0371681010174,98.11863775862182,313.68164477673145
2669.1138411885076,-2303.6121967647205,133.50893670680924,307.7380413182326
2362.361725907786,-1234.1907896188775,51.5192527554309,327.26804168316323
2547.823481310169,-1741.3976898423234,148.61137574186398,296.3510165861742
2092.2348904990986,-1188.3837083751905,151.28680047075463,305.1483805905726
1558.5394158240751,-1175.4084514006681,187.48525724876558,317.5782478162412
1865.7168467484541,-2437.2379955270767,39.776703319315104,310.7185150619213
1891.8868798991152,-2870.797124431161,259.9390939832605,331.3931431339333
1201.5569023830399,-1812.0791503532332,192.51754063251994,320.19976098672953
1332.129909636432,-1554.2894200264304,253.03641578292468,315.58912360107223
1489.0877159460763,-1559.3285072338822,0.7311604454226153,327.96351611943425
1346.3284593901874,-2721.9122259938313,161.4445994026201,312.1581795187693
1473.103100655917,-1048.0039876983396,168.3678749273257,305.41195668443964
1512.9940258737497,-2181.773261788969,85.6365973791758,304.0715432178362
2412.8433550352192,-1227.0470361954256,186.9680873635332,301.7557150187693
2937.702656697213,-2392.029400964634,242.10241568028385,325.8074512873756
1184.7641372069759,-2650.775025602355,49.01388937173036,333.7176876312991
1996.5373416351763,-2209.4171297187986,165.26389175733212,327.23234501319416
1870.657628133407,-2742.8758896464196,-1.3183959225051165,297.4871112179092
1957.2466861174194,-1207.2919201440293,97.75254494035842,318.8345181229033
2135.0437917428076,-1749.8474796311182,162.21284113477046,327.38054301833546
1289.8758174887241,-2968.050123591919,228.691470731149,326.6773068800463
2179.5686586259935,-2563.2120080410227,100.58548907430716,312.08304547602654
2048.6276787293345,-2560.7269308945715,102.61904122741244,305.2556680004436
2799.420357976137,-2833.689015069243,193.08240031722232,297.9656994340068
1403.069365855895,-2676.4716683601237,234.68230037551956,300.7378188316011
1782.5241883818633,-1687.4648656406503,167.23366973436316,317.87467542432444
2657.335164877342,-1168.3019446934466,188.97231604690583,300.80915804538387
1179.5462706676874,-2298.142730216108,138.15999456100937,324.03371025344666
1039.8571648743189,-2773.330218985553,76.02541154399495,321.6998990097962
2821.784888913042,-2957.8626403000653,241.36687144278875,305.8202290794828
1090.880806974784,-1918.128204732804,112.38523885889428,324.34211273473744
1867.8798616257432,-2001.4362462403303,73.88467051562293,318.3984280232032
1512.9918885217228,-1201.1753832758275,80.89944371374763,318.59364088609726
2626.5092646565304,-1017.1587023715642,127.280979397224,317.3761621913668
1215.4499984406239,-2292.465880737594,208.3784458591713,306.0827748882781
1678.4830620035718,-2089.9676945487568,18.462749885219445,306.10077959600375
1650.6212804495713,-1425.673113605644,216.0615910047265,307.63815364044785
2384.9936230365215,-1173.8750244314435,14.743405715832075,327.09255333901683
2536.9852559049395,-2569.504892290185,239.8160473437274,312.91560821638114
2385.559773099984,-1118.4312444389784,248.08757478794098,335.5320193415368
1526.9319256076178,-1225.050328514838,135.2549480063503,325.3812556033115
1028.7489880493372,-2287.2167246303725,112.92478587119625,321.7410231618285
1177.0449974462479,-2336.781423586203,162.75505881012515,296.3093942742739
1644.8585001477045,-2995.1290760841607,92.18754983696812,315.91533230133496
1119.14365168209,-1874.3890092868733,-2.7462525746136066,336.3935189336701
2081.831331897516,-1206.9755663535423,151.82897201744922,333.5986649874531
2329.866554865615,-2129.269711564284,18.294266817507015,321.82784365677475
2612.9051416344237,-2001.4365729164936,236.74943502365542,318.7358687637107
1060.9089102119092,-2149.9512771312748,136.85502174012592,338.6001515780339
1477.847565734549,-2991.3195955287238,13.989424121900328,337.041806417299
2233.339815899962,-2726.0062522040107,123.12550842234009,310.08801980597576
2192.358026882612,-2406.5541499198653,-5.0311770279322605,338.65019863193083
2654.8183548606944,-1567.0224168858022,26.329210703782046,334.24917231449336
2589.685842731439,-2383.5724481840143,3.374357765368483,320.217119086558
1140.1621457620834,-2628.5088750664286,90.19725477447379,315.9177165341672
2960.994578677598,-1037.2815096835532,144.61584649096758,297.0781331066588
2967.3804861788167,-2176.4126864928962,228.8273009456219,304.3034793825864
2011.8778969548184,-1446.885841604769,232.3113677927694,324.821536269962
2802.5546649263215,-2366.64000565716,206.22692685518683,338.8256051062502
2037.8732888783516,-2459.513927621496,130.7262258303837,295.7185632784004
1766.7759847907078,-2342.2576880986426,116.65728396380067,338.1527231074315
2246.758002895245,-1071.3470969950683,113.92640182140016,321.9000889700278
2808.3017499392017,-1984.2380831954488,106.78911631510508,335.9510010483922
1266.270228311966,-1212.757013124782,17.95211729875011,301.6128309021558
2911.835784049449,-2082.8718350320614,33.30516336011909,312.95069459053576
1379.6079364283228,-1317.8940331236834,120.03823480507981,301.4164667583252
1899.9739933481512,-2196.6424388852765,129.114497915477,325.82779034940916
2571.0961894425436,-2763.920761072396,69.07330662751316,310.88167214643715
2824.3805533582326,-1818.5795659440262,-2.2655094718235915,316.81581998814994
2441.391317312687,-2236.071782056951,88.12450849695486,325.727709148649
1403.1223892462087,-1770.2467240200197,158.10727122644866,304.5296448111833
1704.9977410945844,-1797.2787069475762,43.23363450345821,298.7672415868034
1569.8495717409032,-1137.069513600655,87.09965077694922,323.0101753001753
2804.0601990126715,-1976.2451533311787,85.63717883486387,299.2762241135771
1444.559654354806,-1432.436214692337,111.00637706786692,299.2146280181101
1648.9487370872612,-1186.5534289318666,100.29826663198989,306.66622818330586
1514.742898347335,-2275.912446713032,148.22520720644164,329.94620780045176
2690.653598426944,-1668.290371377964,106.89042471447853,299.9601875177795
2162.147694410448,-2128.8302231042817,221.370545559987,330.7542800359613
1488.7222627038786,-2735.2884669118957,149.1367466955192,337.48209511205613
1375.0517881274664,-1680.40575537758,79.55960412366417,324.0173649048871
1093.9961944663714,-1865.5601713525134,166.21119707426533,338.21468952454813
1730.5842766092894,-1051.5153050739907,50.10650225094004,295.6458491697173
1219.5996103671189,-2731.6769986037366,96.21652894662273,335.34441838187377
2777.487808089875,-2716.7078118928825,228.12462493391521,332.4348104402569
2973.7599464084205,-2853.962489543141,211.7564659442729,298.4407010725008
2246.436346164969,-1128.561088635202,133.79173643494175,315.707382913652
1175.9960798553425,-2872.19100871503,64.41466999273452,311.1200270512029
2841.999354858369,-2101.4542218026854,119.0400873091898,308.2113756762438
1187.1893461106565,-1865.7365761145486,4.657384526422412,312.7741277528397
1633.3371775255396,-1722.4969536863678,122.6629167072482,302.01371860489616
1104.3084914862934,-1244.8786971510483,227.13821397602266,319.79737742592624
2657.1402358725236,-1682.81700355705,9.537096242105822,319.44817147941876
2951.0499655289705,-2091.6028745119474,25.461754102825253,331.2274313077685
1108.3845602030838,-1499.2975448656775,23.63302269080547,323.2103345981395
1817.0288329723137,-1176.9489973443515,162.58087344213237,333.9714414698925
2513.380438206231,-1828.3957716033055,87.99666175574484,332.41719824103524
1091.5473355992872,-2375.46208119196,53.91200201360181,319.56008822407705
2356.408848759204,-2935.2322012981854,97.10114127011202,321.98986182415945
2409.76296848573,-2603.842815629605,140.6970568973779,305.1889415268211
1538.6154725383224,-1233.3795268256088,57.825805044917644,316.9654034262106
1280.6233177014421,-1586.36273773956,190.93497368406415,338.04986354183256
2175.738290207395,-1348.5836257650399,44.18648625529822,324.51527229231823
1319.8241654433402,-2233.8599283769536,29.171205586407567,307.90487417812693
2662.197145929824,-2906.7052269860633,191.11351641697982,312.71788795027663
2955.3770480876515,-1012.4569526780031,-2.801515838945992,311.2317026303631
1588.760386753234,-1821.7512161216287,93.0442459561454,328.31987588001033
1036.1556791279058,-2020.1629636511764,173.67147020293692,321.345315766372
2776.054510554676,-1022.7359270615887,86.2408780597067,331.3870310642533
1683.0526672422857,-2152.6000394353364,161.4796190048403,319.4280424511616
2606.494166955251,-1749.4135264820015,32.681289515711086,303.1429921852085
2168.3932577598534,-1585.5147145429228,-6.400255233948178,339.1983320516341
1057.4810403004228,-1557.7676531830473,158.49000131299877,306.4465827594477
1506.2777640982063,-2349.6484809895064,33.87356830869752,322.9706775607782
1727.923557773219,-2525.286925680212,178.80038686993726,319.253971808423
1602.8436747495452,-1249.334383049435,152.26753142420236,298.92370998536904
1582.550949386187,-1174.9763975389853,258.04690271163497,313.04552648841235
1700.8016114365607,-1670.4133131536591,86.28087337274798,327.3216385528433
1124.5407099638928,-2975.477876102529,230.89603371759074,316.54095955443063
2562.2276690845865,-2766.306103299926,93.85646956156114,334.07937534417806
2963.4718612782463,-1095.2761338712755,29.053775591824234,295.736365968673
2882.459352903977,-2815.161905345013,140.06096749784754,306.5249518932327
1565.3951096028043,-2924.82415467532,106.44937812325627,311.40008939373763
2195.8111471907896,-1899.222555213735,160.98496318183302,308.1604602535523
1576.6411081581618,-2401.2202349178897,213.40496734895999,314.1209688536836
2109.0703244209626,-1902.5754193715761,138.25956514840672,334.8905456470653
2070.3254972983395,-2766.8276393198394,101.79870350896421,319.2578205948992
2640.902758059946,-2757.0143339998767,51.22330114372777,333.8999600702241
2426.458573898559,-1708.8733829404798,138.17527634547122,303.4018452638022
1071.0586750532354,-2726.0349008161957,73.97622165769359,326.11882242307075
2701.2156240487802,-1813.8274788653036,53.9003041507038,311.18381564373817
2817.7960150764675,-1609.6629398527723,237.9549092299916,305.52190955819935
1064.5301557454222,-2571.0228782148492,258.5564882075048,299.69736798848317
1903.537781082719,-2195.245982641887,151.3503634175788,295.41520593705565
1970.7290171746274,-2732.570169128557,197.33823143475365,303.8560266006423
2510.2235104324627,-2455.599823866599,167.92316265164482,323.94916320958686
2961.244240036758,-1151.7011203517932,167.00664763498546,313.0272393816871
2138.2147182712306,-2449.2533734352264,27.87020103242171,329.4048665470822
2539.8707735644784,-2260.018029531955,229.6125619750776,309.73612449095106
2887.942916877448,-1145.5453219238516,252.92828373600048,297.27033158318153
1239.6325427723425,-2411.674084386623,143.78427037295856,307.47766541786564
2577.2396574101895,-2619.538720145799,198.64873806844335,304.0737296909266
1769.9865842092402,-2346.3126184268153,-13.774897329249168,296.819189925625
1407.4092600141983,-2410.1627799498674,37.61882681933496,314.3544110037399
2348.511959894815,-1560.0671699327759,-1.4642338017242835,326.60783281340366
2107.884049777451,-2039.6046770321882,68.72056555362231,298.8783244272059
2650.797348640542,-2006.234770709854,78.9232722480591,315.59909466181966
1425.6828264270694,-2179.8563487067822,30.922299525276323,321.2422254189133
1526.7863170476496,-1925.8694145581303,214.83217963821394,338.8302585968303
2686.5294485860154,-2767.839787477202,-5.327875678141989,328.3393522917986
1707.4066109660457,-2981.769904460954,203.9443381673854,317.68747889464805
2016.733574466153,-1844.6924655897806,2.1847716925508784,315.288040477218
2383.8453465638004,-1244.7190609579166,139.07064869472438,301.8570403222664
1500.8097122570744,-1078.8259783238025,47.46171262719667,318.50325178296004
1813.3845525354748,-2652.155778408954,175.56984858664367,320.2509879224867
2097.8174578276526,-1942.223507270501,250.05840123154934,299.50761058390606
1840.7290349128662,-1697.7543712170993,115.07730575368922,303.82522553448257
2435.587002409073,-1922.3768762471775,189.46867578141124,323.2831177576477
2941.654232670073,-2873.1520732229937,114.76271056118227,306.67573709121956
2569.9992672845597,-2766.7402347067855,147.08926764869065,324.06207144952754
2334.43550357183,-1529.6602274566164,0.8232649389483786,306.8908568114643
2727.281421097461,-1367.994177721782,-2.892416824389949,333.5641462213569
2601.1897598213604,-2029.4347180274176,54.4891772747056,301.29855732692346
1509.2124433122062,-2470.1272067031778,193.06259327615842,313.3266683978387
1790.0182219484125,-1585.9071285011878,138.54772445452778,308.8982951187833
2930.6753824339958,-2189.976761074128,240.55987479286551,329.06582973059886
1528.407329501459,-1435.1828662425519,24.86735114441337,325.06577208730965
2943.8235705569778,-2590.1731503221044,247.82912112886294,338.9780739991609
1427.5735504971854,-2063.203452137928,107.86239996210925,305.7035678354659
2552.8964260471444,-1779.5803520972836,93.93375397844119,320.02286360723684
1796.5889497422072,-1133.4160766566215,11.007811302257913,332.34705840110144
2499.5154553270477,-2796.7135364202964,243.52888781561575,302.9335424902746
1462.9234702741517,-2583.607695688487,81.7278127609337,295.0200719552131
2864.6719582249343,-2612.6402122681293,194.37971107156181,316.1514547925379
1903.4884871040967,-2905.1469688854813,219.21571091286097,315.1290758939355
2945.9165030335503,-2747.197804476155,-7.776865693529265,336.04915318075325
1199.514116006006,-1146.957685710932,88.96206950986041,338.44510924882036
2762.391698084947,-2585.5795273735303,146.82796610003288,305.8590918399313
2180.1980530174023,-2482.853538160076,220.31321162075938,312.9273593165676
1576.9721478603387,-1964.5610478453061,45.237104490963695,300.36318848867575
2627.314648831768,-1517.726167689048,58.44800792408934,327.3132487329174
2736.363006865193,-2451.157919253084,53.85572957885425,330.8519761029012
1413.2850172485485,-1375.1734812367,19.18028582690986,331.9176346078732
1102.2470827087677,-2151.501522419116,160.12048781848313,310.9305419665398
1947.2687246418084,-1055.47623908024,221.03044813564355,309.13536658077663
2575.5191052529076,-1827.06267816481,238.05869427650762,326.7633912595261
1125.9439663997944,-2276.3772898631746,181.13722831357373,295.0222171267311
2268.134637210871,-2013.9323084453563,237.95815278440728,334.25010790415917
2720.6896179698624,-2131.574214552144,208.23182633123326,338.3647140902666
2891.1951445507766,-2806.6394300935362,59.30478511824377,316.26139208602876
1966.8554926123957,-1374.9601256645021,62.09099575737281,334.7105721585844
1648.9437078098958,-1101.2213832913658,27.169882309338902,306.53843886933385
2306.9896534663026,-2029.8941112752536,165.53685560096454,295.55279128247594
2770.8652271758197,-1907.3158483968682,164.2841946319446,298.7134580553207
2923.497712781572,-2703.9146205145616,125.69163953578749,322.8455505995663
1905.2423448880054,-1174.0186805870746,20.45792716856166,321.2359375235765
1424.7509750283857,-1084.1057520581262,145.44317136737524,295.1035162787411
2748.1145462534128,-1644.4819358379925,58.001443242138265,311.6238899864686
2225.9120498548555,-2521.997814362107,-9.664477910856093,322.6320583960602
1587.449356462434,-2201.906502094293,81.34343483420112,329.67577050999637
2832.8889065258863,-1839.839373476388,-9.77919724021189,338.5444839543596
1262.86739204573,-1352.2951200025398,124.35407929478828,305.19562070542804
2575.469280161039,-2195.12353300505,176.56102916113397,332.9540335051905
1810.7665980560187,-1223.9005951102256,73.09288268506974,327.8259871834868
1575.2053572880059,-2279.0961778214737,29.948139069167254,339.14045423390087
2374.5015501712373,-1872.509296042269,26.780876873809177,323.35975532046245
1498.4563235427518,-1404.0527480048174,189.34169342922442,301.78038185961645
1769.542403364348,-1081.4302907401861,72.32806380542556,305.44610984542766
1371.116962290816,-1105.1913071578663,-9.802153525838122,336.74886898936677
1873.1833453955667,-2425.710563411167,105.98090366924596,316.96018098214813
2863.1186103675655,-1787.1204880792206,167.23494148787168,306.6425694566515
1774.502982506442,-1144.8061684785016,248.42683974433686,297.18325022829293
1329.8724788050195,-1133.6026314765454,106.36136878614535,300.4097723268739
1824.1557579652354,-1103.0626059926394,165.20300709355914,306.3482926916058
2133.5414350143283,-2499.5198144372257,38.82156051156578,328.91649436571606
2079.0534377444633,-1382.3129667132391,221.08471896059797,298.1100918186248
2670.0784567113506,-2830.8848829211593,112.63605576873441,338.98878375257624
2971.3158745285073,-2855.615881014981,38.213363486017414,309.1622948262275
1263.998939495387,-2115.8919193624224,218.0945628799287,302.2420666448147
1570.0829993966395,-2333.8903684116326,7.29879423566782,332.00197710486157
2759.2557500991525,-1760.8234691041075,46.14217326676136,322.5752647510454
1094.22427653716,-1757.3042258464645,70.59579953044917,314.97829848788524
2717.162226612247,-2015.7177594296613,65.0072344933358,307.8858693067522
1874.3390679488762,-2247.3786652265944,74.56235403227284,330.30258487625247
1453.2001763278613,-2945.002448088826,16.366083309424724,296.83524794990393
2484.1073887789526,-2696.9542040896863,249.678561833012,324.93177982633495
1481.2344185440058,-2231.779779935832,53.93090049787334,308.3036364858323
2209.5177110326476,-1610.8442144952382,48.9842519556781,310.44683068383904
1104.7293636131035,-1735.6919314579604,145.90528332284921,333.280465571489
2359.4742772167297,-2828.0026514784454,207.41241042558303,302.6333888699461
2262.8887982012247,-2956.4402844922265,211.76635882216073,302.55302389099484
2061.693893198286,-1387.9327910859233,94.37380964791268,295.6051245626908
1722.7306509029079,-2720.591819756802,103.25853046434307,300.85123536757766
1574.2163902553514,-1146.5543205566903,149.00567052746464,312.42660526168794
1209.8151179486993,-1225.1998884790569,115.68165673821099,336.97153519406595
2207.18563575117,-2653.760434134892,92.15958359719303,339.6840505849591
2294.1246907078753,-1653.9150012666837,105.2107208657357,334.9825788740446
2152.4485057912416,-2316.9679390877095,182.18029299796402,303.6867252181959
1801.6416160843041,-2579.219989285886,24.465061016173202,306.3781278282779
1318.26852394326,-2063.0844070303137,44.56873745964866,320.5114233708177
2057.120689913788,-2896.651363569642,128.9375266986009,338.9924550297038
1757.1773684003356,-1323.9968980284966,10.923908995062583,321.9296624691636
1100.551897978533,-1142.7356315966513,20.682591575196994,331.52316443707105
2518.883663960826,-1620.4643070399625,132.62112018545383,313.268067508128
1546.9504702977615,-2624.8130811373585,155.34627238777045,316.9049524394296
2808.394566747763,-1702.7144690047005,193.8261526855507,326.95715673365635
1211.3015069552714,-2628.6950281607405,242.79460815751014,328.7546490793237
2940.5414069731773,-1558.1224074575762,57.592931898472614,313.53724454216336
2080.4833048276896,-2643.2574009241876,92.91288585157497,324.72310273237724
1409.5071308571514,-1221.919594174439,61.21403854802371,296.5044782503592
2484.0306641135885,-2228.790082898432,36.58527214113788,326.95056955233883
2588.445655249691,-2260.2486349541387,-4.654210827141656,314.07102231478126
1829.089372790013,-1179.157970250789,119.10352579336265,310.43486251296827
1992.9721228184235,-2869.9032868764784,110.10791346341475,327.3630145456468
1628.8461051561071,-1530.320341336365,218.37926750506244,305.45541086942677
1986.684995573322,-1765.3301196560576,35.87717153375714,310.6411511370638
2039.9144445974962,-1966.209430881693,22.11289901124985,335.2507769003847
1542.5040033461373,-1200.574860210108,6.510486624319611,312.14158895610103
1521.4889012373355,-2625.322977017923,165.9688903222747,333.0970584354085
1730.765280445001,-2046.1800128767607,193.7198863657302,327.8571176767303
2172.8340727156783,-1609.9312163937464,119.69428379152149,301.4366568105366
2906.8142503008958,-2689.8082012579944,258.5273621162471,325.3545119034318
1841.7256137707145,-2119.7938702724823,80.87596628216095,296.1147396980074
1440.3522080934588,-1817.4875381078627,116.02370190047881,332.7975027215103
1125.132710967916,-2458.2170783121855,181.08076224119753,337.0386288130787
2458.5974081599443,-1874.961833408777,13.221876362716696,321.68268268044426
2601.5108611090377,-2863.6852521377014,69.15848143968756,308.5359291210247
2971.1357255303565,-2866.40458553834,52.86145192159961,312.7384223869714
1894.547328338045,-1394.3769296777455,88.77387763930288,330.7499361356671
2232.2791158317395,-2945.119811578962,252.7698149105994,301.2103498686245
2156.518652209779,-1817.6442056939372,21.01189243372631,322.30938966870104
2327.254278081547,-1594.5948448109596,135.48950489064805,314.814469371951
1960.3430526193702,-1868.268507109187,226.62062242804137,313.41772072762365
2799.3352655301624,-1891.4129743716346,154.8858629375841,306.51046011138305
2400.2569819623523,-1521.7579389650862,240.87911106276096,310.33006281738335
1068.7217978467913,-2428.6530353717408,236.52225441622954,298.01114159609347
2748.3252429761496,-2012.9230270018943,99.90273804982489,331.77656390487573
2613.009173784402,-1371.489794110687,203.0890704200016,317.5199959238379
2980.0604639456838,-1603.8916323316907,240.66823059652455,299.9761453161437
1121.069342814907,-1289.342469709528,178.45738997992413,311.8545863579951
2263.6541292051165,-1250.8289269702595,162.59029550225608,326.14982024963393
1382.0214676181909,-2586.6846668567264,250.84240248296504,314.4353306175477
1503.3651262440653,-2141.34944259207,39.484578864700936,309.4463199080357
1709.8617082063497,-2306.7558868534766,84.7822360191235,328.96226476367826
1567.9763648097637,-2211.8482429144833,224.06765092527502,336.42291273092405
2020.429513428749,-1376.4330861191345,200.97423993903317,304.4918526258447
1578.9473916687207,-2091.9835301006933,137.42603253857067,297.38502910479326
1454.9949540009031,-2969.864646056338,-7.40806932832929,310.8285029451199
1548.171954382321,-2302.2746525108178,223.73001477103963,300.78403400189296
2421.1633285950525,-1066.0648299522002,51.280805962185894,302.3650610398986
2711.6060130936967,-2411.6632766561147,3.529585052213946,328.35648632175844
2060.8536273948785,-1129.0769437954298,257.1919152901356,315.40074309233194
1082.8623063914345,-2176.268662345826,85.52185603824614,320.78363353462936
2193.117206820609,-1886.1501202161505,250.05330078360703,324.53067238045867
2415.537406130081,-1922.7078539177378,10.858203318889771,320.5217145708265
1315.1198845379367,-1746.6942129832285,223.0225847892482,303.9803909383622
2390.7168358384706,-2728.1581152670383,102.89571746897586,298.5873275814153
2820.1797002819794,-2066.443264551032,91.7032905754387,303.9199866531018
1412.885415048414,-1576.7672989774042,257.8566935855043,299.2416810979666
1474.6896173361129,-1415.33672619882,112.80604098113446,317.2738842221562
1243.9926976889085,-2363.0240101392737,80.4893203768944,334.2455364771731
2485.937818339132,-1253.6663149489975,38.02338508130428,336.3043054770382
2699.0656379374736,-1208.50203713839,208.31594067385345,326.8598708474412
2546.1438587316397,-2919.4558977574634,183.8457266263224,304.3753030624385
2273.1507168189682,-2782.334380144436,218.1053781082937,334.64394710926456
1275.519609857654,-2450.6494395368145,138.2652363068782,316.71278732712494
2376.5601082455623,-2872.1618606123848,3.673775359067175,336.36743138627406
2134.548570647411,-2447.14251343632,56.66317280350354,320.46830217932734
1280.8570535991794,-1429.2768833699506,233.1775268395187,295.52209214856754
1246.2977812032275,-1671.9914429428031,86.29106448330597,308.4411864954352
1311.4900866705357,-1297.5114832001375,88.51178418165475,327.6936161821426
1415.7984326730784,-1694.964435195221,214.4816786250623,312.66093541323545
1619.715677495602,-2750.880291763532,252.67044051146672,323.2736492041155
2861.3902649537113,-1239.094813691068,54.19893498887015,337.03423275220774
1175.492102617426,-1740.8827521904655,23.354398597764025,330.42876677029375
1650.478839589641,-2072.3416687908834,76.26654120286018,308.47189917838693
1253.0489896081976,-1060.5371949071673,-4.17257221163303,338.7972621034523
1824.937528908314,-2892.4748544278664,128.19541836900578,314.8257554610537
1751.022750312588,-2933.9054113795373,96.75894538423411,301.0613434860021
2274.6328556870358,-2709.7153516911103,184.09588238209727,297.79660553036746
1230.8871073693783,-1820.9686522042098,239.57098545167923,331.5721922348531
2232.586538917615,-1850.3522356361618,80.63026044917879,325.02604029608045
2038.404037841916,-1356.0700875968057,31.268896516635934,333.5732424269866
1949.9848391094129,-2152.1123678645026,131.48488118029672,327.21198346518
1819.8198049988982,-1680.1582268373631,124.55254007381939,315.85934207232765
1951.1551433144646,-1224.800889024721,160.0838266120932,295.1957021114269
2540.816192732823,-2592.177885755451,85.79770486047678,313.8514729298448
2605.896114950964,-2235.182011512428,258.13009469493096,334.00192265426836
2385.9672007807444,-2233.981796280733,217.2073739984789,301.96074922800034
1762.920504006384,-2423.3579144062105,202.84634189099305,330.33663488046886
1999.9760104346497,-2636.156956989721,172.52038074462956,325.20962436563764
2910.74154665662,-1730.6801131885204,61.14373904961505,326.5070282441916
1210.8165348301288,-2547.6089477368105,225.40725707701017,315.5424421961717
1991.0512625447163,-1196.7218470571338,8.365889730245208,327.2099363598689
2297.0483386836113,-1370.2085235200714,66.64917493050007,308.4022712211635
2828.2450690114456,-1810.6056018239985,33.25628623511315,295.26351473497317
1213.799058720549,-1114.1715760806294,217.81163143345654,318.5163142120358
2146.4536878937997,-2150.112545295466,204.7060203048846,308.6618717814391
2105.874059170759,-1141.4578766143113,225.0533012516247,325.81852389134
2997.774068448101,-1987.4749367527527,64.16250327419019,317.6737894555433
1494.2459964214445,-2452.8874052962356,109.7702899831798,337.0976471514052
2042.3395071583955,-1944.1684787895394,207.75137822491723,295.3482118093218
2985.075373506632,-1385.6491345872928,146.73297590609096,307.473161518784
1728.013536323816,-2638.372619984792,83.15041780593927,316.56578582758993
2196.1789075156585,-2564.04708218053,6.558460192545194,332.4629473077307
1037.1017619930255,-1463.872629141119,-11.288918489394243,311.05390697651416
1286.7377113151438,-2205.9279345251366,216.10936209717963,302.8214260792546
2458.1981609975865,-2731.7767097987603,259.13102747970487,306.321240704053
2516.447259867748,-2777.2086035488587,163.69862841149921,300.7153749224363
1052.0595696830294,-2177.0067576770107,103.07260882443813,335.9519955301366
2317.9116771904864,-1191.8599004307603,135.30294996147674,329.44322644876496
2035.9895887627745,-2925.2504074427106,-13.212563400911662,305.5942423824105
1569.210673877053,-2527.9520822410395,224.42272570030144,299.95767957929894
1280.821413649017,-1093.9395747721258,15.493922727756704,320.0124697976018
1556.4764508332892,-2463.2501871720547,206.12833236693908,327.3169260210882
1230.8141811999103,-1103.1626966167216,53.9546829513493,296.89014824842894
1524.70910010428,-1251.059714074954,14.105897806077618,336.0365666273082
2624.200517663605,-2466.511012868025,61.774010421499185,308.3084207700345
2602.8440596623977,-1524.0935745364025,118.96862155425285,318.83525704490006
1288.6633821236637,-1322.6546123543237,119.60711647156577,326.90787582838107
1117.7242170071675,-2145.7516571703636,98.94336311145109,327.9857270129178
2991.7950905809985,-1565.852550136827,124.21623270216483,324.8324398662764
1807.0008377153881,-1203.8379685847449,140.59239195922552,308.13236783650945
2054.776260673691,-1694.2785953499972,-6.762416591860799,319.4625020182739
2829.701343792282,-2710.0001628531586,255.3819138117094,335.9844997403749
2267.7493221633868,-2517.588975641244,249.03289578695615,314.72722494895714
1508.2523152051474,-1651.5670726925948,91.2829563204878,311.4890493142457
1270.9413420269411,-2635.5425130060707,18.06804431600124,297.114177135315
2848.2272052866383,-2784.5296469150735,-14.989381922049269,318.25348426771643
2332.078895236269,-2343.4787945170565,138.6332754168943,308.83367228919684
2034.74343224373,-1717.2417750249108,41.78592204955021,298.22795005898683
1203.9804900984366,-2622.203256854902,116.27586868131192,333.7801956787443
2067.32202546771,-2911.9373766072713,182.66195681928787,306.8080755333479
1935.6738110517615,-2902.226293502634,68.68918574640247,320.3326997597424
2112.2649565004986,-1272.7809518812041,-8.566714181404645,309.3297797170367
1088.6258462691846,-1154.106960409537,124.16190814318503,309.1113077380463
1464.1273426425078,-2067.347784477664,165.7997358793402,299.5026689693623
2717.495453431256,-2086.563748808807,177.39054469021033,309.2380882306468
2054.7244462163508,-2085.0119962394683,234.01352501184297,339.3449539119433
1388.593549382886,-1330.9214497252103,101.52903278584623,299.6246582096357
2926.123026465695,-2045.6623817178115,256.73286805569916,300.75865595160144
1615.4674114820584,-1284.8778064260403,139.9454340692321,306.53046595781416
2568.843481126361,-2935.0097888420078,-2.449760791050668,322.73672002711845
1743.1009580613095,-2230.748006658324,202.22229669746162,305.6500256708468
2566.4581271749926,-2485.9227912752613,190.53889643023575,295.8594927830979
1294.1015121251062,-2932.568705744393,31.83781532009874,303.85356890980967
1162.989141450003,-2120.9973489547556,20.54173783463598,331.10056817907406
2520.8438254640578,-2729.829346368425,124.63314760074431,310.66031039774356
1539.0122800783834,-1396.1081365350315,179.55607343076426,332.20866936412784
1387.8420545472543,-2855.605304784521,158.62324327067853,295.8563195539343
2298.520979811498,-2325.353765405126,0.15312067073905666,303.167289448432
1173.133541218104,-2615.799673051307,36.338418627415734,334.64892570439395
2004.565287023102,-1181.172421978041,121.32948931910394,303.84520398908694
2560.608795997621,-1668.0722587633747,14.335653647696383,302.8607817999488
1820.0994050245167,-1264.3635552478067,211.26877453589165,302.3981817153944
1953.1381627015244,-2971.2838222435976,43.16605170365455,301.15838481497445
1638.7805687663927,-2007.0722063794722,142.35585051563413,301.38552871294604
2351.5058082074092,-1576.1482072143922,3.7932404667568456,315.9302985062427
1234.4675050837423,-2886.98078314459,247.5753891315003,333.92401973828214
1277.2348532679484,-1956.066104585641,110.99728205233828,306.87746076788073
1014.5864559601255,-1725.2661305853949,140.2952707540613,302.269550096516
2663.9191648435076,-1006.5769217569984,104.52750459815549,311.53622694738624
2554.575799854778,-1869.949840578991,259.2958464212698,327.98315749649214
2618.5723977574116,-2984.55744290042,173.62137365869407,322.8103789083702
1512.7503201425416,-1293.458259319119,133.92820174884196,323.3983787831405
1559.2328976103322,-2509.7488823328736,115.76511339225726,307.55635463319453
1311.746275373827,-1295.8745433676124,159.6906745811082,323.50218309462895
2772.2997852322105,-1130.8121066883293,37.131590600755146,300.7256229258096
2521.4609928988248,-1620.5665785342994,199.983615381114,298.95186936004086
2104.7931048221817,-1334.2201417779434,175.0734399286662,317.29309865745995
2987.0245425441053,-1711.195537905444,248.4918236986295,333.08314345848225
2101.4130829963738,-1126.7149366921765,254.82844927134732,306.1945454908663
1983.641736661743,-1034.793428519035,33.80731218114702,314.6627494052795
2207.9058569120525,-2798.3617871216557,244.38137375915483,335.6098751737178
2461.649139072118,-1032.2843883613118,137.3856931471757,298.19153033450715
1767.683990284661,-2643.4815122377804,197.27549767745472,330.5883375154593
2604.93718918996,-2050.6529181177593,-11.431816032690987,314.85115237089065
1785.0191685557477,-2178.79036262042,178.7088318098172,296.30731166274535
2261.5127781028878,-2884.1894320194024,53.004359965847684,304.72413678655596
1187.8145292092172,-1533.5441129851997,90.5411244957923,304.61515838351096
2851.0636566411476,-2177.8071236837486,177.64258805744996,315.9871792833926
2719.7425810857567,-2590.320755516155,36.299698063552675,302.7903337853326
2933.4119474349905,-1917.9973562405187,19.97080678116135,314.0668518233086
1268.3170748448642,-1450.5186136149014,218.6608292308559,337.2030692772066
1417.944198697336,-2837.429474103094,132.49217303602285,305.87910651435436
2773.1584755304343,-2058.8743273430655,207.9244724653873,326.95282860642976
1525.2381334466354,-1962.575557179362,236.13420276908937,301.56660528120875
1165.512940276121,-1862.6688692228809,156.45808963528384,322.9417404078963
1027.181348067863,-1388.841202726849,211.78746864217956,317.14820751638564
2879.6930240150987,-2302.540209970964,166.16883319519587,297.0138561440085
2135.7763917478605,-2652.825200300843,9.453592357046869,332.556126235654
1318.2301322100775,-2531.5454216489106,14.191810355667851,314.3906236180157
2898.2096173683876,-2672.9199728846665,158.2340502470171,318.0617636128
1693.1779786509674,-2434.510723575647,155.07008461361207,338.53755818538235
1822.335526508164,-2340.318617706674,6.438258717211799,322.97759508099034
2554.2005416939955,-2518.16540384137,87.56950809341676,324.58224045485093
2221.7839114075177,-2810.5964435332944,71.38115822033944,320.26441123031327
1540.6369442148196,-2265.2443449021584,-1.9282007930218068,297.82383762222713
1116.818121347795,-1433.4564011333116,85.92634451804643,299.60665869280706
1995.4136923398653,-2142.0943552145873,-11.166932747993453,337.76749313498846
2839.2064866103537,-1255.3073265370574,3.2096542172278006,310.1469540572336
2730.388199706652,-1683.0215741217303,188.71426614520703,332.40713773969503
2333.0717616673874,-1709.9189107469656,-10.49718563818308,320.5924242617528
2141.5589768656064,-1081.8883930854806,216.66393572596562,330.72053417828346
1688.339716914253,-1952.3879122841074,99.1795698948611,298.88213684456315
2854.6052452705717,-1125.2655803168475,82.50404446629186,312.86759519249796
1007.4968310450356,-1209.9563985983223,182.7685842535166,334.56955670004425
1255.27970582466,-1694.7588690718912,177.7613762697867,313.75470199073067
2771.2647377424896,-1301.8467955334795,111.9125050362461,325.19008254916776
1405.2884611622244,-2664.411380808203,60.22161328417128,298.7905770939089
1421.791096897136,-1168.4195480546516,54.539157982439235,301.9831690016533
1095.8991924337702,-1202.9349452181996,231.1404744696355,335.3426844225215
2869.3126101396883,-1116.021724661003,83.09660056680144,310.2556892907525
1305.5053269522907,-2535.281734434785,32.64055472769048,332.56553443239613
1728.790601101251,-1854.8932314999354,149.99752989164858,316.5642084036143
2429.3478336049593,-1781.2055675826705,209.54696501632856,334.49664787998364
2784.7337204227297,-2649.0168657061868,-1.549735318593946,303.2997534100608
1935.1745654993078,-2062.653271920157,89.0590211947179,337.2186029603544
2193.751630691813,-1555.708375190944,17.281579438208453,306.07266629299284
2587.016600876333,-2930.0129887110843,153.210624690199,325.3843133332097
2608.162441193862,-1355.5826565471582,111.69888603586786,302.29689617731736
2182.423493000526,-2406.044198132894,105.78022966535589,338.88896123341505
2152.440281418777,-1938.960575821003,-0.13664345041342152,325.59744428055836
2711.445300687258,-2413.5157938173597,55.64572212308832,311.2221064900608
2019.862800949515,-2160.026683933576,258.9592186309892,317.5021127618699
2048.5955859027363,-2402.9608891383295,208.77434804917465,297.9907983464195
2394.973976713447,-1404.3488283473816,194.67603231012814,312.9481595170176
2319.0652159547044,-1052.6928720073224,71.8913584480131,297.65093249865356
1243.216837296927,-1965.9255922805037,224.4577335102209,313.31259604418847
2815.217101058309,-2412.815029918634,7.752563424577055,306.2586114601148
2108.031824871554,-1990.7131109953796,88.32399747737566,306.54667460615036
2054.3451614053874,-2000.0271476532535,77.69303579851254,324.65558669410996
2668.8041807943896,-1385.1762677516936,2.9604987989232647,333.6245388913404
2804.053191264252,-2478.606085995499,90.14657120037627,296.0269676145583
2228.718503286802,-2876.9766744054245,95.85702994524522,309.45204419079204
2263.9710343363713,-1587.9530293635148,82.81440283261756,295.52569001333245
1004.5657561212369,-2507.4665498489503,94.8298617749669,318.13486795538915
1948.3839444263494,-1902.8245963951179,98.85865637135393,333.83903521185727
1854.7490668423575,-1694.3450967979857,125.44303820518871,331.44512073935454
2487.073462169423,-2647.6552167660902,184.89399198248552,307.2197344784792
2806.0180796372188,-2463.7406934890478,203.45317058539797,305.1063322946305
2962.781831085974,-2010.80557347215,206.0383362272834,312.1493637857987
1304.5421090732748,-1761.5522623107772,184.3384187699869,320.16152280791886
1006.4912423960142,-1138.280571677851,33.56237469762194,328.5167347369829
1494.7724763139304,-1692.4671754420826,32.56633767355944,332.1926851265751
2490.904014722611,-1908.6556738988172,139.42298426759166,301.5693585208223
1697.8712034122261,-1627.4533441448132,91.42259930954884,295.1296530178216
2289.386058920878,-2607.394741055521,142.8681230351556,331.96410799569526
1259.8037052766308,-1076.1835144642366,70.97810000670977,296.7807213894896
2253.4719966017205,-2154.5894391047777,151.6701524598911,311.4581886437173
2357.528512556074,-2428.057261962939,225.29622546879114,321.97729043928
1091.9977895752966,-1398.0922839843304,218.96859608887527,316.2524535221895
1793.4431731916848,-2531.693955161524,-13.13439401279813,314.97940199364047
1667.2504495923001,-1857.5684371685743,38.53191065488731,313.3320379073971
1956.619030355718,-1549.1912531035107,140.11476291166613,333.4602635430071
2805.7751835291037,-2765.695267247175,9.288712504175493,321.91981627484677
1606.7501583186122,-1840.1168336059643,80.06191286589703,314.9764074153367
2904.1649320354845,-1903.533928000219,207.28314927819943,298.98475068179533
1437.806731742013,-1142.6283384192536,236.88952615526324,316.8859123043793
2573.0579118206833,-2927.0592438735234,183.98293114040473,322.8000207273307
2603.0305619186393,-1998.4133192963975,29.887895563382344,297.6692788503176
2131.3129260410105,-2662.675338008603,128.10238074565657,308.64504911153773
1760.2698697835685,-2899.5439462424683,107.55841213537673,323.74061258854067
1638.1577671250661,-2362.4712827666026,218.38514933959738,325.3584842210636
2417.254603392926,-1501.969980520854,225.45298591232512,296.5226869118258
2159.625134932242,-1544.12011402288,79.88593513082158,322.62438986198305
2907.3243155572427,-2677.776565498111,87.19331136896207,329.9913950743831
2360.597078748877,-1171.9981537044314,130.1023686161306,319.2311902311001
1699.8090562096309,-2620.818530044148,256.74910127176605,300.3819584387616
2052.5094854943427,-1603.635680120376,206.15662922850368,326.58639090203116
2243.301144463385,-1058.3984882376064,212.24049407827923,300.1774794578517
1794.0611503577957,-2421.6325949399275,119.0557590472545,322.4008997221603
1650.6958699695474,-2370.6469897580546,30.418786117247933,301.8398148968975
1978.0773802872627,-2652.670435005599,50.379302653953374,295.9650163785969
2803.5037141483717,-1629.0262800474743,161.73728093822407,315.98304495858787
1098.2685278607876,-1496.4577712931311,231.16971267794565,306.07041576788555
1051.7075727973984,-2015.3630358051114,201.84603929356732,335.6771882768831
2367.766104207426,-2001.6024321137027,166.48198834235725,324.47774209381726
1762.097378712083,-1961.0925632517217,251.0840389415165,298.6484008889476
2197.585582337091,-1190.817480002042,132.19771889119397,321.0136131943149
1622.3436122798,-2258.414184935252,66.03306960756628,308.50718926607817
2148.111736865254,-2031.767270627615,245.7811956060139,327.4645007375912
1160.1150748932728,-2339.9563989689686,133.6875550505115,308.595619128798
1094.5435714779549,-2681.7985721196296,241.91525794932653,309.774308254326
1588.988277905435,-1876.6848413418506,249.0823965104006,309.9448627338357
1907.7431430078664,-2476.796078786341,71.25582779127475,297.3122476598703
1408.5063991843156,-2309.66018523226,245.05340337237345,336.24595189929875
1490.7479297640248,-1694.7415181427532,163.57777928453692,305.6192241509633
2298.1419253906306,-1346.4344027569257,114.132823663865,318.18152958869166
1451.052915317845,-2107.8170380818237,188.19267502575929,297.12912057387217
2431.878931971085,-2879.3482194241205,134.24788150080192,314.5432725224216
2971.7510102537685,-2747.407778586653,139.63643836411717,326.1006646489863
1046.9709087054225,-2366.3125025432096,225.5802516902377,315.3095395870232
1569.678904923724,-2429.0936357876403,213.5553057107828,333.6793733528
1467.9475998247485,-2247.0262223295113,15.62231483703897,301.49917886474026
2916.6498727709595,-1459.3477927318652,80.77758479733478,328.90878846025646
2040.627574289241,-2331.982833261948,131.6765141344868,322.31989926366936
2456.422749727837,-1512.8828920338847,68.58091843183104,304.40362422883817
2264.5629343923283,-1199.098374812061,40.06385334501345,303.47598858693254
1366.1222401746058,-1882.4542009163897,-6.609805652570477,314.0975061218566
2261.3883948124226,-2119.312172231745,100.61742180126915,326.06556210236386
2434.4682062885186,-1823.4883082760987,86.19184993961468,321.2233069590599
1513.131149218765,-2034.673455955322,-1.1489038805077207,317.70059153894425
1215.7358157365518,-1531.3937495728032,110.94919890454575,325.6501130418526
2110.0475073189536,-1931.3810151602665,64.84584964749612,321.98624732949907
2701.960838302268,-2037.2246794841121,105.69981902567272,335.81027464715396
1660.5210993889618,-1323.2643709819727,14.238652824372288,299.4193829873474
1020.7835226465445,-2210.4963682387315,219.35634744805583,303.4507359470907
1572.4330854497637,-2652.318572504391,140.57323253437855,300.35961474884147
1529.087639731556,-2704.84046868669,188.3191582843635,338.55675192987945
1117.5531785551143,-2610.829140821525,66.97081146745786,339.65277898525034
1684.0604378693106,-2179.9485096532035,148.3317257192545,313.09423319991345
2498.704467294151,-1232.4340200479687,200.4753691782333,319.0799701472136
1612.083125594757,-2152.037912513121,228.37968632004126,302.43838501180744
1230.4167722189104,-1846.4263801839472,115.52195086569819,314.15673988113866
1909.5822477376655,-1016.2902118102568,31.679485992511054,306.19927056957295
2125.3003951186965,-2453.187953636636,146.1941241552937,323.0791173527774
1182.0043820288943,-1190.513848546382,100.77541839986412,306.6417962918952
1730.620883814188,-1356.5967753216842,208.4418873948775,302.98145375269553
1015.8309650728456,-2675.9686970220637,157.29288887648792,332.216005915655
2870.4031694526984,-2604.8018931749866,122.55167372806775,308.94413389907345
1132.6909383188606,-2930.319016880745,40.8491412156111,339.22924705361663
2753.213985385266,-1606.023652142142,-8.047567976337096,318.14575318107575
2525.4866188959613,-1988.4185421287257,51.90697377690776,337.88173437010767
2899.71703237414,-2769.365634884232,171.7501785297096,318.5585753572033
2853.803686126293,-1659.1099755695925,151.8459647234537,295.2984729036266
1915.1880241112976,-1623.2430832227756,259.8436969256255,312.96523667964453
1838.9037118907336,-2456.919161393441,100.45909531099429,297.6257312085442
1361.3955702255948,-2524.5521268239445,59.59909200741971,325.8977356653246
1956.3723120726736,-2783.681608019305,101.30836002436232,316.28277357372184
2318.5469203390912,-1494.7815654773026,153.5779337519216,333.345755022607
1005.7068896178776,-2347.7371544178263,155.24145592709527,304.2519486063512
2898.1286743307305,-2872.09556912744,110.70863539833894,325.0767198040261
1934.5455604327444,-1839.2062191108928,248.4918895117815,338.3674838044824
1911.6525508659374,-1184.8242009008134,-14.87037119700192,310.6450829498768
2060.529528288225,-2546.7046620758624,73.57551293633527,324.6223150559456
1764.8210917625652,-1266.1140716760895,159.72100858142065,321.45660054372416
1364.331556951753,-1451.6158000305695,230.39984769417595,332.6487574651646
1208.6058915084607,-1938.90894878536,199.033111147665,301.3045450649137
2137.71254242567,-1273.9300303199832,227.8146583923114,303.3342949151697
1462.328028275382,-2447.440740618683,-1.763209330515533,317.6879804409355
1088.8867802206328,-1307.4263045944904,107.23157392492755,313.1165437017103
2996.0037193699904,-2993.8043440215197,93.2026488535749,306.2097315748295
1802.4295843257082,-1545.5714330743058,79.91101990886655,315.658596809489
2765.847697992589,-2430.046892244699,155.53412639477688,325.0397727187687
1803.5577407593646,-1601.224020258696,190.8828938635235,307.9224226851767
1851.978501739352,-2621.280553856829,102.58719233063573,322.2276633036427
2988.2135775816414,-1111.4753539607543,186.31046397861678,326.35464503195453
1002.0240267764309,-1885.9725241806789,161.40256278426952,324.1329335208089
1009.8143517013926,-2932.821669624035,42.23647648599808,319.49906199945207
1011.6359461771556,-1357.5845603897565,257.1417712755892,336.6676381511629
2584.846697304261,-1866.982119564217,211.88209709276032,310.9788134002116
1210.7876710854082,-2101.6895209310196,116.29228402845723,323.0001977902707
1863.5478992051278,-1040.3462162355988,144.68810157543786,306.14352670619417
1463.0613057141059,-1205.6568669326743,175.68567473277056,300.54684531331907
2880.2923505979807,-2817.181271182104,195.165381321566,337.6160923134179
2414.6930948474837,-2324.871280897928,192.06583470708603,334.56488288717657
1783.7769178452418,-2729.05083406387,172.03858362883867,315.55449375168376
1569.5122742287153,-2760.531349906725,130.46640264996992,329.88387544050374
2651.543595059042,-2603.974812373116,161.69437380861268,318.62359855697844
1647.1205067863816,-2358.422204971943,104.9774441126335,339.69387434289024
2371.1738093985787,-1010.6420084602187,230.6497863896364,313.7515878442785
2860.715250120056,-1830.4548053803533,79.52971343091131,319.7585181946568
2749.970907281021,-1078.8016146366956,128.8911293021951,328.2017183645474
1106.1586088565916,-2831.5159294961522,145.83099537805282,302.69678218919995
1227.0506919653744,-2195.199400710523,51.57623893358618,299.37215190069765
1866.6443857871236,-2153.0114457725413,-9.412918280196088,301.13733460899124
1045.7373954814516,-2653.206402099447,18.42341653260469,315.77659247535377
2525.834291627682,-1204.705272231228,2.304768955570605,312.18060808892545
1020.6419266243092,-2254.012460546655,111.5451762120195,305.084888122909
1784.6876848568386,-2777.265913378183,137.85796790790403,330.6447449233941
2271.7877272141986,-2521.5625744933513,172.5480684550215,335.75987263768764
1411.5796660800902,-2947.745032522908,43.075867916704674,332.4704713268333
2588.2375777940124,-2154.4999839472835,18.982158927830504,317.5111941877309
2906.755312601721,-2011.0517358475918,113.64022595733954,295.23971723343533
2955.3146203470505,-2181.2831418322103,164.17313339330838,329.75020315729216
1373.6012671909723,-2111.9678608546496,207.4374549806764,313.6604515762044
1746.8155110465038,-2153.7074313253042,164.34940052684323,318.1905275099314
1632.090103744381,-2481.6877686456905,15.147460580529593,331.89764761736114
2430.110845421354,-2748.2272873768493,248.5850608027577,316.286629603184
1447.7384398358201,-2723.456753167276,13.897032882548348,310.8102515973051
1624.3196968288194,-1150.176079403195,122.00867591948119,329.94959557022867
2107.5921390719013,-1780.2174428555074,2.6333788679464973,303.66346961784984
1534.3810879863518,-2078.565105650016,7.671429462702751,304.43415850984655
1673.8645207251868,-2698.1687614629495,165.3139100076568,295.6611483311323
2947.260492576325,-1183.135749759452,95.96209344990133,338.79651417200137
1301.189564156771,-2473.337781193261,83.73339501072643,339.65649974034005
1362.0065615403955,-1573.4390262137704,188.59190037666673,322.2928158255576
2009.6160027709066,-1825.4213001107862,150.32039451792576,328.8880775389743
1849.487782594734,-2351.951043721647,63.43336544682539,311.5716167141768
2481.774514132656,-2493.9831763161737,110.38694785751701,312.625843368432
1726.4172563687498,-1486.5580012809148,79.19446238546438,332.22237246129123
2371.268317875096,-1254.9023931099314,255.00239098979011,329.05359379918957
2938.741151482599,-2252.2471128318234,185.34177552342803,299.6597666670866
1477.9462321855751,-2009.3333537842839,78.88217751850274,330.1427457651997
1695.0132197821586,-1096.0491885775698,50.984938181862475,300.2989369692524
1687.4018866238252,-2962.7734728050004,170.67281608283628,337.06455698448855
2634.4251743698064,-2064.1133236575397,162.35441748901243,331.449864348098
1550.4550248286396,-2309.713603762383,165.23608444764284,311.88200285301747
1707.4373660356066,-1677.0279570853352,238.12847154679355,312.3405359546903
2782.5944069554826,-2332.2659522209483,82.7604793220626,304.92218828462813
1092.9415342043073,-2137.1400469024206,117.10001971270685,303.40837963106276
2452.4744928523587,-1298.5187429682283,-5.676831192410514,335.3665295443598
2933.498793087395,-2807.86750422313,221.55321348363663,331.9453730113753
1536.1102689143395,-1591.6263151491016,97.33489627606266,317.10846294048076
2465.2740367205706,-1974.2118482583458,26.194535562229255,324.1196009834664
1009.5197189985636,-1686.9384496942344,54.437902411966036,327.0590983056128
2360.479749727894,-1501.5083912739956,127.3387202886693,337.5220853450029
2886.885839279813,-1216.7948839009277,25.234433781766334,330.4765888772752
1608.6263290230304,-1319.6877688058953,42.801342972575185,335.25231870388143
2504.1061665831876,-1875.0562988843064,212.5080419969307,314.55869775431654
1071.0455201542172,-2632.1855674919807,138.1379170149377,319.1923774023893
1564.474812060721,-2748.747729241488,180.3532967148782,317.9934302435653
2311.540033265458,-1167.9953918118802,135.87939713023047,330.6050509406508
1696.1559513226905,-1584.5901433491495,168.70887409960363,333.1601211008297
2074.293834740346,-2572.0153481846883,96.3710575703907,326.1436272869637
2715.0880521822983,-1986.9575786755208,50.28083899949772,317.14091772932096
1480.5580808988163,-1902.2033822606536,37.37192288496621,315.2439471622624
1521.572196644094,-1112.021004494877,107.805746815765,320.76474426841173
2762.479398281289,-1800.6002835230613,36.350916791177035,297.0414207816402
1834.376350104741,-2856.4648875226894,179.49942120480893,300.9562851427838
2907.8056258290912,-2841.976891566581,194.85043847286272,309.31167121850615
1456.2688874408766,-2532.5395667933954,149.5071230800177,314.93029860444733
2886.9167027167023,-1059.0757383250705,118.10077781436362,310.77340000877393
1482.380605044084,-2590.9278918397986,39.67636871973412,329.6118733114278
1047.0027246599827,-2562.9133642864463,2.4822802174490626,302.00353355699133
2126.5589171008005,-2356.9271543085974,94.73894450132399,296.806075954922
1913.998457507563,-1319.4321589944814,220.15607659440042,332.12254741207323
2531.543745071828,-1069.4154697193671,167.48773233243767,313.0250592732942
1131.9638882191682,-1502.0408347856696,52.16117824469731,296.733908760911
1501.8863411563575,-1487.793162309827,27.065471343236247,313.19751359954273
1741.5358319563352,-2544.406646562995,214.23562648731803,330.17819768500243
1031.8095137388323,-2788.8964965316422,182.99262342385774,333.88380274778024
1063.51812693972,-2352.1759602739826,2.534928270274751,301.56500053243235
1040.6574496855396,-1566.7985625417891,72.56076424167492,327.70967001315057
2672.4564125945135,-1457.4883834555794,21.582993619862073,331.19076867007726
1835.8123223432258,-2746.8240731024825,164.16277270491298,305.17680706598827
2526.9440158614407,-2534.8657507281873,1.2804039039421475,314.9148726580496
2040.2876771758038,-2130.5477493680073,181.80802542554784,312.5599889531111
2511.195746657825,-2589.7398679070657,228.87863472182397,296.6508273617379
2476.5435619902405,-2305.1712888513625,24.38391181449216,321.7639703525583
2841.9372722445178,-1935.6239561522448,118.45112304676633,307.70952220059644
2610.352839778493,-2098.3849920274724,-5.647587233069316,335.3004207623746
2234.054531946593,-2952.0030057097083,44.153871888669244,325.8140707979616
1897.56513454091,-2619.3785514616243,-9.389619258136381,322.1101603285889
1014.2637954570657,-1895.6889669048307,222.65189720829596,301.30061858124003
1339.166783907495,-2250.170116776451,162.24553395280492,322.88425237023057
1431.0222892481845,-2820.812990259607,54.915480057099344,307.3719788076251
1674.6242024624366,-1277.3216711049506,150.8171351735506,313.3494357541888
1366.8540129417138,-2335.09108203832,56.36779383715286,328.7768245968916
1834.0278219477082,-1186.0998646704263,216.7635362487549,329.68561018822055
2742.719470181183,-2151.7155097380846,145.59563973862794,333.40332399818146
1491.5563840872057,-2520.3916159337596,194.8925129079006,303.49656218564184
2776.931189281351,-1362.4290978347542,142.7483521297875,299.53611118832055
1886.9763021761742,-2294.41709323769,19.903359654826197,312.19354594172495
2205.8324188296688,-1938.1096304152366,175.76903977064458,310.233375893548
1640.8890419769928,-1844.1053139088554,174.5708098870312,332.7086908205236
2123.9844625232117,-1777.5294364009267,224.78102865354725,320.01421437406475
2645.819148625633,-1545.750512368983,226.07337321676357,321.05337839284493
1373.7409165119532,-1066.9837076596511,112.88954583037442,301.3359124737198
1329.803203810801,-2808.1370943435186,144.0450510768988,303.5595170601958
1591.567032099697,-1909.1695131601452,235.89209226567775,308.53604766899946
2360.5469351870333,-2251.1017170009,163.06066511353745,308.26597618441525
2211.36781000552,-2996.205528658297,184.0191723878879,306.674651441638
2037.1475396178414,-1222.5644112665584,75.30460353855429,303.5217664967169
1545.863339504615,-1291.195753899861,135.0980539961696,315.17195289090273
2198.040096050726,-1561.8343171643548,152.30260782485664,327.55525960934267
2723.2411134929434,-1822.8077967738154,237.43213437835598,321.497289105979
2896.0162518614443,-1889.5718946705829,-13.537120902394532,304.3240586477789
1618.0498683760557,-1345.6581364139747,16.446865555045004,307.51130122332023
1436.5490549819076,-2029.8518667180783,91.17745095239897,339.12636254368635
1732.6881783944132,-2107.379918539382,160.23171429117681,327.7923849823983
1550.6112236728513,-1171.9057772587526,-1.0027274957092143,336.37821957896733
2064.1077799921595,-2648.0321093471607,152.28879129501863,323.3227481171682
1641.2963637149996,-1760.1211521239672,56.38575750119945,338.0237227141354
2678.9897065486484,-1753.586600109344,200.01335054706794,333.5942722696136
2028.1346592752518,-2191.8067645732103,223.800452592016,303.8277940433662
1320.795478643029,-1317.3045641803735,228.93076338828038,334.08377895022363
1806.620800148829,-2563.908413160682,70.21404026409022,333.1584036291041
1573.0999654735447,-1463.9203157284737,72.4061793348868,327.4145891601165
1621.098647373566,-2991.00317711329,147.62867234687863,332.80299361041347
1716.6188998144041,-2549.7875460525565,198.15275733467905,338.0026581753475
1290.3545686495556,-1103.2489284924832,157.92778872490265,327.80091804761685
1182.1963162853517,-1859.851558171026,91.92699684309358,329.0201846635181
1905.7811671168565,-1199.680299835531,187.0115457684839,300.89724984081033
2782.5927122618095,-2400.4428051792625,-2.179309546967133,304.1888023155565
2143.4136516548488,-1099.5719498432688,146.79871906620386,316.6034515441044
2666.360677998716,-2012.2582716734646,61.55724611992662,329.9932113837292
2424.6341906059715,-1686.8424985341462,56.54250266399026,296.90658441931595
2267.942029565437,-1346.104299096179,202.48029587886833,338.3390835996196
2986.713879146287,-1230.6507875975676,152.96529297806538,304.1436829557654
2109.0797124961086,-1339.6069231704632,221.88108862624554,322.09019524153086
1611.0554263329273,-1704.616593754119,191.00916640488316,322.5604430740336
1190.8789985012324,-1068.610153220689,156.90878653870638,317.2612467364197
2431.488594892223,-2224.176228728003,92.7934611277777,308.0669458476621
2337.724201498414,-1668.0129625242826,226.34340238297727,332.1271252964455
2772.211411688278,-2975.635923642908,158.54228613937,327.96193434392836
2779.638232799134,-1998.2773604312176,185.17877604562466,308.9868966750585
1584.172564473439,-1760.7903386569392,165.33434367153816,332.12093046235344
1314.0206179251643,-1134.6251123062139,164.01177160060087,328.1455433992156
1087.2217174781867,-1534.9347771439643,16.484402496128947,316.40882176270037
1122.6628646388401,-2158.431803759485,10.802321185371785,332.281645850996
1141.0241750949217,-1326.065845791707,254.25684608094758,315.1296550684567
1070.7501997843328,-1279.1280769394054,116.55671877713345,325.7413102284115
2523.271573454923,-1652.100784745692,76.19024888339513,299.6022989120308
1718.2661778605104,-2498.7214163404765,153.269722925069,331.1574435139786
2787.6099951946294,-1887.1840007330156,225.74843864171103,316.68435547486934
2317.8823435020336,-1346.4051164559075,158.54815132787857,303.5420184143698
1646.7722642341278,-1020.1985842584852,209.6476577754808,337.3492324380963
1273.5644039249923,-2652.1359323014526,128.52589945510965,329.825219070776
1817.1544929245101,-1319.627016238989,159.26202500521634,339.6180943230791
1658.4117808411206,-1191.103655438159,222.9935629304713,315.1148787324026
2356.207430017821,-1527.5294520057648,73.18551271846897,321.50776588643987
2061.000479186554,-2792.706867724877,96.29332461171253,335.756490912678
2696.298693353764,-2342.4749921833727,243.828462982644,323.5909281176186
2439.2880616866523,-2541.388911662201,205.97242819743593,320.6318667006248
1122.8712585005633,-1881.569065223905,184.08740211169086,332.7520573618
1409.6424412730546,-2559.180724905695,4.744098921383568,295.93507687926245
1483.2782823276427,-1129.1217610913766,151.30326666698627,318.983964919997
1337.6037403592675,-2075.1008508802843,48.69855532762926,296.182353587255
2024.9663310113433,-2182.356696872452,124.30205128906834,308.1546820428278
1211.577578923941,-1686.5142018154581,177.97563765220372,317.0836523982507
2887.5111944984455,-2682.214141692594,214.8800505278111,332.00742810425834
1168.9721338709294,-2094.9108690017874,144.68434247464415,305.84730250449775
2820.3039573744018,-1565.8049334994046,114.15437591786855,296.61666869192
2416.6553395454644,-1726.6652059494895,231.65211994882816,330.1982261948272
2867.339307359629,-2709.6042735078167,71.60848591267228,336.9506120772436
2000.0491937871016,-2659.943981747247,227.1045060971752,297.6224464285194
2584.983110316643,-2312.7241094666783,88.49095291837374,336.09719829433504
1722.0196702512656,-1081.5847612831135,85.78834341478615,322.7628847943068
2136.033206018733,-2433.083458279869,120.88304010260461,329.64205697879635
1412.7690959756528,-1327.327339256456,256.6114523136704,304.4008087156559
2067.6608475934627,-2887.8889844577484,64.96765955026717,295.10305628154356
2803.9064428675147,-1009.7423289376359,245.8362473293157,334.6932687294982
2231.4354245247628,-1996.5355668225347,139.2361849658447,316.83062105829293
2993.4444171899686,-2466.4063290571557,148.5589069019506,317.013277605133
2752.1321784905913,-1996.020878412739,224.00601163958135,315.3132207338941
1214.8627876796697,-1536.786605711798,123.50707579363743,300.07016821592276
2181.138559498716,-1688.9593530988493,71.17469467063701,307.2994343243471
1168.3658116743056,-2823.1528523139596,161.99478610351815,335.73243448986136
1246.451117372221,-1808.709150325328,201.99702741558997,329.50224622110386
1223.255068247441,-2401.334177406931,172.3373209295812,301.67048609437154
1342.5566613751573,-1053.7527363991762,169.42816962252888,329.5630051694287
1739.513687004832,-2546.6745672793704,136.42707536368255,298.57437178040004
1548.5270863126875,-2538.581461049164,65.97017587323576,328.6573274195209
2240.123820442065,-1890.6353877271285,31.600701429853594,318.73000006724885
2453.5456662767547,-1414.248992997639,58.610283498259165,334.66849292920733
1624.190401814012,-2348.7722165317446,244.08454834470967,310.1540861962631
1318.5792781201685,-2030.988442622399,76.31986608572932,302.7998038514195
1043.6158620363772,-1016.1401182644925,216.7882455208845,332.250791777002
1861.1488317674803,-1849.465589290787,3.6341149611333883,317.99903891664326
1471.1098884712717,-2700.0699765904023,4.415337800787093,312.74531209998906
2154.276761133945,-2750.9784221548357,120.2015084973917,337.862495148777
1686.3566781940954,-1474.9828182524368,224.64313820597022,314.57703582928167
1458.8140685181547,-1942.4361332933806,236.02332345453817,308.15743676727675
1410.6503468434016,-1119.949766910531,68.22513008203917,338.50002383999134
1194.939645099607,-2827.4219943058292,240.3518738007594,312.4702809888914
1920.0980174335964,-1975.3547859367575,35.7305211326195,337.38240948314876
1667.7580083343955,-1566.076336061313,235.59680476715283,301.9179865225338
2747.067118298084,-1667.3449921569136,71.03294033087374,320.32357389351046
2198.2995169746746,-2693.7778700629724,219.21210339418633,329.3599415995446
1737.3851333028163,-1676.0032544140752,202.58870254922195,299.8212583703738
2034.0124134448288,-1189.9698714673702,-2.754996256367823,319.9642797833997
1928.5370270694507,-2073.7117592568975,108.84413811619895,320.53318642819124
1801.6245061412742,-2018.2240228793034,-3.148337320303691,333.06856918886274
1105.1426728837173,-1048.59577984013,247.00578288475077,322.9411718429478
2093.4729636244983,-2156.8003450721344,76.9663760763774,311.9149429384921
2075.804201700017,-1038.4650450750837,56.00584413636746,313.0046138843369
2099.5218558048646,-1669.1585681935821,240.77628478769293,323.2986063415838
1433.3800199626382,-1594.3143412476543,51.22732869275771,326.2272568302653
2603.1334041210653,-2180.170359543018,186.41945861902354,295.2379390260847
1068.1406544518231,-2170.859378248244,14.374410897720491,299.71677546069924
2603.9847151155877,-1019.1297968441072,147.89746015084654,300.5977709895643
2156.305488515145,-2578.822729647993,155.21537021203065,299.93127977562233
2871.806393985076,-1395.5195834177823,142.09206432272495,327.40460923151136
1646.4404888571291,-2100.0805869562123,113.75126790624213,311.95836550776346
1386.3676107592692,-2978.7426858717727,136.93650273677028,296.1076866753693
2754.3774922317016,-2888.552505296452,42.821944886640416,318.94284529159995
1436.0759026092362,-2263.810562545213,-10.83043949381043,324.0532813072778
2033.2698039229986,-1100.9849204914526,81.94463404780582,313.7005076462099
1744.4875143420109,-1478.308119218851,240.36591380204905,321.6136811513557
2765.07370930859,-1850.7780658450788,158.36646514199884,310.86680341191453
1647.412803376614,-2561.167542120823,230.0840362171704,306.94010302238496
2935.992826080228,-1182.4621936297158,20.536549379390138,298.9382228683415
1813.626224171745,-1823.0182177072672,54.519218171265265,330.1792804396562
1670.922849034036,-1723.1506020073032,174.1010456045709,320.0811536710803
1715.6705114346428,-1000.4390804932807,212.4617585803886,299.3702095282684
2251.6652802780063,-2261.266683434229,126.39036200942556,330.69709696275294
1944.0759446282802,-2204.296435538786,110.98438282420629,331.54645981963444
2840.030823121014,-1457.0454735710089,161.6356432396134,316.6622081785071
1276.8434441731927,-2977.1648015296755,118.57891333572522,338.18321771022863
2912.1907916812143,-1831.5359777573155,237.97939277451084,319.4225883092718
1565.7608745253513,-1410.393588699597,24.133544141535026,301.26064003034173
2185.446425880743,-2537.1611335406487,-4.961921992960194,306.54183121237594
2466.493638873612,-2785.7269663176585,249.0180587205865,313.1156382373714
1001.5995624180221,-1912.9890026001633,192.4787279148422,296.20544314487717
2912.993817036313,-1575.5906292783495,86.40858245776879,308.3171340918086
1757.7967160326878,-2691.913872530886,232.74818551027968,329.47796404618697
1306.834717782312,-1359.744869862243,216.2876422573371,323.0231389170326
2903.913099467046,-1297.6493737833287,125.4191217214686,327.026924678712
2064.392363320207,-2267.6240755995786,90.67656840153839,325.15480208043033
1807.769345934229,-1325.1491579603894,132.35350705952544,310.9951912149741
1072.5221596004772,-1497.2569763513677,39.54520859216655,336.79055963485786
1697.0921610841651,-2757.323612548545,221.25517400967868,321.226108675159
1331.0774153879272,-2671.529437001068,178.60879491827677,295.42378463206063
1706.7806066289545,-2168.54433368147,160.18030061210632,319.9272778052583
2320.423370109791,-2858.433373603786,143.22231693560352,323.99730759065557
1442.8857835334709,-1186.5604278858702,17.179716100882864,305.6247375769927
1277.5922684716788,-1783.0719263134276,63.35366240692812,306.6783805990809
1632.8597840559269,-2547.488628079868,32.88069664022252,303.72192083055097
2660.71598257397,-2316.8752747282415,89.67185051365414,336.85466634475404
1385.9662329239432,-2401.6514351950573,257.68613926519646,320.7155682134016
2760.2254355369105,-2299.847035808971,191.54886794132756,315.1107375415431
2352.750486260366,-2847.9759581274525,214.62645017207106,331.7070397980666
2502.1328462689034,-2752.521201703424,220.33418204423438,299.81760281593006
2101.5269176134416,-2624.6440366940255,242.7688612629576,323.25313174602564
2677.123418517045,-2199.743939162017,179.58087219143533,333.43225870364097
2089.5669158444925,-1451.3061633912887,155.7653602980375,332.7011571606448
1485.2213733667095,-1182.5241149403903,256.23697910774666,295.58130249808215
1600.0430441306328,-1224.2256849430441,160.76309115654234,331.3452951982837
1221.1994525838795,-2017.5355527098948,21.445771898683716,339.4840018999087
1098.199577973063,-2921.733214629625,253.4603001710961,308.9061761306621
1857.4847063760312,-2725.6245530823453,82.70691256719884,330.61935304445007
1657.111930284968,-2242.4644833216043,91.3029936451577,308.5896537734347
1196.776910516669,-1259.1418229100748,96.64399354858888,301.6636906374229
1724.181137219267,-2875.380936265574,231.6085693445988,322.98561821086713
2217.247900873929,-1385.9657123529919,-6.171388889406648,316.9817430166933
2870.815139272358,-1265.1395302374374,115.1450413511414,307.13510213889833
2662.3154955493355,-1150.37678970158,149.74992855929193,332.6209283144803
2369.612657131653,-1872.9536963692751,166.7013920766922,295.31717496539596
1096.407236392376,-1360.617466692811,148.85075416072593,336.0407543270581
1449.8641550446484,-2013.7441210903798,167.1107716313104,331.87238695131083
1127.3213265297877,-1534.3054180620345,51.40682879646661,331.52677556083
1851.175946653073,-1455.1673433567182,16.44403494888368,338.8137841689317
1930.904874025268,-1330.8138383958526,184.14752297740125,337.84461727553116
2756.2762316048943,-1657.283009540261,172.8489141644873,333.48813710837317
2536.6451254107187,-2513.867156693487,173.04895747387755,330.4060092462576
1492.06072816308,-2912.7969219600654,141.4509554133933,318.98726022604274
1712.7733359617287,-2880.8269889392877,136.7829491258956,338.5347385869283
1766.4869590849828,-2437.824545174528,249.2240986380799,325.975710850321
1440.3623632393003,-2198.367885206436,100.33384770282663,336.6798424367401
2753.708818495109,-2236.2134644919056,210.15034396927203,310.0515030356452
2528.318265721154,-2183.432761681096,121.41006081501419,329.7801206387856
2666.5627903266723,-2799.3892648779606,219.9073330763466,307.25466694968895
1244.3900395482929,-1700.064014197235,201.2157707552835,323.19264325115034
2896.992630381125,-1492.5810875245643,34.32374319327992,308.98710865587526
2652.3662909648356,-2517.8078843574845,84.5757086103203,336.8455861154281
1399.8909090843829,-1059.4508139115749,106.32766173062463,320.70066635168
2210.5683125054056,-1199.809126422267,207.6565552308144,298.08897198532395
1369.8813042248817,-2574.7190639460214,232.18683711984133,338.82079453465366
2720.6632057787174,-1069.7422310817115,65.76288023789905,312.9597280174386
1113.5241997374187,-2999.122444993652,77.02874002030624,327.78556170698033
1673.1531698426272,-2810.587549263836,185.496299385585,302.5339481508787
1658.7614121164788,-1115.042447849991,170.78039607051886,339.39397716258355
2805.0566882879266,-2461.8523790863574,-0.9126867089824664,313.9976776299858
2946.5135311056974,-2387.1877148377707,70.26223924683428,339.7532284972181
2002.9312677125868,-2388.365748627725,174.013324663533,337.67150994407723
1790.3200000755987,-2606.759334486421,248.79826534231182,310.2544417656777
1722.081099077144,-1507.140480571766,83.82055647745585,321.89472327586793
2763.9391072390554,-1348.4444878474421,207.88376266583666,334.6692455316463
1876.9711876461638,-1081.922728942291,-14.370375389101659,296.3124956837865
2620.370534210867,-2096.924852438531,182.38387730377568,307.2108907606026
2854.475002258805,-2106.8944734962097,31.128918379923952,305.11809568014763
1852.300875341965,-1202.2377681931007,24.25832940509845,334.90081830234516
2187.980564129055,-2596.321873267849,19.5951466570637,309.52139435459736
2354.7616383958107,-1180.9734067117433,240.85598081052223,303.5175048453764
1369.2774443394426,-2181.288651671823,154.29663844004426,337.96825894059486
2451.9507425006236,-1901.3476725582316,27.052258808009626,312.52917848963926
2659.1153428692237,-1822.7193995421967,95.19858482648665,295.1754285769166
1327.1433614553573,-2443.5579825997697,26.97190683206113,319.3948527224084
1930.504133130313,-1507.8524311616002,32.20590489891241,309.9989224795807
2800.5021441915515,-1526.3570527577117,195.19673145063908,301.69124998976804
1744.4966267760628,-1673.8812805224848,74.25232482324178,307.049430937272
1738.5292488357723,-2069.481195102393,39.34611782152171,307.1689941192336
1711.9429253764965,-2478.804236016921,179.32477815815548,325.13505688588276
1734.5562209501263,-1301.013595067739,159.4334852964238,320.0251248957772
2688.3860434766984,-1608.5229318592717,127.06271944403667,315.67847587890975
2428.502128239743,-2486.815372927458,44.18050670390614,302.285420501072
1097.3800693857975,-2014.2443806511278,125.68184039578094,304.5783080504745
1001.3726927232814,-2415.375821476991,213.92839444843716,323.7365438810737
1636.9477319378805,-2237.275317729369,181.4379837316246,332.5889715913863
2844.331660567589,-2175.6024021662643,92.36056824053813,330.4099386451123
2490.580856430045,-2041.0720034916214,44.99122995552274,320.6961666648542
1059.968847867133,-1983.6582006227536,-14.704766927225903,313.9840830853799
2403.7759865463117,-1936.089708917946,160.30994480179376,297.0863560444845
1547.1857785076136,-1814.8574174336022,236.95586847400637,335.18481415329666
1428.6057062063721,-1239.052760035086,169.01263202600765,301.40252842526326
2725.8762337018998,-2988.3930440808444,155.37009523301532,301.16305577226495
1063.0754584875665,-1508.6692124348197,122.72254307889395,337.78956968280335
2983.8424451614756,-1204.357623912401,138.74582708416182,327.0080744555835
1187.4270576892238,-2937.1888533783767,237.27453313064768,331.7842190886107
1265.7656218995046,-1423.3860674848995,110.6978037570416,327.15552433750236
2791.170017369306,-1637.6449587738673,56.68384006097209,304.9672080135814
2934.039879315401,-1269.8873816516975,226.0845372541736,299.2937644758149
2074.129463190202,-2552.207615886096,-2.9918111375191465,305.6952270385316
2626.6524447885517,-2018.1585513067464,240.77290671213663,316.6559021002038
1742.4460897141003,-1808.999623520782,185.5282084233033,327.6896292154193
2426.2091241743346,-2151.364537582329,-3.470931398645936,297.98819583879043
1208.1478238433035,-2183.0665629638015,102.76878717193227,300.22535010378664
2979.004324123714,-1575.028572985405,161.60576999079325,296.5106120075838
2530.876846057028,-1530.7038918127919,9.321639648279543,327.91424226108705
1186.283017450221,-1647.6967430010443,178.943265319599,300.62303801265944
1860.2123131984108,-2151.3444540127293,25.492499489660787,320.0456872299702
1852.7900007864362,-1100.420950078286,252.09930438830395,329.14234115475375
1980.681423978903,-1327.3034903404402,134.49858441657895,311.78124348373115
2670.1163297077,-1696.6510768228213,184.4611176945882,324.13182244288976
1451.852830298217,-2304.7521235695813,75.57425632981938,312.8674155656856
2780.8553757403406,-1042.4837258794262,180.43038696105972,300.4896009539792
1145.7834764116637,-2227.919996852759,5.953731994923366,321.35818049095474
2955.41208561793,-1452.8771872656778,203.3072068819084,337.10480654234766
1670.7456778262244,-2616.6874200146754,112.22134472528356,305.6849467954356
1010.985829670001,-2995.768380392557,36.81675773393776,321.77887296271734
1713.6819041764104,-1517.3315573471832,259.4413881398632,336.4831972454442
1011.2835409791294,-1322.2766872908167,217.18075183438845,296.4075065576556
2573.22847024802,-1519.4469071631586,-3.19149872832949,328.4007580180902
1186.916857678157,-1949.1381618736445,202.22459840179798,315.7654629218669
2997.49356002051,-2343.6908465774613,221.88951281649778,337.52318169411853
2966.9629119710094,-2533.784256854845,223.29697819305693,316.88513856572365
1806.867121721908,-2365.314846933845,5.226455490392091,307.8455398685966
2519.9935121088647,-1717.5939245962907,182.47335873805096,313.95878407251934
1211.2512346323608,-2038.6441117627994,143.83789746449548,320.5120868317114
2819.2143752015363,-1636.2183192656234,4.639631851429385,316.69865079132467
1463.1643153320208,-1462.0164810067442,99.69230695483107,303.7518425082077
2493.2814404065334,-1520.3849938892204,172.7168095323426,335.92336889174044
1494.743536162875,-1567.223811421151,200.7141741229238,323.65226236065564
1061.6300668553583,-2710.3705574312526,250.39923323069382,337.4053928975277
2080.1345042602725,-2564.3093906631834,205.13710853460117,317.7532948280595
2545.961277121372,-1597.1268834203556,108.94931102630281,318.85463919810894
2902.670455730787,-1402.1832430079864,147.9025061730472,333.88054243826116
2171.718411670891,-2539.215776102043,87.92904769012776,324.68619753800675
1858.6843312630467,-2574.62433896957,20.8853785531752,336.2029115814233
2168.6326223510605,-1841.0049657702873,25.362932301528836,335.2298700628663
1215.0529409817013,-2060.419452221767,201.38838006105766,303.2259753117233
1545.9440605971845,-1123.0369238494943,258.60234321834025,309.0635441987759
1961.2816580866602,-1136.6519264824626,213.63416778498913,308.8184750064665
2635.9000973655916,-1373.869975107835,88.42296198816922,314.7031373900073
2144.4712768102227,-1912.4232590013573,194.24324327881047,308.7476031529055
1071.5521042421221,-1039.1490329001838,28.355491745304626,305.60735152589245
1095.9924491803306,-1300.178484353636,54.909138318751104,303.10873773414664
1437.1754212769852,-1907.6932250611735,97.8938407548809,306.8019338188353
2375.0498542043856,-2198.2972833185477,81.18402540282722,303.1143957488604
2776.6297777424525,-2930.767803770673,33.964672319447466,335.0981864891796
1534.7864585507684,-1279.2119613769491,33.180025676065945,309.00702975621493
1811.0795048870086,-2319.8266337258424,66.7040865863146,326.4109514357736
2932.719693549766,-2290.103763094977,70.95671364255352,325.62494875613595
1344.6677634721575,-2881.120697773723,83.57205660778952,339.35844439602664
1757.1380515910364,-1676.0937883685328,246.0819911396831,302.9676001404723
2024.1092116791342,-1543.3925756784777,217.89683364033368,301.87926394481696
2542.5347306749063,-1279.5052172377566,125.28876676524723,295.73299838659096
2570.8401856530463,-1843.6876852557555,0.3531037772322243,332.1302338181708
1298.1661321565289,-1981.7403299335247,188.92295005214322,316.4638074909472
2405.9399477222323,-2304.80008418252,31.732482877148776,329.73611078530865
1587.1783010164563,-1615.651933715442,259.79313441617,309.984276716969
1267.6377097932677,-1601.9581634300025,162.55652734728613,321.48700665542395
1619.2728979353096,-1842.2173338244552,88.11944937369854,297.34692356842487
1610.445795292314,-1512.9625041889713,170.549382091721,328.2990528171769
2367.464788645161,-1786.1405971771997,242.80859629759448,308.73069079674895
1850.915413989463,-2839.1059766413614,114.57138787407797,310.64414372388006
2530.8327660257446,-2922.404223507554,115.08878239332842,304.6187910613815
2989.2161252825754,-2531.6816641830624,127.74144935629926,332.23118913129076
2094.3600722927476,-1785.7664115532366,228.26329453439578,325.4366845270016
2680.777327386638,-1205.452724502036,236.54311522652608,329.34584900228526
1734.1535649597606,-2229.4767013116243,53.82304627599781,316.7259156625868
1616.0713450791955,-1563.8941061531823,35.13163772781471,309.0235348662364
1184.2284641987019,-1676.047711341946,148.56065770584405,312.5606112843853
2896.5834242712294,-1490.5096012149388,230.84216402019914,309.71691813284656
1729.2936341684172,-2928.3795996457184,21.334586163054816,318.0955082238121
2354.3197411766814,-2708.624438919116,83.77834002051021,320.171691094867
2854.164592300275,-1506.9627590776472,251.6913724249502,326.292718511706
2836.967502407334,-2191.3074960534927,40.58864601357921,315.59717022841437
2183.283589901545,-1910.0062762509385,40.60209269862847,311.5804859240463
2252.579242168288,-1243.421219010273,250.40864443402938,310.89219169965963
2229.4722314076207,-1210.354135562818,194.18869553414652,312.8055160208468
2577.5896710753436,-2568.2390743280675,45.407787460942025,320.6715033206999
2551.2183329568998,-2619.731979649476,165.10145396344373,314.9937864936011
2717.6455295499104,-1310.9128649187037,-11.581998681839687,307.0359330070621
2446.804908535337,-2063.0821725986325,136.8315383903501,313.6612371794806
2174.045069341697,-1093.164773140128,-2.752083611031498,298.6785285645606
1858.8135631093023,-2832.9217318961537,-7.372501307687596,309.1473919457491
2968.494262727011,-2165.167842134673,41.9754484481289,307.5423576376925
2030.072316795514,-1827.5660899308784,61.886194898117864,317.3340715229521
1230.5785468220301,-1457.9952867993084,204.68155412446302,328.89783007377355
2257.4420523946965,-1159.1751373375985,196.58597636947462,326.81098718315945
1201.5588230650465,-2028.0831150650288,196.50516617437037,300.88620698855783
1930.7231860420768,-1614.372681370228,-8.283905230357341,299.7959378026676
2920.192854819857,-1349.8907173561847,191.83295018617162,315.7522027245263
2108.2577129810325,-1652.6834217018682,112.6362043271145,321.5693280767555
1598.6300298469814,-1562.8104128800333,34.19522360907824,316.2572259213511
2584.4657163234033,-2200.8754764525293,255.61715984932715,330.6371691728029
1987.5986784460015,-1502.0443487087173,27.825913053507314,309.9664579777732
1716.8651599824227,-2253.8951732978294,236.7787889166959,330.84425625813714
1330.3737778526115,-2898.2216173974944,20.83463283382774,319.07781334432593
1892.9228482171138,-1878.4204265539465,174.26951876257704,314.90426068375274
1611.928095864564,-2249.152310619215,184.93437686976384,330.31812557725374
2199.044663891168,-1067.3503983926046,221.80925316767318,314.9745353806302
2479.0875579397543,-2175.361423393137,132.8226187014562,314.67402757888885
2628.7865099836777,-2043.7870580900385,213.9189121835894,337.3998329069559
1674.7124544517592,-2762.9933249842816,180.5982367109034,311.44861560137633
1698.8271406642925,-2673.9222991098195,53.08379847601907,300.29138574391646
2204.416492778288,-2823.2904489831235,164.9465239467898,324.1594784278757
1245.6925030008842,-1763.6732708963884,68.37229816480647,332.5813815473219
2267.5869808491525,-1270.1631418451107,73.84171088673187,328.3674762297972
1292.2833015151002,-1027.1586380342844,85.89080871687939,320.0491845837112
2194.219209191052,-2635.2797578062914,253.27951169072247,324.7766929165486
1435.3426949172626,-2419.0838900436447,186.97806980507795,325.03854784759966
1324.948555585773,-2773.561457061629,144.1227707048477,301.73079455812604
1487.6368780516796,-2920.845936421767,-11.859443291614173,336.25690788158386
2814.1070612590192,-1249.9158732686515,170.47102017036158,313.4702667063308
1474.322039326079,-2500.2155895223154,164.99749574390214,305.07923123909165
1111.1503078897767,-2422.0672797514294,52.86873474555506,326.6201774004346
2301.5313819116836,-1196.6449530545417,4.358655027518225,312.0168223327865
1360.4692440285478,-2190.5607841644282,80.95036270738916,316.9137493445032
1808.231914242562,-1096.5732873474597,243.76011324820303,333.8134364194654
1717.9766515588442,-2488.296643752211,259.1131060350072,299.6451069811267
1113.5764420047572,-1681.3192092711226,97.11390615301316,308.92739050993697
1273.4080421937465,-2168.084897028163,203.95130151878826,320.9720793099193
2729.8384570205435,-1118.7654385752771,138.5412944321008,322.145159229535
1522.1195519973744,-2744.859966981475,125.61969377064315,318.0246474830143
1032.4008057263304,-2698.3948964852234,215.30025801556093,299.01082117683615
1895.5318658466658,-2276.7762833286533,194.20862759312894,298.5308613676979
2099.8994699542254,-1930.603914020881,106.16477737456609,320.44030246179614
2604.6898701285877,-1411.4893354639887,3.698132574205527,327.52270946638953
2518.617891433893,-1469.8373768090355,107.79988634007181,338.5417918923831
1798.8595202568113,-2700.892402187045,74.31990277017015,330.9928102051646
1422.332369027635,-2731.744250385644,211.33480460379727,301.0460406289892
2384.0374204420505,-1581.8215318386328,159.1501619440845,326.8585572243635
2305.166139063642,-1967.7696518547657,136.53485996126676,322.20414778706885
2171.038474361041,-1129.9109616137673,239.07260502871063,333.7867783714526
1569.9383464193586,-1735.866984544946,134.41272571369598,331.21439683304106
1765.9037212063233,-1260.7293937490272,57.870045295923916,299.40009655178727
1483.71688145988,-1978.437680618461,176.76280440994313,302.03251014811866
1444.4161865928195,-1914.5228446846309,179.52437217868874,334.2465383881184
2727.7457362988685,-2056.923756427913,-8.71382787493648,319.32861120042924
2585.662116899708,-1708.212982302819,149.0605709026235,335.12158289481744
2946.0466055785073,-2332.832601926461,124.07486617410066,299.58620705212326
1755.8477699979808,-2648.771774482227,8.520448318556966,322.23465189888145
2337.170246666443,-2056.1238570038795,17.98289885732467,323.1834716076355
1594.1955674071687,-2510.467400968109,215.098419862407,302.22337600095614
2704.238579272632,-1418.57244385839,77.84082190727318,300.51732387973016
1733.668360495907,-2121.3499882444644,142.27774104700865,318.27783990732723
2048.6475340455663,-1602.797408950546,178.62903221095652,299.1370742083432
2298.5595418712182,-2225.447943375054,143.37694163991634,312.2630697000873
2952.289796859416,-2094.8819016297884,179.0215801909958,301.994946043677
2528.571239307944,-2023.1406594213531,174.93822649708724,323.64234097147266
1533.9218497690008,-1915.4631760956613,185.65630328577032,321.9412092198614
2262.6160452379845,-1277.5322964769298,240.62687145441748,310.0556523447032
1320.010781210478,-1315.9071312424896,192.43401777678184,300.35288642369926
2308.0822366512257,-2846.623290504676,225.78946290689538,317.4447175557601
1872.3953297367439,-1541.9579412664161,236.62102316208845,326.097198806466
2792.550045387172,-2301.920089808234,65.92927589356455,318.4969080738981
2298.8332464702835,-1694.0838201004176,196.88792024381286,298.98998714498987
2724.6759138541274,-2092.0451252439425,52.389102288679766,297.06066342277416
2083.668155088227,-2418.6683291010013,229.8038391896851,338.7661124741205
1352.2431748100046,-2101.704789938627,99.75279803399266,326.40843771014374
2898.3562757217705,-2400.456479646891,-12.076092976484514,330.2296688896761
1971.509531442889,-2550.007772400494,89.71691833151657,314.78562949620994
1319.9465061694286,-2435.0289390879807,131.8817015490667,336.91928274750796
1386.1581408603347,-2108.3134796319023,259.27368512058126,300.0432396972157
1693.879767634507,-2012.543683870379,74.80700281796807,322.2380406363555
2315.9202106028874,-2327.378159867587,41.94577088417014,301.7097970226162
2517.4524582054364,-2317.9702990754713,163.07060426329178,303.0941235349592
1139.480066970349,-2125.3895680631294,56.18290684867175,300.52608382345085
2130.743756542378,-2187.3923046454934,101.01737943285721,321.1532324910694
2060.741609882895,-2713.3001399673717,222.57225814227337,311.5814119563658
1073.5617298398251,-2052.9041178461766,105.16666085534041,311.46096844779373
1263.853413836124,-2930.1081412410485,128.96632190710784,317.15416045367147
1949.4976017751542,-1814.7443775889797,-1.767352122411264,330.6104790349225
2725.28765286451,-1309.6584829791666,215.1391067916846,322.7998377815621
2278.9218838800157,-2892.8977885608156,157.9138258962212,310.47769942742394
2293.7915198959167,-2030.7909200412673,158.88217719842504,320.4588817328763
1759.988615959614,-1671.9674682712762,113.84136882391431,307.46336488472843
1769.6264329442286,-2404.7615318410894,86.59797276718942,339.26832487960456
2511.5152574325302,-1567.9654487854264,173.73205770551274,313.8076655498384
1823.6518522368867,-1000.2767450878855,5.728447350292658,335.31096969209045
1637.7856184828943,-2259.663686780261,-9.684489336277464,322.9888854884058
2227.0686835184015,-2774.0651761160425,187.37414454270026,332.4200866617625
2406.5930051453915,-1850.275870750349,182.3533826196106,309.0806596192945
1806.7004149485897,-2166.5414542814856,42.603673950444936,338.2479694156827
1469.7298772581785,-1113.2689362482886,186.7036965318812,297.11461422017356
1964.1326798490668,-2829.7794694154654,179.40430268642137,312.3591813980554
1474.28201822499,-2066.467048261,245.90138206753596,331.6990800793358
2371.458123576336,-2623.376939316966,0.6298592881510103,297.5821105497209
2642.2201100266575,-2522.8281209942165,113.90863252076124,324.81600888487907
1369.391708620368,-2960.243239091575,205.76403952492169,334.0467457216641
2011.4185192096252,-2284.5125085530262,194.74049317245718,300.2561777394939
2582.674344620911,-2677.8424331018336,193.51139153217966,338.022814115168
2507.941125987356,-1699.4041787257197,72.22780380702693,303.40885439021736
1384.2322735650039,-2407.1456077847697,154.65808577503225,303.2929147843563
2800.998954512609,-1383.852401130597,46.58744725216545,321.96437784244404
2953.907083794714,-2007.9221384899097,90.65084498054581,307.79364878053394
1094.0699441431707,-2753.238277934446,114.96429592338879,295.0639852000831
2296.4755890951838,-2324.018349959998,109.96922560350684,326.4550398568346
1004.448328412924,-2135.399010483112,212.01057709886325,309.33277565258624
2769.786373172476,-2188.093142314936,213.73908203191706,309.5410151937966
1228.6048584290736,-2847.233070435212,225.97978574845598,330.23794403234086
1501.2581127966178,-1054.5980421996896,221.6105033521825,327.0497372579218
2107.0486021547704,-2517.5151963465105,50.99214227955905,303.828738533745
2441.525300673667,-2836.7970889258195,143.0051304052159,314.7880886639534
1082.2813092037377,-1727.9139746697044,6.44437621513012,310.207150044232
1736.7386236154782,-2696.5030883127674,170.62317173800955,338.04316701520145
2661.308949235602,-2881.0771444264738,36.76637603447574,310.43674725875974
2395.9309320453426,-1144.97755071071,243.28928036697562,336.56235800364004
1040.9081691137565,-1776.171151315484,90.22803204182686,332.45095600345974
1624.3395506385464,-1056.7064020387975,68.35350280528768,300.9766574541789
1671.6407622646293,-2410.338569604933,108.39007920863617,308.06932800820795
1734.9667348338842,-1857.5344248495505,226.1247453287629,304.2502138296084
2161.301202932027,-1945.5070546626062,211.4386065730541,322.38017368476665
1109.3683011669948,-2024.1351458434015,192.13379251311108,322.66872820628436
1215.6071650353615,-2567.0258847758623,86.03574623149417,323.7782070406401
1709.207920635327,-1773.965285275165,180.51577853464653,309.7183302072563
2757.539007387616,-2029.256904852094,-14.641472970506811,339.7205247515601
1308.9891247801909,-1533.326016263216,94.458073153706,302.2501870676528
1174.3052911091822,-1303.8896740599569,193.77577077377697,302.2706844877071
2741.207379180846,-1079.2390305904232,87.84551362587759,338.34415592722763
2850.5120931319652,-1073.9621622026773,240.21670529114107,314.84528593235314
1517.4793585067491,-1786.1799480644906,2.527410240549326,329.5065639022336
2752.759939096186,-2513.2167262937774,28.682926459620894,298.77416843254053
1011.6063652530643,-2492.0358709225197,27.072828244539437,314.89336468371414
1165.8840021531546,-1103.3716703715927,154.97437951410498,326.3698497009206
1748.631904448327,-1028.4667563812445,125.41771333495512,308.9348688985515
1331.8655648715458,-1162.1222320094853,122.07251802781619,308.14701677254607
2136.6517725691647,-1734.0123261266117,82.61484420063611,324.81875367175144
2087.6566722464886,-1284.9981353851556,135.55192979935524,296.4437048885966
2794.293243161186,-2457.563468810785,154.16968280069423,325.6659482800711
2880.9439940742377,-1546.5680779851903,215.11025842240755,298.6558005024058
1210.1307690158217,-2081.142349496322,195.3778995014971,308.8944037687923
2439.0653794807085,-1874.8551776132203,77.77254343955627,333.4166573893359
2504.9029316616907,-2226.9426364983,141.092481541443,328.72649828462335
2941.6403668063913,-1168.618880251607,20.83703021674095,307.6848834189242
2570.7274065215925,-2480.960360245329,103.20635611014923,300.25359036370804
1137.2862569239012,-1854.5648721488897,227.6216197605485,304.22042436602345
1249.8114800761518,-2731.0458913941193,90.80636721042364,301.3705946593488
2834.8005671766405,-2148.834585814747,-7.285605745829013,331.11677340238623
1596.1129380341981,-2091.271240676929,152.57792932143192,296.6616746877765
1758.7457639881084,-2728.590167551687,36.0403941830806,334.5412458158455
1875.0658616851565,-2179.4661207651634,40.68564107776332,313.3484564667397
1614.3642737232221,-2958.9559897663075,135.22476638670466,328.3782359518877
1273.9102344082698,-2150.4250005033227,64.59031203718598,320.7063470055252
1695.9597944257653,-2087.037682713728,196.87991488322203,295.9487723512375
1767.3389648617217,-1497.8552107562518,247.7690818558437,309.9088322156823
1536.1263844748783,-2633.2383646004146,204.87812133237847,310.52217706872153
1993.4434260407481,-2303.585945922181,241.58513465152328,298.12285183110555
2474.379889101293,-1026.3619543537798,208.49373562890045,301.72162039548056
1154.4216493106787,-1930.9215964154243,-11.665880064285087,321.1287384233812
1525.9457960407185,-2576.12838198134,1.8220549615552812,327.6613261896984
2973.4124585109857,-1368.4980907057761,26.882163734955803,328.867273693353
1542.2144856993984,-2423.493886465013,244.30844764229641,322.93529366297236
1209.2406484449093,-1667.1128713462274,258.90291055440713,324.64541680187654
2906.7731237403086,-1947.3190922546776,184.6285579456582,297.32461133974294
1074.2946652365995,-2891.1247302252514,59.347862380960066,295.26429413301014
2160.39143475533,-1176.734076731251,102.544797835474,297.6132981837715
1503.4122505460539,-2777.861488862303,250.36398803143499,300.4254050191044
1170.4795114203225,-1090.5670850502097,156.44395298966745,312.51488025808584
1647.2412999537662,-2654.2726187586118,215.54255546054583,329.2992574258857
1003.8800904756475,-2621.087584740543,88.08546853460466,329.8167510129027
1177.221451829429,-2859.3776642025073,228.33814861010316,335.5456567814256
2132.935005579464,-1194.858238306908,117.32584842775162,336.0818695985609
1937.4694831771253,-1884.1575539142234,140.8822460187154,309.8038707260363
1017.4311960803349,-1061.5357369792025,30.700534549838537,336.7376281390213
1239.8269057837047,-1005.2483571773835,88.95166504411077,312.55502253553897
1102.317190791558,-2925.52161070218,30.79673680354123,336.94451928335513
2857.282864653821,-1281.5040359327224,84.47904844794179,305.3284749748605
1201.1573033432473,-1280.8321805514327,37.34320856989736,335.818048173342
1822.204213502034,-1118.2311517332876,3.7794759969592704,300.8671841583324
2985.250850102624,-2586.1006996452224,255.86306938334542,301.2884162937831
1900.550230891715,-2387.202390094729,-7.182326794251621,298.26298691260223
1293.43113944067,-1757.7514194315065,211.98733369361824,301.00635883276414
1274.1733900918632,-2563.8694291759384,193.85189134958728,333.77909056768704
2560.938353777763,-1150.492740458135,81.60099547874627,330.21579191884797
2342.41773823053,-1755.5913337308114,53.95579791056136,312.7509505095071
1316.437020593641,-2077.1080670865676,38.76644104994703,321.13793292906087
2742.1882466013362,-2577.0372286278593,133.93149630133152,338.27153525711014
2254.8928058055626,-2423.3173546585194,225.58472512218952,327.57114681000166
2442.2036405020954,-1278.7634579353341,60.37805556991607,296.06352563396683
2002.4344942082066,-2467.4716965674274,68.25757476755747,325.4852698825158
2094.2987862838636,-2953.382252887471,123.27192436979112,322.9142883634641
1601.4594430564478,-2738.9141238459874,-6.8049382616748435,319.28285892727
1394.5979044589176,-1748.8015514474403,203.57149777169423,325.7132348041641
2766.0093003121074,-2250.2590891160075,96.8899875225109,319.88681823085295
1570.5622878252761,-1430.5324180343878,73.69784650350732,324.66907206991857
1142.3393214212672,-1973.0562398108634,201.32742308889584,312.33044079986803
1457.7317934660496,-1022.0011472056387,240.23331787211734,315.1396585306356
1199.0881852349578,-2015.6177688991133,-6.869984525084886,308.2871987636904
2591.7840256367035,-2650.716240437069,23.71714224661941,309.31945385728955
1181.8447421694545,-2011.143073510867,153.72671406790232,311.70640108882486
2957.691238856027,-2183.162804125427,158.2636717651842,321.36348222034513
1598.428352447808,-1061.481915262396,12.27571321244842,320.9054747726913
1890.9219516525818,-2643.4002932194267,221.96709570469622,307.31120636110353
1317.4550742433096,-2248.662510353177,62.44479535222462,333.0150523481307
2893.2325101730794,-2571.934581135901,67.70954492587585,320.48278625534476
2734.6781901520594,-2616.6950392828116,16.77554928303469,312.0289553718385
1217.4842318376832,-1306.1899743013025,150.8640623003185,310.40622623686653
1197.8700895807353,-2521.3465486079153,194.60024514129557,325.3904759247362
1675.7395163209721,-1230.4288864822688,217.88443241313504,328.1811029287296
1137.8760713082106,-1390.133770314356,-3.9488448816194897,304.66078718482987
1352.0653119579056,-2218.2701387418456,95.16435197673177,300.109037712512
1287.2228130892179,-1042.8745889125914,168.1825489605008,328.1000749389827
1281.9670779736125,-2383.8695608987146,129.94954623303633,335.93839011134105
1766.2448641153992,-2732.939272520124,4.64868855591536,328.2557326890852
2579.5383569510996,-1994.1747488122314,40.642695155296096,330.5590700864316
1754.6800563732572,-2292.692552073832,-1.1549032870265012,328.6824620314011
2140.8032390676826,-1543.493167463074,-8.62902495532649,298.7291719571407
1090.5920484746023,-1383.1716766415188,21.404677039448714,313.4249554203826
2292.7135899061323,-1728.6792208106863,247.7929519369785,312.4003528052074
2948.31669774362,-2481.243004080847,41.99068796712632,315.34952698978947
1993.832441719921,-2785.2182466548093,58.77836907892625,297.64136153196426
2535.66410911121,-1384.553995816615,170.15410758540324,332.89948376497
1617.7136892054968,-1180.7395756826602,108.9820515936135,322.7667447483945
2592.08054186658,-2202.923649740177,195.02312917799773,322.1625896993522
2452.0520191367377,-1589.609675576438,133.9768467531533,302.5250289194414
1041.1396654818195,-1983.865655903847,222.94422787062297,333.06878760618423
2834.3751067816793,-2490.2719539352015,158.33997108125976,306.2754234364461
2303.106200979492,-2208.20972150342,130.6214625573392,331.8523313820882
2351.4200794990443,-1854.7419681671015,27.112629084912,298.3705678811931
2891.4620326262793,-1668.8475750057416,23.450945437867823,339.1915477338117
1407.361755733033,-1958.7710318331408,181.76651949622203,301.73052488595096
2625.789049101243,-2688.3886487093014,211.4408022786481,306.3950228087817
1404.544236436581,-1014.6929555535612,48.16303441638781,321.4735295960614
1297.702046593392,-1581.9422020879306,60.911128375824646,303.1389550061323
2248.2740520943235,-1196.2306940069054,27.530924601647712,306.1502114677896
2984.307559750368,-2187.7664643752023,249.86873096206608,310.40299748363464
1353.353010147914,-2110.472831443061,195.2736090580667,313.3457911421166
1888.111728824702,-2422.566776218775,231.16771343202416,324.82423366169513
1811.859280999105,-2618.348852990487,38.7369205655963,337.2349390972752
1207.4681456889891,-2264.537701645985,126.10511690993337,318.60966020697333
1447.0961309184402,-2534.3766350696906,70.85935163251884,318.160691327627
1916.1216792968266,-2784.8858016516474,143.3875131929838,325.0037768147083
2801.5987704503023,-1461.1793916010438,212.78096662033283,304.42816157858863
1289.6804806643495,-1489.0917530056447,107.52164458561671,310.8306110491039
1572.6158009153783,-2861.55209429452,37.926235436621525,308.0576352325691
1314.4895797079241,-1229.0298986478942,6.16134915309226,309.53789322910137
1221.759952970504,-1602.029478796414,223.14268616448234,328.682297776224
1681.7968447845442,-1986.0624636565053,80.27830763488342,305.99870713217535
2275.5570965109778,-2682.4802570587644,57.17065004136502,305.51364351124136
1228.411071328614,-1333.4703525419984,174.53340468612885,331.43168940613396
2327.6740119283413,-2131.229652801647,114.5141095396331,338.02127737281563
1369.0351188212364,-2047.2525902859693,41.26967840732436,327.38272796666615
2520.6971188068337,-2366.0742624417717,-0.06520416770537807,303.1285605475383
1022.9798247853985,-2612.9782263317807,41.36349909225552,324.4668510729879
1711.6248371187876,-1883.1648641963975,38.979451175323305,339.8741966378004
2441.426833563403,-2673.5598834593984,-3.4257851180902836,337.2289974368224
1373.4250187326056,-1316.4330275656744,66.61560793637842,311.0575634795327
1175.9724858229945,-2112.849487787698,107.85401174169014,329.57447268008394
1074.9692245345707,-2042.9756272992945,13.560952569538305,338.12169463574907
2589.1982678239337,-1595.9300616254668,133.49545995139331,321.3212546108875
1708.2140169255294,-1840.2999453256994,-9.065412387451563,315.91934907511427
2289.1209736622736,-2405.652081619987,49.889671229338205,307.10034588536337
1005.9923829528972,-1772.4643519889644,124.34587200906418,329.654685693671
2697.039143737611,-2565.74432795059,145.36065637019504,307.55340034951246
1818.0488850360819,-1607.4324969309787,222.24713301515735,295.89500507477413
1710.6733830959106,-2528.7052724162845,104.39619435851131,322.7673772120319
2732.5055302310743,-1306.347252629712,77.09128424241884,336.839063274192
1718.4546033797628,-1479.2206408217792,66.2704852474367,332.7720511704292
2915.7338055517857,-1234.0907678340811,200.5144081234153,329.36949430366917
1341.585869352109,-2061.107927022209,197.05295234297287,320.36464045647745
1661.0601029946122,-2684.1542071439335,162.0726933006879,295.72196873671743
1978.7025259368766,-2997.391237504255,-2.9806429551713123,295.718370397317
2432.6180420345318,-1587.0903524644527,225.36959199419482,338.1636985363543
1091.2376727599838,-2675.8891550693484,57.169803566329165,313.29832818703596
2651.7823566182396,-2907.454080832288,124.39092135535316,315.1638290520485
2257.587589501604,-1713.5246376019643,88.72262482085173,314.4189279701692
1154.2431987276018,-2359.6788415719966,204.34687692702525,323.37299897629634
2622.94169773071,-1483.5051558741657,40.72036875121442,323.01985783184114
1245.4730703640753,-2804.576557993612,73.26607364696501,318.76016672423896
1484.7092584217983,-1209.633234817511,152.2505844838976,329.2000434573299
2736.9718890475015,-1641.3220612171442,20.702970002782607,295.8743233464341
2135.516939644319,-2532.34515434508,75.71835085806268,321.1228071358804
1628.951191833939,-2257.2782024659086,5.973460443112611,306.6653656246544
1758.60573427878,-2525.6812484585744,236.6317576578292,333.4424052411785
2204.3498490220695,-2581.6995693264407,-1.9409880851510906,295.283042820313
2898.6076470214603,-2695.8865389927173,170.28512603186778,336.7192685822882
2225.568157659782,-2630.2776149199776,189.7758187577974,333.39653961552006
1817.3926889367924,-2703.1511277831924,138.42096112940462,310.7220325563523
1385.3565185286475,-2232.8481985879143,-5.694448700807721,310.2379080309575
2557.083802082031,-1185.5987679088164,151.69495707869726,305.17677416636434
2919.6405531810346,-1961.6582841248517,228.27353090502902,326.38668898163263
2084.8193083423257,-2176.1785296525513,39.829253189129574,326.705528705989
1773.0648267601327,-1513.9472109980625,133.79905537517863,301.3452536796188
1576.4267985477736,-1345.9659884606942,-0.6530915026947532,313.2376335650715
2588.568028851724,-2704.861317645489,-8.23772324973913,304.303113461656
2440.830521662382,-2323.761936948087,220.73361610948663,300.0605311081245
2643.5967309649122,-2601.628379740048,172.03509674886203,298.1079497080192
2959.1506372804274,-2018.7540686232635,197.57142220286772,332.1361669675481
1335.2825013933993,-1716.7055622557898,78.7381604605509,328.8015971772303
2296.8665587218,-2598.7281887657145,50.336966909954995,311.9415261590759
2069.711861907017,-2737.813968163019,209.64643061560366,306.54416590256704
2336.943343220519,-1910.2936689228663,181.77363526605956,297.44617971942665
2303.101386195146,-2648.2163579396542,138.9217752317945,299.8956653225848
2583.0669185317374,-2629.816470480656,257.63411455238213,312.7488497844443
1176.8813628735102,-1149.8830639048374,237.3625709920695,315.8539471729097
2329.9573338413156,-1992.234410625283,10.610315609576752,307.67297316120823
2675.219069034776,-1174.0929601327932,21.838792350552744,325.4412037733557
2588.575758942633,-2964.6968159258836,67.54778523489206,316.66096712864953
1491.3725510489585,-2042.8051874928765,10.42219054912275,332.92055081374053
2941.6892524624263,-1583.5773844781586,113.47278544233927,330.09016160965643
1709.0771205854855,-2197.857988506418,13.641066263614242,329.06626613946605
1935.3013648326573,-1058.3768131990967,109.38595325853183,306.2032013369298
1143.8573314448179,-2146.7457913439857,255.8742991190801,307.25846962875715
1956.6600454813147,-2289.420092119782,174.90070330266846,302.45702748549155
1875.3438459018753,-2655.083684126251,212.1440479801059,309.4767645547303
2439.5027164130024,-1118.72082166099,31.71330241238364,316.1024184249055
2652.7110663984513,-1978.384467282075,60.74857593778533,338.2217485766605
1473.6825392275257,-2546.5855751102945,4.198413194447429,326.68370960162366
1910.9049441513203,-2931.8635347316267,117.14435539344086,321.8081926512766
1375.640358258122,-2606.9658941129915,153.23228177385036,324.6742547110639
1031.7513420962946,-1518.964813268322,234.32853519662714,321.3069438931226
1707.6519317437214,-1807.6777120250892,-13.364735980359816,315.3205292254128
2265.018757873783,-2072.358214409843,193.54724413140528,299.4164202080074
1886.419418984987,-2205.295940937574,222.6254009100996,295.89686826555845
2072.927748352399,-2838.4679925593387,53.6557457715808,297.6454248787508
2098.843822706477,-2625.3708979018197,201.15503917111053,317.5150539253085
2408.4776002813264,-2708.1906128537275,107.67778939384377,333.52286671425816
2821.0727181054835,-1558.5420272149552,74.15063902632791,329.6282171133662
1236.3218656283814,-1276.902201432482,85.53501405779485,335.961473144708
2665.4728463207093,-1497.5549416385913,152.61039588625698,303.4501508724652
2079.3084717857564,-2751.853913018038,244.96493075446273,308.2411114043664
2170.008525262668,-1240.7564335372797,150.6386788180739,331.34454996437364
2068.4198312426497,-1229.3058090365128,121.43112954337906,339.5353425170222
1214.3271605832965,-2966.2750502772124,177.32255161700837,323.71894328235237
1065.376536951631,-1765.5266459347652,80.19944294021687,297.43064578216666
1418.2025907898842,-1650.0503522537258,61.907254523005946,312.28188476348635
1572.472788115138,-1042.1250547720583,147.8597797192232,335.568848237902
1049.0912342105976,-1590.4353539482956,37.66802342739816,319.4849555427581
1090.1264087715506,-1210.3304112758142,18.789836633948106,307.8355551689812
2925.5365399790835,-2070.5100992363678,162.88953349208822,303.8835670222118
2566.341005851241,-2078.9009648299343,51.673293324439186,303.1307713431713
1082.7828067038527,-2468.283766187864,107.62504337578852,332.77619879170123
1070.5520970546208,-2985.8749477880137,-4.822364515089706,323.84143249801593
2320.8565042303794,-1826.1000097582412,245.21310515476927,302.59525128134624
2522.406914606984,-2367.748751538015,36.54321145045476,335.6162131638313
1412.6654808166597,-1414.5793843538263,18.910493484814893,323.136573199223
2496.345849634504,-1823.0870983766129,69.82942432843268,322.82302595911665
1498.8368440308018,-1611.255459274937,30.55676547563548,332.07785677405616
2523.6930921293742,-1905.641083923346,108.58415776042905,329.73638634736074
1439.9926728465505,-1372.7859831697633,188.7372206815655,319.82136338109547
1160.9011298854232,-2569.2501048910026,20.066234609614924,298.12258473613633
1069.4023283424974,-2138.526826839885,158.41088797037222,334.89439556974986
1177.724943568822,-1315.4570501619799,175.53551217978705,326.32182722681983
2943.571132728386,-2111.434347649938,248.28515253343886,308.0122093700707
2138.8240540993925,-2958.4875098517714,198.92047727916753,314.3639519137749
1375.1263339475718,-2764.838143670042,112.5285883227695,338.4772998976541
1592.5569777077146,-2730.732681681815,219.2752278611293,327.0618930873808
1672.5484307370998,-2426.9567399016655,245.88783087614178,337.0079329095564
1439.6538738770282,-1661.8425990671776,170.08648866170742,314.63404618436476
2505.9287499662614,-1478.8343481252634,212.98550228931765,305.00248029285143
2917.9853874162864,-2858.9988537950467,112.8836390570486,322.7960574794193
2048.1436395894334,-2940.1155559365116,202.05247945442758,337.63143688088815
2120.0656276596746,-1674.065720024809,118.64850669075287,333.1218187605392
2131.4898588768647,-1434.8801277072046,137.82846323289013,302.84056567244306
2779.5194459989643,-1750.9430787470699,185.33596508170072,337.0224967499335
1149.5534363862375,-2500.809581320834,186.73460885436188,311.49820432340476
2645.211243813288,-1408.5685266103103,114.37797916551406,321.2503522198
1002.2812311800717,-1874.0336131635065,183.42589416193292,328.1954040211751
1677.7445069164207,-2315.614552192208,202.41930564810198,314.55719713272146
1976.7548933581015,-2329.0490484658526,107.54442922296667,336.67483699418966
2022.1802143012897,-2261.399369806339,136.81219390279443,318.03782419368065
1897.2904366417392,-1070.4275461736036,110.62578970102149,301.2301063296731
2309.78968318515,-1373.3634969397187,83.7992190692127,324.23404759298177
2518.979361000096,-2480.045348673037,68.43530170726788,308.5103100947526
2789.053379316322,-2064.1327070082284,230.69207447607894,337.5202958770416
2428.561981895264,-1065.3809352873268,203.00916160659867,325.12824939737504
1463.6874764628303,-1162.6424634453624,144.6430911435739,320.0858706303721
2941.3538071211506,-2557.612973134289,158.76124008932538,313.45873424397945
1472.1495545069943,-2193.7606584328196,93.89087646952207,313.203593161816
2444.361881349404,-2431.7670991546165,22.124111802087334,300.5542018733929
2720.1526768512645,-1390.2929339536615,113.3569828609132,325.09636279498375
2148.1037460625635,-1503.6217593059812,90.88942175177604,295.74429174142267
2511.7430265262274,-1341.8274118437544,211.71645802763993,299.04309054432383
2071.3994654867633,-2821.803658700748,61.68307363748683,322.68866504956986
1959.0220024472856,-1699.122240650112,219.7477258799418,331.63012388733114
2619.2717749616295,-2298.30324831595,27.76516157976328,301.395162265339
1252.5626990085693,-1875.2808249436546,26.679335355903383,336.87858448489646
2617.3944669547736,-2757.4707839634934,175.10272996631633,328.8272868111127
2363.512572002345,-1564.3425398289844,-10.48281310387566,320.14125235921836
2497.4371338522114,-2231.354035558805,145.3015659752142,306.97670107860034
2408.2284050811886,-2506.3845703253096,251.3057846215259,321.99403043915396
2704.6862046096476,-2089.5922362163683,222.92576766775,321.93132478805603
2158.7698016166046,-1003.6888029371562,95.23922547591543,328.76559286060206
1075.913690913914,-2069.622946378913,232.82891242486104,322.1659442127303
1548.312323000142,-1809.0239445014176,8.717230318296231,328.87001646326274
1431.0372567332881,-1334.017159273906,96.68145114153053,303.7304636218837
1383.5627535910264,-2120.2728767921517,202.59091412969877,339.8371955375299
2245.3579085773367,-2443.786335493767,147.46332279476394,320.853385538629
2032.7874979937346,-2341.0390981348955,135.21926189130733,330.1435333523113
2131.0862191509004,-1771.1646090007066,67.49165490203603,336.5724030494768
1002.6629580162676,-1343.0635865824638,227.43282491542755,327.56310378930493
1809.1361708797112,-1525.3044603845299,57.677978888825265,304.3142853579446
2117.457690639773,-1339.0087802278924,184.87272573418122,318.39238510299657
1768.031500889042,-1473.1661969190684,52.40548519850458,337.05186743349833
1271.4879190358515,-1844.2952402182523,152.84965390598714,298.42932654841024
1492.63334301832,-1756.732568596815,126.39354098916581,331.5464583736333
1695.0690109042528,-1921.5944902660299,42.36590221296603,318.92753082517993
2135.4182186704247,-1013.7953002982008,95.73096969537924,305.3574048261106
1833.4076115983203,-1689.0916284088362,201.6899057998541,324.2797257576658
1104.8724744952303,-1594.3397452004554,66.15873189440087,331.71628963017974
2985.836656388551,-1233.7033039744751,153.50747235983354,303.35714111327405
2351.3199288286014,-2020.718083000319,188.95686004050148,325.86933626400275
2895.034013241895,-2432.088345408792,-5.830203863695905,329.36697842603564
2213.6530185042775,-1424.188791364665,107.59516131018411,326.7501435397717
1385.968213968847,-1481.563989740238,161.49516437965286,304.9923182643019
2123.9790388285946,-1969.339480884822,-2.0366168421346114,331.5018260680324
1916.2656032462337,-2451.9875543067583,187.84052552528826,336.6273895320891
2433.583720682931,-1497.2890842406748,72.58699554489334,327.11088882686283
2468.3674978480935,-2538.916785408407,-1.6610249627430225,325.806422663931
1262.7069018822158,-1945.8787249983425,234.75680517478153,320.64924827010157
2163.6844398670737,-2867.905767356275,251.01643433459947,311.8715855278184
1896.509048847638,-1191.1320703456388,204.78180373829963,317.92976125941124
1994.2567187453692,-2409.224196680895,207.0595515725945,309.1024860019034
2471.754446568544,-2358.12258485768,216.13967281728577,298.68170737285357
2714.5892389066485,-1214.0506477542624,-0.15838132893357226,310.19251998184967
2103.0720546652574,-2958.784381841494,166.48561787123916,330.10309684107875
1997.5849998748665,-1744.8276643976192,215.60570651183463,323.75078150438065
2159.7275374471346,-2909.7115788223236,217.897542915543,307.6892850768195
1944.1252621933863,-1398.1609312572527,45.64819239588966,296.4984513638314
1226.555707972121,-2456.1061419632556,144.5632925265388,325.3862329878425
2595.520971619462,-1618.9943359162075,238.75059596938758,324.61556637534443
2224.561575296828,-1508.4533829807426,7.7064606931521205,301.61616379072126
1384.7921224063798,-2227.2990740525115,123.59573604946982,314.22375763282975
2091.609239751383,-2821.209724709418,62.02191185197921,302.3101004224625
1621.376396977546,-1580.0660247882586,203.48672654361116,305.8612844545206
2418.227741581876,-1668.52126433714,-6.197823726466895,313.05293221591046
1689.9088853620624,-1528.1923188319151,5.742657369423519,317.19010079197653
2174.887927573266,-1349.264197581939,8.271363524891157,305.60530016642025
1950.7886543335364,-1415.2934156474862,156.4734629451658,323.16413454510496
2690.238770545847,-1534.357363466581,214.6058758791474,304.27771990386486
2878.4294678911074,-2882.8379113785713,53.374869571144984,324.53582936547525
1150.0169368838306,-2074.6573057860674,22.033599385026086,300.3455697237658
1764.791878073803,-1031.3257569757313,27.563974781620573,324.6264840010805
2061.6303257936934,-2050.992887730145,159.57172650906705,335.2933882419474
2435.284716130478,-2835.3405203386865,60.701614494862966,302.47697840077996
1392.6288351884687,-1175.3175944291731,34.30517536000265,336.25991779041925
2794.4668729381656,-2392.0859870798727,155.43709531822412,323.36354296109715
1397.5919285703164,-2132.8062712658493,6.623803902299947,330.23526912442065
2204.938254991736,-2007.144995391087,30.716804476184855,329.23273769960736
1792.0591388378893,-1991.6190974726655,61.36668547781902,327.4923516611765
2157.592083824498,-2039.918804174747,109.66488680620073,306.3525864346155
1136.9981274254924,-2228.6121384527833,53.021163388917216,309.4221191607975
2440.3164509549106,-2112.0660922977554,244.5204243780821,325.8594331319078
2534.7806743568185,-2945.4466731764023,135.91785069606678,339.903177292443
1651.1445920236451,-2098.407913445192,-4.493144113816323,296.30182073791144
2079.545585361944,-1686.7883452473422,85.80130753254133,330.0433253348018
2116.1788131851845,-2413.25868017673,93.85607348149746,318.22045929188533
1259.7896250189046,-1929.8056327398763,153.74788930565015,306.68041220892655
1409.0514301164985,-1664.9911431459093,250.34173550719714,334.4749883340355
2369.0502326869546,-1539.2105749790326,95.53437097582304,303.4633930391192
1637.3600305233026,-1373.8401215649553,120.49944056092221,307.5212457639294
2780.5567156445986,-1592.498069449311,204.5525742007917,312.2979093798985
1207.9520910658741,-1574.6050512644038,195.90245515825328,331.7655046064717
1662.293886057943,-2338.7965620838368,255.39666655078082,301.5443276006389
1169.7365098810908,-1603.6100377040693,203.15271264736083,324.64730360460493
1531.9115755905004,-2817.333333908526,187.99550424578229,318.43113397217604
1060.5387280036427,-2984.988066242336,-3.5674281160199772,332.24621357388617
1978.1449389519519,-1786.5028907472363,-12.817462822793944,296.6354638384576
1870.1413677450719,-1165.8739313181509,62.15875043621237,326.8119202504923
2835.315860148343,-1725.2211907344513,-1.302002302434536,307.26751553529976
2136.524799528099,-1324.7980187282737,55.45463640201912,311.80163656656237
1784.9173910283675,-1562.0137641340314,-1.9925147170643367,318.9825721515668
2122.240777725324,-2680.08312380576,42.50853775702113,327.4583660099834
1043.112663931712,-1142.4894665706263,139.32361144275495,328.65667284708377
2479.9023969728805,-2260.454218603182,-5.856311949757027,297.1863102439319
2882.828943041207,-1564.7400202373594,-1.417820698931985,317.82890001285625
1426.4742989380038,-1180.9475034567017,170.73257621509035,334.92597275980967
1782.7084417168853,-2941.7074239583512,45.555950325552736,309.35063365017515
2592.7498336424896,-2205.3469652822,6.42533297127008,315.38371835623514
2255.954494562504,-1398.2470375199257,-13.127622523700996,332.1963237449906
1449.946386365575,-2572.6636822240666,59.91011531707643,308.91927660538744
1503.3625036354629,-1500.309876300044,95.73845380188993,303.83872035899793
2358.146163431714,-1309.947868108409,80.45293260718705,324.613370485546
1977.0105188936689,-1397.935813634102,110.42093679645988,339.4121996887173
2553.032246098106,-1720.0697772045933,200.63591815816682,332.5251342473219
1584.133450938841,-1810.0920415445955,74.85491063817061,297.0131880077227
2068.620222194474,-1504.5701466652552,196.01659147765997,313.005846621362
2444.908914523736,-1827.4695504126355,73.48365840350675,324.60012957750905
1102.7477090311402,-1298.0219214694855,242.73301369979998,333.0708325240659
2198.965148099295,-1396.7572020917617,142.15057787815772,330.21082978338706
2666.600749207905,-1222.1805623858934,4.128905079109035,326.66978401790396
1234.2555879369309,-2542.7299137697473,100.21218428836762,321.1787247581443
1592.8383285583009,-1287.0032231636528,199.52343377395292,305.77178405955766
2881.0675226767607,-1472.0268365272066,192.15257532534028,299.2050757186078
1082.552344038362,-2131.8968664432623,-3.945325177284074,311.0737785120156
2923.774036100018,-1109.242789799945,89.60166000264137,325.63273784531174
1598.6951044011494,-1951.0075097131548,227.3949756831763,335.6215309945344
2132.744829279879,-1022.4739800434857,94.54830786627383,303.2664806638236
1123.0007944270362,-1626.0824595543882,-4.820572037718648,308.50759928426254
1765.1065710313096,-2029.9635437354752,44.16576537930481,303.77579113997774
2190.3570634097096,-2100.2151687698592,173.00635266505935,320.04403252089537
1320.266010608534,-1589.5343827674124,89.42895099361304,307.69253099011615
1697.5294534590507,-2478.0367906180254,12.705932333278025,298.67473171183946
2580.634904969061,-1037.9765593709012,233.6758408246982,306.66256057609314
1197.7730551975735,-2492.5018197711597,214.1439836584584,314.62714798953607
1568.66436278484,-1076.111350664555,74.02023603382618,325.7567914835345
1706.8151407010148,-2255.2623039076598,246.7531754412426,328.8654950505736
2234.780961512185,-1174.4141205738508,168.37444587099054,333.05616007416944
1500.1901746388207,-2067.0379756217044,81.84485708740743,339.43145291310475
2946.0967985213465,-2867.003584193105,52.198336131386114,332.11541315630257
2054.2629926477325,-1791.571508520898,132.64463363780314,318.5132514327497
2218.129541572191,-2915.927226224756,100.98599891617364,306.0279792581594
1370.3379143333716,-1518.2325343677471,7.941452396129915,330.3665982479913
2540.645891004807,-2044.6352811432482,170.30059941724957,301.9598843757036
2073.046790322815,-1702.2710513128663,236.2430682960055,338.62981838134914
2370.195758381881,-2086.636936804721,116.83417298307307,297.3430756786973
1458.914722688185,-2739.93743624118,30.983738042620587,310.66298555265155
2810.300011148546,-1134.2399060563343,4.564220916934694,337.0056832164092
2495.276884230161,-2188.8455248637856,91.45936596153025,320.74334554972035
1262.313260741234,-1980.3450309887767,153.4890118356022,322.9441366979646
1053.1880777329716,-1842.5383542237837,210.86855414194588,298.1827455069067
2677.4190437850893,-2836.0391954220036,245.92844017276173,302.9850314876274
1578.8831405923002,-1367.2424590766948,63.87053136711202,323.7510101289462
2800.385401809256,-2843.44665186153,139.00334623629377,332.64205600545756
2990.459807205367,-1752.9334174295595,197.72553872396065,318.6220963641448
2964.664774958943,-2021.8139639053725,156.65996934000128,297.2995867638024
1861.269192458105,-2616.076564612598,249.12205941271958,339.3631823725118
2321.1809892717565,-1988.8775965679451,235.71574027522132,298.46852993619433
2781.547285798411,-1608.7443489985915,212.24478252270532,309.8661323023998
2954.3879982409235,-1604.5161671443539,244.75164777112337,331.64302166074486
1895.2075854617924,-2070.2317023088963,127.83560725556549,324.5876816656776
1013.1811927384724,-1301.660970067517,229.97199685868165,306.2758603773436
2739.3688356678294,-2754.2865216251116,85.06317533626029,305.6254477413202
2728.679999348893,-2122.791660056758,212.949412869554,306.7235554399202
1684.648131011753,-1752.3432003460991,232.25248252441517,306.58006723853555
2052.735540528899,-2553.789887401893,32.98153923092729,324.5165159741331
2195.361099649262,-2471.1270605062505,207.17509064030543,307.96364835469467
1418.8129678742698,-1981.1184786307508,221.69477767326683,329.52659850075054
1277.1157829123504,-2555.1535987925795,47.95268544272959,311.2293276833827
1425.6032098941923,-1485.5176868306585,73.00945430922208,338.13768238991446
2667.265329877573,-1195.8110141449167,117.43738522947953,337.1539941621502
2147.7407260525024,-2923.727607215338,210.8615870496946,307.7735645314407
2977.450333532489,-2694.8128960410563,114.58439010577271,318.1528980093222
1643.5116222981894,-2198.988339575294,117.22566064357017,333.39809415068856
2701.8629007283926,-2287.2217603768213,234.8220382807741,317.4643139164259
1397.6317813025735,-2137.5777322613944,108.20828996064671,339.66913117910696
2219.8057940422723,-2584.5741059685015,240.23177377793098,316.6610480603081
1142.0792969383808,-1695.1957041278229,122.54921201279853,327.30286743037897
1305.031211328126,-1742.1970396094878,184.74260821151242,310.70559074508003
2247.3350887318547,-2197.400355242195,73.07134403137837,302.5875256281333
1632.7448466250335,-2045.9657273896864,110.95527311321557,318.4683933483325
1054.0872375448282,-1199.603708775444,134.34675786417955,311.8043215079843
1243.9086975358393,-1212.4438080148977,178.79922968979466,303.2265830299948
1373.959831433509,-2269.7992377030705,31.854958973328046,295.35561590141015
2150.03327925676,-1603.641579843095,257.9233041041741,316.2521767756565
1586.4377749507107,-1416.2805212476421,42.08598347953578,318.26240744507845
2721.1398442688387,-2973.9513849238783,114.79092250350828,319.7338840668574
2856.0364622419665,-2127.3373593151123,18.673424747816227,322.6894321432427
1258.250495173671,-2530.4179559213935,259.6412253480712,329.88105144229803
1327.6867810190379,-2215.862892088073,141.2728627197807,314.8700672715777
1600.9307455804471,-2331.399290348974,138.8126763105386,299.775210987183
2623.33302968513,-2849.7162333176966,141.786221043,302.3230721460716
2056.6937158225837,-1953.249897205171,208.28952293912886,319.2381150179701
1788.5953760189113,-1082.0301194040082,138.07061549945755,331.139678230581
1139.9531272996055,-1124.2411841821458,-12.18366516345925,298.17568432464583
2911.1546235415854,-1049.3176851448434,2.306711599544702,312.1384339032601
1171.848940078622,-2523.264303392613,7.023151492337782,323.36587610705925
1579.181002958732,-2452.3684438913197,2.830374153423982,323.8884209763918
1699.8580309974172,-1012.4773475102404,89.81492074883292,326.24080807126444
2464.567998614341,-2905.88185735107,168.0911085244764,309.82422418579984
2624.8009041065707,-1703.897043016943,101.88483465126747,308.1372699223759
1000.9401211063296,-1854.9391642962953,139.14574915797056,308.6252811476208
1985.4897612530199,-1014.7554179637314,161.74049215327835,312.702735709212
2056.0096763614683,-2668.505842208174,100.97514592715169,323.0935427973346
1495.1708526917055,-2014.9942423480938,55.73903915126432,313.89519915727817
1534.8421234219315,-1188.011969927252,253.89799284242974,317.9968500034169
1538.9160508068999,-1295.1051075551186,99.53682902529448,316.2486601876568
2307.3489560562484,-2967.6002700617587,16.526425883568997,298.34901048522363
2057.6651013726505,-2324.5704184830415,7.127469737020128,331.5775439656243
1402.3856869272452,-2593.524788042563,139.8097049970144,310.7530487720049
2987.2774360827584,-1840.8197651108405,75.2758378559241,339.3902004023502
1081.5603807619927,-2288.7137143432915,139.56177526313314,295.65961635915033
1395.3871936402793,-2904.180869318683,238.7967112340548,309.6537327208554
2642.511886014234,-1838.710388539836,156.7785419647206,310.6637531782796
1980.8227132580841,-2752.0518825950103,245.19052936516675,333.0150424905596
1823.3141702894306,-2392.3868832677013,157.27204642392786,338.934654161209
2237.8928651874458,-1498.771013849184,145.70950330459831,315.88850372483597
1557.491424916262,-1036.8876325380315,70.58635552700721,318.2338896061045
1284.1218579051902,-2587.6315422391986,242.80656730782613,339.7221770547926
1768.0529550088663,-1527.6002643421864,6.8122949444062115,319.82367498945314
1699.3494501021846,-2742.7913116859722,110.49407189380511,308.9821023100027
1332.3457109813503,-1563.8929633019632,250.04728168091492,308.22555459299474
2120.844030868947,-2585.915470942063,215.4303624688803,305.4416108868732
1095.655594258448,-2401.3917285588577,175.867713213803,337.1437282884789
1386.643607757214,-2775.4596769554787,143.74188562166165,299.32476282058263
1626.9571685375167,-1780.8735321437414,49.5868341593399,299.7150808577652
1416.354722572863,-1240.7088506063976,-9.957255859118,312.3836127925796
1650.8290469622816,-2926.0164331705882,130.31110454487222,309.8148591729438
1096.8241947907186,-1560.7099301956007,250.04805818174242,339.6566340868908
2277.448432483532,-1815.9257677926214,104.01319910711165,327.1481744847871
1305.489244878851,-1125.722688542087,212.13171785505702,298.3704088061497
1044.1579542353427,-2327.5884409181717,52.614133527486416,311.5597405566648
2528.5914924830295,-2135.4708867243376,-6.774205629519766,302.02033430407727
1206.016017339667,-1531.815782960721,252.75298952578913,315.7067597113725
1635.43852811046,-1376.8690583219113,66.29298639132722,326.92261611433094
2406.1419132532883,-1806.6822538448685,104.22233482184274,303.85617403752025
1995.7265368646304,-2656.796258782762,230.36153473537647,338.23700178835026
1838.9944939577008,-2240.7117887815966,80.40903173828232,325.1164801268798
2197.938581570852,-2620.1297634252096,198.2493387632796,318.6134573582772
2731.112194257038,-2711.9030997835216,72.52508710438222,306.045803218266
1803.469551047242,-1479.0549308555903,231.6396681772133,314.9656705272613
2758.6016788252964,-1142.9185722478567,114.19714565282771,337.3965482040595
1535.4242045645665,-1968.2779035667684,118.3653721373137,314.59479606694526
2082.4415812808143,-2483.1080046276834,122.21123359329184,308.71894884623606
1860.2604376952681,-2232.5608043306866,108.73018302259469,335.96330501471783
2213.214016921915,-1155.1262492041624,193.59650539525572,316.33957994692844
2189.5038847194983,-2048.3012976724026,151.88900913604894,339.0614914557054
1935.9186564443573,-2963.4113260248923,163.3395146918453,337.65823392929786
1008.2440648100757,-1396.5361329523896,60.74429453562014,323.39138540571145
1875.7531789070435,-1328.1934726484083,115.81155816272582,317.54971231390044
1202.2019629185293,-1183.3255640206498,211.9634335459167,316.71183223617663
2155.0065760837774,-2254.817812143854,219.53318761349726,335.800927362634
2927.709420256636,-1119.9874944736234,9.110717687119202,308.9925492819447
2176.3673015410977,-1152.9896974843418,230.9780924466936,313.553519346523
2964.780810413831,-1158.2840414841742,126.31101654284356,332.0757370025345
2739.9791988332045,-1926.674421423556,229.69721616107608,296.0134624428827
2729.723291434092,-2337.084150626924,233.62535337395067,334.1471857133546
1247.1604294350054,-1838.510110733418,232.53993802007136,301.75347809489796
2668.1691814331416,-2332.8931255322364,233.1794429584651,314.75560301944665
1703.0997881133867,-2083.55886752873,179.28863289353762,303.9651508669341
1496.603010760718,-2931.2679842105804,186.4227558727792,300.42998209375526
2031.458421094719,-2178.199434886941,128.49699818762028,312.09886979910607
2958.0842085128033,-2487.6591728897733,245.79661288055064,309.86856303479556
1813.4515727112553,-1091.1871201076435,241.59776888014488,326.69819475045097
1564.36901394478,-1820.7824684730035,70.46335312833828,319.4393325347223
1224.5268486222465,-2634.7224033839816,19.477000109827323,339.35630117673463
1944.0158837656668,-1357.746175456923,56.56899452110254,319.0901479469825
2340.049207805211,-2235.238805580223,227.6039944316937,337.7556244794549
2929.2614413332894,-1104.3139336594168,243.65634134660786,314.29337869038096
2271.807115932631,-1406.61165059823,138.8929141941223,298.4541097769484
1655.7871650971967,-1359.9201088152229,28.65414744363649,323.97451131159096
2420.5113601820995,-2875.9153360824953,130.36137822312813,311.3904597585028
1436.0635803137307,-2121.7658099266637,129.40414110099712,332.823050750668
2882.8459631142305,-2059.1712872585713,89.18495992576307,308.3355521981079
1698.3349955098179,-2051.58411826284,208.28397795892081,331.4307819020095
1211.529718714945,-2567.0811429577143,214.34923380148265,323.22476728766645
1140.7174306200468,-2649.076522699194,181.0747825075189,304.9714828077645
1694.8517695073976,-1734.4104284220502,170.800391092571,326.82415176575086
2316.8222076008988,-1956.5883413109036,120.45772330244455,314.2448729002515
2766.4393462371845,-1353.8182129704849,120.2763467732415,312.0319643391422
2283.2021453209845,-1272.4015543651005,99.01585650866204,321.92043131935776
1781.7275407036768,-1271.103124683661,46.03326852161754,308.5192787623201
1070.165868785518,-1598.4884043494,-11.330063830480386,320.8551581106753
2467.318343058929,-2884.2577451327243,126.6209518286127,334.60806869153265
1003.7196033731761,-1733.545504783677,149.48768165583223,316.00476457074046
1990.07191457001,-2738.060598725345,6.10885849546543,314.04665792898965
2264.4295063912705,-1656.1866697171017,179.02811997852496,328.36501833076943
2012.8025228810711,-2851.6882360392256,20.428812045292062,333.0423316814869
2626.863851711143,-1413.012969030662,141.00958866450483,301.42712646914123
1156.2873019183812,-2739.8914996089675,213.19158844875136,309.0858886696496
2927.437235230166,-1966.3735054835045,3.3324524054699403,304.95795038871927
1516.745191652511,-1317.341442981432,5.414416573206516,310.8483693418444
1617.83182682158,-1948.2762274737695,57.24319151653057,323.3606530744487
1135.9677711386435,-1670.7295228842233,246.96417680384025,301.83262611002226
2587.8842214874703,-2809.8922318095033,-11.194343629033174,332.25047646936326
1749.173639661618,-2724.114272799119,108.41043958279941,321.0284830640065
2960.757851365777,-1125.2465452575038,136.2123743252609,331.369464856973
1179.013891161912,-1426.0527664457254,252.83453303284608,295.2507272691229
1587.575176612805,-1200.1260678025362,187.48073489608612,296.4018183768094
2763.2933166001685,-2645.015780564023,23.936447578833217,327.8982545702655
1925.9534181231359,-1841.3813779688548,-10.90073688650786,329.84567444238786
2176.207007426314,-1325.7365752874382,4.829857862145968,318.5340521903142
1855.9938435490371,-1040.1615637115067,97.73367541275736,334.632053779816
1493.8283492193784,-2886.0727339455307,85.03067588092493,315.3346680961599
1843.464548525152,-2270.5867940204366,94.46307154959577,300.44269656273894
1750.7124937106692,-2498.9234449533706,212.36688269788218,318.2721454067019
1336.4891925449472,-1783.823330173961,125.20571116055655,338.2782844510445
1968.7953638287609,-1747.154926207268,223.79358495283591,320.0471120652644
1673.8590375228434,-1021.5319021909156,44.92434161849954,321.42734793214964
2556.383479201886,-1663.1255997921148,125.35029611662938,310.8713354783938
2473.5624141352437,-1574.1655755855243,230.48761662164355,316.7308099457631
2801.2909616821917,-2327.4277187549483,10.575674777929173,310.867269968123
2008.2405506575108,-2163.824274302945,182.54971928823159,310.09931766171223
2430.1179111589663,-2248.6492073532563,181.4626843652337,337.2613327970412
2229.9321071631985,-2519.383949254147,125.16821137044084,318.47663549880815
1456.065934643487,-2631.407440171352,135.18518832938352,316.98237956556017
1555.9439218448724,-1972.993302162051,256.42239093724976,322.8336552891664
1519.194295672536,-2806.965688203255,249.65404925393767,300.0653552514118
1766.331698401683,-2325.6688988264523,30.913575619462648,308.94666637237884
2690.369873077245,-2158.4622081223733,23.056111544593982,317.3216463096309
1274.8053133976755,-2882.962330416064,182.82089471414687,300.87855978761746
2183.074731964799,-2711.9549622179347,70.46706587959675,324.28920933619645
1713.784905418026,-1172.1135642616803,38.27684653625343,333.66782909903856
2563.504947048632,-1807.3782893012635,221.9859607179488,301.5900016779743
2557.8757987477934,-2258.7325410562653,191.18939465406893,320.8205519725387
1400.7359513143053,-1737.7854273608489,179.2632984891038,329.4711168976291
1186.407976484679,-1271.295409432326,144.38050376126856,309.4057874355299
1343.3624187224987,-1212.9131731989512,112.61693213320633,330.7561664747494
2838.3432895263495,-1697.2695407856284,-9.562489111536035,309.4217381839945
1960.2283746999262,-1236.050547452203,170.12493331805834,314.1672594995521
1479.995248144191,-1429.1587519839993,216.6922307010787,309.16135134215875
1729.438791715521,-2135.7473101243645,175.4360643751657,301.1419478805539
2309.3644117539707,-1753.420980975503,51.70858318131204,305.2230824899769
1763.2732935910387,-1122.6993383115664,121.01155265460457,327.9410807415127
2597.1632061535993,-2243.5184851912727,193.55410414276233,297.2304468646188
1769.5463628963544,-1584.9546182021636,192.7431573391257,300.66575454295906
1105.5562175874538,-2415.3465236658058,40.48966691768709,339.5751668498175
1121.017875131854,-2919.150793331062,109.74212925116942,321.7564879108533
1863.29720954386,-1410.4762119834772,43.98089760479691,315.2756597381897
2312.729917626387,-1130.5461571005676,108.2512751136897,311.7116553396799
2417.783308941821,-1939.4001674944675,109.84031795433987,295.4931828901213
2275.7518388976523,-1804.6095307597504,47.62109482632349,332.41809714573265
2658.617277311825,-1399.8045536709822,78.33588860667781,331.9170938987205
2965.872282784927,-2897.210851972246,37.4269252772515,318.6388239483419
2051.3842203327836,-1171.1367643903175,190.68521973440338,311.556601175081
1607.3799225936004,-2179.0939682177245,-1.7845849823524453,315.8957355061025
2427.9575201354,-1466.000446650293,-13.870194486856672,338.3473664210555
2263.5413734138774,-2088.2914739835687,7.181229295583716,328.952118634106
1630.190349839211,-1014.7320162380311,11.310994712762472,330.2298117500675
2238.0578466324414,-1227.238473261793,233.26142904362376,331.01354541895387
1787.6671336235245,-1618.184274395497,203.44250411916465,334.6045595744889
2941.967642020417,-1899.4742581396636,158.72833118317305,337.85214261035884
1371.7377119251496,-1380.882795246292,158.21403399531945,321.4380684687355
2551.9054308694012,-1543.281326176839,192.27332519359925,339.0537274435643
1504.5105333566776,-1799.2681988112315,197.11355085339636,312.1414094684991
1905.323653538685,-1805.6784248379354,66.38498994078252,310.551547939389
2507.4021869272483,-2282.285598190427,149.99846841630267,326.63764997847545
2600.693186834442,-2981.197323858238,99.03338948921946,300.68542295219066
2236.0488810481866,-1945.7982526559904,245.8890369256822,318.9051397661555
2417.9336776183563,-2494.3734358688794,210.21750771412871,338.74232364507776
1029.8517313768266,-2993.977848773126,4.094366208701807,298.23219458512
2286.809950397843,-2271.165636461202,225.91088866441768,314.4409330314265
1046.9274592987656,-1037.124715912273,161.87490075900163,335.68977229369
2391.5678925069533,-2359.0862938766386,48.27540231384107,331.2755218320403
1285.6477335331701,-1834.2497023100227,116.59444099356128,317.7140117768867
2818.058830559625,-2558.437725116774,234.79457392065032,309.62329561355494
1508.179934715018,-2352.300769997305,105.77424546590275,325.7577088877647
2065.262172351207,-1565.3230455667003,211.87392824024207,309.17167797326636
1527.1205724588544,-2000.1817379269305,60.16498077603585,321.3259138203524
1636.582910839641,-2118.387078163088,13.635561261754315,336.6711741157189
1841.721194627527,-2350.4787957390354,229.5460367674193,316.5711190403724
2238.4150657838595,-2496.625698933047,251.51545928843598,324.64972295912696
1169.4960795300185,-2384.4514187053196,-0.03537826122621546,315.42173564856745
2740.4868552283624,-1277.3718785490016,31.74047282545603,310.8433977155883
1950.141018834206,-2564.822044212413,131.22324783089067,310.66532669884
2450.8025255020057,-1850.713148345694,209.68122351815427,297.84074269664706
1047.532518277066,-2142.7760793818948,165.42256521385917,312.35362005530243
2321.922825579043,-2328.8007149267105,-3.080218993864884,300.5683520728633
1518.564893679339,-1341.4302117343727,80.13291552386994,338.13808497677417
2272.962270158988,-1390.149445095787,78.41697095149287,316.4602663512079
2524.859294375956,-1807.4653712428199,173.17736152045435,310.76059304240647
2272.54098854939,-2490.9494406397343,200.85535566320607,329.66864842656554
2649.4349083232373,-1833.0585285735394,95.22229784802673,311.5493912853557
2257.912462613872,-1863.273192236808,49.01916142679593,330.5579787808554
1197.80125325923,-1284.3202605670817,72.50073613122781,331.20159662026003
1233.6161260493102,-2996.0636008911615,101.91737398115744,307.86038693032305
1138.573712276363,-2008.4116410949332,101.88897103766043,310.6751757544676
2514.9454136676372,-2057.4205710268625,111.74794440591147,327.19279384656153
2926.6957104766543,-1709.383418860087,163.09460786580956,300.06903325345445
1235.4272326216474,-2397.13513992227,77.22748227496861,322.01577931376613
1924.493938394713,-1404.3233648938665,61.17337212394014,299.70391280697146
1296.6685296537257,-1878.3657706937167,36.13456257894673,301.9203296578583
1743.034578461002,-2328.392213098562,62.07233628377659,303.45177376824006
1041.4440773093606,-1651.8048175723661,6.417156866717999,308.3379475420188
1452.3906468760347,-1367.6537383007865,34.7908957515724,310.40000329112445
2349.6332595886647,-2477.6138627248138,215.0743366209837,302.553790594473
1196.6282157134597,-1942.858827444262,183.21730700872104,324.2786960555472
1165.9584309044315,-1344.5446404299387,204.86132358358591,320.26120728209276
2544.4489735589877,-2702.565770841696,206.72067716659285,331.33021669356015
2722.79835790903,-1812.5026287901114,-10.759970483094591,310.75027782325685
2984.7619146925654,-1599.8491378175052,20.063214535590483,300.2076894174424
1637.4624309758628,-1413.457150038949,2.8387841922374513,332.10577992536315
2455.713739245064,-1106.5594816031644,113.02445256904184,331.5395789589446
2491.834653226162,-2524.8767635280433,211.83610194131228,312.44453188163914
1878.1082001168747,-1254.0288391462798,211.84511821421566,317.2197246234235
2917.9674905563907,-1436.676496772518,104.19958675334513,297.9331985414542
2316.9520352594627,-1358.1584324718422,138.96068014958212,325.3866281153336
2165.2056195384184,-2298.2162182297384,253.99055514682732,310.09630255618583
2697.6554320403447,-1829.194390372781,87.18668106110162,327.46276393281045
1323.566570028068,-2865.353080764336,225.01391372190133,326.4618988003045
1995.197324370963,-2355.503926591952,36.44413983398414,302.5112248168789
2469.4212863013836,-2681.663566291574,115.41106911966864,317.37280395592677
1518.4379774463418,-1793.6921957790998,76.82621891882327,336.7147739248616
1172.7848046954186,-1922.605186852012,63.56315784245001,333.567407360592
1791.4411712959918,-2390.6637931994146,204.26664586786742,314.040913390792
1419.6692305996992,-2556.667225428044,8.200591430371272,322.2807781796723
2972.4994042317703,-1124.940899551411,101.52329275956964,312.3378444493728
2972.563837742383,-2589.1054121231714,236.82968985811354,299.67389516148614
1696.412931564208,-2982.0981586841626,228.5066261361728,305.98949993623836
1703.7153032925194,-2529.15202075044,113.37303717451238,303.86756863004626
2006.0828088675335,-2882.938778854453,258.22662674110416,295.0357502710121
2413.8410844491555,-1625.6623409906065,211.98264610513797,316.94475327078453
1531.4439212511597,-2217.983839794689,168.31698558015174,305.42183328106046
1571.540879329168,-2096.398117046134,101.65264615025161,306.31778627329203
2887.1142359838614,-2780.49180795426,24.91095153775364,302.04204551509235
1262.7665288403275,-2106.227147514527,246.87708888060644,307.0739728035861
2830.743094580945,-1099.9150188829415,104.57801846126034,297.7990292260381
2174.7187106498395,-2919.5985808122014,149.98598205306644,313.6587220674488
2780.824746122481,-1932.155830375322,126.91961198247299,319.2516551417377
2077.6932582529707,-2235.5013824405114,197.67565156442004,298.7567546072647
2623.7523735367436,-2114.024577099985,175.45194531954624,299.6182504232009
2945.180241075591,-2005.2822013466703,68.58086901963289,330.27033956336214
1478.41407413167,-2099.2592835086753,147.42178976009305,324.3020517834284
2460.2696869938127,-2894.6861606374587,35.96254555774874,299.6213432179706
2188.331004193891,-1362.6376107207375,188.08568690594888,327.20207135890877
1866.9580959044024,-2937.232585355431,223.74699700236022,295.01287227706973
1385.301313875044,-1956.018142574879,119.10656436030396,325.56334172972663
2767.735706495355,-1033.764520170913,117.04594443226472,300.2777377429245
1691.0316524619207,-1072.7307548219217,232.99625137719954,312.82869340745606
1160.3520212825574,-2403.081629780415,25.176414815869954,332.16961381362233
1962.5089761452568,-1064.044735270242,41.194756209883145,336.16677168998524
2726.4885330838993,-1629.2085534412943,242.18408659309335,318.4583421151336
1842.3786466761921,-2396.480147395403,126.76461170388339,335.66216239480804
1381.357129237743,-1194.0604344161543,31.357803778665996,306.9199719808616
1859.1459779550487,-1362.983039047701,62.61933707604226,296.0088530518726
1371.0938386893345,-2894.549416890698,110.68351761453015,320.2400842035498
2842.8361088170523,-1980.5477701977202,129.78001958655207,301.35184797215385
2949.3208224711107,-2434.5599845411425,252.13432627891058,296.49563553508597
2937.1509721441876,-2040.709593357726,152.8939757949025,326.77228020227795
2153.542893272578,-1360.7597285135166,18.170665465001086,326.8239663200346
2753.116204273736,-2041.3318873040853,228.54348430939285,308.7089134508378
2292.850515727243,-2287.0035985256886,191.1286356892333,339.6493736182568
2949.1353867683924,-2259.7830898035586,175.32629255861576,338.7278951018078
2914.464924956219,-2334.52176267452,129.94631536228155,313.6612108946514
2784.2723419297627,-1322.6859880303002,59.86964834442011,303.66249748811214
2573.7768240080477,-1293.447944130507,224.65714676827454,299.4303327701998
2132.7315810921796,-2983.3170943557056,179.22220661225,298.12106993520325
2773.181011713724,-2533.3416522808334,104.43406836404631,304.22252127367415
1573.621510024602,-2980.5871040274633,213.45216381783726,325.7392929052315
1409.254589797419,-1887.2655181172042,-14.35763006231865,320.13229707492457
1132.58513995589,-2360.216708299523,46.13383853481907,296.97803878281564
2288.7178677197553,-2242.141295025709,138.1566949330005,327.1061187340565
1217.7025354459313,-1881.8815765106995,148.24940072077624,299.0052748164824
1541.489732088746,-2560.3290102469527,87.76328774856886,320.76493535742475
1592.0794695239474,-1258.2730255014078,122.874936551264,336.64603206343344
1035.9043550495062,-1066.0849001689164,188.6196589257886,309.8934979081316
1712.8862170792563,-2353.857475414894,69.63169933005015,310.19291948990633
2963.136147964517,-2152.3843548278574,194.03548794167816,316.463056093099
1396.2484356623588,-2526.1977803045056,203.36838327621703,300.2250187075424
1081.3037329448741,-2203.3186635562593,145.41787547694494,325.69270993731146
2111.104424464535,-1606.109672550566,97.87314391997757,330.5985155101094
1678.546297354817,-2979.6419667325017,31.557029506569982,297.84295939587463
1213.1060493443867,-2437.7169699550695,206.52612356184466,314.9285234836162
2523.7828450312236,-2345.6053061985795,-14.332842488161473,317.1102744404159
2642.1064624322426,-1450.2468013982257,158.77782692454437,297.53379722308483
2246.7727974378813,-1672.2705404381811,84.49456008043188,299.7269372350308
1414.9460784942248,-1766.5503488287045,169.5366469631697,304.829799326141
2955.9455496133723,-2491.7868914465917,41.246945245886806,333.56624757100775
1954.6900442120723,-1385.3211197859653,-9.136943093429101,339.41258572118323
1841.133603646495,-2889.671122901917,114.2658828826084,314.78163682638797
2689.849206163626,-2659.7245999206093,231.07951602220993,304.1232862247869
2469.5419138998786,-2481.5213152684337,-2.8335525490845317,337.9628679765941
2768.538268449527,-1312.518294508616,239.87264489751823,305.5575957398041
1904.7734347315497,-1399.68088047416,17.47690081450579,296.4730169096362
1271.9535119221837,-2592.035372834906,256.43982575495284,313.29468131878906
2932.206001398932,-2969.4305294062,224.19986042621724,329.42701641622745
1457.5582561027582,-2120.347281636379,86.99902424604537,314.52183324302666
2010.2980016661525,-1126.8614160066056,174.65207268964832,304.07411472302465
2260.805561941159,-2603.038183857014,90.3277895641422,334.70427667312765
1609.5301442178288,-2456.5288389581838,155.6344775026105,306.1118764098747
1364.9247937596522,-1338.234596970269,132.03069225800832,310.71996084115995
1833.195877560636,-1982.4974166015404,170.142567387902,326.0236373948607
2602.740878731214,-2759.7480920349167,149.65919927139166,330.80034174352454
2300.4885971786202,-1397.4481722043017,97.33932676235703,295.19048866404984
2903.1876058867547,-2940.851713565359,31.435256416522428,304.96387222427126
2582.9226345087554,-2667.5095953801942,17.575280365796296,305.8001872260191
2439.7560089342187,-2019.9919220163265,-0.39299419353236686,325.41630106910003
1821.2023434580833,-1505.1717539159067,152.7222964540346,317.0757845732592
1847.1385842740028,-2662.702013187411,99.58960766414815,309.8383474989448
2108.6705914957834,-2224.783501643446,113.47665907913469,295.19239132421654
1228.6840452574695,-2391.4729923294985,108.59993092716626,336.6202693586631
1336.9305126023794,-1616.7161528916097,15.309064893926806,314.9489565245656
1304.4946503805693,-1052.4809751405878,255.27658013942806,306.70973962614664
2552.530365515291,-2874.182410647358,59.27126911769234,337.73654666891167
2756.2827294472536,-2283.7122312390725,118.63732601212891,306.63150512709274
1217.8586711280786,-1847.4843800476394,25.3678967562468,327.50673663198273
1953.2737579797358,-1077.118063027036,7.614100016483427,312.5208445347604
1913.1282211384523,-2085.205168044674,76.70190728276802,304.07737302877297
2508.242465635649,-2575.7277993870275,42.39778206434349,320.4099825444098
2118.88494740183,-2916.7547964235264,250.37391619822608,302.4597738437517
1563.610239301801,-1579.0303616708504,132.4215919623449,319.89833519937844
2147.8502685907133,-1511.5344494522278,92.06418240589751,296.0836513590488
2903.464967458012,-2444.603631618349,180.27841787208294,307.937701630028
2515.415954143298,-1683.6064243132269,184.49267219054673,312.42027847805065
1151.0299943481582,-2794.718625859895,138.6520275653127,300.4399395254587
1755.9311871679283,-2200.4744422658478,249.85764660965822,312.9294068032224
1672.2940879077414,-2062.068012579765,251.4932604238922,335.0694676241528
1932.2299723498827,-2428.2959316857664,254.61146939394297,321.7386142782371
2116.754552676978,-1374.1794779103054,90.95607097787392,316.7528038381306
1144.7358486563924,-1342.759557722907,-12.467723396149097,334.231444835168
1674.8222701136774,-2882.4765749807484,254.679992791509,323.8648233215757
1925.7761845134858,-2129.1757810414083,133.81861595877427,330.47827682660585
1249.9040453798486,-1794.7967561225216,194.69364978569726,329.70259288344914
1434.1182025439766,-2576.248268022853,15.990955904732395,309.98985596677596
1886.8080920335333,-1348.330985524972,107.17271755398671,328.0209008006242
2406.170741814376,-2023.781215378714,244.67622875400178,315.85303591065383
2544.221452968901,-2568.4679515116854,43.93501084566905,307.5208404894742
2006.7545366232393,-2807.498002275759,29.928346050525903,312.0171621076628
1012.5776677849938,-1517.8224699540222,75.21958485345893,330.3948256852198
2550.116369943198,-1676.2131211940932,216.58044651742506,326.4057722420093
1750.1183480481307,-1423.9142802169933,102.25644439590758,335.0414496985585
1570.657044836213,-1083.7378432026646,82.29501570691762,305.2918015203267
1285.9148272571865,-1865.0781951674007,87.12189834931776,309.0170085368766
1143.499188739658,-1616.8848113960544,196.26572258057257,314.8371125193245
1491.9800981981261,-2492.1292617840354,4.728746036402018,335.9188588162183
2501.0906500772876,-1788.3871074553977,199.165738837695,319.2093992627341
1237.0890722720917,-2304.078393836225,130.7626979456693,319.56239807134807
2412.2633313323604,-2579.6703078712944,117.33124936280237,323.05830901345405
1247.013981825426,-1271.8525774928105,-14.163503168932571,313.18817653296725
1946.4086488029313,-2741.1818354934244,116.85222228629104,300.19079199159194
2574.8274710606265,-1784.733641526773,137.11759123258662,296.4740593063381
1638.5722525178167,-2132.2163118951744,47.28846809875263,335.8633132565261
2033.5665430396582,-1902.0442725191022,89.02274475115304,326.27763733173174
1314.9583041624396,-1841.8988645985132,212.19702331439976,336.644937351023
1649.6344685299016,-1105.8266887431832,75.67981190683437,326.60320251998377
1602.6014680507144,-1077.6900618715867,45.950517283636735,308.0522032123056
1426.9220647333061,-2162.500430492034,20.032097663938593,325.7592500744839
1439.941131072797,-2258.6483111577118,201.34688101750476,297.2439635572312
2263.13138454386,-2000.9886075550098,7.093815076180384,308.1425298373837
2549.4028173427005,-1312.9431883867733,18.801717646669466,298.6157051817765
1052.9036205743082,-2597.6370778437004,221.2424948909189,324.004946510509
2942.155782060885,-1013.3498093036756,230.22138240621996,321.7915663687928
2121.0368456009405,-2951.6406605289444,172.64919595803082,319.7169909167988
1161.2423788144176,-2281.7474241492323,94.66457341897963,304.7552482577612
1176.3295833827276,-1612.9413934818629,82.10277620597682,295.38723511817807
1985.6862387973422,-1984.523052637508,130.3022163211718,337.2832024705023
1589.1105293301948,-1640.6017986926286,142.87719287250917,333.1471024018501
1503.3155324535196,-1303.55612576833,112.43622870795615,320.3112376754944
2754.427092619502,-2525.8851155304933,47.08806129441816,308.52781173567575
2319.633727343743,-1849.991198932613,110.34852545514565,309.0051823212828
1573.7953003970838,-2150.961891383077,226.58295809777565,296.5728016126103
1532.3057068796024,-1376.3700617772342,215.42070506437267,326.61054521792227
1166.1852080782323,-1842.1206948931842,16.998223673428175,322.9687299990689
1749.2769369994567,-2690.2652573186665,256.450645804475,322.009544208654
2780.012439165016,-1697.144841321867,133.96180207693945,304.6269771691812
2800.7744621398724,-2929.355846884174,155.6540028344869,334.4812374617337
2047.0428841468147,-1979.0834358222314,16.291819330190926,320.66149394283474
1523.9054707076232,-2052.9549204595023,38.56344219035259,322.3619584785525
1319.6267457943318,-1458.6530934715086,234.0214841412228,302.35492578148387
1646.1591673076296,-1106.1476612377583,256.0937265988811,303.70181328753813
2089.78957088706,-2601.952933284432,214.88819079891783,327.36544061782274
1029.201596148713,-1226.4442375299286,138.8235782847916,325.9592710686327
1385.530567964458,-1573.4174348322952,209.29548156970284,317.934120888935
1501.081823341233,-1254.903000508783,98.87850833957842,326.9086764235102
2269.58777047924,-1531.0916369279548,196.50763465771152,303.94104564664144
1467.6043790048848,-2430.811297480758,19.58819373493081,339.9810300794427
2469.7851511272365,-2162.7850456383444,61.42157652353329,330.2408403052687
2814.8579134783795,-2959.2056114277043,7.942408809888974,325.41265186968224
2003.0595750410635,-2830.4963671282076,228.98030079254778,322.45083953906607
1816.5678573798173,-1024.9990530424407,20.036856056160644,334.37628186766034
1220.9999146400096,-1665.3261937521643,83.78788150791729,313.7614078911018
1580.9584405979485,-2315.1380909245013,180.5626710327267,297.7250209170257
1986.786580659064,-2512.4669087487687,228.1353965836695,330.2808494714351
1922.5468309657253,-2592.3279620699586,137.39577883301914,316.5470605157381
1882.107339551509,-2877.618669286452,119.10236496679585,337.2669838917166
2517.320078883453,-1287.245744898774,29.201291444009733,329.82179428143723
1054.5989581925014,-2838.9791541012482,257.13978418913905,318.01210389651044
2891.185295853238,-2951.9583751982786,138.46577110155206,299.2037442151317
1154.835431602188,-2449.3155868172876,2.5581146527481167,300.21846902590045
2337.1841584462463,-1732.2542192006788,145.25995705573453,308.8033174398685
2630.859512664869,-1456.3608447237218,195.41913845176458,310.9689312482755
1662.5732829869403,-1397.0266807866385,10.212417222864953,324.8776727315514
1068.1218146718181,-2203.5477960270523,109.050625201718,297.7080529551067
2038.454559751904,-1545.8244537729768,143.6190574897356,310.39229205997185
1109.7239361932807,-1841.0902841179227,23.512295036091082,328.90272936377585
2665.7047294658096,-1256.8980733545595,174.65575980512912,330.8654593388296
1406.7851295678413,-2396.152280574084,70.83397740342845,319.6302385879877
1936.0970957996537,-1323.072259199207,116.92534195752236,314.5049161849989
2358.611031156409,-2469.125905517618,145.75280575307605,339.34224830651965
1694.448171590325,-1288.5641194656996,245.28607170319157,325.7001020571851
1048.6808001482623,-2050.6544133550524,214.41628373360433,320.4873192842249
1779.0046924504918,-2995.1497235657102,188.75362460013483,336.6843088948955
1315.7697156719646,-2955.603142818555,223.07986960277253,322.1487366040335
1817.249881648599,-1708.6615153416749,-2.5606066210881195,305.5924113062834
1920.9470548888476,-1202.965645628314,163.97679049774445,321.5070256907111
1608.5193480061407,-2520.3966367274993,121.57530189485249,312.8859343669891
1187.0796289727803,-2791.6202100120904,200.04509419796744,304.7364164716098
1376.0189655466315,-2356.7635229976413,81.38661732757252,331.95548964757296
1190.892442445276,-1138.6227362647512,184.96210408138353,330.54399313195097
2992.0004768315475,-1040.9572589922075,181.06766910851627,337.8030758117809
1770.3020091136577,-1366.4211928341017,126.78689105043895,321.65295133165597
1895.1523106315717,-1727.082210125215,247.67672022735798,336.92276209573066
1740.3833540973956,-2220.91238870591,76.32002493383789,329.3099469159372
2046.8818026907352,-2591.425546783043,162.0977892934092,334.6271686258803
1674.5687955317144,-2567.5611568269946,246.3897093669886,311.6075063626388
1606.964216262584,-2265.467230852535,8.972242186307653,307.481891822097
2195.450455968249,-1463.3700196482296,207.97727744709914,299.3779948526039
2487.6637338700057,-1076.8962414815157,85.18958113834752,321.909828291017
1801.6624064666757,-2143.966679732878,218.2385182714642,322.9613419739054
1605.5708688816958,-1579.4650742793401,211.65144590276762,303.1513063074368
2814.2058065537403,-2503.5100794820864,62.42994834771697,321.4083529680139
2566.592783587932,-1908.4285264929617,38.88574954315601,311.60278606650235
1791.8966263794307,-1932.403960789048,73.70133528754135,321.57728365188655
1595.9078682263103,-2780.470419194142,206.95399508942452,299.4769683614708
2892.420211409193,-2014.4998763686228,-0.9189119837461011,329.48400206596733
1226.2917006612342,-2054.1996132152553,64.09764021295032,322.88401829478903
2527.5431004023094,-1734.6299335971826,14.723245326746767,313.55237723304566
2560.957304547046,-2701.074519363406,193.4329906972912,324.633668311085
1693.555572948592,-1270.741508577439,179.25476044761595,336.32626583209645
1241.5175037864585,-2523.3569731008606,66.55335528647711,332.1008346142628
1236.2239704609867,-2153.8345123779454,72.34049346966036,331.80855575453893
1258.6854294108857,-2223.9214094487606,50.189182333483714,320.4288020231824
1235.3988987087457,-2096.8247174259486,193.53588185697518,323.1303403599027
2432.994967464518,-1938.4761511592815,61.449860369612836,300.4438968043454
2864.6199985958174,-2320.16018943277,247.4932595770157,337.7487473306118
2917.7065975524047,-2774.140387507267,212.6917841638622,338.67267093327393
2828.6825134641704,-2834.8151690680384,75.24972034273195,313.726815313163
2500.4602259606704,-1264.4467670412475,169.26176158342508,326.89698173540773
2302.279473400132,-1730.041145332434,86.97156733891595,328.8957763838356
2757.308532389823,-1975.6589483635867,105.84696254815077,313.872805459053
1227.039567310639,-1142.1913960467903,51.78410099121882,318.2510838058652
1685.7463321283683,-2883.9522960753857,219.600286687881,319.4001136074422
2922.1001459370127,-2762.5192329031293,83.10363648063951,296.33180102335814
1239.2671330938738,-2254.347533547868,-8.813659976796224,329.4136902741455
2022.8385615519478,-1421.907889653249,15.3613190813243,329.59238692643834
1729.1612782617703,-2651.133989583336,196.71697038665178,336.5339630476425
1038.4462149472345,-2501.072162875247,170.6826317690332,302.25714053436303
2100.721370318668,-1559.5341250952417,211.41536030516085,296.8827240993719
2821.719334532412,-2802.3277462794786,167.78999396475353,333.222163830453
2276.7299762225066,-1470.3695919114589,198.9494755397981,299.95853710978423
1049.0119524157096,-1633.9411874333568,73.98706381449527,325.8499839514387
2848.7413385085247,-1079.8494189254072,140.24163852719246,306.7499858688331
1910.7207350106034,-1473.0118637104633,-6.194873913417709,297.5900702496758
2335.695715752775,-1159.583281588436,231.01896933763535,336.0632179061729
1427.8321476021629,-2507.5126391487943,43.40644677669818,331.6363712057349
2160.883237083308,-2254.9936792876797,254.35903031385118,322.6551516692989
2336.0281108032023,-1952.705116242022,133.43726973370696,332.33230678469187
2657.6759581672304,-2934.480629810569,82.2524234374955,320.5886388582354
1732.5055110154144,-1254.529785465857,233.3916240380162,334.4895416752834
2009.465946609282,-1354.6752464766835,126.56381323422971,296.2066404073187
2086.8764410864887,-2129.521352677107,89.78247946664999,316.4703120706718
1269.8115489897357,-1186.714437263404,226.25823918412084,302.55456921689046
2058.221840208601,-1919.822920109643,213.4373380760637,326.649859385992
2806.1674862515283,-1074.4550125351213,258.4776120060443,324.0590233967341
1519.8535744222913,-1731.4517341756343,144.35994876368736,321.2695590707331
2049.56225783793,-1085.471884719581,203.28158839397406,318.04791872514494
2507.843410565678,-1292.323794399673,70.44667361467413,336.70411662275586
2985.610421363692,-1404.4003830208646,159.77657183551094,312.61262551495986
2734.550733439133,-2472.996011749521,115.69934423815747,319.33863873974525
1812.4915449166278,-2990.003330075942,47.59446067179934,318.31576518849715
2847.479892666188,-1781.2054073921768,53.79271787330201,303.7528001744269
2601.3707252609124,-2583.843834250751,143.5035520469105,338.2268747708454
2351.762890637069,-1635.8804722606,17.014863521224513,318.31255692589997
2518.3382723077784,-1146.545756204163,-14.393230703203558,307.6510165926552
2750.0877680830145,-2769.9265499902335,102.77700239376321,301.06124348556887
1437.347883211215,-1122.7108912057254,184.99575063634413,334.0120641546512
1526.4539283412687,-2290.44348959197,2.3838877014075095,314.95229154762825
2580.875593863184,-1054.9942253968497,73.10658366477259,313.6539187039412
2020.9588864862235,-1836.5002389269664,171.36903731492288,334.1201909988085
1412.8641174911781,-2185.388608959325,63.47622678113538,324.70831049582046
2950.091471939537,-1056.7164796500517,251.6237671869947,320.2031498079112
2886.520049703877,-1075.2421571886098,73.51800129883694,338.80448235407835
2318.5102822198232,-2113.404900245445,30.55072058989996,303.8605191268146
1918.213191558153,-2056.849324968585,252.7429972148226,336.1673183434772
2275.0158171402836,-2160.789655249737,53.242436779913646,306.85238143280657
2989.1842357711716,-1536.360767204347,111.33062896143954,300.85500316958286
1796.4154254270516,-1806.221162474249,208.7892502240828,306.9949501770625
2896.8608559923814,-1864.4066711283917,132.02102386695023,316.34848923964864
2006.1210983286646,-2059.606953309514,222.89364484790033,328.49276522736363
1309.7806193314366,-2456.7221203878207,26.467233426510433,306.28826240406806
1820.5184435327644,-1264.770386290356,94.66887423249946,297.2431577643208
1975.5971043049512,-2925.217981889373,146.96140162760588,317.88548666744066
1200.9614432802841,-1349.0364376246723,68.89065639802624,322.3558627937603
1992.0476390748247,-2541.548074390178,256.3938032603767,338.69875225533826
1486.241068903646,-1494.9546112850524,35.15799319118772,304.30559454444017
1456.9608410281,-1738.3159378028001,208.7018836747209,312.72123976874366
2586.8539573278676,-2489.088311806335,250.86367282315558,322.62651605735755
2921.0572245136827,-2216.372809655243,173.28823837812,337.4062765357969
1056.6953111708117,-2570.246338577274,28.470549731292977,296.4872864212301
2578.1510200123257,-1262.5790436432628,10.66135051583861,306.8749629888688
1017.8585470340773,-2243.190849651368,259.1576451157774,296.3958387055399
2187.7426143247594,-2962.347920896133,53.81783374247878,321.46359121698976
1563.3090839531837,-2922.864601193913,120.9109224697718,305.13911070941936
2337.7075050442218,-1342.955230174319,239.55842798173163,326.523982118706
2230.0978808115615,-2142.721099807535,43.051753112905494,331.794499490836
2833.7680087469307,-1844.6953803182657,215.9470766621203,316.5543355821887
2612.568983241952,-1896.4795672843377,133.67638913034716,307.43381915815024
2841.985788041922,-1785.0512129945525,220.9340118810282,296.91005165168235
2763.6776146754496,-2918.9415644104633,42.945432956510864,325.09427857277564
2772.909093835752,-1176.738890204793,163.18625090373143,317.121716866449
2048.471487053889,-2996.855950379302,176.51575624241138,337.393663660531
2677.516906676351,-2974.492597867219,214.62723486554808,327.7046617812748
1711.895008140416,-2312.1649114341512,-9.172843260282457,295.48564788149525
1985.6444835935213,-1647.1750823168306,235.05252880395335,324.00995796986143
1316.677605319225,-1718.651000557444,178.03187595363931,311.8720569164535
1229.89600941563,-1844.317151851049,57.20795881159539,302.35741519011793
2117.8008735490976,-1506.4370159888992,105.5972599294603,336.92049309533627
2026.3763457659575,-1865.626744810888,59.735947979155924,332.89795432063113
2112.991374840276,-2109.781549569077,-14.37712193254857,330.79929272451795
2258.217410649855,-2904.7472059701395,241.63166463589147,324.2726692175042
1374.7688312644245,-2981.6588394338596,122.16197801873048,315.65284357210555
2316.435915318774,-1181.9090631567972,172.08336451487673,337.43305933148105
2338.5078916953107,-2323.1196183228367,186.27838222513236,318.5314033919928
1485.4990067377037,-2361.1743972325753,254.88472671962631,298.04293074019716
1796.609412060655,-1245.479956801069,230.13824601878176,305.33697375678423
2289.975692447445,-1959.030215391033,66.70748050165747,315.44344031834265
1185.5048033821377,-2377.592925618683,83.74388883831496,315.1776628012118
2056.2320943182754,-1719.037591629812,143.2556093886204,311.1325678034995
2059.7792089865034,-1082.8022201162214,191.53126575277267,319.41372506885875
2446.7886431297256,-2430.7961243420796,-14.975709413571195,314.6471617439176
2582.809467988135,-2681.3699279170223,148.58709207156753,309.0241914141965
1965.161313557734,-2551.124751489518,40.49824475978876,325.454474149631
1582.41914635257,-2857.831497160214,102.81979490563388,317.2292636934514
2415.131369073747,-2712.590130596555,61.39698383793366,307.5203586424453
2782.009307893056,-2535.992380351638,46.04485409844446,301.42680023427084
2454.987264798673,-2675.0471308615915,69.90817702836556,316.62824687961944
1748.1620986860798,-1540.5280867507977,191.39896727404422,299.3177788434156
2710.416763036783,-2047.0006258347962,87.32621106328278,298.2027825855419
1630.1022075993928,-1472.930791194185,78.58935988135077,300.0001422057162
2282.510014235567,-2952.1843046207123,126.17675400475815,300.6642925486488
2195.227022334456,-2316.370291881427,233.39903486988706,338.50648197253463
2525.7873728239765,-2683.075948639547,-13.433652829228791,305.63863219061653
1114.8658347013597,-2975.000167172919,105.67664891482687,304.5566102531383
1921.3696950744243,-1894.6506063642123,120.83539617763375,319.4041757521317
1854.5828259552181,-1551.7696728023013,166.58084489780796,332.31183291583625
2134.540207192263,-1351.7179562616643,215.34735185234646,319.53385677041774
2775.734020698017,-2147.7986742639837,56.98510994651768,319.13835943291684
1698.1681264550184,-2438.8726814768697,234.1133931533693,335.3986871855084
1166.7506268975142,-1040.869763068193,197.61523465124253,312.6495597076682
2659.0690260486576,-1963.3617369975475,52.29390025985245,311.655459971427
2136.2373192000723,-1626.811210984015,14.768863225332225,304.73328694456075
2529.808254663018,-1580.687249725951,236.78218631995497,317.5367680789403
2733.258710322756,-1040.387129746087,102.24895099575345,336.2034070566369
1777.7746884306293,-1783.9260716573833,61.701736160410746,295.8102686113589
2213.4864673178527,-2981.3553405204616,21.977728140333554,300.8546573720622
1166.4435857077501,-2030.2758615263933,71.72573691628737,301.06063640958484
2301.4106750766855,-1259.3403822292262,83.99011827195464,305.9625863918061
2487.272390149983,-2807.905956645573,172.4866954970699,301.6856339646162
1803.7985600423929,-2461.2049080814386,233.58241943065258,338.996401109399
2591.7771521132067,-2634.394813945442,237.80638305765137,339.527293585743
1748.2043875706208,-2039.1047451309535,184.94118664869438,310.78349577005775
1708.7681629850085,-1365.4102514356462,64.96324046020344,310.0516226839154
1924.1446775278137,-2483.5326112316334,231.95771808868577,295.95814121038086
2718.0119727580013,-1208.866303591115,22.03434377126152,317.2007197035886
1017.1152371640845,-2400.551631536478,-10.595883081626123,303.94216501670553
2917.945876899725,-2005.117540395459,226.8256428363653,302.15124834890696
1035.977359354786,-1382.432806732969,219.4222505767683,335.99950060900443
1690.2698530636112,-2129.6093151173127,10.172616041555226,331.70846751696956
1309.1721757164887,-2183.035597647082,245.20318865477412,304.68470967779496
2715.629775891013,-2830.2772611842856,-14.035334346009027,306.1578820412191
1663.1933730496482,-2466.731426599731,47.52509748159311,327.95168582078657
2969.9005700036228,-1496.7539143452511,134.3223374042345,307.7323642623966
2198.434261893488,-1178.8154406703743,231.78846282321626,333.7531125030963
2491.3886584279935,-1280.9779044997535,0.27385367786505377,312.23926856311203
1665.6608391034035,-2318.962359956064,77.19990091782242,324.9981942145962
1809.4575101350915,-2850.2702367618217,140.9040950448637,334.2475169189455
1796.4783494901437,-1958.787718485632,197.56288280775007,338.0029612408384
1485.5592627104263,-1595.9915370075496,175.45554392378415,325.2208186844122
2344.970945101206,-2273.202024479752,240.21412319408225,305.8231313257955
2203.126119921698,-1873.8178620194883,88.38031678795001,326.0679500027506
1073.992876174296,-2993.361037053734,25.77808149897436,322.0162367746055
1668.2291106689104,-1725.40504569194,253.21429307281102,329.57469685218956
2360.112261421177,-2049.549276167494,9.091227022205448,328.64721952348276
2200.233256551259,-2572.1985520786507,21.56142822787642,327.3306481854952
2244.4284025484044,-1729.9030679853797,127.47022912324692,338.0517271092029
1979.1649196977703,-1567.1196038377523,92.77386551574386,305.13063591384326
2717.0167626960383,-1579.3992375072685,223.7342582349342,313.87376248319777
1544.3307447974364,-2960.373002114396,241.48120955122937,316.01221286078305
2559.614286050117,-2388.908355614814,27.195099880178674,296.7774677693097
2951.603168886232,-2209.271829737706,130.43522768874377,335.2918022632052
1862.8603415398256,-2393.265369549175,147.37108790183328,298.42222757443443
2178.5690034630916,-2133.694428255889,163.9048133219112,302.5262178907151
1000.0799715305177,-2085.7923616965986,19.671032042381135,326.97967744494554
2401.065023559081,-1338.4405174344943,127.75017299297062,332.68067381466943
2219.1176027437978,-1731.8352893462304,236.5800868343296,314.4366008150519
1464.711779474408,-2060.0857665124313,140.53805308013406,311.5811943060019
2695.6194184374936,-1721.0946050915638,196.37477867339211,339.3747563687554
2981.750342232192,-1161.736355396182,60.51711626299972,298.28714983823886
1165.9368690128204,-2262.349650400254,191.08583829317635,322.4785974849166
2285.810289382949,-2594.849199639842,183.84976773192432,317.9886011529406
2931.097360179518,-1620.421605856009,206.66949641457975,297.867769878745
2934.86150684901,-1798.1358964817525,6.011567952136016,319.80093440605924
2826.5248538961014,-1498.0164754358777,121.13866934480666,335.5776019458868
2342.836158107618,-1804.3279340647878,68.61332044442341,339.2483379041828
1061.732913134515,-2964.958177354062,72.81039986023723,327.70803975268745
1174.8472835330263,-2681.058248370231,248.57309499254518,318.5736724555146
1464.9795288167536,-1884.8564338079448,79.16830845613337,314.22727245182324
1727.7957233314792,-2755.3245424431525,48.08786630270407,295.29471868845667
2745.994041797225,-1207.0351493107948,205.37955297015105,317.03538169959086
1301.647146505849,-2567.0662764395793,229.80532586953944,320.6047592608727
1531.8032012094818,-2153.922235938078,44.23192231738184,304.6446084398539
1545.3118585166076,-2302.850801424756,-12.030046929891098,297.8573546529426
2440.122588914086,-2275.8105010830614,139.65412030746486,315.86635929241265
2060.0805628234766,-2835.538791935359,218.38409124575523,297.31660738483157
2560.436835011623,-1398.3022690870207,-2.733993177789001,300.90972871535234
1378.4019006815597,-1510.0308338171085,58.672739496604436,337.7828428488765
2186.1468443137223,-2177.4538817104685,248.1564285764532,308.19256159028856
1683.596563991296,-1019.4372360441814,17.048088745178035,321.08310630613397
1652.5050588642912,-1207.1734386866908,204.55321911772018,318.2877135381377
1111.9203944992046,-1938.898828336539,222.75168939278052,303.9268696480906
1104.0439328611033,-1474.352022695906,217.2259998470097,333.39510573836253
1774.0027304727141,-1317.65008011136,247.44634937343096,302.34002551103157
1403.2570446932025,-2041.5383900408128,255.06342151416487,336.2728809375076
2164.896540093051,-1463.5300957008326,222.3579896092192,297.74569170713283
2470.2500903433065,-2083.856927586019,75.6797092781993,301.03801717674327
2060.8301792041175,-1797.0804127139832,172.4969312551927,305.62721256333117
1312.1208656577737,-1838.1996866149575,203.72310240102698,325.3379685991831
2578.17174356697,-2593.7178281517645,-7.483575187357511,305.70099396342596
2568.961096181541,-1974.6695560254623,-6.9618031993340725,330.3143438490147
1149.1546796624123,-1692.1184332152386,165.96578437417256,298.24999590684763
2259.00695034999,-2853.942667897123,108.91723779478002,305.3721415332901
1795.701435934319,-1043.3281951023612,161.76202420514412,331.2655650936842
1562.8503796673028,-1439.1095289951725,225.8182963131473,320.76160525049136
2067.5626153967896,-2949.2996315496366,196.51095498035812,313.6045160862259
1028.4311759566324,-1748.9411863250261,178.3910705248182,324.54317334772577
2346.7169649249818,-1315.5672362137389,259.1760489627191,295.46722582430965
1063.7778141931062,-2223.477501468429,111.87225572602179,308.11569213039337
1945.5190716907216,-2593.968443907017,259.65183344791427,306.56741700221215
2882.7454434972115,-2215.2441942449973,4.5017758281199605,306.14607853232036
1986.0811825025953,-1289.429359989444,60.51075744886033,332.30012671007023
1086.4579139087666,-2166.177002511474,114.41553543828181,299.76388429457654
1295.4601264406367,-1846.4242810011385,4.231034694844816,330.6625240885193
1972.5443724516156,-2027.6132690387535,194.72348388899607,336.3180962161265
1938.6056721066914,-2413.7082580854517,180.10222600351238,311.4552573028238
2031.7680056890379,-2710.122888043762,184.28874372422374,335.8151395807127
1697.5952786176535,-1930.2975651337263,156.6973293432056,327.6650220554396
1987.9606453130373,-2893.7267985909452,180.10724794671202,301.82826004709943
2533.6557882235484,-2914.8312208306997,68.79452292054171,325.4695725917713
2305.6433488192397,-1544.8993897015314,117.75756600352312,327.8876981446536
1672.5414246387713,-1095.6520594801036,83.29185385106325,320.9676408001342
1953.6880837374551,-2416.818010330001,-14.220914492097245,307.2149567098071
2966.840449488129,-1478.3150653738037,115.24928318703346,304.2707444819772
2447.5830425977542,-1322.9074457141746,94.59650567326881,328.9597450662199
2525.07951237424,-1793.4706009987706,83.13919671630632,329.65709960174996
1355.4478324882443,-2758.6326735375696,259.2687064655154,320.34621847967566
2654.0299483344015,-1903.4247858160404,59.41894418021546,301.6063097018039
1131.3081296996477,-2786.7392252412255,118.03151448188174,335.7118907400187
1927.7260998784836,-2797.086840025191,173.54789024326706,312.09331352830264
1350.1585160799032,-2691.2559816129847,29.37121319695798,308.65999521601424
1943.9246755851966,-1810.141056120574,-8.859099183704835,297.0119232365407
1773.7194160174022,-1189.631417318047,117.14879062220555,307.5958945678534
2384.8502421558806,-1797.9360442421585,69.72050061395268,323.64177089778025
1985.5659765841124,-1999.2817410097405,52.48279856905762,336.0902151250081
1104.392724904886,-1240.929851923719,232.51476430655197,319.8581720815616
2628.7647268104147,-2174.7278740594843,10.348231134587937,302.16139303492486
2112.5704424376872,-2848.475727094029,83.72231574408802,299.8051501320702
2096.8726586946386,-2095.1992410624853,-8.056008760996836,325.3654404078731
2475.7159678980115,-2663.331993213643,247.3100229158424,335.709346216133
1901.9912410542843,-2219.776681714625,236.76775120980267,315.78021709155564
1482.0747768308802,-2317.5596801323413,85.15680959280971,324.3041412901185
1294.3984789608953,-1585.8568645654436,104.2319185989867,331.28573163067546
2642.5091597149058,-2970.487526396355,-13.036364844292365,321.48184919044894
2654.193690555563,-1260.6435719863043,8.11048946387135,322.1861629215487
1120.933053893929,-1524.5602521284682,94.84726648588307,319.033339992091
2744.8767787526817,-2011.811411093156,157.8176295914654,324.21157593957594
2454.640215028855,-1273.4397710182932,160.68958770417913,301.0923618758583
2508.5369476670876,-1896.5875866455663,103.51545370667056,298.1241564743848
2428.398442036065,-2934.149415043857,115.4967193822365,319.61735654694917
1986.0710980430008,-2620.6203135065093,-9.34827601609627,313.09879295388134
1436.5672253875373,-1862.7768098292938,-3.686664845976221,321.7576618152749
2139.5491908004387,-2341.3076005907546,166.3505900509737,301.4410577043772
2568.7308025283064,-2093.1482290567687,173.60087973366194,309.64771432820424
1411.21415739354,-1723.453809182984,170.1366548184154,328.78252064977255
1583.953432235699,-2963.204990941976,95.67484836537808,297.1946135568385
2791.9432185898345,-1056.9246115496228,228.01444685541992,327.80371717520563
2339.8089515876263,-1887.763847921778,60.530753807843226,329.06931864608015
1555.3205636718055,-2609.915852850562,74.7230680836735,299.3277312392567
2915.8457195307437,-2021.8969945555066,106.31838119829868,320.51355779730886
2418.5762856719366,-1792.686991362165,185.20594110733583,331.6243397367898
1611.242398994459,-2899.968608307783,156.3980149118559,339.82426385130793
2296.627608447925,-2138.4190911294017,41.680315732032795,310.43370800604305
1504.9002476941996,-2726.225635675194,145.13835262987345,321.9177872582145
2275.107938863312,-2678.023468022302,157.29071981356915,304.8346330157608
2784.3012887686077,-1151.1617538086296,200.33487482735654,304.75604593599866
2515.5657436584706,-2892.2522836800595,202.94022289638926,301.9409609132691
1848.4985326194615,-1648.7849691523488,175.64519015117753,326.5222599447677
2117.279838730902,-2487.8683433354854,-14.139437746500834,320.00910017427793
1399.652720389995,-2211.7031804100734,125.42010298024621,306.52403156726575
1163.8823620613075,-1426.5874441308247,64.06273233376739,309.2219018738394
1369.313256528015,-1648.4892759551135,238.58540650810536,301.80846410023565
1748.43290110296,-1672.02132804622,87.413013303311,307.32475914912465
1000.5369284764193,-2911.556100284523,150.32411305549525,308.045143143797
1957.4389632858997,-2739.197228977023,240.84619817181738,317.0492996528872
1575.7573862173717,-2048.0271566069337,245.4287299466597,319.15117904874705
1034.0721010487512,-1559.6895294476851,158.94684501325182,325.5634917557765
1692.3495989694193,-2992.60743751077,7.062245802767443,298.2240821331743
1389.037883502289,-2834.364712359088,158.55345375484742,301.90960621037954
1383.3088485744793,-1702.6349791574733,44.85449029024974,328.6051734640637
2411.789607856558,-2408.054399782175,200.49479977617034,302.59182628064417
2526.550731219063,-1946.150613392627,165.14131160211028,325.39586170515577
2454.4346488187402,-2388.647790243939,212.4117509150708,302.17374933311237
1173.7607366333411,-1599.1725763341942,171.61589347900377,309.7509055558195
1002.8794900662685,-1467.4055783281733,98.15475746247994,317.4809059431966
2903.1591194794523,-2703.943627420429,8.721145059843636,297.041180267313
1595.154875828961,-1069.535605974179,58.21677866746322,318.7302137070635
1845.7126358171818,-1179.6333508493742,191.45615977458468,324.8079788388551
2873.2458032070745,-2565.3804000608475,144.2841645210025,297.6989035865776
2576.0227341420773,-1257.8940074232369,10.10487260584295,309.90769236650937
1061.3592531559357,-2840.2591667067,253.76688068983378,320.20997611235526
2795.446427130746,-2955.80327618117,180.46748165559103,322.5497661806845
2387.126661666697,-1092.0924784742515,92.38715201007058,312.382225011798
2230.1551142226517,-2451.2600330377795,152.76471972197027,301.62318694160376
2752.330501484074,-1495.973193379236,60.268241557315505,312.47022338078256
2283.511689457909,-1523.1284034582181,117.48436951519068,326.54004532077437
2320.5458257357577,-1813.1415521082517,206.10031162268947,316.09203688803996
1639.2782316933963,-2860.442107821667,47.342583613686365,295.5479528082747
1628.8467887943088,-1599.5617926944967,183.50436413130123,304.36154001125976
2482.0439533004487,-1826.119568959226,47.56221656480647,296.03500541461057
1307.3246076329099,-1177.8419914217782,124.16920008779854,308.4999898878533
2714.8394115820306,-1694.2888027348074,179.00866301736633,337.52093752629077
1146.6753189649912,-2062.410364606122,113.81009641549008,323.96343898802553
1263.44141287484,-2821.5611702970746,183.57152477695837,337.81035558577094
2434.7829088049593,-2136.816208453892,18.759785478495523,336.470458902882
1703.6659875443072,-1185.0738013746434,92.82124436476359,313.5217975871981
1833.3624870451113,-1380.9174913844008,11.307627786194455,314.0105076804043
2998.4854128363963,-2348.5304639583455,233.65000826169734,330.8527283243057
2626.105355965702,-1667.220584738669,11.951178697242103,324.05357239990343
2217.6789337037853,-2679.142266243845,44.17932753330366,334.1410930809695
2839.613296177985,-2870.8278478800707,50.39320763030695,330.15361391989967
1148.1493341124406,-1266.7640640080328,209.18667497101873,298.19602090474916
2678.163839996631,-2836.5464153237963,152.44499640924863,309.1037194699688
1105.172060313189,-2639.010710267625,230.13854847239475,311.66490549784567
2433.600417701812,-2466.8233598714824,77.12699037512908,320.8079944723375
1598.1716111324836,-1536.7670057619277,-7.091818402556214,332.0863702420364
1651.106277219698,-1772.4161650995838,175.72125171843524,318.87176835819247
2220.9849960587426,-1757.1472058636482,164.24145674027753,305.1444869255432
1405.2400590541467,-2134.2012887036844,14.017059025691815,324.8399549178801
1766.8415979110382,-2147.6344410728316,15.250769273116571,305.5660493185277
2939.176281472106,-2248.4092159216843,87.4708226051864,324.5184923240543
2764.2845293646446,-1819.0733942461547,173.76950488063352,332.07998929194866
2484.3271772719854,-2201.217581767745,196.44639054733074,330.92666011138795
2549.6936278511193,-2981.45963904007,86.89037671020832,331.1287022297613
2125.4062160243534,-2822.4942977676583,208.63417757997667,309.10598452062055
1902.959300902458,-2738.0321979597843,136.88262051336073,332.57198972502164
2225.9436360961026,-2653.734856485833,226.62269162698942,310.365990439405
2259.1070043680857,-1412.33237597066,81.25665855848598,302.5339746321542
2481.0000579551793,-1864.0396170514987,187.53511358427937,299.57413939095017
2058.273896093616,-2017.0206414808001,29.65515458969908,329.2670334805914
2662.1910175371177,-1186.3455993442387,-7.591553009064634,318.1033318274159
1305.1898532952152,-1307.701530619302,82.50846360096895,327.9733392486126
2704.18991963194,-1976.2908213993944,76.18084777499813,331.88594297649365
2032.499291115608,-2483.474364487765,61.48833428365491,334.19019338153726
2062.51966950375,-2917.6784963038385,252.4391914832387,308.96418072847854
1108.3364313743984,-1270.3198004308974,6.356378650076596,338.42765855571474
1789.252789787036,-2021.2690713707661,225.98373200595978,307.19192057039044
1925.269687102349,-2151.001008186038,91.76895262528986,308.85854275137456
2486.538074067352,-2908.725605790032,46.30295878811452,308.59094448670106
2100.76133408315,-1747.8889719199274,111.81820058096456,315.45549146820616
2783.5957225190296,-2430.950178110452,149.07808386947795,330.94479577043927
2258.884307869394,-1794.2660142095838,132.77573187558963,299.46661851426614
2693.1230456910403,-2015.0956940590763,197.3170920701116,305.03107657757045
2406.7445061623885,-2756.0230688660636,123.75133017020076,309.7974614683319
1827.8944068407905,-2101.495629883184,256.26502254293257,338.5667920135765
2158.58461714229,-1638.3967780055698,154.27334071223112,296.288543925656
1737.0361165616878,-2207.6899711445662,96.61167796689678,307.75356696313025
2291.0323409320454,-1087.8693167172407,136.45498394432326,297.81284355484786
2862.266663311975,-1744.1562744156627,33.056548301701476,334.8027677006978
2558.67589512877,-1557.793614273582,21.953158803213775,307.7899972318313
2741.7116759799483,-2423.873805095273,173.1351453343562,319.7947472157745
2903.278980873905,-2820.658335813399,47.363822883699264,314.3208932404031
1541.5699415537792,-2524.2470569039383,161.14308189250502,312.8590953660143
1859.5130970607943,-1648.7969347202365,104.41136910608061,332.0022328112394
1256.178998581563,-1260.8195407261899,193.51904144142912,300.3752720270259
2602.523735179543,-1066.7064944489175,76.84286210422734,312.7451062623909
1617.4836148601698,-2804.814155555085,125.12491661114268,310.0806654061057
2389.4539364992197,-2182.4993919149774,54.573264654433686,332.113578951201
1322.3302625615192,-1846.5684977878882,81.9242517561002,319.9901016544267
1498.9748953868852,-2398.938641754414,225.05088047921424,298.56089317900495
2377.7615040220653,-2053.288663564361,238.04772638362192,326.87420536960883
2627.2239080381105,-1900.3880606571645,163.84838528840984,337.93048495893356
2151.5522284898807,-1718.190606139078,58.11640373459643,311.991980551817
2989.0307977098655,-2499.3239354644666,50.05263117195862,334.8821501854272
1974.6241574745081,-2338.1274246739695,56.5200068809247,321.07082931448684
1416.5441520410216,-2245.280067584545,-5.3054665691034355,313.0609189246478
2633.1875718206593,-1816.7812612884509,55.50962899074453,328.6437240310935
2212.6867018054554,-1115.9373148658417,60.13151661266545,338.3243516658043
1644.373568998964,-1674.0936791378654,253.40304785744854,304.2904659576409
1140.0134595291613,-1719.4226547606866,148.21453774455324,325.185455009537
2755.27755519147,-2084.9849340219016,-2.775015425744405,334.3344474590555
2548.7223162223045,-2758.6693116856595,114.66352974149004,330.5221960730047
2032.5550514029064,-2167.7562732696606,249.3147892806075,327.449435638267
2626.6831757017544,-2030.5071861953165,42.33258956237553,311.2824977731864
1786.396333896721,-1124.2390034028385,9.779679082836374,303.80237203051405
1442.9758892158377,-1225.990759869109,140.90114882166966,336.80476021135536
1995.672228722503,-1093.0267969402091,184.8027219759181,324.34792258845056
1301.355551344089,-1930.1737735806578,188.33338051134837,316.4688630100194
1418.2423918649629,-1033.7646528033486,192.63749232747455,338.4239949247869
1995.812008613503,-2571.8309260082074,51.55511065846275,331.63051294938106
2397.0617714518503,-1448.5431961932884,134.93055474033957,295.31048424447397
2519.9313984416112,-1425.9970325477987,81.77302278969698,297.038666277834
1407.1130485675765,-2357.306981337669,123.36695889341448,300.26940196083103
2781.201376252684,-2157.7105700258426,162.05617258564294,327.43768000888235
2280.416039842737,-2811.078884882521,46.911266002435966,326.3053674908094
1337.333176974577,-1591.419881113587,210.9363027303834,315.3870916179848
2639.7438277461097,-2345.9600108671166,130.64147704273338,335.32119476888846
1695.9017443826147,-2701.830359317097,247.43295112565932,325.24364372718037
1945.0227975820671,-1081.8365929246631,171.5120810382727,331.5118044957585
2913.1359430918537,-2435.3933724422873,78.14505881960812,303.9599391113744
2313.696829099319,-2890.1071406961537,120.61934734809216,295.81925474324777
1129.3206689568956,-2705.380163692519,196.02764688494494,297.5722449340423
2086.4704967682865,-2575.4789418803853,111.40342836931494,307.0276001597449
1718.830643590216,-1685.3673578584196,249.14009342697824,327.090750454636
1231.117326078503,-1692.722080949412,183.02739360198024,298.4009044427788
2247.2897413126443,-2358.3409322626158,176.75570328338588,339.076418955265
1410.953290523542,-1829.9533883341844,76.55489611878265,334.993984466821
2080.123488319718,-1312.770262757234,35.37816883792563,310.6906701304415
1554.1176500259085,-2711.1966736823674,108.65839836501802,314.3498192385538
2185.8369418123766,-1049.9302013902416,177.67077522029967,312.23463661554945
1387.4670691782023,-1100.7983579613788,12.111866324257988,301.26241501126094
1955.1066986763944,-1478.000229308468,107.18637459941083,320.86414935465655
1215.7244029820406,-1668.6043255917114,-2.220552258779909,303.2249395767783
1081.2114276786274,-1043.5938493053784,163.03353432577686,315.142712280068
1899.9297676420551,-2777.3461462389305,213.8823278520162,333.032184287538
2054.366675555207,-2312.8391757823856,123.00801624133561,322.18275355577407
1896.684008818013,-2521.2793806835843,226.11220305534724,308.9147470537457
1332.5943937621118,-2106.6392411242196,199.35946270137703,302.14991469388747
1646.6470412104397,-1871.8859591191167,210.06474919142713,295.0442510626279
1714.2747587410274,-2291.391332463469,141.66239912189457,296.3015186215494
1426.6126794631946,-1547.8762357282392,-12.653673165276341,295.5799223034925
1215.4943810299408,-2585.2692928415486,199.39991750332953,318.0310424305544
1470.5921689253373,-1744.9010599068095,151.47996891907883,300.3858601869943
1002.8839000733299,-1316.0080131244083,158.26301334384863,306.35924960141074
2047.3042685513626,-2511.9195046286322,140.49542740670975,322.4759540824614
1574.7763288745355,-2280.971730138765,21.52530333085633,331.52535475740456
2542.7742611077965,-2744.743475335839,5.586673760617597,296.18740960715087
2490.90213301052,-2462.964906077587,-0.183893631106141,319.4502648683934
1497.2209644652385,-2084.3921135330706,62.28670836040156,322.9225879350927
1953.9790817568335,-2764.561819129115,162.3452239385014,298.5400230654459
2100.7702334049163,-2833.3293424406233,68.31596302454065,314.99857569274064
1724.0675466553173,-2825.4000541545565,183.97245084479184,337.04265492989305
2378.5281843812672,-2587.7610527653746,225.69509582609155,314.20790416756984
2518.969377768859,-1385.5478499869857,54.80805818039525,305.924120223639
1519.1386864212957,-1298.0076580356867,234.23150156041757,310.7186511512191
1251.1327749140034,-2452.612109637511,76.96310968791589,309.3137620535685
1875.365190458493,-1609.1985782536997,236.34115825674053,316.24740958876924
2490.430842912342,-1976.0153005290347,35.6812799345085,316.77053082328774
1822.489068115413,-2371.014600190584,201.27974770767648,300.3931921712789
1363.0168588525928,-1612.9788486221569,-9.035848982117479,316.40666924665027
2121.473142577121,-2407.1052045561673,166.39554925198885,302.15378256784436
2663.7895519408294,-1646.785410545641,230.12097326838696,325.2183037177948
1498.71512082554,-2587.5805305989534,130.57393575538092,306.9654123811496
2002.1620639354746,-1716.6261610056204,108.71410334102667,317.05181292622984
1131.072558395435,-1986.814603026847,67.16827175745739,318.6041936005971
1450.1431305518927,-1827.9052216711543,171.05386237995282,323.2954728893455
1709.0441546828838,-1128.0432933400702,8.334694939314133,324.902829589774
1498.0943043476832,-1314.3704862213178,45.458601650039654,302.53702388011016
1158.3864938294794,-2234.8974684983846,200.0043098904537,299.02879281416875
2424.4783739296145,-2141.2960579627593,180.79636482205024,333.6076210898467
2207.6462166026495,-2601.850443666902,90.45683323688834,333.23404648890465
1763.9695797467448,-1010.0116910570462,115.54562113355618,300.00602294689884
1575.4117280841942,-1617.8713980845505,201.34288692992655,306.21935808619736
2250.7498500034385,-1676.6839207160701,18.44948491574251,310.35457135729365
1307.1878970211737,-1152.2859614633055,205.33911903666066,323.1497628807268
1679.9954359642657,-1457.5969700709015,60.64041032865917,328.4166322200748
2465.05498915937,-2537.1109775724512,171.8539551177906,315.9148388820532
2111.5754865721046,-2227.5430062305104,83.85382034118416,311.46691362729985
1513.4369863765987,-1903.950702244931,70.39434133992023,312.02143023615275
1515.7010903914493,-2993.344433967072,91.12124362460077,316.77682871760163
1574.674519485186,-1685.0288567378157,143.98568687510212,296.9097067130237
1464.3592679417384,-2362.064106914843,47.24893821732564,328.6682826516064
1774.6342507784002,-1930.469328204901,92.7064112863124,338.1736403465973
1930.6403243882605,-2865.6445775674047,152.31077160654363,319.91089792621545
1406.8580677099358,-1012.05453290441,89.07540050963279,328.22870649920657
2058.174542159625,-2903.1744181247495,191.14951567112678,299.72705259747545
1656.077628325408,-1790.3928604634352,128.0072551744628,332.6270324961119
1750.8014874058222,-1213.7854990899086,102.36824600748773,327.13115838700315
1991.49943347089,-1074.3956256280087,239.68843052125368,335.9713691265541
1447.8052966680602,-1463.8273304036943,209.87499049745387,303.792220747232
2585.7792510164068,-1590.6286979042338,32.34067809806692,311.2128882763797
1060.3566388344982,-1024.8678704277004,41.87765259042132,324.51575412389025
1114.1041276254796,-2504.982962695545,178.6345633441031,305.0024296236816
1694.6845501224802,-1668.210181792706,91.64423693133932,320.2866529138228
1500.45811463069,-2732.697828940918,5.549703413044444,332.9288704455489
2113.4940079630114,-2839.9855612092415,104.16405339863321,319.66187625999225
2363.8937759700066,-1007.7360415616859,205.39466128618034,304.04508630941183
2370.961811966761,-2318.463315004815,16.704698553732644,330.50864421988234
2605.614016745933,-1882.1341646610974,171.6807457548328,324.7600930842354
2528.7353824636893,-2858.5795059561337,37.27233363496883,302.57279372241317
2349.4111193375975,-1595.9484075613732,154.24093638377607,311.727061958649
2107.4305522529803,-2646.8953952163747,97.72191279391164,298.75687106613
1874.426596672734,-2900.641439588986,194.38532086515994,319.50814051394815
1521.026506453792,-2042.0678427057965,185.60240929039728,328.0647064475751
1497.3336130579094,-1726.7402544175102,45.69922266282416,319.43141567675775
1751.2401764608594,-1933.6959904009539,-12.549844666753929,296.7053351901131
2858.7000331124655,-1708.4472017550854,191.51248541200465,313.04595495716814
2537.053554635747,-2839.0452340086676,210.19407927431732,334.4063500978126
1184.1853133747238,-2223.388343357069,242.01610135361727,309.9515273276352
1214.7396218037036,-1184.7173046402918,107.13723601702,297.0253476720663
1393.5442748451965,-2795.757934132881,141.9179884183643,315.03328773789457
2175.2734447665675,-2691.41469686077,231.0569951201118,326.5993652431539
2297.867289184068,-1214.7478659720205,-1.4621595730467263,298.15577510618505
2736.831432289961,-2262.9643328216043,107.15318715015941,327.280158988929
2276.835797528976,-2201.308478271225,67.89768725892465,302.99636700278614
1395.9312969239877,-2033.8921312094662,196.8107606569405,300.295367321989
2802.328401838631,-2946.0462389882073,150.69238231667302,309.1054200719159
2045.095097133845,-2723.4065017031535,83.96014490944287,321.62013780141854
1504.7454908710752,-1196.8747162273821,1.88788467459921,305.349504713652
1544.965907622659,-1826.5245895628218,67.14243791666223,297.69262185700336
2570.263632218913,-2397.7421462866832,136.00907586583102,338.0666632668997
2881.838159785734,-1130.213181953859,216.1230501985239,300.4446290668477
1086.7102762980942,-1044.0162901606334,186.17246250188165,330.3722549001744
2403.0001496135405,-1747.8201421529473,43.60944987441978,328.2109076591424
2295.5710069812303,-1549.9396311032128,138.98434898646605,308.41136714490904
1421.5674386894104,-1653.848235490304,34.2931676720721,315.08972581929714
1586.3408555293327,-2765.698920289653,142.50927187746052,305.3350636781399
1929.8864953557973,-1331.2879283731775,90.33144401769306,321.52711880599173
2002.8397269729494,-2693.200479997121,9.606401853004979,297.20282136340256
2810.582568254873,-1006.0968726034268,195.8385230488907,309.6487860206984
1783.3964092378887,-2092.43503581764,209.63358843646438,331.1859442097368
1563.4034865156004,-2897.031097029211,132.61522154197365,332.9931079932128
1864.4704031510564,-2465.6266829774204,-5.048533228456298,332.87575814167167
1395.8855818562117,-1368.689463878885,255.7424686435923,305.76918392396664
1928.6999422556464,-1037.9996373030895,101.05381938160714,298.8155108180843
2619.1956576507237,-1825.1032161240312,201.72224235359457,299.5430828867604
2398.451479711147,-2845.3159755923907,222.187682398908,320.7588796010968
2304.458289767912,-1044.8836334329276,139.31111145451302,317.99279377871494
2907.9394050207666,-2293.9263007410545,-8.727764780285565,317.87736773808984
1338.8136806346706,-2779.7816851959656,123.59163434982165,331.8200387524151
1508.1468473826312,-1163.110087583934,95.47844666184527,317.3520662660642
2669.5772900460424,-1350.0504607136618,143.26457745184624,327.82010965326964
1457.6681104920956,-2204.610011702003,52.5001913222293,316.2069626399401
1844.040432710342,-2335.844461671177,256.07932476366614,324.5973767773315
2137.478951179889,-2587.8742602742736,225.30236384306494,311.3502943781495
2095.833064004414,-2077.8016871838067,155.44920852942815,323.5798116566822
2482.6918992475617,-2979.763340394202,75.16157930709274,335.03155689891736
2548.356614147319,-2959.40110560866,212.96264969251843,328.7966591880738
1793.5225963851453,-1446.378172870349,123.80801673408232,320.64614584143095
2798.6791531121894,-2022.1555408404029,244.68304489213068,299.01047277759426
2405.6868060551096,-2631.28092624678,75.29764526810065,295.0773848175062
1793.6199669429968,-1826.797331616147,184.32323448758044,329.48238582420504
2259.024636594011,-1060.2966160316062,10.850957463660144,333.6288897218087
2700.523902548065,-1799.1977164409996,65.93931424641048,303.2674940825297
2126.969525136107,-1240.3944392949475,23.17972512844905,303.9750695043392
2735.2818142825367,-1749.4831321635056,37.36787289743594,335.9010576967508
2892.907685404778,-1265.481697295061,103.64684262877934,307.09162365377153
2287.2086675748774,-1061.3444182330597,124.97323016667642,304.70804699195014
2130.6604660445337,-1555.789778020038,115.09400754935265,329.4512088602767
1449.15824649156,-2098.459613556463,-12.014980753413408,334.0390760759405
1569.223826770935,-2088.5243336648464,66.52482216827349,319.28955704202207
2899.571498852665,-2515.636669869514,238.62603562836625,300.3266657184019
2259.6305885488555,-2872.08322497278,216.37401929443027,326.87524857276503
1682.327880853844,-2860.172271493045,105.65402627442042,299.61348350422514
2268.462797381553,-1004.9897041497436,123.85402634076166,312.9719114516819
1054.8344915472594,-1184.522095795655,-1.8326723550204953,311.7185075123419
1056.125493582041,-2910.7276165873336,248.56931203809717,295.1829654470834
2302.872017636083,-1189.67157976353,-8.03354476136565,303.0686640419128
1887.6033964689022,-2900.9365990325227,118.016349450008,320.82863111280756
1767.8316405954781,-2219.6859900442014,216.56716741635583,336.0502067847131
2951.797107678103,-1221.7093530702637,183.86043613774038,333.42182279326556
2105.3620472870116,-1342.7709332887357,157.54271640576027,304.40971110175826
2697.362265106782,-2134.2172651567525,32.21574912861211,311.8102374233136
2951.5141935019856,-1088.0162887270858,88.41177000578605,320.9820842635249
2142.2478558438725,-1277.1152202396158,232.7582859683355,299.84151341016474
1999.471783028595,-1127.7085557527487,197.3004612825973,304.0425749358434
2018.3716646622922,-1778.3870024715854,237.5120992116076,299.2726960498738
1113.820818656233,-2329.7337553574644,10.31670494844223,303.46814021143837
2526.3322704240118,-1330.6856910685083,11.993792482929464,328.97709635468834
1470.7224846376128,-1654.8511326007708,160.7721996122715,323.6419741506334
1213.4887386223643,-2249.446662387206,74.98873592957344,299.2448116921932
1281.8816159575158,-1099.5471847411302,67.74191916180645,324.04849799414495
2695.8401077125245,-1349.0936537487862,42.4731938393455,310.5979374654519
1859.9211882445557,-2209.7430425185667,190.09398821438324,334.7297389457799
2768.5292451748583,-2489.770332160389,21.18247576952335,334.68881128369696
1720.1091516603292,-1327.6340249085333,238.6088611909677,310.13781359141
1798.4323010599308,-2094.309100294472,215.24528108806894,300.82494509030863
2899.7523046358715,-2291.1430385102785,178.9718378301009,327.4133867210803
1493.347169069019,-1977.2684172701133,191.14528553117324,321.5631515319434
1278.381651662083,-2726.586322882272,245.7834253901944,321.06941798402914
1489.0207204396443,-1260.5782045124035,93.47848398302645,324.02462519050505
1704.9996750374653,-2889.7184500201647,79.51839661471018,336.8340635146502
1882.1492075657136,-2063.0570137474306,37.129791078701864,324.20351063554
1234.921033108675,-1839.7642628102044,185.89307949768235,331.89145065993335
2064.72915911658,-1984.1649886082323,-0.1394723303968668,300.6640748970549
1409.1397561848075,-1302.2262684445218,47.053652540034285,303.78311116106545
1019.5446701907367,-1705.6160348348726,86.44393029272342,339.15614259383483
2516.3223182722154,-1830.4906756073187,179.80964935333364,317.76938665916015
2984.229772252562,-1751.8243380261526,1.696395630548711,297.17540718688593
2019.8432238931518,-2948.5914725551816,239.0082601557213,310.34299104613865
2011.3889721159696,-1159.835236579154,218.58425053731426,323.91954892275606
1861.8922796784732,-1842.0411318888537,214.4045099982299,307.62890655661323
2996.4764551792646,-1620.1956557705216,31.595788701156373,317.49124908740635
1399.2921445049315,-2591.7729315780916,107.41989552131939,331.3995954416604
1158.1340899718732,-1830.8908275162355,220.1905447469765,319.31204396979865
2237.778060337652,-2410.1062239851794,154.14867747734183,339.3289787019673
2231.7058073097587,-1572.8461020698098,242.2582318993302,300.40471437670664
1628.127929700494,-2603.27045137209,64.70333846883375,322.93761864229907
2939.386618591081,-2560.5737786323944,183.57765917960472,327.8468058419163
1697.9049273917558,-2911.0522100112107,110.87462295274163,309.2850290144114
2673.135013695719,-1084.1784296253504,42.69638508349437,329.8366408418355
1372.2961165172574,-2618.527752979677,152.27305543401772,296.72840556819193
2172.5807370133084,-2294.734911870214,62.444724458756966,303.68828414886224
1667.492524651609,-1986.6547581316468,129.7389695425711,331.05401644669496
2178.3908553351757,-2191.1751886553607,221.61185302995574,318.48592869073065
2300.7947133497346,-1020.7228366736824,213.86633911541531,332.6506251376311
1528.9687750782352,-2251.6575321879877,178.22946812063438,332.56334061982915
2243.0366139727694,-1743.2800879603599,212.82566525083072,298.95084341872627
1957.8915792458101,-1380.0878059218792,33.50906066428163,325.7724282417742
1238.4063523979514,-1597.397703942673,50.137804379027116,332.3795668409473
1303.847428263533,-1339.30208859989,49.87938924424219,325.1391372710527
1477.567568670268,-1007.3459926714156,55.033125562328465,338.42235188047385
2512.119881348043,-1081.1645309465703,189.76166413489534,304.3153100960012
2188.8091682636395,-2542.1613290068117,41.23475477764384,318.6504015645348
1018.4546154047487,-1732.476988530245,103.21301668085123,310.56154632430855
2262.0633036493027,-1563.9364065196448,177.03730487960698,325.28725974492505
2577.7150235324625,-1710.634571128328,215.44516990314264,323.1339409415724
2560.989462514033,-1072.0869655935553,102.91799726140283,330.7060653067005
1131.0433375508942,-1146.458760118333,145.02162427475054,335.6854143976706
1092.8700975326776,-2293.320995264098,73.03742707204175,299.1704852654939
1676.3558697882986,-2527.033363240196,1.8005855482494582,313.0944947565667
1825.7563334858833,-1270.4862859925954,252.36862037919406,304.609665307563
2059.508978876369,-1146.3249996255865,43.32751814341531,316.7110916736764
2594.992618918286,-2097.449978144324,-10.865373426226816,331.5711801841153
1735.2327359402095,-2431.5859228205054,130.49841151605034,331.00276519315514
1502.3512716806295,-1074.3578241354478,156.53278387117015,297.79380476550915
2100.399206926779,-1554.4913019898836,157.26808517001646,327.50311566968077
2606.7086833036356,-2932.0794790602286,187.98146334531074,307.84572175043775
2386.5883852395564,-2667.3556514131305,61.86818657464097,325.80153350544964
1404.739449430177,-2258.58378847475,106.74883406064318,327.25433567775144
2804.783227108054,-2896.1283714431643,19.58585629017034,309.28344072561765
1037.092577524694,-1807.3786298841387,138.99883042162998,298.9252460840982
2905.02011552242,-2593.486316751523,-10.575414267210723,324.84853516007206
2471.0887688083412,-1305.9944108633197,123.39956125397575,335.9235650702976
1754.4682246062712,-1435.193274533689,65.51988763332662,332.5545530824223
1307.9583990102533,-1879.323534710253,87.53559510766175,316.2855185016979
1835.5506730405154,-2042.265735958484,202.11196093263044,307.13556271091994
1697.7511676737602,-1653.5491072947325,248.2057349920422,319.7724099228398
2544.9149221346206,-2823.2760521333257,55.16268139890552,338.47910806776963
1339.0627160283777,-1837.2019491623712,153.3609577008249,317.718067160474
1471.2100277048476,-2099.0752395870854,82.01722841575922,339.88456905196244
2696.6431735556953,-1412.2711113059443,212.1264219313551,296.50009717820393
2638.2327593129903,-1839.78407625877,173.4976824730247,299.23231195809836
2421.2720254922124,-2580.8536236600003,120.53468804572606,335.9533299928427
1888.3649777597748,-1179.1771334925252,22.438941095841557,330.3981070716087
1170.9596876200578,-2645.3083285308485,211.3813814066976,333.9068783473442
2040.2220648884002,-2148.9702567438294,139.66766422761006,326.84648543708244
1229.7185811984778,-1809.553193989736,171.18322966892637,330.61831280324725
2219.9060758958576,-2045.7123025620483,225.3185818763791,308.9071035602884
2013.059452041009,-1384.1299927099067,45.70766987295558,303.51363533030553
2201.0284450596264,-2391.54586678575,200.87705641618535,331.61709285795826
1702.5036712715596,-2764.2676368360844,106.62521595549411,311.772410465871
1257.9056342234248,-2556.724384502422,19.87001805714018,304.03771972828775
2403.262239103635,-2990.6460294570693,212.3089046767477,315.5946005854687
2417.281212791101,-1038.3735107411158,253.01385741466623,304.6910659894633
1065.1563199365069,-1743.1319202281165,42.46013541811698,334.25006996674404
2721.5021686035157,-1860.1642180774404,219.8734583267519,320.5396455945775
2778.798466317416,-1798.4207062616363,227.28654221519352,308.57833532995437
2022.0619086399688,-1852.0595065293226,54.89270094769992,305.45778269898256
1156.4752211287978,-2594.4861165118455,169.60468179388852,315.68831606737785
2833.9342996407204,-1000.729224099055,94.8007762926792,303.90692807128715
1152.438833590036,-2726.015183010646,57.24158140159966,305.17878331238154
2372.363841923271,-1557.2929459923519,247.3337948104891,315.6092200937707
1854.3870672665132,-1652.9505444356232,13.93257458026233,324.56270610248185
2498.6919242294252,-2871.135526567211,2.364135882805588,318.8753304133511
2623.801037096091,-1709.6285790192019,118.26681402166201,324.5135258306504
1664.4904076928397,-2618.92308650133,34.87603892761286,314.70418472688465
2834.563574116698,-2166.8363591602,176.67239095069894,330.71135190454135
1423.4505150666082,-2052.01437231113,178.73342203065351,337.6534978735588
2873.855884662671,-1637.4240073982867,1.6627545589208523,335.11931249898794
2987.0210504259358,-1555.2420575025435,104.78805759691669,329.07026648873256
2468.6540692360622,-1740.1254369238497,225.46791401120197,335.37754937306414
2929.5506515790803,-1216.0144338238167,238.61991972191447,311.6720745208107
2190.111363662416,-1040.744400668683,231.46351231194816,339.6349706426894
1191.5807949511786,-2486.520562967045,243.03374447695973,331.9212383377839
2753.7913014089886,-2018.73981453547,55.03496980759729,311.8162059658034
1335.991261464837,-1035.7137317551696,243.28868433378165,338.0351880846379
1035.023169398541,-1317.216011672494,105.62052766468743,326.1045398382436
2917.466713953446,-2983.2345217412053,184.91287223994323,303.7282840320913
1995.9253040564354,-2754.7343010060104,224.51991352324515,298.87731950180705
2732.1847222032684,-1751.0558781772,127.02776910434321,316.8374739556298
1786.3888907459627,-2286.993606928213,202.91144259361752,298.2936979766243
1664.386637029958,-2831.3925976666596,236.57261074152885,324.66771772302224
2541.6618459632655,-2013.5408741965293,176.21791090329847,325.78766227991827
2601.3468386837194,-1480.0516343581903,120.24201283061763,305.88829546284586
1599.3550907591425,-1224.0953382247094,103.37470804003449,306.7035474598373
2141.955468460106,-1422.0071328791157,136.08721827036956,325.44235382616415
2555.0738395993876,-1135.5810399884529,-4.562286246580566,304.26716001070275
2557.769143113159,-2842.673455685461,216.05610892997305,306.4689836791365
2594.67313509604,-1861.876180723333,74.2635268114188,315.1455205535489
2394.051520002842,-1931.615510227912,188.69599004192142,339.78522084019966
2394.378059791926,-2604.968497600205,217.6044180100028,335.7333956548214
1755.7779593409296,-1196.3365157498833,237.16730143949493,296.2501308890953
2532.4676026877223,-1315.6928624786003,143.6370780916553,334.6215779906839
1181.6330460971012,-2251.2038274444585,41.584981160633205,298.4775103640563
1907.0557047974642,-2687.9631513713853,227.0898881142033,303.58513635215274
2364.3574302513207,-2185.234791585179,-8.972029538833567,317.85422713720203
1181.2027375520827,-2187.3940530642008,228.2350000850076,297.3213607968679
1995.0737762669287,-2873.64076971343,5.092141722742223,323.4992859073235
1808.007957834779,-2731.5985009782444,48.58076080423416,333.9691758315443
1624.624739110665,-2203.9223973131902,225.4600893867461,329.46961209314134
2237.9146266082257,-1744.8016376916908,226.8631276438698,303.70337008749334
1538.3257368555294,-1327.3736047484108,161.5617898452716,312.1791824918042
1049.5397544848681,-1047.4007742810843,27.436249671759057,301.24580417673184
2382.0982762670883,-1816.204444052479,143.00432621944438,328.9361193819288
1244.1923226498216,-2731.184254651761,211.96785279501108,318.35342943284223
1048.0345473490079,-1363.201537116145,8.188229395431673,308.899396051082
1402.1887315526253,-1618.5853490344168,151.87225693475696,319.57827355607157
1074.2572505296862,-2809.680008577354,223.4835876787975,328.4639116161095
2454.920237850736,-1981.8009580691264,172.66155436549906,335.1570707707705
2563.0712238530205,-2676.612971859504,27.771302768025627,322.8202391709076
2619.0586495004554,-1849.1810719288574,195.2265979881388,296.14582524113536
1179.5776545406534,-2280.1238637756655,185.85697434986324,296.5431373025218
1848.666750572352,-1961.0653495143308,253.41896483423795,317.41028474061335
2760.52822963974,-2964.063610503729,146.95263786250104,327.3441264442586
2380.308332831377,-2536.798696618677,219.2584473131892,314.47778249471975
1344.1944522628285,-2656.25339975933,139.13220623286605,312.4889995648797
1722.7749021004,-1705.8802404395494,74.45784744000765,308.3980040525412
2532.7987822514283,-1542.9827402736362,-13.447522835333878,311.1357099791622
1546.6928285083704,-1077.233380761773,216.49976058460211,319.80004364335423
2455.517516596408,-1027.7321448076846,55.06552608994548,332.85173808453146
2089.0775604693335,-1971.3871426136689,169.67342245015973,323.7985755418857
1883.876974953339,-2257.520018093283,199.4847600960186,299.16735606430376
2486.574854507231,-1555.1011824708792,244.8370698831431,325.1941708704474
2730.9960632889206,-1408.253323114711,181.16609085236894,304.499657952614
2800.3096108880372,-2352.9129916460165,163.092314219366,303.5588733180425
1659.4502707500315,-2332.1281936260284,78.20203939676693,320.9601346874539
2939.41568369961,-1087.4705643355242,155.51393503497778,335.8768658101221
1344.5559686372462,-2520.0670943222217,19.20269525362903,304.5253923284842
1532.0885583248112,-1377.706625281224,96.07054035385659,297.42646986210565
2606.178498244312,-2352.7424733420257,104.6980836203647,322.02598455183033
2255.3179405803357,-1441.5554153830944,46.90650736764245,320.5689841397734
1533.1066307129527,-2804.5795368560875,258.61422173320847,317.05319675091204
1774.289607476489,-2534.80220861027,247.78522470759793,339.4266293712113
1471.2944803061425,-2787.295486856642,73.88229467039706,304.8527881522538
1529.5042985199843,-1682.6841891858965,89.33835104947791,321.4431855644844
2379.066166483857,-1988.0219088382355,53.70124107524484,321.3371476429608
1036.1083371267123,-2978.0705077269354,160.10806472525778,296.24368578519216
2257.511632131107,-1245.692491435488,72.46692261625338,334.5233896630167
1900.877057281014,-1573.9944357301554,175.74903529508498,333.6429029886227
1678.654654728204,-1723.4991841831218,9.49180787832934,331.06615154626644
1095.7330660111634,-2126.3480019689423,205.01047571186643,311.53690975793654
2514.6782492866255,-1623.5640478119246,65.01424139515119,306.7603877875948
1015.1796510067575,-1401.35946799261,246.24306509893387,314.1937171192075
2798.2454230097937,-2873.392408400716,169.6659433160111,304.2407101330502
2484.3968469013,-1084.8741473025864,199.29282806475942,306.9535126563529
1364.6849368028973,-1026.4775861736873,98.21647415682759,296.1350589073255
1696.412212058431,-2241.0165487258073,224.81135904561037,301.8977010577486
1671.8821462130159,-2027.9064410625479,110.55197795151516,324.04238935913287
2108.022534986527,-1933.663620385711,190.4655030253993,319.7786847576917
1830.577879827506,-2662.6575781867855,89.71793692243135,332.90849368336603
2246.4003820298276,-2187.51859446314,199.0272819127257,317.13144226373834
2540.9360048177577,-2476.7159287036993,80.36161902135194,310.94240531544926
2540.5132141811464,-1047.2502484886788,161.113867175202,298.4021377395639
2557.4039090699744,-1729.085276759818,111.11598452648781,322.1798468375373
1291.5716396770176,-2479.278989554152,80.23283726980512,309.9092373424889
1162.7056553654486,-2895.1529386651014,256.95360350878815,305.60241468119824
1110.5239696690876,-2729.356923253864,74.96795996794401,315.49151615586715
2896.5809338165072,-1709.8988935186496,17.093422302817856,308.4969110690627
2204.3776639095586,-1041.3759805615096,32.46361241672125,331.224147228174
1843.2035056317275,-2514.113761361212,131.19572626425938,319.3706330143119
2378.0086854025412,-1811.9788466615994,63.65665877726596,328.88495147713144
2240.590919892274,-2453.0992927115835,177.77096351298462,304.9986695200501
1121.0150305146344,-1523.7825771679938,49.238778327919576,314.6696797484394
1823.1611706292392,-1919.3951241219902,232.912758368773,316.96874049655884
1245.9534521256207,-1755.8409820451327,39.52714997303386,337.20411221641
2491.514190756984,-2393.2700549354786,230.64328413225834,319.333899331857
1714.2412498605154,-2431.4048248820795,-10.279370607996258,323.4996887257108
2613.0240841744535,-1796.6314874588431,97.14699472891338,324.8810383444768
2354.7087415791557,-1627.9516278111385,-13.516337738913215,320.8517542990709
2248.4246042648365,-1738.0442186666337,107.8456802641176,325.5255631709207
1194.4376651832295,-2265.038106104923,132.35789657438633,327.943136353045
2314.54831647735,-2475.4860928595353,188.81202395310075,316.1897605812989
1878.1442272633549,-1437.7417416766295,127.51787315061847,317.0156856437532
1040.524277949737,-1487.0772605720103,194.46676452279908,327.45231349329384
2001.8119365266462,-1012.1522333753255,21.969005629271436,338.4039544253603
2611.1895431190856,-1052.2391380945255,111.56669004996263,320.1375367606537
2916.4171203767755,-2583.196114349912,224.898439470955,327.63103091847466
2108.2503335007104,-2306.6376082386305,53.213764035912746,313.33741908724033
2824.725159769212,-2948.0703950364773,146.63546573320747,339.8343650893494
2198.801436175735,-1794.3675917212256,188.13506747142483,304.9867041687326
2071.952378797307,-2134.2497102133775,36.77311769350263,298.26706735331675
2579.3983312330865,-2008.1470979550504,225.33582351231843,295.36860742317003
1976.1163077996675,-1140.1118154305436,27.481195968379154,310.6959741891739
1557.6039635092443,-1171.3436847772318,30.797226758895235,334.96931687594554
2736.967875508419,-1054.0551348812303,150.03415714927445,335.94672428211146
1297.9437040808566,-2167.179227046244,128.77916917292376,307.1374944940347
2517.8423988719433,-2953.281087303609,229.98600252944263,313.4064579415988
2238.1191857409685,-2359.364237739189,73.89778729249933,305.5120630204454
1754.179682747858,-1939.132195125863,75.83697015799041,309.8843325527736
2386.4285965414006,-2080.4598629023462,163.32630809631155,339.8191278389966
2755.5830957176177,-1733.2235249295006,50.8261329657163,309.6078672669443
2575.81937002641,-2663.10768106576,34.51741142761468,333.89570441177943
2064.8439826692615,-1912.7935317431966,135.36297721553217,297.4580017555293
2285.751136705034,-1566.2758676678827,136.88665400341546,324.076017350986
1620.9730861374678,-1527.0881810453486,107.64593723588881,305.1676093181591
1244.805170384972,-1329.8547321765263,195.8011126374885,327.3258609895629
2788.707535677654,-2268.9322770011468,79.31540012852922,321.5080712114351
2026.58832556674,-2482.2634816878203,-0.168425631745718,326.390055545452
1720.1652375672097,-2210.2920727006467,173.12846123548084,329.1673816886521
2597.801092504168,-1014.1731719208749,34.30129187486859,338.98781866881404
1166.1778916069259,-1969.3293807351467,102.86344925911357,331.5363836093926
1965.3672745167923,-1451.3654770193036,70.43018104744725,313.25710785432136
1519.0962612161698,-1818.7291600141143,126.80679505595467,339.45630810734684
1604.5257389623252,-2960.4783832054545,172.1428782724563,319.96427310064433
2136.132478108714,-2424.457255419617,174.2730913508595,309.6883566824637
1112.077086649033,-2032.9360813461296,163.96734135766357,323.62800537851814
2859.4321231575127,-2178.6670612917246,-11.575851412052376,319.22797061295984
1652.7168298503507,-2298.8448627413336,215.6818846513305,322.00769184599244
2708.5089316328795,-1853.5056330017242,39.73152881268766,308.3555211632841
1581.0067872556228,-2111.3121127243417,252.83640258857162,324.8909049008108
1492.1477774381083,-2542.8559577915976,191.64576812213224,317.14227010809486
1381.4642409845183,-2751.345443748255,141.65480217222324,339.9001665816444
2390.2075761031165,-1561.6307680692905,57.786620946787224,336.4413195851646
1537.815716913397,-1485.2579714193755,258.09525843212697,305.2307900630686
2566.462119280387,-2697.004174921974,-2.4848415739721617,336.7765309643259
1060.6823570642146,-1649.8286354558568,257.01149022488283,323.8866213174805
1749.7385282778023,-2096.8132187515034,185.02838717258783,296.48608284523567
1646.1504127265262,-2293.2444559774885,184.9690186689017,330.14948248303574
2233.7850584917696,-2432.2241207619895,242.254399155856,301.75585139886726
1337.4336087205456,-2789.289618233129,134.8262218129832,307.35730045865154
2849.265491392006,-1889.7735883897676,28.278772897437257,321.35638627594375
2298.5109282518674,-1129.7873458370739,96.28534025571504,336.6347047680332
2625.6424447308236,-2476.2226407648413,204.56481785703505,329.02115948815737
2810.300565326938,-1004.7944157031279,245.56696644022645,317.18857860120255
1730.0592991908156,-1165.69835555172,102.77244654802747,336.80819186702297
1360.0899721091541,-2801.1562253022425,220.29311387063092,329.3225132723094
1964.364406155786,-2402.541565287168,35.81510112977562,317.47930735802925
2350.4804223067467,-1434.1970160667795,217.48313726262123,314.65305602102745
1995.2533499227216,-2170.281793881245,209.34091904414137,322.19140645752697
1191.6892593495038,-2172.4647665240545,2.23478763012978,337.9058784301889
2276.620022612729,-2858.3891298105714,6.5938170787825285,308.1904832526336
1841.217591129111,-1820.0515647410853,175.61105957854883,335.45534217753504
1419.9939919659637,-2761.4221739523873,182.33260835512363,337.46786976012305
2257.8024563966665,-2003.1126965236044,116.42133384005396,329.7656618769515
2607.7277290046068,-1165.8481137870144,-7.444772550703425,312.49319080874153
1246.8460060953748,-2334.0726091219913,211.31922049870323,317.7441937743056
1566.47216719521,-1481.2292906863913,8.91728633470482,335.75481874524604
2023.3240031361538,-2345.62445077445,230.42713005998735,318.09208258737215
1055.6685670853412,-2904.4703165283736,9.451317812750915,337.946789990887
1663.6484125516981,-2178.7311178927594,131.93513013614782,322.58144387701196
1644.8846652652642,-1490.5035389798086,122.17296605347119,323.7356131850251
2685.378208628307,-1623.8174035790314,99.07290874412926,311.05185006113004
1810.4695821895934,-2754.954922259257,210.9470425870346,296.7106130215786
1224.8257401470175,-1585.4984519423913,179.5414066279102,322.5307783652063
1347.6109494400785,-2659.5096329164217,127.06278314450537,309.3624005233144
2309.579643394362,-1136.7048682025336,167.3432021865656,311.337642663906
2207.5443924774854,-2851.971799249741,161.6671000298141,332.9840743439801
1886.7827311173396,-1404.5604996643667,226.50001242724403,296.24591863033095
1187.6247700536271,-2049.77098331697,147.40830872872473,321.14159527769243
1548.7988360857962,-1148.575261519218,88.49695416872159,301.4743343989338
2988.4618344726014,-1159.1873153814047,-7.071441160765985,330.2286307199888
2673.51895803931,-1643.0912762943033,152.06570145169383,322.77651796721716
2529.164079222724,-2584.6119274635726,50.46171698718102,338.8169965398884
1922.3628492579624,-1611.4878371313166,56.68916745655682,325.64635197709197
1111.8158812840124,-1363.3742779146946,235.98847307665594,295.1503996705241
1922.0580237528548,-1109.1396752977055,124.65200021017489,321.4605858774314
1762.0609098634366,-2180.2103605644575,197.76244003691352,319.7023257792472
2387.704397628549,-2987.3399503560177,124.60455550032148,330.1645382701909
1285.9965687891229,-2663.5735211436486,6.412862152178327,313.4651296848229
1991.078979695618,-1197.3098162905062,73.34665807100568,327.9737125546404
2006.0231507051194,-1477.092467115336,149.25243382272697,309.6957524827482
1637.2828342549346,-1494.294462268515,186.15611157162192,327.60881639641457
1007.6330770052808,-2839.9298135667236,47.71771553342962,313.48835106535944
2227.917694440983,-2613.571321486143,251.86095246916972,312.30395262543925
1429.4562522269366,-1368.3533569177694,153.04859774700245,318.3393974208379
1473.0214682812434,-1687.47338896677,257.43422290115285,302.2581195877168
1561.703068586427,-2694.4289503648733,-14.83680661499316,322.06705493749723
2988.908862025979,-1077.3178078943884,173.89445842417,326.0524073948332
1327.7565775589956,-2850.1298576497334,115.14469342802414,338.28170241575657
1897.1373004269485,-2945.9988576485057,69.82901997722837,323.77959376120043
1005.2387153015823,-2893.541225915807,202.86075137403049,316.1995120290709
2532.274579543712,-1084.9928178669536,100.56962713529283,301.6938628713972
1104.6590872418606,-2780.388458448934,119.06716984025408,302.1260012655598
1366.7430009753143,-1634.7800782167494,143.16429346480862,301.43995787020435
1432.1517646991892,-2257.7273145439435,213.15958203408576,302.99261830579974
1047.290096195709,-1895.982114237075,128.38342851489398,330.0758822692708
2931.2766956446435,-1297.0552472676477,98.0711193823999,317.32228260102056
1028.8577257776603,-2644.060210608155,-1.2670305357973088,322.7356805021098
2519.8541302115545,-1996.2602588655732,233.74281601939117,327.45497775168207
1504.5209712710907,-1311.5139770021624,5.823286283551859,328.0170898671662
1610.420197555134,-1922.6917314370182,58.55800731903355,295.31189167294866
2632.40291519714,-1665.411445424125,57.102762850234924,330.49765875614276
1402.7337682747605,-1248.924887228761,33.08877872965827,324.9406330033572
2466.012670015358,-1198.5191189412412,61.281868484753375,335.50021565983803
1434.178018121203,-1831.2444232912048,87.4889658807075,324.6712217403498
2695.960337259975,-1541.8554328661978,156.00090190753951,334.3984772870103
1236.0539225337134,-2953.297408453972,135.46616602572897,307.3336717812647
1591.6400669191346,-2848.2947933957034,180.87381764282682,299.31618352948107
2751.3142130425126,-1981.2335449616514,227.2738487615443,321.1321824878841
2643.9868406070336,-1007.3346689479877,121.63532241159035,311.31668585979384
1725.0747719346077,-2057.60650906132,91.73907627597937,303.28943037557616
2608.949029726279,-2807.704510038421,111.8880502670914,312.0530653665617
1217.6008062704636,-2635.558097082094,258.15660037588,325.5668393669935
1640.9955736904822,-1854.6818442439162,20.589754821417394,303.3093312417798
1447.7147687309143,-1032.030669261963,220.25596276294743,326.79052588569
1727.3592994063592,-1039.216751415852,33.865650395916724,316.4831288049237
2197.2724253171473,-2609.414756993758,56.499008438782724,302.79393251422516
2604.5454510945146,-2952.790896357984,71.9870816226268,307.578755331599
2765.876435360518,-2664.838181182427,21.46844196037535,325.91316220238906
1752.733866610159,-1659.1319684839523,77.11117132083979,302.3996724045189
2656.618615037797,-2716.730195219538,237.64703613140867,338.9598176784564
1301.3130091783862,-1552.4767697630994,48.640810224910176,296.8789850293214
2279.420773063537,-2220.1182162757505,212.47202720903016,314.08639534602895
2351.1828092106593,-1092.3255785990434,220.29798831745902,301.5362359228362
1934.726552378576,-2608.040156022824,59.22404304063535,330.6512560048062
1369.1734554516706,-2520.61384664516,1.099538358235499,331.98935283147677
1941.585778085985,-1602.7676915621205,255.83750441194934,319.17855782311653
1310.6274381665714,-2017.4582755999131,133.7408616748676,316.7116385271947
1016.6626072671668,-2055.3936804502023,253.94157077383778,330.8428576879288
2372.1327259215946,-2540.2857072485704,169.238104678384,322.74159315524827
2353.13747137311,-2345.5555403309772,109.63094050048875,335.3410538536949
1714.9296337500762,-2303.574113915995,7.904440853726651,323.5534436783329
1245.045454015583,-1966.6212863507226,157.73576824873038,326.31106569643276
1434.7701053376823,-2105.913922184694,231.51260006593114,305.1961414156021
1926.220918959726,-2018.129086239147,77.74200222921415,295.691523508331
1127.235614259022,-1672.2519955510636,71.26639518826987,317.6136557645228
1885.6551510352795,-2182.737917177911,252.3270850047674,297.05240600787823
2499.6555397908464,-1312.6391027952043,166.88483654369273,326.9936729160204
1432.524321266562,-2925.7044542162853,27.841390757612615,336.22717602246973
2493.1172753959036,-2635.683094171875,245.29375523308312,329.5998566813039
1570.2809502957157,-1156.741900306876,159.1516093035105,316.91275810976225
1811.3577144352444,-1547.1967938578991,-6.353327189281487,314.05297726825387
1911.456180132664,-2918.1142922902673,128.8457875060024,300.4245960419211
2784.51605697284,-1304.2017968405646,-3.5974729600971678,307.1324941774939
2385.6267085252066,-1222.0954868161373,65.74960417007867,310.2584849681793
1141.634593776271,-1371.9403201010693,257.1142608051961,302.02646836196817
1490.092097924603,-1317.9233206840047,200.790475005536,299.99517329344
2541.985037184318,-2028.7296945348494,57.7514596355216,311.808077812992
1189.4164568839838,-2522.589111631814,54.370768053077,328.58701800255426
1909.3844449946523,-1712.669409151909,46.20995561771272,308.2521047508108
1919.6637247244903,-1598.4844242921129,26.470715795050864,308.8886672037779
2053.7967657831277,-2148.097973960645,233.67188490703586,300.5906050682372
1179.3510778152915,-2980.766114799706,104.1898087323514,311.4332030619791
1592.13265542369,-1938.5985446017387,85.17970124770775,323.51512908550217
2446.7046766099616,-1211.1753962355167,240.268347258728,311.6784055199077
1297.0184373247412,-2430.9016932192026,126.74899914027378,306.76749326801786
2453.169502100862,-2311.0332703235517,213.68253805502243,296.20693178497635
1098.2629535351116,-1065.8602108722653,185.80829711197734,335.55509905795964
1931.2748524115768,-2285.4136069950823,119.55253447822946,337.23920032992174
1009.23492622106,-2459.3075089840013,13.331364774375515,335.17561707792385
2395.219093235605,-1924.6421806326885,23.885954456916288,324.8278185211589
1221.6477202330955,-1010.4280758581756,14.28520992561332,307.94401237764663
1101.1408044162342,-1076.5975332071396,39.515444551591244,336.61682562613623
2709.835558472573,-2937.8701264395927,51.22023994631975,330.641002811333
2198.5883426239793,-1691.8469363639904,97.09852952018701,299.33697344931267
2657.4500157804314,-1123.8671472597905,179.6798965945576,306.41830410787674
2099.9653303530627,-1743.7258302988407,116.9778774741674,305.2332214329627
2625.4582170474496,-1461.0647653084295,90.04836058102627,314.1951517373766
2442.1323479964294,-2804.8489621708836,-8.633667364835265,331.95015717327766
2851.4208554167917,-1047.2736880202208,165.10638273604388,310.327944533092
2989.059590596191,-1120.8090748810328,253.6377137894117,317.9199666967386
1574.328107824236,-1900.9312788391524,67.00946596865879,299.6397076638952
2856.763692161596,-1562.840429503877,204.99247877658348,332.39100444690547
1224.8596506539898,-1489.2291106893833,185.11498718678143,312.3386680101901
1476.5037796932056,-2612.176207341001,169.0565356161156,315.35196437084477
2448.6137483538773,-1450.8775442042604,28.846842695472155,317.93114635814294
2253.8781285963814,-1714.51245763318,59.78081973573126,313.65772058293214
1561.4398107365157,-1890.8465377473135,169.69830935296955,324.67661639783006
2310.9545086217704,-2473.886678486977,206.20699476969315,336.6570252846498
2801.8496030714323,-2863.6896575619016,225.11934793268114,334.5453048356099
2737.0523594824826,-2126.953837127002,55.07213434337497,318.85568409372075
1643.4785054484485,-2816.924905306214,110.37621821909345,296.6244848607368
2760.541461037619,-1280.5441631694946,132.83568753107036,300.2893542907188
2078.8852599498528,-1675.2689204976334,120.14284556824316,306.6769786216986
1064.63895193482,-2088.0611762774897,186.73445751862747,323.3278740065627
2724.2111221979258,-1513.7654731732532,233.30743839954923,307.11356320122877
1400.1637143961716,-1727.7196568007796,-2.7320301934010036,327.3656099960927
2670.698727625891,-2128.542233811835,32.05063343084183,301.3671864470703
1926.3854503071796,-1087.865767164771,92.128339813989,321.1730196038198
1875.111274442746,-1867.3200130168832,168.39746208281582,329.8060435488013
1126.4322410637326,-2025.6737220200826,222.1975587874345,304.08253012499114
2017.9428400338693,-1134.6361185534522,231.6090769584849,318.4626292356351
1844.2239737903242,-1588.00242479023,63.77606884204765,302.78001454897196
2256.958387294966,-1979.2614551191846,174.05434668968311,320.6586483499153
1790.4528635762936,-1204.4017448954412,150.38249070100593,332.71499583097375
2589.0211268873986,-2158.907560795812,197.87451971911446,338.43558105593837
2609.806605445797,-2451.8322548207743,13.233975475623552,333.8685549399172
1567.1915490123329,-2284.6185296831272,126.68365121315523,306.4805503286751
1691.9325486820521,-1188.5126568034702,104.10953673114987,299.71285090142777
2257.512702434162,-1133.6918978917158,151.48169108893984,306.6143181218681
2540.9308284888307,-1662.7815687301888,233.18316858587718,323.1066527610493
1120.566497320064,-2396.977383155569,204.0569721479041,307.2075970739048
2418.5528915077016,-1491.146786589927,39.552953292246464,296.9880464906317
1359.2905475094071,-2978.075409211987,73.20467762161982,330.6829937652063
1259.9767729615803,-1684.7169297720334,234.55889854533834,302.9592618221906
1666.8192641321443,-2753.4100039575956,81.24416098632501,326.8175769243366
2475.4173387993114,-1675.742191570952,47.02400508460237,315.22920994271834
1181.5815013408471,-2987.9849761459327,126.48884651004198,302.6531418286887
1152.4205986514442,-2830.552122251965,80.1123912797311,339.9727187531618
1042.5842664191946,-1252.3607841484702,88.78884434191082,298.9733609823351
1041.4312130412993,-1819.3122027644604,95.64731113026092,295.6551804290925
2408.756616840839,-1868.699858580881,234.9282634601447,328.39202293606166
1857.870477471505,-1774.9413363594097,94.72962052731602,322.8436079717478
1608.4970194270604,-1115.5997915023845,49.079986505185786,337.43868399103553
1924.4823565535032,-1749.4263821367133,220.35184073160482,322.5521275068058
2790.7235327050003,-2753.2790008179886,165.1977602354766,330.4651397300187
1800.472338768131,-1218.5750699492023,226.79875358611397,335.7395761041102
1453.767266067083,-1554.3064487211625,250.1360126590011,311.6167015740667
1791.196685996696,-2574.5053495179322,188.93221676387793,319.6014270155391
1692.218523071202,-1774.5532943092612,142.13839218401398,295.82742825669936
1412.4136395490316,-1992.169189170223,66.46896187159662,309.91804383943906
1333.2605455566113,-2462.2699449111947,95.5455331647706,330.0956744143998
1174.2101629722156,-1348.5086821937896,226.87941266525058,295.6698947120274
2854.9551512580733,-2945.273923567028,76.38315645197375,310.0422115809194
1178.4916878310091,-2051.098173938345,35.57794423717978,305.2797578795311
2012.8400227570983,-1892.320457592689,216.00877786259002,309.1621249210288
2884.4188453952797,-1411.338305229689,97.1593222640655,308.38925025955336
1539.5537591149782,-2983.7825675062886,36.38875253020542,305.1280329714236
2263.4250285780527,-1631.7754982099764,164.42193931991713,338.58218323704824
2856.2793510405,-1366.975420103115,65.8042206714651,316.9584353197044
2900.6157102285197,-2515.9937221662663,47.69075655371008,334.48042684426827
2304.966126592678,-2988.3657851616317,223.876526941058,327.6801219379059
1922.5060648776412,-2081.7143787802074,80.09676798755945,314.0580634892866
2017.097199572522,-2795.4504004035043,175.50589382000996,316.921112973035
1452.1384887956704,-1850.597004905201,134.00184540922854,336.3515568086581
1939.9816988308712,-1426.2526205727104,229.91514649545326,302.66213749064065
1645.057581181334,-2466.0298383644454,11.753232542590048,320.3821943413022
2332.045244905381,-2049.945163147172,156.65956606305645,336.9643353257058
2419.458645515212,-1003.6177344083724,235.74602192079377,313.99141610313865
1892.1249215587336,-2662.4619206325024,226.41290805873854,309.62400431120506
1502.516486069291,-1913.176587378237,258.37277843231067,303.2810005039163
1752.031261192476,-1527.1252331434177,112.01873475460178,296.0167225921448
1800.278438474751,-1709.2895514080965,11.89768053940605,321.2876376750288
2496.6081484644283,-1576.1235777235681,-9.042650845699107,308.7473464000843
1011.7367714365066,-1205.2071073442194,257.92211613666177,310.92081333121774
1089.9711226770198,-2109.8849383129723,90.20716629030294,333.54857787519626
1224.1141493186913,-2629.784739537761,119.10370909436904,330.0395259339211
2789.344464746444,-1806.2705050716677,198.84740830169136,331.97530969908877
2669.810237347299,-1009.9493451943515,82.57696899226943,328.67218935896454
2330.945376550567,-1611.9578749621164,192.2227665542222,319.9286911054097
1956.5617384661746,-2593.4936283247794,112.5465397732614,300.51945382377875
2155.9476133727603,-1324.2110091835898,10.71586500176354,298.72931995710616
2719.2547067064706,-1317.4173852244182,14.575025369210024,336.96571897572835
1327.5026536442474,-1334.4054324649194,197.30280593347038,321.7364008421026
1677.57884005101,-2123.286946514048,214.12534057604557,318.37156054475753
1570.966581388123,-2154.725445425469,149.9813762249389,307.3537047350518
1137.2130799489462,-1660.0747383415364,228.5547641364144,299.61543039728986
2390.8750175602877,-1314.1595306864406,-7.520615750648247,303.7568997515666
2422.3021421079957,-2213.5950872865233,121.76273496467587,329.3753128455644
1439.956377749289,-2010.413827529846,-12.793890035455053,306.19077059468464
2487.1400854549,-1813.508499367331,180.08265329076784,323.06620026029674
2874.5426162119284,-2575.071586633082,168.45333786805938,297.38004040839576
1904.8149795622908,-2977.2839027892805,20.70113370123768,319.2885605385683
1864.460647060053,-1684.7828255322638,251.466977846659,324.7077718365006
1276.7181454329154,-1895.0501060881452,-5.861523257013637,322.85090398023084
1422.6031534464778,-2354.71166260628,186.5405039788525,307.2996651439898
2279.6414668930192,-2253.4886143206577,73.52042383603249,324.9345575894129
2773.1247741488633,-2808.768901400696,122.55417146845949,315.2427598887793
2025.8609688618183,-2760.6142602757577,17.664934397443737,335.9005568327025
1936.5025080104078,-2607.789075733911,160.8997731887181,336.4795807605215
1029.4009561058308,-1552.1202557805047,177.89588035965812,295.9725121946331
2838.9909032495093,-2708.009633085102,25.57158226649046,297.74335702882513
1573.6150923595478,-2791.1920961280935,-0.9206216723707197,314.3428298722344
1387.2618437630654,-2307.832326639672,224.9455459240739,333.66014057987354
1711.8309488297423,-1550.535985676131,105.46831279759628,317.07862037680866
2769.949021020926,-1518.1624294961807,94.84172544089208,305.6933762309827
1573.39915504009,-2536.215655416296,229.94478337344626,300.9687524861086
2743.8401960451974,-2330.612623182864,39.86208090625993,300.1393111578683
1417.3128541328251,-1721.426114662777,41.6997898396322,332.5248585537265
2501.7845737125654,-2470.3288377488784,20.219030281503734,295.8955303801156
1301.8057019946282,-2842.26076866649,-3.008990112605293,303.6459309114387
1387.2304001344983,-2617.174812455012,174.0651415626688,305.60487882808815
1907.531363254177,-1745.4669144843886,-8.415124384792477,301.12767435608004
1365.5960794065977,-1042.3761690848482,38.70994756211996,313.0919286243979
2716.009722175083,-2365.0914588806927,162.3241071409195,339.47828446554007
2179.5338026600607,-1138.6403724268466,121.9329342642269,312.0353817055441
2678.552258329539,-1985.4368777768696,103.27087811672133,327.29964489956797
1559.484785149646,-2083.399794844562,104.84001353944866,314.05561585018296
2770.223802366055,-2790.707762063194,61.186503167154456,320.9381237416063
2889.955684305103,-1432.8349893990517,146.21048415943886,333.44524179741785
1866.5227969566863,-1173.210381074013,221.48605362427415,330.4823091632585
1972.964260733914,-1310.433394409855,110.65349286355915,325.4679724108591
1077.4835585053963,-1816.3146847132216,10.921566954281342,337.7238607620937
1024.8178730817415,-1933.740871614967,251.74140283088252,298.72122250428515
1542.4084574954393,-2727.803752436647,199.67842909977105,326.7141340240209
1483.8518546740927,-1646.3572351894838,187.74502905038585,297.65743373631045
2561.684091114036,-2446.5981186862014,26.293939563180203,328.7907676567586
2863.582388970402,-2225.639125276776,36.46967709890189,302.6555026923815
2058.7712624548135,-2423.996554914521,249.9950911360139,331.5954309929656
2305.590806886711,-2944.2823638276627,146.55288544529824,314.928272384873
2851.302995569136,-1600.1054895491395,256.8072536893873,296.64338129077726
1582.5069676383105,-2661.859912695913,19.3707696646739,332.4719717826011
1562.8669566293797,-1260.1507110057435,68.38128682974707,318.6564248501655
1865.0672020282636,-2508.914312986446,99.74383810058792,302.9952982030824
2824.1676506177264,-1077.4780601198265,243.10334262643875,335.02974746946006
1503.268556825146,-2725.4613338555077,180.86430125747046,298.3251554233368
2064.019646647977,-2716.5843663902824,68.23903097280402,333.9324907039807
2735.271103199117,-1223.351296996738,110.79858941536922,307.7085659104477
2609.8979632016144,-1220.1335882665394,189.84924969921042,298.9318265124466
1661.3772814565054,-1692.481579273774,258.31723191362266,321.5260349350515
2411.507415508798,-1064.6143513870984,110.89419063655613,296.8104282242518
2010.6807920734173,-2177.1248441709495,19.46933943679855,305.25604390153353
1739.867761092809,-2084.3283292996243,69.51886257497742,304.3989454461907
2067.149002721091,-2552.8998649866126,229.58107527060793,333.4264278813724
2782.4660221280874,-2866.039881501079,8.283638803643829,304.1067904014262
2642.903074028305,-1295.985772015025,121.85959086399075,318.14977936084705
2084.2210827484314,-2017.2246311680742,245.2696981204333,305.95545999528224
2044.7562179787565,-2270.1062254828084,212.700233647286,331.33771338659835
1704.9156310628327,-1373.2669554292218,52.011431352135105,315.3626258945927
2860.5998541585304,-1841.4026848786,220.73638312442912,320.86465253358324
1086.0187641633484,-2857.9961315918167,150.32868435097137,320.1499512997209
1454.359088473133,-1479.1697292556923,63.9748073450543,298.36314016044963
1467.3341597586914,-2620.656205449397,108.13668625514289,296.48294675244136
2497.6503350676085,-1454.4606500966624,215.4074917515129,338.92576840669716
1089.888735848081,-1688.4926782348725,44.96665653205494,318.0004284878186
2057.1931051142947,-2255.981267547846,58.16075448173619,323.37859841942714
2763.5646010313617,-2698.1482506388957,16.359832070963485,335.4198048262764
1637.1272644925727,-1501.6174816676162,-11.757217810435392,320.1145734069019
1866.174999446051,-1178.9514723384605,222.78965414767524,324.98758173014585
2158.9515828064277,-1842.8221154769187,201.82542173675182,301.14293060797837
2011.4125448916056,-1344.3090523491337,131.1241514231514,296.7863988891468
1201.434474605064,-2073.5079358503135,161.03876551682794,336.85174361200995
1170.8033732261133,-1894.0668878953234,253.11030105375596,315.91728012506456
1945.117645837794,-1826.0033083597716,204.20999687052316,300.97057245227165
2810.733396262333,-2528.7064507897944,89.12582183730206,301.68923306422636
1749.751598775356,-1846.5618533299062,212.1250209950741,325.92188059600323
2547.2901928614683,-1249.370205930999,119.39390392489449,331.4254772010132
2436.069037399259,-1245.9187043141137,252.41796092497827,314.8800303201956
1248.3178070091474,-1791.8997487166778,240.98491248960818,314.17878502280416
2593.0888330242706,-2378.9077506585927,111.32953860094938,321.38212724898233
2825.711250508418,-1278.3987654724426,61.54305236598064,323.09213102504424
2251.8269480454164,-2486.606917139794,87.68883948847329,327.1343307380344
1865.7445276904941,-2441.557121684684,133.68287123815384,337.7296454637783
1823.0508054929917,-2350.430046293771,178.3930070615317,319.1217398737655
2194.5139414051573,-1298.3014844055879,79.72104649709806,306.67373090764715
2454.136409459464,-1383.4140759816678,184.47056742560565,330.5222231797411
2525.132416496702,-2714.763589438444,71.07499635612149,298.7194838485697
2114.0678491085096,-1489.5104272899612,239.37754441207642,339.7791182786044
1289.362545704303,-1780.9537296949425,98.41964198030482,316.4624187791926
2992.1126260668984,-2898.242704095952,53.1094218844879,297.0119612654546
1237.6488562715467,-2202.9162315531275,19.538940148108203,320.18276341683134
2681.721821706373,-2117.736017830629,13.42854591212771,295.7965193915172
2246.9743756473113,-1201.8065555375065,146.31160165534726,314.7808798804937
2919.480579171329,-2583.8971381555148,19.672310417130106,295.740661895312
1996.6282120776839,-2894.043003062708,128.67358020741307,307.7111707936
1061.3437514767315,-1430.9772332366579,196.7051451437636,339.53846210443083
1784.06056970313,-2998.264179578307,52.269946386408236,318.1098052446348
2651.8490190228995,-2257.578320292805,18.953849031197343,297.13749665979395
2971.6161575126152,-2601.392089675181,99.00095493167096,308.1764431423844
1216.8633606395958,-1805.3450139440015,32.448348209484216,321.9179706044819
1545.874333004253,-2815.2914444274934,0.7569025208065039,334.3835460243979
1072.9308066106441,-2959.2113253950283,56.34323553481826,325.2090731077683
1087.7784928508706,-2773.5354608063185,200.9816693838513,308.82821047094745
1930.576708907748,-1639.385656316737,84.25846002744451,339.7074860269648
1612.9849504729548,-2518.1036945623737,226.57071944601336,306.14267269021536
1455.3830881861243,-1862.532547365769,32.881850061015435,321.98736990343446
1792.8150087490712,-1411.3584614998329,207.05585312177865,302.8996951597431
2608.134512180559,-1985.1203124810072,238.24869117438186,295.07971984640085
2157.7822968361957,-2072.5781214736203,93.30406142755113,301.1135857806632
1850.1545145553823,-2364.763132545123,113.98837996302944,321.42672471670585
1084.0604564114583,-2596.034824081925,18.401351005342235,333.2521292531589
2388.0818229798483,-2763.6624650372473,221.93062131650532,300.85886364386374
1475.5371647276277,-2425.2876899807093,220.79774312982278,323.823419222661
2324.580806464912,-1717.287571677646,239.24591806734523,306.48369915784457
1416.8750684687477,-2653.606082896201,128.02495087737177,338.02766082245637
1865.4259236098792,-2296.944453853497,125.34221176684778,311.02571786694284
2232.5301259906455,-1046.8316561731701,27.344314618941162,329.90576612621805
1496.9515911897763,-2675.1100871633553,249.7725491812276,335.2771216833163
2858.943979815933,-1810.636280356711,233.40642773574962,336.7760485932458
1012.6529070254946,-1412.8454635134367,131.67833900567535,305.64749801215424
1789.1155432172222,-1242.5382339627934,171.86127892304836,331.07841146795994
2292.063235423386,-2366.7356824792964,219.0171686253985,332.7111985505205
1681.958907142247,-2006.0928836250068,155.60539806324198,302.5573650289887
2368.3213153491088,-2217.182823799081,20.886005859978717,336.73835655339764
1772.1222027718145,-2996.725103109394,183.0212829565528,308.9961509170676
1910.812027662106,-1142.4420375018549,63.91242243750236,303.64654309186915
2994.3001339085895,-2627.32591447044,124.56364796707788,325.0046003457148
1601.4451120171057,-2110.879449755237,-7.369128354972685,337.1207784835863
2350.052639577336,-2399.9521299882085,59.76021422460299,301.49421903742746
2816.6768347477664,-1667.5243866829258,100.01984858565832,319.2958078707357
1603.0470295681694,-2249.634970554094,135.8829669452381,311.98389132923484
1250.8831926865091,-1267.905690173436,145.02044236601822,309.4852238847082
1659.3066181054114,-2604.715175300877,257.9849705058055,333.14442123419747
2771.7647703573707,-2662.601879081447,133.46304540061402,295.4368455731156
2163.5490040755762,-1963.9580258453584,255.5394226188721,322.0158230792843
2449.7779743838946,-1569.5121440767625,-6.073688025432329,319.67985071095063
1745.9971349052284,-1187.2433338441285,116.3261339388308,339.26645887711993
1977.3093410520564,-2597.978928172475,31.358175908329223,298.8013387645988
1764.8200374443447,-2800.2180893866566,120.70946489225975,333.30760216089305
1476.481325370303,-1506.855314154329,160.75485176412312,314.38204127170536
1930.1899890234629,-1651.705374292312,198.65417439482653,309.5202919650977
1381.663210066389,-2247.3954986564177,231.74774993439564,336.8350074395115
1306.8574823470083,-1231.3669643860555,27.043588408649157,327.64878932634633
1168.0149802136239,-2936.2633465039303,118.43942569963434,313.97006579620233
1857.3356412011412,-2433.793940093051,228.59601925404417,309.9948737349695
2394.258458207296,-1312.1628728825804,56.3152719818532,299.96709195706103
2901.7701366039105,-1226.394201253795,178.63921207189873,317.1343215095544
2628.917048328991,-1077.077254326265,148.44848052901645,297.2563568539583
2759.0485441186906,-2218.972081220928,-5.33739703340842,338.5814080953979
1594.9403809857163,-1949.2131065735543,69.39913209350664,314.1882227396436
1121.9015732999032,-2565.038080383345,116.9110180651061,300.0708167851108
1967.6464392617995,-2896.229238309074,53.66340015646706,337.58902488532794
1408.2727811735836,-2820.737699905405,164.71680840808372,338.87183207088117
1338.7020806178743,-2936.3315939119734,61.10501069951199,321.5432580382811
1851.414806109707,-2404.933787509423,98.67919986856568,300.0402609096963
2187.1568836785127,-1463.3629006420865,-6.000821127777867,329.2987756038258
2141.993262513465,-1772.201183836883,121.65364209188638,314.51296174202184
1657.2332183587084,-1783.3992635647612,36.37625503051236,305.80352208466655
2042.5959475302734,-1737.6423513886216,81.73528002309199,304.3188821836166
2239.6007660005494,-2525.9068064457906,16.05312179423907,299.8100619889639
1384.580310426645,-1262.9272213723566,203.05065835651038,336.890297867241
1900.880028319471,-2848.0960924011283,158.12779305122,297.3991925183838
1252.6076217965083,-1606.012331036492,108.22629198663736,313.9934217727008
2813.9139012894957,-1607.566114482032,235.74088245097408,336.0292762275398
2577.006012677954,-2405.038553652253,-13.254234394467735,325.9286117950632
1856.3389588466766,-2221.8696747757026,248.84996018949607,328.64276680105087
2122.49460300427,-1212.533910840598,134.23299781070665,331.0493291435003
2669.9981224964586,-2837.882535469077,30.20647997800075,321.8255061697315
1443.7319156808726,-2804.321338333419,154.87929536282397,337.8190652845504
2044.6796112758989,-1201.1783216525914,8.087210826404156,298.94150899315827
2883.1643657575914,-1320.8988070360328,154.43174559373884,328.2929777856658
1096.173008789274,-1950.4802253451587,40.70600751919905,339.4865406758761
1163.2140242934936,-2537.6867382001496,146.23525284278935,324.8929970851484
1095.9731732369771,-2878.6367603103527,171.67039271360076,322.9590153542868
1040.6365104884035,-2217.8308995967836,46.57470859226906,335.0929965277628
2557.6623150028267,-2412.504947970418,102.11638359984963,317.31474256232946
2879.448542156047,-2731.8090522372513,34.72766805247342,305.441017027594
2583.104320684749,-1312.1486302854732,120.68952953014718,317.5407342542796
1301.89915966226,-2464.6961128835505,4.5632553047113795,311.517670509862
2336.20173575777,-2789.917332852597,190.877309789681,339.5530687344865
1824.8893828881949,-2898.197059901113,21.159688640481008,339.01069093016514
2541.346859024888,-1819.3510504299572,259.5380313209785,331.1675724913625
1951.199971760031,-1745.7039217149982,83.87563956374024,339.81188453949926
1264.8600828708372,-1390.3592884280474,173.152931392728,336.4325422433468
2359.835043951245,-2698.6815522786637,141.26378100442264,307.1884373294866
2706.78014773208,-2494.449123742248,2.501014352776881,314.2094030078549
2503.3358692043294,-2438.0574712888256,215.80170753987377,302.6142068587623
1281.1828047278598,-2565.117212853676,9.479067082949303,327.53794301932413
1493.077981912895,-2847.771829314761,31.080839569843178,309.1526843178835
1623.356501457653,-1443.2206685312544,-3.520312939137243,334.96777285094754
1662.7996162051263,-1449.007885408945,86.67859274643787,311.564076774012
1816.8774369401397,-1917.8934436974953,247.44513277325507,302.65999084810215
2093.8199038396356,-2187.7246576254192,126.9888935951985,299.58334258128934
1952.5179712929016,-2383.4261055804345,87.66012366220906,336.1482962555563
2090.4490960947223,-1102.583586400358,20.10320011395055,307.805343993085
1282.9817996845454,-1935.053393090453,167.95926421547148,307.9591302181698
1414.4256386986212,-1027.695377399082,151.23499406811013,325.40658010971373
2244.4282201004867,-2906.1390111389596,106.0137669380142,305.5254247564324
2194.9095184921775,-1725.1837303497612,-12.226124575802348,319.8087561320641
2545.922664382333,-1292.2031914668319,135.31392326305362,336.4353974284099
1996.2852295863313,-2457.403594039759,222.7779959145083,298.34106456523983
1608.170517753958,-2622.153351891023,64.74760786923702,319.971067159286
2146.5216091423126,-2291.5831654376607,-1.518175183945722,335.5721113668243
2653.41275007922,-2901.9397876816433,230.2863698768468,316.2255000291717
1513.818221785436,-2773.072724567143,37.90991633067475,320.19439553754455
1897.1923727163435,-1712.4055235687026,32.463475710270906,330.3633007008317
2668.1963864663867,-1750.3166010209754,109.82325066736703,325.0402170014823
2400.5461922374934,-2444.5097232138983,230.9441590259722,327.0779446567442
2142.6474659493324,-1678.9064025066564,218.09639840208555,326.96067271780475
1162.7083563087695,-1118.9870128195296,98.52383260278005,309.0751992524233
2449.128378699078,-1299.071183007808,78.01685646852142,336.699131542262
1377.657346132307,-1217.0131687585804,205.2758816556946,316.01279458889195
1311.7468567629542,-2877.3931241247774,-5.3264131168253765,301.9698079840212
2656.2584616158365,-2968.5819571505435,181.68329178235373,300.4480477468756
1946.1652532510675,-2925.5419367054947,235.54717936111163,337.1332124017576
1940.1841465511975,-1023.2929865270926,65.6813436478182,304.73355711955475
1381.0863180860142,-2166.8254069554464,157.32337448412608,296.22838222781076
1615.9256688007458,-1285.7486808117294,225.05548533268674,304.280936264453
2948.5812343216553,-1667.5136602562582,58.02085974514236,325.5163667146306
2204.2328601317477,-1376.3800042831053,43.78735937584742,299.8299768549666
2768.617583527892,-2838.9950473971103,60.942730358201686,309.27446847688674
1445.8872346921128,-2611.437966054351,109.79578177331035,332.1597257761006
2186.3693272872765,-1623.7360646169261,21.33353875041729,305.17791188861975
1786.262195369308,-2272.673398749762,179.27682238927727,310.94182313770614
1868.2808117477712,-1240.5850976191373,228.05969671164257,339.74886497344914
1052.1091775246907,-2403.638553252472,167.10179896474165,300.8240363197147
2945.644813676901,-1868.785096426819,207.58285661062246,316.40579018508737
2351.2660815249274,-1117.4191135439792,61.71233883149799,307.618277811012
1001.619568071733,-2932.1443321616475,131.60551218269828,306.1638391017597
1100.7765276185044,-2695.3912684330066,167.1867352337411,335.7099384750985
1627.4877597714622,-1854.8618384226536,248.7449327025576,334.8125748700898
1454.171364087917,-2867.6359729792134,191.77379218006786,325.09417172310646
2698.1550962397496,-1587.595120612986,95.76359005064478,320.3157522872235
2188.7037310209384,-1221.535442952669,68.29783997280899,327.68458957996995
2261.737924079227,-1270.7176895725943,197.93991887778753,299.6557809782633
2013.6887159453458,-2786.711379054848,197.11843574063485,339.8421201868732
2597.0218178155046,-1649.6370636611432,239.31972721143828,325.71493139428924
2559.2019798489446,-2613.296954406623,223.33784869744892,318.99893564596033
1591.6218008574351,-2038.9224093921025,29.456374690329547,308.49663372314194
2233.59941158275,-1896.1143318500083,235.34086662122493,312.82138552456587
2372.5159102745165,-1600.7742931982423,112.49653591071535,310.28188595294665
1882.8056526960795,-2291.2969339709266,-5.322776356621306,322.4198067356125
2454.657859733279,-1041.2843379618955,146.2589862551619,309.8564720418012
2375.1289296125597,-1026.5064246578254,227.08137664666214,328.41621978493583
1277.5990706840648,-2536.530078195657,241.64098336847036,334.78836528021407
1699.9766576370141,-1359.5582877787747,65.55459856236389,338.31062177819354
1996.864986732466,-2437.069546842269,168.92163476117915,333.2109104656762
2613.4926572857194,-2859.41519731357,247.7319496773177,326.41152346733475
1914.577072398119,-2062.3383669709647,89.07987576628854,315.68330321679656
1652.79000508515,-1489.1564127085937,244.53181190646114,320.55737724797524
2128.2058822230206,-1789.9343369812032,137.69831952069845,314.17229133278073
2307.6391731048298,-2026.4042306340941,125.85031772659482,327.5212643722991
1905.8048596789204,-1192.7755729224193,-10.380870959954237,306.2071629543019
1203.225069261339,-1080.6293203102632,190.02981417406713,338.57842773286643
2223.583980004455,-1658.9173860894916,121.646220043923,298.8941719405778
1617.3602070267857,-2060.5461829759115,58.12897741440149,324.35640292028125
2741.2827191974275,-1654.856733269277,196.24262416053037,313.026799040269
2443.160363650249,-1280.0446079682542,108.36990906447116,299.2866831033789
1540.0816090682756,-2109.0692789717555,148.2261501352075,338.31353553569346
1168.1736298561534,-2557.1043298104028,132.85675718087845,330.4069721448586
1635.946286583263,-2938.24642199034,179.24326985477904,306.38374834619475
2199.3063432329345,-2623.7513995633835,242.19066291139467,300.53777614172725
2527.7286352739807,-2338.484526029597,58.44076416268709,316.35295676763405
1297.7372706533881,-2442.801579123478,18.737807080728707,330.7999227303949
1320.4936805284751,-2956.3147207951947,166.48197182484552,313.03562470229076
2224.8635924856535,-1052.3111244361085,89.73091157085055,321.6825012362244
1367.5143613701246,-1026.4164092422293,30.099684164594265,309.72688879295123
2442.5836274408202,-2474.3386830548075,60.51927815557828,305.8537766306282
1253.89357600552,-2733.7474741837414,50.8103676502687,313.4508903081766
1885.776125775913,-2818.6472487247897,164.87318989713117,337.5412588357677
2597.8537963486287,-1360.176571729483,89.93496941636035,310.2608272687832
2403.670596755982,-2552.780496351525,110.4383471892282,329.37680085053074
2599.075522478249,-2925.18679932907,12.365226369369676,309.5989536904342
1832.5105248991745,-1061.510810337546,121.26673313535639,338.2747334119961
1781.2624590979676,-2397.7473200301492,205.8190809095664,307.5381042103271
1654.8674476531614,-1064.8378667375362,67.42165084355538,317.2971414824966
2918.6633760441946,-2905.412935826882,13.515269430057511,326.7832718932226
1721.1564928660578,-1759.3572093999155,255.4683733650453,298.0339378264688
1216.4288938779791,-1757.923273812705,250.1554431124216,311.5896584407628
2082.3097595028885,-2066.5075194739147,55.96010284486856,299.46219760449657
1847.9138508363344,-1843.8777319231604,51.6709003787179,312.26123488083454
1341.5238885578449,-1345.3999484485237,209.39700320554638,303.9958041731569
1560.1323579772973,-2454.565578145138,-12.005183856186655,334.0068512566418
2692.0236994443258,-2177.928788756705,26.286678981586057,322.0992725217496
2392.9637934682687,-2837.3275079205064,21.21670556803025,296.89626663441055
2461.001026135041,-1532.249182456001,120.85713029300396,334.84803376223886
1340.9639027811622,-2078.0684948662465,172.62283752310395,319.9207073441983
1450.5512594812005,-2743.0629641459504,172.52488301783683,304.15402629762895
2290.3616527389713,-2663.5444035584032,171.26686771704684,297.9424721986745
1790.416911714242,-2534.296209846491,113.48419965526023,320.83992483063105
1085.048724803049,-2558.2549862711794,190.41916780490607,319.3128188709451
2340.788926794203,-1432.4723692632538,145.69336241521597,323.0269639446935
1728.6677125724477,-1802.286314721266,-0.9209054598689566,303.3247445881349
2701.9492684610213,-1869.4401712841895,246.01389228574465,311.09589034532127
1111.2527228725478,-2248.2860389141206,129.38041103626298,307.8477097527831
1694.7696076598575,-2024.0826052140985,190.8134661656604,322.5580883478142
1239.800638631076,-2819.9000520725817,119.11382094624679,336.74317673312174
2152.9509155041023,-1823.0086585072927,251.70698959739326,334.80761072803654
2778.3687086220643,-1674.6123308602305,226.57609283607982,308.6491807444808
2728.373066871158,-1374.341674638926,40.05535315404839,297.85064986009314
2290.507322650626,-1211.613013857793,248.5232769381633,324.43896720905207
1291.7201547237355,-1045.2184400176425,194.39646549008035,325.5460765663695
2194.0361843581386,-1953.6903821053336,171.85293441668125,337.75266658554847
2133.339803199652,-1409.798806477289,8.623797801626203,339.0925666729116
2194.718637682748,-1064.2518183207358,234.37587606063866,305.29590891917906
2033.5112733368837,-1330.9464411247948,193.38162831632624,309.162701354982
1363.9833192097701,-1260.9268471680737,130.7092030675029,327.32794741034974
2781.9808883257847,-2692.300758858412,17.41614816344166,298.5655169530642
1800.766864626895,-1368.7108946273802,252.82134581692577,309.9191911193726
1074.624966147452,-1252.2435283691013,91.69064463594938,310.4892299549768
1252.3829472314678,-2263.520390538417,29.559467847672558,297.5745737147909
2089.3594058394488,-2765.6921096222404,149.17955870604493,326.25998161283775
1861.252920555166,-2397.271224057444,-14.43523257392221,338.4081102608592
1514.7322856427822,-2883.086236417628,-6.969364981953184,307.1060512677014
1694.4796150585034,-2276.6391924499285,57.73309711850119,304.47973887059624
1902.7640788849612,-1474.0270895940325,-4.819332511956906,338.2002656806975
2893.9836082559736,-1511.1039636784053,80.92312946995015,301.31089468044644
2917.303384872938,-2976.974374153529,98.31643379706713,302.6948610916451
1759.8225888686538,-2731.980245868563,111.3280736764142,337.9795597684886
1791.3440385733275,-1185.6793481605819,106.04793744602571,321.854633844784
1311.250098013331,-1290.4742926108704,202.40718173992292,323.69183190758883
2196.870090453957,-2291.7278507169153,152.97935774994386,339.66662573743685
1524.5635677623127,-2769.2334483621107,127.29019201368101,312.648303561962
1171.838479936828,-1456.9582402559527,207.1036374144504,330.5622492141358
2451.270786006474,-1145.6643533056063,78.88710633818549,323.90700773098547
1399.8362430220257,-2188.681323568408,94.58681357313787,317.23257899426443
2769.0199427544703,-1819.3660926677835,102.83153438764742,303.71163823044134
1934.4227607943417,-2500.064122013475,218.4974632861852,338.81746050153515
2519.8753428603104,-2672.942061089408,41.44863500192332,316.44129064418684
2690.8490515392405,-1541.4091767008583,236.43841825705866,314.57525546187816
1786.2441737390027,-1363.5314038113925,99.4126148482216,314.71647892922886
2452.1961987973837,-2387.930893185386,104.72771592880464,328.9831524045002
1175.9318016572474,-2896.647326704866,205.27119599332846,312.5714163383407
2223.1453487684257,-2022.9397671639344,99.48075032992321,300.7471287047157
1009.6095849048743,-2594.46163223878,231.39590819258376,309.1797743530637
2598.759314208738,-1290.0459910561374,97.78487301706281,317.06483200273067
2066.583984527152,-1486.8239817408585,43.62425605678806,337.84397100161505
1059.70254330482,-1675.9626490499725,-12.643028560132954,304.76821772571986
1328.67874121333,-1727.029947817086,38.21554512776969,331.7344988797923
1809.786218307605,-1309.9526654169001,81.6280327802778,311.6611949369675
1012.9977014142828,-1250.9239404654993,257.7336591699267,331.81969117633497
1478.942066361343,-2961.985581748313,170.5362586905601,321.37210668495885
2111.52443863187,-1369.9829659125032,144.37038012174256,295.78654020021787
2752.589304942833,-2234.6517786218137,131.70075508405904,318.7220364504305
2565.6544719416534,-1428.5489389875913,25.241858647092712,334.93161703495224
1991.8978569446515,-1423.4111396996743,145.1919213682077,331.1178879818334
2021.3989310325362,-1295.2106727814007,49.15259764897678,299.1461324028028
1423.0670037384255,-1037.6742698287612,197.54044276189416,299.6055314347602
1144.2099094020864,-2004.1977631623815,110.9584804750035,318.0207391089334
2017.454504732193,-1540.8019499719962,60.07055358069178,302.69218871395077
1718.482446754259,-1070.9167854386187,195.85686320319232,317.1071867370592
1196.578656005293,-2143.2359585168592,149.46471428739656,313.4515460846669
2946.9381057417895,-1230.4205053893354,40.77490471634621,300.5569769451765
1928.9900867492436,-1246.7388727931116,-3.5626447331246656,299.02453293650285
2179.9756040960833,-2041.705880710596,122.6281897567687,319.39573650187015
2504.224820434467,-1500.3212032839626,-2.538297543806017,330.9979573650898
2958.81700021444,-2181.6731935976195,212.14523191553963,330.1647538938566
2131.5581535620613,-1959.9638777536343,2.9047900615008864,305.196523065744
1642.7474447500574,-2263.6511685453793,222.38565015066123,334.6484922907364
1345.3499453733477,-2545.354818420609,56.70738058109886,336.4063279986353
1985.9152248772289,-1307.90021815629,243.83883459047274,296.4373132704476
1015.9256625888113,-1114.9456792368555,84.79199985406508,297.7551193875166
1105.0291486780716,-1860.2161140576175,-6.355471427387592,330.7714053346016
2095.490845382153,-1637.044053546518,257.54538094368144,305.22205697025385
1374.0492027693604,-1895.9077003159534,96.86070651221395,324.41676386416793
1282.616473062862,-2821.544117049478,210.5027281003616,318.56850888455716
2347.925482628278,-1865.7641354207633,234.67909504787661,328.5523172660432
1718.5455207580808,-1752.757654707468,48.68310549250111,322.5686708637835
2477.635511880665,-1152.768367165949,10.93337816622364,332.6377617705844
2200.0178212646224,-2647.7069904003283,135.06392273936808,337.84075745318444
2591.304152988493,-1396.4003996368394,14.436569716447018,338.5712776527313
1919.2130855392866,-2124.8163989884183,60.62171108918892,300.226946425949
1470.8652693342701,-1310.4227362217043,105.86763048721778,299.55947926453894
1803.0414608915767,-1902.1690167884508,23.797231682849855,318.93436078328466
1164.0649883792457,-1642.9440616487834,-5.331367894023531,308.9123270232111
2303.7697699337773,-2333.8852547456772,233.79796421740915,316.4714126528446
2725.0697002728434,-1559.3190819060162,226.13655935799034,298.57829928909973
2349.9410057797622,-2986.0096114312782,50.318991167140695,338.18683921497575
2704.2090495584494,-1867.9704213888604,111.1117399637668,333.6672906305647
2545.2555586560175,-2353.06055295982,72.19594681714754,318.5252387366336
2020.8404987218944,-2016.7778083471858,150.86213438606268,307.33437736411474
1394.5753322031117,-1465.3416017080508,4.2123540058303135,306.8542748263158
2656.421705030244,-2307.248857955745,216.04862324385496,317.06379406782503
1152.2481832587275,-1022.2531564456522,19.569436176700215,339.81218041182706
2519.093461173035,-1606.6010739308363,210.90999520317618,319.8734244235754
1456.758342312242,-1578.6083785361054,202.79980057090808,332.8466601891803
1926.811694514036,-2812.306743635434,134.3913888824609,329.8824915767388
1168.9743348466588,-1452.7838339801099,-3.473924105139087,296.39280108148955
1645.7428710684765,-1425.5763618515962,-12.024121067532917,322.7022430892872
2667.36397502228,-2821.2787123191724,95.86412902191846,299.7004870061747
2927.236892005075,-1658.8858817825273,37.72224833792015,316.73046527029976
2782.6441426384363,-1726.5323746737633,-2.8003642351429328,339.5295479411105
1243.009210440976,-1992.9014963073453,210.04106322929994,307.2662412791358
2408.438698118396,-1542.4518141468668,139.95208743637684,330.0727443831854
1585.1941430811185,-2659.594145707776,52.542299002340044,298.78769464586156
1869.809164849964,-2590.959419725512,228.3418391672648,297.865354700833
2793.446672637131,-2203.4684691900834,43.47167163296864,338.5736904984034
2854.7161715900916,-2628.6485341043344,59.87925941350679,300.03672623373865
2010.7351430533704,-2541.475936253826,153.4456172110212,326.1938788172855
1068.0103975648506,-1574.2381331682598,59.125940526457626,317.4822946702862
2905.1462440576643,-1453.3363386390624,88.0618775747133,309.1645821511407
2970.324771854499,-2512.3044561289407,174.1229967002369,310.20594640657555
1751.8177329622447,-1986.0274749053062,157.07746799510917,321.22345141505633
2407.1569169292943,-1798.1947043778114,166.72004090373804,321.16416324649845
2972.8981552183513,-1860.442087941734,172.58094549575617,306.8798741931915
2437.3795035978164,-2923.9966287384254,96.97009418638832,302.54938344684626
1408.6408444741533,-1289.4471405686934,98.97352379959928,324.3496596877155
2069.950697722568,-2349.187098210899,41.85318108018522,334.9780250277737
1025.6563807016398,-1250.4633635663442,165.5442724944133,324.1601044575527
2167.2754511134744,-2789.420848986405,105.01630706821975,322.29135117535435
2429.554835200151,-1419.2221505555606,160.5862049980689,322.8331760671082
1367.2893244026088,-2574.5974859476246,191.24765514333,330.54414482191237
1392.4613154970214,-2816.160449603569,32.96687115397674,318.51788118524
1792.088187287743,-1703.2096280794947,83.09619579774365,336.75629688668903
1491.0204735900186,-1063.8169710774357,157.57998646705653,338.00676400322027
2308.7734991899265,-1426.3768440063461,148.45965295058159,312.01277948450337
1357.8255427896024,-2109.6579381540814,187.54771550449416,324.12617049646354
2916.289795606963,-1191.949926294698,258.69990433621797,318.1538089781417
1828.9475045697327,-1762.680386429046,198.01803562096143,296.40021060749535
1157.0355387218945,-1972.6609190377412,246.35047374910732,307.7158378555767
2892.1287781977167,-1206.6536693192118,209.43443296707906,316.29678629185526
2810.4639742909467,-1483.109674572539,240.36435463003673,308.0329336150881
2470.999369790713,-1250.66644091022,101.9944032042728,301.63173786768215
2318.324366428549,-2124.678510613442,206.30784864553578,310.44356234780633
2653.5743473141665,-1499.6657278702353,171.95170554424547,315.84711423839724
1131.88528290748,-1519.1442455585766,120.43094583091607,307.6878033870961
1986.8807100860497,-1879.758702362524,155.74685473818568,299.0498730507196
1668.0509453793873,-2654.1317990191264,256.47009834462733,337.041155532839
2407.93387723269,-2086.2555789960347,96.31960455456192,299.40840593021244
2827.5897021766286,-2492.1850528725977,125.55851176404357,321.6610075156084
2310.6117920231727,-2683.545896329296,-8.304158977656598,330.953764272319
1148.20562790158,-2280.103269958045,117.91501160274171,328.40220266277345
1501.3375349403677,-1929.4997629986085,128.19481267334078,319.4951035016382
1833.301079792046,-1767.3733631737177,229.8949216096026,328.46316671201174
2398.416482076611,-1193.7057148167703,221.0020529352952,309.4031204808542
1188.7530546446003,-2601.8206821458284,26.39720076278327,329.5697125589472
1965.441527968234,-1042.933617325646,104.54466397092895,311.13362604499855
2535.771853213445,-2959.496404998901,23.015154682583173,317.690421440008
2253.009208624655,-1681.0808556342297,76.40841787036264,308.6707011762088
2552.6535194817825,-1286.9008673853525,189.46070891476847,300.4647930378447
1854.6939662170566,-1539.6302847805491,81.35208784381305,302.8133328806377
1471.8061166354096,-2661.1661161385646,36.620951392967946,320.9489162794344
2524.649495410302,-1088.2376125608198,187.22472490758813,327.26551821980763
2502.421804740452,-1164.019194876196,94.14941494444065,338.3842240594541
1065.1307642680174,-2299.7068998737163,103.64217172233819,310.01756390874107
1446.117550274004,-2704.820800759516,257.3283423861651,300.0954250854509
1862.3908323396397,-1518.8367872578965,235.78701415257405,335.64900446437514
1012.8286286730271,-2028.9034699877022,105.2606812089573,308.9276196188591
1541.6743619589042,-2434.5886776834736,236.96432187612683,339.8214789001554
2957.952287349676,-1432.659100597386,38.288849470316855,325.224341070359
1159.9431580253843,-2647.3917151793908,208.59650134972702,325.7737154157995
2959.777978123918,-1838.4495104565294,189.81788595295816,329.8014704773401
1083.5953375008964,-1225.1804902628267,106.19639516992817,332.7369727777428
1820.0643656441794,-1588.185686321856,42.88112372141482,298.45928709284306
2458.5640761106088,-2150.0902729632517,253.0091020889413,318.5963026922634
2055.3221992291865,-1133.2996967500094,190.11255647348335,312.08168135705506
1344.3247910101886,-2417.75377218779,258.40380183967113,328.72796072568536
1991.1523095003058,-2901.0896319664585,169.7944592768438,297.50051298339736
1847.3236687668261,-2302.552672226807,40.453257873324404,295.85617564714016
1054.435861866985,-2467.455164349973,-11.060875055352207,332.06936371275987
1395.8907276526636,-1631.4536866196456,140.20177580299043,322.4245845714584
2786.9583875627873,-1926.9064432969997,213.33173121650543,304.56329985243184
1927.7000493733267,-1945.7293480387348,201.75854194673028,334.13979622080296
1349.8631581776526,-2462.398773571231,4.412501623052673,323.09009459471747
1300.9007440394348,-1862.649862622682,102.91391361216033,330.57892292315427
2873.7627909880157,-1815.4679119579782,49.907958692618706,322.87884401570517
2302.2385837092497,-2214.8778589447356,35.482245575146635,301.06900866452037
1638.304027474855,-2127.6322438910584,253.20741677207633,339.178610663724
1987.1701998071499,-2807.029087150967,71.82253624846696,317.7109999562347
2351.236243341101,-1497.2186840540985,-13.904574682911006,300.20483274698
2839.849577101528,-2390.2833048114844,120.12095696875073,315.12110197773796
2122.3820365316387,-2788.9449124531548,136.5454719323264,299.7298903297657
2507.9496141473555,-1343.090960542326,-10.190984882815982,297.19827446484555
1804.8302349663213,-1874.472399094316,137.47064774273255,306.05553462679666
2031.987655148307,-1699.7802786794578,-1.683427155717549,323.99161146298025
1178.936090427422,-2756.2479732625925,88.06522047148049,330.5744552274061
1844.9589775820941,-1523.4630451337434,167.35205597294447,339.1704330074942
2074.6587740183422,-1588.5761455762758,198.55183766594666,315.50998570256934
2920.1004118571946,-1218.749639866872,238.10681015771397,330.19678219418074
2570.560602477357,-1007.6823169480808,100.48717097682767,330.78589677800653
1144.2548323829606,-2586.6994416189027,126.85263926741237,303.51070496272916
2867.4041576300087,-2913.1443097572846,135.0470381626653,305.0764236619345
1809.2567977878357,-1589.4321926908121,5.913804262616122,295.65798560106344
1474.1486149393795,-1062.4686199307625,133.19910496166816,313.77903371044425
1083.4969623476488,-1176.6970633305862,20.671021516365848,296.23217003866665
1673.0200729237627,-2593.6524321885076,179.50609863838866,317.65442907780323
1115.6519153946315,-1145.4242518108003,252.26267594839345,303.5040515748761
2677.025734579137,-1245.130876367657,100.17149659056868,322.45656071576855
1409.2417225087754,-1587.7193371844094,87.88040905330585,309.58868764219466
2123.69227452533,-2019.314948062105,205.4264840398265,337.20685432682944
2146.0029366759045,-2288.5452692446856,53.63274646709387,305.34728079281666
1432.6421585872718,-2615.884532556806,109.32949498986198,303.5552025362872
2108.8461979840586,-1698.6003235811713,106.99769643213892,328.25736815841
1459.485828025481,-2550.6214309269903,11.499499676778505,319.54391492172033
2817.6388511558675,-2465.913397924641,69.15761772311521,320.50536434238467
2814.9963728370726,-1947.8671210805414,181.65758160325004,336.6664107302934
2278.635569743604,-2487.1798130991388,172.15177921850636,338.05559681945766
2049.7625014789837,-2995.6707653130875,233.2056003954581,296.99357891386643
2165.385550756807,-2473.5908569238327,38.235878445822216,335.5255469741554
1664.2922058777049,-2380.5396856014086,185.1032782982247,337.6113355839298
1226.4861188116618,-2031.9308636676615,222.63808835850514,304.6407271067856
1289.4363968615878,-2938.884657581766,195.74137739324246,320.3925419707737
2937.0080665683877,-2866.936313453947,195.37347355593027,327.6018951381005
1830.6334092340453,-2549.793017626116,141.78536745200634,337.72525281078816
2782.8043603291235,-1349.1740063714276,255.80565478204653,304.6185795891207
2197.361109759124,-2235.8689487859237,97.7274127228017,338.03679407871755
2566.5305072409537,-2716.5495610556,63.65730080183805,324.2715639416118
1545.8864449608955,-1438.2820264848144,14.764110161524012,303.525670630759
1227.4815652371497,-1139.219139910702,187.61735715685822,295.83140519450274
2119.6222170155797,-2547.5743954388035,154.85109976880534,330.24036382946997
2827.9823425537725,-2197.4998243299638,191.31489765788726,328.6643629759176
1127.0290958878404,-2980.324646957939,184.83688246910668,323.43286464237394
1907.9934556954313,-2800.0403862408416,4.355917516951809,332.59879157757155
1446.6897105874198,-1107.0457333689494,39.8283111631459,311.085140667475
2959.7417900997834,-1511.9145935556578,120.62879127609801,311.0964929985193
2272.603849177347,-1007.9023318494615,199.49150534109975,337.8197558053471
2203.2437381857935,-2811.212865958433,209.83700873323005,299.2323379054793
2320.4859117682618,-1506.2276772404787,142.78411447901934,327.27487262901235
2457.2374400156787,-2224.7975126714673,154.12469580670077,330.1967220265678
2144.263049986498,-1216.3191476455793,225.79885456173503,299.8564284052085
2479.0173337553806,-1069.3964911654448,70.75401821118861,322.86154958137934
2783.8534530232287,-1616.8887932203497,103.98039444907982,312.68159997097735
2879.7032353284794,-1577.8591374143782,201.23071569129092,307.0538632114572
1187.446156599315,-1136.6071673985134,67.98977086560146,320.1381126223255
2083.965567360361,-2531.416374680949,53.48259022519099,307.3112605075784
2631.936964211698,-1304.3268291145343,211.8861325667286,302.2082361028919
1793.264165833267,-1702.0844534244288,57.053188013577184,304.6916841508337
1172.224505794536,-1019.1573827613893,11.041740247454712,325.30403153882867
1851.0418906713053,-2655.558356488612,80.92962612779911,303.91039509716467
1718.9708394980544,-2089.158031041412,105.3988970816547,324.99319822844944
2803.6775394006763,-1778.9488637000952,53.009835613672635,313.06894441398055
1115.6216934365875,-1975.0579503216302,13.057212282156328,323.8747912146741
2845.063620553047,-2556.2046836737245,113.1318225059918,316.85829492078307
2402.018702849074,-1176.1344014755202,25.32643957778607,316.15261023250787
2325.1592852418717,-1128.9042090597818,146.43786536455397,301.60826323358697
2621.87358162477,-2227.444220573593,148.74462400641752,314.3290276874484
1824.482362356511,-2720.1957133074425,112.03294125796722,304.7103820322445
1968.6176830648692,-2616.0733593379978,241.94778496519842,336.719825722021
1394.4981851980087,-2336.795808568201,125.81315559066616,333.85912234483067
2817.7684242205914,-2983.359204194888,73.0446027366085,318.1980053229191
2552.2667707780392,-1025.5676838958468,44.71736316958636,295.58008833134926
1163.8115768374253,-1027.4715608428692,184.00186241643996,323.89453154574926
2792.9812457549588,-1582.9786397545824,130.08056566221157,298.03137473286824
2815.2464641274664,-1532.5914298688608,104.72447455897561,318.1382641486659
1183.7892715057253,-1369.3862302242167,64.09582600508895,308.45345380499316
2778.556884876897,-1411.8776974472694,90.52904678744551,318.5062797186084
1193.1502460848671,-1839.001636718452,7.484768186602437,305.09637700225846
2794.403700055241,-2783.4666782930626,212.83266125559862,338.2772053725928
2351.284439651779,-2122.9092280921545,120.62057332650014,297.86421928431815
2275.5551333769026,-1930.2316345777454,192.30624014889014,314.7650873848981
1342.5884625335714,-1087.5467027266752,253.14193842351085,299.1921698373854
1443.5795416257777,-1383.1148344481833,94.73411154642835,338.8422259002348
2518.9422498335216,-2209.2870498128846,111.16532587655321,296.16556786817563
1872.4813844043995,-2444.308580858379,246.09214819625038,314.21415026047373
1798.6028730166936,-1594.131216261094,232.90380294656416,325.69258382873466
2979.3952138543473,-1880.7243211685307,99.35449638359866,296.30131061114315
1734.3130832861152,-2732.206155082917,178.0933848120659,323.1813375843688
1184.8234463949843,-2066.289533257086,54.76438769128406,335.71186678870214
2224.5784529100947,-2815.8025629489093,240.92563963604726,323.4452720859899
2558.294470889225,-2297.924444338024,19.7537188118009,327.6582475146302
2684.5660507368175,-2369.627130573402,9.749507958213862,334.93091800318416
2885.5585780458105,-1718.986685881519,145.5521483365752,326.64587575855217
2905.1916979559965,-1121.901900990854,-6.912514993697892,315.27112584641986
1378.055477897271,-1226.4785804053702,40.81564797228694,318.71636411562145
2581.4509076151703,-1983.5397691484525,111.19397915434985,327.03195964195635
2400.048294459767,-1920.6448134244483,109.85078007703207,338.3435656480939
2432.983331782608,-1220.398895374722,252.3745621651188,339.9949960996383
2408.4549174111353,-2238.1846911197877,116.20420579905516,328.7607359860561
2610.517775164693,-1809.0460944767349,230.4267298099657,329.60822374627486
2447.3987812849136,-2954.139347860417,259.7706856659458,307.2371173009812
2362.3441599113385,-1671.382699319152,227.2815110348239,330.5131766419159
1740.9481816474377,-1975.9319901936683,117.94439886642002,324.29064222735656
2259.5729390793335,-2542.5641038268654,175.15816418709014,335.6129018760823
1959.4050492040592,-1281.3323533720989,252.67495221654565,321.01350294062195
2779.3943658410954,-1810.161065810394,149.2418607487323,313.1699626276881
1394.1060296234366,-1535.207342343213,220.45441275865974,327.92734740441847
1334.9461338679744,-2944.968777557927,117.2496846221145,338.7896979499187
1497.3772409041694,-2446.6012467512437,75.74747431395286,332.6927295936275
1058.9363973752388,-2060.934328064246,212.36061610779706,319.734721282643
1743.9924065527232,-1641.8132784568263,46.08941993954755,305.25609861661786
2207.7078443832074,-1723.0445390250372,229.22731160088802,315.80931310078046
2022.5388752951592,-2060.7602521282647,72.0184994292132,302.8191931431011
1084.5155641591452,-1674.909701696155,188.2048484442812,319.75909923829585
2573.2525396331957,-2429.54528172679,96.60938989148316,328.96939316508474
1459.6321416255262,-2315.7803745763044,32.81327109048801,326.3967980927172
1156.9179015143525,-2806.309827075333,94.80781282995143,332.43880062779897
2254.7095695796124,-1020.0316315646644,58.28668723671264,319.51897138341513
2175.8855030441973,-1021.6590061921556,143.88631012190086,323.32552767110207
1734.309119306511,-2697.6589353406407,100.06597301048443,315.6565271029549
1466.7369683961133,-1498.2591060564177,126.06463064937662,319.32256791862505
1898.9567637034309,-2552.071447539904,82.36893140677546,297.9556383229067
2273.6607856484657,-1886.098862814873,45.50946574303794,301.30240390607725
2440.4481169662427,-2911.333757476246,106.50125463832292,309.30199885445086
2815.543287557338,-1595.1045913417913,76.47718866795724,339.27384989841477
1289.8626292908655,-1975.855026383336,15.45405731863259,319.2384772585406
2530.1243333337015,-1884.436011473239,-2.928345641766576,318.9101880024798
1269.4259252993402,-1872.2373700086355,113.14324804497923,331.2762426929999
2268.820423609208,-2509.9859896597673,94.02161255659232,325.53138324169544
2393.563705312439,-1322.750249138678,93.8649541032023,321.54941971820915
1698.0855807038956,-1639.2592814453508,101.21397420837162,325.40739389869896
2873.1740071468703,-1751.277599215795,-10.65247538330452,329.45211135200384
1174.6328771203798,-2221.822731386729,164.07293311136823,301.8734041867642
1651.048645930969,-1787.9418859961454,-6.470689526513002,318.44049563835745
2717.0531179639074,-1070.5771158540542,53.99297404867781,321.46862530531484
2111.1195876413085,-1538.2371064727079,40.28725335108825,333.0543637191156
1581.6758252645773,-1354.7401616482734,245.14028184248122,332.1662190207145
2855.1721075995433,-2601.7549648251356,28.38423280588676,335.9746456680424
2344.5036958419105,-1934.9160420986705,150.5845638230265,325.22108462040904
2565.069761681177,-2665.278238808477,115.43431909387567,308.6844814113577
1976.8023101267763,-2797.0816051882375,41.53907696202239,300.3744356439321
1244.6894225895962,-2275.6582610224423,82.63430593141011,335.85182087943076
2540.3390751110483,-2692.667940896633,-12.209114228540248,316.3395244130834
2439.064643316119,-1162.9740163835017,211.41035727959735,322.0141048599575
2046.945763058106,-2290.6991611019102,228.1793934852816,318.1177957669274
2805.8495470341713,-2673.466413912666,211.45122680303575,303.1194513541831
2440.3988290314464,-2019.1809934495318,21.996992750443034,326.4881300290691
1594.9793662078341,-1497.58435415313,214.9070464937903,336.50976430641765
1651.3968645671077,-2617.039838495326,97.68934913633294,299.9200543153438
1471.1968163629072,-2730.1794480761655,202.02666737854963,327.7118883610704
1586.625966463004,-1850.7407075020085,175.629092975302,319.87812351070437
2335.4321790563336,-1539.6402852696417,31.524780984068222,326.35372593210155
2604.168123542122,-1989.6021950814427,111.66231652087347,299.03201389749916
2063.3857986252497,-1212.6150759796494,90.54176223420424,323.5899199335357
2579.705442233694,-1414.1302810237219,195.95167212075864,295.55476298072057
2510.9717744816116,-2182.5992310945826,163.5180397131429,328.73503388259405
1781.4121340494507,-1809.2974195095771,183.15133567505492,316.4142148261084
2780.869326948282,-2276.9078504308327,258.34206171945056,299.13975668986126
2334.8596778972687,-1256.405205870309,139.8060596094688,331.44696845250485
2113.2562417714034,-2245.7175038245173,220.73516946550652,300.81606073717853
1685.9420420334122,-2395.925082928791,165.4121968926755,295.6916762486514
1105.0747732288496,-1603.811488117839,105.79312917173272,339.6220738491267
2512.5242046831036,-1112.5005632170598,73.21805559269553,298.9257025288362
2174.508190313584,-1539.0865927483205,28.043383280494986,332.3929413790041
2542.1669679473307,-2612.5542101932897,72.30979325013006,312.5878805601278
1125.4515580244158,-2010.419893726655,125.85105425789763,322.28333099374686
1333.4261997606327,-2677.0302877392332,63.57817726480823,320.5226219375534
1938.4746770627626,-2315.1031937001594,123.75104742632291,301.62225283069165
2495.6401874609937,-2211.9676109501975,128.11580052623077,336.8062715974252
1374.8870119790836,-2303.841533234783,18.05130650019094,299.53495911987574
1670.207690436367,-1263.230980161836,18.350429308281186,333.1940419875946
2987.859096680252,-1929.252928013453,236.97610213607712,303.16219952519214
1528.6945837145313,-1965.681817411899,158.30718641221273,329.91637325294994
2454.2261969259753,-2250.4996121714826,0.5942330522435313,299.4327452379321
1706.8947891496948,-2604.3123974036403,239.0673164226168,316.41229513084977
1333.4290653643925,-1335.1575085414397,107.07252746231045,316.8539182118544
2990.2722992186145,-2538.355680032561,6.5913168807420135,335.980694310953
2218.485611345758,-1250.3336313610027,56.37169875084744,309.26018837452284
2867.127050316853,-2711.6212017331136,8.150200173163412,309.6027654319177
1746.3456482052047,-1869.8125469928268,75.80465685961697,302.26912922267127
2549.6819116300485,-1108.311222403753,28.558954008360054,306.1964025401603
2520.1767299766834,-1536.8191948880358,219.86524739297263,327.9747001249542
1994.9205225106211,-1715.7717942178497,57.01915736559978,327.0382745130768
1411.444672983011,-1026.279372365257,142.36373883801997,321.51072457069233
1624.4155458825057,-2227.436171561386,151.54813528205602,297.3456435298002
2776.195562724907,-2433.03242838553,10.562948274218584,313.47811208939686
1279.1088081852256,-1965.4887526869034,-0.925453859133027,304.6113534517023
2746.772883255305,-2065.0285630371013,78.4847034635904,337.8846985466538
1633.7430624536746,-2807.9460854506874,59.773214687520536,329.35058412478793
1301.334102221036,-1847.2123322845434,105.20271601039975,338.22693421099024
2597.437092201493,-2383.3642138152595,58.09712144217539,330.78201734209244
1532.5394783083998,-1076.7411454247876,241.06152306089683,325.0405508778268
2067.0563927539406,-2788.78857938415,-4.109952755910019,336.4146168419371
1630.7915329723917,-2760.431255663961,191.53068912785128,309.35252106840557
1509.4396832464445,-2505.0488299384733,190.24963396045035,339.68615773907635
1858.524321840057,-1933.4445524285447,246.7220225545709,301.00661735066274
2561.630545692584,-2778.2373151502425,120.32077812719226,314.93545006152937
2193.0991657570457,-1879.9088941151074,187.99975771340303,310.34931570401847
2814.719944697069,-1867.5153686034355,81.22885868792021,310.580235854135
2569.7254702846276,-2849.624570991835,135.6000666643941,339.60855928397893
1610.6522225307995,-1097.4307702940444,77.48273242457746,326.8855527787906
1755.5105278796213,-2150.9842920093974,86.83250965821105,305.6778894654227
2664.674435140868,-2305.045866769981,83.46951519752292,329.11924984338805
1642.334438053525,-1817.20506277841,30.846235684307366,315.55211990987175
1826.771446000124,-1690.3945098191039,208.04508886729454,318.47618006303406
2044.3727382282198,-2933.382055063065,239.80189252802066,321.4272217500382
2850.4302698507954,-2811.2048393560144,17.62480090177589,310.33172268623764
1519.373188830462,-1284.6380588699135,3.446692694199154,296.1057318039217
1809.4814884235027,-1358.0742202773522,212.540459260819,307.529373292481
1277.7367945090123,-2870.0641855508175,118.52810315832429,316.3922373523449
1913.661478248971,-2560.640376848643,-13.617281029950204,325.7163908478233
2826.3980291829293,-1869.3828282588242,202.90552249827255,301.6009759236699
2854.4611635539995,-2491.2825323190473,117.179122418123,333.9061236920692
1208.2320459446069,-1874.5500766624864,-14.273021794555708,329.30866378553264
2857.938291252677,-1857.7051637228517,158.01989429132402,297.63122273883044
1192.5344201169391,-1188.2473683884286,132.989570376942,336.32602380092214
2443.8405420416166,-1823.0035053330953,225.04663716272924,330.65105342596746
2055.332176747438,-1036.8685984704607,25.06815393562954,297.29930861596563
2314.1669077840684,-1457.3420212635892,177.11995159011175,295.88311733730814
2575.196013832877,-2925.11906695304,258.856066042101,326.22284442691455
2574.4737923454645,-1363.7336830839936,212.62215020504954,295.3132913553781
1910.1924258231966,-1107.0755000887689,181.30283642768327,300.53843011789724
1143.937879101456,-1548.5195676374155,76.17060059728774,338.0528700992352
1527.198640837583,-2143.7455380744136,-6.528641824153498,304.98688263550275
2575.020812680098,-1993.9717114613295,212.86234642933437,297.3392009342137
1058.5954102672629,-2873.0012536280865,198.98579554211665,301.10107172919476
1736.7083324113064,-2598.266655379539,97.81290287080338,333.7095805292438
1214.06367855537,-1290.6151926761042,89.18055160697308,327.02326910138027
2568.5258756017492,-2488.533674314214,255.26919456992596,317.7650862690826
1537.4253577597274,-2461.762078811469,183.1477733152332,335.40939776787866
1875.6902805294255,-1315.9284706333585,219.4556130731122,314.3225268447379
2367.3159396768274,-1819.932309283704,200.77963223196286,314.39064163006105
1197.9218055209042,-2681.0848518029584,39.238433826618895,318.7870870178832
2655.8890685703204,-2866.4299400087975,6.775850324735739,322.5128948019429
2136.8158058177232,-2646.6711750522245,-3.4701043109569145,303.5304302920718
2639.125428502918,-2862.2820307162438,47.4181638567967,335.3014796444343
1904.4735157788787,-1718.1985368099206,127.49999024556217,312.3948850915888
2070.1700041680824,-1778.3363264604727,13.702862223559052,301.8988483512648
1936.6854831941341,-2407.1563185626483,17.18986921927698,301.1791589555454
2740.0204405932136,-2469.963032562518,116.79559656053351,295.6193290661116
2133.1420481795067,-2562.5798016040776,35.52988010872473,306.80602277814006
2055.8645212425463,-2585.143285284825,95.70897712209609,331.4349428665078
1513.2383665190796,-1132.5497201257863,75.43532577688984,315.1723940690732
2358.4512107950004,-1680.5506676800069,84.66496020006596,309.55809569296434
1760.2533091359549,-1173.072594418391,24.589081673722305,323.616065812314
1478.8610939416317,-1526.4830729436903,-10.045569410439507,323.62957197743424
2177.818952720726,-1332.3228910964183,-0.6902750482394673,333.14558981337115
2021.870888899894,-1761.2245597070605,197.34901913014474,299.8119554495962
2259.17892593491,-2459.1333324080338,206.93440758161574,323.4546437166555
2355.3653685082236,-1624.557781157333,93.57353321551166,335.75171537215374
2867.3520619838,-1608.7407946529697,84.28588895168598,331.3266117260359
1566.1046042634794,-1828.8636153049968,39.45889689009201,315.2717683372767
2753.7839832130276,-1568.915654819249,258.4373392850823,323.76784019624097
1688.229298817049,-2368.9103267462915,203.98996108732115,333.15242117609455
2676.846725721829,-2884.720765573894,172.56261958892193,300.43910484721636
1655.9849604968658,-2736.897373066506,174.00767666220136,305.78182759066016
2938.2976765176973,-2351.576421189394,60.12453408451596,322.78378392862817
2205.0171791329626,-1598.586980232825,230.0221938923,312.48142531635074
2841.5550521777554,-1970.1935024306053,147.41968902189984,296.83333699369007
2328.901292082076,-1016.0039483755395,162.0091567855718,328.379810260567
1879.7487666501293,-1861.9594287954483,230.8773473263635,308.7871749146519
1469.2668068806865,-1590.7541587434098,183.86754855364285,330.5172555261179
2194.8073067466435,-2358.8956922660664,20.125413316893642,307.024825956327
1656.1969279829243,-1021.0733313205453,194.38069093841528,305.2520564122462
2103.9039032680375,-1529.6141384588614,47.49372509547291,333.34653713589233
1338.1734111204398,-1000.8078563831532,196.91352200314688,333.1926705733953
2708.3789706027947,-2371.8397711248244,96.65194322613625,339.04551791516633
2701.593381335171,-1065.2489331353338,253.45921701891996,328.070283828271
2259.021239654463,-2899.654498411968,206.0881716654349,322.13640504533544
1331.717935622809,-1437.3827158022486,190.18467089367223,335.5233100895241
1405.1212366601353,-1563.7231990640103,237.42930275861227,313.3960096762751
2333.7331965060193,-2141.02456823133,169.13666377420353,305.35393247348344
1626.973255812601,-1151.947527307986,232.79400723401668,321.3900353957819
1244.2953364541972,-1912.9231545057737,116.72266539447205,315.59136082482314
2752.9456332170494,-1701.4211466949769,46.18457299559337,314.37479515828556
1993.1486819060779,-1987.038283376416,216.2700867386819,308.18909058563196
1266.9762374801708,-2611.1286834338634,196.08472965281902,295.50772082510315
1092.2807441015666,-1935.1722829582493,59.6674100614007,297.93462391505994
1188.7172329596665,-2133.320365558856,40.82867906634117,299.5181858782804
1086.8368984990493,-1842.0935943782565,207.8177207561596,302.5490036305913
1879.0571784381455,-2921.4297901292202,-8.66914974300321,313.2145839468479
2170.773624870896,-2003.6510249988735,149.71528427240773,332.5793839863817
1110.2499873890963,-1018.3698817716165,74.61385884120048,326.8653350990676
1515.3239223684118,-2657.917292930799,166.39472147006265,307.55603634516564
2299.854934428823,-1835.682717312337,0.1727111090416873,296.333786998395
1445.4846298847651,-1486.0557914629012,-7.1131153937921,323.18629803658337
2604.2517002790337,-2500.432504962969,176.0560289629898,330.8571072499435
2791.183420675927,-2449.556884570732,78.81540025319035,309.70423514272017
2134.1349082895586,-1066.0426401088885,101.4685952487422,330.2993564238516
2992.848285628971,-1199.4427434171669,179.98699033124697,299.25236457869653
1026.5518910107683,-2158.9660320206326,68.41032331965113,301.4717441783983
2865.6393583108966,-2696.5044086662756,63.536940204479635,327.7473975904754
1537.4352865371734,-1490.8289578479576,63.94221098680035,316.2210347942229
1005.5873334605427,-2464.4642015163827,54.3512408060119,311.5153528159953
1721.3687282777619,-1601.0962290211128,57.736420037274144,312.9373114905715
2653.188909284033,-2162.7153235998258,172.71474469747022,319.6639570206308
1239.5266331992038,-1783.7736933409533,133.21481490946718,317.8549326867933
2725.2431576124136,-1067.5003291063367,66.9939955938393,306.43038850860495
1553.9800555578438,-2553.3955231633754,10.077800948428294,310.17813075766907
1469.1260490276343,-2917.930559542307,38.48945242310378,302.5282026743666
2205.089290556836,-1441.1595122089532,146.766782196985,325.29054988301203
1475.6024414048918,-2094.1677298103928,10.556136033336124,310.36359722034695
1106.486387780502,-2666.9540034949932,41.29515825359047,319.2168408990497
1042.719116320696,-2182.930580942716,248.6029327749257,334.081802547139
1174.0849636667824,-2608.5677021595898,14.657688196154417,338.9479262133284
2845.115830196679,-1066.9537312969326,161.17694127962747,338.41381820437255
2428.359280179706,-2865.2918769241014,182.84019624847178,331.85445396260207
2882.812113818076,-2635.5633977086172,112.76936718241762,312.74362662115277
2308.437292546778,-1735.722414696643,4.623479755334099,320.44738470998414
2184.349454724684,-2163.384150036374,90.06382645890933,322.8276747816108
1302.6249717458602,-2960.2414844443697,56.55803597919018,297.08802229172557
1385.8626130585167,-1639.0284119161956,131.46555727825682,336.2605667798869
2789.1058059787065,-2977.6760973602727,10.64452100639592,338.20933457173385
1466.154952179454,-2499.6293709576626,112.75796235473128,317.50837802488513
1310.571606667087,-1432.0351290379301,103.42472964031697,304.4889923926178
1212.4030397905008,-1668.8018739088143,190.32081877857954,320.72245605194075
2044.9709143588557,-1276.7973533297227,100.87684762327898,333.30665825585845
1072.6678695781313,-1410.6487762423696,51.250557485915294,337.6160722559371
1091.3883681175164,-2595.564424023639,249.77793938578026,331.8903567665742
2456.7459368896343,-2933.422090598083,205.99403431604298,338.5460817708667
1329.2957166529818,-2631.105027417458,210.77964463404493,330.531548025767
1810.1987069227807,-1248.381732127548,110.76047172589749,314.34525432531206
1815.7458275364058,-2863.4208358277792,59.12246864586383,310.26254447005226
1327.459540026142,-2222.8130228587993,259.3466847956893,295.2524500633406
1713.2350775985876,-1757.2951726586139,254.1102717809532,315.7085143621075
2405.005952006848,-2712.276624709903,237.83612423667714,333.38889036085493
2892.8082416121965,-2028.0362343391075,223.80404248222956,300.88938574223795
2510.924583814551,-2209.6297880761986,139.28878305450152,314.604625303203
2413.2174069169523,-1256.2455064055093,30.404038440100095,329.16655672326107
1396.8422730162588,-1533.0618861699725,228.9501784325146,301.7161885330457
2508.9180367896483,-2747.7339903759494,160.7275684102758,336.6702649603635
1732.293154166,-2427.3086489512984,164.62137390215793,321.44035062489536
2247.1217237882265,-2415.265973104237,138.00958907571484,335.9774420733967
1759.9133816209137,-1559.0338840786746,250.73033977763293,334.8391519134923
2997.067752855314,-1536.433264770904,243.43769986101154,330.97535210724027
2122.5297488324522,-2882.441723425559,8.897944446245909,339.42361125037525
2763.944751291655,-1709.757881383247,92.6176487966506,299.5506140757645
1145.9618440033096,-1672.9544457898771,79.11175355747613,316.19943771103806
2879.208266459932,-2747.6694394339384,200.1911217328484,332.1119231170891
2809.9556409193137,-1704.034706299425,247.1155964808849,329.17059259630696
2235.7941548904073,-1135.647541936291,193.6049018759976,320.4156215844307
2955.7516151539785,-1280.8987558361528,47.324640968985925,305.1808023650417
1623.9388909316094,-2379.7550561375238,48.80416563782878,308.870117456495
2491.0771762406503,-1201.668281072705,51.412364212915634,313.4318648554797
2466.440205266751,-1241.41045410347,153.8580867353371,329.35599449513074
1072.062924679562,-2730.2332011607205,256.68638473151907,296.7891568493757
1251.1398452876983,-2865.442541519993,49.790530518231776,326.0351334802641
1909.9224717393402,-1238.9120320309069,202.1332542273494,329.21102909957534
1052.126881331165,-2866.86206164079,87.42933442896025,316.84729285526834
1280.349906875373,-2384.187825284075,28.999752222384757,337.49029777808556
2976.0982222969023,-1729.3013760834715,-13.729054793000357,299.1623029744507
2421.400284733065,-1636.9529961082924,191.04533225262207,326.7087483594453
2087.2903701705354,-1629.2213570523816,220.48831833611519,305.2280101972947
2757.743486469937,-2312.496184657807,243.59945893256412,323.80891843426946
2059.8386140343196,-1425.5244634960577,203.10450127271855,300.71669481628527
1558.0438679275267,-1528.1253705477884,214.24376363772015,334.491736506828
1865.4641144887632,-1972.2774697478162,156.16977132702004,339.55895930267445
2350.5954556769525,-2529.9601406366073,166.38569593213646,296.6707678519594
1132.603498923695,-1444.201356057227,248.39410150407554,339.38500905030565
2730.755506304709,-2286.8352850922015,208.98326456093514,324.09899513017916
2304.231667460458,-2734.676784230238,180.11051395164378,325.55488122467074
2938.844537210555,-2966.1000809378334,222.61031441621267,322.44762647904594
2200.861537631973,-1005.9321645766347,161.34672789017512,323.35036532847334
1778.9859225154426,-1168.3762660010848,244.32876267654638,334.16789682381915
2598.8440244675876,-2715.5678966966384,164.86208595076803,298.00258479863487
2432.155654624926,-1255.7531983943638,185.89567964292655,301.6516535714524
1696.9907134329355,-2036.9869441941946,43.34806420621564,309.3038615521922
2948.5805310774067,-1945.4431011854656,60.091457440435036,310.00589295869963
1941.4719500164356,-1016.8705569106226,71.72195664078414,330.32831215769744
2149.9682099099973,-1845.0753708083496,58.490276808187886,301.81218681149807
2606.013569959937,-2914.3991970167112,177.6714156889818,339.0968092785922
2846.9268040886664,-1982.9008710274538,114.28735107980853,308.9578880109913
1333.3378613171105,-2209.7536053159342,218.39403689827216,307.580911646005
2640.789206615685,-2798.429341194526,154.7112693131161,295.890925761348
2681.158929815955,-2718.109673971077,219.9551759771114,322.703683056568
1796.4615044135783,-2727.1401166221613,28.601933300270034,297.13865249483086
1630.9870231746886,-2727.0444060595473,178.53003112060705,321.7439484695713
2647.761804109707,-2793.8102727564265,-12.603295387416711,338.3989131998459
1084.0680945139259,-2330.456137986046,190.65120267443245,316.9415737840324
2755.5849818764154,-2120.3134756874506,214.70659613790062,313.8332297587549
1957.4664112028088,-1603.5725790700542,177.32396909302383,305.4255240307075
1347.5689997107952,-2663.2742860932563,123.43836884917687,300.6941475758378
1417.605042187619,-2057.733693392189,149.7071782140109,313.07211758920437
2027.0497315689515,-2194.875583086654,223.03651254161568,300.898296642784
1262.7564956756773,-1938.9984613292788,191.338997117252,321.3715863394545
1499.7870837337007,-2879.088710413884,17.86952158112736,324.0471086691011
1507.9157865095538,-2163.389526395933,204.0607340665704,320.0839726108375
2391.870728329134,-1598.4746438514253,70.3715824838484,315.06818062181907
2163.3630034069374,-2724.824341234431,33.840698356784095,307.6421389895337
1791.6089900755871,-1432.0920091026967,215.0048267652798,301.80194418983666
1255.6024662334914,-2293.677373080094,252.81479151880637,337.3147479403947
2401.3974150795943,-1339.383088369487,143.9276528853784,311.95668869364386
2486.087914077223,-1156.653060095773,172.8002069125642,319.5348925278781
2210.266977015536,-2479.943792287283,43.86754413468553,320.45708633237575
1798.2638474326227,-1370.4780955972517,165.55907459433757,320.2430188022764
2434.7558825026026,-2127.912033495274,-4.390782232010963,296.14746793334683
1095.806386801221,-2189.3411831189137,173.5714512822768,335.0311665388944
1609.322134090548,-1018.6734338383008,80.54171070319823,332.62600239484857
1191.1124057385343,-1090.5360530539106,167.1507903374183,300.8052929405967
2625.6508749291897,-2464.4161210338707,123.42707751777124,331.2732494426971
1045.3103954328608,-1047.1634047530956,-6.065718313460179,337.0875080513023
1801.1002373102856,-1530.8142927501747,248.70083255719254,335.8032461310138
2945.927811897341,-1356.1284890009515,248.50147404850588,306.86263030754793
2280.716290041897,-1423.1613546143167,131.81498609425722,328.2237846881103
2346.202289512492,-2296.14161551563,90.72372806551505,322.5114142668309
1750.4522061538537,-1674.688730818065,95.58196153865138,327.96996030711097
1718.9749461591914,-2049.682824252994,220.31166354502676,336.41298184221785
2973.6175354153174,-2619.2314373341105,159.73598320441255,316.5498678137092
