X (m),Y (m),Z (m),Temperature (K)
2139.8111848341905,-1110.9552517511786,4.233395714375689,332.8360639380093
1980.4681376341823,-2898.4956204448013,98.03663567531282,331.05357334119105
1584.0980268912494,-2325.196450090165,245.31661329243798,295.00278424492797
1462.410081879451,-1934.9881535782595,69.99398391221246,318.4456882998295
2917.565427515838,-2014.1488233487935,118.76049951474323,313.86241493320426
2370.7768011075595,-2132.7997682430873,41.00160710464049,310.90279071798795
1187.7072769976348,-1800.9465274637453,251.4286269964154,328.92962139613365
2725.8249282807237,-2128.8710240666546,168.44920318953504,325.6405681093488
1508.533298755273,-2647.0484656012486,158.59518029474756,301.23979552010934
1795.0832697011406,-2229.6763741448913,68.80629748197862,304.22045043458655
1945.0946054740257,-2250.820327542175,148.967177554455,320.9269358471536
2205.3759731577993,-1929.1309875404174,172.66328248986062,312.2478811149972
2163.2489972797975,-1814.0935327319128,33.85418020285314,306.4957726983996
2888.0687440647544,-2037.8817244632737,215.97991516426174,325.2971320463386
1347.332207153351,-2704.658152590576,15.135578992284895,309.46600571453394
1216.2634841346692,-2349.1688317581074,115.19364775543437,295.68821531065197
1737.2008512068446,-1372.577382624953,86.77131281625906,301.1912525910221
2252.211675022383,-2036.3382086412266,217.61734579585186,324.39602996633806
2758.8551153023527,-2054.3506614316057,134.95398139557724,318.47053394390804
1764.9333664288906,-2461.6474770853674,-14.456253396580403,316.4049803280152
1107.3174004542434,-2535.285673841281,87.05265514255653,307.7268143348701
1235.7245601356078,-1025.9571252858245,-8.78615653758003,325.14685335879483
1125.646217288153,-1601.2843496440987,88.64684785269509,337.8406290272982
2874.8364955003235,-2124.1888165449373,222.94040334077218,331.3636891665884
1496.3631623405315,-1281.053209840624,131.09117046555852,301.6495285027523
2037.4165119744343,-1219.539545790158,208.89813836977447,333.7241891515185
1446.5774639990095,-1177.9778639342005,257.3023450802719,338.7957903939702
2994.990795000199,-2657.1748746583053,157.17216480559873,334.51609076231694
2561.287234434212,-1281.505163580344,93.60516579587544,300.57340388055184
1238.1900298136857,-2371.1896103716117,232.91446703985466,311.62135117442625
1920.8762523544644,-1446.7240439594389,248.03579067980604,330.4427313216073
2214.2562832667872,-1296.9588293053253,139.33003032059867,311.61785482562215
1083.5910378543124,-2220.1439930273164,103.23927081515096,308.18511562703713
2405.322473668609,-1621.053175999362,86.27868741418163,331.766574813333
1644.0830043738752,-1756.9395488795226,44.33766004717091,325.6461418088805
1129.4582115444923,-2789.071272742801,122.69226137935809,319.18949490057236
2171.893369476989,-1888.322971166473,120.41272362939694,331.1569161895996
2105.27872911429,-2805.629060530262,218.40249299215387,308.73090922845495
2719.7598902853397,-2683.6937717122273,244.94596135737237,303.16830042924596
2436.915571157343,-1833.1676180262941,130.7526000182296,328.83735250471364
1977.7255736261345,-2072.3872570134267,175.41495432490026,322.1525276227055
1084.097636240573,-1591.8163206930242,150.0101773236173,323.83981967132485
1213.9281491751744,-1573.5635646989367,21.646968745803818,335.5338330734889
1254.7448780142734,-1675.6428399812141,251.4205570992977,313.87194018225455
1686.7784596078022,-1368.664552414179,-2.538735390482577,326.59612589397886
2477.1213992817616,-1659.647132641879,-3.6411017383171043,331.0903884296308
1408.7796885363298,-1748.63791568534,4.584430020820047,305.9225492660109
1994.3567148862408,-1657.4824747434625,45.06204098583787,306.79881622114146
1785.6092952664437,-2467.451760904767,188.70269169810962,303.511762590014
1140.9093574850529,-2662.6531890018123,163.5030504274393,333.78756709725803
1155.0571957760733,-1629.0352123729078,93.69803246031535,324.8121392265135
1615.6041553378163,-1698.3540043037399,46.28005577151996,316.9606087245005
2735.682453399172,-2446.962402465242,84.26450269871103,332.2808770776137
2315.284944302627,-2441.979912111508,30.343419903813462,296.92310699871786
1868.6564745340274,-1061.6600712790207,201.96797205342827,332.82219464983154
1543.3295369375574,-2375.83015265376,84.81471929176516,332.3073632033997
2697.8784172144924,-2668.6688023211227,64.19160359603194,297.3156707366037
1363.9297029693932,-1057.9096376365815,67.44221453603288,311.7821003078026
2293.635265122068,-2628.0918524503927,120.86257275426757,318.41605242315717
1469.6371245247453,-1061.3575152703938,250.7726785619475,312.36285447899826
1873.4303870337767,-1201.6121609198465,60.67034255038509,328.733881491662
2426.851821023387,-2150.8972482349186,224.98136229204488,325.3299829199615
1654.8231832123834,-2249.1068899784605,-8.263550446369567,323.14720154387544
2650.2087912642355,-1125.564497478621,160.36197934173077,319.48996274738874
2027.3394560155161,-2099.925350196374,18.148917853479126,324.58243791711755
1711.5080966631356,-2553.707313543895,228.06267008306475,301.2459332462656
2677.6686197363942,-1127.8474725593262,65.69915087090958,313.1012116039629
1209.0848829030988,-2594.560696034099,148.65626424313584,317.3931892823405
1271.3041614343235,-2067.084782822467,234.60679856376365,307.92697680340405
2895.5251840887904,-1276.7856961846471,188.9231100890993,339.55144499066637
1707.7431445551456,-1612.7797888790305,17.415010869668073,328.12374478035645
2319.563833026945,-2376.8887386576284,88.45031334486293,304.57189157390525
1200.713506936722,-1774.7023287921008,225.1359707829426,317.441372636108
2114.8036575022224,-2389.3384808425476,185.3596199887633,330.8215629306226
1212.618035389508,-2446.460665465406,27.855958358639903,329.9384094755884
2796.808302647054,-2654.622186980429,109.7582365399348,314.8649971231954
2419.3825766511427,-2945.261924840339,91.86116076842251,320.07141847007483
1814.0622588088204,-2599.257679123568,-14.780011420249098,321.80439951185866
2840.6105792107396,-2169.494433923844,217.33904586928054,298.75304426650723
2476.116416028829,-2272.6467356363646,104.40135782506913,334.65840628747503
2040.5186475894188,-2439.8278626492406,176.32264035756964,316.52182908099513
1281.7987828599767,-1213.5599452588663,-1.3753259170805112,334.2926381461908
1019.5630288514981,-1047.8091934048605,112.1438070345782,331.9158365149044
1824.2782707895412,-2782.0880342400123,144.0245768825232,321.60452866043966
1084.0592082674343,-1195.548606127213,84.40772942035319,330.42822163416685
2999.1128097411984,-2047.180402900786,16.943886951563083,303.9971750549051
2261.6312399946514,-1322.760333312505,198.26457766551653,307.4983134378188
1909.8850053934893,-2472.90009702598,224.95553705775157,303.19290929396794
2253.1101839885005,-2006.841291678542,15.724826785833415,296.8689806520737
2930.1045759071594,-1001.3854671870756,5.848951424889144,331.2165449406885
1610.1167924383726,-2587.5440137881,-8.77833756525822,336.9577625887856
1368.5877378968414,-2450.143606736827,86.98282684157326,321.02316220623237
1771.3514154356699,-1566.124573658225,5.0986422322229,309.09184002481544
1701.8426165186552,-1980.4502938026358,213.32815191386175,317.17427565271163
2619.441909203916,-2215.6446683361864,216.40337500712494,308.4906246764078
1975.6514483609706,-1044.6181398341453,98.04821080938339,335.8122273820741
2448.5744913592644,-2723.0431622503384,59.17700590172022,310.28062858882123
1365.8672589750506,-1270.0979748150187,181.04884668079472,335.01262762002233
1622.5946646930365,-2793.685035242051,174.59038046050534,316.03164829310293
1343.2924810731397,-2207.1374971687624,132.0531645287319,311.5894864897389
1389.8617610551028,-1710.9897955320469,165.21189556873293,305.3669392519497
2789.102938896345,-2847.3048706048935,28.564117077726202,318.00069404687554
1375.2751480568284,-1016.2194346291492,186.25865957101325,308.3972518931297
2855.4732307743047,-2409.8016055425005,225.33482685631316,305.3404232352581
1328.5999484282215,-1669.643518043094,122.52221947169605,336.58550329360565
2427.3570194481654,-1760.1047897407507,32.29905585253963,327.7502526418895
2961.211909806543,-2315.1108014949864,95.83846069547774,303.7266445651082
1668.6541070283001,-2987.0110501353224,164.31317547989823,326.2030415296195
2375.161677941006,-2916.9003862732607,51.558374024220015,317.833763043707
1329.3663384928689,-2432.5415979959243,255.45570946794965,329.83142961557473
2542.4753377457955,-2548.604088995873,38.1286890769233,324.5750074306281
2363.065470745015,-1352.0285295525064,3.0851588785891373,322.2758417023308
2559.9352330791626,-1760.800542261461,258.718785771543,299.6360292181337
1868.555288507376,-1739.636003583382,30.676676323879406,317.32532709354683
2997.485890117805,-1131.1996224537472,91.2285454762475,304.5777687005584
2660.6278780555235,-2536.9079908529375,16.93398047883919,339.5030570154189
2275.9642520737675,-2603.7005708017373,159.4569643066013,300.27500523825046
1047.6253756433405,-2377.269455844214,46.750732919826746,307.57678666831345
1903.020880070636,-1059.2480244637245,63.9608908051015,325.589214925019
2811.2904520499897,-2883.8669530743373,162.73327394403626,307.7228661245998
1528.9712847259775,-2923.585093582714,184.58845066040683,302.62226499471916
1365.130823438421,-1063.0127066153684,245.53701514041694,322.21142746887256
2367.515482893891,-1904.8646890600687,182.80079313811444,321.3246818249096
2997.6747995381575,-2570.2357187521793,-13.58807533180359,309.7220229531026
2196.04394430279,-1056.3268752273723,-7.207212363011476,324.8091298906352
2330.287902324555,-1970.265936507348,74.17495369889357,334.34073930584793
2477.0729161199542,-2252.646156008199,249.14355035552285,315.7586184071954
2167.924470754873,-2620.965683013472,190.81051996078088,313.61110736127836
2908.8482208167097,-2702.634006634411,155.4080900636971,330.89998975159796
2664.228947880344,-2979.7541895015356,248.60275070903054,295.2497062034586
2942.1190287192494,-1887.7704865245362,142.05391532882373,335.9511422068521
1333.3681574668358,-1386.9221928221004,105.17745294034708,304.4965227228978
1939.445792356144,-2463.5703623101194,243.56686402560507,320.826963981164
2540.1778408526575,-1086.7806183274674,-6.360897814074926,310.0718125920189
1715.888068856093,-2700.533926046538,37.95537277690555,336.6149277054647
1802.8705732140436,-2743.3026605606806,36.04839514282353,331.00885195431607
2790.192148855487,-1625.5696878182462,218.47307346900067,309.6556042867532
2285.2293382507673,-2835.975837912106,167.5398084992959,337.93931915666604
1038.0166606753808,-1082.990647412103,-2.1140210876054724,319.34685386755046
1480.881160708524,-1524.2773885213153,20.303535302423683,298.3063402195606
1231.1348103251603,-2994.719144221759,133.32479498460165,333.7132171503654
2759.83269605854,-1321.103503863496,76.89817456064699,339.41799987263175
1329.6701083242874,-2417.9172319620266,74.62579848214786,325.2195783147825
1665.712734318472,-2626.192790101192,108.21545766056114,332.5697779573814
1999.2364881280446,-1547.324816713913,221.98592317348817,323.9682186766653
1458.9301795203357,-1819.4022578577724,149.85737039257236,317.1870263263086
2567.9260956684325,-2243.544590622589,-3.122029077692691,308.5266312302919
2225.13726639347,-1220.6004930341564,122.29057236551236,323.91285089997984
2864.0482190478533,-2896.8678203784234,68.024903139434,308.71347425091545
2254.891808650241,-1217.8824095301204,257.64780289089805,298.07242176289515
1595.623515132966,-2849.6975957270333,199.60301349110173,295.6286655618337
1912.1927880482413,-1510.0872923301108,26.336291479165062,335.25248254121226
2154.0569925579694,-1103.8454827514104,149.91941455370085,324.81025019957815
1859.0922050983881,-2439.324540853948,230.16301151687844,323.0948506420536
2450.171117488755,-2235.016118692516,197.08086105016122,319.50001368622725
1469.3045070164303,-1323.935422965003,113.66216662398614,321.9744452234458
2289.526378514217,-2527.921655226314,225.95816647216344,308.7451115770148
1433.4662011584492,-1387.0366655234363,38.35807985851053,336.4951862345642
2303.258417224408,-1318.5284353084176,225.4504880706863,329.2504564289847
2568.1185499018166,-2023.636582973912,157.304365441913,326.47843798229894
1319.8493112778604,-2407.286555509524,147.12851544184076,296.0145952461702
2926.9649356618,-1525.390478145722,91.13774791003806,328.5556841232272
2907.513446352817,-2546.6080714959944,167.37750389948891,319.60474451003296
2377.1770644734743,-1222.163674707553,15.080071102185695,323.6216016132316
1170.552602605455,-2122.045061263285,34.150056035584655,298.6871394543507
1650.0808220071597,-1439.4049383969373,38.77335830846044,333.9959558017225
2922.7711478223423,-2025.998571423986,154.64879051202774,295.63504101914776
2265.1432211816546,-2488.315186769885,220.03453879882065,303.33880704559215
2328.6207821569924,-1550.1001552143011,211.5667538520085,296.4318232105168
1284.8996222805818,-1812.926733363308,258.95097504797064,329.80615198685666
1072.1110773881478,-2644.1853573835974,231.92977155794097,307.40054001944276
1300.7980680425226,-2984.946568711671,57.18552617363092,312.19789842978906
2344.0524582905227,-2417.6211521359637,41.25959744324433,334.277570639755
1960.0519981713119,-1583.2786686783122,122.03608428176335,316.5176069716202
1662.1623445853968,-2579.495816697006,245.34234801210044,331.7848089063157
2347.608635126452,-2882.346062196552,28.94815590714994,335.4600428652824
2638.8914234983904,-1340.9675941372657,171.86569899583816,300.51015150590354
2520.5985118289886,-2624.474654809087,252.2478424033216,299.258169467891
2910.3689697852888,-1448.4807110462407,252.70146911498335,308.1056381977812
1137.661022487568,-1230.9556185196866,26.370184827470887,335.15437499647214
1392.4405338084996,-2392.4074973368724,4.067210107536553,324.14514294671335
2522.2979312530006,-1351.0095682032272,212.85480250621112,339.2096399622272
2776.9253652379366,-1662.0009997820207,219.3479113751177,326.2969169598005
2435.888692271753,-1841.2037873152105,132.61180956921743,332.556559980066
2999.54861898487,-1172.7656322997486,-13.871697040661575,304.4932610658382
1725.3724162546982,-2632.1326046571735,235.7523729757787,315.4906318561813
1200.398791145993,-1215.64602069283,237.5610656833136,298.7374364704806
2799.6205656627017,-2698.272981082473,155.21140188618057,301.96177547797214
1161.0191504703869,-1950.2330451904704,212.88423672602815,310.58845186726927
1987.4327305992624,-1676.1646241027647,31.990181775750905,319.4457689178573
1893.8016137582326,-2650.719419787071,168.30262022862752,305.3799497298931
1891.3871692079497,-1140.9989900312198,162.82979114528447,306.1972783532338
1201.7046423878335,-2230.1032183431644,140.88725834851758,333.2111976170101
2891.978526877136,-1782.9714302017549,160.99996434851548,317.36611167083845
1832.854065773448,-1627.0981724035578,66.86502670999523,314.3232511906319
1250.7140792100988,-1589.1675147763747,138.2473462129381,322.11589003271456
1234.6542021815987,-2389.8263747881488,40.998522100307184,309.9504889708624
2886.069410244184,-1897.0545076611502,155.70056765196395,305.8729952764476
2561.987418103279,-2169.6871740584656,190.4172493893919,336.7984725718379
1694.3461379078967,-2710.33978642612,75.67375369386137,333.30252006785037
2154.4023578548567,-2996.9170260162455,37.512739206790684,324.41832235687485
2635.945801695356,-1471.653665716128,-3.0758198046347225,324.04916440341725
2616.435154871895,-1415.7496886947424,105.57727365733084,326.5007235540194
1282.3373271998812,-2390.168769125575,83.79599090534184,307.9147307880718
2303.111769404898,-2585.5147670081446,64.32679451490081,304.1135383559206
2292.632305797493,-1941.7472125964475,154.87986124770714,315.1210076982739
2794.409299208105,-2902.227416587054,249.95506976128388,315.3407933335611
2477.0875107144207,-2418.3084603748657,100.54884345390684,309.4291611691487
2772.929418728267,-1980.7017719882263,-0.49207032761651703,325.6939553368418
1980.7408930432634,-2859.3590483732046,148.9430246154931,337.4047601208327
1641.6029429670848,-1859.1426470143324,98.96176468294546,324.01212274793807
2207.5391733760353,-1579.4680244186404,188.08235128042003,334.3542302784603
2959.402931730948,-2065.066814620991,64.2456815189575,323.1015229873858
2034.3923318130398,-2383.900446424093,205.5801127703029,321.5192723549104
2517.4363823000213,-2005.736596692102,40.89903712344554,320.10896679395273
2222.984007399003,-2871.210717703533,124.2070766707831,302.58090081395613
1283.845127147621,-2086.401870647801,21.97731387341063,300.59896468502876
1374.8130690517974,-1531.33380074448,189.501756750468,317.1663842703797
2711.2180516925387,-2624.436765612031,77.01602520667262,304.1921712024915
1088.971440525457,-1925.1334196554615,248.19688292636374,323.42332836381996
2935.3585785297223,-1808.251997451811,38.373917341380285,331.49733315207374
1450.141303736995,-1428.8221591456452,168.4992189501651,335.8547517520153
1688.5136944616534,-2754.24423517292,32.56913619027269,310.0413866925143
1653.8848775769372,-2111.6619545122667,58.34117295231681,331.0191704840918
1374.4969398328508,-1968.0030980561721,67.52665727240199,339.1084865492496
2892.8715664710835,-1827.0703324586243,193.83965853201093,339.2320794259365
2497.493821183966,-2398.771875504105,187.638656471949,320.8274643442148
1934.8629060219796,-1856.3964834568974,172.95886783242372,333.9560628372862
1622.774465273988,-2655.9217374950726,204.71119422309334,330.73872511116264
1115.4663587289783,-2212.914968532015,176.40742499303025,311.2924100008722
2582.157322362573,-2524.855038157879,215.2826392881316,323.8223596075341
2692.503262255632,-2952.3645360791006,115.20223823646177,326.103251270651
2754.2778163294556,-2827.6809472021378,227.7795044075949,311.22926017101616
2879.0508587233026,-2686.7175666589474,32.72898152825743,328.9657747227975
1804.0997469787562,-2627.940350812648,-5.123927054859578,306.752553371924
2212.83045502149,-1663.5903366029277,87.22981971242106,329.9903386151853
2651.022517769837,-2824.440440238983,4.9061365353748165,323.9150284652236
2266.2758257313617,-1080.7617044330357,209.40983479353253,326.79348148994666
1075.210499481777,-2089.0318939359613,82.61065073544624,329.72290118302476
1871.4866566429237,-2124.1491202102857,125.596484359214,331.4768991217601
1103.6515787560893,-2946.28368387853,81.4206373522385,299.10579967215136
2672.1103974872685,-1824.0553766297517,19.674703205157293,296.5028528012403
2572.9614228070586,-1493.7163002526042,136.69239792991684,304.3713340218627
2041.676506203797,-1066.925425317437,70.90625780268157,296.0364211609144
2624.8331617199474,-1214.1731190094279,179.26755082321768,308.9774876618327
1858.3090800494188,-2146.734236569272,-0.0939815969579687,301.0127117576572
2016.6814421412168,-2831.6701071537377,20.785049603854745,304.68946079712106
2580.569898719915,-2351.7736730700262,206.0882561751794,311.57548986071856
2337.6806085203516,-1116.840965940351,81.45768047434055,299.233357263633
1829.031065652277,-2889.388828811011,210.73681056919185,316.3721691805677
2656.7898243113914,-2162.3048837633623,-7.0387090520895015,317.83383140916646
1485.8473667598141,-1519.7894653456096,33.152715089174194,339.9756130197775
2236.9200985658963,-2016.7383962679746,177.71854503851947,339.7233525999683
2163.039759670071,-2475.1045228222683,94.17305426393105,297.2309664360804
1756.2736020864504,-1787.17454691143,162.30495688698502,329.06690627807774
2695.044702533616,-2242.4355915572187,158.31740671189033,310.23480285126715
1344.0457853389087,-2571.7622736522535,96.14581205706324,299.46536004593656
1189.8322402270107,-2950.4466854544394,72.89281155610516,299.2992842841475
2876.3497282959006,-2286.540836490863,96.978138961563,323.06714981478586
1689.148660852437,-1701.1434688584454,157.604885897381,327.9245211483938
2531.6233409314564,-1649.9123620901166,36.606599699731674,308.95567968285786
2922.703699609774,-2001.3941262882745,9.099446378891262,310.30776102216566
2001.7620851317963,-1698.3159841596344,68.9367664038083,297.63991594305287
2872.866465613556,-1823.9368312122183,185.191310809218,298.71711764930797
2770.621441232316,-1135.3377265923739,40.52080963699272,319.9842173483272
1367.000280903195,-2980.4924900200317,31.850182088085653,330.4159383135172
1590.989073714593,-2294.086600156046,97.84520126838659,311.1370083341556
1852.8901603384331,-2680.2091633643927,112.09159211476396,322.16949886008297
2377.8014035140764,-2851.9161466832024,167.4346844784488,329.3677901309592
1943.3708347062466,-2859.985964854356,38.25281110384027,335.6823531981399
1093.776722259773,-2237.4199508556358,69.58364494795654,306.5074728775635
2879.407377279608,-1339.0612078819174,199.25203481349087,312.5551975507273
2763.616396139902,-2277.479836804583,192.71310973593035,337.0947155923541
1439.160825412134,-1499.3624048047357,201.45743350612065,333.69408243761853
2539.293322803085,-2235.503884314251,3.2319113425990125,302.338288340108
1772.461406998044,-2886.7361971183172,251.95695713403308,315.7837803431564
1313.7651942596742,-1754.8406236151611,106.68702486533599,309.3265401442353
2241.2946682382963,-1782.957707713841,127.22281489666179,309.83328878837096
2581.5471633718435,-1182.0989705894751,1.2516439118100422,314.1872299457434
2102.3095375036664,-1400.530639928792,136.93309590448632,318.14664895193584
2459.9588702734113,-1957.7062335643657,42.382159901276914,298.04702298862804
1604.443289783388,-2848.8935332144147,4.160627239599929,321.96825846548666
1540.5599863159398,-1466.0931293753515,169.86584327218725,319.526882854201
2191.6671846124364,-2231.955207202758,19.741887333157486,339.28757874998655
2906.8346032828863,-1717.221551279795,82.13937555827745,305.5236863091217
1243.089763773928,-1166.2855161477728,198.16374985800175,316.2500122408703
2842.534869992326,-2187.353339886288,58.56829625529201,311.88157130826795
2440.9210263591167,-1811.6724595076707,1.9886541900524648,321.66972272317525
2927.4731165793182,-1608.813288664203,235.70119178636534,328.60956076381274
1352.8360619747725,-2982.111960542551,127.94836370059247,320.94783925790233
1234.7811778983319,-2102.054961851156,125.84180490880397,330.57181708228273
2587.201189241361,-2481.43865326645,139.22851638516335,325.93517193954534
1236.6374033729264,-1719.501467353347,139.5400274803228,308.17264664369475
2762.073756328273,-1643.6610478370262,57.304827375242155,295.5557449077077
1700.1881035008014,-2738.352960186763,235.81458542117673,304.9169972556993
2280.827713299298,-1555.464452053051,114.78283784838001,338.9915653930316
1954.3220991493076,-2084.979531214977,188.18232523464962,303.583374026696
2714.8471941151865,-2650.5973611542504,50.731797641529525,323.374894904284
2308.4387273893262,-1780.7807449442853,187.0241335470803,296.50996005306763
1035.0761835323074,-1681.923918007134,61.9963225711125,319.58245937452733
2699.9700504534712,-1809.9704008090482,116.21867387358677,337.204594267434
1539.6988797573933,-2965.2406436481724,107.73937183135654,313.46222646829364
1532.219821148466,-1638.2274863647265,254.21160343310044,300.35647393916526
1350.1385195971504,-2812.3082310078,21.636065534370275,317.837436550734
2964.9733788396925,-1585.9399059776326,225.5142379328284,303.64276594923865
1210.4911468989847,-1926.7615667156638,31.642208947906845,324.7059944854329
2139.8094954150974,-2074.00184265901,207.34409255387519,326.5742086020376
2825.3336769541693,-1234.3324944532374,36.29989875652311,310.5457163479548
2868.513083910965,-1796.525101422603,-7.00884399919782,308.1966102605804
1105.298874742513,-1368.2768430034187,24.609338627923222,325.8590760917274
1120.1726701969897,-1942.5858185992292,217.7084827532067,308.2464789992459
2014.2488533297505,-2793.944663274084,86.8733097339904,324.126794446679
2540.391496034578,-1291.1540291085225,156.57024303714667,296.75439919735453
2818.475847097754,-1720.0200427225361,75.75866174524108,316.00144726634494
1329.202365273336,-1960.2813334183138,29.286134393279823,298.20432064047753
1574.329252856668,-2247.114446419126,23.383241398590265,313.22704823425033
2639.010693523055,-2851.19522357235,140.72133835050846,313.8641481702233
2097.872467472248,-2486.7188639827823,181.28019252251445,302.36608909367527
1467.497387460768,-2000.0259769188206,78.32456974063633,297.34196617999163
1253.289663470149,-1407.5217223399927,-8.912566159992389,322.2415772997666
2871.084515960446,-2624.7759413831145,13.593464009053157,312.1293441452322
1216.4379337574705,-1821.000646586809,97.51968009517341,308.1129003078912
2040.1581650499056,-2118.1180464703325,214.40831602877552,303.3818496392771
2783.360970868436,-2453.0083563896387,13.688735848973593,297.22610762306596
2503.8434198179616,-2872.8102169422136,237.65412306546972,339.26902324462327
1870.4222206203112,-2235.4476341072095,238.66142337813073,331.49823472572905
1658.89941856527,-1905.0167707765056,92.16388230628402,309.11694723077835
2891.378586256144,-2551.2226955856363,44.1191225363955,330.284162633056
1382.8211926762303,-1580.4339224077692,92.82994654408454,304.8873741929952
1957.119060556227,-1335.2676916966695,44.24105985940528,302.23241522922075
2845.5113127965706,-2449.8734658097537,-8.678306226684319,333.43824487129024
2549.9407965667783,-1444.4482678038992,168.06973185259622,314.7805663300368
1238.2910450976126,-2204.93731118973,-10.14178201239482,323.002350961017
1663.4791201833816,-2406.613266006235,131.35539065956118,325.3124518537005
2023.311022704611,-2061.7445148493657,172.56355979129307,314.39837434532654
2938.9007508742607,-2176.5634007910203,148.78460351383706,336.03132598800994
2172.58281429793,-1115.2211969182088,79.07519782574016,339.4625524643976
2649.1692242314625,-2214.961470970888,82.56683312887222,327.7172345343332
1429.904582452703,-1169.6016938195828,177.6305407275087,327.3211298668828
2381.8614472253776,-2765.9779085237333,165.58562569529786,329.0579263902674
2922.9137919738473,-1440.1758194571692,131.63137827029806,295.4306798465621
2848.5835726723826,-2677.8823419790647,-4.914130848855098,298.94906436852875
1814.5879280438412,-1879.1940221537548,194.92341202487984,296.36268008874265
1617.8049540155603,-1756.7151361787387,216.83030673621434,331.40255128272406
2271.0325343501163,-2204.4234898777477,141.5947444811301,296.17307290987264
1519.0419781738783,-1832.3667396185563,103.08687715264266,326.28057002047507
2163.5570420474546,-2720.389989496325,27.560801669457668,330.3838395733594
2054.9666483830188,-2087.0490237926842,18.921878573700603,339.47117256685976
1966.2290854988787,-1916.3441572915767,89.25823281174898,310.6977671564141
1032.6266446647978,-2890.383874114561,216.0068701873198,309.631050179605
2284.769296480733,-1598.790726507112,87.92856082524732,332.3815276705792
2933.9383015441945,-2201.9173283323967,231.9515942592684,303.61116312349054
2127.2582785892464,-1848.0416370026,97.50703779060794,309.5736989875068
1939.2512206240021,-2794.5213813506975,164.853658359112,299.49289872889653
1848.2988952257354,-2704.5201988715935,29.62468386977048,325.32464329987835
1264.1065277077,-1298.0125937556556,190.89294732312186,312.6559696413904
1492.388822239431,-2861.610576787647,250.0381569604619,337.6873487270796
1057.8722745636267,-1900.3389477456476,148.91090382662534,318.88313378418115
1426.3433255347215,-2250.85691947515,75.40875950618533,310.23794395597446
2051.189384829572,-2367.4113164496684,236.11350695063663,312.7116362582907
1884.9355606612853,-1075.1489884235273,35.76533334044475,334.50295312380325
2073.1542159621195,-2369.297125153055,105.24815031834933,337.7351393924689
1083.4395052762804,-2092.087000215156,24.445674169380204,302.3320973907677
1905.729438144626,-2675.326091403337,52.92859388845861,328.48075826810134
2217.3579040208683,-2997.4695670094716,71.22251633458221,302.9157887274424
2128.3241931633975,-2043.775506072519,165.9378185305625,313.174606229919
1581.1327926824742,-2757.5834568196638,162.4757202818858,297.55985412997893
2479.6931258620325,-2037.3519463387304,47.55003124836528,310.9289862255003
2918.5806646334886,-1292.0100712880248,171.33213300894423,313.03362145520896
1529.936051391672,-2069.3038966992845,160.53350179441148,303.34919698326837
2054.353025707416,-1373.0257991900694,49.43427078293567,335.1648313031009
2775.2389073187387,-2865.0476623030904,89.82671136031401,334.09482520998137
1493.6409676608562,-2565.9107714688416,144.96431302251062,321.323390294729
2225.5031406074886,-2101.44021268931,175.97924485587623,305.14782215219685
1993.8360796541156,-1547.9106048579158,81.02320699105003,317.771295243307
1538.4455660865244,-1410.6505295309996,134.7227588048664,315.9995737954774
1729.308948833464,-1333.5123873877674,101.09390542021235,326.64800484848473
2282.39070376161,-2001.9145738024008,120.3805652913407,309.72672494474926
1655.4336049140966,-2728.7303832826324,189.12813659709315,305.43941402497046
1446.4507443150528,-2300.7247651095186,245.31964424411046,317.63446873690987
2135.0533289380455,-1150.1908469718412,157.18493698100744,338.62150580560035
1387.5490036710055,-2241.588850594752,94.44342935905192,309.9689626898759
2127.6217022359247,-2498.3367445667614,188.84580468851337,326.46917793510056
1378.1473957461337,-2412.6321528566054,-9.62770456815435,317.308755829483
1496.21992265232,-1866.716650593793,258.2640114605277,338.00724202747506
1173.7886232424478,-2610.60773797797,158.11511249042235,317.71678011011784
2313.4948215505356,-2986.3478250711796,-2.1351634988390913,332.12805355366834
2469.442233815995,-2786.6970489145865,19.997599688289995,298.7611959347208
1153.627990267745,-1317.0214517117101,-13.930925529522709,312.2799326126399
2965.9320636912616,-1985.0899128272204,259.9350391879993,338.34322020794195
2002.5475166522579,-1915.0927173628347,246.32983156921193,313.48843353445733
2194.7144951891005,-2834.218124343395,89.46172290229865,295.31911759484524
2536.846798930829,-2591.9811043812,163.1435061239905,304.84367443294957
1556.536950358874,-2205.513402758775,226.3660934923065,304.90329042629895
1346.86340184422,-1277.941718890058,47.612459984242506,321.73743964756335
1972.0893664125974,-2861.815792345324,215.60209606810628,319.76332100727075
2886.932472142135,-1567.2300222574686,16.61420716877017,329.72170628439954
2509.3775818644253,-1600.8856991066027,29.53185916906095,329.24642775670236
2851.723915084672,-1836.6646709068548,54.02347408234817,334.4306775838172
1040.729854553334,-1006.9996050730638,84.25873903045665,307.03933721699485
2774.600825798018,-1854.6382255950298,234.7402973869183,309.5976948358663
2987.705197711066,-1505.7137690001766,20.09297855392957,326.969253599371
1663.9666047968676,-1103.853369443515,44.22482915124636,323.572102651342
2435.6092427251792,-2104.91996597237,111.09579725964981,308.4985935519129
2622.9562416829763,-1865.0172224487712,32.21331555327466,312.0893631374327
2318.780520382175,-2538.7088859176592,179.91716587174605,328.45173404333354
1528.5584376960164,-1571.2712520655193,99.2910047865363,329.29105995549514
2909.221461673611,-2654.821716906308,169.79197374225635,334.5174930318266
2578.710840949266,-2487.645155949318,243.8885502395517,301.0962630355656
2135.1803841098176,-2548.799486223764,10.005653945296661,316.3876173341756
1540.9961999504876,-2760.7617046073447,231.23587872614596,337.8460956038628
2438.9898039610925,-1591.1644695582333,197.7350743138018,305.8399435900014
1076.8163072337486,-1758.5809718083647,19.07347848111778,330.0016820336531
2775.7278023297167,-2604.4620938986154,-9.074952074083892,338.0681341711058
2962.097826834057,-1672.8494385541467,187.57134867460906,329.7850818449509
1884.8920138381889,-2306.9688541646647,70.67855865606889,329.1918517065172
1067.0141754023193,-2746.2694664111605,240.38066020724793,308.66432518861154
1114.8931313361709,-2641.3082057621164,198.15244155940846,313.0628158821826
1533.8351117374186,-1631.004660405658,215.6221435622838,333.5763844299935
2294.5273231720907,-2858.3143300683805,126.60383855752377,297.91215465224127
2715.032834007237,-1289.2570151572695,76.76852030079444,318.1307375167049
1833.0907980232107,-1643.0577229017786,17.53967721207279,311.52197681102206
2731.2647815005485,-1798.478307932853,-13.894152487518951,305.9291074172919
1399.3308919129822,-2108.392257984192,79.90751876381096,314.54325726123335
2201.6502187247024,-2062.408278185163,161.51001027654362,334.82388261352946
2721.579673567887,-2871.018520471456,85.2622943943905,328.4800953843289
2026.8688608039254,-2755.367016432299,237.18144814198573,299.82508070580775
1147.2225045556702,-2554.2250361934166,247.32516183837214,312.497586397352
2409.2386645639544,-2761.0171500572787,173.67784429654984,331.4191166355403
1212.2650761628606,-1961.2086125701514,-6.238528832038643,306.34671354679426
2453.7118298488026,-1638.1325805724475,109.39082560611173,315.13445619339046
2666.271712015795,-2642.436940156806,52.28566806749545,303.8938314370873
2912.0343518577147,-1402.1789934932758,26.83011464459485,314.6128959288469
2293.794123095653,-1785.4278991201895,55.935479587152926,297.8396332942621
1372.1951460579469,-1706.6568127051094,139.18066061940704,325.04794272638674
1219.564697596445,-1529.3624049016116,165.61024039262622,317.4051264790131
2906.9912745119673,-1561.1798072516415,48.36559450690401,339.2798491719746
1172.3622940994164,-1872.3098500999656,197.9301642294958,316.513042315199
2709.6638603929423,-1156.7203018193138,-4.201114450297048,313.5268266413361
2484.2226730689517,-1205.3015566095914,33.95580604515872,314.61847628859766
1533.2879860663293,-1787.4116853840312,58.76669452254143,304.9483208197364
1638.9789374432148,-1025.776316288331,122.50281667013195,298.2920022063718
1523.7088631263393,-1514.2935960114614,115.1419402226824,296.8863240058242
1970.2326328216059,-2734.7584862082,79.48894902768912,331.31503444933924
2698.678771641171,-2457.8014242947647,155.63581963228694,296.42599050259213
2266.236147932968,-1465.5718194219864,221.53150060551454,299.6888689779677
1461.3055753619208,-2409.4118329133803,143.578201931118,296.7752746489871
1300.9959508199659,-1480.7334232225849,12.048545089069272,301.45615060805113
2580.8524172064767,-2266.994116006895,-3.1700110604497382,333.459431567263
2333.547199265502,-1570.9659471430086,50.47460202454724,298.88730310066467
1955.9145352081523,-2307.775217318849,30.095499559344546,329.0317659863957
1122.953894723661,-2406.136511795445,244.73775176981172,327.85511689087133
1992.6464287057663,-2287.0224102236293,119.84924396087285,295.6591104385475
1887.5145322949757,-1344.9915563519864,12.87357113129567,312.05870177790956
1557.798633893537,-2004.7551516948974,75.03204587856281,333.66473447129147
1189.085545090279,-1434.6786496520751,115.61427603256428,297.1397866329045
2652.4163104507434,-2384.44111468697,216.58116374302452,295.88065820865756
2916.0526124502503,-1684.2360825637963,237.8013696106329,328.95681379928783
2187.3111823703402,-2314.793119760238,28.30537557800293,315.74485662967675
1915.067385681631,-2198.380619594802,-12.156747245087374,330.08196516036594
2702.623770339964,-1004.5374425425521,77.55778559115652,330.2050469822443
1422.9514954527356,-1770.5662475137658,206.4099208940224,299.34578748145344
1498.2941446309178,-1187.3698353486318,122.74131615229743,327.19824573695894
2596.2598072971878,-1092.7833600240392,139.536844589157,328.42348472526527
1244.1997717871802,-2919.8848783177436,119.28310717186895,311.5812162569347
1600.9527511803126,-2608.6278534917606,10.254985026512696,339.237767549779
1308.4396964979144,-2874.3594836046504,123.968677929499,298.71732489498555
1387.762218782784,-2287.1406263867716,124.03663264991863,337.20494362855555
2682.0300690069134,-2703.6959622225186,121.23152001061538,302.12149172233404
1500.1052857666627,-1942.2681198900393,0.020875326483535517,331.39177018601094
2840.6502049869337,-2608.5477749033876,259.81046859083403,325.54455322606924
2789.412182429236,-1559.5120241173377,89.56648621496655,315.9456860747442
2398.0997522348007,-2896.2494100901517,207.89363348344395,310.64648467012444
2318.3929763451933,-1549.122073036287,111.92626046400459,307.67662375906855
1398.0933899521672,-1870.5369845382293,193.5252904455294,318.46725922204104
1220.0692681820124,-1219.5089002065918,249.80051282664414,297.69025957732583
2949.6055249557526,-2322.7909735259614,86.94238042737165,331.59186304260606
2183.7158048887136,-1894.9860888528842,193.45254815278423,305.2054203669491
2110.4012247206783,-2238.5973544162857,83.34374396759958,334.2344101733035
1732.4124035698387,-2115.4123053188614,-10.43986126571384,338.1843134472264
2749.626977174221,-1297.6466494722551,75.96268993806429,309.2565494549072
2321.772276523452,-1051.3418953685746,102.4357265487104,314.02787059126456
2893.0537304578374,-2505.1736213896174,234.77126571848248,321.5561790489289
1479.82815353578,-2080.2778250829106,189.71544981615935,297.4271929678875
1535.8367774446856,-1805.3968720237667,73.63522395690407,315.80781947371713
1317.1697725899746,-2156.238436012469,140.2419935844986,313.40328398987197
2706.688305368145,-2226.319455833242,123.21508508202237,325.65405726852816
1361.5332014695039,-2257.274006745918,102.90240503865381,315.9633075116868
2998.238220153042,-1580.5244154406996,123.9624595186788,300.1996621526133
2495.5597597354226,-1225.696849479248,39.36661080041537,297.0190315273048
1406.2277576104088,-1249.3195913053175,166.57560046712084,333.05371975868536
2344.2195687448484,-2663.6870705634065,158.06672797476162,303.7817754687688
1570.7307939703135,-1055.67767503422,-13.542965502637092,307.1760816297349
1445.8890983873587,-1775.4212871679558,259.91320625965994,313.5399145640673
1243.191660586079,-1978.3401387716863,203.02849992737725,315.1741017111223
2634.291886488581,-1595.0698938678838,210.90190327401922,334.7674476521959
1009.2082660136408,-1372.4490620147285,117.21946681677267,297.3182911201007
1904.9157826163396,-1473.5314940639719,31.434506296555703,334.73927669551875
1698.2542364717604,-2012.2919009275538,187.23159427925808,300.26576147950635
2277.454039365669,-2167.555814999858,150.1546723449583,295.8074371644894
1509.5852535938245,-1084.848350015693,-3.64577485159845,295.95687364997417
1352.9284758082122,-1304.472470235461,139.3303350013985,323.68500317180764
2912.590963914049,-2570.5924122544034,70.60157295072524,329.8722393578507
1304.9262745860892,-1924.814807266013,18.628045858383466,338.68381422938415
2052.961715801609,-2845.5338356599414,137.55960038385086,338.8480485645454
1679.511869369212,-1806.4512331178146,132.73431747851063,320.4196193809754
2493.143641167113,-2885.32145422441,131.52761530043952,326.9182402892394
2236.0385517973455,-2652.52864791631,191.8054570706538,331.2811333201032
2298.784380970438,-1612.627709279626,26.264423220291803,323.07741160938883
1275.2087004601347,-2090.710151414342,-10.457056028830866,334.3289120373373
1100.0197799579705,-2723.8344636842444,116.79894749497564,311.96058979592055
1251.7010264140813,-1929.4764975786368,89.48408800517036,296.9208415542196
2722.8042119217694,-1059.2977708518183,37.52192871667439,307.6047155720538
2110.171333523176,-1220.4305071322447,45.600737234121425,337.1874619659795
2403.3425597441,-2002.1540034688555,59.76328458956215,336.75664490918456
2181.137608505858,-1759.9883648895561,140.10802057002817,313.8165227922681
2941.215649194364,-1974.020337389304,177.146945561243,331.4692098307381
1631.013929895305,-2715.847686544306,30.214738255826674,308.72631220151067
1629.4886290852787,-1885.189229138619,8.301160681227106,322.9011186232033
1858.6980759773292,-2348.3682401803735,53.00225820230796,337.7080711519368
2910.6338863546644,-2450.590122448859,-7.234795508612666,300.42516222493975
1363.5557365763361,-1005.0948731037086,218.98452510890885,334.41089374394545
1833.3474247682484,-1459.8994796872908,92.45288420733696,323.1289496095245
1113.3195208994132,-2207.1484260124957,238.38115513423284,319.4159610043223
1897.3830300911234,-2810.498006174541,86.24824682407932,334.7559277189282
2300.9226426033592,-2312.360890149107,115.45205491745023,306.6635481099638
2267.3967152561627,-2350.1873218752175,10.478313467755832,307.07034054960224
1216.4104939869158,-1851.0030097980173,79.37415167228954,298.2307703122691
2267.1903408998687,-2805.2916321052435,-13.207879449367596,329.8720746822465
1098.006001154956,-1034.476932414516,191.39768403542993,319.12978255257383
2875.1056081232846,-2030.391209615228,157.3005033825361,316.6992534174213
1239.4062490684605,-1238.5863084487419,-13.87077418252574,327.30041802682166
1245.4263070582401,-1089.5928057366966,-4.119509084627943,304.80189665027166
1834.574244415473,-2142.2629660388966,107.60747993796167,331.1317586609792
2551.0317409931863,-2905.922290587143,52.497417699888075,312.5829676310223
2476.1181129575375,-1276.4920182506557,16.809047359642584,319.7585564979873
1788.4137795949705,-2062.0881733608608,192.25786526468295,313.8328682812082
2931.053288049542,-1451.4431405223554,31.716704727489905,320.31957945432157
1745.0617056728474,-1212.1932311784626,192.13194254961388,300.92736794641985
2681.032609863488,-2741.5255693354266,241.8798054840691,330.38881655506106
2767.9271261195818,-1514.3898794747452,189.05608656800712,330.9441046611859
2454.0799691641023,-2937.513930807258,24.172493985897546,299.3395038755271
1204.841920020659,-1836.5779803285093,220.07990051243644,313.0565587481908
2382.828534187385,-1577.8475327309734,102.84485514101434,301.66517324163846
2400.6470848725157,-1422.9104469336073,-14.300001490803488,332.33669094294135
1012.9907596933294,-1617.4698123657336,27.32042854719925,329.0257795369473
2358.7773729482697,-1235.363273883182,159.40925489414974,295.20572207992996
2249.79323604228,-2007.2962185925803,66.95909806732841,302.52446460556837
1086.3391667698727,-1010.7068961139814,259.1521723668993,319.3465620762739
1597.6433771665386,-2728.4784592155725,240.6509913488085,320.4601510422816
1203.696677456432,-2509.228248432324,81.41340785195894,314.1584409233776
1750.663735060137,-2242.8208594179514,7.881288736794417,328.7359134743397
1821.3185516737117,-2832.3048843957117,149.90489865769325,326.1923013908624
2133.533461332592,-1565.0129037018025,113.07033340635667,328.1871894687116
1282.039697597318,-1893.3275201653935,28.30032514003532,306.0545220860928
2671.817811275054,-1899.8121154326973,236.60915668319325,323.326193625243
2717.737866321231,-1782.100637827728,35.28816195166618,320.25427087918274
1683.4849684909132,-1014.5455618810424,131.07800503012245,310.81692506570363
2504.49417896438,-1436.4926021612423,192.8891164903594,309.52776449461425
1589.409845742104,-2677.6264632918464,253.22886049497242,335.8523967802467
1111.900391580214,-1416.5793036193477,185.21763863385604,336.62850789359175
2056.1454647822,-1823.7141922062738,174.0373273782451,312.3993547312479
2416.885155411766,-1732.2814709522743,115.75367105913466,332.0714191099322
2321.677018708025,-2320.6980512399186,52.0320206242601,312.5176736843628
1934.9726765996206,-2379.498069723092,129.32542624595752,338.87400378289175
2860.2674542095488,-1562.1149006024946,6.570265568012395,299.35244901465177
2206.2452334191526,-1884.297860772125,5.358098319985,320.05002255754647
2460.295956541502,-2715.042542832979,218.0009158144877,301.216949224386
1633.7933290621295,-2903.559023677946,78.88749701875103,322.930255310588
2227.9888130651657,-2169.2408835370416,24.751488726942426,318.04158525888874
2343.3253977483373,-2521.8904273648122,12.528637834983837,316.442491200076
1173.976377755961,-2064.6371891704202,-12.533000233490004,322.9906722132764
1003.4314345108779,-1432.7808742768268,168.48682214334966,295.3640463777932
2206.051562872005,-1848.1463921049212,19.847139192227672,295.647182024134
1604.6734475347594,-1273.4212156858669,65.15021808621997,329.9015964242365
1395.0841881255265,-2201.6690459910774,124.1631543452223,314.46948052846426
2004.4472060272185,-2253.907026135916,26.4274178732109,310.1946343105781
1961.0233382291071,-1299.6598323989879,133.38402325452384,320.09958589354267
2606.792258576199,-2605.1024624409656,47.253292223077054,333.191899504659
1363.326687925909,-2348.6378712207797,191.32925352061378,307.3165686282293
1257.3577175789112,-2141.3637051096184,126.83843343453725,300.51663601666394
1315.9865486027497,-2310.4918495908087,217.3921427765706,338.4454538418235
2982.890778865323,-1703.7834093942395,154.2597749635563,317.16128013973474
1954.0770164723954,-2377.4098189449433,80.7964623471331,303.1313830359489
2250.3131274455122,-1946.2316902175723,251.73383963140964,316.3899029987868
1671.282044320691,-1813.7620432318154,244.0405382944358,336.88585525995063
1710.9415206932404,-2068.131309394818,60.42406096644933,312.53690249471043
2749.5346527877346,-1917.3886824891256,-12.72616513469183,298.3057781679486
2545.7226364472535,-1493.313765072997,56.243904853695824,337.546005207736
1668.9497216560044,-1904.8342544964378,45.40743276178795,330.18664335088
1727.611175514939,-1726.931684562364,-3.48244981526879,303.9248623645937
2771.0405112605026,-1365.6264845802802,119.81329208661933,309.082082889385
1607.4317866369333,-1668.4317861590978,145.60686524335176,314.8772442812213
2290.902034449289,-1444.367876701829,17.363021517458684,317.74675214313856
1254.5350935163165,-1543.0112291638968,56.63871081480261,308.37175010971345
2346.9036481321778,-2687.5477835162765,103.80768982057562,299.2799233148078
2101.1259461313493,-1080.354784491328,185.633670991258,339.7229118869684
2900.5102003737684,-2227.5243238708554,205.9865714032156,309.68807002394175
1908.4992677939917,-1051.6120569184627,116.46605438608157,319.4028482759803
2293.5643526105514,-1608.669061382214,27.861218038485426,298.75474973779444
2190.7457141759896,-1626.391547062669,236.19312376180608,311.00767665440867
2334.892916749216,-1348.3542585518126,54.753599718451596,304.07211152588786
2011.8288906149478,-1583.0478594252943,148.1246927532338,325.5027923514152
2514.2752187003616,-1794.9975181414818,69.29524012770635,326.21467784231805
2484.8576578940115,-2088.397864350225,204.41807190624655,339.1718152183314
2953.678011532961,-2626.0123079461755,4.6305793978227605,322.90755059211716
1337.2682332032937,-1468.931784485022,2.688163834999539,333.80940973388533
1191.0487951467207,-2686.0437456997115,30.193477165502117,338.6933243436415
1025.4497645686793,-1193.9492328673302,210.54701952656796,304.16960503115894
1294.140786057233,-1775.208912698205,186.74561076611576,337.01432769606686
1788.4211651188973,-1803.637971223169,194.49408825366532,306.5632884571972
2896.699324155844,-2547.7045390422063,2.181619535902634,325.7157219842503
2064.389093190716,-2094.934867010794,195.28242874132323,320.95611890615345
2669.779151966619,-2920.6629905329473,232.42572212122704,323.5434179146686
1620.8716486720446,-2549.1416022530416,47.873643086967405,317.73341294528035
2176.9538252649427,-1558.593976006757,162.55778813624605,333.2734781021974
1178.755361950475,-1501.005146955417,29.31230218043944,319.6584343886637
1672.7077420765215,-2099.235442482838,198.5890947188363,301.4921045217492
2107.1105517465385,-2836.1910087410974,213.08531418554682,328.89799173953276
2358.6906744756134,-2704.766560925539,189.7768079960761,301.72302219708536
1544.0307892691553,-2850.750295393574,233.50193863118517,318.9166495269729
2768.2858447128156,-2581.570956378477,151.28391671720158,295.7150332351756
2745.580776129623,-2127.313900844165,89.73997092376135,315.7963649638093
2254.0021090898763,-2509.8768317526738,35.541279943681005,339.14202755791155
1867.304236463564,-1010.9264218218327,169.75470714501532,321.6866506827886
1773.3154229778359,-1573.9250819213864,146.04882669378534,314.95685335883576
1396.6504551233984,-2749.707477427044,89.54477735042818,320.6387423899438
1605.7026793564478,-2507.288578308556,-13.37892103730525,299.256317765431
2128.2295935978436,-2952.9143047038738,163.8488629691137,327.7452240329004
2862.7517141340077,-2672.6273440281293,-7.353172945296694,332.3411907523261
1254.7630499322029,-2429.947195774161,106.79197838706673,313.8438505418107
2285.4387403384994,-1280.7835408748006,224.55714233869415,324.62691759322627
1150.3459260688317,-1301.5274954502838,86.62408638572482,304.5356635213156
1188.04333800026,-1635.6275874072523,219.28630982899134,322.32447462612527
1209.3569164328558,-2558.3331081726683,164.27839365594073,303.64178565245663
2979.7238777369357,-2165.7688181440644,238.71392302695875,334.21311113626473
2987.018584271137,-2116.9334234836533,80.9735343902468,306.99637330033005
1306.404125889463,-1757.869573715037,123.21208362934749,335.4784365540542
2026.2238092315142,-1367.4921587892727,16.74583730819845,295.62812993147736
2991.4578992511215,-2919.0875285185266,256.4220145779971,325.19550941993896
2333.6929960980087,-1842.303823012161,51.19157503015987,336.28008555546677
2446.8879321843933,-1969.423888395174,201.01030088548256,303.4277687091324
1525.0883019649605,-1960.9151901791474,139.89838012159058,339.48646463745973
1979.9988111356652,-2929.3436126982306,52.56045539901571,305.9153500658867
2913.276852368061,-1835.1848073668812,255.09658560223494,303.85175865059995
1902.665796506667,-2231.527296712285,143.4985060046908,335.7629069857391
1073.3994065620109,-1120.9488926037757,2.4389164597146795,311.25531475464317
1812.1170575071153,-2956.5070353682277,184.19566275115193,315.9143079060351
2145.7307364647995,-1106.9093765735754,216.5369505980889,308.7472720160965
2895.9618699904404,-1840.776277135212,170.37135407561266,329.0604099098962
2995.6647577739436,-1623.0504712372735,99.80976743047387,319.4664945215845
1383.284558525779,-2797.3648992116864,165.51618034896927,295.3149432378964
1638.2887828407788,-2614.264592880326,145.16723022430733,327.93723191713167
1622.6175893775687,-2728.7990679510444,0.31634497215199353,325.6679971654129
1227.9278558004628,-2111.6348072260794,153.80419254703352,334.5111602271418
2083.6580342458246,-1604.1384802577925,-14.415489972037005,308.48421125662355
1220.5621870572868,-1885.0196402138154,-3.721610872193285,323.707357079582
2033.7950486009315,-2756.229940787806,252.3442679916617,303.6069890360151
2624.3462543920577,-2413.0054420151073,116.59083898395636,303.4798931748678
1951.9436842163095,-2333.0948207093506,107.83675668068675,298.2065215145558
1855.694147377386,-2218.215445563323,99.76223416329384,331.85755385366457
1010.6769020167186,-1536.6539813915313,79.19270715503261,313.3929654102851
2794.52177942935,-1320.5369555333084,101.74413016371788,333.63789156996484
1407.3247056407852,-1689.3379446308495,244.49765636117752,308.1576713749801
2663.070963354785,-1659.965728854799,229.00394567626591,309.1311952491537
1724.2930073460348,-1552.4785340711508,26.941667065488808,334.6263266833716
1837.125366551279,-2313.0196851373057,137.14026696725568,315.1915643287836
2881.3902675789564,-1206.3307650404656,252.74633877097352,305.43232771955223
1705.6106261906853,-2083.3849098441256,169.96849610476693,333.1058526469284
2476.184217141535,-2253.831562342358,72.38802144988526,311.4984895027333
1876.5857871991075,-1600.377249099063,58.049409290310166,307.5109640470952
2714.054223354413,-1547.1464056309621,124.14360016866638,321.1527622377163
1424.5114576460935,-2399.6488494244536,142.51389732769283,296.4533842504624
2183.0914940095545,-2174.6305797670575,20.007499467896167,309.2344898230606
2282.1776671027183,-1198.4013510412788,95.02368406088375,330.03638012968736
2506.9243764945277,-1639.7558790096452,52.13569496061828,327.7492535146668
1985.9985381859256,-2861.541193921311,52.44919926013037,313.29121110114284
2939.304764429922,-2368.716161801833,139.53972449541098,318.75667136209483
1155.6849170979026,-1187.434775095367,62.19689425938191,320.2183852522411
2366.181168691893,-1973.8445496868776,51.16561504496016,309.4594717822434
2090.8602114192367,-2572.708035114193,195.84671598097216,304.02787903785173
2281.6041152905586,-1940.0186075935485,152.4978035059541,299.6864267548542
1893.5792652576756,-2541.43971994106,63.95779949208402,338.213691032844
1934.4993922787553,-2037.6050586719484,169.01232276118995,305.514292012619
2223.8344634006753,-2568.900434285253,75.7503213513115,310.9569778767848
2481.107938921222,-1533.2954674303776,130.67050272806037,305.2740602344736
2634.4854513840182,-2163.480406985983,252.40151409888875,325.5023185497315
1486.3925315705046,-1438.2165847888707,13.058774832284243,332.7781719134398
1985.8462105027486,-1447.098953639557,46.60037119386927,296.76226424836057
2024.930227763406,-1200.7337578687634,5.314906144757778,330.0778799699167
1756.4432925942115,-2662.9464246306443,242.08358999540417,319.1691775016274
2562.8449577449173,-1335.8172357809676,131.6427368422724,339.7752574636576
2785.9806576146475,-1730.9256078090111,53.06888727577923,321.3039363199563
2181.367985154543,-2880.8999925279263,66.05472159869986,324.1983204738082
2001.826241942605,-2379.6637683323,108.42171428189425,319.23998870969893
1063.8241609004954,-2012.5695812120389,182.67389356293262,306.5433155250181
1906.0206717800966,-1851.6790248678335,-14.150615720012958,327.5804602399337
1968.6409408864406,-2057.647025092749,209.3250742606386,331.206195233224
2144.696017340053,-1603.9595741147737,249.46443184409952,321.7511452647739
1834.2089598684881,-1082.4398936347916,154.81763804068436,333.62991832238333
1783.5014815046088,-1927.7509432081165,162.53322644584756,333.5285058914239
2475.9251859125798,-1997.5399873236313,93.33482035902817,302.36183027031666
1654.0500347610896,-2571.5280387370694,158.98459919939037,318.4382923517191
2967.594131976556,-2736.8648091005803,19.71706166462304,315.7311502349532
2339.0526768795953,-1319.366355345025,212.02247930518513,297.0844774800573
1125.7420068564704,-1047.0897114215275,72.13147439267361,331.4055241231854
2399.2033670832047,-2706.205019153386,218.44874895545928,318.14800055160663
1554.3370812028184,-1909.9012022929714,194.62162892055076,321.71674435508055
2483.55449597114,-1446.3371546104818,62.900216914306114,334.21025990434464
1512.1150328817207,-2764.481137870114,9.532014786736344,331.56988021587915
1163.4877260462015,-1975.3695465157205,209.88564396203464,312.2947189011635
2045.9162551125357,-2780.6702684415873,47.093677364262625,317.7918685992353
2534.7209892531273,-2375.1747077688024,169.94589445692188,314.6803955316159
2443.3652988736185,-2456.358985724398,213.38865240849515,332.728674660815
1490.168578016578,-1751.9224612124533,-2.6867194507775345,339.9040703666236
1021.9432931347234,-2691.3204474258787,169.68007958593162,333.21687244566937
2493.416247673632,-1483.013098121001,26.932851797047277,301.8231914819449
2514.636415945107,-2552.96594793643,238.63728900263573,322.76816448649186
2425.049105681984,-1875.0116453325265,256.00492438533416,297.26073130733465
1746.8988701986186,-1820.9624652941463,241.06195234719883,322.5068742199932
2342.1070355155593,-1829.0909048363483,124.14226804176036,295.1688954529856
1513.2696880454846,-1785.9225595173382,122.38707380155307,298.55403888025705
1429.6202376293634,-1118.0024589646237,108.27363007629103,317.22410372702166
2087.861601839691,-1276.984271296302,214.61184634295483,296.26525532811985
2673.7181514175904,-2845.145767809802,235.72785681380677,308.24100189053763
1566.6232983006903,-2387.356996475374,165.81167699039148,337.6650265030367
1363.1657438671964,-1531.829419553667,112.78098877398179,328.8436104527142
1251.8760586393526,-2266.581384140354,97.45555508563812,297.888191188226
1964.7229924638925,-2008.2633712723023,115.48301952575767,310.52013567982624
1739.9335608873805,-2181.4799215050098,123.93492250351963,315.57813160908427
1926.3375237784896,-2940.3457213424413,76.96638957842221,322.0527959274951
1937.1906570889603,-1439.9003772602603,240.3646641852496,296.3641401432375
1694.1822248603712,-1598.7727577521644,255.10789478558814,302.6419303059883
2960.3036569394076,-2739.6945642673495,66.14599068459194,321.9833289205617
1917.1920119806964,-1697.370002455264,157.26367045001743,335.02749884465635
2730.941350476316,-2027.7514964600987,90.5821546050224,296.5860703196354
2581.0654469177607,-2290.8658897846813,140.84245548883843,312.2511619689294
2257.0737150161217,-2037.04642337107,51.90725540146377,315.9428883959748
1579.1401538176901,-2646.0478076100626,163.75051925135824,337.36061778735893
2350.64181823973,-2136.36664193971,193.96232617106918,296.4061470143488
1997.8762796334754,-2488.5748533872975,167.0271857874739,304.65264920035764
2956.832339636912,-1930.7106162339344,162.08870079429568,332.47471255878986
2800.8166258802376,-1061.6418560338134,145.47043050974338,302.69725168188853
1587.6676430773762,-2089.758801329378,208.8258891803821,299.6921825809567
2373.5400086169047,-2183.612241384919,117.75628082623132,307.11843780974834
1233.3678561493348,-1117.399266229689,89.1005821845489,335.46252364943587
2614.6300781083437,-2832.9224836766607,158.8848390566766,314.85570330870326
1591.0343711522196,-2109.8037792986142,185.93530265993792,332.22774983056274
1107.6553551329625,-2747.0974236980655,200.82847869391406,329.40352425261904
2953.330740271862,-1185.860957370681,-9.525271276522302,315.4054060800695
1180.4402498828433,-1092.0358289986425,119.1099460462622,311.663496648156
2509.9762605458304,-1294.9779482579622,228.9775853733096,318.74368723380564
2672.5674394069774,-2730.268043064339,244.2299109351959,297.21656871071025
2354.657018804476,-1048.3892207397296,100.99681878408343,335.2817085772049
2220.327411604714,-1768.2739762716294,254.09555249462557,331.54648525778754
2313.71614630464,-2525.517000225526,46.40346005512883,338.71230476354356
2317.760778496947,-1248.9462997878409,116.281007735516,309.2837389105963
1293.3110292421024,-1658.118411029177,117.3394246651711,324.1065414171168
2284.9088111892743,-1038.9231565938057,128.47855903566867,313.4145236403693
1962.299983736219,-2506.9703910144513,9.723179526790265,334.25161595854155
1136.370989404015,-2695.6700731689607,244.42816938280168,335.4561703470151
1563.1059607186246,-1241.4889711812086,232.23020473178494,331.6171600892824
1603.8405179732986,-2010.3872829829684,-2.711104935292397,328.23175162163267
1281.177956443084,-2558.5087646868856,205.55515883214093,310.94175109315984
1243.6330594800627,-2294.722860865561,0.47096072496660923,329.61468018308517
2447.532741376548,-2236.2280876816303,200.06893031600512,312.2028806539523
1600.6176069595135,-1546.1382841226223,234.90332896706101,296.6956517018237
1945.7682892400876,-2445.0778415502173,230.7896274529389,310.94408369186345
1485.48788973789,-1138.7180773742284,15.92778304116791,336.440579504431
1373.1947451643555,-1223.6048963368462,91.77014585311376,321.3066929670506
2563.991803822621,-2139.490885741794,-9.534701821657851,330.9067517702134
2787.7546400170413,-2177.1952909897223,172.93965819280928,339.55559669739966
2445.7608434095796,-2565.436930241998,237.63016786559032,308.3652611677837
1115.3674672747422,-2002.1019602457163,254.22595446988504,304.3186325407025
2324.7365858229577,-2171.4551937761958,251.118329289021,313.6967330872651
2323.537519653979,-2410.117090691878,127.30375479773423,323.26075916942125
1165.609768175573,-1980.0675499599301,20.686054951851673,334.5390227475966
2716.0422862501227,-2123.765825087314,229.41926817117556,317.9384288209034
1472.8461048159306,-1169.762505229901,177.95374036590172,301.43050264077993
2055.619803034194,-2724.193906252561,54.5177269817426,336.8789515771695
2628.1175834405476,-1883.3114055006868,241.76696173326013,296.0021213699275
2593.4754961664016,-1776.989602546591,47.417888424233496,319.26053651223856
2243.53554861458,-2863.795965309767,187.4130380301655,319.3437140258871
2491.3479442288085,-2900.907305729509,85.37882575856662,325.75963535709997
1253.8804894853597,-1500.2441497219447,119.58590544978429,295.73397893917917
1514.676286926293,-2762.468938948258,226.67936253175543,309.4442418287688
2421.505325370121,-2663.170283610022,-0.594177452127779,303.45368925614935
2050.3132310065084,-1855.211732036817,192.0318059384038,319.5484460145648
2019.011903337655,-1046.4675815590426,142.2246626211075,336.04209908855864
2496.9555136017343,-2104.725671752804,11.160969440829675,322.820138836807
1897.466176858858,-1282.5482159241267,39.21213864851167,315.5344404614306
1903.5885987530885,-2990.7783773206147,36.02984623921112,303.5146877296841
1423.7596853926339,-1966.1880394039943,185.29469437493805,319.33871394590193
1159.3342119782258,-1199.164548663785,227.18872684129218,301.270486012855
1879.1183720400961,-1925.364822413845,258.3131812956016,296.93271933220154
2305.012576385996,-1101.4196938862813,158.74702391565916,339.60546446008703
1872.7630385466487,-2373.4080490854103,204.069911802202,298.48312073301645
1955.5254061160683,-1323.6250798800456,146.29289668145543,337.7605819152764
1047.8718072766765,-1530.50244851595,100.69842411661753,322.26961361487713
1866.7333833499542,-1321.1012840342223,213.94710466760148,302.18341527950594
2950.677890446491,-1118.6770738771593,186.5115689116195,331.43633961673436
1387.5592792745897,-1809.8851389894764,109.73529325948985,296.8820850130191
2874.9389639468272,-2968.760552340234,146.9822307301182,304.0976986692731
2359.1387422629714,-2183.109168197518,258.6770512290808,316.19680516975137
1060.9936554492626,-2294.2638311692895,46.28637820172883,321.6122356421376
1285.0599804737171,-2572.8694913149516,210.6270867435565,296.92726958404785
2844.7811040581682,-1266.084932607065,136.1577279981239,313.08051426510207
2352.692691871033,-2325.0681116948126,8.50796341692276,305.2041278768469
1082.2041663568089,-1035.4409483495026,57.23934366498871,324.4493143861453
1763.2293881976443,-2608.714284796375,12.850524727627686,304.82405493902974
1719.0195969475628,-1561.3895013554363,82.49924458093788,303.58765294257245
1379.5176445922111,-2788.0725607637805,242.35032759237845,319.38768309419606
1883.1736700576025,-2736.385968544985,53.0898748001178,316.3108399937476
1394.004080722074,-1333.1889798299437,208.53793373446973,327.1049402013932
2145.0181073758085,-2678.1748022197803,0.45735983863577623,332.24896657721746
1203.3790714796608,-1283.4897071281778,149.86492502094515,311.9573998696517
2821.128858897965,-1426.6787567101976,212.7983900814543,318.6168535775594
1334.9176868694324,-2412.942440699482,112.15015362392604,326.6996660294383
2574.9386050179687,-2792.678098811692,45.91061542112645,303.8295418820667
2418.5058833470703,-2249.7643428734204,67.84654410811142,299.994513918038
2584.1590650157877,-1675.2780079362337,225.14073955691063,311.0148199644672
2402.1536225721584,-1666.0966455388732,207.1095994348424,303.32794361006296
1975.592987587906,-1655.4263385030117,-2.5736184600414447,302.1247545245966
1722.3845715398488,-1110.0907123320674,130.18038983188214,313.4626764610334
2294.846538453464,-2395.3134912479495,246.51368033368203,309.0784467442715
1627.6239795407605,-1245.8146146939152,123.8156791132119,312.3507966450476
1134.1878720393613,-1398.2926274712438,163.5008192134415,312.8447878396651
2372.6482245353673,-2407.2279392472365,125.25577472094133,311.5894586405363
2509.044306581032,-2408.274896166042,95.16421464650264,299.5461421730584
2749.634199130912,-2792.667436207197,166.32841793983195,324.9345198474306
1108.6434238095285,-2570.3380818386318,112.11890815925773,307.6474120659549
1408.980671040559,-2483.988137661224,195.49913355369497,315.7839910132827
1909.6975804341464,-2929.8637854752888,233.32982798134174,334.984283829071
1951.2626288959632,-2343.02967531175,223.62236111910795,303.59272671887254
1664.455692405496,-2259.1843572017956,111.53840414813084,312.81432699089873
2517.4177123479803,-2941.5272025015815,259.4846152503506,325.09828125031606
2404.6535836168673,-1046.3720035379786,94.84443698922354,333.0653218753212
2234.6472355873057,-2217.7637410490206,96.66226876935904,295.16438963649654
1283.807574649983,-2513.1383616974663,187.80028689428542,324.3648851166316
2340.5440510520493,-1273.3747513098217,69.86548980394059,321.0461749188167
2095.673293768496,-2968.1733979873575,45.97375516711596,309.1601734096331
1469.555595177921,-2280.0572717609066,227.05080599514886,310.4427163247991
1670.6706609298365,-1457.9547994823024,110.56053300767796,318.837137144147
1961.5995885020484,-2872.45143330701,216.71908292062653,325.30945444130384
2673.471870799355,-1305.5318148563238,209.7397129061467,297.138763837972
1337.0266701129963,-2391.7170223918383,129.43838548842763,320.63798870932686
1215.691410949501,-1691.2273644504162,154.34587462433763,304.6204200421628
2365.1013561351265,-1141.0187676984172,51.08496818012941,312.14629235227363
1276.2325990016698,-1826.4952593301969,8.802960539844644,325.82541659651736
1435.228786145739,-2586.1899899981113,171.28051679779716,323.33825433874796
2901.999794285136,-2669.497205777954,51.06692581559237,330.1146261072302
1804.7057595228616,-2840.7765009934574,108.8013138661397,328.8949610582639
2306.289993831905,-1818.544682138165,196.2465933823797,327.9639965756719
1783.716529469494,-1425.1950853553576,46.79556902599094,316.1656468299136
2961.7622297576345,-2429.6773699026585,200.8340045761004,317.4048220906108
1857.20090748326,-2636.9000560518894,-5.818664655766032,335.3720536224002
1492.0667355207988,-2361.6228901211925,-1.5934705477976596,313.31209910291705
2315.6254249750355,-1242.9816170092802,64.30369236796857,312.61366977991713
2814.907310987065,-1368.5054303118127,154.78404213316358,310.2926948602066
2022.4008001421753,-2138.636726517232,48.22237909865119,332.60053504087625
2641.6509878207685,-2888.2845305776827,249.01081700197454,316.6445550094018
1015.1676116940608,-2662.1390327801137,144.77736693467952,329.37882069104165
2917.152238674362,-2601.7607474764104,65.64717106286678,316.23445966687945
2202.1500951958205,-2169.7366204587347,233.3157255642188,297.76806696205176
1361.3719907150492,-1190.4515132775346,221.05141971322982,307.03537555118015
1861.0305605439412,-2735.8993506503284,14.101964106703019,327.36304584335
2918.566866700894,-1165.0712783948998,208.4833834587162,306.9082833744376
2482.104700966851,-2725.7083296344827,218.8607001677294,307.6539899283364
2318.818492037036,-1342.322302370988,-14.584712280163162,310.9293798211621
1111.8740080576163,-1579.3754848872045,55.800057621031414,313.74651615720364
2201.7788303794478,-1005.7087773627766,193.72806517299458,301.30564455210924
2486.1023480433782,-1258.683406496289,222.69706937302078,335.9369433115042
2625.7214571064706,-2108.679457335318,103.96764135712155,326.2037235704058
2352.6927737629126,-1157.4492658819402,141.7986687065754,315.0814639507102
1763.3992894380483,-2559.61991409298,41.73940241931151,297.7745911325885
2115.0236910194753,-2647.6149705261287,156.89066495021964,337.8301671023979
2216.4407207074737,-1021.4393313821342,207.22509408181875,335.57741718278623
1288.063785763493,-2517.911121107211,196.81078355903688,299.01681402842223
1365.8065894005692,-1698.0518184675186,70.37159395011082,334.76386076513114
2458.9218078874183,-2762.906247572948,200.51417786043604,328.26773877778436
2142.875032200069,-1484.9221733205034,9.237688017399396,320.7681436493192
2126.8593525671495,-1125.938392274659,211.73480936987727,336.72130146897865
1574.343743228531,-2825.6644088024195,163.65228941145912,334.12483053997255
1489.0785010144316,-1690.2287269419335,115.9198671236166,329.0042722579679
1241.6143136455635,-2601.56817090706,83.88567426523211,307.10128462298576
2130.672938594546,-1227.9489721221764,84.22800363795471,315.7886270843185
2727.939455119892,-1150.5606513701005,51.64178940163133,317.3566841526788
2923.709076631635,-1619.0317624863212,210.96972804483897,318.40659532458227
1769.5584822255692,-1357.5168291208856,127.94734054886325,304.123215494176
1892.715302714072,-1935.1713108496263,62.95801473000185,297.93678251252464
1100.5226674929706,-1469.07037381861,99.38778188915744,326.0209038041609
2665.946517650182,-2985.6531142704507,193.36367398609707,307.8229541962324
2550.2121134224253,-1712.231807419664,90.17477729774204,329.0748108277996
1052.9662841421061,-1317.065068876195,56.731028288208805,312.05684457055537
2985.279985177014,-2380.9317228113673,25.476525023737473,309.5708077138788
2525.704428500049,-1453.9319006163937,64.47658479593959,327.57312716340965
1431.040446570166,-1620.0326112849093,240.1796108776837,304.0901829315015
1828.4650070187458,-1368.1374683469608,219.6817987434149,295.2562778272217
1554.6229438769878,-1043.1177276265962,-6.597999730232003,304.6923982150099
1642.2294221974869,-2257.5007204808544,185.18713563926792,339.6356858686631
2713.2559199456855,-1248.6668032429925,62.19351939616165,310.12730241773085
2126.6833106752947,-2467.2323436377606,100.05800348821978,330.74555010812156
1641.4287059680812,-2191.5683185881508,30.65011380118056,302.1345482769045
2929.6104149322073,-1550.565484757283,1.3304993272219185,306.2755504386456
2731.9990243974103,-2850.8920989658195,232.89013764819828,320.1533089084507
1743.2962282813776,-1851.7289094572582,233.46767973120512,322.74510669619417
2584.264529957466,-2759.1018288337223,27.428031029747196,309.8541862991711
2208.6850604174792,-1678.5107901655301,120.37043013094262,330.8286166343495
2591.1302658535596,-1141.0161805426408,126.68808045421349,303.6567559991192
1870.0470702860966,-2514.889566946495,122.69016121070086,296.9615841293679
2365.9948672688433,-2711.581145487112,140.95135995703492,317.72183468510326
1123.8246435017772,-1552.08303420405,228.49122512405341,299.0473331818189
2708.504102355311,-2136.0853847941253,259.95690565531453,338.75102704256835
1435.4911133364587,-2580.9109213215806,45.098493530596244,312.9202946925717
2247.1535919842554,-2060.121749468184,94.9699911007587,324.5379132022116
1826.1083796860703,-1613.2622020478445,46.188321670761866,332.4997701524307
1454.8003557469115,-2235.816821479998,248.57794256968617,314.44751584334693
1825.082227508699,-2198.5959056376955,95.37557592660168,317.7835279042737
1399.2341944742905,-2027.6919836207885,136.71248261541606,302.6713854729401
1939.6208464484512,-2508.611312634532,199.17155833500445,329.45852647509173
1030.9542218924005,-2233.0796848412274,227.23702273744212,313.71377235485994
1363.1757284226217,-2046.3360969790824,109.31157546787254,332.7928376468669
2169.067123322584,-2056.414576052478,248.79725195671142,333.0449429401724
2533.9911041054174,-1873.9958621760507,253.08641444901025,326.40434865632216
2913.948489935275,-2788.9711048724384,23.914268120791625,333.1627798632592
2369.9346957740036,-1809.7672849359203,-0.45857116136899556,330.31916331966517
1053.0304801409948,-2377.825813187226,135.64099435295833,327.29616573090834
2436.5843827323624,-1010.7769219717873,73.11643204967811,298.4209041342879
2735.5632765167675,-1380.2822639666292,130.61518070915832,317.64233144773704
2896.691237736666,-2572.6680706472803,233.19360916356223,306.1102589926281
2498.3804924038095,-1786.2142894334092,98.06770570255077,332.0794073588316
1271.5795189553671,-2318.206584058883,251.9181982655959,321.7489622721045
2154.092130438925,-1012.8817455735018,175.20975516840292,302.53561492959795
1638.7572136098693,-2364.6941101485463,257.17152879849294,303.02779015280817
1641.4719855131348,-1043.2936206760949,89.27075362603932,314.0299931763627
2187.3882083219733,-1732.9900670981297,139.22945050169,311.76073407653786
2143.0813063924616,-1197.6832896110634,233.4137788880613,321.3185926542578
1235.2591524494976,-1029.6553035046811,122.0973020368643,299.8521314988854
2557.764264409048,-2455.757073519225,17.438294657036195,336.80963699857057
1295.1535060317428,-1391.4518367817552,67.89454633975762,300.5763895764837
2710.011613318725,-1263.2959237913085,183.47268812757073,312.9211588404806
1993.1735981579918,-1426.8238095373101,130.8244863140365,311.85436926362297
2193.125064728261,-1509.4408538253576,171.3938528720428,309.91399870463016
1680.9303220506035,-2780.6848517031326,86.71075674745393,332.542474457002
1541.3640023415303,-1630.8752043825455,109.96110278471453,334.5581917684489
2197.1516397304867,-1805.5032018441702,13.969983895615709,339.9179431417186
2901.513745998297,-1482.0278628163178,57.04067030395845,339.5127040484988
2414.557754135854,-2459.325689092878,113.01159921402967,326.3451909877982
1882.9855287126306,-2593.222508101783,79.46984378178242,323.20844573918305
2211.614226101001,-2277.4788273743497,136.13618121028594,338.9786669310653
1755.0464691789844,-2943.124565205373,67.43048518291012,312.09802387480556
2492.659939356352,-1051.2808501800228,109.16291102385588,298.67267003127284
1313.7661319963017,-1993.352174510525,7.3596232745220505,328.1462777913101
1056.25002791267,-2063.644373976188,198.42789572537146,334.1093370051008
1609.1927980962441,-1645.8353706604728,-11.434330226375756,325.7680204268069
2181.9854744960758,-1754.9584784597143,121.65292303317003,338.16537793624224
1821.8428219119423,-2776.5524314291088,92.70078281870232,305.6262086473108
2609.3350370064563,-1249.0898337202193,255.03742795722894,319.89830636707177
2079.6870564884302,-1758.4270851966203,179.44646041879284,338.48895863734583
2802.3802644971497,-1111.087906105414,28.676185991121656,338.0151504697786
2697.076006372895,-1785.4925414659233,214.40209881212365,324.2620878720107
2211.937385512935,-2129.4677746408097,198.73146970119265,316.2151242929276
2192.745467226399,-1894.3099646161368,101.02255687765363,333.10740837075
1717.1771477169748,-1216.734056807658,121.07744932721633,305.7454154418465
1250.1634324688005,-2568.996462164153,161.7480835999674,328.80315363256705
2363.778690753912,-2194.23067287963,163.42569571280725,327.94564687936605
1681.47811154203,-1749.0063525822966,224.90749619578614,317.5866398951338
1556.3677635016825,-2964.543501254887,52.00436663212122,329.2524805927051
1407.2860596156943,-1872.1410905877506,173.4208057701935,311.5324718425203
2670.7236409827924,-2087.7741924804586,-14.153898241790884,295.9939344555842
1018.6009310203457,-1574.8358929536582,13.104602239028978,321.5004455657971
2572.3301208675975,-1984.940349117997,110.88568473810744,300.4143929713245
2227.6167601846123,-2598.9217931525686,4.51104952356993,331.51379900816085
1513.4554109248024,-2774.524596340746,111.22129174854942,323.37216258010284
1566.711650762725,-2462.602741479289,143.21521314852075,302.88399442635523
1414.8213341832823,-2164.2827080334173,44.20206669940873,298.05880961870616
1876.1156931213743,-2971.9970982773343,230.34030210641376,317.94681631299386
2452.565149497166,-2224.6319571609306,251.81079368969853,308.32206488829337
2473.1066011342973,-1826.1616180857193,58.14851508341367,310.8423091593659
1730.0000021188052,-2919.263200851371,171.03775720463378,307.1308857698958
2482.6678955595476,-2566.56217751454,151.8978283159577,322.5153333078454
1500.8791266359613,-1120.9727700608453,35.58828306793425,303.1680621158131
1115.1493980479534,-1184.6195817164314,159.44411410669966,300.46546710037194
1609.8347475080818,-1659.4507966337728,49.297670767839236,336.66862442266876
1725.7370316365555,-2937.961657575523,53.525852455914915,332.82536784762783
2370.0217271920087,-2370.404868315849,226.75714968131928,328.4079950929326
2075.844619790717,-2168.440453024497,86.57604148610113,332.03488967412045
2352.690638538891,-2177.1465276050303,130.99667131699084,304.20094302349645
1258.3388263886527,-2257.96738312374,98.65473715611436,297.4330547597084
1152.0079095555222,-1216.7140185896894,206.11343652766536,320.19279398321174
2391.335178046538,-2921.2401161891157,237.66221070867437,310.4710751869744
1628.801662057731,-1445.3423627703764,60.86636657217352,334.442367173723
2525.4304190626144,-2101.2918613779157,137.92707595125333,317.9122378139411
1335.4673536366754,-1301.2498459971678,95.0472544705142,307.2090092721537
2967.249195968331,-2418.8357816316447,93.54167677462083,324.95137291357
1355.341529754341,-2597.4005918050693,164.17471143156118,331.94208313212846
2301.962841368487,-1507.965772967756,103.57952284910985,308.68545563293844
2940.431451483553,-1594.820862417605,54.556250347351025,312.58634507214293
1154.265353047823,-2456.5669123090743,47.87555626433194,318.60293905447463
2667.889803140123,-1844.4368195662346,102.64997043862921,330.18178194537046
1498.9471342948405,-1385.289628753526,180.31986744188495,323.19575274029415
2786.233032752023,-1710.129832414751,146.10277490659894,328.7042653862815
2227.1512897223056,-1101.2702095598243,84.25554760057027,319.09297130343015
2625.7236213647147,-1156.7242171534665,69.16656187363904,333.9567499867354
2688.36964126672,-1670.7725557209642,243.64538740687374,302.4610614928223
2499.112004894133,-1309.616029187005,159.57465633404865,315.32572013837057
2167.9992230510925,-2186.375102497291,-4.567734319068975,324.6143199003457
1604.3244797184702,-2976.054703978039,123.6545994579015,303.0776940412352
1452.748436458784,-2850.2201562989767,94.09800637254357,328.3431465345513
1552.759876372061,-1662.5687769142062,96.57467458414494,327.7750756205732
1441.4747670050292,-2087.9046638825444,116.19937432257314,314.12523822789495
2185.488907547426,-1022.8212295598848,23.675802320979983,326.8202539564719
2972.6229242156824,-1273.8928124527765,165.6658850651909,306.7410876744939
2695.9612578501783,-2776.900215451613,4.405108060429935,334.12332655449575
1241.3513948572781,-2941.0143230339654,181.03167225380525,319.9547951489164
2857.7000275626624,-1831.7410951216045,124.3301146577549,312.22345499399154
2140.217681411509,-1113.735546412635,101.91636613468475,304.02951238842144
1550.3017313966852,-1438.782139818294,142.1609376497851,323.17694483081135
2232.815382326425,-2966.9358701600204,37.63925254154643,335.6134601222089
1547.8681382388322,-1714.869149449255,222.02283523243955,311.19009827403784
1439.6687741192866,-2521.815012838966,118.06698446536751,297.5352338820545
1019.9516575993534,-2910.02511075265,257.78367730785055,322.19680443835324
1354.24308814906,-1808.9398283833732,238.66645928651081,320.1903527487247
2654.8171968689894,-2405.6078648560433,-13.484794468365081,339.4831202083945
2197.963349774409,-2071.4309360179727,37.00526372440735,332.3891165554659
1669.5028340173312,-2274.575898894937,139.2037145567733,334.21087049626635
2600.5489109208324,-2398.5989569089984,62.3090205650458,312.94107658872446
1591.3368780689796,-1197.3308498145982,141.55196080047315,309.6238951259819
1926.034627308184,-2334.1853573113362,104.2588487325808,315.45716052581247
2912.875481549894,-2698.3915169686834,-1.6421967042994936,332.8260973809525
1983.2462486002746,-1896.5742357485879,-7.418646583656478,312.0995131553613
1716.2798563318222,-1106.8921509962388,62.44214326917496,306.3976295077538
2274.5631956731636,-1228.89671998669,31.078255364830518,310.3783219195846
2853.25755838267,-1824.2976940851543,98.96394077475288,332.00961867298713
1818.295952327645,-2666.4387798238026,228.79184318593198,332.21197029096106
1970.4697548363872,-2244.600886123492,220.95607799585724,312.3156478464785
2504.464756158718,-1832.344998522188,123.43829528376779,314.83113036254286
1188.3824452958079,-1938.683436919592,33.255319786726545,330.0805652886173
2428.407962587392,-1698.0622395966986,167.31831940327933,319.78093765793415
1081.519273166117,-1360.9203261638152,38.93201463799167,322.7489189358556
2466.3975590927457,-2697.3273650589804,156.3978750500384,311.0501934158399
1685.0062076469658,-2674.1653663067514,66.92714609120321,316.1649190239633
2993.681849763496,-2589.720249336815,59.18053602751469,328.0471822037533
2176.7149332585514,-1110.637458641674,165.74144906177398,313.2267509938893
2698.578516045516,-1974.4303782341688,4.136341133355099,332.02377058837294
2831.7554366446293,-2348.5809056101857,172.51043978054878,333.26745795539097
2183.861590309141,-1520.1844431090112,100.40812384429044,321.97218094040255
1916.1053716095837,-2897.497668103707,119.08612630569439,317.00406852449265
2946.5813191549896,-2230.369977580404,155.73132415321248,330.30580852526595
2005.8332149097223,-1097.9164114263688,105.38911145928702,314.9016121430983
2563.65944989121,-2171.7266462198827,140.00128689424346,331.30313058548086
2011.3272495137905,-1073.7819823406548,220.1493640831797,297.67750055686747
1344.938933519053,-2974.398650622513,242.37108726911225,303.7489152538629
2789.5009062872105,-2507.3853115675743,169.1203796096202,296.21310932537426
1409.9356212032474,-2018.2478062663547,204.2385347414611,324.20897084265414
1614.0398294920997,-1365.9035628162296,160.2057371384168,317.98237244540366
2332.4544657165106,-2810.905060641874,30.72967750033787,315.4570202707211
1914.7532875154643,-2250.5071338482476,135.71248113553105,299.0903396296145
1441.9768563591322,-1568.1857134595828,250.5621690303454,327.83532134232735
2619.3976852351216,-2426.109481044044,42.020562441662705,305.348050848426
1482.138594691697,-2983.270234063689,33.432209322881675,325.1652449244245
1600.7425170276642,-2438.0840217848727,182.91382385898805,316.07494058513436
1178.236224588694,-2863.2146207819956,47.96041437124754,307.82883989642073
2089.094868581771,-2231.7148740997827,139.42372680725495,318.3021054134789
2822.758929447198,-1571.6918010586535,73.14781056185238,308.0419633563533
1369.0390063032505,-2401.2936819065844,68.06965532801097,311.7901066244564
1597.4992712701048,-1936.0717299964783,89.2796483879315,338.04742192637275
1994.9406363841786,-1435.6025511984453,0.4563751653887227,307.21294954639615
2368.985259528335,-1162.5187759973498,230.10396607211834,305.54867945035454
1630.431545021686,-1487.9740634085595,258.2731800911388,339.9090613392733
2488.4691635573895,-1830.2196226793426,188.715382925694,337.48080113330053
2150.926090324847,-2618.5897947119997,44.933518014106824,297.01754900409617
2464.686944793526,-1482.5345010365893,147.73255684420363,323.2991319910091
2944.3971629247817,-2052.3213843091467,176.32649099146963,313.20978528990037
1506.5123241873944,-2387.2417763939693,212.72470753713594,312.5552375729611
1165.6132222455515,-1492.0032543109483,256.537064156678,299.00167174633555
1433.1565054665512,-1301.3894667507404,48.09849571596498,331.27886659183974
1788.127477123856,-1556.546338316144,15.705778537362445,328.1612360500137
1049.1935757870606,-2679.207205573414,171.64801190434116,324.61795712680066
2883.677211651643,-1783.578383003045,70.94823168132147,330.6098586542957
1524.594844630029,-2040.6165052157967,126.702623814047,296.868963353298
1553.1526267518996,-2777.3737244502067,182.76425752901295,307.7057947568361
1162.7422957895296,-2058.7348074395545,72.21513875784846,331.3745937574606
2414.510323852315,-2947.6330912094577,234.13059944666688,324.75404814146185
1602.7255159825984,-2830.3787889674595,183.8461752827518,331.43732652836997
1081.7286047387836,-1701.7097846985043,121.04604444565868,308.02250318325235
2811.7222609144765,-2965.052597638304,175.92695714710385,302.7017818097558
2558.600074808217,-1056.3317935318576,138.14205457276768,312.3642783704279
2489.0716229603163,-1359.2184895726282,249.27792868837713,311.73854868983096
1686.230175799963,-1038.5583234857606,211.05483044425665,310.8506603317196
2325.036749128215,-1296.8033482875956,221.48786634129527,298.5388565267462
2848.0901996506873,-2155.7712125521784,83.23896482633299,326.214715910099
1351.685851566116,-1690.6001294294335,182.3620635185103,306.4317437019451
1346.5051590396668,-1370.1549331035576,259.56685178627447,336.44846476435623
1080.647383216211,-1148.4879118833105,3.9401815019542425,322.0599731141864
2949.9020606276736,-2667.9168723474736,108.46704071443784,334.1635905977046
1041.960893497771,-1731.9886120058388,177.86192277665666,332.1589998503338
1248.5855997878427,-2207.024226817683,250.098199372983,300.611445773837
2950.683158265392,-2888.9279261113275,150.6521809395623,299.1421629140893
1386.915774035453,-1537.967593481253,54.2004220909167,309.63905033628885
2762.960457612181,-2466.2423119239184,25.823256662195348,300.63343207967336
2281.132273602282,-1508.8079680741635,84.51585624105586,334.1211042557545
2283.7528777156945,-1857.1910110914637,135.99219959300606,302.55763845685743
1262.4776054731105,-2993.2314037541737,35.925049858037546,303.1544697291158
2492.5190203757384,-2011.7973376210796,205.8537001716751,310.19598087696517
2218.970781835063,-2864.0265476743816,-3.491402713916159,338.5867982141253
1936.8766254704976,-1183.9636432872262,57.66397158193675,298.8030851577087
2672.759206095085,-2492.806883906331,-9.356531968432645,295.6566881879086
1494.3537890374191,-2700.835620348603,149.05457432006693,336.58214561123515
1076.2658119587102,-1015.8993054356201,-1.3572116798710656,337.09022314803025
1826.415650987041,-2897.973057021194,248.2707982316308,320.0693736694678
2952.3779101827045,-1493.6663744722523,123.00964935909073,295.6771318042449
2449.768737701822,-2930.0309811327165,249.39855582317728,297.43817596529817
2933.5217600230953,-1355.4700011449067,214.31777720787616,320.2634693542514
1446.3371825733552,-1314.8753224777304,34.55513767605662,329.18447636279353
2287.2909841439487,-1225.0594255817928,90.60053174673801,309.5972686265299
1421.437704544879,-1439.3294921695542,206.2107237778256,301.87056921524686
1508.1217957796675,-1410.066809848061,91.62398016485838,335.5713132217013
2484.518400571775,-2117.726866594061,223.15363309375684,328.6647275622032
2233.308517173332,-1934.1708302323782,84.7305139281773,331.83865007060126
1604.4562568998836,-1935.119634859338,107.40680200894323,314.9778337730397
2405.4445651520264,-2161.615004436174,192.82620213348835,328.5904807566863
2242.5886750049895,-1447.461219623152,238.89475259865094,316.4863119769628
1027.3122922428925,-1012.0621440150617,178.94252690849854,333.07814398232017
1216.3695341746832,-2091.0173039823967,182.90935367647197,335.13898946429305
1360.8374324207812,-1919.5852316750581,-13.248364513370376,338.6088307208847
2356.8078824088525,-1671.2207241875608,209.87712126604072,335.96255091429333
2224.3986651501336,-1150.3359714861201,62.97978428785895,321.47338504551834
2576.380068102767,-2033.100582691668,166.98857692110562,302.5076459147562
1933.391769615545,-2222.3317174642493,46.935823971204776,309.75715836439656
2577.018969787756,-2874.5649126489066,208.0296382075162,300.40341062687247
1880.959966138168,-2229.7125783262118,104.75416567399672,338.13262852922907
2404.5762738498734,-2393.8454968141887,29.75710387903544,301.8110406656458
1888.4822209485765,-2157.7485075907616,240.354779263228,297.4102212060313
1593.7730561044928,-2194.3624741101276,130.27535546388572,319.24677036264063
1679.3650547499165,-1566.3549869140245,-12.992539545169185,326.5023018957278
1791.6052495988256,-1312.8239831318804,233.73288017407327,331.1293235657913
2574.137472417293,-1837.5246469387669,99.89957391666692,301.3737781556268
2169.2389205692707,-1664.6293522037658,33.966322453575295,326.56143737581647
2710.003906834535,-2520.495632495594,196.1196540284038,318.59225197360945
1793.1286084118215,-2296.9525482369627,63.32439876547399,314.47981148938135
1059.872026904058,-1527.8742160400543,78.7238636188013,319.7489387537761
2434.0973835893437,-2147.240908158697,235.9462439863179,338.537298735931
1277.8151507299772,-2516.7789184501235,162.3287763637977,299.6640990776762
2595.224379245454,-1735.5583906805443,214.8263372962185,297.6361239674285
2026.7655358099728,-2192.2086326616823,127.07679490905781,297.9906307353621
1963.2041485539262,-1885.725477852299,219.45727171620612,311.7742176279234
2628.130680067146,-1610.1545085205064,189.41523404933253,312.31816446641517
2972.790433684236,-2025.711369544769,14.243840866479477,336.8860547358783
2285.9158229783116,-2428.132373348372,14.164864580275637,319.9756019735594
2305.051499470569,-1153.8502014936578,225.60297204341018,320.2971999298245
1675.6938937706495,-1707.430147465054,143.6507640587671,333.5136212674798
2518.9054998391766,-1134.52785910992,176.59498057621195,332.9832423193623
2448.8909969645097,-2223.7342934274443,229.7432412503001,320.38699944483824
2719.6613111289116,-1645.7314464390297,172.1203512871802,301.5882986403608
1174.3716142276373,-2038.3397977004993,109.52626415128225,333.09196909324334
1870.0911367389076,-1393.39760986478,27.973500614803648,295.8698010214805
1032.0807531788332,-1007.0631207239758,-10.89751542922323,318.43613098632875
1848.1121322013294,-1194.559233178402,225.89758779616588,335.3770657852721
2778.286883787766,-1197.1075089966391,120.41965634235243,311.8491009921535
2563.7010794951366,-1089.6608566315492,251.43825510663208,338.68970710078094
2652.9221400083247,-2453.0321359751306,77.00991156824364,300.05623908972274
2384.966323398603,-1513.904890373302,242.8151105657331,332.38065158440287
2844.818866946389,-1649.5432450982578,243.59434068177274,302.17877302265026
2169.077899052908,-1163.3153978560722,249.53476245096482,338.16021792061184
1885.8572146882204,-2157.111071806269,132.23086306971314,313.87954341567917
2035.8159563007935,-2726.289435436427,-14.049507263478384,329.3262396050193
1639.3759307075038,-1386.990958269171,185.04030086262338,324.04071199244976
2926.659893146233,-2819.296433855998,38.36223450970973,298.8325161795989
1017.8674670243726,-1150.9122064581052,162.10556789910154,309.95353230328567
1401.9667773392207,-1491.4688755026662,142.6799343421795,323.5613089806779
2216.4445668088965,-2514.246696770344,115.15026853590211,315.97967571485583
1707.0105233934403,-1206.1370188944022,124.00701593344294,334.0384669226651
1053.2955011011288,-1624.2800066110012,100.43084882616323,316.67357380816577
2430.346906531622,-2254.474810463971,76.22804608144347,327.0908866140703
1757.8937169942378,-2583.8595626483443,209.46001448778884,337.26547335042835
1361.115890258626,-1599.1015103983239,5.106245970780943,313.56975504559864
2863.270439696964,-2718.701383893465,-7.132976015350268,309.6490503046814
2996.646637143833,-1473.777836972839,200.64486480149677,334.0485131016568
2152.977841573344,-1503.0366754258928,134.25373684171686,339.4879399600671
1652.802095682539,-1635.8780978092527,78.70457383572202,297.0122394205429
2787.424567157601,-2057.7534667668638,193.70937599828534,297.027039709755
2987.7690993145843,-2533.801985711936,125.72141040298573,304.2597337980792
2667.7766884640396,-2382.133638287767,1.484969419016803,303.2439753408223
1667.199532872496,-1839.3645531395036,116.63135396125793,321.95494330953295
2901.3922727563213,-2215.76640362508,167.0877245475271,313.92873667429063
2814.4165446666084,-2262.945882990506,86.276120438497,301.5638046770692
1947.8350349563452,-1126.6246241391577,154.3108395649451,329.787305681302
2914.6606730267904,-2333.112269667663,152.44190754942818,300.6948588575734
2492.8032966061164,-2502.443099411408,104.1245620380004,334.0834389285203
1249.7431894898634,-2720.388974150644,130.91005715716017,323.00986005781084
1740.9196980647428,-2885.4864401282352,164.79409573060414,317.1720551599707
1812.6251577725718,-1435.1911778117965,63.565455478201685,322.72337830741424
1603.5546241865336,-2137.4525387686726,225.50319177164096,322.386002480406
2539.506672871967,-1077.0072353537862,163.44837409799322,296.8424584186594
2611.8404189359744,-2849.866799351923,249.65351075264823,335.8094100046235
2095.814076013667,-1759.0898793039057,236.72142133795015,316.4691989482453
2494.663977123958,-2660.4123610844345,2.393038673577223,295.3232379967128
1625.7947034636002,-2651.394241350509,223.0231404755773,326.9690337371701
2493.7483767864505,-2431.3731347775533,220.82983498451495,318.30392560416277
1223.236821088245,-1694.3353803266657,227.0008407150726,301.9610378072142
2697.952441643881,-1978.7305577955185,217.62150651483694,298.9279538976773
1848.730825163048,-1776.17269406908,89.25303067422482,324.0001444285681
1191.9819129354858,-1415.1340563730844,154.6102767554914,317.9529925925571
2719.074561987054,-1065.3831036105648,31.231028449842626,322.9205979915929
1314.0980906943469,-1144.955384187378,71.97087747704732,301.6282659133593
1376.9054883604026,-2679.8032081706933,229.54475529366948,323.167358472393
2640.7489583565853,-2589.871481830387,-2.8181541569369113,338.43305445604
2912.674693595897,-1456.7635235851312,211.4862997849687,309.75656112353334
2318.4779848871544,-1342.5848002982164,44.50719422196065,338.17487532351413
2178.5181474262045,-1255.9435792269987,101.51313981254101,325.8345337222339
2754.68194110252,-1891.3300177563797,196.4304957650851,339.9651066806195
1258.8818389176886,-1886.2075222228302,53.637164623102464,327.78145573286724
2296.8905593650015,-1765.7113211777696,177.53524479692396,321.1145841731293
2268.8109960509873,-1009.2767913922901,103.0061056793961,330.3509764576524
2450.638359155907,-2880.289352197232,85.91400541746016,325.2014668378414
1992.7418839596296,-2269.576140680698,211.85703275584913,334.1017985722996
1498.943604549609,-1223.7293226492975,235.03221402587283,330.9055244413162
2242.898432686288,-1443.3356033982218,33.0066429048429,327.5960818519135
1439.0158454079688,-2849.6657745946804,231.77141319687541,318.231739500024
1140.453380730911,-2126.1305796469933,69.81648000219784,334.279669149191
2933.5443843927796,-2988.4416823696984,25.27409403181443,310.09820037001
2183.548704154252,-2952.720043454454,92.10592341036167,299.9577451219898
2016.6094332291477,-2885.3661880137734,255.27667769570849,296.1486790096921
1981.4473041256201,-2302.978858981559,172.60900882950844,318.83292569325846
2300.6365174883276,-1502.285769641574,110.99810284869898,327.6502266899809
1597.8156980817707,-2642.573106078678,198.64380473014896,300.909698784396
1360.0031682891054,-2809.531475601895,178.56745135716253,303.07228564261965
1069.3587299354244,-2132.3293725283515,136.417867687589,303.46915567098097
2299.6124250290854,-2471.9053059687435,201.36159305978845,304.9016939764606
1130.8709595064433,-2903.6256506079576,130.84726567054528,296.2932553676769
2708.1044715059825,-1171.566876426723,187.11311624417928,296.09150206806646
1531.0569548716555,-1871.176336253504,76.74810387987904,302.6923602840049
2540.786316689253,-2693.009470490324,161.99839014864395,315.9173625037608
2125.2853018093338,-2513.7232548169427,72.09986366542725,326.14124754390474
2283.8067266943963,-2046.2138165978395,46.63892996151101,329.66053961454594
2991.4213302026083,-2691.0021545104305,211.54400845828783,314.8942308049403
2515.7134460215384,-1936.3429320111684,149.08112667373172,308.4426068669324
2067.469916150366,-1818.9279762610872,54.94953613834818,319.14942275560617
1490.3162113435162,-1803.1310271284979,118.38743667749645,310.39889312812977
2632.0603188235714,-2803.5302725152987,250.24620610145053,315.71366505932525
1358.84715237653,-1132.7427064651833,187.8269803857573,308.5302868892881
1918.3617446480862,-1562.2459991289275,112.24832588892426,310.815757887707
1537.7464691773216,-1968.1420036949594,67.99406147581242,322.00790415526285
2569.448115381927,-2360.520348838314,172.5574883027657,332.6250898970195
2465.4785476320167,-2551.820820703276,152.6278994415938,315.0733873571496
2784.871270373738,-1100.6240265815447,87.64363752704561,311.1106699790022
2562.6320196106535,-2466.024185863286,159.23202720580002,331.26892857679593
2679.6032344010664,-2605.097013756356,245.78172292702976,304.39515351952423
2638.083451441723,-1769.8128847894372,67.53098355169179,299.4950642643508
1132.0942880408902,-2504.7584218971456,247.191793870372,327.95506458025017
1020.38815558457,-1354.9071557335023,43.19362363168558,298.4854488565529
1963.740857114888,-1750.28377802404,215.81893953740376,324.7948721237548
2432.376974473119,-2516.270092399067,229.83699894880706,326.12143309774035
1919.3736204843763,-2934.6460499774403,142.5312172047464,301.232240830589
2309.9229705686603,-2433.725198298639,197.19718417790526,316.977258474278
2671.8922610044365,-2805.2580121169813,191.32675096808833,333.3117695653656
1073.6349890517813,-1884.0233822964115,213.10104873930067,295.3653161706262
1866.390818710822,-2791.1365204475046,190.03680895411267,332.37119756335886
2446.922324466225,-1632.301569368725,95.22217311838257,324.69699351269594
1060.5067276401228,-2736.1631357116275,235.8356343437607,334.9202104861678
1596.0487430076084,-2955.5073929677114,-2.2518213532321276,329.0906013684321
1363.7951831879216,-1474.8445571082248,119.56457694174594,339.556637033693
1798.6303753669936,-1589.1928921438373,52.28408063724912,339.75831629232175
1495.1863365871354,-1834.4928412598401,40.8225095431051,315.7398092521044
1770.822347540518,-2868.3805080321545,52.52842936923925,336.8596989995319
2757.7998794734312,-1255.879244546615,223.24211167708245,338.62282705585227
1676.801125033033,-2212.523973372032,31.197044056005204,327.6390507223899
2224.0057938160153,-2168.8668668491,114.3509798558253,315.2899311205664
1429.7890705715517,-1788.7594358836861,257.1085107150538,326.78398386586616
2428.849282584343,-1739.4443035718214,33.43874133628451,313.0235273915067
2117.6672281228794,-1862.479677015372,99.74845081419518,332.2796768868204
2643.9394493318705,-2827.4173702973335,29.81898974593326,332.80626652398985
1459.8485164026342,-1150.216669146648,219.1710571604627,298.6246607603664
1970.2746240582064,-2959.8592575794705,99.04100782459781,312.42052587746
2847.8516353200334,-1393.193253939657,95.56248291177185,310.7678839873548
1548.8113615338445,-1129.149290853891,253.19404969222796,298.91999053711675
1174.929115728834,-1220.1359009804405,92.70994724657986,331.07404540418514
2340.898723897904,-2814.061087096049,14.067378040034377,310.03212442911564
2165.5520721239336,-2568.0180556132173,163.00388257820694,313.44451076403624
1463.2312676748106,-2616.026853649051,25.886885860180037,297.93766416510357
1801.238910046784,-1989.4864854331768,-3.0535362455040573,297.68683626002127
1252.1081899549804,-2602.192096956307,140.46587842489367,320.47680408413936
2125.2651668089857,-2195.184178967468,85.80527379013017,299.99917574373615
1767.7356086980938,-1852.4935841021806,69.90676079218288,327.2652594879606
2286.3441139645524,-2307.356936957275,24.62516626096049,322.72804906215225
2935.002693228585,-1913.1669377054366,166.88389701377545,304.34408662188235
1882.587325903456,-2108.475597702266,163.1467430831533,312.82807969762473
2228.7694501626574,-1262.462440396999,55.91875737977918,304.69700898444023
2071.7816289910725,-1835.6661561282754,248.98794873762859,321.07310718818354
2845.874492987697,-2505.0386135554722,7.781733682913057,300.0373825188121
1770.4786588056345,-2012.6252988078106,226.52023130350932,296.1508395068075
2628.407121534199,-2936.445874134464,51.14794188548035,317.91167777233267
1473.8333517351184,-1750.4326387280366,259.55751718497174,319.8042583336991
2488.948000186182,-2670.8080353207474,68.77491601905973,317.29015571870684
2700.149768598052,-1925.3631139736408,249.5909069457217,297.29265097927606
1990.8579551126536,-2062.399565910218,256.32010366801626,328.55201481302345
2685.369056573083,-1827.5918408378714,71.40327461473906,322.4929569786241
2182.5098898550327,-2288.9690111107025,202.69236187987008,322.9142263365528
1979.6034124052342,-2999.0597302920505,253.41263019676234,319.0102614384188
1836.9750355585675,-1680.8053155135792,138.78943320453095,329.11767529405495
2283.5469827123497,-2976.4173913306036,35.30867280060744,314.08183222762983
1580.0856955779623,-1150.013937401187,15.783928082139763,300.0551532260279
2544.621950525875,-1129.701133381658,120.20009048132661,328.0924724527938
1695.6031787215964,-2538.666238777119,180.9664041816443,309.81163289396403
1034.4904481564283,-1207.0226491319265,28.258424303691932,339.0700828042978
1891.6739897229397,-2750.4242557031107,192.1101259346474,312.96956833730434
1074.201377661805,-1241.2090258366507,192.7028398474024,336.5625309887072
2922.716416750788,-2770.290266333641,174.6169303418672,338.85648335969915
2389.485101041151,-2658.317142798418,102.26266039418444,310.44198661794064
2439.929308801358,-2087.730151250968,75.17944346137185,297.20225595091466
1349.6866006090993,-1368.8399950318787,24.30697000913903,335.17155091444704
2073.7135025200487,-1133.6712448206438,206.56211423631478,302.99989871167514
2839.031691345759,-2512.2338560430453,6.121089986527593,320.98294592934957
1236.7679254247432,-2565.0598901502626,252.5241651249612,316.5225846997619
2343.5023904035415,-1203.1503769643775,192.13446736028968,312.60618751478125
1080.5037262953106,-1251.546191366869,101.59013970638577,316.014330432066
1162.6776417440435,-1467.659959613185,83.16308651907451,299.3774275491959
2334.128050755975,-1387.1413917109928,161.04051055151217,302.4222770473702
2645.199306228873,-2269.7540494556274,70.26817531151546,302.26521022721846
1633.6333103205886,-2155.0555197956905,194.4819226671098,300.1984771666835
2785.7021046039413,-1839.6225868210033,-4.652113921243764,308.52379367620034
2035.7142348650152,-2615.0032929158115,133.5351654696021,335.21078989124845
1458.2156632933797,-2127.4071661535436,186.9452850065944,315.8371943985652
2714.4594090250753,-2823.0293387544493,205.20736394359156,328.7078346295454
1938.9378803350157,-2030.9886297099015,208.20962806392745,308.52550843216267
1047.5580174235902,-2949.5320750831397,32.686526180121355,310.81991804813975
2217.4293465455507,-1363.9949699535011,259.82662105387067,304.00868825822806
2013.5141297341052,-2321.9914976106575,230.11048405167062,311.16087499018454
1770.8266147887111,-1055.164828979013,171.07441869957654,308.26673773757716
1695.9149427254142,-1067.9205023597547,140.43443687454433,315.91825353371524
1757.398277255028,-1275.9080608453794,116.32474599292905,301.73225293086364
1427.7064552797988,-2270.189195139161,121.36185516743163,336.6228778691021
2640.7967495467087,-2265.7636271239285,74.34188598452364,336.87532798838487
2768.2314068097735,-1029.2730636286499,-9.255557267190001,329.023242242788
2914.32516366619,-1940.6797390823042,70.30741883214665,306.4788111415459
1269.2239329948375,-2181.66735082196,141.70378502758356,336.6259418922582
1347.7917165199044,-2302.2489372163864,198.5824835478723,323.71289658274475
2212.23406366785,-2198.0579430701605,211.64415461907194,298.124463403576
1003.4584132393059,-2743.239604330397,27.53769035793684,328.177046938343
1013.2750503838087,-2568.75667590837,175.03833875055437,306.39116633687996
2208.447641471448,-1679.110184632937,22.80730059129788,295.76339010953274
2193.495478989086,-1378.0383790037652,151.92403962390713,318.47641261169787
2610.606442776064,-1248.6094340094012,226.4142639659913,328.52706606425335
2627.0569392420257,-1634.6651703461534,107.69015855524052,301.8538940887456
1176.4668157494718,-1615.7813227777347,188.268497290597,304.05241718662245
1021.2852536071799,-2325.2998463895,132.50808507826082,326.1411398076221
2344.89248292216,-1783.6844466663617,258.6648098376313,337.4501011141092
1654.6722419715366,-2135.7888955397984,252.977314956736,302.91975902712306
2458.1768556896204,-1414.4899042272236,33.56600191414464,317.5877251355347
1781.8306502396717,-1637.0158740279685,35.58152100327679,309.18109585227086
1920.9782859492655,-2640.604896416732,134.04825324130238,316.00954079766905
2936.3797609872063,-2012.6310541037133,196.96390537120914,303.2580438612152
2836.0701473583513,-1526.1937233823178,34.8787937843622,333.6147263711254
1550.5912806886085,-1670.9132469895167,73.49292959271857,335.2859035036651
1062.8529408965583,-1412.2298514281285,91.5070646981738,336.14384802382716
1436.1077173238996,-2990.093869567635,8.743128675659246,310.66672117753905
2820.5214873364457,-2890.3157503897346,169.31552661224708,310.3632334228741
1939.8460454149072,-1614.7082222980086,144.69988169515418,310.2463729661237
1977.76789614671,-1760.1326010557539,202.0611302668582,325.7912041925094
2626.441013417933,-2993.655166650047,48.751492823401534,319.44045109043566
2310.800312638199,-1518.7016659214978,-10.56574827449674,300.2348756126461
2263.014225712139,-2731.35987858018,22.935468537384594,300.32179251575684
2094.788578586928,-1501.2490481236362,45.44405540200751,299.9525128970932
1892.6819351671318,-2896.7470449125467,63.38481802933396,337.4793235680773
2853.218158309319,-2580.080030757486,198.21100162385366,333.0522353095097
2781.7915743554727,-1380.5232243556782,232.50579352629032,303.7250967595258
2886.465901659796,-1434.3500376072916,157.13487592128826,300.74022672962786
2999.9560856298995,-1688.0813336569795,-13.489800560676935,306.32995853289793
1717.3031063156661,-1833.7897357331644,218.24663512428353,324.7847871223408
2894.022780973613,-2820.2482334911947,4.740860132110029,318.20878133399987
2998.5056685871386,-2830.939351115693,156.75072146253356,328.3372543134034
2931.105541330181,-2845.4429854007003,-0.9153422985505237,331.41992701809374
1845.2443210447445,-1602.689916949245,187.0629467883046,320.3637063409448
2347.734335766872,-1238.3144898866806,66.56581510307069,328.2924738989939
1214.348482583598,-1047.9292732659903,230.93481431231555,295.93234120403514
2570.4918949557677,-1749.365523169157,-10.33350039891059,336.51933824538435
1382.3207566668589,-2873.9854094501284,91.80179595370157,309.1766760866192
1149.2322909668453,-2023.951864250336,-10.764249063448814,295.6732599321475
2372.687955714713,-2636.9331312569548,2.453085353650252,305.77614571069125
2677.2500733920706,-2514.6325450631907,209.49035455918374,295.7222880106393
2350.4530771725126,-2784.830354134966,179.29986279983103,313.77330466748475
2736.0764487128063,-2622.726340769792,-11.324129792012148,304.7892008506504
1346.921454846067,-2176.1976143725497,230.84086079139607,327.53974447654184
2408.7056493878663,-1439.12119742936,259.6825228377638,325.7230904968619
2081.8431266133775,-2179.040310123997,144.55729141181044,336.05758608196015
2864.0301038502575,-1767.5987550574578,111.32370263903454,302.7949402372192
2940.9863347318083,-1605.8979523253481,13.729441372386493,331.00227305555643
1909.5563118317455,-1211.4829686403218,48.33704656291407,308.61563258885326
2895.1361227529133,-1370.713456804878,57.57349995734599,333.57130312114356
2896.331250852245,-1047.2749507514536,4.45380137339728,333.32279325369683
1144.1456738999773,-2394.200961616385,99.62412371101114,296.0736347869961
1223.0445452977901,-2488.020067226596,216.4106809636152,295.16570120644286
2861.944704006825,-1176.187946966936,-2.7145528724280137,312.7849060727686
1743.3912055193032,-2202.1416508990374,86.44009564735947,304.42693266008615
2270.7762784676497,-2134.801082104038,238.21744026600874,298.02961330961557
1021.625619442037,-1593.9023320835379,207.54748137613188,324.78606085058584
1768.5446975921518,-1535.8788497522382,235.0297153106672,301.6248822952215
2123.706925510821,-2490.0037921652956,143.64565241150908,339.3537646479691
1272.5018476166754,-1300.6670743334778,-0.5924688750516527,324.83426253088624
2107.694861944259,-1760.8356720891861,176.04552299108357,302.5543454678963
2500.209355082948,-1943.141183669769,15.258334250453554,311.24771316870743
1778.4776920360516,-1091.827791232629,143.6933546479298,337.149801936932
2538.9149836138063,-2504.4054312270982,215.5986444126729,317.3130016732398
1535.7036650922482,-2081.4612451203693,-14.1593737242909,325.8498942682706
2157.034836159569,-2897.8923503500773,33.67725687896335,335.2556225136282
1112.5539748910387,-2431.603564270284,59.20101169868602,320.2621153630155
1403.1780117654557,-1361.8873868783787,16.7731092142752,313.33012506299065
1752.0259944565291,-1724.896997526722,76.28270544936828,321.99551028245526
1367.191928345632,-2656.5059432283147,226.4039977864746,329.91615479957414
1170.0181934831708,-1729.1432274989909,150.60323710389542,339.51137980861074
1356.524073234555,-1497.4224418384076,65.98345104329344,314.6239121404748
1006.985321402978,-2339.292975311167,163.29132618959042,331.1089704771381
2664.2208993040194,-2801.3989299678983,50.97012206084817,308.45452533667856
1359.2422459010374,-1182.0871393310892,71.11724528635943,334.972240401623
2013.9047393090266,-2399.697189692317,121.60928470098315,295.2003733139899
2748.8105653406146,-2170.9046879663074,149.15491799463635,338.1253829356296
1118.9785441780643,-2866.9194089476478,134.54321468779273,298.80374277695785
1722.8598699740046,-2352.3906390364864,32.31775305706343,308.0374700554299
2087.5143188028314,-2283.267880378541,72.44917481775514,331.76922093943404
2106.9240661530084,-2887.5062214210575,27.903814886043982,307.0816745480669
2290.0476222200573,-2964.156250140832,98.23685384409109,310.13347107129135
2710.2945552903434,-2795.1071022203164,235.70522604421444,310.5717309536567
1480.0723140984537,-2712.948192838951,227.44444841722597,305.7376704708609
1805.427465293867,-2223.5578517732765,103.06016481272412,336.5822451272681
2735.4289461504877,-2155.6510883300716,26.409033109475196,297.931049525441
2611.7299795889476,-1367.7255901611275,114.8077980550953,332.4797490427176
2177.0337621801227,-2020.237839351566,8.884215138363533,327.8564590454244
2765.6692191483307,-1447.4037058513882,238.95755368048268,308.4240567641502
1324.9819854912716,-2556.9172955486356,49.6322597661425,335.9271922718531
1809.303420263127,-1686.3197646699339,108.36807385470416,318.65576105963726
1319.845610112141,-1135.160919827673,180.06943887543162,334.3261873097071
1531.5569394026106,-2418.4717223940693,107.15864072134978,313.6250185300338
1602.7131266879014,-1577.9026584235878,-7.798400907688682,308.3543140775316
2513.568191464273,-2785.048932034849,185.5115526446988,298.4471361015187
1240.7373021425537,-2674.5189368229057,252.51772159089228,321.45211629322284
1651.7201159956492,-2242.3399347811114,136.36701913226148,300.3547716700661
1392.9672302079916,-1877.3268716014513,195.8937152522529,325.1957644527748
1636.439590529401,-2714.8122590356184,95.15902854858535,312.948625769958
1146.002957054103,-1468.9023144324958,116.05081135597416,309.407425711446
2643.3334149774687,-1421.4041341377367,96.60485647091188,327.31579935007096
2302.925175684438,-1932.1187108956965,205.06494552057893,315.1664713849682
1751.5617216063577,-2086.0886688071387,125.68022488403435,322.15230621715233
2078.3662476688855,-1920.5627114938147,190.83405841698163,296.66934035491016
1413.6891754476403,-1898.4279816868413,197.02559424923615,335.4778419275495
2507.057055680264,-1953.316068791267,-6.635081937783221,331.9658182509137
2982.9008171110686,-2775.4916992504973,203.72962243293898,295.98075910784956
1954.608063864799,-1553.7586456845295,80.41465080810956,320.1983805382185
2760.9025977899173,-1548.5180177911961,212.58354463418726,318.52490752895153
2217.940509813005,-1434.4992185746128,143.4155493764371,310.85066438760987
1698.0769194181835,-1276.1819721569098,50.00642397191011,305.1149432944858
1682.330119809567,-2035.770161007456,148.54725471149746,337.29415703560664
2197.763527191868,-1593.593558950582,159.29563269513096,311.63840770505914
1106.3947577728813,-2866.022196378935,245.16102936230328,303.754577832031
2299.7785943367007,-2001.7731613554183,-2.797659053671673,307.4271397993946
2828.3229079848006,-1370.2597404748199,159.87375449207633,324.29782570579437
2590.38678296299,-2152.3394463172444,31.099139526055694,300.6822108207643
1471.8579418465897,-1933.6420998640726,214.71555051574433,307.1503975640942
1775.7764617288474,-2592.445549935384,79.38171119047932,326.30347440809953
1182.9824760539807,-1659.6680932834024,247.5061278104679,313.97601045251355
2528.6485487985065,-1285.7054153716308,204.52856855299905,313.7549855403771
1077.4251441577017,-1115.7468924384957,22.293350337530804,338.5532994774743
2460.073220604438,-2288.2120732960348,238.94705919168666,299.710233722707
2433.049238269956,-2446.211792434774,259.3736511046484,334.98493233325917
2656.3681560365058,-1787.9794344003885,62.45274994828047,323.91186707600633
1600.9277005676813,-2611.114687503299,19.295027963780562,321.30383387235725
2426.893544537287,-1151.8368662707312,147.971224793747,312.12809045481123
1875.8148181153792,-1869.6735859150506,227.2936533631808,327.4767676759601
1574.6744650964351,-2733.003661553101,186.34205941789787,327.2419191715564
1576.122381256219,-2736.179670321907,200.9522191137154,310.28490007232955
2622.051938965332,-1970.7633875449549,259.9928280530529,315.41221455120126
2695.3485599582464,-2978.834507806828,180.1745282765335,315.8390459235411
1067.9317571211332,-1166.77228973369,107.73900378291404,332.95770903737196
2395.9986841376067,-2286.23968585652,47.4546773334858,304.2705657027786
1049.2257693470624,-2390.2597390692927,148.8280421231327,329.08260694916186
1410.4809618028667,-2689.058394829331,19.04335273264342,312.39616157471073
1589.5225555452034,-2375.4349354819706,186.87032738755755,318.3972713344387
1376.576773870556,-1011.5923047440742,66.16196598131413,306.9435429794313
2719.0519659162032,-2836.69659878712,120.42688038458991,322.2119072589475
2872.2825208998534,-1782.5765850750427,111.5307781706042,305.8847246631918
1943.494690462868,-2216.600564817674,150.57385553040143,331.9091761126436
1661.5328873603883,-2466.828093327169,17.648946543517255,310.86363457631205
2911.5488048465313,-1847.5709745448812,109.63503137584274,299.21092170138513
1817.0668606370045,-2617.913967091999,61.413188897253605,329.23492857485456
1269.5546290076438,-1895.0604755557765,229.17246388836983,321.781860709704
1702.9611799450245,-2857.392323538168,-7.347257582232137,316.6165496848266
1730.6847313597277,-1596.713020087958,226.5492369254382,331.23402031322746
2228.5501231111566,-1449.0760972155483,106.34881606039636,298.83221180535935
2048.730506511615,-2396.717636800412,142.71777989481754,328.034975697936
1357.9392049012763,-2269.966350908382,13.33213771139227,324.15348067323737
2166.6386955989387,-1236.9215358222368,62.39901321638098,296.16853900140404
2274.6660972754735,-1609.6163459902937,96.33188152549484,297.71117178861715
2808.13383950855,-1149.7595287591578,174.80508881116586,298.83819831362746
2559.2295277768226,-1657.3625998673506,194.33082628469353,335.5264458254672
2414.9712482217446,-2253.8495505871915,53.08082608154943,334.94727453394665
2812.383210496504,-2848.015688287684,253.40678395875494,306.1463326226693
2539.5378007578947,-1712.3340660560714,-3.257865022812357,314.8542739931487
2393.9775911612905,-1847.548736405405,44.33498315866167,314.52559033652267
1104.72861173306,-2758.7495577402287,83.71387368559972,317.3404856253991
2292.388291306679,-1193.7477231290395,220.26760835138512,335.7934231438305
2208.9428070776685,-2761.3448571959752,239.39815891080121,305.77844242104266
1766.0476357585362,-2826.3938185691827,-14.673072110895358,328.2286271270948
1351.1266257011935,-1210.654866487844,82.49981924886302,335.43436751637
1319.0331511754562,-2406.2943137146226,147.98566209737092,319.3475250728894
1505.4334313589975,-1227.4196987070002,4.686601368172052,312.29679103383097
1993.0414740386204,-2341.153358589232,198.46949047819302,301.01036246936974
1410.9555716488949,-1331.4726249248129,167.6768922734649,302.67635665349206
1832.4878484512624,-1657.5241918196657,-2.1857370124854487,317.0364532562374
2855.3683173016652,-1777.28423242024,7.286704566034075,321.68917088971443
2129.1363241150207,-2937.267337368734,172.10945098614215,337.86288443063535
1261.79826107062,-1330.3553097175586,144.09997864933473,297.9408929303822
2801.6319426844284,-1977.3775835254046,144.38446889730696,301.5689823895184
2761.269853990229,-1168.94218357789,86.28922808714727,332.8381618019805
1846.5006407520846,-1893.4930593677548,250.53906128629956,335.2081485017239
2659.9210604496457,-2775.956344868287,59.93860793818847,305.60971760391044
1191.087636598114,-2507.8542251641957,57.47656217094158,312.9687462859292
1391.9664799403167,-2085.9594794459254,93.12254188211651,324.54200497834904
1931.6635407718943,-2611.483254315769,177.8285281460936,297.4535234253542
2316.1106155533944,-2724.1286051529737,221.00848188028468,315.9707040870033
1566.5984544376004,-2693.5657544840656,238.01896792064323,316.1085336235754
2420.4531309697613,-1463.2769797823141,57.98224236986471,309.7839540541223
2157.289717389942,-1420.7730174267494,129.4514752429034,305.93470138829304
1099.011019010673,-1549.5719403619491,193.8294726286514,326.2692259927738
1523.2283568804864,-1137.331272412675,210.2980364670275,325.90262171018367
1922.6299892583206,-2658.152989222506,193.5551629764258,315.44662602748645
2760.9910142247854,-2663.173134026287,12.359908342376027,332.53741312927485
1327.3698315428778,-1161.3884543249844,176.45606520548571,300.28058367535806
1771.5661061646733,-1742.0235843428034,16.472810365604268,323.50673581036733
2771.468535491213,-2151.0224809051556,151.0458547817927,329.9404467593898
1487.049474203846,-2592.139553378182,238.45639695221328,319.257488768284
2274.3190958902596,-1183.810428545805,81.92706738523886,309.7016304809113
2132.3805267134044,-1682.393385902999,208.92067775673323,301.0227956255309
1436.408415086848,-2785.8739156796723,177.4623509283265,335.58113152729976
1459.4459759401175,-1157.548781693848,78.82785594841178,305.9455338757027
2533.8814134266845,-1730.6298725949325,87.84887228585629,304.2857327740339
1420.07118260083,-2861.507582971555,159.82906356376492,305.24971679450795
2399.563386301923,-1220.9629839831962,57.83856666504673,298.2803270858054
1468.4944411981446,-1596.0828017009865,37.622323362767226,325.64024602491804
2934.240820371875,-1793.7193805221034,156.6622413780801,310.2824336973167
1444.7666337218473,-2964.1441028572913,221.58155397964336,311.7352355005126
1915.9584737962448,-2099.873213668792,22.1425266715409,298.54182720166835
1265.1026222486657,-2753.3058951527946,103.27556725942942,299.3244304635743
1474.5372726433234,-2438.709216002217,37.576114855280196,327.57635108868004
1875.6291927417415,-2753.506547835226,36.61347383659747,300.55925948391007
1956.5367011209937,-1368.2067374860978,191.68924836149966,311.6297822927242
2052.952416714151,-1459.5591319475052,173.20265645185978,305.1378730469521
1807.8992723640145,-1148.8890332304697,247.7611432613524,317.4016746660343
1494.8291032887178,-2365.72189809674,229.48920192080155,338.2837713910001
2849.988938194082,-1011.3897586119672,123.99108843525852,328.02300916767575
2424.415020141334,-2000.1885471309906,163.79768195402156,325.35631226107455
2604.3829000778414,-1389.0826250301184,15.465507222722131,315.1241376056873
1708.7931850854857,-2683.2945335351956,241.04167632429716,308.288324552735
2111.400893947208,-2194.3093751832134,253.27466818633872,296.0796068911946
2248.775052108532,-1401.5205876158307,-7.312668102944528,314.42742929798186
2995.5876902116597,-2592.875410868836,177.50896525883414,295.99026275586925
2161.902198720133,-2431.0182841220912,86.82026890361705,302.56916964529165
2491.604355370368,-1166.8613047064412,76.20894891217392,331.5206149321534
1548.5756411502505,-2521.263944472041,39.59698999048473,306.00741171087435
2151.7574148983267,-2627.9463921698452,47.80151738730502,334.67771927267347
2460.5888207825365,-1815.3894233253995,-13.42676055602112,325.34061488344656
2007.3886266157963,-1883.1415093924475,27.05051327870315,303.21914307116896
2619.1209178215436,-1277.7685372590608,105.28555290543653,312.37359645366246
1869.1833227331008,-1330.8769997721408,49.2812433583767,339.68761593416565
2412.4921523928124,-2241.5978677363555,166.19809341510916,311.39826490805524
1978.30955789862,-1634.88818565229,132.70500265031953,318.83446182632173
2979.4394383119266,-1673.4538364102336,231.64309300210917,305.0706052259652
1142.8029266764574,-1311.5955674072986,89.60595235995083,320.1644664407759
2861.0449514296815,-2694.2235301457868,5.566417198288995,300.22730886873
2912.261508059916,-1156.105319482427,121.74844971042415,323.8968604121813
1777.0256734112427,-2093.0005518913936,164.62989670848796,310.98120254739115
1045.236503132742,-1604.456283024342,148.37138789842373,320.3777703167783
1450.128508021819,-2756.9322912716652,110.32076976336442,298.2162827374683
1665.6301807050936,-1588.1325703790926,18.36944055573577,303.96089276537646
2044.81261177196,-1051.324985478202,118.62019981261537,325.1417691802093
2248.309953776741,-2678.3584219442937,103.7034966796029,336.69159871565495
1962.6059027893489,-1719.9644564276816,27.038269501037732,298.2292772605863
1473.5409377888427,-2013.8401428676293,-4.340998292594184,312.5575658161235
1522.6703633148713,-2094.559042358732,133.64422947348555,325.4704111558652
2254.743188500224,-1159.501486498996,237.40557622957752,306.0589653645164
2571.7104716609174,-1139.527127191131,246.18181768621423,336.6866588986722
1498.309783477273,-1200.7973911164045,217.7961665086216,301.73364051528256
2052.758411977382,-2417.726891573613,117.20015032060061,337.97625901332674
2727.221379151212,-2571.381962675239,-1.4689581030707952,310.76617387100663
1664.5609967993355,-1553.6867178557047,157.78270900263402,296.7696587882395
2272.5742759347095,-2266.7388700161055,-9.607342462090287,329.0464009785111
1828.210390173759,-2175.5962073390024,199.13805205754048,308.63670045479716
2310.382764035169,-1234.7647574353196,200.12923974698015,296.1210855361593
1200.314544443782,-1163.6786651476186,35.0054446882138,339.03689236005937
1711.1518067414606,-1088.165987246349,220.28950176266014,315.2306668654244
1560.8703329553355,-2178.1565677764224,245.22502608009273,300.62098582527295
2278.6196319316578,-1637.8260843426353,47.768024189548974,299.38458416272914
2868.6164897345907,-1372.4167392148067,240.89538358527318,311.8432882105657
2241.8984738137924,-2347.730299948824,220.70504213594862,324.94682156320107
1693.3373905201815,-1831.823759027152,92.49699464143694,338.1019270255703
2344.766793284828,-2443.8002606334694,3.960243951593103,328.61143557976726
2820.0967197923783,-1885.4340320912515,110.612144104312,316.2357560484567
2609.485806490032,-1223.703886718752,63.804991912096796,317.526420210661
1687.1267594436365,-1397.055139539369,255.83226421025006,302.6003383933005
2894.2865116967077,-2829.4071363935,128.1222842992101,301.892094745806
1403.9883475513632,-1278.319008603273,205.32813551036205,320.0235031102304
2822.0837680300165,-2127.2703789121188,175.20019506505105,303.8176330342701
1064.750002879093,-1515.6319763721128,123.16865689771149,301.6070776331068
2107.720000727748,-2057.5654150335595,31.118175101531243,299.48454284491373
2306.1269508019877,-1824.5720752453562,232.3806898327927,301.8903055126724
2218.443271826393,-2711.104017463188,256.57991497593446,309.91281609501493
1729.9637733936568,-2076.0077175569163,0.6576062442245423,308.03750230682135
2232.11057117684,-2192.320171789448,95.25903252238861,330.1345661710871
2500.7121952250113,-1369.5086388173706,228.9128123014745,319.5912486507617
1487.647468061702,-1050.6237015965116,60.26427489174095,309.12665579479955
1555.3623856187714,-1311.0654426655783,149.12394029159472,305.4048439734353
1549.2015469559938,-2984.1875287315056,126.99672467481986,326.6165570595207
2179.965561678181,-2190.97916459462,80.42924797205256,331.43539899482636
2196.3761155523325,-2127.4322278794198,99.00423550083052,324.70654372295905
2127.591372448731,-2875.9899430686546,225.03667099234423,333.10884909921145
1141.9786610775022,-1468.1635876887508,123.09708594868627,334.50665414751415
2709.3021107029344,-2172.2644903912487,94.96725974334421,317.8683981889938
2370.335284672147,-2705.7750396938277,11.930459005020442,337.49165068727615
1284.9284485873893,-2584.0703892982924,187.17201293428403,327.1415916815114
2057.7690457265253,-2363.5798189356915,128.9202484011094,304.79300548009263
1465.5184617309758,-1448.5537479670916,62.14973044374965,314.4570480223047
1279.8823521294416,-1180.396597388752,55.48821751670843,326.5498502700035
2212.8083462434142,-1008.7946617620605,144.92654659834102,321.27366210417574
2899.5825466780875,-1588.2215760386498,36.75699751212627,299.08726651099073
1112.1155229092035,-1805.0502641079256,145.4913910993011,334.10126071886816
1879.887124220466,-1366.19439866377,104.7324189451131,310.3914069517115
1388.3014562698559,-2299.972193211,191.12833658913044,331.46776300987614
1426.7193945524486,-1193.4551745751548,161.8131172219278,321.58538734320797
1652.845854102231,-1038.105549413886,250.06517543086488,322.76412019233567
2023.742130277049,-2251.7639322792647,252.8801568744803,330.90224414629773
2358.084501479896,-2089.9523885024973,124.55310399518976,327.00559771583215
1723.5417443839333,-1227.144383530489,233.709893514797,326.54288879779745
1567.3060605809642,-2179.8226190123787,115.98475987734517,299.74149807926665
1710.1849738541991,-2195.879379236662,173.82906076590265,324.1498000289936
1352.618966772634,-1977.7058714313891,231.71140085052724,319.87590253332536
2568.9818163579475,-1287.84516603238,8.883119398283121,331.0902026505817
1967.5043859159694,-2620.617448927691,-3.070663323715042,324.16497090369353
1865.5336233485086,-2861.9709876046018,25.573427216131904,304.3011708511547
2897.463923112579,-2833.2541271188397,122.6652597322184,316.0874470217233
2958.8970702400293,-2583.0178561065695,54.92160192503624,339.9095352956973
2928.8544746270454,-1258.8740116131914,-8.06423664589105,318.7222191704246
1031.9982201218115,-2946.4381416524507,251.03176394522092,303.73490844910776
1891.8343738948242,-1539.5276224938486,169.62054640958058,318.0009923318925
2688.3275189968,-1678.5017847320964,157.37355365094078,326.35204046675597
1517.3430856156688,-2573.6735399844074,187.02655390959208,310.61182311279777
1288.0154562992836,-1640.571005511807,191.48840094089564,296.2042012087644
1652.9387551108146,-1887.265507968122,213.9688170368765,333.2132900906783
1915.6608626280108,-1646.0064740919065,189.17113625171646,303.76881768419304
1872.416040333248,-1276.6979621347614,82.31893900930076,297.7933423752037
2764.5137702366446,-2113.3743856725887,85.60405523115205,311.63003845049434
2504.5628077811816,-1081.2054723690367,139.27962806408712,319.68365748660983
2623.521772427951,-2058.8550861261533,202.8529972717052,299.94276150458217
2704.7932072497924,-2244.0888546781443,8.179395401595883,303.6559424803456
1138.5218404750226,-2653.876633379695,200.06434732489208,301.6251298712703
1783.441073576114,-1142.6837427034216,234.30667881451478,329.43373801835634
2838.7612717243937,-1888.3928823396484,-0.1916737220713145,337.54073258456623
1897.2561667802806,-2292.9972173807473,220.1917262135518,300.8703274263616
2276.651386572178,-1209.8269845397328,112.30897364724473,317.309530290485
1345.6737078114866,-2698.652359343081,180.4792032599469,332.68510012968704
2854.3205208441946,-2827.9889211096784,185.7725849988103,322.1501554581528
1795.494649568544,-1024.5855197065582,-0.8848102502345192,311.1653723263998
2223.435950394449,-2274.206439179699,141.17821676020563,316.9419015550435
1174.0193209264426,-1503.2629935062264,49.87958876634349,334.48441731502464
1222.555694378536,-2601.5870531381897,161.39078221887974,300.69222264602536
2042.9311569911629,-2386.9347494137664,61.146550678671304,322.3643235592493
2036.1069745457519,-2581.6126416084035,167.11458351411048,305.9709802171854
1530.0400606291457,-2551.068883362334,21.448464270793963,320.2790937305951
1421.7361087494805,-2647.292908781503,225.03948047686927,307.5458879515322
2333.1854180693877,-2048.265096297709,79.52908305974171,330.44221729084927
1213.40622509303,-1263.0379944904755,254.09131150545272,312.085434386855
1210.3419047912448,-1269.19828618489,103.65337111800196,307.44466335417343
1975.3620927877532,-2104.1300629501943,136.85649109700722,296.8321781695566
1964.067655656362,-2932.601329819174,-4.834786821583613,327.11937342257113
2906.2776116677587,-2839.663888393338,-14.950262115030112,337.81765127291385
1086.3436084957505,-1333.510380926481,175.4137687648421,303.08719115159613
2513.8218141906777,-1689.585385360965,192.50316328827554,309.7807994279754
1299.8737173280838,-1882.801124698503,112.8287894283265,317.4431017531053
1870.9802705019388,-1730.01879133303,166.16253439309665,316.8053101603383
1181.1174934631765,-2718.7480556443106,203.6902388743859,339.8581186735697
2027.330376399413,-2569.1284778683626,4.561721470893605,317.48499398645674
2077.8163325718306,-1612.755305492794,177.8779345417532,327.2525767158153
1142.4998705761723,-1201.2714524107553,145.08678386384523,328.428034273663
2104.9888571467964,-2626.8834317722285,180.98584261607888,332.8357365713083
1740.3795822222396,-2053.4491114504103,97.14482230930022,306.93840480037386
1218.2554854465989,-1526.6568818296087,-7.826936723479775,331.97138594828493
2124.450923479914,-2969.025506062231,128.18292185926842,318.19254447429194
2947.723492540801,-2338.514555527744,188.1121177897804,308.6411864152516
2992.8718834573897,-2832.363435116813,21.68988106645135,312.2840724640751
1265.0823533933271,-2476.3780085191606,220.45453849111624,335.7318959687933
1125.9794669124497,-1701.134716555917,84.89350994504973,304.8805438256562
2612.308253378291,-1489.0565276898242,8.631962835717626,319.1653548426695
2682.607826399233,-1099.7717712055028,29.21870818932355,334.2131045347773
1846.7284383891574,-1025.9919469392107,241.46888086634027,315.9813810259104
2194.292400657144,-2329.06750136983,60.477896287960064,322.03916415069483
1504.9135530157996,-1281.4326568422794,120.11023724714153,335.27481296792223
1466.21522281219,-1644.9826056865897,123.61372381853974,323.0502418337246
1287.9520606948358,-2325.796044331576,234.50814271033323,314.8232416965395
2315.4508593056526,-2194.3243284227146,178.16576623997298,298.6048904392142
2146.04330959009,-1856.3794932969633,194.72741660356215,320.74766096706765
2947.5941022825323,-1059.9174000542807,170.10840303171963,304.20902297294367
1762.5556738690993,-2957.6948945582053,66.41533838287337,302.00322680155
1929.817599432608,-2728.1221202483343,2.459145279766446,339.64076081011723
1823.7531898275056,-1474.6813102360802,40.23870248413965,320.0356508192178
1706.394387622519,-1015.0592792116915,256.195768417822,337.01847139347126
2905.514553078103,-1858.274040601005,120.50274131564865,334.5873548237768
2469.8835926346974,-2505.154534609386,156.13482217724797,310.8381527084976
2591.3851534977657,-1267.1034111378103,68.69973364110785,325.72179951931116
1600.428596099749,-1507.9212802981149,172.31494934279496,296.29012727520785
2502.082385083455,-2608.762560915246,81.43302991709012,296.28175564054527
1720.6460641122817,-2489.289467506531,25.083528142731957,332.58148869426816
1207.5608121649452,-1762.6307316616035,202.0670895826576,313.620067948652
1512.006882435811,-1904.8415866316943,203.29495683165783,308.8846681701736
2476.0457697856336,-1741.5993580370402,106.22378828944296,295.6951332684046
1034.721687488032,-1987.695007011786,2.1388822383972723,309.17801868052925
1813.4075431048054,-1916.3128552901233,30.31993932408384,305.21065908377
1223.7959282542456,-1617.2828257412825,36.50521053960494,336.5705241173504
1730.8482593704,-2339.1745770447515,228.8229019397437,306.3153044465745
2870.0282639170164,-1731.3377397029437,103.47246438774042,326.7238574236155
2368.30168761439,-1048.801667799904,18.20510065046188,304.4338585650026
1547.5311706855323,-1447.4972721260146,101.28799539191003,301.1027747199063
1327.0223834583828,-2872.8965391346,227.41687988308735,326.94235982357753
1065.7363275130042,-2780.9244601515943,131.63621694521484,301.484718227878
1659.5343807343768,-1629.7580783921064,50.56757558645582,302.42182636501593
2680.965444156631,-2145.2527013332424,219.1908992243169,323.99835206320944
1401.9836253438625,-1418.1483910525292,125.11529577043711,297.88501816129695
2571.4553773562084,-1407.6560131364859,114.40750301059174,327.08953779488394
1924.9431135458817,-1312.1988925354476,239.5483708608516,324.12889967232735
2594.0195354465095,-1782.5108501310106,193.08323313812966,297.2204930687221
2270.7163426882616,-2559.542057682043,158.3515949525577,333.67040840689685
2707.4277885816637,-2066.007350337293,6.955879147784678,303.4771403535238
1836.4323860213035,-1393.6418452798068,40.80316338168657,338.1854218988006
1309.3174586578468,-1689.3587804764388,168.39041879617554,298.3336386978766
2529.3272939580847,-1013.464481547308,48.94012364275381,339.1822123670672
1549.840050820092,-1292.7202760000391,212.6585183919399,314.2628346972415
1062.1316510498998,-1690.3021885731034,14.532722292706996,334.99204173864297
2092.311575340319,-1280.5125020313162,107.21133905312233,314.5647971494029
1813.4593240997951,-2805.509207142121,214.42552133883677,299.53721370517184
2889.1324135907826,-1759.4076362241976,96.52037863441289,335.09068944430487
2702.115387374847,-1791.872110937825,13.25022890234193,332.3467715354508
2833.0426641442855,-1808.1606511710772,100.8235723008334,305.02380706418256
2654.2607759639013,-1217.5407543226236,30.635955860482703,337.43507307369305
2341.5315609950594,-1007.824819010083,208.80367075329195,333.4898003689999
1861.5428467456477,-2311.426744279314,65.45653136992757,320.29185902578536
2715.757525146084,-2283.3058117723826,130.59991460598005,313.3445591805261
1382.547103892006,-1701.6395034822267,32.66369526832166,313.27550795735726
2955.5419190603016,-1357.222521237417,12.795400750400578,339.7360570742985
2107.143246799581,-2730.405549527317,259.86080452445117,337.94347904065023
1859.3722649869635,-1695.2360024599586,180.1486705695008,305.0654535987549
1738.9764667290865,-1032.746852018073,216.76977913350893,339.56572604730457
2241.698526551536,-1466.1338144813435,19.119587818674802,303.4193535037074
1280.306697190671,-1996.884090376662,-11.413769272606276,319.6675390178689
1895.8032996114778,-2058.6765296521094,28.926061998778962,303.1486468335503
2768.438344987946,-1428.8228624700564,36.698929608810985,313.84054658060955
1184.9290314140062,-1502.8229099012472,210.95900949080607,318.06839089385625
2325.535206604698,-1116.0745174515698,116.19360861931943,312.0324712429533
1293.041827688167,-1483.0689648193552,137.8501481550441,323.54691002071104
2709.723718344638,-1316.9196068573292,-9.009824013229064,326.59637323855475
1216.585418151583,-2429.618603753989,146.7259569453306,317.1064418209867
2222.29641214859,-2977.709573029475,10.167133851771833,295.4274045154516
2898.4834047398404,-1754.8615843697296,258.5283845900095,334.5748589076628
2852.6197695483934,-1865.8406163869454,110.9647420090217,310.019085824612
2684.2850354935513,-2591.0219036225535,234.30133123199175,312.7527983910542
2716.609215093993,-1074.7906721972847,221.7780449537149,311.02295446895437
1577.1170848768138,-2788.3119858089763,213.61083594094532,334.9888269089049
1160.4625666790378,-2001.0053566912352,85.92382756900601,328.91484459054305
1809.7619371269598,-2784.0966920367305,13.817123713253544,324.38697375047883
1392.2817378089394,-1536.3323569711838,141.76465562497998,304.75916088709573
1304.1427329400499,-2295.7440507602355,75.15427568176611,327.5791860778923
1317.4230466137797,-2716.795313319474,72.25758893592779,334.38204660707163
2800.730463943493,-1860.0847384804674,133.88705245491963,308.11556103629255
1600.4075785975283,-2642.334335595389,139.31282179463872,336.311893364772
1812.2792211986193,-1177.1089830783692,173.15742778813026,298.67308437606823
1195.6325312135602,-2177.864184701771,-12.752551024805046,326.5628453328938
2072.3212824945404,-2844.99676837042,235.79052368383913,318.0373320334752
2967.269934953879,-2448.8953577697976,35.80882994081077,335.202630456884
1042.5166152755276,-2853.823425164702,133.06391528301023,314.65386937159883
2408.965974378277,-1107.4591492040977,93.19332021113756,310.95530133961324
2169.376878665722,-2927.4304406173947,190.49592294644862,309.7697503425827
1493.0639511094287,-2325.689896984554,51.237450021360715,304.6395344330506
2125.742831973953,-1689.4298232436836,99.58686473014191,327.07929506276656
2084.028648268839,-2263.808537126805,219.11852836714172,298.29310987022484
1540.506274246772,-1874.8672076496166,179.79998662292107,339.05753027464704
2086.9220648436767,-2220.553346280332,212.3877121950599,299.3724000550173
1605.5016429622142,-1602.0830486905545,163.99752736130205,303.81577657874976
2288.2782577194266,-2680.0923353020025,-2.1471948668050107,301.3350293661021
2045.9021604188624,-2950.4020202943875,28.549252530706966,317.1433962672788
2720.91286883274,-1023.5025250245121,111.13826404835902,334.5002127669759
2948.816170578506,-1508.3945148234482,61.36107608180387,326.9720984894514
2446.3314681525558,-2110.9621317640017,183.73538479365862,299.4260496771261
1975.519464619261,-2799.810808688448,-9.839751696472103,295.1939597578925
1072.5513996471827,-2415.308850558425,143.8613216288342,334.1448809088612
2831.2443949054377,-1603.5584531101836,2.073052652684531,314.2953330484717
2260.7219491305505,-2015.2860193437243,209.4749663172228,339.8103016989905
1701.0349345775614,-2491.1347332333553,104.38609434861718,300.0449076368275
2774.419584241753,-2125.166778205341,31.18115204879261,314.8615009850882
1805.2451268930458,-1985.2481105172683,239.73692672413074,315.29454411530156
1192.5050526422683,-1144.027435772972,201.83921074291717,338.0458478627862
2370.0180303952075,-2008.6674211375341,29.611310369030768,320.98754017169745
1433.363913985709,-2611.2858687565413,162.4239629816542,319.4869179906943
1658.0123772403986,-1109.4858782536655,136.3946358978237,337.8906099268921
1356.9995246961685,-2020.8358856511195,174.10334934202004,339.2438096870942
2821.2462789822603,-2234.4107817339627,141.15955337483402,334.4125561679161
1920.2453163763107,-2165.728708499287,110.55869092406793,302.72752345963033
1930.6475674622343,-1483.6496724211875,55.78332957965951,326.11769535542777
1828.8599569293629,-1960.4729276455073,76.20136291243708,309.40184558323244
2180.8755033825482,-1699.47393166741,173.56781456001994,325.3646085031144
1713.927236645425,-1919.7033676554804,77.83158339260726,328.80796850951066
2838.67087599616,-1286.4833899168896,254.0928590117843,304.20455010013444
1743.9580665204733,-2411.9579876875787,258.55433381287537,329.3404527133628
1853.6029537868624,-1049.8364270406007,186.42713308957678,298.7227035260525
2287.4315003012907,-1607.5213881419536,174.68556026537803,332.7135006383724
1335.4894484888364,-1934.5120345480734,205.76949567608372,307.0140668577024
2172.658340944644,-2233.2766350258908,219.4850509584582,319.459877378519
1805.9868615233127,-1850.3400490612783,134.1419137620247,339.5039482206941
1403.9178318049874,-2152.45568225295,129.71649744956397,295.73498077154125
1624.6540250678731,-2794.7827607989134,56.68839652674829,332.3551663403284
1172.3120170579532,-2405.846714464517,69.23458189916354,304.69546428442345
2162.571364806231,-1422.4944246777548,243.70398355779133,304.0113543576733
2954.81475578737,-2902.9636690410784,75.51328477880917,328.1310737439404
1022.2294155568401,-1500.8535806373732,89.92686323109972,322.99763737980106
1441.299975520602,-2597.4562557059394,190.31823051445133,304.0626306505759
2432.4450273472685,-2084.5565409925835,188.66817695323715,319.3811669379232
1446.3852482627585,-2277.1807721262617,-13.8033127238515,300.4307371767489
1566.2529800411871,-2619.263273934077,69.15137106797107,301.44437270246976
2258.9273603435586,-1842.3020869241404,111.65314460808005,307.4923567989352
1487.0585471838122,-1287.338340606608,122.9127862584343,296.6922821610744
1316.533932740563,-1260.707128439857,108.37521192404915,336.21140513597476
2067.9943980928047,-1166.215470661628,254.39640304840117,322.97889636342285
1024.0502332576027,-1609.772699135958,45.51028896113305,339.17845703953907
2592.125838672642,-2437.4915748739286,109.43861155225177,297.3150566696128
2221.0263968723675,-1657.2494055267887,195.02410241600393,323.5066225899955
1679.010658068009,-2145.2122745713104,1.7699352865867972,307.2731833718538
1822.4112790939075,-1590.7371756583864,235.98960222320014,308.6581299862452
1352.616051656843,-2871.91085422473,101.54927339683438,296.4016663786166
1998.4413499226011,-2435.7291061491896,207.51981797468642,322.54683784920815
1650.1060336076553,-2637.0337863540894,2.623812887759847,307.3792101623069
1266.7113377491683,-2757.806414079379,256.0542710442718,303.0389111046581
2510.187842988322,-2360.9544882105884,159.8390603057791,329.63092796085687
2776.177128876266,-1326.3710888499645,162.08980680706497,325.3415910111132
1522.73829574923,-1903.667829917778,91.330744413303,296.0131431200735
2348.8457156950553,-2165.4386893399937,80.82858420677701,334.00460767647104
2352.5263713348577,-1113.3222777388764,18.41953894345359,325.5722123423372
2195.4832336720146,-1096.1449339206404,67.915184130143,329.42981451364295
1250.4670933657435,-2540.7469482695974,110.42451587329899,331.1355985040648
2310.979671894155,-1563.063121261222,42.31144365580708,307.56285171559074
1251.4061669992452,-2320.681467474011,-3.9640987665594185,331.99089444189605
1167.859805352466,-2755.0399386202716,8.130196003355014,333.9679178667778
2283.1382344974036,-2783.8459192801442,232.5859521942635,333.6906858991854
2588.607157640108,-2863.1550887922485,93.78589357796149,338.1114250055373
1366.8734021660628,-1109.9111092176515,64.69089788767903,297.86690485585723
2318.4586335306644,-2213.354209029043,258.32912010312975,303.7027754271564
2677.3220607701815,-1460.7644834021517,89.83172245574798,310.9889965595034
1696.0587851319847,-2190.1286120615237,104.239153200697,297.9227840361661
1099.4527040974592,-2474.262966043093,129.60949088826723,310.7778887254011
1104.1230832913914,-2116.225619179355,59.104503802881624,311.6509545084891
1632.9698490233097,-1167.058784762579,134.50166763518297,336.4025856600827
1227.0694881801105,-1382.9441800812451,238.65712902417897,304.26663031113134
1195.2272452388927,-1297.606066162224,186.39115833484195,334.8039540880503
1604.7126640090028,-1028.3004213917145,99.29847765205396,310.7502035385283
1923.2610790026247,-2830.570983883183,252.84469608681252,308.9916633989721
1603.664964616782,-2538.8078204355265,253.28229338852788,297.9332707207657
2636.939719850955,-2128.5944698022317,10.111974295590212,310.64911906247335
1998.9873834058487,-2328.498625865643,115.21222370549162,311.87413978263686
1215.0620873794112,-2465.6002724883256,239.72390129016304,296.02365781184955
2946.4758074445945,-2624.1452206493395,170.04488371794335,320.27146267023085
1465.4530802932773,-1626.6424319376426,5.4570319843214,298.09387277274334
2568.722341465971,-1761.6900075362475,78.3640970126829,324.0350989530066
2470.831502682954,-2437.661010263266,50.37286424263543,320.47913272885216
2673.2094199222106,-2637.121046545779,66.6037177919975,297.5619476232386
2958.9948557424696,-2630.7641276485424,201.5488989847449,328.86932350843364
1584.8725684065485,-2610.9206879025855,212.2288708318532,296.575440053351
1784.219370229504,-2341.4402171885986,232.02587229536144,318.4169495965596
2053.4489656761634,-2496.6778673878143,102.27362679349935,321.96652679668495
1711.9046543375248,-2774.6226621163437,47.863089626444776,329.23302199978224
2287.1277608971823,-2071.352858872123,202.28804044505014,307.781221030992
1784.3033402809576,-2621.804794087407,35.40748284466508,339.2980020210303
1778.1784022480224,-1382.9933563235159,-6.427095535249528,313.14727246040115
2536.1512541879038,-2146.8994390917806,206.91377213839078,296.70990168614173
1671.8361655555354,-2027.8311081280704,173.57768413522592,337.78358488512515
1225.1743650985088,-2444.0583132009638,158.95031721007626,299.15685574269986
1689.5875501034757,-2654.3881896857456,250.88213030013117,325.8970953719634
2740.3781447668334,-2516.207550486978,117.25322074276102,302.3688982012032
1846.5073200662785,-2742.457879930506,15.581448032374205,328.19378514233983
2126.106843348067,-1494.969937179891,187.95133328640372,312.0666021198065
2470.3329103269352,-2754.0281337501547,190.30976927052407,307.3653296261578
2940.812714844549,-1376.8976116295078,34.753683856710225,315.8516918617667
1611.6330572444576,-1658.8380059186147,122.84212550893295,300.4936676277488
1801.343635572358,-1489.150234318471,-8.601020268946778,335.8010813568186
1884.1625514172545,-2270.1784609240394,243.75147167377236,295.82500941767097
1523.8362303450294,-2998.021843363466,123.89496192173294,311.62609914272036
2318.205756125857,-2867.051310255941,164.32828085453053,337.3483920419221
2901.7205917686456,-2194.0981539811937,28.455881783955938,325.10693359056427
2803.968088530666,-1899.773100263996,206.24162653956975,307.58254172287883
1207.0471306432457,-2494.98453928692,34.9916212481255,320.9653570922679
1545.7800579417026,-1764.7149842788726,84.96599738480433,299.68316652561083
2100.5584874703436,-2986.050803048954,219.7581317706272,312.98802853518174
1227.7833127395634,-1613.470016539629,20.887467507877403,300.36271733907114
2832.2290114264233,-1871.7484065468411,11.427179307914258,336.64347782625305
2023.5605447446546,-1003.9751542786398,85.08383445748238,297.47044103284344
2628.372365624975,-2994.996448559585,163.54066785339765,298.5900453140799
2864.3689738435633,-2974.536761923627,69.92160790913661,297.5046988325411
1992.7499124026767,-1541.3848211618842,109.77544325568563,317.02682633310553
2194.8922962526754,-2654.7558163762405,4.948186776219615,322.08557947463896
2678.187714930924,-2445.484614453126,255.88672787610471,307.04861173432454
1638.0730751981073,-1439.6848081579135,158.71010860249973,333.87954409909537
1259.3246723510194,-2624.67703679727,240.25838873077603,305.3118192807851
2907.287049658087,-2675.450668811841,81.21271038430108,296.14344498328194
2528.32634017904,-2816.2519517727114,255.55738114655566,328.8761482416499
1231.8550879786296,-2327.945146766863,106.14023068937034,333.2508088326536
1472.8688178373923,-1892.861588398156,169.97692151751878,329.89801769622915
2030.8887814390264,-1492.557210741673,5.208739586458986,312.85760265727527
2421.9405045442663,-1725.867469649764,66.88700646979335,325.4258095689377
2011.1433460491246,-1016.3620713288135,91.44066342256315,326.2937461267823
1764.3038812320347,-2549.721296531188,191.23665686643037,311.73750526914296
2934.468719363188,-2940.3215480641397,-9.312114274120173,298.5443164293917
1306.3315509248016,-1802.8409591902873,127.1516781065153,295.09893587200156
1862.9392482316193,-1282.5196112371752,82.16301775847985,309.71898140383524
2982.7335304202106,-2078.452491340129,251.80962925027836,305.2799375334251
2523.071528624658,-2936.109852380254,90.61637631860637,329.50292848583456
2549.26538552299,-2904.190893114453,103.39661104472397,309.0144461665222
2677.889753358342,-1445.4215681427047,182.67601538457942,323.7505088294303
1749.0086939491844,-1014.8341205865902,149.03583834979165,308.3145238934702
2140.56543455889,-2363.189844484171,101.31780791182871,312.73581672388656
2275.20968772819,-1115.2375140280799,68.53779143613819,332.68205181146993
2245.1347120283754,-2966.8253742281067,41.28173590242544,304.2079220401977
2293.2807312343043,-2314.8662397869302,0.8192428902249969,301.83823220121747
2194.7998515407917,-2012.0536254779636,196.30998495405862,337.4845339693552
2341.7169943585363,-1629.4021210063875,82.33354164339983,317.13435630703407
2945.9794291205258,-2220.1822996906303,225.3859402256072,324.0886696756243
1724.0145542341884,-2392.3046563288226,75.59148239629175,330.0792213473155
2287.949418118294,-2540.7720986646027,55.63613517379963,302.4049198955229
1224.0791477978453,-2856.5109563750466,180.59936254751437,315.3241232798446
2126.3534613292836,-2398.8494630730097,148.51394482617485,307.8614154053947
2330.8223130642164,-1987.015823662401,72.66474593490805,336.4203971792963
1141.295633911809,-2595.057288343456,34.114880804515664,336.62016216928544
1259.086811605447,-2157.533310264619,254.8360065185625,309.6460384803979
1262.1607651035802,-1735.290901765059,85.32268527822039,308.35656025841286
1070.6645392104572,-1935.3962659483977,124.8498552034012,306.1466109389052
1559.3438640102818,-1764.4074880348796,153.92213789096016,336.95924792878054
1518.8363365250373,-1765.9741205488772,157.36638809127084,311.18173869895236
2386.695952708883,-1920.6772927465063,91.70727994549735,303.9925499977042
2421.7314558627822,-2868.0945070119715,258.3057162415365,297.03861849052566
2734.5874425441702,-1616.7402131099468,242.32220837254414,329.1256395076083
2583.3427528111342,-1367.6167714071644,1.113942837513001,314.25350228424804
2112.1268280052345,-1499.5137587806291,38.35000474635175,326.4704706692598
1194.621641961208,-2403.9236581928817,107.61695934992912,336.2300293628634
1291.3824084410257,-2239.3165134041114,101.97017756152138,316.9044795953855
1729.1779582246372,-1526.8598646374626,94.25041917098716,314.404518837235
2389.523096996831,-1661.5417919031024,43.84332543984351,321.50110643609565
2028.2754400567712,-1433.8447118506683,250.37981168145205,318.304599919848
2606.797934066445,-1722.992996320609,187.09285352667834,330.95365286052254
2811.804512396002,-2698.447250469637,68.01920474661905,337.75542732756264
2274.9215446422795,-2804.1449087169394,239.27835922417373,338.65822079570563
1998.896948645781,-1586.8202455512048,171.356636865903,314.6286942747955
1151.1827705937046,-1228.0351090833608,8.589202379054143,338.1478593167825
1480.6985401523973,-2808.110078356328,-12.609628220569327,301.03905079437004
2398.297876520386,-2351.215268586333,-12.131524754301577,329.4243460786778
2423.518937300779,-2222.1570631584545,66.69899714679646,321.52856575492257
1351.6909680393746,-1266.3127320705446,47.90528346975421,309.940126791663
2011.6197029668035,-1469.8886446774786,224.22703207452938,297.7918260705456
2348.139487831937,-2338.8958852740434,12.711294304259145,305.64299831842817
1247.3072146081852,-1492.3181877840893,220.2685934288116,319.2122598629864
1557.9847260348831,-1249.1499069262375,80.04917575069288,315.08398125367245
2608.149252295721,-1155.7415134874373,246.02061671616718,307.42137743376225
2696.16658256186,-2548.058649787411,191.11162290419372,334.35401266222357
2212.634838171759,-1815.523883324527,48.30743780668037,308.1856676393842
1458.3588572432484,-1010.9505048971455,9.846488957642563,296.8046435988864
1616.5138116564844,-1857.895832188521,44.47824668255326,338.9254145637165
2154.247698099848,-2435.717522829047,161.81393528430428,300.3020910797485
1833.1699907584552,-2527.8109276294276,196.50979738486413,326.138383036469
2657.518401233124,-1121.3700772546135,4.869780729120336,317.0509052935664
1218.046525106094,-2809.55789575368,170.11173629431232,335.24644917343267
2980.228719467739,-2010.4794460119158,148.596858094245,313.4414449408398
1524.4863708333858,-1609.7523617655288,53.942910771213704,309.3681763171632
1863.0854064811115,-2689.779934650634,5.901080566089782,313.8601801001946
1740.1743484331105,-2540.5611320846974,153.15343757200472,295.42618691759884
2116.632782493747,-2791.089562816751,126.54038609811352,312.43837433242436
1384.04691387691,-2019.5702306244978,13.881644091411289,326.17773297230997
1816.9965297761162,-2675.6058696761756,74.14481759622197,336.9901494890558
1166.3217756927695,-2743.123094002544,144.1704994573899,320.79217691890534
1943.4401012919893,-2204.400790562978,16.53082669119252,326.03462028294473
1470.2891966841032,-1045.1015529444344,150.91677199431015,320.5367503120188
1163.4807804885702,-1764.2697107894778,190.09473983868676,332.29212159997746
1116.36739623536,-2201.5136667692173,12.465311470712518,304.3988437356361
1452.6631028597474,-1799.2592317109447,11.26345132706598,335.80305336015255
2146.3969710648103,-1345.0648510734381,38.64084975128628,324.886726000979
1387.9875508606644,-2183.000416762309,208.62465601442324,304.1060467473352
2558.8080634881826,-2132.7351626387645,160.3845039623285,337.1810731536924
2185.0752098021785,-2430.999165071479,227.3915004912627,321.1470615640789
1122.8681613028,-1526.4088848696815,174.5197958567172,314.26851286598446
1460.6490226143965,-1296.978872682886,26.12205922889627,295.2236262357443
2014.4004945286429,-1458.1564975607284,76.99675526998291,324.4007598970591
1225.6057597521797,-1302.9735135068909,161.61334298851662,297.2335007852261
2007.7706405598842,-2291.843167649807,220.607590334453,329.2712098138038
2336.7781600530698,-2681.596406575488,27.122687384816892,318.8423764702509
1644.1131065282434,-2643.184577367434,220.6138583154758,322.7069694359747
2717.7539392727767,-1390.6784952547291,83.37655896830576,311.51648908770574
1302.740794169886,-1858.0150651202343,212.72248471318636,312.4539265469038
1330.7229266415582,-1402.2388515756575,254.4082575928349,330.32274185895676
1034.1021939444179,-1317.6679235462273,102.05780871880624,325.00679002606995
1272.2140693125148,-1609.9130758414674,240.13964302661262,307.5515210278815
2707.9360932990307,-2747.32641926864,131.30035047527363,303.0755057903256
1882.8708910404293,-1641.5113580976572,10.394914124626634,324.7530844905001
1854.660858122822,-2859.813099080474,90.30740823426669,326.40324653020076
1458.9238998395117,-1889.3673706385357,70.08124554017672,305.172961168211
2958.283457916088,-1208.1653940713995,96.85683839359834,327.1669343522023
2872.9399823357826,-1162.0436772807195,95.85550229222093,298.56120750600434
2037.2294673644935,-2498.0384160220437,231.10177892694725,331.30297683856156
2249.168709297937,-2549.8699953361743,-2.5251681463273403,314.2363102668506
2222.999208977584,-1371.105915321893,222.62159310103624,329.8992506002419
1036.7699834781795,-1561.0029063748466,122.11303902507325,339.0788472457443
1396.442226674484,-2499.133746277138,228.09315806471687,310.01942556580514
1034.0652637754818,-1521.504527889384,-14.617357948232188,312.12199178357844
1898.2483384609009,-1902.7157359907587,44.93317750219394,320.9261359872243
2077.095636583264,-1738.7564372084082,30.505771040383998,325.6677141868414
1535.8665680390613,-2221.271194774485,126.7578627958809,326.71476500711293
1868.1890927741072,-1434.9651651467375,81.1680881130279,331.0316031354497
2064.8672587185238,-2306.943521644572,129.2589888222987,311.33466208977785
1141.6746143690093,-2996.8523123602768,22.280393624284933,320.9605938344486
1118.2645904356534,-1204.4584385907183,241.37382270257484,319.9606904902859
1462.9339439550783,-1695.474971812624,122.95861263722449,328.974461199023
2820.5384003255986,-1118.2933371189893,118.9912038144505,312.319233959062
1870.5783791885215,-2875.4728108933555,141.84094541577218,337.3784136756719
2017.7005439168063,-2868.8992232956593,113.48301798560408,295.25216914088963
1435.4723699800402,-2489.690925128631,213.50679512686423,300.4086445636657
2100.0553533017455,-2154.923852183777,84.9965828946713,300.39956959869914
1602.1640442191463,-2184.5441960146577,110.39051694528955,326.70707906657697
1551.877455251406,-1132.542050780775,98.79796826135612,336.9352536015309
1620.3839705216342,-2159.0222470915414,8.936728277646733,333.4362492459123
1500.5618109740817,-2624.266034895885,14.941518093047613,317.12077176503686
2749.7013259861355,-2889.181398749977,109.56927311504687,300.86282705299743
1124.28934409896,-2966.318612527637,185.11061016173633,333.0421839679779
2341.755997919824,-1599.0635723715088,89.86133870173191,329.73078393422713
2163.8238377637645,-2551.9512332552113,88.4273397106573,311.7586713147342
2473.104518916969,-1086.1692765306052,33.455277883628355,339.8831997947553
2103.038942623646,-2607.2392821271524,1.842664400818105,322.25978349206645
2999.319640669014,-2891.7704448301547,168.65206129817042,325.8944539107573
1877.6881522406854,-2642.7601037729423,247.53485198280117,312.5710005350474
1052.5119826738553,-2619.968183161441,99.30331975145648,310.7890570644306
2773.647495318437,-1855.9739451555058,86.84645259911636,323.8070934662236
2007.9166521922127,-2690.1573892012466,173.53512906364466,338.475366229097
1675.66097239159,-2480.7182860105495,-0.7314916202135713,321.02099003965054
2178.189987356371,-1978.223997008719,102.16751780234561,295.24278448638114
1723.7094253555906,-1993.3820100471203,167.25672834123546,305.71155309012187
1907.4010766110534,-2863.569963716353,130.12716378103184,295.8820851301508
1054.2116163005328,-2021.5935503061041,-9.477037343080926,318.43847843225257
2912.678029468817,-2259.993427897109,6.314244137391448,336.9847606801842
1876.4918756062975,-1354.911630136104,252.9628611078462,312.91407856577257
1585.4509284165647,-2969.825597916907,65.88837158820229,306.74793408911205
1436.1457197070736,-1983.5898623956057,-3.781547072570582,304.0128210907581
1976.53622120538,-2095.979110584136,101.7014073059295,305.95626638212747
1931.534572049893,-2650.5421781268246,124.06373327470277,318.55165572746944
2521.345639317289,-2904.4508956586737,134.4451475620905,303.1630816089019
2104.322023040373,-1636.4818739377886,157.64129288378493,296.804215394477
2601.4068290866076,-2643.388316201199,51.38030705984478,310.6253354327025
2426.104307071726,-1519.0942126998139,88.27653658702657,311.57447302376585
2647.26766536383,-2153.247942035874,131.04697100154323,306.9909145047816
2506.2655869900714,-1935.1305450430482,88.23094778788263,330.635298232573
2505.3111503006207,-1318.6531497650833,20.390541437811564,338.081860656973
2762.0552608881626,-2214.859343628621,129.22915123582084,310.73930788209793
2007.1679681177202,-1763.4290963920603,75.78386396558612,333.32559981041925
1414.6969902970534,-2471.550737589482,22.484023252115428,302.2736764005819
2695.632106113853,-2365.001109834836,72.6544129265479,300.59770653121547
1966.4975377151536,-1331.0549531334218,142.9417252459872,313.1584569718906
1457.7316316949434,-2922.213239091833,207.38980113303901,323.4761589367285
1410.0511745597746,-1195.0670925634718,12.460673270324591,338.36601893694296
1542.9451388113405,-1791.446272022038,58.10244598664339,327.40636943244886
2505.3141768165715,-1225.1306110771814,194.1351405730803,322.7416746377618
1756.8842585674784,-2473.135694529838,252.43806187789272,336.33732891758973
1024.2959625678382,-1180.7805127747602,177.77951047631157,314.5295505544565
1770.9755973383903,-1298.905258488361,130.58968104037316,311.1150683024447
1473.008023899298,-1075.1058576713629,238.99317891379985,304.5826111285239
1279.3968539319267,-1537.381044131055,218.59685906605213,303.59526996052006
2445.915865383189,-1040.9145499966105,69.44174510407103,337.94015546647813
1998.7744723805736,-1771.9049465986213,202.4158734608611,334.9053738412771
1161.458229870139,-1543.2002939590764,128.08758441776874,304.16703966233786
2037.115717659042,-2942.296664473372,101.87026215543221,321.1795821907791
1938.018680621693,-2766.3287238318394,226.16600773039437,338.3893538556373
1079.1825754037734,-2153.7409890649988,-9.558667233572944,321.0636937450573
1861.089702415271,-2288.1571880362712,49.33937851971709,319.2864958164155
2849.59221852874,-1157.2299377754898,116.4356182426904,311.76420132234847
2664.6195842323955,-2313.3332773310076,-0.722962857307003,296.78898841097117
1162.1509426139858,-2954.848641677395,80.59962249580168,314.73903143068935
2678.9596450063736,-2454.0280172771927,150.50049451021985,331.3620245231181
2442.481207650424,-2509.645189962689,118.63510980407418,299.06422633474216
1786.6058970456152,-1172.2616393655485,24.26459850276006,324.835502050912
1742.3218919651945,-2555.178589875846,229.22319329360937,304.7753948706479
2136.247813824093,-1238.5186460719476,2.8570235844775063,310.8133349114487
1365.8705463079127,-2249.0437719141855,22.484985082714203,314.99809378003573
1994.439287229655,-2905.626054871146,76.75044270784767,324.80698413183626
1910.3899759632097,-1617.213487532457,3.4188915552733867,311.23295825924356
1525.848510051042,-2710.1817960124417,41.456483622607905,306.2470897733351
1596.717424581795,-2370.4430112516357,207.07729075838336,309.1185077292529
1197.6140896179484,-2445.8630072227243,97.01558608926787,303.1069584246374
2487.3059310098106,-2674.2232295975823,103.68856177612257,300.1404808751362
2362.0703693243963,-2920.667520013071,137.09233032707775,304.26164856212125
2508.729354726635,-2776.7570441223393,63.2641649734684,337.49460033296646
1633.9547138804958,-1933.7111583976914,79.83383851893936,332.10088857399245
1485.1614792297214,-1996.28084961285,50.31716310977508,316.91667380777596
1642.8154948977722,-2016.633218278932,133.96630065627352,325.3375452630818
1254.31127275217,-2761.453273282637,32.908989732998734,319.3240841853117
1911.9432092066593,-2810.190009908353,23.17241889163843,297.14015165026586
2423.4487683625875,-2002.0404033699729,107.77558694346705,331.51155567297354
2752.180826445883,-1395.2989997075886,29.046781086997747,330.27542050611646
1158.2243189398441,-1421.6113388142226,220.9287226133062,301.44740610896406
1676.9340222534906,-2885.596494678742,248.1004469993843,320.18727956377734
1757.017578110324,-1739.375982361709,58.610684710303445,303.489841438591
1130.442470849999,-1951.0481701905696,3.4371648249619184,300.37585828207045
1512.3434363634938,-2200.763180077978,102.90182854869744,313.6267983768037
2307.0054371993765,-2734.1425551829166,225.76475524113317,324.85288567638463
2698.1738912766255,-2085.8250483032634,124.71447569555312,323.3925341606072
2908.9790312091955,-2326.110902490407,-0.5161748201283327,321.67768702380897
1753.6675844610709,-1470.002820354697,179.11192938653534,319.76109786164244
2067.5028209280135,-2870.8843076938974,144.32372036615567,309.0690402117402
2744.097774954365,-1138.9879999913987,33.090100630444596,334.51573086132043
2940.474958724277,-2803.4592416300484,32.875655516632776,295.84338527028
1434.7340288531186,-2470.1061519833916,92.25137329310031,304.8787993250862
1908.8299251350602,-1790.4772016372494,138.14342246984108,309.35017857153395
2651.409078621996,-2135.8765835468816,203.3359934180868,329.3123419909862
2471.5969569158037,-1854.959882416905,106.02478391801668,326.3061195177946
2059.38236916367,-2120.2279484455275,108.99670098404667,322.1245595824542
1611.20042895858,-2195.4595920222278,71.38984475332518,314.9739001449319
1416.6526138885347,-2264.8011117378346,211.9420524926636,300.7775449433948
1062.233333034757,-1063.6984202057688,206.86663035730902,298.6651108002792
1765.3821553709088,-2950.7648837321026,132.90839239302136,338.4834788723929
2978.398009457691,-2162.1231119073,-1.8950822502722175,315.7867600465771
2384.6730079358786,-2082.273850196716,142.51937121824213,333.27004086000983
1269.0657084963013,-2451.6642525839356,15.412639357140119,332.44440955674713
2293.841362221902,-1810.9945261132596,-10.510029001326718,318.62458759988743
1020.9017185774736,-1571.8501187526351,177.46483217674435,309.48818702751225
1547.545800955655,-2042.0348459140023,-3.9389567688749043,329.4484295217183
1867.5095263737198,-1900.0651565694677,157.88947363502876,324.97970478958626
1663.5178053498162,-1516.6502676593627,-7.959761416281439,316.0649154647373
1992.3565223566782,-2266.4870837273797,135.40548517977237,333.753950476184
1584.5773510692227,-1898.8497668849902,191.9011969333863,300.0303322048569
2696.661683863318,-2539.3379021381415,168.98733248152746,331.50113884762345
1229.588035437228,-2882.6912985627146,259.0172154960459,335.14562755235784
2799.746942272962,-2898.0340199810503,84.82738384342763,331.77616308805966
2964.7181348227914,-2910.5661044463177,53.89221058186175,311.6790625252347
2097.9631855737603,-1513.9888162544635,70.56719485113761,311.9361818744263
1519.1185515242773,-1313.8202648363658,57.77658894410287,321.46223235320304
1726.6163614689656,-1695.6116625596098,193.04129694625325,339.4072347027185
2664.5269606530956,-2516.5260270521885,-7.342342951575684,337.8665777987413
1177.618821366733,-2698.6479230585196,51.2906700693361,328.2889877683761
1877.1797318165936,-1996.0713207138442,88.34630222945064,314.02343137276756
1164.862887682186,-2353.4060166798736,253.8061749182931,320.0881325544228
2896.340150995254,-2671.4624954994065,190.03691606653106,312.3583943106491
1865.9503526290578,-1230.1565334862064,259.71985236485233,336.5715883464498
1055.2587353682231,-1783.4975275603315,59.466484815604446,306.49336927148846
1817.9086487131458,-1539.1115059862834,132.5336276053877,317.9961255929506
1549.1648538223658,-2796.7412522886066,179.60186783267858,336.5807572337131
2714.6945611146393,-2236.695075749771,29.18574998591268,318.20969884574396
2826.3750731940545,-1860.6896609306987,177.1302035293941,336.81144112694517
1782.3701368029858,-2943.795968177304,-13.215239659709038,318.9753254173549
1261.2829953993876,-1617.4750683302834,44.73194698212906,312.33513016793086
1300.094193402214,-1459.5277820609551,52.256425921829006,310.5944351710101
2912.189449584337,-2036.5024971130877,83.58544654710408,301.12236938282496
2198.8715024492612,-1161.5357255236204,214.20781411239395,299.2104393807737
2622.197996540294,-2118.6622467526495,220.55457952363398,303.9595127177814
2727.253467931187,-2964.225634074573,247.7488278189652,313.1176368925748
1040.4130068316713,-2239.3325663693936,118.54551132185185,298.9147177814453
2018.8618882625692,-1885.568793581883,-11.417580558989227,302.4519381768628
1362.54892518333,-2749.2273198517937,247.91610900373433,325.83108879775324
2603.080372056675,-1035.9081059534858,256.5673982420662,336.7937848515204
2796.647976018093,-2418.6648598099387,21.58394493230702,335.4152311829059
1201.4832095683541,-2445.546309002859,122.21049607836113,335.69244269549347
2262.9501255196083,-2924.6230720751505,40.3711212455707,296.44900015567214
2274.8742616920645,-1020.4997101419049,34.972892053326106,308.88425194255296
2351.400138025795,-2432.072307679892,159.78335636668297,307.8325960338164
2726.0556126212127,-2666.889735830903,216.9910459104547,333.0644384640038
2115.5320271458304,-1729.5404352786184,179.99943063743942,311.3616095050939
2943.3378297578374,-1856.2930480918042,119.91106931810265,333.31553173191503
2229.5804784098964,-1607.7396111565192,128.92299594891972,301.92906938474215
1045.748432082093,-2458.3770586794926,97.30387476115165,326.4782545525818
1019.6213768191549,-2752.615933925872,48.122487683385714,300.0499655944588
1948.8054679393194,-1814.2675252707284,227.1321393438815,326.65804961710535
1327.1229202579543,-1371.031107851357,142.8728218097524,303.0833702988933
1356.826773830827,-2147.462926593592,53.17002834037338,317.03557886570275
1171.0647378162182,-2758.9669376330185,81.04206685040549,334.20639420673
2208.9675896722106,-2471.917804792525,256.6573482840646,317.1037259257091
2175.895325938708,-2427.273039857663,47.933730150614316,331.3803677822534
1705.9221407097873,-1593.2546702130567,94.38139759300934,295.6159390701833
2231.387301920726,-1988.0228597441371,137.42578934194802,302.00806656641345
1706.8779235795428,-2781.614620163693,203.6149672812616,327.8945765019951
1445.199428392895,-2145.2316537981824,189.01079023706657,317.64395185405317
1578.6578882811202,-2535.3205153389235,253.77373942412243,308.81792969657295
2235.713927863262,-2931.662429390352,99.2589115216776,337.36417247821123
1749.4719037428981,-2270.967612744675,63.56062487727837,298.83657633473496
2768.975381697511,-1565.599454977494,205.72285804802314,333.15948542149073
2105.6577010739866,-1730.648199968089,51.25025831518822,302.4714206168965
1796.3988764553114,-1251.158257042907,208.51057900314171,315.33324989285234
2804.7684502602174,-1868.538800003523,175.65321674673478,303.41128661924586
2699.8460424001423,-2403.1391340959785,111.94161820711265,310.635098951127
2927.3823767126137,-2541.5605475735756,122.05773506834353,335.44529689215983
2036.4712653561087,-1328.5198021592955,25.99337757228391,329.5882543804024
2166.9305259909906,-1102.8495762385173,87.6040013873777,309.5704536085049
2677.1829146963855,-2643.6057027602515,98.0996132193534,323.71537085411444
2484.6217422652367,-2771.6046882126398,151.85352080847883,326.856853071933
2470.282205940196,-1310.643166105871,71.48849654296237,334.64186506785063
2402.918217072275,-2957.4592380499403,69.54243085389912,298.5902948845221
1261.6445700314061,-2657.072637621925,144.59366416552814,314.5704983994349
2469.010261434496,-2070.5453780037087,26.581130887388362,317.2610330055631
1850.426793229522,-2972.1345615354785,257.5393160421238,308.42870053616315
2959.7270191837715,-2323.5220831021097,205.42002365067066,298.57810839095254
1739.738203324042,-2039.5652318941752,135.75434611524278,336.4622034807858
2566.855927808687,-2111.2748986402185,62.34776697084439,322.75978802594534
2323.463558103882,-1216.4964045542315,230.54151120350554,311.1225526365939
1445.1983232422022,-1901.0320184739246,138.77183918394644,322.78479201449636
1619.5561496587632,-1597.5776381454366,13.79947933765741,299.21348789245485
1740.4451857129238,-2079.3162191845713,256.4284703222971,311.7870789385713
2300.0587686623458,-2853.288445065664,59.696102347446,307.6162401608417
1910.2325821642146,-1285.6462011984815,3.694593750493592,318.2763384248465
1987.4514501280657,-1761.3277353408766,249.84435674641094,325.41256014996344
1848.342454818042,-1195.8072682324437,142.48474665779275,302.34465466361826
1615.4343858255256,-2716.6851754869954,227.0219197595952,337.38557948477484
2011.7279555939886,-1400.042840554694,0.6854587966651806,312.3354545720002
1881.5828834459708,-2442.4704133097134,199.87770811107626,324.1756935759424
2501.8607016613096,-1645.8364281178415,229.53627259056253,313.8974728440281
2378.7326243612383,-2638.6202839387047,226.40945139943983,298.98610418141897
1571.0421032348868,-1782.496217066272,81.02544923763207,295.49052355505546
1812.3158597551155,-2712.4920856005647,16.92474691043105,306.2385097602833
1708.5788747757979,-1440.1176996745542,178.93037866723535,308.1670475263733
1632.1704711397358,-2249.21314286324,168.48148455015803,308.0821443633694
2479.4601340708605,-2498.454932308221,110.72853160480858,305.6054935490723
1312.753257464409,-2587.969055551229,25.830566139245185,338.9862698903194
2976.0517172410136,-2820.653017284098,71.05305857988179,313.99361196784474
2401.0729361614362,-1018.6847796160037,10.8686789433816,318.1136239224236
2892.7535857921016,-1827.8241451195067,100.21982057791026,313.6020234590898
2597.7292067680287,-2888.723211710711,191.19947027152656,301.3774019904468
1972.2335736354155,-2449.8981692514026,16.080295673393586,301.2026029993564
1550.200597962737,-1364.4673526968263,185.996013629907,322.1263150955118
1102.2846043366728,-2419.8174717683037,43.053854572231394,316.03140160509327
1116.1374776204366,-1485.0130049743675,194.70613154813967,301.66854576873175
2571.8003199074046,-2286.879576398742,149.6002533687643,329.6386453153908
1773.050393259545,-2214.942089465209,259.131523001757,300.8203522917818
1629.7864321675218,-1223.0564116711664,193.78938773795872,325.1003339492802
2464.756771652772,-1698.2068586774576,29.407254057532022,299.03431696478367
2299.883252450449,-2435.851261699481,123.09583321541612,313.43347583278904
2839.9904427457222,-1469.0752378082484,169.5183134794772,305.11193188962534
2318.133820201734,-1198.4890994840869,61.48165660140016,316.7499161385409
1438.5454762809811,-1189.0396413902427,187.43847687593228,303.23625655185504
1390.2818919536767,-2518.0877269124726,165.05022100145038,297.79267257097814
2477.868477235458,-1331.3309372600916,73.4906462949077,333.20628759029483
2392.6366750275356,-1700.5514891460466,12.625333801406306,310.2824891844007
1747.057394259596,-2243.8626280439357,68.00983637988296,306.8435464511814
1435.940887810585,-1317.3357209034912,-10.03823472241352,314.731894455298
1015.3007827154736,-2188.7867216601658,58.42668022709938,318.1533513090181
2944.245285731462,-1253.3736832998934,58.462455415089266,318.31620686363533
2313.004766863476,-1910.6187958503324,23.898674970518968,326.0923578858188
1890.1943243031938,-1662.3979117036363,197.7871547047576,325.55348125877373
2843.1414381907143,-1529.8441839364434,155.44642784852667,310.26136740069103
1584.6565572838658,-1969.0248145942994,230.82556630130907,333.2403381937637
2496.8569513679454,-2463.3102138681597,248.41202686444228,326.7279689880661
2181.4677237439487,-2506.8183543299756,131.94702713143135,300.91066963140264
1708.1676063354796,-1580.9882851352813,80.51688463862251,313.4026876490271
2106.762128508457,-2835.440944064911,218.50664045775918,318.73806314772673
2044.0069578096482,-2792.315298688766,183.0817512766983,318.83090954840213
1514.4725068785835,-1542.2890158208504,-5.553014214915912,338.3670474287144
2319.7203202579385,-2331.7996137876316,104.89649338945316,335.85714563810933
2373.836638639683,-1266.7177379847658,252.22515925696342,317.75880595593173
2121.70141416725,-2390.941656748171,186.67270652651817,332.970918076971
1970.4313894633497,-1805.5291890355288,-12.575433936391384,324.9270187904925
1939.177008819259,-1330.5068952856561,90.68083750150794,326.1324118971977
2392.218291512054,-1967.7593651332115,112.33975015187289,322.15268765645067
2357.975603082636,-2053.9114237951867,32.75719079780806,297.76531636850245
2898.776216599972,-2192.075923356412,174.0054384933474,330.5923071832563
2996.198966277086,-1414.5623974685961,208.70395883129495,310.79801948956947
2536.1825716869316,-1214.3744044534394,35.52565201147114,313.22959039731614
1541.5768183892349,-1623.3749842019229,132.18688100287676,304.7121025972916
2518.27957780634,-2603.0743181585003,68.909023081448,314.8760410413746
2065.361333187625,-2907.043824756127,-9.53051977983062,322.36625907914134
2023.6790194632415,-2108.372070444195,222.9473651664848,331.61236155501
2013.2028750766472,-1741.143744181403,131.8832788450354,296.77563935616956
2956.7274780082284,-2504.4326895730137,98.34927365968787,299.03614612749266
2725.4908670209406,-1944.8293815186423,137.28399343827914,303.44765398546383
2342.182196371069,-1724.4662837855733,202.52415918364088,336.8998789746096
1986.3620371644843,-2626.733796384595,200.64013178692218,299.46733742698194
1368.696109160439,-2926.028832529411,141.73726032092586,305.85666815523393
2261.693264330283,-1820.9388869605498,38.78645190801129,327.80365847734106
2147.971045764438,-1980.4496146501754,36.92868859537754,315.6860459702002
2373.204221435434,-1608.5385359708912,226.5031382821379,322.6639955121588
2765.2428320591216,-1251.3445433243628,144.02544509600537,320.4323446767199
2859.5735361497964,-2198.038274020772,22.39202062548118,330.3015774078749
2590.707540190265,-2916.1596686876974,107.50594234412463,304.0995505469903
2621.415419323872,-2518.495894334728,98.70404703680136,305.7530483721331
2238.411864800064,-1049.385031914322,29.290407184891563,301.65369287826127
1446.9031435206389,-1876.9782214386196,131.9765970629784,322.9809626060447
1203.6973377398904,-1070.5933046841792,163.7927114658646,309.3047943358051
2054.2942012898907,-1184.3441569418826,-3.191998114464001,300.17175030947715
2822.1757637871074,-1438.5671528512478,250.3012742759447,299.786684400471
2979.2952476413657,-2615.9713578262854,257.4101780140345,315.42650381866656
2002.8365532930939,-1366.1632358288127,174.51799884086682,339.0563978735428
1487.145309863653,-2424.159614467907,65.8443968578283,331.35405708672516
2742.1023037588025,-2020.272944450497,177.6925726315537,305.2497778912679
1117.6155196885993,-2822.7098260817515,250.5824807043357,299.5041992984027
2842.6875066747143,-1299.0641473543105,207.20601205750606,306.8020465346781
2531.678880740715,-2160.266393869968,106.79044556387842,333.80306669941734
2248.557006680382,-1820.7357402520943,145.2024478021782,313.6751513406243
2784.557906232752,-1518.242042728732,251.93572369654078,336.6860098075413
1820.8305587991422,-2815.2398149079954,259.1797628656859,295.00869603843927
1887.291620068609,-2766.859547613381,224.47035173680888,309.81400842862394
2661.531352249391,-2755.1357142309507,242.66900558593636,329.7446565368474
1291.6659791626032,-2113.5204005966116,165.2929295539954,296.0247526583136
1818.598231384743,-1317.1271261593376,128.36006967821717,314.66022421530334
2885.732333189445,-1868.4814233827685,145.86473992311068,314.0534117608893
1715.7377990693622,-2577.936334503088,220.41709791971329,300.4891397587475
1979.3333004852311,-1762.041805154124,144.45384408584627,296.78798122856335
1170.2760434356514,-2647.141633701797,82.1786777069907,318.386515658705
2072.8619423060227,-1495.8007828213476,138.50122932754903,323.5735877292456
2106.802992318501,-2847.2542644687355,127.77943319853858,335.01351890386326
2542.4247273285596,-1516.1522432002812,6.09318790888689,329.29141994201046
1367.4660381451079,-2483.7457809487596,149.57186558884285,325.0388012648299
2636.2651036319594,-1035.5222991035196,40.91236927920039,304.6913207874085
2275.2905800051776,-2881.520185630288,226.68133016704755,327.34018516157835
2397.719518776893,-1012.8198069084178,163.3690302893717,330.1081856542897
2234.4282221870426,-2965.794675655678,-4.700915412918983,335.70405265890145
2121.24478232576,-2675.0794921652205,14.63762146448526,304.3494045008791
1342.0681415226393,-1340.8628288688926,231.22109775816074,308.9879541760492
2371.1657855071053,-2036.9032993328033,167.98606367166053,317.1859670254653
1061.8409806677716,-1620.755734119422,38.87450092768411,308.3511137845864
1347.2506307193894,-2341.536211418126,159.31335321661362,324.36809990014547
2082.9372386853174,-1996.253467359882,45.07836164990518,334.2490381819075
1570.892625266223,-1351.919910414963,174.0638489986914,305.9562725574307
1689.4292122969252,-1559.6384124084902,26.06010046584131,302.8263999374566
2375.506870207394,-2667.977600433066,173.10892498064018,314.6017561157388
1816.1285585656378,-2281.707965005979,171.81044422484996,339.02859762124103
1032.7877318124224,-1439.6037862109054,3.098123236000795,302.6579536824033
2020.8007239031251,-2286.9828216716132,199.10631748361186,315.1307167122318
2875.2668105410385,-2664.999906060244,-0.5122795233784174,299.8184127691562
1880.319043306678,-1091.8942842058887,221.04259208402635,318.47900912323985
1405.7005707183403,-2040.9018996693517,106.12269375861574,321.95233592695797
1440.5331587523483,-1447.2243891987089,117.44595824809585,303.15074697357505
2013.9621879277329,-1811.512126907417,27.602376909136815,336.03680285567157
2077.3549315148375,-1020.2273304548648,208.73753579698004,310.6507349033642
2548.6305534767866,-2057.5180493108483,8.345329705506906,319.8995466560563
1446.1192150197926,-1185.264282225005,157.09197306459166,315.1284421086127
2933.571265801961,-1794.8561310344846,129.69534264353473,299.7828910571411
1354.9959041778216,-2277.1524017984893,243.9233814678667,312.3784358258607
1599.182743503928,-1069.18216871246,48.409295862001336,316.1550378231253
1045.2015625338058,-2964.518243411069,232.08556970870183,324.0420046811753
2361.255736254655,-1216.292333845635,192.86161682321782,322.9815702034593
2518.735461313952,-1306.1230470386017,36.46254608681841,324.9895793846129
2718.156798500389,-1296.0695206522641,248.23839657449724,320.50103159923754
1759.3649746060332,-1440.8853610348347,85.82098482172701,317.0389264486304
2377.7137234324214,-2617.148682286088,252.94055056745896,320.68009464642125
2910.552534465829,-2349.3197654552387,20.561287496712595,306.7536464816099
2285.3201357823673,-1287.4700677081712,41.98341805477239,296.8428166729268
1081.5634303847348,-2637.5025024933066,236.32482573133203,310.10942091756465
2836.097995172505,-2117.1925553881365,177.82417029323722,324.8191811475016
1581.7271869197266,-2610.5212257816233,122.88055978123751,334.4656025916347
1291.8696087438282,-2962.9654666126994,57.17482215354727,328.51102469585135
1178.0168187262566,-1802.005048689147,241.7036006192967,295.72067400292866
1269.6199709261355,-2438.570624056947,89.93203151752857,306.22976891663103
2884.749426696201,-2599.3518776564238,174.75645371701756,327.1225904823051
2285.299072612789,-2264.4217875830427,-8.991168695180566,325.25216573415554
2438.576520292596,-2539.278185501514,253.16200250182033,331.3272880402572
2827.7733266290033,-2371.617675683054,158.95587206160738,304.9442489803982
2613.6319510820426,-1768.6773536082706,102.68129050560934,303.57967082071383
1846.1785587718095,-1897.917896026515,135.86360267526382,305.22930513405805
1972.6080273115617,-2938.2883611722496,57.32208473118395,300.05023070114726
2857.3937561086836,-2391.434688478394,12.740175442663219,324.0921124370344
1863.7452867189809,-1128.4546106887044,150.4993220126875,323.78209157034195
2413.061820324187,-1608.8890281529013,109.56410074059148,323.67298990572897
1823.555074681049,-1274.869915695052,32.14242033725044,330.48610846461025
1426.6428165261461,-1182.2374448640537,128.28598197465294,332.3566476951992
1891.7788701328411,-1929.2150309951926,105.17569286390469,317.3605734646604
2265.184539012479,-2006.728306506267,110.23666662668785,327.50544673574007
2706.3961635823307,-1801.53050304654,86.41662696154103,338.05682797313574
1194.6175240379998,-2985.641955049545,35.66692676392205,323.85293559426486
2354.0583989885417,-2022.069006515417,56.10524282764952,328.91146881607165
2876.6915499610677,-1786.144719779202,222.30462010911555,326.3528033076922
2867.2850876229595,-2816.879407330106,40.03030711141893,329.791025233367
2939.5746182744524,-1294.3226447919353,127.47698304974355,299.763936639385
1684.501027144639,-2549.357335663719,18.862525537418925,328.715926607914
2460.893297451228,-1545.3066104293382,14.694304420739147,311.5359455881639
2525.742687867075,-2983.397346642774,-14.506963825548372,308.0622180947183
2442.752379173262,-2086.5415177475825,191.74965249552753,329.55916392288844
1295.2510587179854,-2864.8483963506533,162.44980354132028,299.9478177005002
2068.7089521742005,-2353.0835662642376,79.62637891488724,300.34575097981104
2271.366528362642,-1978.072036696643,247.27956087696327,314.3561069943634
1818.4040572903066,-1078.6531110765318,-9.869523073829784,305.8437498071308
2428.998500505441,-1522.7150095169159,255.9589775614404,299.23018216859964
1262.2516418477553,-1515.3264246192675,133.5483755836949,338.26796262087475
1973.5001432169463,-1048.8584621570872,53.57546052169731,318.6598785816251
1890.3671312667989,-2711.8518839220815,127.58081324107295,304.3040321098441
2563.3890363965556,-1082.974875530601,203.44596479690645,303.88980550564094
1759.9480727932466,-2209.2974477625266,222.0712853628574,335.3504485490148
2008.0662314280814,-2059.7255628425683,193.54263005435422,308.9435971453206
2075.86494715294,-2284.640345629584,71.87451647955078,320.68590938271194
1800.6666761866704,-1051.775272703079,185.75594375725888,304.5761965286265
1814.4269139499634,-1737.1498229672811,223.61986752916812,308.77703207615224
1610.5628072072768,-2213.8873869979525,141.56405995994402,323.14190654285215
2182.4519473465975,-1917.3171685596121,138.00040407838165,317.76699566631356
2747.8628689794587,-1579.4576832435898,63.59723487605051,322.33559455049243
2351.728328091228,-2439.129147668781,196.72325366503694,304.872033537323
2596.823984427398,-1307.620568455678,40.071855772644525,336.9586687337037
1291.4059389873896,-2006.6373545701226,138.2648845716349,310.6584419424624
2273.4774383858867,-2333.2681313476187,204.32735308461824,314.95989692739823
2326.9911181307843,-1546.2519682126385,195.70184925060198,306.1541622328054
1049.7312400458559,-1594.1099522063826,135.79458206073414,313.362898097858
1033.8616158604907,-2036.8383016622956,-10.179155784734204,300.27993342765006
1192.9882391656665,-2979.6802670503785,127.36530048550111,329.2907656789047
1921.0698905123545,-2838.92653836191,251.4925549856482,296.33144451790116
2678.445567820628,-1281.112859680681,10.52163364094941,295.8102300270367
2444.2604037774245,-2858.184693720054,-11.826435641852848,338.6140172637578
2638.0752105379497,-1827.289980232071,169.2510290035359,295.23282857520803
2350.8482102518433,-1822.133535223803,154.6946247455575,333.13319486372484
2214.7070412050075,-2829.4594760725363,117.50950977309043,312.62355786438934
2666.341581233053,-2358.9760451954753,218.40460224737225,321.2605333717222
2726.343864522136,-2777.232969466256,257.32928554610044,314.4025990161445
1245.1796348397327,-2143.875678026804,39.34415051253111,310.59736713750067
1840.3420037209235,-1977.8868320851648,252.12811684000934,335.15917295984275
1146.319829152169,-1810.1044777655,7.477770274146927,334.103453538434
1369.3584641796883,-1124.8967408895533,218.26041743564892,313.7508965561347
2143.473039537367,-2751.144082280329,144.78288535662165,306.4265396414181
1819.1442809249143,-1398.9895938598181,54.5571111610661,297.7939953285274
1576.3861255110437,-2337.0045860557266,42.54195621114945,324.2269343847859
1876.4664089831258,-2930.9152261710005,206.53749358692366,338.69246466068813
1662.3060457034153,-1687.231144001482,178.02981200346835,324.8902684900328
1180.8559562175178,-1841.6735120005985,85.37367186046666,308.3235428477859
2268.9629318004368,-2655.3068035943197,-5.224959011283765,313.98325449029875
2904.0188717443057,-2826.5995733574996,214.6504878050229,309.2941512819545
1159.5589638200674,-2139.8071227933606,200.56304205151667,313.6484603035731
1211.158850078318,-2403.560430626388,244.56864037543136,334.14315079391497
1706.320601309048,-2935.0668198456824,232.37880183664865,306.3940531465586
1689.39520965571,-2053.496805837442,115.77971160322093,297.2303046440191
2471.7759719968117,-1642.6908201667911,-7.922068248332959,328.2854033416671
2549.781597287074,-2450.410653669995,56.54488051533043,336.7351987459258
1486.821259834769,-1015.949503944066,20.599392174906825,302.2135167763634
1972.9617762321973,-2671.2248364787883,134.65712227018608,307.93550812147026
2403.692539436176,-2794.6024490427417,13.284377875065545,328.2690810952333
2993.2326839951966,-2036.880130223612,233.8945764751293,312.18937537847967
1316.7244847410648,-1840.1919402851493,81.3108972156458,328.4085906017727
1632.6147784907184,-2365.150678603597,110.00465378421494,312.82282166844806
1657.0923641415711,-1496.7979674727183,224.3896893479281,317.77509082229994
2010.0554348271808,-1999.5890731923919,231.44058884477096,313.5528555619737
2254.225013561432,-2006.8606814511031,137.78190952241238,335.7394716687945
2394.977718058097,-2736.4063006682577,183.1886480289913,332.1054654384281
2679.9564792891197,-1358.601581889303,103.57624867688435,336.73562269746964
1207.4527641962923,-1173.3099932839896,184.4853630887987,302.2708646355631
1673.9968804313237,-2501.7411684429803,85.25598922081042,335.6576826196691
1583.765604996021,-1101.0621995290458,25.736123076066278,298.8102586366868
2092.397824017716,-2578.9088563069427,167.55429710077127,316.27630913190876
1708.1371394807024,-2033.7909382145017,43.37567552980172,325.8211614836438
2535.0685462189413,-2539.9260647362125,117.94824112503767,332.1773706999428
2313.5571975166495,-1302.6209024880006,37.54814804808648,336.205157523857
2358.1410608037836,-2618.162185422752,-5.693992977370202,333.8770135550398
2041.532402763148,-1374.7163508868448,174.30634884690423,335.34850947703865
1948.9494161495027,-1089.5346752334253,13.709921278877797,312.1311741240295
2271.565479994897,-2252.8388628933353,100.34718081855328,324.30468051580215
1836.1467310860207,-1891.8376995311173,37.95225482755635,323.7282028839235
2070.766315614335,-2889.5683820941044,180.9961668425112,303.4176682189862
1684.8665451703282,-2988.4284472319073,225.49709581258293,306.208775453748
1243.5567857425244,-1008.2017078936426,142.4573391060028,333.37632963525544
1590.3406944286544,-1029.7540736452456,171.79327370149736,327.3783945043701
2034.9586154224216,-1707.923242021361,115.95590921642105,332.61522825533166
1504.2042373886768,-1204.604542630932,49.882499765391955,306.383149867289
1836.934372412254,-1237.1405079751298,62.82562856718836,303.899423609186
1590.4629923631353,-2397.1283841729664,182.69166365131633,333.0915697452756
2942.8593027985316,-2817.881112549301,27.10907759787233,334.7427630340724
1823.6728800554542,-1558.1032587913953,54.05905646001463,317.41052787606014
2076.3546140411627,-2442.6928627601865,187.9262657291745,305.1661590426197
1879.060048247838,-1276.9387318312051,165.7814296548662,315.03265070186063
1725.0996546160463,-2715.776563758759,3.320714817150492,333.29290241365567
1953.0957489311272,-1307.5571423844547,99.16039119200894,318.95307552998753
2907.612349304703,-1180.9379196626435,197.2126847529502,328.00971546987137
2052.495937096365,-1975.2006080400556,249.4068172452853,295.4387908582186
2587.21078497111,-1232.1322122655895,204.1486310526954,296.76370000786517
2029.2107572363184,-2950.509309321481,136.84058426849415,333.1461880675068
2690.7901956273154,-1904.389797042215,20.774652584388214,333.5462045604612
1834.1905969729582,-2056.8013680255012,138.23853006831402,326.50987355395597
1226.095998960367,-2311.6871256417726,39.11020847549655,311.63588634352476
2620.0724487399475,-1691.7283072624516,65.49193002637392,295.34145496922866
2934.285552495636,-1805.8527033905943,156.69533227970166,314.42320472298115
1805.6856120684376,-2711.8658372727014,92.70534383974937,305.78830919207314
2669.8615913921585,-2038.588617577435,118.60141533130658,306.5744040504278
2767.8416636378934,-2028.6722305474486,162.30384693009358,327.6100250810276
1771.4270657528732,-1904.544269115452,49.4282445592181,336.8450894749141
2449.9287285380015,-2759.0275993082105,134.05522358854623,333.53770390646827
1493.74620493273,-1447.2882086814047,155.353020062345,317.9592275078398
1672.2194366683752,-1401.25296966494,147.6826586663837,326.708131490329
2537.5034551538047,-2724.9595416866473,7.773664255375429,307.97294999344854
2704.695989794456,-2603.848946720173,259.4511658531294,308.0850313757159
2150.070467377432,-2175.2533161627566,255.4367014820433,323.4277700065713
2627.6459715043547,-1950.8736197936732,96.91893753600334,326.4674810372893
2318.125971231553,-1283.4882058650205,47.7784089690324,332.1243658229799
1273.5836374555731,-2232.2619046713967,195.19836014139062,328.1276069375442
1878.2427692015929,-1597.5331022349371,133.35414291289428,320.6054049109375
1871.3344155294044,-1280.2774846466787,-4.50878722591518,316.3256739995556
1292.1133629809287,-2823.660252280084,-9.41809004760076,334.36957899979586
2540.772058054079,-2258.8843852737195,55.83331484058594,315.5965709425593
1221.6776658642943,-2271.177840622766,160.45573029068217,332.8446536516303
1446.7975233992381,-1559.7053263256248,93.36630875081082,304.9700136888283
2590.2296537044786,-1852.1190698925225,108.72667398247701,333.91048194848315
1846.3360416536675,-1514.331900100827,43.054520524134745,339.24400989429915
1145.6627841043846,-2419.8098353089863,246.20122719400547,303.0570705311082
1190.2880616292236,-1403.4527867873153,54.94996419967755,338.51448962182604
2572.5368491190484,-2288.7325316842303,187.34511367854788,308.4637856782571
1935.2956917870247,-2613.550318582022,170.96076259969266,333.0050673249297
1688.2777667645373,-1271.0856905075698,31.49745393728911,337.5410231976204
1709.7447558599356,-2808.542953157103,205.83639577748022,296.28570421520453
1831.250130687869,-1362.1137628541194,53.34325142838621,327.5538527635732
1443.0593829738295,-2031.9079176299047,184.58575588849286,299.688216016736
2529.0928757216725,-1086.9226007703926,142.7018701071803,301.84307151510626
2345.6101506285004,-1190.8160063273588,108.73715512576248,332.1552440034098
2183.7856282390676,-1765.5431211951684,-11.080271794799344,318.28692690468233
2074.696490559001,-2343.4644526177162,122.00002445024197,326.2214348903513
1732.6716914702802,-2516.8172470345125,102.97886119619172,323.6067571948039
2931.7586253956733,-2759.436372588349,81.20278882822919,316.7730067880065
1936.9381243959779,-1506.1004182745764,247.5056137509041,299.790787242406
2516.949727154706,-2966.0491452367414,57.27108218347921,334.54709401103844
1993.85946218883,-1486.471770603014,31.309015393568465,306.36853950278777
1752.7932508534177,-2126.497818491967,220.48772073241807,319.196359871845
2106.583124175667,-2483.805177936386,-8.157820307248448,321.89486297463657
1736.0760365038213,-1187.4118936523398,196.65262862903944,318.83069728168084
1426.6375596731918,-1841.1886188624378,-3.123238828897696,311.47728362543654
1942.8877196707024,-2572.8679731287752,-12.90383226685668,310.53228149228573
1820.7618678125896,-2305.20615828238,247.22864031870353,330.02121726856694
2558.3491633798067,-2673.63451922605,237.97487301159882,323.0591057249192
1730.8867792312071,-2330.415068290169,129.61291783819172,328.70109219796024
2619.025127791074,-1061.16797438615,93.44469978741013,323.1766149271111
1362.8199463344322,-2244.996280970105,98.97392196950017,299.74133075683125
1930.418106475257,-2400.084134510943,-4.780105883867053,301.3748668619659
2878.463541828234,-2190.1098229187533,139.0620205366331,308.1534243804096
2708.387803317558,-2801.1268273333076,97.65658422917875,336.7818867191285
1273.8010764054761,-1226.7235240710083,178.60720907758397,313.669611965358
1876.2192652044205,-2942.0497097543475,235.65070571638572,328.6343612442953
1622.4395054569347,-2070.324778945228,124.00152947144807,326.77762585661833
1383.9466561532772,-1790.7555337058966,195.89509352126095,314.1889669724385
1082.9810322406506,-2613.8015306426523,153.99988411934203,302.5587673791834
1140.7568728771198,-2401.903384918238,61.55992135804418,307.13406417731017
2144.895790681764,-2894.4044074049343,75.5484288122729,316.7358304861132
1348.3117530539614,-1609.9284964837782,73.4796040924308,335.13767026133945
2871.9720151191223,-1717.2931216927168,20.121297381764535,332.6267049039412
1209.8643744626572,-2699.6641650473175,240.2871112790975,323.35598350707573
1203.3636097915794,-1192.4249468918897,108.03862779598622,311.50277976681116
2321.6558005051456,-2889.794851837509,142.77365143637405,310.4925015827598
1342.3315297478284,-1344.8112048231355,253.798514515865,300.45060741599667
1769.9466899470763,-1213.9252385083753,182.08721690095402,326.3073610102976
1563.268576554205,-1218.646567463422,6.239782251063836,302.9704289262076
2863.58806030103,-1850.55862327815,121.75512018027814,326.6429788665549
2934.232126888382,-1024.0534763512094,120.34525837047843,330.9053395401982
2426.6727372583714,-2895.099902006688,86.70832323890004,336.59958406491273
1412.1480294512623,-1756.8365457997816,22.622973774356723,316.37383087801504
2751.5011653014058,-1069.911053188981,210.9841033120723,336.02469849059634
2972.504777480276,-1303.6731824336434,76.83284485112922,321.2855170137707
2390.871043500448,-1783.8730354262555,154.7496433093276,337.87916761410094
2954.4374317126567,-2482.666205812975,210.02734282471644,307.07450334185
1454.6045174434862,-1756.6185468959739,212.77918325744594,300.8886782099958
2432.809991252265,-1670.7871134638478,1.9944123631639492,335.5768670460135
2362.83987306746,-2921.5141696180453,111.3172742713382,320.79256448669184
2699.108595989249,-1436.0555876755302,210.01910989873258,338.10284236918676
1178.2995941193083,-1654.0022778655677,9.499382060372461,333.0128592312744
1862.5270225168072,-2748.2683838404005,67.42995758406174,322.87423168196466
2172.339012733598,-2523.1095728845303,2.564303577389879,336.58198051676413
1875.9388390192164,-1921.749907043917,207.4263595808321,308.6644100266575
1050.7220401936804,-2710.4295065230403,1.5978150413735541,301.7787502847543
1422.5295339740605,-2243.6397909727184,224.9520654354526,330.09804848630586
1348.309330560378,-2520.2435802488358,31.43921883446925,301.86266192032906
2774.923225738893,-1176.3072786009861,68.33451830045858,305.1592677355557
2118.4770639874314,-2187.9622979321443,157.5172777265745,323.68442167573875
2436.100330287213,-1738.9386875171006,38.09904746712045,308.79387479367944
2615.2669774285173,-2427.9680222920556,46.6764563525923,304.2673468833679
1694.8259901570168,-2580.1903783181046,146.92996401811,327.89148610131065
2330.7569320651046,-1183.0339891794547,90.1740609028721,309.3302691409091
2853.9517227525907,-1763.7489070339711,-13.780240739329315,332.2550349491919
2120.2313892665516,-2424.3197164341614,199.42123215392223,323.3870682712052
1742.402519656877,-1546.8733506547233,165.94382936501378,302.09803260327004
2430.1170967076205,-1411.271507294827,74.53565347410941,331.61206234079725
2011.340832238899,-1186.4736907594015,205.65964963031152,327.87257174755564
1714.4787179816788,-1152.1052016960978,192.66535666555907,334.28495105046585
2890.321192061804,-2122.473030393894,21.030580005816617,329.82245387189965
2938.2627123833768,-2095.7279112190613,203.48654493934026,329.08498921909313
1709.102689160372,-1752.534124351054,148.47311299531796,300.6720961080846
1892.2816976479953,-1533.1065636475928,167.4438338647693,315.5227822985213
2641.243229418048,-1491.9553138278475,134.77699089919534,334.62199723349755
1557.2105610923097,-1410.8562211927947,103.51509256992134,303.29315634176265
2533.0409453347706,-2147.460492859097,232.21749440760985,310.32626234308515
1525.8457530605376,-2065.262536636552,89.77113018332038,305.1038330179231
1889.1464767636267,-1862.9146145152408,10.374991260450948,318.8812687641899
1067.0066133119883,-1819.5824925359777,21.277307827502163,299.3461351690577
2521.2906317309717,-1330.4085785209072,75.86809465592412,297.1301034646268
1713.2183045999602,-2983.3959613471566,198.56930525270312,324.3959947227155
2229.720854098523,-2739.405853061632,175.9538751127752,302.7009802965023
2361.9463070145803,-1755.0063345040696,39.30315263361171,322.3806736318633
2543.069234524506,-1683.8649919067918,66.4585140452629,324.66260938624436
1304.3039747763983,-2050.5438761995774,201.36961933778085,333.25210647302146
1276.6032654085664,-2175.3952642191657,130.57710986284275,296.602442168459
2055.1896373011614,-1496.762630073786,80.43115725980239,321.00274398412137
1686.9563089293952,-1370.077192095422,196.43233496430008,325.71834315106025
2707.1527951629405,-2139.348182054873,201.76208825398876,313.92334902074504
1221.880535901448,-2762.760306060615,121.7973182748735,332.83934447807064
1764.4315256228704,-1339.4513673330289,125.58448985785046,310.06023605514855
1319.2314698888476,-1289.4703786283314,199.84749835120044,331.042942031262
2561.0985278987446,-2748.6787916420353,-1.2168560504887793,298.88254885299614
2774.4456755074643,-2057.3961474185803,25.82709903719666,306.2049159168126
1023.141312820115,-1224.3464102810892,68.65620351304288,309.33478886016024
1306.1630979515628,-2906.502182727802,186.43909617721394,334.9883633786735
1709.7256693870759,-1773.6577024016578,17.55230206166909,329.4908479877936
1713.801157217386,-1227.8938338228284,216.76481097362554,308.49872271451164
1656.0016122363184,-2633.207530102043,133.5623050587311,326.7484884871707
2758.263683907134,-1721.7235978722306,136.44852048466726,333.9173071146874
1338.5772161999653,-2079.9239476437515,-1.5408754642849356,313.87102927645935
2953.3273822876536,-2232.0069631029737,0.986180822410109,314.33773750849247
1645.3233859037882,-2050.139995152367,21.999069327869584,302.36155595871224
1216.1247700208107,-2409.9541353944082,248.13150912718646,330.32181058991534
1252.251738974077,-1838.6463234192704,212.00284508770284,337.22255875902994
1883.4983038426612,-1699.3198175362465,51.02585377689685,336.65135535056555
1179.3919203940964,-2070.946408073668,170.98858995856298,307.17485867454155
1575.43413873046,-2729.8289249977406,80.31075241970092,331.19415339506384
1838.6628621195896,-1412.9505249394126,237.36374370426577,339.39352834362097
1646.5613173483343,-1884.0285901920179,136.67619063626094,319.00490998920634
2804.264761974873,-1832.682851706266,149.54241505748666,316.2617108282875
1634.5687888747404,-2174.275711106913,89.47165537635408,329.473030247285
1865.862534616359,-2198.3084280971625,221.57042490006924,303.0918996259285
1528.9697461639116,-1475.4088095687907,113.56912472337686,319.28331090901696
1856.585461355152,-2545.33486481202,237.21943680453958,311.3556975431696
1947.2449675862506,-2709.880921969342,36.73635737537177,314.89077757694514
2487.091020263236,-2342.463104318013,232.84125259530637,303.1321487091915
1774.3093599727076,-1303.7917436196835,77.38594141046488,338.119271554555
2320.2814679791472,-1370.398204108159,41.731111271937955,312.26143508514724
2307.831265469844,-1289.7854616424718,164.44618607645268,305.64336874243
2294.2078352641433,-2514.2379435776757,201.34741245471614,301.5110816845559
1622.3091226375586,-2364.0974237914374,1.0604645433028423,296.7369761669931
1880.6070635034694,-2609.4546036514485,189.08608737194416,299.1924127920049
2608.5195944322345,-2509.9671425699885,194.2144726466465,302.12708556666234
2265.8947348735555,-2492.4948923828383,191.64163624212955,339.5730640102666
1692.1220523363738,-1830.0444538057507,182.74009263512826,309.79031971743996
1870.0972930946882,-2035.1040061039948,152.64177221002433,330.1481923896534
2802.8412368805753,-1896.4955593954849,192.02702945752438,295.52772972779974
1388.6735957106273,-1421.3196367613846,165.70930890668276,303.33442063587444
2269.227628027639,-1233.1697747013134,11.186141264520892,314.0214497421501
2618.81076057296,-1944.3166640425716,196.44835473936033,331.9602118320606
1748.0137509918634,-1376.2524644194548,91.01975158580345,321.70420329999064
1094.0144827995778,-1536.1404214001416,244.25665258847084,298.5595620167467
2956.2545002973025,-2978.1770265262376,98.53228590001366,338.7072526835249
2131.1476429416894,-2085.0231402828294,238.54451589831683,330.34615604668517
2553.0017356085923,-1816.705898607568,60.33453691331327,311.0640260072068
2646.4258508530947,-1606.1564166167236,206.6897515699237,320.5941410788941
1681.8886290715182,-2157.8482287985717,177.5919643171176,327.65953443502815
1558.5496275533253,-1997.352412218224,146.89902745194044,309.0666982641958
1465.1319663349389,-2120.6502965919126,-12.134647731680236,339.8165373635944
2592.9435433551143,-2148.8696414697215,27.503639338579,311.1985621514518
1810.960996795,-1568.183015519218,66.09455426865615,334.1356139347569
1567.5004642032284,-1398.241598853338,59.785273285029916,317.94151237181825
2123.8178995234657,-1534.5925139740139,235.1067632445344,298.389081622761
2063.165157935864,-2957.913474569041,199.69139060126133,338.7783881826824
2798.104738716889,-1994.5394856384935,101.21588018526464,297.07613535256104
1337.785616759639,-2478.745790216042,15.793346220287034,306.5275510445809
2409.684401657524,-2915.7093063012694,200.89127661356963,302.2348117962843
2719.724611749799,-1500.2420487906952,19.391772677913075,330.7380662128975
1704.2951862105706,-1496.4826265791971,217.04571788758122,306.259184561221
2096.2759996522946,-2331.0438000514428,60.44645112710025,307.46535397151877
1258.034668054942,-2671.2458715376465,61.40158752444593,307.9588916521226
2993.1848369319014,-2421.835430156198,-6.14672946840173,298.63251190915656
1196.791237066932,-1196.711891832079,175.1644185376814,317.9071075608804
2791.56739624743,-1013.6536964573281,30.27208025874699,304.88289132627244
2048.654317767052,-2852.8960900984657,101.28000220076943,303.4236698192307
2653.540025947972,-1515.6473867636303,187.60510992618134,336.2220115222047
1300.0470397707686,-2578.0309203956576,216.5366577269842,335.16304966053167
1563.4941352900782,-2499.0105896960745,246.38960221122863,323.3357707835882
1935.9422214894794,-2059.735709484914,54.32073929585633,299.7120123084622
2611.722586261064,-2065.2514722232413,3.3435570376648194,322.9989325383745
2155.777186326767,-1930.974246784692,189.79736463630266,314.9265426332379
1067.0607118757812,-1756.5352152135213,168.86513739785002,320.3742768596703
1383.608853437187,-1204.194441539152,94.70344657889248,339.431837247533
2223.0547308076666,-1364.6464499687415,-0.6751779827589299,313.3294877982463
1594.4909451319272,-1540.175351841078,153.98270557842258,308.0082452452902
1365.3141240782484,-1243.2166079719445,234.77145665997776,300.9311390289639
1599.451518173614,-1939.6703953532506,196.49052425746603,331.8337662885576
2848.9479242590414,-1280.1038203808287,210.16321605657294,316.9792680176804
1325.1681811816409,-1814.9235602741974,10.30427894367763,297.98299095378485
1161.6760553217384,-2158.263001254182,240.62743570948518,295.69494485585
2383.5005605431015,-1742.8809674370355,179.2518626642721,334.70348807533225
2779.031139649379,-2086.5084836826345,180.85485611718136,330.7526312296712
1808.4815924987056,-1129.830416993839,169.97612595731857,316.5370982894983
2919.6516919102933,-2371.9126347682986,100.46798972918259,304.2044274381624
1610.7920059518183,-2879.0546911082097,187.5807674857313,299.3326502960098
2432.922419627803,-1992.3007003552812,213.51892480932605,335.399820104232
1496.82601273516,-2631.3688278291047,100.99979330307363,300.17791170162866
2915.7938602650074,-1344.5931730894595,180.89353713282924,330.19835706912704
1454.8753760120103,-1455.24831886765,237.05449372690512,295.3635083227751
2425.170448637984,-2353.219134970116,-1.7213104008553675,324.89763996640124
1271.0927168642793,-1650.7104693252286,41.05709247130067,325.3863795568516
2659.374481806218,-2116.5609583597143,210.36838081128997,318.7409117327171
2024.4639944338155,-2276.3470449354004,74.61098797029153,295.5166985285075
1715.2015223093872,-1920.9214692442483,234.90369398606407,330.3913283367556
2846.8810643097368,-1825.5596028515038,99.44537739765828,306.7021479315876
1929.1043655534745,-2349.865939458008,125.8839016628367,334.1786844003526
1317.4338496236376,-2796.6226581681813,173.34445356295865,336.66570575176576
2710.483477399499,-2769.7992127580605,115.32968314337347,306.3184318764503
2641.400431493107,-1148.5059908743317,32.6302473243314,316.08015358652364
1111.7053149774513,-2111.359365819066,80.8821511365456,317.9097730968005
2038.301767395841,-1006.8541117653042,100.24774498462756,295.5359304618536
2080.263931724815,-1389.2240629985122,188.79761289080608,328.11793259237874
2824.217215945218,-1550.7598984220342,74.44680241214519,296.4411597879912
1890.7814473754688,-2595.9826210012247,174.4899004287364,309.3077369845083
1985.017235489985,-2198.7503621001897,258.3544523051626,332.8311339498687
2946.8162387196517,-2059.6843928591366,125.37916895986768,332.7381042420284
2762.730889711418,-2124.5863223538254,137.6070565813108,330.4154836135479
2587.4355141833603,-1642.585222755382,185.3179537850659,322.2343328029109
2888.193610716892,-1532.3850625249272,210.99128399698097,332.6554729139872
2617.2486201266424,-2463.7322975451484,25.159472674294364,304.62880853434274
1989.6055527317822,-2047.3767084983756,-13.626694715316507,331.7332387243781
2633.2483202730727,-1156.4288551883815,120.49075016503136,310.28815701246384
2667.162556511297,-1225.1328291616041,103.5525162394685,315.3091899835041
1014.6227552356008,-1257.1390151856897,155.87241378840017,309.81967712427553
1481.603013322297,-2385.62442829739,117.62073418644769,338.96508659630183
1124.8357808897113,-2126.487366093048,185.9912178367837,317.52700280474
1857.1376334175209,-2103.316749680884,1.3579690016772048,318.6156754871181
1436.509660044866,-2415.7726260814798,42.30245043822101,328.93457506913114
2961.0900519278157,-1007.5274021867956,39.21928128894296,300.3697478624561
2095.026578246009,-1644.2152071002902,-8.540239177840984,304.3041076644265
1948.7116931761043,-2617.3019848883905,39.99555696699943,336.3182529702247
1071.886761445865,-1227.943325207198,173.43354332555563,332.9640524300677
2635.0316120859143,-2238.606301234613,85.7324840921535,318.6807972890461
2081.9981864167594,-1631.152808363562,21.385202024340714,336.48198920100964
1941.4000711865856,-2162.4089955338086,83.51210046653435,319.2835799873729
2971.8525315298525,-1151.735864036965,77.27890249180247,305.5296389592214
1326.3189819780096,-2639.6030062799377,165.46870192592004,325.87670881418563
2732.348356967216,-1448.3415032232517,140.43016283997667,322.0158964910914
2563.7118716630957,-1949.1039726786187,48.03080052625758,311.8266985455867
2074.1143508712025,-1851.1022285443398,71.0915696262427,312.13000074239386
2572.346139012954,-1678.9561400135199,1.9646775517471937,315.9098377332698
2550.7873230258947,-2824.669894277015,218.46435380054635,329.33476437955403
2260.443928902884,-1890.350998134354,22.50415269777868,305.7759636056744
1149.0459798214893,-2264.9505195431398,26.14831094183439,310.14866866909546
1274.5555846044488,-2350.301610486654,10.034126309789293,321.79509872973426
1797.345843520724,-1780.8150876722186,165.99917098769882,326.5108608630794
1263.8601152109673,-1845.7634092151488,-8.196718124181599,315.87877972640524
1385.5984358296876,-1859.8246499257102,247.8156503092108,320.4670095274383
1204.2344894886767,-2504.3393940046285,250.0508053376027,306.9636137470808
1863.241869882609,-2117.978540671738,187.44906025317684,337.15939410604483
2537.0122475425615,-1608.574524182158,7.559147253114055,312.76303290677475
2620.7528702930804,-1776.848555063075,106.54405259870177,305.4127922268918
2189.2656429365416,-2379.230616906744,151.57203227849737,305.1040288609361
2735.7031855640407,-1144.7066608369723,101.07615199027768,298.1594344201111
1599.4549279002836,-1710.7091354822342,9.397804307780994,319.8300911410511
2009.0645873075362,-2298.0664397844266,61.038911220762415,322.16149721418304
2631.6168405654835,-1117.3199794958784,184.18820558449661,314.4254761268911
1086.5357878714556,-1096.7684861483729,22.4610288815015,326.1265965334194
2158.633858126483,-2730.07136216671,190.13471482245848,334.25824691490595
2576.694402797756,-2958.32063669941,244.07666941923372,324.7804783996755
2790.6333806565585,-1044.234968659533,246.65010303268411,321.98010483688233
1419.2630683653308,-2691.1681902511896,29.046569162634476,322.99308201959167
2812.8711944101115,-1723.300421897754,220.56489509712907,313.2891040598099
2746.0461172092337,-1145.7599972092669,149.3358747798389,324.55680042655206
1496.5202178580928,-2700.6851296182163,152.66307452697694,315.2225571240609
2798.411870646534,-1498.6140868200023,10.2996697076279,296.01672572903965
1934.1063526634289,-2498.109906276131,-9.753585181722263,322.81146919258146
1218.3109699107463,-2451.3294516494257,-12.685546634319046,329.2192598175153
1852.9359609987334,-1659.954769981754,213.2091117226322,335.68187695281176
2435.7420031236775,-1571.0442214628602,19.33062322207124,308.82622633052637
1581.8039113680977,-1264.592853434842,250.0502965837705,318.66827868021073
2403.069316138689,-2036.4688880049707,132.8612347073627,328.91570425223637
2567.805766145253,-2468.7220116969306,195.61315488837604,326.7619829869275
1226.7129317004176,-1203.9454444584335,42.7052233899732,317.5145218023049
2746.0866912355987,-1095.880370766086,161.7578256735537,317.4815621324786
2032.7561521428347,-1045.101907563646,149.8004521736753,314.23337052320073
2284.554637945438,-1278.3151530953205,111.64352733308914,314.88921339799
2690.6474474921465,-2689.647428450569,54.59976011419599,334.1049778593976
2408.7733754423434,-1652.6889823108202,152.09930341061994,305.876243202085
1859.5877126126104,-1879.8030108007947,199.4215873023812,310.4943163410828
1342.9837679711025,-2811.424831851848,254.11597219990387,327.38371929940035
1552.4122048952745,-2084.8377957625817,37.04531871152645,337.8593113459025
1805.9668518078088,-1600.1363194448686,154.7757191656223,303.0194829278133
1561.9298023590243,-2033.0567069296496,92.06336456713055,330.03895983455686
2118.1595848779507,-2525.907613121782,203.9307589306642,332.17845960880305
1359.0091744466058,-1698.487074214067,26.262324385793704,319.67941120652574
2551.813803212924,-1186.3173082781468,37.156312237688645,300.22150453119
1152.2644952091323,-1924.1297093711407,257.7437283834206,296.9375903085558
1237.9307607694864,-1718.0096724023479,112.97247160191462,297.44276929582435
1611.5752777566404,-1450.54066916998,103.22560219684097,337.91572405996135
2745.538344566679,-1686.2870703443714,235.04137663113647,337.0098463148744
1236.4869518182236,-2342.3546109350214,104.77765445189353,335.0244296068864
2074.6104159016377,-1935.2906763439241,63.12414160352516,323.1403029552102
2765.4673071556235,-2493.7612176611174,17.878292887615743,297.40681444622896
1320.8712451683184,-2392.929521173173,127.56845123897574,303.8322661454959
2799.694088474588,-2859.6425598356495,173.70047160951341,299.8792527247287
1218.6136061993986,-2792.223298084263,1.1862335872872691,316.8088845784888
1482.3969471018495,-1478.354637592309,187.2191740900023,319.38086538180926
1267.079539585231,-2574.964845534549,235.83714486205977,296.58831134862294
2692.0938413210074,-2205.25287422811,118.39914096530725,295.52058421630295
1842.1365413322055,-1391.1140852857002,31.957803369530005,317.05616625744784
1390.1847636697573,-1056.336052612468,39.67848477396194,298.4692626441665
1975.5230303904477,-2615.2182271878523,217.68439175123223,305.48131711815716
2183.0295473995766,-2240.733203060232,34.11913918816853,323.5688264454142
2367.0651527737405,-2261.6794217008946,41.61889850825131,316.17405463281716
1140.8718407193423,-1116.7689633767125,214.97888811824456,323.77335091415233
2682.9501908009706,-2589.8959046361283,212.8958563859985,335.82323834130955
2973.4891072871706,-1015.2107786588044,36.81058173800187,297.539155339977
1371.7849970872794,-2630.5951751625366,111.59698443516385,318.8327761660722
1526.0414611975739,-2406.589692620087,18.32735248481024,307.0867578460775
1526.2424490383883,-2123.544021470802,189.18306480759432,297.00898158723635
1859.3783023054318,-2520.658488774298,257.4718303781365,297.87176953160844
2928.5882269238627,-1741.2274956722104,44.25819018446871,320.9083092101979
1950.6845467471812,-1269.9157149928014,54.48472048957994,324.7496801813814
2048.494089638658,-2281.4039438731397,235.76259880389154,336.5828987469232
2817.501984441167,-2633.874122077931,135.7610604549474,314.4141038114419
2130.256572038392,-2286.4643234448718,-5.5292696265553065,334.44318140403334
2034.042821346493,-1363.9736355882972,88.29220328155829,320.1783430250181
1964.3249363877835,-2269.9466921275452,100.75071101920652,336.3894393946443
2533.039343511605,-1488.7431659743884,149.7110636095135,318.46530797617004
2243.335601387742,-2089.2021031617005,11.98016488719993,315.1398257090366
2634.980603829332,-2717.761921644873,205.80206997917557,303.2592828102855
2282.33603903353,-1555.6344316752522,147.2783247909217,315.8693468254107
2814.1184011872174,-1451.2690808475334,163.4692211463293,335.51944076301413
1903.5381443822125,-2433.6527283425607,139.40743846520348,312.4600125101166
1217.8817981318357,-2603.4018271395435,17.136000121680134,300.321108993085
2392.7211463976264,-1521.1515454131115,227.34105452821453,295.96439613833013
2963.8121448799657,-1004.4079492495728,29.197299821113653,297.9262541903725
2694.2475038101197,-1111.999430241859,208.23029282154587,330.3664401571931
2767.9103406204513,-1388.356765183546,251.92109938222467,328.035930974777
2154.692822405901,-2137.192297964798,170.24788804406063,309.518910416531
1328.7331512240492,-1142.2657840588577,50.79736439044821,333.1361002934072
2716.866792967684,-2157.5334145427596,27.781218217932462,315.6776542482181
2769.893928261671,-2627.633191445354,19.348993032598145,303.43148689501066
1910.4339246662425,-2160.4611072835305,188.66669103979493,319.7403441669438
2368.9909992458033,-2159.4904881047883,-12.882290133958586,305.1590243913448
2530.87632714796,-2496.8884357564884,227.45139834152067,308.6933195139361
2343.3878750634967,-1896.2168028633841,91.54316775901678,318.90688392904644
2332.635032175881,-1576.548696108042,91.85816341939535,319.1886260967243
1255.8113347522924,-2172.8548231410887,142.6795916416348,335.8030737847937
1865.94779997132,-2027.5301007165049,238.29771658089223,323.34375871266997
1156.1295149736802,-2936.9071322483546,201.71338465799468,335.9643405272587
2199.783284907544,-2824.5555093940548,78.04864298374889,308.9731854737063
2826.209298681219,-2637.511572309631,46.247491689490275,324.36325091918354
1521.4037694976223,-1741.7485073160924,-6.605947408966843,306.4214482901561
2340.167605422638,-1633.6809689660072,79.05847022519568,320.439315867529
1019.2198370965444,-1204.373938847887,230.24726800819846,308.8222790243951
1116.6178850947178,-2900.7336874210096,72.54819732843939,334.187548021422
1449.6310475349042,-2793.9659632464636,235.44676839080807,339.54235934565764
1616.6078444552093,-2806.429878304612,126.41383500720119,304.6917090816022
2353.5983976171883,-1900.6961867879766,174.61452215965912,296.5983781540739
2864.935111346431,-1244.71374587936,64.13524294649775,302.4431291185709
2716.12693343148,-2872.321730942449,80.80747868103742,324.8950798722236
1841.441997396225,-1101.0478875042165,60.62389415011637,326.20780616111705
2491.3086535653692,-2684.2298246505643,142.38679715778815,322.43915482443356
1530.032256633927,-1135.7771012270705,245.73294010084447,315.2594941402858
1582.7068481830793,-2478.8220469598036,250.53162666437998,309.09435484743017
1844.4630979290002,-1746.1686825541785,175.7082395921419,322.73567048950855
2741.7800763722717,-1080.0915155571809,161.51504917403236,297.00502908180766
1462.9386435058832,-1250.325196300064,245.94777351880356,310.9926118464333
1850.1251485486096,-2751.373098470065,242.6303260232341,315.3446000212983
2791.649250178565,-1316.0191839067727,138.40127485273396,312.45383466674946
1261.7824042042162,-2641.897272337876,16.087255428566365,303.2023946584098
1098.1829345862784,-1260.3847871825822,22.59607894669928,299.839836043241
2134.7101687427294,-2986.765047299032,90.3295265508191,295.4267470085204
2720.5582304087407,-2644.0498393135213,132.07584576941588,326.2052145513782
2149.2861523934007,-1471.5179360877557,35.44315500788812,309.48260466988535
1814.0015612227478,-1241.0028970628077,32.543344761995,310.479090896161
2725.335828046964,-1894.4599643380234,38.64016725672692,320.3956280600543
2503.3904624228235,-1521.5661783039575,25.033189455126916,318.7422511682392
1563.027737162421,-2504.5010624231204,252.85939147496822,302.0362340326156
2962.504453023769,-2601.8208926253446,8.488043402947,306.9656398034406
2797.955399797106,-1651.2707003073635,76.96432385749733,328.8804152597435
2440.9380344852234,-1551.3362795256317,218.4482426606902,309.44942171677206
2905.4434486308483,-1701.633382238917,83.11836678278519,328.7781820316785
1332.2679233991757,-1066.6223898420628,61.27921593190473,328.0757418481298
1632.0209270401047,-1390.4632501651065,20.438354503444096,329.71752223721955
2651.4564921887472,-2910.288846295345,213.11237796127958,319.85592308013133
1248.8015110528227,-1363.4145105911439,254.8846329105246,317.3093518142979
1993.5984557714,-2939.880591242041,170.57395412162907,310.50103775882576
1325.4219830408497,-1943.9917949585881,244.00630428598203,311.5173407487941
2999.301373762494,-2436.056372433308,228.90329194409358,314.6780235822657
2853.861956609343,-1283.1147639350936,128.51060671829322,314.60717579507923
2077.5324303506127,-2003.4361608893068,225.67520625141546,316.308649959827
1532.3876521371112,-1647.6642335405652,67.52421278975585,332.4661251651751
1370.5274720280477,-1882.4105598673664,-3.646154968340573,308.90243393588975
2734.8063486299125,-2146.120361546911,122.39816771513736,329.436952382154
1625.4339847554222,-1823.3614541989198,235.99069357304015,330.47970326204893
2180.420084688907,-1257.989050318569,62.44910914347547,301.83499957212854
1027.692328544617,-2608.492988325305,-13.6437299144563,303.7678160865976
2265.3386684597317,-2318.0343078928977,163.21520070762338,331.67064219548274
1959.7347378997385,-1381.0386003211254,73.47266229754459,312.1769693276206
1027.0135213078854,-1589.6450481931302,-3.630599898849546,316.21596641523183
1940.1760543395612,-1150.88346440073,15.653771478444742,320.5330027907299
2460.389457916749,-1596.6142348181338,177.93044394717938,307.1401874841178
2009.836312766267,-2918.7212557226107,245.07856187052914,334.3296701035344
1142.2863233929688,-2810.0416750543463,105.85951461199903,308.25525073812054
2757.1292154083167,-2174.832020549906,74.3197571238747,307.967389424897
1081.7762749195772,-2361.0290035087583,250.35071109131178,297.2654721336076
1093.456517631522,-2286.995910061136,1.4929388221263338,321.82213101520847
2122.7262032330163,-1939.5774337427147,221.53990697784235,302.90780428213134
1850.0759734153582,-2690.751717697509,12.348471727664663,299.4619151564626
2811.7745191221284,-2494.809624622777,205.50870330323352,315.2153619837734
1889.7858820888423,-2282.216807624219,20.91511592336333,322.7997081789363
2406.936969739313,-2382.5028657744224,211.35971411521905,299.9574762899005
2124.9389912750767,-2574.6670579002375,-6.206732816940939,337.916169189722
1990.6632171574183,-2042.8054955881917,-12.625236104452826,303.2258654857157
1219.5749064354645,-1606.1458987219378,46.60994961258112,322.86751656158043
1690.6531687171832,-2819.366616550128,246.78070049261794,326.1664617168855
1395.6737354136155,-1238.623868097943,227.50378125062045,300.1843616835788
1020.8899763388799,-1429.1554031434823,230.48316180292878,299.04613260019534
2843.803335287138,-1685.143667810412,259.6141940103215,326.581066484766
1448.2711135626841,-2532.1504392260968,19.74430944884775,309.72694528882494
2860.9536927451954,-1988.0471729909204,180.34906965324203,311.4996795992053
1432.2990415994282,-1770.0891418980877,154.1880642563349,307.8804809803827
1547.1714109229074,-2568.707230382404,202.23817409103592,324.26865251617926
2435.4445467466617,-1238.4971420853717,-6.779276955962935,315.5478867523873
1833.1501419225756,-1422.9179214742355,196.63944232817303,330.19763378639345
2832.756660383011,-1250.5836808950514,36.20337825854497,308.94686997912027
2263.9322257092545,-1456.739545573925,106.16229082993573,331.4454216949503
1210.4722894401602,-1712.7322778780335,199.01052916238305,296.1177473876892
1309.469506484253,-1063.2430256424302,233.933422701036,332.11878153528767
1720.3361200888314,-2938.74087180776,110.898350691883,329.23324579272173
1085.2058445625282,-1239.9993972709376,125.83518515539521,314.171625657256
2414.4307563711627,-2946.8873784899647,241.03280958111247,324.28834694852503
1004.3975002609758,-2761.3635563828225,87.35952284094297,336.90443998048744
2644.667909656111,-2031.954296146495,99.59419906692919,322.5524774213242
1792.4993573873378,-2628.163462611958,214.28386076177406,335.27560414991444
2799.9607747763494,-1369.4531639716406,215.0742317384958,325.2103828713314
2709.395153607328,-1157.0563864637663,90.47812468001571,300.0412183768456
2373.1714386759304,-2647.33497553531,6.156249723810447,329.7123834969753
1312.1044834824288,-1363.5426189272125,-2.915781201298657,331.9383285244313
1443.1659160403863,-1817.5393906538654,206.7167233890501,306.41473072677303
1831.5423722852747,-1720.5113205332545,73.13333199033616,300.46173353277294
2701.2365549068422,-2520.7305717314034,152.25927525250415,321.64917552218026
2593.056810030682,-2810.101870892311,161.9441634218971,312.95124026448315
1889.1244805635433,-1531.2322743588384,45.61204448603771,306.72970352693005
2110.5939145696593,-2794.3146461978013,89.85582969515377,303.13731259435093
2005.105106981803,-1853.6605322352339,18.421817723708052,305.220474724888
2985.8170260762495,-2088.9048750064917,22.293709189225886,296.7003456710367
2304.1969832542036,-2834.8126241593545,160.83825209011803,297.53568842749854
2990.3417662452293,-1409.5355037770028,200.9227462642301,328.14143031490653
2276.6127397625114,-2293.119700727907,239.56367880985616,336.4774233093044
2311.8313285597364,-2919.640711626493,214.13769569151856,295.75537011912076
1003.2757248061894,-2723.8442701416816,3.295767644003348,311.5700380564606
2961.7830281086726,-2759.784480922386,-1.6550566081615479,302.8912749769706
2611.696780833962,-1356.4743649940497,159.4386294996587,331.2243705498039
1035.8772040338945,-2129.869045834859,207.346311298179,326.85838135551717
1261.5822136130785,-1210.1054249949668,29.05507772340588,337.1642638676986
1680.575749434408,-1434.021693318886,143.8150172240347,303.98833755066664
2094.961262342306,-1706.9825749949082,117.3711353081419,304.1954278486009
2205.583540285675,-1135.2425479890483,105.28032929529716,301.05779563487613
2192.6663344562194,-2155.0358249962464,189.51526996038143,335.7255209476547
2979.5303982728187,-2977.208215654362,9.69530207092253,304.1424044432157
1963.771965503598,-1116.7822096452173,19.60038858659216,327.06762759889847
1842.6228430319502,-1127.6199732707294,93.948357759451,338.12344337949185
2636.0786034823577,-2862.4116574934537,183.97952415920346,329.84282468418127
2104.465472027877,-2970.9518123384455,191.84448944879335,333.65822136743793
1357.9085828059433,-2496.392107394277,248.61361452167193,295.1295313617362
1304.8859860550995,-1222.3155703090852,220.93385592023864,318.2921972422451
1786.204902726648,-1600.1501057177102,169.48038102415245,313.0086885731278
1803.814425977117,-1243.9597692599136,125.41699324804006,310.2112474932873
2951.627782722073,-1488.6550513237937,114.17882345213098,299.44360843175946
1947.570995460137,-2983.4526222854724,24.483241172810374,305.6071814339377
1294.2448092515253,-1831.8644839179628,75.71143471257179,309.0761757754123
1972.5150966903084,-1267.9805673185654,126.60121240958466,307.65186597461286
1696.5418450124735,-1712.8148475224807,259.7103308713688,336.4562846205924
2348.912145738983,-1650.9263850631519,214.1333268626498,337.6813619247944
1046.8907728595195,-1497.8321557996796,2.8936383484663537,338.9665978780764
2261.6888301155277,-2510.0585432043345,35.895853444232,307.9251417178981
2573.7573188782317,-2015.7492502111334,46.21243846680413,328.2302513799837
2674.660811375791,-1646.4143413246804,137.1833499275368,317.43177440457487
1156.8268762839546,-1594.6426390798304,70.28204361782014,334.3489447890273
2012.5303318345768,-2610.775703401751,231.30318238972598,328.79080811805795
2477.550774242067,-1595.774519268196,196.89014013669419,309.70942721470533
1716.6435203920782,-2588.6067416367246,246.33884737207848,317.7908321463265
2736.837298774826,-2867.2385849826032,221.54766918970094,331.73445187705505
1299.429308446214,-2587.9370766589186,246.00001043514266,301.21191793111535
2083.4719609600206,-1692.1266606253212,201.97531974358583,323.48263828257626
2646.0981180909207,-2559.8781699736574,7.0756748192329795,299.8043014915898
2822.6029270314384,-1776.4688879847765,203.79032861283375,320.51979492560304
2152.849273212741,-2844.6560579176876,107.57947432298499,298.1930307508561
2895.9216660884445,-2120.9168016414183,19.631296016885052,329.59173365721125
1463.6276789746291,-2969.027467866891,163.428489166865,305.01947578420317
1392.657009992016,-1530.8325438956708,259.5592243230135,339.02687492951065
2953.7409936703248,-2206.2008090996555,75.77119182206198,297.8074948334229
1401.4284672802323,-2118.9143814035992,194.83705590847094,333.811462738636
2151.612469234954,-2774.849353717962,70.12050426032411,320.50406627982875
1047.8900336251763,-2473.4844434378147,222.81551367213564,310.0890950401465
1971.4620071236718,-1691.6446866018755,76.01610451980504,336.1151838181603
2368.26952327479,-1207.354721426681,217.9770753649479,319.871511275858
1885.5520230949421,-1471.7638231559029,220.3192697222386,308.92043247388904
2107.2472598307786,-1401.5748021484776,-6.185299469933593,317.7240852406458
2403.3530734454052,-1307.9286266985428,128.45306093325758,312.4287172920884
1640.7236213606743,-2516.6638449494176,115.11325656895573,301.35039060978534
1633.703001245294,-2516.5656118306933,250.66855131881232,328.7817373335969
1338.7251829039128,-2906.8351939514105,189.5179511460748,332.3451391728142
2997.849869087337,-2971.6511999174454,30.040844416866733,339.20441581173077
2466.821142201701,-1015.7187450591507,254.82883351431337,303.6712533146867
1834.6191338861345,-1162.9286144518235,218.7734059385935,302.7877371871693
2387.0236293865373,-1290.7206942044272,55.16327780444766,331.2837759112808
1859.1997214423404,-1260.2869263168616,-5.708567374644286,337.26009177234585
1778.0347985482795,-2187.8489789734476,-1.704713851122916,303.39050650080225
1997.1267915174299,-1460.9907182845598,210.8813023147643,318.3062822182694
1522.237292600551,-2327.563878617851,13.678006835641295,336.5614163327959
2455.5939037538856,-1300.3764387981455,137.29426343512122,302.98978923213684
2409.1357027819276,-1919.068089976921,70.25031065684422,328.8466063668824
2740.800844166174,-1280.2134018992704,176.55449924755956,302.92753597897024
1308.0700901315633,-1842.0665991827855,67.6393216672922,297.85720837401266
2329.224176509947,-1399.063066482413,115.1523231714188,317.46605206211234
2367.923849041135,-2787.02412420718,20.009727130166254,320.0454003212479
2983.3885512377437,-1286.5882145758203,36.65486272903515,318.832728129645
2666.846903677201,-2678.7331966827674,230.86337693801696,319.7778912964954
1174.842349975667,-2870.0163282556437,0.05542129830114639,336.00243106784285
1454.5568645635144,-2447.328334643341,-8.230828994700008,338.06525155983286
1726.0506331174806,-2113.419493286509,59.20074096470837,330.8570364797599
1642.3570202455503,-1836.2494346173619,189.90931786445063,331.38244743066156
2250.3145666854225,-1491.015593999838,144.08998028503927,321.8434535145476
1941.1117268827136,-2106.006098573765,204.0969799925098,339.2299601581374
2581.823104126639,-2545.00577976871,135.6093609147595,336.40223288618296
2486.387772590817,-2134.9909961728335,191.5163806544409,313.30667271943344
1468.037681780178,-2864.149399094481,232.45826449003332,315.531392158033
2960.8439858052957,-1386.1303732387917,-4.5951797483720895,325.4650292239673
1364.4010672700397,-1430.4661421688938,32.45453349464756,327.04632619677403
2927.1554179752256,-1692.9312652792767,116.77450374945562,310.38067692040636
2651.9186702925645,-2366.438793872494,62.325288927578825,298.71856390714873
2481.8246930292617,-2115.362852725653,18.389921548571962,299.8534160850535
1084.4376900568805,-2015.2506560583954,250.1822954471205,328.52747290517567
1795.6781086204423,-2571.6962591699853,87.73407658553793,310.8063548834379
1230.0021117884112,-2853.264581544594,176.44700798910873,313.39861325397993
2491.0042885813673,-2941.569512736668,168.35995707572633,323.3124614252497
1799.933344769349,-1830.604155950209,10.532256173328328,305.7966697400304
1446.9013179287872,-1847.1159600877236,14.50332852536615,328.4020583040765
2163.070052506503,-2525.254523238434,233.58797069756665,324.22518578417043
2913.2681894741836,-1721.438288702737,247.6608053579954,322.06523161057635
2037.33699430698,-2129.2083451882963,201.91543308105915,336.99398804853564
1422.2305247805075,-2666.820138402665,131.0683545133548,325.7840261455537
2405.604493219884,-2668.162473461794,187.1666190671639,339.26473647069383
2315.4825109533995,-2885.064279723887,255.0344181888695,317.0117751002789
1268.036317480326,-1052.3715522238188,234.15328548091972,315.5355801231647
1565.0038782006477,-2197.2606067010906,14.91845872717283,328.9403085964164
2066.2514416960857,-1653.3836377224509,195.57887748980875,331.55975778955366
1520.0988969878701,-1461.529675026124,110.70174196150217,338.7382295986893
1627.1412811667528,-2533.8904826227877,115.55298068957785,312.1088449579971
1396.7149748027382,-2343.570057751762,24.211880128854453,314.9566020036498
2077.8262826894766,-2727.0224806345364,220.45944391317238,322.6981016710501
2291.164684579249,-1840.2502251917526,9.216085818965098,334.0943031960308
2808.1105134705294,-1318.2309849202013,235.15450053018165,307.49007331561484
2555.201134340685,-2527.2946898036453,220.7035078174784,329.24014369021336
2771.3642041253424,-1828.6296459994883,54.618254607488566,298.0369758786914
2287.2158379305542,-1668.0136148136703,-0.9821443808744004,320.57261949262556
2558.387789496908,-1023.2118274764603,145.44569540856867,302.9095971597007
2679.3191650069293,-1295.3976228477381,70.59215905630403,333.62215644346776
1325.9170042975888,-1424.8793454377696,193.3530500285443,332.72552913358015
2067.377204069787,-1140.5340136520458,212.2846279575622,310.30202573591123
1639.0894231326697,-2296.70545047022,186.66989133568367,328.34761920261246
1370.3681615964717,-2445.034604109744,9.995838192271101,337.3753137965649
2806.102780003561,-1437.727444925476,195.47062583927678,321.8479352909992
2485.469032665792,-1190.9957002218014,13.621426612248602,325.1126921410734
2425.130785785849,-1932.071865491111,236.3014510694649,295.7342711139304
1091.1322869906342,-2597.199887217502,73.37224486304157,331.0274436997947
2297.1092255994686,-1383.7019796303011,211.16498064191524,338.12413846275524
2591.3218607523886,-1589.057384150282,181.6333974269246,325.48111771703793
2561.0011819445317,-2941.226120871901,223.25706753769535,313.2082955932607
1408.6603221814185,-2404.688562685964,188.55633849073234,296.8249783214986
2863.5127915333646,-1833.283552819747,205.29131274835188,313.62303256639865
2268.75051987326,-1297.0128843091995,66.12266011682205,308.0633573718268
1530.548921964602,-2700.3687616482493,221.831528255853,327.0100936852381
1192.0007430817723,-2467.8131579491537,176.46837290049177,323.6233473780645
2769.9457387217335,-1838.0876518869486,168.16889108547525,312.4158053077148
1124.0082060536802,-2388.626888741331,180.4613677597019,298.43704528371893
1463.5856398907504,-2243.261052967594,68.03583740353993,328.22611642109365
1399.1825251206283,-2980.5196577624292,143.36934994305062,308.48526867626845
2179.5003963258005,-1138.684809455714,-9.453233033384237,311.7968160254936
2683.1752168807907,-2741.7283136787582,181.98115462438116,297.70656851572676
2400.784437354343,-1754.5433737179073,220.84503532500256,306.99094155146196
1519.7227138394128,-1950.738118923471,8.840014906388127,313.4019166342586
1221.1767663811693,-1623.3386776815341,182.46911684673987,316.6018689585794
2514.059734249029,-1457.095408400698,161.62047114166174,324.9683556345948
2217.434778345786,-2589.148121033177,30.137162204433366,308.1802773413763
1379.3608635317757,-2977.0569468177723,33.36795909148514,313.4668238677398
1764.2534695317477,-2585.4513057942836,171.10895453882253,308.85156196384344
2252.0986678433073,-1006.9759888883093,-12.305939223331126,295.3976578447039
1208.3270723781739,-1720.9153136583645,-9.692832689183629,315.14371713382354
1324.5783514013303,-2019.8950879037736,130.67940461475519,323.9786196442795
1541.5936233130103,-1611.6941747952935,159.86637026295887,309.8393275523847
1103.4503611875841,-2703.912334950692,23.191955841234105,319.5943562882222
1301.9871777993062,-2792.1636903307185,184.02209408408856,326.5415382304622
1542.5698112867067,-1207.5432857917028,206.20793800658535,323.30137149338765
1784.6734523414843,-2655.619360870112,15.810695154560626,322.25911508332456
1438.3609279110317,-2402.992829841874,146.90580343580166,306.59972121486965
1016.3886801272166,-1532.561184167403,-10.477415705395913,296.1668061965988
2926.538516295722,-1535.8826699452563,-8.836716947075988,310.71495121060894
2518.4042115011316,-1374.2134973087184,36.020129822936546,335.6686686945789
2350.308279686751,-2438.09034045829,203.74971023782405,324.8375839971652
2120.7738855656944,-2925.229175306108,241.48784088992534,304.8665685652353
1166.0710141902284,-1037.2316250054726,124.34758265965417,309.7778807256714
1155.296589388827,-2776.7163716526243,209.19776491502375,337.06491376311936
1347.3324387199639,-2056.389305043393,163.55728086769022,311.7812101640204
1727.8012017232077,-2703.1606963758095,254.72900492547177,301.2394174188388
1659.829802870458,-2293.623657077755,6.684256800033481,333.74173881742394
2522.166427541881,-2400.7375434048,110.34542857675794,313.20839980921073
1355.0944847788592,-2855.6668441944307,219.7769097777479,332.91103163895013
2675.6765243134532,-2495.650528238736,115.43201006132296,337.5376583433762
1147.3607070861424,-1815.3076082916343,116.31638199396303,325.43403366382825
1984.924998225484,-2911.735886229953,35.126514261619384,339.83283350980156
1528.245829031951,-1785.8091843564268,6.154031905736279,326.25934698062554
2850.7913738345524,-2637.4991635182587,144.98401939545752,310.23102947159504
2289.6704112256443,-1077.7868586286752,243.73288927793857,307.39777583170616
1266.3779629773744,-1808.6468553272027,73.3879515037199,298.76484404070715
1275.0985808970256,-1764.1159814629752,131.06410608517584,336.8757261139678
2043.1917850702264,-2928.957382266519,207.22259977912208,310.2112067041165
1490.160496191365,-2462.8705514122144,152.49554167251202,331.572514111199
1377.585254570125,-2286.3756198245496,171.56480645319954,339.81758238718044
1115.9126814088738,-1040.713121933683,117.59715827936094,331.6764932197752
1299.2147951415864,-2407.6836690913974,127.55872966199163,314.8886934246053
2826.547556302632,-2241.8153057778145,60.257910360849266,330.53422917376037
1517.1282809054574,-1917.906418809851,243.37785104626232,319.53590256687266
1068.0237632204464,-2652.475040707104,49.76752788272164,332.7490954741378
1402.8521411442289,-1232.939910807088,238.71829072979202,325.1759275585578
1130.7974073268572,-2172.185513203144,37.41973000558162,297.79176478287735
1767.7111647064248,-1815.3947005165505,-14.592732291507124,318.4776921499314
1046.1326632349799,-1147.309527941039,63.95731182406777,334.66780061891785
1726.9565298259372,-2520.134741794545,-14.545513360194779,306.33244558880597
2205.474828340022,-1324.4038806960555,78.58405209928257,296.7446690057174
1502.032419204299,-2832.254704147732,48.76160243231878,317.38305352202127
2945.5498035215405,-1548.2297452567668,224.05559116670352,326.8479853182555
1138.2634352896478,-1128.2420890577848,148.9238440164716,325.56331787213594
1154.4076496381867,-1013.0361849415258,111.23917422667999,313.56689620517676
1415.6929565562407,-2206.3404410192625,179.78615800028982,304.5778499940944
2511.849818149871,-2413.0462684912927,93.20682386702936,319.76108210455527
1833.527838541047,-2394.690842231689,114.80142256710172,299.3176046983936
1885.829118620993,-2495.6719914496307,46.35182876625591,315.32930611031475
1217.9540113366509,-1996.6242494273533,217.50063178929952,301.09670303636165
2192.584258903489,-1930.2812253194547,49.85100600142262,313.85379932567935
1783.7035993861682,-2451.9298723779357,114.21946089274928,298.7959584836106
2173.994938342698,-1688.1731246116394,66.08233867798995,339.61499152660593
1267.8656782715266,-2202.6530341743864,85.15939466779047,322.98623079118306
2898.34870924166,-2106.6298955048715,164.10925506089168,295.83629156556026
1479.5860828279222,-2087.4309290124647,191.55111206071288,322.0575748016916
1075.6947748104808,-1194.3108872973476,254.94060301984587,316.5078652690054
2311.2092081277324,-1414.6333105566855,36.86319233078881,305.41073406549384
2122.334216752047,-2690.0068072580325,239.05122154354527,316.59881912544176
1643.6209171932023,-2114.715357982847,234.89794745437925,318.6649316566494
2487.3389607244235,-2636.641127172906,213.18188640699518,325.2124000533324
2131.8710823563133,-1189.8891411124964,80.13413546443223,338.9169037218282
2291.577015922917,-2463.7968734076394,173.099741430823,318.43354415173957
2445.2414795502323,-1220.5510206900951,219.54796578679975,330.04079051542936
1072.699681093507,-1442.2493547862603,136.87018392037942,312.85698461998555
1231.5051629771558,-1209.3209527556417,153.13087083450813,305.3600483425643
2102.744942183779,-2353.7012664506196,241.94043439751044,311.85818613556484
1733.7344050680076,-1290.0887667281893,88.9731410444626,319.436689777562
2117.5493317564164,-1439.5831027660759,220.73051570619438,302.5145651887374
1111.2723852136287,-1752.479837548048,-13.847836689970634,311.5299082910624
1829.3365845948533,-1331.6711701753343,89.7015271891872,295.79642401291744
2661.3627403886903,-1647.6774492670222,29.540920768146947,311.20239918966934
1583.0336309644172,-1587.2234186430328,237.56677563645215,305.88378414860506
2355.872918023728,-1350.461357130013,233.18614980514158,301.371086079032
1012.5203602263972,-1642.901719236179,173.86095312816101,310.6273943732073
1616.5499148054382,-1083.5469652833972,65.98546571455753,296.72110410668853
1037.1340249929572,-1468.2461397362993,37.21967041824281,331.6931758379408
2959.008202844627,-1808.6702047169385,136.57311309582144,315.9173106787655
2685.043990885854,-2845.632473236,150.6127495957601,320.99017357954574
2854.081099730901,-1818.5109204783014,57.6548405996257,324.42478106989245
2180.126568587021,-1735.1292863777644,139.08756478125454,306.73814171576953
2362.0013565676695,-2524.846280685491,138.57073441251833,297.6151087646078
2637.1750558682925,-1708.2094776293334,50.75237212685521,295.39396742633676
2599.2071292594246,-1976.382835909099,240.5861256592346,325.2868658959995
2362.6166215236153,-2929.9437670073453,87.48972291422386,304.01319723440156
1967.6854222760596,-2863.9043583726957,114.95387848071798,323.6341365324521
1823.3268905643513,-2010.1164303144656,32.68920100974698,335.8497494697707
1422.7486399724435,-1260.7853302301012,130.46600379972662,297.26180205511827
1346.4795658958424,-2073.3893103417913,-3.2384362496948995,338.9748374036144
2852.3063810874237,-2877.0387678513766,94.36659405937934,325.4042559679091
1358.841232870273,-1498.1003537237868,214.84426442918667,327.2638411497001
1638.085905811034,-1525.1931568514945,242.6591499845544,309.5990099782301
1389.9683826062655,-2192.0194104595766,126.49299045516875,338.3283703882528
2316.5868158020094,-2138.789530578117,214.0337733827691,310.1958654519923
1866.1935252399735,-1669.826917371202,18.004753010296724,321.0808793554079
2149.3837131955515,-2055.784805290183,2.891906454847934,301.55670824844407
2278.6898995524907,-2415.592208117949,85.86571581873584,329.1544342809593
1969.6676395354443,-1278.2572261235152,69.76048716368788,307.03117655514126
1967.1258627064196,-2366.7158171862375,12.262236403685666,315.08112646165944
1427.055667172339,-1651.3487185186152,25.64362663721709,307.2045635658996
2394.036477939656,-1761.1872130149375,249.79149728867208,323.18634258431706
1842.5320688488873,-2862.575814321959,21.639716892456896,320.6970680300077
1232.0715342046797,-2307.0200618474064,41.071455476427396,308.4204567097905
2388.894840577838,-1384.8273350031968,72.49312865132575,332.68536083556046
2601.914876011539,-2703.749897874817,-4.1384237625544085,338.44207716336655
2019.8050126318965,-1207.8163065540998,107.71197743404853,320.47727960856355
1177.497681564614,-1748.4075811545797,173.02858888702104,315.3985053845792
1187.8209512883575,-1584.4090210714755,73.67328120684971,324.4676817433311
1975.1137949587303,-2283.9565704895,154.45830850012447,299.0726324710461
2906.949508136955,-2676.412901194046,-5.987425393066282,307.77743793819053
2454.1762339248967,-2685.1814003060304,96.13467761064362,323.75451111822116
2155.0227304451246,-2467.161400572017,168.61904708988746,318.5327304610614
2233.0275493213585,-2404.304871930828,24.477894840726876,303.92671592398085
2037.2756027177302,-2099.3920342050287,86.11506448161282,338.2469066828526
1360.5789693436334,-1135.2485083513413,20.452194858167218,325.3625878127188
2738.7449387780616,-1540.7421130515484,258.6136815398568,309.7887396972268
1494.7885851517676,-1304.212043781197,25.253267129776084,316.303333796834
1708.1345420237685,-2767.447918564982,-6.700751520591037,308.39702508602653
1601.483563129419,-1167.3739532459192,9.995911773795001,301.9710554569585
2823.5090250222524,-2711.100938886412,259.2609984271136,330.2473622434888
1505.9607428931774,-1864.4674203673326,250.87724413057828,318.44814304369777
1305.7998095464382,-2109.150445040453,86.85376570540316,314.9197387486045
1870.4513733614326,-2810.6269696609133,120.49472103688694,303.9779165731024
1991.995302287954,-2977.640330160791,152.3427341203892,336.29595633200796
2122.0600115660027,-1948.4719416964301,66.71624832370578,321.0282994004061
1907.5946313041475,-1892.153937074729,17.698323538701985,305.6497426598983
1175.4018150583693,-2891.3280668786742,76.00269011298397,305.9705145459398
2052.5998278468687,-2569.3478000434134,40.71470739053736,309.7996034264352
1900.0900673665578,-1898.5240614751701,33.06799270225597,323.3055123776896
2671.077936213019,-1018.4267119101471,202.06633164231997,312.5641303779822
1339.5971687149326,-2055.0966734033186,235.98615891968663,306.16894742335836
2341.141855946108,-1422.2586781042542,102.49816742518496,303.98222672762057
2662.953352367944,-1171.3588612327173,177.62445914697184,315.046624146449
1029.610282439104,-1866.0536628810796,240.8154545607322,314.2404726718568
1745.904151164797,-1811.520386766944,70.22737611212999,315.0440315786682
1943.9647118089244,-1825.110785440468,113.94662370937831,304.5153578239908
2008.28814410906,-1771.2409222981353,109.58060673546335,316.47215922124633
2076.722465702725,-2498.3428303387864,133.2989947172168,326.0129937222286
2824.800152310569,-2961.6860548872464,29.134780797728688,325.2984030335083
1747.5395906268855,-1197.6828894795888,29.40264915980748,314.6904604395843
2430.3049002279404,-2111.87622490448,87.55043899484765,320.7370329968541
1819.0557418549197,-1606.508441300527,64.41005128297687,313.83160004248975
1453.9584582477246,-1696.9131403480671,32.9120369420449,309.1518229562187
2760.4805173582236,-2741.819042091139,213.96721494852505,337.732550606082
2630.0638931020367,-1850.5763229168215,15.232757090369255,308.61494040559063
1114.899741254304,-2156.147893713817,74.61804922072257,313.85023822592507
1157.4432206314405,-1384.233432075102,183.0733488874061,300.6670903893853
1569.9034169031156,-2562.657625722332,105.12830224668625,299.8945993090787
2274.963570605203,-1029.3843148528285,-6.538964791907734,329.3155426623215
1073.6632484011636,-2650.929645543055,217.97905331349034,314.3651851144777
1699.972435933215,-1697.1110072390916,149.6194062006794,339.68273687445753
1737.6278094499912,-2964.6323243529314,116.76145321936843,329.92733113818025
2956.196125823397,-2739.8290403798865,84.7706320634999,332.5800769546561
1176.6499340353134,-1164.0142001683785,-1.283412628451913,298.7008546654627
2897.307146913936,-1052.0476154668029,46.84248706218608,317.24669646431073
1301.3824134430706,-2358.1255610720827,245.71264573477163,298.70688439696465
1170.249574672613,-1168.4118684944171,193.0229318718395,308.3967396038927
1246.729112259166,-2058.901207028516,245.0846009322073,311.67476689873484
2698.487234083811,-1940.7409564287543,111.09082940793935,310.16368954728046
2704.519821049301,-2243.870587299862,174.86106839943355,297.8534945149017
1759.4760044348907,-2754.9042706332198,162.97208376740616,295.63415470779466
2553.470368857941,-1876.5041528036422,-11.893033360945374,308.0778749292308
2290.521467587024,-2070.2669314842015,119.52735728405781,297.018174996023
1370.5690962829362,-2153.813879117858,209.32737245313896,328.7009012875293
2862.546146545332,-2569.602332115847,147.1680200927104,339.07187270249955
1386.726550261561,-2601.4355414881616,246.9033917733908,332.63854602636303
2448.3565480611587,-1585.2745866357238,125.4506974046657,324.5780371406742
1111.0977222371478,-2338.229545278461,35.19429021153714,313.86813718441323
1202.3418191684316,-1133.708182907609,180.6288050666612,317.5409220529816
2630.8573606805703,-1851.5333253421231,3.8316173381454526,324.3762495836443
1616.5742940976047,-1955.197312862341,20.408937700610444,310.67663759973067
1233.686831063422,-2453.530604783731,97.15512421162833,306.25434562291787
2156.3175623485827,-1361.0572574799326,18.3750100041862,325.7705481239868
1475.0995773123575,-1164.2082801862823,204.27133603065073,329.6340255260422
2876.146762107616,-1078.73747758633,73.95484652092199,304.750548353922
1465.6164374364196,-1259.1913995629354,160.97419322743045,319.2224978400713
2977.7402872632156,-1113.2467433125232,144.52216998066007,297.75501113035295
2358.1845883561355,-2179.3072142103756,241.19791549184242,297.53127135709315
2038.600148912561,-1024.983522407823,228.7663848134169,324.0264339203443
2433.895921799938,-1974.4382059509783,26.874255758832632,298.1299050063592
2490.9688960320445,-1960.456385011823,11.405000279321083,315.22402610232655
1152.682620231625,-1765.2834962959967,2.7900912554531487,307.7539383338482
2366.047937407265,-1309.5136694395142,167.7682084603679,302.0453893121856
2785.201905176741,-1079.3078004232673,37.6339319058489,300.31276324393326
1037.360042614559,-1201.9748244213324,132.39329986655585,321.38966358389257
1670.8438031113787,-1138.6250466928416,95.32028537145972,299.7779882105962
2814.875050245997,-2793.700386484246,117.87809670621434,333.7264412874462
1531.113337951873,-2277.3326363483566,247.73226612153655,333.19505019262203
2017.9510431227254,-1144.7025825288315,137.65801512330776,330.21789963331906
2238.4764077152713,-2353.0204513546255,157.92718683415518,329.16228725972536
1103.7563061724334,-2273.0257938870723,11.403962644603961,313.6863121525961
2253.4293318751197,-1177.4916977380406,166.55801069301387,322.4623842215509
1793.0634608818564,-2372.1945220666103,22.53652226385575,306.1804229222784
1530.4562003367496,-2646.571334059864,142.10554212282358,311.927596840059
2059.495173764522,-2414.90826910106,87.76042962888454,303.1109499451766
2924.274076614369,-1062.7528899054023,243.40001425142765,327.40231578250666
2244.0084939997428,-1707.6942101861628,56.46432587342443,329.3130455323602
1861.5539714217387,-1182.196686472416,-4.891135834393829,322.1498188928415
2278.9699892096064,-2748.5261046125415,248.38954818442028,304.3718103798761
1054.5596695477257,-1274.3924948897043,67.93207784418428,301.2457814738582
1744.2331282419582,-2508.082242639925,128.67545921734867,313.1588926049664
1685.9647353238004,-1653.3048426953635,52.848252314647596,297.8379788543469
1542.3228489236776,-1422.1134558634797,61.976812141858886,303.5076344528746
1745.9682185645838,-1345.4729132340917,0.8085727479486025,303.31599874075164
2439.2368754912513,-1647.3354243538713,26.755653125651513,305.6874835852738
2363.8918181730023,-2473.58530737976,238.86769801156242,310.5704417198525
2009.4696757112015,-1665.7529378879617,190.12942652112022,297.54462563273495
1538.3787359227367,-2625.9740808431434,4.423195748137779,303.76077062261606
1324.896471177372,-1174.612036896689,8.059685463879923,339.31214210171015
2761.3133946195767,-2289.839464713626,49.40100702289345,313.5419664580687
2449.6467327769046,-2469.0700871927147,166.0675188468113,330.8756508160319
2965.450543071993,-1606.5163569585616,229.6631210990326,334.13924359646546
1784.7464481973775,-2692.5076530517717,240.05923416994838,308.1044237654655
2819.839066168209,-2324.415290927638,188.0320865463042,327.4927635941982
2744.38910918696,-2661.715458310937,239.94216447157146,301.59370464767153
2687.829866220516,-2259.7945300156202,103.74595007518063,299.5425612186236
2038.9292528788194,-2426.3758124935644,17.201476699696187,318.45347280220574
1450.5901403158455,-1916.1695461668594,1.4395086950564142,337.4311214044305
2756.572876175429,-1331.146491876141,104.88296330834908,315.2096278853738
1854.3092074814776,-1779.0444331421545,185.06408899362881,302.13125530084693
1960.1503313264493,-2825.642612370935,90.79646621349826,330.8885025170859
1900.5937690487362,-2318.879642121848,128.47985384514877,321.8171262136386
1196.9698963985968,-2796.8725695200897,191.1677974867422,303.97536761695807
1104.1916405568863,-2883.3667717683684,107.16150354633209,310.8850811924331
2442.3986429998213,-1024.3047839589983,-2.4516991742566283,299.01176702066647
2283.12537872699,-1690.2833260877705,55.79178832815427,336.97148378140673
1049.16145338004,-1137.3846540292357,50.53192181534021,327.1764517747815
1610.3753190819966,-1743.4647170640753,174.8863501851171,303.67306182593086
2857.0597247003743,-2193.4849785248466,51.068078928663226,301.6084655699328
1548.8861160247543,-2629.4326932872937,217.87922720108978,326.5777675334441
2826.015863328852,-1826.1183985397206,-8.260708057693808,318.42663908481774
2315.0425117229634,-2847.5671210959767,48.43502786229654,336.283841770531
2022.4678447474582,-2753.8858754890753,28.402551025333246,334.2481178503213
1092.9316139009134,-2601.335459399572,117.73267942828724,297.7818520603407
2616.9722229216986,-2787.334882937725,156.83243872508052,326.6939816044214
2323.3968915177693,-2722.237520868383,119.26735939716951,297.5277427690191
2867.8812183660166,-2723.8277353064677,-7.241151021271942,296.59668289610744
2602.9172485034132,-1587.9022457579288,203.26156581659765,325.62628433210455
2215.9771592608204,-2027.1519922192938,126.21617877054956,318.7879609539325
2902.3944465050354,-1437.467870813052,166.17099306665747,320.2540798707285
2559.593339216518,-2596.1905010106148,177.37033627150805,330.36695630130697
2898.107511329584,-2096.832367484906,250.70577203006354,316.7913490063637
2756.2813547993737,-2299.865504210812,157.59804755787462,299.24086623508055
1502.1167107609324,-2741.8184133458267,183.12416234175618,298.0395768304948
1710.3166135154763,-2644.319350056797,55.09004456971269,322.98395675466924
1671.6226188642615,-2600.2086205443484,258.1909290323003,317.00113260457834
2183.9686860055676,-2859.325959151472,49.98721146925237,301.2652768114808
1413.0169121751421,-2840.0205073451516,184.57167575976507,328.93783969029636
2504.0052526613836,-2974.055694886224,212.9544603185163,301.94647439253674
2290.616989839792,-2558.78758955635,-10.587875424200156,325.3684479172091
1543.556805341047,-2108.8785038647356,122.35177431024889,303.67703514759194
2996.798306705497,-2057.060574642486,66.97799076897152,328.87852870212726
1142.0284569210585,-2404.59078385052,90.73584888945207,335.52575514938246
1753.9868317442335,-1465.0252590806256,195.6583775902061,307.5856454993172
1179.814910164763,-1773.667849258049,129.14702117702726,300.7777893387761
2545.9431739185084,-1185.7720134634683,226.80265311100592,328.06663478406506
1461.1181795040616,-1822.7218626122997,69.56428177361865,336.6384869223479
1434.6929585872851,-1678.6551785693835,158.2056511574606,310.31332776982595
2899.3631793104028,-1607.1475640406752,172.43702958629396,305.3856108689249
1777.2561945835196,-2882.430314752863,190.3666281992838,316.19529726990817
1147.6103225691763,-2905.118420559611,24.96311977946617,299.4219049552034
2443.1858581962397,-2603.0555600809384,90.14654214035005,335.04110962942934
1165.938396491442,-1009.1510036921666,64.21090987184294,325.1468975051033
2112.4269729283574,-2281.9835073083104,103.12453342843348,330.0402698035826
1465.7117342847307,-2915.5853733305867,39.59612013676808,296.3920525189631
2125.4520336253745,-1326.2144582139235,57.52989550531481,337.6670233846625
2986.3683429040043,-2813.018350474106,38.059774823920904,330.4719767800894
1553.0304973702853,-1010.2828624959423,102.30154437345386,297.56133489417675
2206.1520453386665,-1224.194750941869,42.88000761092031,322.02222230822395
1393.8169116599252,-1128.5086881894506,150.17903891119278,317.64871145415225
2454.304196175463,-2124.6541783622597,62.30804275862549,302.6712865042951
1199.0159433679862,-1446.421608989504,169.77598899383963,313.5893982231538
1459.060003025214,-2446.1790258013843,106.87105152110277,336.2763844173045
1837.4374846732824,-1499.6916450343556,68.23299282974008,334.1005361697112
1127.5778320166544,-2170.5458970019235,259.4933300559442,332.3883893172098
1347.2500444740597,-1351.4914625796669,-12.207819917992339,329.8743097302552
2066.21164090239,-1666.54988575379,128.47871231274672,303.9587277012469
1151.2054094009807,-1554.0201510796928,249.00328002450664,321.0652920252772
2782.5551533070175,-2960.8623517204715,173.60481352022967,319.26229408607463
2696.01873235981,-2427.862376665046,258.0800183060411,302.62035385968574
2468.692177478081,-2929.758098914551,177.81330188058558,311.65013638487756
2703.198191256064,-2885.0381856222793,204.16845252871886,316.9153493891826
1842.461242160959,-2283.8345516555955,123.74407315100345,335.2175839160213
1306.8046518941774,-1609.842327289941,-5.8951407119850625,306.5492682537009
1221.7976490106696,-1695.3792818593427,2.303488528102907,332.33546216595397
2744.289180496634,-2033.782088022801,-11.943057278843764,307.733395123594
2937.590434541311,-2589.473515689756,113.38683802289893,322.53845545660835
1167.4264528527146,-2213.5914330851265,138.1536899788949,337.3396805962762
2358.665277156782,-2465.8156223333335,52.034795846452084,299.6234266024168
2306.912538381396,-1008.7348918104592,35.488356851939926,304.58789345039315
2870.8218666464477,-1851.299331132885,104.20246072422991,314.0041384434563
1171.7389005022994,-2127.040409185518,233.34590786390348,317.0833324467295
1449.4623172272259,-1188.5152314802813,27.907061312225515,310.41398001879
1655.887653792363,-2807.9405750819974,85.34033790816817,316.76796071910513
1711.7117210533315,-2825.942835909463,74.36942071596812,307.82899704399995
1832.3465256236104,-1741.0621973904529,22.635045908075448,329.6499153908966
2416.275024320896,-1261.0737370269308,102.07249955589187,316.16287237350093
2876.023348734172,-2099.089787124999,255.263829421014,301.7047268741989
2736.6652659385736,-1511.912677464528,203.63962985287463,300.15437076397285
1375.006562492279,-2073.5381724099047,55.91752707434728,317.6867708437823
1249.210953617777,-1306.957398354152,65.37601263851573,334.1255173872703
1778.87328066592,-1708.6793029214646,84.39628449726501,315.88031720298153
1465.4360773657231,-1265.7171301190501,208.40427952800584,322.97670142399426
1527.698457421162,-2974.2248286263243,205.7491407646474,311.61800614949317
1918.643496786698,-1098.9281914407934,103.1501342204744,318.84916585669816
2258.2369287295305,-2405.6803235322245,107.14871422305654,312.6863816856581
1637.349693813815,-2502.9860559050094,138.35357179895277,313.13944640589676
2446.0362829631767,-2387.0246074263237,95.09942719058753,336.75310634274905
2707.2531723329266,-2193.866029348653,100.90129841843343,338.08290019561525
1184.2298633093783,-2731.654547320098,117.27851963667902,332.13883228991233
2208.9594796729134,-2238.3731993341985,196.66520239925111,324.57831590521016
1530.3988873569167,-1707.409060844177,256.4982229148962,308.53108083082503
2020.927379845236,-2922.03065313019,237.90280539311806,338.2303637905295
2941.250392627797,-1518.3517736895392,252.51570414340995,307.4074921271917
1301.8470458407905,-1458.587872829261,136.04823565543913,324.19013876275346
2236.1191377523296,-1011.6177183079549,46.891377787383455,300.13831910960084
1314.7851127245667,-1255.704264311517,45.82779056103866,333.4710437780854
2507.40859012127,-2727.6228340888138,239.76622149349615,328.1388998408491
1232.6547983886994,-2879.239907835472,212.63907167610267,308.8200639223853
2580.433817517616,-2575.0633110813233,206.0395829188048,298.6789852064493
2996.4911935431296,-2324.489682501855,139.15381479920632,303.0718475924149
2656.1430055743567,-1424.6521042808613,235.54835178728044,322.5745646469366
1648.6802625972364,-1908.5280337087859,97.58370159521051,325.3878526951087
1393.2151123094704,-2780.4487809635116,112.24871662869624,329.42335269506054
2863.2720408361647,-2746.962979910811,130.8739887118804,319.2637411919115
1512.1219940556443,-1307.4051053301253,210.81666353095886,305.38796948837563
1499.1625423013036,-2568.9789963116673,142.78859895404136,338.04577227907754
2225.060567124945,-2315.6903662435816,99.81426492414761,326.54714236434177
2965.18462175501,-1372.3598876693109,144.65948179906147,320.0166299225726
1963.7100067123715,-1264.8583688145466,257.20791426316066,304.0109954722659
2868.070228527641,-2532.300111517048,109.64246297378781,332.8265048909924
1292.9170624569094,-2546.2890794435502,29.024184441150524,338.3871853911197
2349.0132753350963,-2722.6469482071434,258.80363066615735,336.9177715129174
2524.1109777440984,-2220.6436426227183,58.24963081448267,299.40519649938915
2414.8168805041164,-1765.36382850705,147.60960487089827,297.977128459229
2933.2761951435996,-2981.4834091198923,130.82309619838966,307.56902210619626
2444.8664544681337,-2501.170775611304,240.72953096014254,332.6658848977388
2395.3790904087527,-1642.3077051817882,146.96653008902922,323.0883937211001
2696.78716100392,-1947.0851755389208,104.94965249721831,337.781407444888
1319.5443944826175,-2016.9923927723207,211.11243807885512,337.8090291607888
1375.8121891787137,-1055.7841068203502,24.816684771528898,297.32485802660386
1246.547693950162,-2756.738693978253,34.408817736581135,335.69170225088567
2005.741657643882,-1665.582214007343,8.231487722483195,336.943579467478
2887.150314738279,-2262.043513982332,159.78686816896175,330.91642141813463
2735.085554521188,-2269.0028769546384,128.31579394162105,318.9397416687078
2604.9745198181927,-2264.645410983136,111.6256686184854,333.1452323968704
1224.2815250709657,-2960.093878182743,124.25380974564118,299.2577460059205
2004.142933328409,-1909.3591537964217,84.55278695024947,299.1070185170778
2706.3331542239475,-1635.6337329334956,127.5184710335084,298.5249086895475
2083.6936575387413,-1654.6893765315358,118.81693686706674,305.8503039423858
2045.4140932499693,-2309.6460564963836,126.02957604163427,308.77763434637166
1927.3876964933702,-1335.3167305713114,179.20821693916548,333.77846750819214
2803.4948123619865,-1155.128803968983,226.92908033206018,337.4132120920821
2378.8251179122285,-2746.515446479716,21.174035389875392,297.48679964073466
2791.2891710181784,-2956.291138995567,113.9155332684625,298.17348862176823
2786.7734769377457,-2378.2828665939846,78.14951073071403,319.57452905629407
2915.5453546291396,-1366.9828978513456,102.30007728886946,306.9833457059416
1328.0407450454418,-2440.764666339973,92.33581851082411,310.02521450628575
2254.1588121692785,-2043.3351014583031,157.17334044816093,328.5940129424968
1395.5501867525445,-1842.4804104054433,98.43380350101856,304.1051224244991
1235.2605108399036,-2566.2449139396754,111.0513196660369,295.03303470270004
1988.3893333461187,-1218.9203256735416,21.01364343215964,303.27496987880613
1868.9614665439053,-2242.324964986654,110.52735643439561,318.065706564669
2271.9986137642154,-2644.9328240039767,5.105652056015693,312.31060196907845
1911.4794646810606,-1067.0348787018957,102.19005661260034,315.8076269444135
2903.4062189534734,-2075.71123508361,47.957865798356764,315.3076541007229
2386.7462302336808,-2123.4131341419343,147.07175305012836,325.83284873276233
1402.7650298339486,-1584.084059249546,62.36133450141564,308.4618785280623
2438.39276622174,-2865.1872042272894,251.4286275675389,330.72289887051903
2898.027446700643,-1569.0599577096602,118.79132248455713,305.68069605971516
2003.7567458974167,-1513.4492400186327,244.68801936296785,308.98285128755043
1878.2715263213695,-2328.7919885054175,230.06295682678837,306.00264892364066
1559.5908771997574,-2241.290747142497,95.7595941770952,330.2216014185436
1536.389104755434,-2394.6781239280635,-12.057526393782645,310.72042621556716
2934.2611063526315,-1117.7029882679838,90.53495729474281,325.189420423653
2901.2902965464045,-2555.27767011564,101.68143573019206,308.0829830000674
2951.2198481329797,-2381.890397137941,90.66602784464555,315.39004516718546
2567.725681719762,-2118.9428305501533,-10.925145202882362,322.68772135507214
1394.5674742179108,-2422.7267766535697,218.86123791461085,302.0033646183376
2452.9757186153456,-2808.84529218209,44.45147588890699,334.52598932818205
2291.2815035966296,-1101.3591770000787,36.50949721044478,335.9741728150033
1542.3996685055254,-2951.4899282691754,189.86725595702086,310.2822257805194
1652.320130724349,-2011.3668974112102,79.12743601464426,339.7770873970165
1647.2158847330174,-1541.3750118445398,170.68807537731615,319.3552806420482
1413.0512203450583,-1430.3287034559148,191.75467564997655,307.8395209724377
2596.470450862433,-1603.42269116858,199.64705161638784,315.19475808709467
2870.981523107732,-2019.2479140122143,0.23877423976044376,311.4159407272712
1458.0832989721555,-2217.0370811451003,40.717876084295185,311.4820077670324
2160.8117527344175,-2906.528999890655,231.6001515392095,308.75660329597554
1977.2771500016624,-2608.1827800798155,54.95385930514573,339.34400095771605
1807.6745069917251,-2365.954044307633,97.92799479342243,301.20323114178643
2556.888278632938,-1918.1247207520196,95.34457412797362,314.9582845339015
2119.0159731523663,-1580.6753752290172,249.91683444891424,304.2730794895499
2974.791950493194,-2436.387648312634,235.98992898916842,333.5940250317902
2653.2274554896767,-2934.2699126222387,233.3242769660967,309.50391353737854
1365.7136912209742,-2330.237896510661,86.00854262568184,327.9518073097572
1420.1039942723648,-1535.083814991818,126.1957507634427,309.0989964138671
1834.4860035984905,-2776.191497213518,88.32049757997456,319.90203519918856
2773.7722731493204,-2782.493728256519,89.68475859916573,317.5408389532358
1418.4468183653655,-1764.0530665005315,220.10605894971175,308.41611548080886
1907.2764212475572,-1679.4647561525408,239.0713984732595,318.4918856670204
2224.6818382103993,-2451.4158003877383,71.50344240404758,299.85712241040073
1713.2598805346179,-1597.8748789115452,33.87854521510751,326.270835217005
2426.4322182294845,-1421.8276327052338,243.43340171778192,318.8787402154678
1334.0834634693567,-1568.399914729412,144.05212415568093,322.0155939495224
1180.3424872261176,-1258.1457343016666,-4.0965803096668,326.2657964490462
2938.960571782631,-1053.4660171864898,-12.301097986589399,317.1562736349776
2424.320442843915,-1851.4283913925117,147.98341841765563,314.261478316942
2080.4559022646017,-2758.694848158071,58.93292510983906,311.0560244434366
2935.7699561775717,-2769.534205229974,177.68529656606665,331.39699320533066
2520.8305754825033,-2802.771976079596,69.83626978801048,301.68029118181056
1921.4930913007674,-2762.382472977882,62.67886766634513,295.67050966672446
2646.9078496184725,-1445.951538790685,30.861480486392132,325.47598366601073
1836.2304994004976,-2109.655306480588,249.9207287870684,325.2541747823402
1625.1029624849673,-1717.7315560025547,69.62929232342891,315.68650801556913
2621.337490536918,-2394.9370873942144,13.231240584263364,325.2113324490948
2025.730436640953,-1511.052956518073,11.787574457728489,296.9346980171694
2279.3938635796867,-1019.6710204598328,103.2583671088308,336.0271722769428
2783.4434955614597,-1207.318719520933,196.61682671739956,331.5539282598328
2442.0855668513914,-1530.2989288291808,26.154011607736784,324.61353297558543
1225.5103125931807,-2678.776998681607,178.7506575562862,334.47947736507905
2751.3694722875825,-2895.7116636106593,36.93022156804797,295.54132339798883
1971.5863990693506,-2286.3894009364576,99.86231955955797,316.5017632462649
2277.346763981349,-1538.1471438411986,-7.580837228594942,296.2715881348855
1938.511852558227,-2339.770648043535,116.71785226900187,333.92907945848987
1334.242583090791,-1731.086275606133,84.21420646219326,337.00953617923733
2253.512068150818,-1059.8890071492306,99.81284581471354,309.1072502654194
1045.7062568655724,-2959.772667142749,167.42925340103338,329.3624706549865
2723.5044448104777,-2701.8504029728465,199.15876520608865,317.0471776147181
1594.6578809080852,-2695.377736525824,42.676954920815156,325.80536903001786
1556.3241391423235,-1475.1259097229838,-4.741076948722986,317.40113905552806
1848.960496853341,-2350.577235747849,167.6011269998635,304.40844891905886
2590.862602639475,-1264.2105470014924,33.382064902932875,324.5759980048717
2916.2168604474045,-2682.8678491531446,64.33760446446863,324.5711156260398
2602.892154772814,-2188.6358883970156,125.94294189177816,322.34370844434375
1999.2528123299735,-1150.4492428772496,55.09111910749182,315.3588179578355
2225.6022409491516,-1813.927065821219,215.7701244433174,295.45793946519916
2138.2793222898863,-1869.1576060512039,-8.067893820352504,314.3047154304548
1703.9864223783154,-2965.776921348183,160.0783668764274,313.8081905228439
1802.0286261131484,-2505.564652588319,23.84151186774156,327.75961967020885
1234.4946135350563,-2498.880975268428,95.42576502100425,300.18967778049387
2203.5748518282335,-2816.796633740465,108.54857456272329,308.5213082290169
2461.7032326690196,-2196.080854507918,69.48060478959927,326.61721667170576
2593.0797307638713,-2389.6215046412685,57.31490575785449,333.0210880879465
1532.1103967061829,-1019.452653259772,16.807558599653408,316.52904301287543
2151.5878363536385,-1441.5447982858561,73.53306243586572,307.6775887632087
2782.2113233486552,-1304.6746063184933,194.6803009381806,339.13766066471675
1385.4703176880375,-1453.531680454295,171.9707113341876,298.9685494701963
1576.8475677248207,-1157.1196839892816,50.23020459358568,315.6333297866303
1026.8087272335822,-2940.812798168253,233.10519636789536,297.786521202664
2472.501276018158,-2509.918816693452,131.9288950285616,313.3139934169189
2331.8760063406903,-2849.03069011113,197.7590402140136,315.33692402307406
1385.2240673151023,-1292.9652446763346,42.22098253210617,330.56349669822674
1114.4304345863266,-1610.8111841235655,155.03345221014627,322.2686192795217
2638.689615885458,-1410.3852426010496,133.0674027174068,333.1684367129167
2829.2696992907922,-2998.6108818330854,159.44361583155407,314.07506014694917
2892.6480599004044,-1436.7857237464618,154.16704521799207,302.2078161361435
1328.924086904633,-2477.355940430704,19.8785180246211,328.1418246079956
2857.882662150965,-1532.2878841850898,110.73874372899762,322.82519713361023
1194.738139275881,-2065.5775786607473,173.9265256194289,297.46855236214867
2607.582301024796,-2210.522815619973,73.91707636207296,296.6824333101752
2825.684348539323,-1827.8543053723688,135.09866269436566,324.94798394212097
1250.8289547934792,-1767.6656752033407,227.2269553484333,334.0601403717301
2591.1847806846426,-2291.1733044543716,-0.5334017651005496,315.11969876956454
1314.4965837045524,-2468.096187317382,239.19879488273446,332.7605057182666
2075.858943907322,-2879.7290717226256,27.526816914152846,323.2116866400122
1816.8660394574301,-2354.734600350956,27.81276831848426,326.88614242767693
2541.814842865956,-2732.6482232764656,28.507043006162597,331.6585190386341
2969.1386214649983,-1769.5698531171652,207.92914271773182,334.63157098052295
1428.4606362110617,-2750.7073871831417,95.05031114620887,328.0127368318465
1426.2971045600216,-2295.4183019832867,249.16308930108124,338.3848398087572
1956.6048258995947,-2340.0204697566646,188.46402498989906,322.15167488730293
2728.7732948495905,-2115.911022776236,146.2204495775596,338.66561235021703
1078.0308492846766,-1059.0672631653945,244.97382795280168,321.8562821561283
2057.9193510601244,-1105.0953955803252,165.8148210801736,327.6506560342431
2006.9195434968542,-2178.332965114004,140.97909787972958,296.03672671489045
2365.1474053521056,-1263.6633127950467,212.80476947030292,296.05253572603465
2804.8516357533067,-2042.818540351729,223.94655842050332,332.3713474052633
2742.627182569455,-2938.063807602818,251.81531458138846,311.18243561060984
1292.80625539243,-2005.5514883986266,173.8344476555246,322.60312217084186
1242.5234337311576,-2116.9511247058217,101.1813010520752,297.33047248774614
2684.900683239148,-1562.3751928315962,185.91695011151896,339.31718499577363
1899.622372255529,-1209.6097621190274,10.038013339548254,336.86737062430484
1565.2319379878486,-2394.3593434598765,213.7234301669465,320.4461561565272
2181.6344755027862,-1563.5849632764873,228.560968674096,296.2891043004627
2117.14758819707,-1267.343301043901,187.20616527539792,299.60763912576647
1193.2508088180848,-2036.2371456539581,205.85108055891277,326.6538745746541
2483.684302951847,-2880.315209248531,-6.720045195909055,303.54000442184713
2357.5017107747085,-2803.4486451386956,80.84373739932947,328.40582910179035
2321.8779563804715,-1645.1787691055547,103.93349695908576,328.45559237332753
2386.4612756458782,-1053.1688544742547,188.10941750293208,334.45844037223173
1128.9229383885058,-1452.3922113709511,213.51214962813836,314.9543458272489
1589.3469408065598,-2251.574862159446,154.40829240326767,338.3232503335204
1232.28724648438,-2228.3240562694755,186.45554680385587,332.89195833430074
2901.491908871959,-2314.767687977259,192.1698751348833,329.7793861619293
2817.890148640019,-1900.8849554654778,160.83375918766498,331.7540375023464
1326.7869130959118,-2509.3571001076452,158.74753945493038,313.32572712905403
1183.0299164489586,-2655.71778118121,127.38648238647085,304.2726429609032
2693.451965941231,-2973.4958747064543,216.03237111769596,298.1663250346944
2248.1782029200403,-1714.9633489916523,215.335937299057,334.3286187765128
2989.421498157065,-2528.3427885009182,31.030632241838937,303.3884410401587
1881.9158414408066,-2127.4577184365176,140.80612817643254,314.4700697944793
2130.230195561391,-2640.038903087164,77.14937709164745,313.19467907441225
1854.495721118065,-2169.2486317808134,34.49917161412962,333.4212162256882
1126.9516842029825,-2097.3405261241146,177.80957052021324,324.36543576137444
1599.1231778653228,-2600.209902797637,71.60776240571494,299.5898757921311
2914.0602915208733,-2486.607442279164,132.5221216941065,333.8162045946838
1261.175961608327,-1417.592748524577,185.25928870901575,318.56297455709273
1636.6251490883865,-1356.162834237963,167.2068890702216,339.3896688739655
1383.5921059751865,-1070.5211852739178,60.52058835669767,324.80246997456504
2096.2620354102382,-1788.4491758516876,126.89838633964706,330.5914786527128
2290.273181953018,-2595.1268103096804,9.310779982356749,332.4475351885961
1832.456274390462,-1804.1264568932243,248.29205379927117,322.2218831060906
1808.522609351664,-1652.300106153118,187.86413341451555,321.1186820249704
1748.6343852435034,-2599.591319275689,-4.171204516982247,303.6977258213763
1732.222480186525,-1893.1556716499056,-9.600983561305434,329.27994848034547
1744.2783991028334,-2844.884675943472,143.98151309015748,305.66560155549604
1621.9550781631115,-2598.581699959657,114.5342231822788,295.4569444946981
2806.4588006692675,-1329.7989906742864,148.1754802329147,331.14789774627496
1689.5482410084455,-2870.5253293769474,244.83820844491265,324.29421444185635
1869.0398311716044,-2404.0211091276683,84.16586400483575,334.1672108385324
1408.6061444720715,-2583.5527057701433,2.4288854920186687,316.54457292881796
2770.0642323288257,-2003.3552893153383,49.251939371446355,316.9264014016784
2757.268370468132,-2531.891171685412,70.33451092998042,328.0688135700002
2882.210050459714,-2433.087377401421,47.52488848728574,300.3283753672981
2688.637725410057,-2377.144029291617,108.82840822239515,323.5922218621771
2053.0521810942887,-1395.9280356505883,147.8510726697747,329.096643639475
2824.1600905092164,-1149.652842423251,148.58749243920462,329.2909609171793
2260.725007820435,-2316.271730455535,168.08453917003928,296.33574948673896
2062.7785069713445,-1249.9366920251866,168.94623677079997,313.3829892684562
2192.233963249895,-2139.1183482291526,66.18821184756585,321.6347018611227
1904.9068816136637,-2619.6981644522193,33.40620626548911,299.7333557049803
2806.7913254238892,-2575.1691562245696,92.06902103080195,307.60696326086014
1700.5475449725463,-1010.2228623216217,80.82331076423347,336.30287042059155
1668.8142443560278,-1999.8455482762815,79.93874685274756,333.7310002545151
2341.5170736864775,-1173.4071353569911,106.08492714037479,315.9373103361924
1860.0194907126638,-2945.0694615826933,61.33460181138953,324.853749694579
2139.985619243397,-2236.560367333528,-10.719404898617688,318.4180776943187
1467.988040739586,-2192.2915076590357,223.77336382074498,333.45793461502103
1393.7265146629816,-2897.5657290119652,113.63070518508025,330.9675107775112
1968.596090510342,-1868.9397596996985,-13.548781809952066,318.07960517525373
2940.172410730561,-2365.4360219209916,63.35806031869802,314.4492843148522
2572.332364410664,-1414.6293739909722,10.958034110060026,338.3143832537261
1017.2106696971807,-1003.7118692603253,40.67457612718892,318.101414058144
2644.8805624502397,-2571.3053673941963,176.35114457877702,334.1733798312646
2290.705312717868,-2994.9138115170467,11.981774122847728,334.6270978045657
2751.123693790317,-1438.7523644076628,4.444581747156924,310.1339157708985
1220.250210658608,-2620.0954508368663,245.34719726979495,317.5876405971075
1403.8102463245693,-2189.954207141759,100.73499522756693,335.3954859168784
2038.5652650745023,-1402.3636236167422,151.14624010278052,296.58020548450963
1579.0788694675457,-1687.5527222290846,10.790676079392497,319.5198843286454
1671.523918951302,-1977.3245131652482,34.880101060458905,334.6110503881516
1579.9991068627946,-1286.298041211541,131.6154742041898,328.9086299338561
1806.8408478212993,-2806.352023626164,55.75158115592801,336.4458661284821
1905.6454843621182,-2019.571108583258,20.488175858680314,313.14428482561283
1372.8782612354794,-2413.3121776960033,15.002860522476535,324.4359240308751
1548.8021160938533,-2315.257246511975,125.67112367366505,305.1192937312474
2850.9835508743045,-2501.642674885543,251.41061239773734,310.9213444806837
2782.41008123748,-2668.576286987919,116.37520494123027,314.6923862871834
2190.4465886215175,-2669.437114902239,179.9511386144781,327.37117008011023
2024.80463951533,-1377.7575345557048,99.22976843467815,309.4438527248741
1656.5324197186255,-2270.3256018013703,86.25707033500919,320.6326138370755
2583.9650225081805,-1772.4108644361054,44.21267076399484,297.2239736806918
2157.9998499613594,-2301.2464652445715,67.94955056033912,302.96650209179853
2485.741402884585,-1097.737936649245,200.96649253482872,339.68560364018356
2206.172739145392,-2329.292532296059,65.41988548970734,332.8956673087358
1038.3131217170585,-2664.7855038653015,4.650270536281958,302.49795636026977
1096.9245709169852,-1997.9835385518456,121.56092181832503,312.6024326071808
2830.708009135052,-1647.3085487600652,26.95749017909519,323.4579522796081
1494.2671990630433,-2791.580259950589,202.633308687448,316.12031770882123
2622.208576655529,-2495.0322495740747,113.49822822974903,317.51538610734553
2496.8059319978247,-2076.4465245446017,23.441188088400693,331.1397307636199
2947.572493896887,-2845.077295247408,132.78707152681582,324.7405905282793
2575.1008377440926,-1212.613952317566,184.38486050153634,336.38052095635436
2192.6000822048027,-1707.951983382706,3.169069975656001,325.65134117799545
1048.504997107195,-2343.0422826293043,119.80696518986932,336.08362825261185
2276.668928956973,-1609.0508815167834,237.72653131011336,306.2851375554672
2184.018367808396,-2920.961045704266,224.2503986016599,333.1350439196657
1357.915341254957,-2224.200639170347,199.83228719902996,333.12026663815794
2252.5162846392914,-2594.93551285712,249.02742418522024,301.10238675321864
2580.6122112514613,-2421.8525539708435,216.75434793276804,313.49687777823135
1580.058202390332,-1487.8445481951928,17.352251268108766,296.98831935024174
1477.155836334869,-1756.5823637778697,66.43486993613345,326.5247203632524
1120.4672876120069,-2955.566198776495,33.18944481042837,300.9615599132736
2828.7642665504554,-2932.082681067367,40.5987744092727,295.3354187133983
1666.504719564713,-2879.7802256976315,182.80032417081696,318.3835783757703
1777.7372081567669,-1315.74530714105,239.31688775797946,296.3423870280116
1404.2618771903974,-1523.7430902475814,-6.27686154723818,322.4385748352619
2956.8051127027793,-2276.4147428869924,14.0186573486437,295.53880303458845
2154.1923071181855,-2602.81134179226,162.6672072534464,330.3400913694774
2117.060597405298,-2996.466185144129,145.31938410627382,313.3036957726665
1652.3632752389904,-2746.083449333648,259.4656653488858,301.5976662018722
2161.8213001095583,-2473.8149756071866,155.87495224826446,317.6125053079349
2959.5098341969906,-1163.9952010003462,48.602300964679785,318.21369856730945
1877.4238229393795,-1625.7748496106499,187.99626141778856,338.04063780165563
2124.395495502369,-1521.106351033368,193.31907059003973,302.0617472719779
1775.471608403604,-2176.2855330398806,234.08535883192852,330.55121617629635
1038.5745485529667,-1096.1699483997108,118.42824341835583,301.6262917764391
2964.3022584819455,-2967.9888368544507,106.22961786278154,325.9913889464115
2438.0856078453635,-2896.890451860456,31.46281343461763,319.11481436494273
1886.7698010327929,-1192.251336481237,14.245238737928023,329.0123758001344
2150.5244443854217,-1519.786633871159,214.77291041048,323.3927380949516
1830.9820917097259,-2432.5269648034737,259.65724333522104,325.390025836681
2411.677379003608,-2185.37438448433,67.62990404043066,319.67877134739086
2166.7815220630873,-2751.739008393974,12.916733008344554,295.59393833148897
2784.5498026315645,-1649.7672053502843,111.23803590545288,302.64443258171667
1430.5941571884905,-1899.4349021101,29.378805849881395,338.8463662617972
2807.7162665445103,-2620.140338146214,157.5678675457445,330.04754927891076
1942.0561823204994,-2820.048944046274,240.71980307686803,322.30852302608326
1440.8398152037412,-2573.4268280080187,126.37209108257633,333.962143018029
1314.9470705190631,-2484.8544434919427,102.44617893540067,301.8774308965603
1474.8693559865446,-2351.7032548369307,-4.8149773503635345,322.697020577105
1862.6396654245877,-1494.4486005456524,85.15801232163301,322.9347168031245
1093.3815253588502,-1638.280364076277,153.45061913055673,336.4621380083431
2451.9793384808363,-1077.7874417559353,200.28707122603782,300.128217830554
2707.7756969440406,-2396.013884606541,183.62524669025694,321.6417551303507
1094.814985573055,-1139.6709695011675,202.31706885948782,325.3756584445433
2756.5142420586435,-2799.121458730172,126.26612394538944,301.8305685442525
2974.9081961465367,-1920.3855167161744,202.91996040914802,316.65010509211925
1919.182096094759,-2975.1434113784385,192.83043898028217,327.1888664543716
1604.5131113068744,-1411.6807794333788,178.01918888207607,314.02540464739695
1313.796350665428,-1040.8812528175342,95.68573219112369,308.3263967998371
1092.371335446608,-1235.2251600544253,134.03477009597532,310.1941869908542
2933.91055477347,-2995.4803285243443,96.4088267437717,311.230971492092
1590.58414208977,-1839.0168806999488,202.58297468688235,335.5020341732214
2512.5324172633814,-1629.4868121706302,113.84365973936625,296.80673362767794
1742.0599242419148,-2061.546565151572,257.7867644018898,303.73683470625843
2216.6956703195056,-1090.1640022958056,254.75425473158924,302.27115346348324
2693.9178322840353,-2768.9013736940287,-7.959753549332902,307.5783321914692
2332.2764826272155,-2936.573978843768,48.4105037353454,297.5762225952831
2966.4415629193936,-1837.0641912576234,29.03924633994592,328.3556833846092
2079.4736626611793,-2458.8479351673195,200.11184573544745,315.9461195818848
2193.223790134916,-2707.013089177118,90.70894244455688,326.13982297361423
2729.2716811122236,-2470.373933956881,86.32355599148708,332.8457535994643
2981.2931702420674,-2603.805214594821,196.06872714401212,301.5487822620611
2705.785327902793,-2140.184477832714,236.1581847552999,327.56396480579235
1015.7263148856534,-1317.6731615538827,109.94994715768283,320.60051331560373
1860.793561410545,-1941.8333581495217,57.06856539053946,336.1821246899516
2644.9381669682116,-2165.854247236947,247.7141888990392,306.1055709689844
1797.3693169847274,-1060.4460643295552,24.069622096600426,316.1135557366859
2030.257906662791,-2854.0577689653255,106.62506706208087,335.04698806249405
1930.0045668858181,-1421.9042810873618,1.029740440177605,301.92608586341805
2739.7684142965572,-1125.7109663122928,170.58488408513193,331.3236271151792
2901.5866990139302,-1624.0356362166206,208.00465201428682,325.59719534538283
1195.8750290143414,-2413.115227410111,126.5269672054832,309.14960345454733
1229.581966581531,-1076.2795780111592,70.55652840573444,296.3746737500085
2006.2584632354606,-1302.3041576323037,112.6914218479942,316.4945773467366
2669.317149251302,-2262.2673895298285,112.14551558101587,330.3179281605481
1213.8520822395824,-2284.4358050558803,43.52496557660662,298.09815750574865
1778.2310843978612,-2443.200598579746,15.454484256149506,306.3089028607885
1557.6587167860334,-1572.9600275405123,181.282201323709,328.887849351537
1146.1735581098683,-2005.909348741931,-3.9051095019772806,318.330016135783
2969.7761568847254,-2933.4275950742776,132.59163347097183,328.87564177785225
2257.9447171798793,-2752.021423573201,208.31237427808216,322.39140743017924
1100.92505886279,-1228.3659055977057,250.70938549529689,320.5349668997796
2881.014996875596,-2386.7119132444236,-14.864910535254307,311.29618424994845
1753.376202903774,-1425.6942050422363,191.48058727589589,326.59546795737674
2164.8824835789505,-1778.132110168271,40.08690866360809,335.9628219964084
2755.7469601797893,-1849.5242899958405,6.192817125521334,339.5018280802873
1981.7759859834614,-2285.4485193015657,31.495675944404553,337.38892241674444
2686.0562970532555,-2466.167066918098,243.6153655380984,303.1444036832341
2176.184885080182,-1148.525194978773,111.95868863194165,330.8471691141313
2370.8350550091195,-2845.5564953276594,203.37239543876487,303.4143080051155
2061.6418617923728,-1406.3798297248202,15.02707951225581,296.02101057158455
2779.959219790837,-2786.188955937619,221.55153179586864,319.4313582452381
2188.583556442051,-1420.9806442144384,22.84524281502152,297.64348787669053
1511.2372937583698,-1570.8119592805235,34.05740378916445,321.30107607100086
1667.737333928067,-2570.0180448554947,55.26044561001288,296.87874211006357
1145.3817208002283,-1956.6901245430702,228.7489077382569,299.50007608052806
2402.93088451919,-2485.736642783711,133.92206715869884,337.849407929639
2181.065629779966,-1583.650108057593,249.0789529306108,329.38705972399936
1689.8458996233853,-1395.2635266028292,220.7937042192348,300.16748278864657
2815.5811764756986,-1436.9261661049243,81.55815056692093,331.1317931833193
2046.5589390126224,-2338.035212583845,181.8314045067118,316.2874382638543
2736.028929846152,-2796.2780804696863,167.2078606479561,323.41158641476915
2237.9271664349685,-2634.729538494208,195.19543944811542,335.30047880342613
1593.1818715079885,-1767.2404551153793,158.6031703099585,301.15965101371984
2685.6452682943227,-2566.963286373524,40.9810641923369,327.1705295746831
1778.4479648763559,-2102.950355062037,127.75626594250625,309.442447451776
2890.514636562454,-1015.9342250632628,121.37784087337408,325.31744202700133
1711.8728135850802,-1125.950047350721,164.79975918313966,315.74374817688783
2719.924718160733,-1064.2451895134366,111.11391284271183,328.82746383372705
2735.1237076281877,-1653.7746174668025,103.46926806568264,298.80363954155206
1302.118809524165,-1922.096016906122,208.4964267461522,337.2400431176763
1558.264760233051,-2158.8675347037906,242.235822598372,299.34316145838875
2428.336198585312,-1417.5134282821693,-7.704677080180672,319.80510868460476
2105.0160802563983,-2230.195467373217,120.9737230067376,303.7753779358218
2271.0144159099873,-1859.7457494826674,199.56429044544163,318.73464049496545
2266.700164914937,-2596.803119009933,14.807774140832642,338.68154250652475
2007.3014736093166,-1937.5599732223322,82.52340190187606,312.4721330411264
2158.6494073159356,-2192.315737399611,-6.516067874565119,302.67111696382545
1730.1528026641768,-2874.3343673849604,232.37073861840122,319.6167900492936
1583.5235993444353,-1758.7752204006406,214.89667248820572,338.87369986967076
2959.779077072784,-1473.447341722333,126.47708559397125,314.6646916522586
2177.3323842909385,-2211.915924184653,0.7458488141238853,296.53474758591994
2343.3058519501747,-2450.950621596074,-7.323578493367456,336.96532277093866
2972.8037490753227,-1293.913434582031,109.81973715064935,333.54492947350485
1177.4089419179752,-1156.2928295521383,240.57072676165694,322.17119902573126
2706.974962478152,-1865.9105382240332,140.5229421415974,321.90996270295204
2622.5161894491002,-1672.599806345535,257.97434947371346,298.3261606120436
2772.7180322614004,-1344.9224993695686,84.03346325220866,334.55120621865115
2450.5258011838823,-1123.0483223064452,172.234773621897,317.3134894176716
2768.7055024519263,-1666.5286218608937,-13.260045722875972,310.5614883401015
2218.076645185093,-1615.272361273975,108.73987364936319,326.23072659924463
1472.2290334692025,-2966.0133755587603,124.56098978077122,320.1634609404208
1038.9081920731885,-2482.7372975847866,38.3442164043665,314.1365417596641
1618.3497419915025,-2062.491228940289,232.62057199641424,307.41108487454784
2972.713719121385,-1761.6696499932145,53.26216636206523,333.7782249424698
1162.621789764429,-1499.5192643566343,110.92439308911514,304.40978952012506
1065.2664786745988,-2346.1500593148735,109.33968153672673,315.2936552074029
1552.2151757790052,-2402.8636782395683,192.37582162007232,327.39599032034187
2505.0736618008004,-2626.9557442408964,63.61788298594119,313.54795175450784
1903.535037272711,-1639.4588491562897,8.165635488787988,298.1991499915372
1577.7480607079233,-1772.9163955460929,165.82349306752133,336.43240749853385
2546.606256628367,-1540.6660497489786,167.56167995707924,305.56972458734646
1188.1144279375096,-1144.5098385460392,61.16309365159732,329.46116440420565
1172.3230786039392,-1846.0511600304424,159.45086313381296,321.0178705518991
2083.0692496502024,-1163.0317388421329,6.116662024092587,305.70327422598893
2978.895609693237,-1876.4622394209223,28.736156414409614,311.34284564706326
1464.1883424632667,-2057.497915067553,236.43679148602303,306.96783942663586
2520.440706752885,-1404.091451361262,85.53767467762594,297.6457061804842
2763.6498182126716,-2894.4964306312518,83.98393815661743,318.3810366997894
2800.257849646131,-1086.0873715158536,80.84751021174937,311.1407480957101
2278.7276858845635,-2822.073725062457,209.57508950180545,299.1214602600886
2088.1485105441598,-1218.6254255658619,104.41746303804172,327.1842121574139
2647.133829498819,-1572.3643765445286,78.39299155396019,296.6696905175837
2695.3498921557625,-2922.0258700341,14.61314553912145,337.7555981650746
2432.924733309026,-1972.5014158772221,206.69787777271628,311.65645244588694
1663.8261789625217,-2049.0185473260253,195.56231249922612,304.5122741759121
1935.6383532296884,-2983.6222244772803,258.47448624072064,315.7298321796596
2115.336401358106,-2585.425106373068,67.59649501184114,316.7279545517385
1553.7805920122946,-1592.0007716822122,190.42322778307027,326.9690521195668
1838.9139264224032,-2383.0917538442864,212.58367208203575,310.1793753419983
1949.200583661726,-2313.8070551789006,226.9661031384399,314.0522424769057
2101.6153886440725,-1829.4710910734461,148.39968033179971,324.05472966345536
1796.3519929587546,-2155.6432596325485,201.48797737217018,324.942912932128
1034.8637130722077,-1871.5232917237129,153.47798607291728,312.18905221031446
2272.0385650554454,-1737.8491356369962,241.75898233658535,333.45041602578294
1231.358493891814,-2631.366419535328,201.07457957190368,338.00355220074016
1029.516300096379,-2838.992824139787,69.71963917726015,298.5495625610329
1738.365769641206,-2150.8391580424636,90.8908193113115,328.63700154683556
2162.084131623794,-2912.0018136202943,116.75549068715796,328.8010832736014
2633.9095257476965,-2074.439238167125,21.44328323929384,299.6055419688548
1042.2816573138452,-2431.8935621657106,36.10477256705486,329.8780078286525
1554.493362690705,-1875.767384824218,246.98242771900738,328.9294849151693
2563.59207835116,-1918.0455618505498,236.52660622018226,315.7643229464532
1187.7330788313957,-1351.442569314322,257.7564445739472,307.48222994569693
2525.0349071149426,-2010.0099093522235,178.34840325288954,307.8211603469228
1966.947283735281,-1486.9966220703038,208.2117860854254,327.03091327815525
2188.5591750947515,-2090.982138756581,173.9595212197376,328.37973148396685
1978.8893123752855,-1233.642336146432,81.04250755945664,327.5583486341047
1649.8889386441397,-1668.8506410683858,17.90963523300423,329.4965386285656
1477.4752635385216,-1132.0166554630023,42.64982081414009,314.36214009190553
1407.2317886947294,-2729.4884156026073,52.08495945194234,321.18769405426633
1483.6811023197045,-2286.1241324903403,18.804790412024232,327.5925027471594
1530.7237611368855,-1603.4363129781475,53.46714212980872,298.50633130005076
1496.3687889901462,-1151.8647057671797,254.90545468986613,326.6397912021924
2271.459490764999,-1299.989639684103,222.3060106843869,311.4924846798744
2984.9783845712573,-1817.9933552475973,-12.192532355949657,319.53915986360386
1767.1928738238,-1606.365590485044,224.06644641385753,302.8862787122106
2027.4552473035747,-2799.973047039253,11.229226604603024,330.64855858100395
1705.2036065518837,-1726.4784124374216,183.22589874181713,316.58706612327705
1869.5852252263376,-2677.239326078763,140.83716305600393,337.4701170466163
1937.8137810487221,-1057.1469464726324,196.33311821698524,295.56863658974635
1903.2829377414582,-2306.0612748382327,58.09535521472738,316.9645482205249
1843.1679053709495,-2205.250825795195,118.98126922904353,333.0584224592191
1352.4016024505938,-2232.2637103565125,66.93010175114115,308.3778429564898
2832.048666069967,-2400.5027545963962,23.95361676089496,313.5362507214298
2295.4963500411786,-2408.258964909227,215.04112882156434,299.97657529699336
1476.797662315399,-1517.5757669351817,195.05312673615,308.1690271684137
2188.6669468532054,-1048.0893781189422,131.2077683298864,332.85053518348064
2751.9815373213078,-2345.5510349060314,19.723254450188946,304.75232356990557
1836.8691442225272,-1009.158862014707,212.6770639621465,323.8291625351949
1574.4080740206673,-2922.360492612094,190.81807259219076,302.63790040560457
2283.97442375526,-1194.9046076629154,103.78075168731688,332.5640881633346
1125.9698362184502,-2522.7072321562546,186.56123828899553,328.58654888652114
2251.333307520297,-2487.671038806436,59.09130299263076,320.8670360602639
1228.8532850261008,-1084.9347984614049,162.51935869451694,309.5477796479812
1676.5278397013299,-1269.8651893325264,138.17112064087976,316.712110246131
2173.2017515218363,-1595.7148111703195,223.03719476739778,303.5710075715906
2680.6333250793864,-2871.978231955425,172.23206271957048,296.3326092504984
2163.1306785607544,-1619.991736971021,20.817168671061346,328.1401208146527
1088.2178744217472,-2665.6265655984216,212.36068781280534,332.70515179213055
1137.974544750672,-2179.1245000560784,100.10432721721833,337.1498084564946
1089.0669068231762,-2367.8140453777914,94.473505983992,313.91988932609405
2129.2274039102604,-1401.1011155298338,111.33680164731173,310.2656334128537
1137.5635949055788,-1958.4780951548391,254.9340267262728,317.05354319621284
1322.275964207209,-2369.0567212874726,48.37013667598495,330.8116014250826
1420.0728329788762,-1499.0539932328732,177.7466935733371,324.02005078793087
2595.2377359929797,-2639.995649856963,245.69905810293983,326.04047913084855
1293.2093799653983,-1109.0045193547514,136.6797818462052,311.20715416411105
2999.165875503725,-1484.8501557969855,42.29023423167953,323.95445088519796
2394.025576893817,-2262.566282644831,201.84697606682852,324.7785545459655
2828.290340410029,-1785.1311929466915,3.256472112074217,326.9517237783018
1756.394405306512,-2610.9111146930004,8.319587788107924,306.4918076041619
2995.774771951645,-1841.9176371333924,44.75733166979223,312.2335071306983
1859.233967013397,-1219.680808118199,8.74673605003144,336.27062019445464
1291.0242130176164,-1105.9561897525803,63.523422616061524,309.7812803032207
1055.9679272022167,-2464.577993000167,99.00394670539721,323.3931817328445
2048.6439961291644,-1400.2374378350398,32.21407253650551,320.2923191765203
1938.405155150238,-1511.2942696714613,112.990519589549,313.12814920715584
2430.473324521494,-1105.1527196821169,-4.569065145168528,297.73882503363075
2776.593164915356,-2915.3560438626973,193.47074289875727,308.39551130968465
2306.4070160049473,-1797.1085274347797,218.06372471012747,322.9571065294185
1141.1718926840826,-1401.1841644642602,188.30134280619853,313.77672348285637
2286.34174479585,-1452.6692276937883,236.00603559959802,319.08193594398625
1620.1954134749678,-1514.3026825284983,14.89409744209264,328.279797430535
2392.6504689290623,-1126.2916436099626,232.6075914285838,296.77528371128983
1240.0325584871814,-1585.4609362011927,1.3545947791788784,335.3330775130059
2934.329905002018,-1247.0958798201589,137.5307308796822,324.4351662961998
2080.5257941135023,-2091.749807244819,192.7283467008661,326.25649842855125
2017.136175389093,-2548.3793330600834,67.19231616048035,306.5083857234285
2979.3657147439776,-2042.7843637116791,219.04087522915688,298.5656425280017
2053.796935905364,-1380.3323415453492,142.04874770556228,317.4230582659404
1715.601611880863,-2311.1028902378016,234.46992598857216,323.4467887039723
2698.2141942007065,-1781.7718307484547,185.88268221029983,312.6282152761292
2243.9577202266382,-2379.1305477777264,220.6630136786345,320.50372117894017
1839.040155682712,-2608.9206046566815,243.26560018710882,311.7304002212224
2981.7100937868486,-1046.056854298166,222.06334471480469,322.65565572857867
2620.708810759892,-1380.1146856292528,211.9012911765096,300.4918811151565
2765.2411815811683,-1397.4574856183312,37.000302058458225,329.6989412350784
1019.473483393702,-1212.4996807239024,248.16073807296505,326.45680172674025
2494.8971091573076,-2431.0361778078686,119.6994463081225,324.22715002187834
2546.848364224743,-2717.806074663868,180.69982184829445,304.7134603507395
2429.7852157718216,-2654.131969701439,117.2430445400436,325.934735947311
1795.6801170701283,-1174.3039842306548,-2.8360218938889012,323.46024625746907
2104.668924040636,-2997.136925063387,247.139820250331,303.07007213149365
2692.816160614583,-1912.6965720800338,89.46663242955428,320.73897967690635
2168.365069301247,-2737.960787841254,-13.772791918543831,314.70899069796354
2534.7094495501456,-1505.4392391935185,119.9889607351933,301.22819179886915
2018.6566728824428,-1905.2640943576973,42.94432110638148,339.21871703011266
2953.314792465574,-1489.7435002799718,162.59040865017903,308.15772350720965
2841.5140478079584,-2040.6111496719388,190.8762480718982,335.0331170120583
2822.941249368322,-1105.706223966679,64.53273556839888,333.72734341310104
2886.3225007316305,-2515.0399492574334,163.77667481963795,311.92201928374993
2343.25983429352,-2183.8498426789624,86.84940813157485,338.3477276558552
2436.932231235397,-1983.1273835030283,222.4737243243919,314.937203826882
2248.8168005091175,-2227.0816049350024,115.79875298470827,322.83723768239463
2409.1015064630446,-1051.7165180269967,185.7070419725779,328.24141953291627
2348.4286806410737,-1545.2219474953163,112.88847699907615,317.39833048364085
2075.027988539446,-1184.2600274265792,152.4317579357704,310.3538469566325
2549.5227255102277,-2230.552861343776,81.00370049617015,305.76956271604945
1544.8768534373703,-2968.0448512645607,130.62506906826377,300.7627618290572
1571.82729793796,-1860.9494316972975,15.12232126734262,326.76510961913675
1900.7165782303273,-1758.2320831214056,180.89971549025427,337.2038222563095
1421.9678427657316,-2552.8853011280767,171.43018108486731,325.16740019736176
1063.7474733544964,-2771.6008491520515,171.84126721308485,311.0424987514119
2879.587818838072,-1323.6851307312006,208.77474465480014,303.278489142931
1886.4478556984077,-2732.4069380948245,210.16950614642454,299.593994665028
1932.2903111062633,-2445.621396950047,16.567545845084794,303.96377921783983
2089.8816309006693,-1950.9260744764788,167.39492897782716,315.3625106312395
1168.4812312879774,-1637.7759795557006,46.22896078512973,332.5989296131149
1619.7918883693858,-2741.3160173597917,152.16067600892708,303.81110856163036
2644.8822652582594,-2308.154240457339,8.117976839015174,297.08597472057755
1942.1442268345804,-2344.3411333353743,32.20661454580174,303.60324424216566
2703.3936269844394,-1889.5678453260994,2.232328501494738,331.19526823043975
2817.7922043514545,-2497.406698395419,46.91825438040407,316.460879585897
1791.1466456806497,-1586.8998569849427,49.4286650036378,322.9784217088791
2262.003740517226,-1149.1876326879124,129.090808189935,315.2719542103734
2359.82693144319,-1980.4046040203148,75.9437757346705,320.3879145350204
2035.5792205114228,-2739.0636111639824,156.14761253514422,321.8472322354422
1159.096745912911,-2622.1153202018654,157.92844248812386,334.694600454688
2995.682082015832,-2048.516676106922,159.3468509088295,321.840772530921
1825.9899169709224,-2002.6700138192796,241.58295890649777,304.7337897262413
1964.272581961298,-1793.047095913179,250.14389185216288,306.4457529242709
1629.0362813966185,-2678.892575541551,228.34461303658713,336.06705632500973
1663.0180214041004,-2941.694278318101,199.31536069393525,297.5705467167411
1203.8492782057756,-2102.4126485440675,5.718497840198104,314.20993690887195
2294.05972200108,-1503.3668854964137,71.39639096510076,335.04894939104827
2338.0264456570776,-2125.778042271893,24.34123694708333,323.47446321402214
1488.7010611149665,-2256.42647515587,114.19324374551562,334.9643176500412
1321.7276684526882,-1930.2599513514285,184.39701508910073,333.25961840541066
2771.6996124623047,-1280.3695961678275,58.49678104028854,313.91034567373407
1197.7805160810194,-1677.898108395195,115.54213914109062,310.41356570727027
2696.448438837295,-1360.0889753872318,144.20244169744976,314.9447036409253
2136.0265946387863,-2958.2717798422545,-4.933797728515469,301.2896548791853
1257.1940587258787,-1404.0171492578497,48.96085284253775,304.6180544112244
1765.8286322793517,-2526.9373410926987,70.54780101976476,316.00765983100933
1229.7319624665197,-2723.833040023211,110.87044895650435,303.6829824514421
2308.086109152109,-2616.380690516933,221.0680033073321,330.55154377762955
2039.080677572323,-2368.0345842802844,229.19426325721193,306.67299783924426
1755.4665594038213,-2983.116333398415,30.01432198029611,318.2177085432308
1391.4766804876792,-1647.9616218432463,51.438375311812806,321.5926116890443
2108.324631842319,-2762.727474743027,83.10103111265275,325.79210876379864
2273.2906627167163,-2920.429935188707,71.92003965906875,328.4405426941311
1361.1725813771718,-2649.4526300718444,14.376758677799135,337.64629476446487
1211.670266353307,-1214.5359959745217,93.80461655327763,306.0857167723954
2064.3795494020633,-2704.6646711967096,137.13553892680147,329.89652270745785
2928.0634680392454,-1855.8331206997923,163.21047916547184,315.63619416888827
1375.0051524999494,-2447.63612029046,192.0616167151647,316.7741682459174
2807.597062432089,-1387.9420291268973,6.69182749395484,335.3311197895534
2816.003520130006,-2284.683397460245,15.285244638071902,338.6382896800088
2994.8642673408463,-1282.6390786550446,79.05958127601389,309.6876488682378
1221.4854810142579,-1264.2534513634375,43.65931872739639,306.2932959708919
2505.05173875086,-1276.2261529589139,78.73152166038341,324.41154646341096
2107.0747485054385,-2293.4000401796284,128.15156792660702,339.3815989148749
2755.8669241614502,-1280.1211359187064,146.5887657484178,331.41349524173086
1313.838903316451,-1658.745262156965,153.81866415613914,326.82659314446965
1079.9229766546487,-2236.7852551091096,182.33921448509705,301.1113644768634
1722.7865529122037,-1034.2304583277983,172.82546818230892,304.6211589881956
2536.068293745364,-1868.95229406844,175.36620235952066,322.53644190864287
2351.5979527391196,-2446.5996842907202,207.34133306969645,297.84290358789247
2934.431178039966,-1327.8776309042073,111.39764606080783,299.3435192151271
1237.4819798096512,-2566.431949807132,68.57529640099406,336.4647020543473
2345.6759839968463,-2065.9374081330275,194.17648125994586,305.2964398146622
1786.0623278711303,-1856.8499472157891,-7.4106248858010515,302.8941497567015
2305.623093009266,-2391.4479233390384,194.08573655365518,312.4036168381857
2138.068781213433,-2116.2719638335006,229.45745171253134,302.0941251715147
2560.2762932224327,-2818.625696665563,59.58102316421562,315.7281239621109
1348.2914470392761,-1988.3167222832922,138.00418840708724,338.2582036589109
1047.5846588588306,-2476.278058161438,39.32671102809374,302.4931013907315
1739.757604199172,-1879.1340004587241,80.33462045839737,305.06841724898663
2523.2625044482274,-2468.4382578041455,193.2898761362107,306.93462680243186
2730.9739028289164,-2113.1398210108587,149.12191634584877,324.7003293807626
1041.2075161076284,-2520.328934247611,109.22741191737857,335.6395778032182
1176.1489785097767,-2872.5308007344433,-14.412363475762977,303.37729193684925
2560.1214289109575,-2701.2059176812168,197.67668881745075,304.67931845386164
2789.273542023894,-2772.7741405274514,255.3291467384346,301.7694602919718
1035.3258980251567,-1028.2735723660587,62.11440030866072,303.7804790135092
2840.727161464565,-2356.905345188968,254.24333014522824,303.4487748442435
1022.7497964812724,-1802.0548094206376,167.32251704587586,338.203289329441
1834.1293723766048,-1788.529344614703,227.17259538344675,331.16493476693665
1405.4301397316208,-2650.811841227556,16.474260020185916,324.11550684546387
2554.6365575972814,-2485.0592143395143,181.9533036530335,323.70112579350484
2265.157969815097,-2463.018540634815,194.85177450450863,299.68437768851345
2744.9080268255143,-1426.8227280982026,174.9229695011146,320.4683627373714
1865.987956395052,-1770.7124757451375,204.06888417485916,312.86587925775586
2302.678158899673,-1252.657446323618,74.24331364637534,335.2339238728745
1587.5752051919605,-1366.8905658107276,239.23814509286942,309.53376955256834
1178.8231725786789,-1490.8625717741672,259.9524941496018,315.5475438510021
1888.0241810036264,-1893.04955921045,108.35527723433984,328.5831392742149
2796.3807142681117,-1970.6128200152043,58.33020664773146,299.5845554332796
2338.3580442039292,-1917.68692380241,192.13375115999872,301.5576481051029
1602.8155705466943,-2777.590721894013,258.09849518470037,307.27833729464857
1140.4847483775409,-1931.6282136905113,242.53936644378206,335.52712394456427
2726.2855014014876,-2716.516698337494,68.80418917512091,323.1639234421376
1233.8856337526834,-1351.4016657746326,206.6916955188993,325.1983238628203
2124.0847573311175,-1820.7064760680346,255.14941908176957,338.43628032083245
2331.632855343306,-1366.0425101777173,76.75430460256318,312.09372620421203
2828.7637491046926,-2927.1967254596484,164.09692934542352,297.1765953728535
1629.0220867812025,-2393.460851696552,42.81602477322607,337.3830529281943
2899.362686237644,-1401.2862415876941,82.01963237423186,300.21771451854386
1267.3445568623301,-2589.717885431605,222.33253839611652,332.9097524342184
1776.4232437024168,-1907.9228396335789,137.54161233334563,301.3067734522171
1091.8532791609803,-1434.3984431021438,144.38622346295884,322.20898744024083
2645.275408469034,-2833.233225596418,254.5757893042683,332.9595516016234
2351.681680824089,-1760.8254770630597,145.1807544215678,339.48723534686263
1666.948920047445,-1455.2639773724866,86.44145499726203,303.0743280956492
1800.322473372231,-1096.5069758471632,108.64539929140359,325.9467975030726
2182.000887962035,-2045.2623819794653,11.369186015106635,315.70095466040584
2245.351110151606,-1602.2845475831925,161.11937522165724,315.4084096080095
2936.7331904806233,-2716.850799143047,55.2479622827574,308.51914449601236
1874.4327436177764,-1263.2679990206616,98.15707118535714,337.3313835820744
2302.070664531914,-1204.4962863146063,86.48751816051454,307.6763573091316
1166.3885784575084,-2774.2471947716945,86.62761826453335,311.1838395350177
1799.8830577800818,-1000.9480666273935,-4.844118484970261,305.56878352076757
2012.8458019368409,-1687.7520900487468,85.97862882898816,301.7204286105215
2949.075468230901,-2599.6242219115866,203.42806304712434,308.9357462114676
2242.8307371623005,-1567.3404165430777,174.47576597789438,331.22926365979765
1532.6534114888605,-1209.797435016611,133.03856440073906,325.53728442935204
1787.254992072621,-2371.713901212471,246.18962762552525,301.33355618363925
2466.2947101068894,-2968.5023195867975,29.913060966411393,319.72516096352354
1897.7114506431392,-2272.237440682328,46.79612092804496,335.0180088168911
2252.0230272755507,-2852.025463059731,200.80154502199613,313.09627063774514
1975.3408071809251,-1663.6833125312546,113.74104801537155,312.1655901076034
1118.297345235285,-1067.2302394036078,173.51933396279165,322.3836698820679
1104.0227949520934,-1435.2454950351546,65.38935492953284,316.8825274643665
2450.404472645103,-2798.9958698822843,7.10876531436244,325.4406087076837
1113.8496024077497,-1246.4580385415238,54.067970671195724,326.3995832655338
1889.5832862212446,-1447.6544911115823,170.99031553015791,322.191186961957
1249.8991863962367,-1194.5567625765054,154.09755903308135,322.6085655011045
2498.7263603639794,-1477.643590497578,187.17925780867458,318.2090544909265
1588.9543975644917,-2904.256478707543,190.14296423792382,326.60946136377896
2805.4357925597888,-1407.651890715323,213.26349297132987,320.99593108230965
1338.8740623316216,-1000.5887702579412,110.80286290568091,314.2648654385776
2677.6893137341212,-2731.11191416679,42.264947529889476,310.89615598921245
1105.963587146266,-2281.860405818286,55.02320722423924,322.7878231692037
1038.9736186983034,-1824.8309447043453,213.55287286355104,336.8342375511992
1515.2895846826862,-2655.770145121432,167.32818466491037,319.8552571704648
2900.010212348866,-2380.0031297291553,222.40752555378606,323.65269148365644
2733.6483216768675,-2917.072883060525,125.4838270463355,322.080734039471
2850.901129423022,-1615.7158932852624,158.97014475815175,307.6605221709145
2568.2507225012,-2131.732636906866,163.9420407055478,323.1492402679862
2765.320350702389,-1812.720343976762,119.0589178486502,303.8110697829903
2215.974992125358,-1586.6734670010487,204.04113360703985,309.1094916563523
1244.0624395863606,-2453.1813320218025,138.88593205023088,307.4145161538981
1192.2934695857946,-1579.9017422911797,-0.8123613648949988,316.2003279825088
1843.0639403537364,-1871.5833756535365,145.21489526661304,306.6380868651775
1995.625293425087,-1273.6734687214166,106.86257244774032,329.25500128618364
1805.9426731338422,-1226.732789193124,32.36186024008856,301.9752608740939
2554.012080281565,-2988.008692369289,27.55100499978284,337.17465139169803
1137.0432290623744,-1819.9457811921054,44.724718396145704,333.5986354018137
2152.5535916268836,-1159.5609463107348,49.346653381144506,322.10778969764925
1018.6549346492892,-2703.680038531101,157.6514950791885,302.5984193417558
1655.985192074628,-1918.414196915456,99.46892290319995,299.4881366152248
2735.2285204943482,-2751.205509126035,121.02650675645316,298.9685385998514
2472.4588266440715,-2727.5155783422697,190.28191964164273,315.8656459566513
2517.9310652144195,-1741.2496620772865,126.36995965581332,304.2497108876742
1407.007211622505,-1210.9055871245093,135.53503223653993,305.28051008861615
2636.1811312506097,-2054.389808885675,233.80845347081774,318.69165237615044
2700.155799288509,-1264.7020187780035,12.362354308460262,308.14442743495687
2911.8950026768844,-1294.7218393685114,176.17862057931018,302.4945167831425
1579.364128869262,-1251.300091517762,52.581594140056566,316.9918360258646
1212.1044269774009,-2501.6991375162793,73.02378836529938,296.6815025094739
2729.536385951567,-1666.5743754818138,37.07831494076471,334.5034957588619
2216.001342499872,-2631.2141412898063,83.69655890579469,301.390339116387
1580.5874866787858,-2262.7630277059166,47.57095223725528,336.8994721308515
2667.2740024913337,-1996.4841153226903,168.39784049090073,332.5502968646736
1307.8802219917407,-2905.5090443060208,10.56234813605792,312.18144388560955
1373.8486006748299,-2353.8652076170383,131.19422711030543,336.1106368903575
2295.9898362109334,-1542.1907032860545,101.18349464556702,298.8922253295722
1086.3132033410418,-2529.541650343951,201.86982432940113,297.62935589960335
1074.3432664467407,-2528.5389843134,222.0972888392863,310.3569031292473
2880.959155709943,-2133.9210753990733,212.41303525323818,321.7936678803523
1728.1573431801173,-2191.3935795612106,208.64533601428352,307.2562957801651
1593.3494004713577,-2336.2153363502653,128.0348066218965,304.90792291430216
1099.5675358495644,-2428.8400284023405,129.12523616652453,296.61278049716236
2812.3045975782607,-1825.7858803404063,180.35149836984755,296.55459763526164
1685.7846952550071,-2472.327429000526,23.60915031533424,310.0924820167021
2811.278631741222,-2378.5087353037643,13.106272550263771,314.8675620986926
1913.3782672296043,-1335.323235148904,33.27767841405144,295.8346095506329
2455.669084296451,-2418.3188453319517,252.01444434435746,317.6753714615679
2427.306965844048,-1355.5724057105554,226.1890116894414,319.9761847943265
1123.888029970655,-2964.8789363837222,249.00165525015336,324.2813692879972
1727.925273294446,-2694.3793804758725,153.96974936659166,329.6249609254646
2120.3576477877823,-1629.9814811422855,74.75453194241634,311.26138263568504
2868.919734966923,-1026.591855358504,106.90390775821206,315.33636878026607
2069.9586017377496,-2806.3816671640043,17.48423965203152,303.2289137191981
2072.298672433895,-2272.272848521706,173.0488412623817,298.3046766543576
1765.191327311195,-2161.9786205011833,163.59871477498197,313.14323448879463
1079.744887617606,-1661.5020361737122,229.96043518309313,328.02982029647654
1396.1393567028476,-1280.82014832073,52.89191872767901,324.82551834251944
1841.80641828393,-2930.241253244325,-11.304612864195498,315.4875676846515
2789.604894991754,-1698.604822713855,22.526783085170315,301.0316452820694
1400.1679905818592,-1533.647064217726,233.43518139000474,335.5958797790558
2211.3866995188323,-1289.256868747814,47.134588442276446,314.79638430640017
2106.82749543881,-2055.8372246672466,30.272459365911644,313.37313720095545
1086.3430552053117,-2645.154679726226,152.48807643937894,331.7043616236867
1191.218088699056,-2781.7254191545335,230.4808678206236,297.13013352507863
1380.7911673698718,-2965.748725733883,61.220549044879746,308.83823649727293
1390.978390496525,-2209.9856272300894,3.1782988318927075,296.3277942163537
2911.7722213684365,-1586.1443312330896,246.40547194430377,329.6116472603269
2665.4168821488574,-2257.3333207777655,198.20973066653391,310.9344480660631
2563.0838200669778,-2906.53533101728,241.5495504871467,303.93028055947974
1256.3393712071197,-1838.8450708050839,98.7554139555705,336.6771224439193
1981.8852176074704,-2495.9179751462193,132.6681052851992,303.95010617955825
2685.529509680048,-1453.8242400371696,142.89911446250383,328.6805894107813
2916.8797666790424,-2309.2153809598203,110.38677547949004,335.9728107593442
1425.3327000554884,-1706.5131496267593,-9.57123079280205,324.27924152576674
1721.2320848255026,-2933.695306473581,153.6744126748831,334.5666141696896
2703.5678187738,-2362.724065923594,123.9096233980402,310.29584185110605
2947.542349722827,-2062.8142728535618,81.68260361725348,300.83008560613746
2092.0469053966003,-1118.825127265224,228.6011530187695,302.02250861135144
1161.1009162113905,-1669.8850026621715,73.16568158029979,318.00357415695345
1559.7382789894511,-2747.9084251571644,146.0716980312417,298.7641659957318
1631.9862496682454,-1626.9207161658078,172.90629384341202,304.78244980089266
1851.2850398993005,-2642.184848854444,195.64391534799074,337.10891097847025
1614.9539544977888,-1435.2896613514229,247.88383971441698,315.06766859846
1910.242091247977,-2656.2817339160647,-5.220658167662036,338.83043036576083
1939.2653955249034,-2544.175209652333,114.7458131097149,330.5709726865323
2074.525113269555,-1280.395021426555,107.9457035657512,307.042144718392
2646.0957092032127,-2881.8850148525553,159.23216302012264,297.91008248051634
1458.8940766686833,-1888.7023824352168,62.4115769295357,307.1242433830723
2752.5022779696105,-1644.7798026171968,52.30794405140243,326.1607450180399
2306.702960182489,-1575.7074192927041,240.09154134588672,300.12223487116614
1884.7809460544245,-2683.8959181744303,135.96779186298073,330.7620892153329
1270.2433285998052,-2558.593731858856,221.07406077009006,338.91197780927035
1350.5211852769462,-2998.3087216253152,35.32145102591902,310.94040752045925
1285.3544444001118,-1096.4676395772153,17.509846556585927,302.7117095326133
2051.571448604476,-1905.041707431309,180.59239808268873,310.15930361877673
1664.7126514779209,-1379.5838439598904,37.055079133232915,325.34660821817766
1498.2837884235819,-1745.3811748816481,13.937320285924255,325.2251491438529
1507.534124240231,-2702.843095188561,156.92083323722323,335.7906355756042
2764.008663173044,-2660.691938828183,76.36393262582983,339.15219681522007
2609.175554046837,-1269.4699779844948,106.07589570232244,333.21421594123694
1723.3381980056229,-2025.0670041468293,28.328695878941012,304.02353205564935
1007.2221841011645,-2835.85151828887,10.390666964541861,331.32170529597835
1148.9919077451948,-2318.5170797356304,131.47033246914177,326.3605860874828
1039.998684944486,-1960.6331775400079,119.19511667008413,323.4502073725561
1749.8533412626205,-1772.7750494812688,236.7496266191842,331.81318329201076
2353.133247545778,-2306.551818750222,209.7070901697229,298.81982219758675
2557.484819070938,-2777.067133577484,181.16065693519778,309.1479823426455
2023.814203701564,-1961.500788273883,194.8291056275522,306.04371782291594
2686.6712333071177,-2701.9040783910136,152.96152976304555,295.4014717194414
1871.6674543565773,-2390.7851642980527,202.86850320803674,303.24673267335544
1191.6219804090342,-2707.3277990031215,97.74360499323723,316.81536345634265
1163.2485514359325,-1022.8377971458419,135.09808187070033,338.3271881792723
1950.8787921592507,-1556.2019246326324,98.97747609807571,321.1885147386228
2060.31427619418,-1159.0846672120092,194.0280405933524,317.53807778685285
2771.9562075699614,-2880.9134407278225,98.07787824032816,323.41886530897716
2049.9523606264174,-1107.511827129228,106.19866526829885,297.39320153581923
2275.4727887337676,-2802.429875610651,110.96248076076363,305.5275944374336
2443.8900212762424,-2496.384497335052,152.01938103339606,339.06864403664474
2644.194054176446,-2422.424606181365,120.17979350138432,303.97755831920017
1655.1306646033454,-2734.9260146806964,212.92253954007234,296.574795621389
1959.0339526528728,-1731.7445316371955,24.673203169551066,312.6002229738222
1623.1011338623903,-2824.196123614476,126.91585591392266,320.6147783605713
1058.3088106894245,-2337.249591008461,54.4309967927456,315.11704423485986
1226.2128699706388,-1671.432189030121,63.76750066017391,324.66735864927745
1090.174209707504,-2392.5501888476174,122.53663677312758,321.3299545341442
1679.1793771487592,-2688.9194051856475,68.66365834344005,333.53615770809955
1886.2569091370697,-1617.1002098659208,205.81162713516198,335.55672622159335
1706.9456661582594,-1663.1883169726618,92.21790752222331,320.45676845544256
2797.932649847954,-1987.423473049732,70.11225856899586,322.6676797926927
1627.6165201932602,-2665.0957244585625,114.34846608253781,309.66228043433256
2884.7314968539604,-1293.9113059019385,50.8299136837861,329.91260505707504
2900.612307807396,-1122.1270045773613,88.13641469143059,323.43393563463377
1303.4202069862763,-2328.2734187737524,211.2956440034839,307.77080163699816
1529.263300594021,-2432.275892062636,-8.986898009181916,310.6619078656423
1549.3002516719514,-2345.7292953845117,85.48306809953581,308.8810391180928
2324.4519793083673,-1489.9672386574487,129.56610873122986,302.515959530353
1768.0366986120669,-1328.5699194749966,34.09301438056445,308.63997863113167
2216.501863500999,-1318.9137832294123,13.449736220172785,299.6087126510403
1829.076513676202,-2048.5085085764013,230.7498425671436,308.6333027336324
2610.1611067180866,-1986.0638826049233,78.67162057912368,312.80207458185043
2111.1051259457445,-1964.991194806301,213.58157896002243,304.8199315563981
2877.7911067120685,-2378.883370989177,171.66487049072688,335.36610211605824
1619.0528989734098,-2382.2628092522764,220.96367567406787,326.8250190888099
1544.171665682096,-1675.9167563429558,255.25453745163492,320.8321191188142
2918.170851244226,-1804.0248215703741,211.53621152693407,307.18183836034723
1527.9525972934991,-2504.1296702948825,129.90939401411188,311.8942646530448
1546.381990521937,-2855.670323646515,246.14662378551503,321.68263143020334
2189.9605990138543,-1250.2339975043894,142.62336796205463,301.95134903384957
1407.0779922522602,-2779.5041951629323,156.14668892295077,302.0408991489736
1234.369159592141,-2848.3734532706767,140.5534210647068,300.14217513128636
2646.7661132445255,-2183.396962136768,161.29953721451113,302.0055170876146
1441.2625039903728,-1049.8614070662516,29.01346690200473,329.18959184965473
2117.8680393000714,-1896.9621253245673,39.03278579789951,318.5199730131069
1739.1757125378113,-2026.2971017236587,49.03536183619221,308.4347903541464
1654.076114207217,-2053.830067942751,202.71552974789319,303.4775442125222
1022.794960219208,-2205.7967014046535,38.35219759453688,318.83160290391965
2832.618331536068,-1351.632468884085,52.998022368742596,301.0691674759585
2972.0247784337234,-1582.882637575608,204.5336981759508,303.41308477584846
1734.248172928505,-1000.6595803263106,174.69175355224485,322.1888252427737
1197.9200913417542,-2060.0866852224326,-11.750646041129318,337.35248793423796
2304.2161872533534,-1583.91135212741,196.43719569218854,320.2475283005305
1156.0569548672029,-1356.5096279064028,50.502264524816184,298.9835542246709
1125.908434358017,-2736.1209590287535,256.5230638960753,328.5197681830686
2837.637501966303,-2759.845260148405,129.0369115058867,298.940593212194
1546.8582298609133,-2575.2403838379055,131.5111199007615,303.065416110839
1172.1840345065639,-1784.3281006738034,246.72903025787843,308.44452628788855
1914.628344689021,-2439.0221002490944,146.19991257871422,305.57287205496317
2367.640814266073,-2090.947081845801,121.9940301284112,327.2347981008732
2876.390558644558,-2000.893209720995,26.65970374603097,336.5246042416395
2108.951637165123,-2055.54768807192,243.74580869897466,335.5405822368499
2668.301465904222,-1945.5035899552922,232.86360380412202,320.8901611290547
2057.4100701658363,-1094.851189224308,106.24603958256478,298.77793168840515
1300.0212037844517,-1984.2914103713535,206.92622621110533,325.3506438349363
1046.3016335308666,-2272.5307193876533,232.30497658643068,295.4281871002287
2645.2093486785047,-2360.221545009536,145.6358354512042,328.9052918098572
2922.126476519872,-2380.7299120129246,185.33982140566,318.7411996235297
2970.856904799759,-1110.893372151833,135.24785718002008,301.83657469823834
2372.9415330066554,-1702.7210542611338,63.48304432518209,311.9117208000809
1394.0818549792907,-2482.1142404969464,75.84311325294705,326.29202503570417
2641.097480904242,-1557.5640974781143,75.01296268280532,297.3009452574437
1868.5825228868675,-1149.7728257029967,79.47355286784753,322.5787620878171
1350.126376248441,-1391.843097884085,240.50742591968924,311.94824338103155
1219.2452939450202,-1951.804615655406,49.465623752981,320.2064344073969
1669.8482070284915,-1452.3001037428967,35.06086171590613,297.27169097010744
1862.3508377630542,-2965.3362110440416,139.32970632185763,339.0475140449827
1852.7431603175673,-1808.7565855870598,230.21015009568293,306.054275974864
1698.9034325369225,-2142.451388493567,69.65353493101168,299.20955967165565
2013.3842503296848,-1810.4037242721683,59.23556849859796,331.20449824692673
2197.00416045973,-2657.2332848732767,192.14111019008826,334.14776684030977
1777.4934033597742,-1717.1238224796725,54.75972837644619,316.915024008211
2321.421304365923,-1774.6224032171995,25.69093585035383,305.4969965744202
2949.2932754460167,-2207.971159099527,129.1127910309167,325.2798886803216
2826.431068265155,-1492.0713372202051,59.08584394866433,304.04543464672645
1133.3770599512077,-1467.5756371391162,207.78534414188502,320.28409248869315
2879.688073643293,-1455.492777751403,179.25871655399922,316.2945498725334
1441.6074761127159,-1842.4892373136488,198.18094129507,324.8488724968312
2817.471342270493,-2093.5675380226958,159.0543958345415,304.2950746234679
1223.8735812084994,-2568.8437298907775,128.11055273250383,332.81874983056576
2221.8228575833873,-1552.125744751878,176.38039262240673,314.86163879083784
1462.5143072562564,-1474.9003030496917,27.686810317963122,310.5002069222115
1246.4790114905625,-2055.9344973345314,115.2163870378966,311.32672373831423
2586.9680169949215,-2938.2869377082366,247.48366912401593,323.24494107993155
2536.1096154944535,-1465.6749603674502,107.43298137860543,334.3198569165868
1907.0674008307542,-2836.396338984994,180.95249770294478,337.1073564589276
1945.7547166589989,-2769.6712705091963,168.68563149248828,318.57118609839694
1008.4954534914688,-2992.5490361522357,15.371663756618204,296.60151428290334
2262.4050814034085,-2257.47337097598,184.11571309470372,336.8232017305789
2265.3782660465286,-1658.7646386602207,-0.7440145150230091,308.8824764604923
1502.1717907393293,-1751.920400793626,37.61548102506364,329.7699728002901
1928.1122737919459,-1494.8430716857486,40.387982338330325,338.81836579738865
2896.3669927596693,-1881.5316012014669,226.5540849129064,330.15317922400726
1243.6232546412834,-1002.519132989685,202.8219693704412,300.2615888942831
2219.8997226883685,-1692.416455835155,41.05641534835799,306.63851033133136
1487.9681518649397,-2101.1586580710514,52.047393400877965,297.58824572481416
1650.9686491596876,-2904.3015256221643,128.46060586944012,295.6499010477185
1206.5368422541046,-1748.922161780837,101.57307752340927,325.6989146234633
1684.4626586147774,-1755.7930866156291,89.08001710926341,309.11680929856936
2014.735799021063,-2107.53889603964,158.0900778445871,314.04300016294314
1313.001591223123,-2288.8226814859686,38.40862235652277,338.8263879318128
2101.9830056350347,-1091.0277774543283,118.70588415854866,304.54217236540313
2919.4138230895887,-1620.179589230047,197.9054529022479,325.307869228223
1975.4092235664393,-1632.271782107609,167.78058365472455,305.86163038565
1640.118170697825,-2065.2045284856936,164.66547578126975,301.29803131146497
2555.900011345905,-2084.4331352634813,89.98518867194971,329.52277710221335
2514.9425290487156,-1281.9470771755966,223.85527586525882,322.61458310555713
1629.2633098982042,-1793.436567956916,30.060048663687915,305.15029805391237
2503.305117669051,-2188.7207424637427,51.575549617281865,323.22374955642687
1643.7027363832135,-1032.9648976649082,114.69805957915648,301.14297204933064
1364.6976822576173,-2535.731063308681,114.60525507460412,334.72824891562084
1141.345156007212,-1475.5892883402237,161.30343961193643,296.68297833234584
2731.2876949409547,-1842.3026024933993,129.14172142786205,332.5599565197475
2732.7988583640927,-2250.0706801216775,42.185227460411205,336.9937899488413
2954.7473397984086,-2967.655021448009,15.041374319466193,306.0280325097728
1043.6903941231255,-1962.5074578624217,1.4523376563432855,315.50683441306074
1360.7758682810377,-2254.459844235163,177.79771326298803,337.6956732501435
1631.0026270225017,-2435.607311775899,206.16663717805594,302.25368760953916
2335.1800670982248,-1409.325511990999,231.06768263649505,324.56870977626494
1111.1160882003655,-2273.26752453039,56.33273733419007,299.14085381733497
1953.448297753258,-2446.6924130679754,241.36709367976812,298.5107154772437
1538.7503772774235,-1285.6003204401588,63.818561740562615,331.85193063829865
1472.706314082208,-2653.3388828510906,108.8480922779766,329.59065558620534
2808.324630958463,-2641.3339501153728,86.7833655242051,317.8287284109106
2020.6289697308841,-2970.2054305147285,30.935376925691834,328.47485535791134
2108.966058249548,-2570.153522057873,246.53829559724682,328.0282381490351
2862.1951826037225,-2844.4977941711713,198.45494111280988,309.9039980880174
2415.5204770975406,-2517.6150570570235,70.12251959781808,333.00804485399067
2788.575736728414,-2389.6757536118953,131.52183756607795,319.32177268102225
2267.5622840095766,-2156.7353412864513,71.82682362429439,330.5493458937819
1481.9928795858457,-1057.289249452285,2.8509666390566757,316.9615471550341
2190.2307415111536,-1812.441935366193,26.284465618263276,335.67435567825555
1252.5244019907072,-2957.9128230157376,255.27815260612016,310.84605342474873
1242.9896210096304,-2132.7640557469826,215.97565195809588,322.2186249626431
1970.9788688011408,-2528.017903412545,247.88302289428555,331.2397658205417
1019.8365963523372,-1392.296990335043,185.6048213577955,310.16918375520106
1954.722797944769,-2770.444219593601,221.45550603763164,329.25851599842906
2152.8048590781027,-1529.9087370497302,149.6011709800492,327.4556956903485
2064.699136461578,-1150.8746846393967,74.67343306255039,303.8149487320062
2659.4677664430806,-2895.3333141412295,191.29228981836667,296.7646189935445
1362.0589311226934,-1730.2358225047622,67.91159621714581,313.85044413135995
1771.8499537462017,-2034.340507236509,225.55399740114768,327.592048765277
2081.8331955354565,-2243.9780305261647,31.764703161727816,325.9996704101377
1429.3338587858852,-1167.6558534716064,33.66030995352883,315.8021628084602
2815.7080585428457,-2376.278148660311,-8.405710541901618,304.6231745191923
1778.0736708807135,-1862.3987726624475,11.19700118256102,298.03767341051173
1741.0327572852982,-1260.9711197978995,169.22593017128403,306.95871480037573
2964.6056853115256,-1698.3215015003939,126.77114548627881,330.68255363311516
1887.004275020985,-2022.9876979937117,124.53760490074521,328.94845962086674
1379.2242564944163,-1243.1334630649487,125.24697060535507,321.25016163875716
2892.975713077707,-2228.709472804456,172.84326652774425,339.99486296169
2289.9567621066776,-1408.522736315509,111.04421573082158,315.1404996040367
2921.5668484105745,-1852.8223758210358,7.0392999267353105,327.44317167072325
2317.8837633324188,-2357.4727258426674,41.23870486356737,312.10635348438484
2515.7460091652492,-1891.3467631971523,219.42848922457276,325.6672335555484
1523.8011389644694,-1090.1113597846102,31.360767163827255,318.3657014951306
2049.4509482997173,-2345.5034298600426,63.86097910049139,312.64181023915637
1363.1894808433738,-2210.468284714098,84.12361050154678,337.75804932884637
2088.3532805201075,-1714.7561486015184,242.85309840266535,335.74006251156464
2599.5942542421662,-1279.1990092418152,28.79224043249257,325.09633646471565
2192.8310781858527,-2759.3941021444152,162.74621667926087,296.0045135954029
2669.0237046538014,-2723.283860784384,11.76049264874301,300.82998486296214
1562.2141492072556,-2548.2442467309493,142.05198317850187,319.35433504017976
1300.9281043917836,-1145.367968995179,83.01152365145256,304.6148466080962
2977.761480135782,-2094.3032118938063,224.8438823734867,304.13517052624064
1329.6011814029162,-2750.026604275141,156.12641062390816,321.92324887084953
1878.4590138157855,-2720.3005837200963,-3.8400791293285117,328.8894558156321
2386.7445275959817,-2584.099152607614,5.4814437027823,302.4877996044128
1936.817800340626,-1029.4843475696614,226.30065780928769,301.3916305804284
2142.9087246489516,-2958.7921812245227,238.74462042704025,326.88275445588613
1613.5266021615857,-2645.5630716510595,10.901095439668158,312.31030589682206
2514.965613804631,-1793.1632064558803,254.6912254968555,319.1378126818236
2637.024639154489,-2308.5645301368336,25.648833548454597,336.905139643583
1948.6231866939058,-1407.96211268555,241.82965224715218,324.9471178173475
2906.3884040016965,-1058.0987620441133,-10.874857718806265,312.77322411128915
1100.2750339953113,-2179.6167996398403,50.19021583760829,322.642252309471
1746.4003599566809,-1391.2114541151732,6.13216403499548,316.32233095872357
1834.875095160729,-1806.8454074216554,125.39142398262214,308.18569038884976
2288.9970581260995,-2881.763182959732,53.37098870706245,331.6224050878265
1074.304813168524,-2696.815082080688,74.22366446961935,315.47930790187667
2562.884423423252,-1264.7454225119536,90.6727948639959,322.7996584168104
1346.0959376764552,-2410.642564680633,220.83350924118534,312.3050437252906
2302.6243597018083,-2620.839737436367,195.591289791701,295.3046729587828
2255.925014156099,-2036.6099655318094,105.38181880838344,324.35655176379424
2976.50387018464,-1795.1129189924523,-12.344827605833286,328.8904993143493
2933.248224046678,-1321.6862453177318,132.5563289078076,297.9788927072982
2515.7638085282497,-2325.5170830667694,120.87937732720408,295.6116073615707
2528.760379450913,-1556.6222646437077,49.179005434524825,308.01217264987133
1818.828238162195,-2018.9651287469126,7.505178444046539,316.24284704659243
1510.727141409378,-1885.9449132687866,144.52451278457764,314.15365171611205
2509.132597773316,-1682.5552550889317,147.97582537796447,337.3445748434568
2148.825987760425,-1822.568287614145,99.5919299920898,298.1691881189339
2527.262263450243,-2025.328983999343,39.919525275939655,303.3054573570457
1981.824203967258,-1276.896412210135,155.80860893062413,306.80245844283667
1433.6272471858151,-2443.4249211366123,-10.293484445350558,295.13151004726933
1271.4489920172114,-2425.6484293092735,251.83849220477566,300.78241060456776
2449.314258476317,-1783.0962779464958,149.86757865259335,312.58203415835004
1741.9554215816877,-1225.449285397519,204.21361307875765,300.20513343000295
1310.70451363808,-1043.2989329331274,186.72092344179896,328.2085178052246
1305.1073965150504,-2399.8052120551356,201.97525427340963,322.5497737742447
2124.4954819326585,-2939.535396296732,207.44632281732612,321.6904389091266
1549.0786046483577,-2010.9253038811194,-0.394477493802432,326.1881467586885
1327.6699967805455,-2999.1912886101622,218.4578496063036,307.43430280560193
1767.4486164914376,-1835.4043469474318,240.39018700903497,336.4090891109014
2550.722485055572,-2989.599192644647,-1.1493461714117092,338.540648871412
2302.565495038726,-2159.4497473586543,234.882434060242,306.3255411585827
2277.1917460029936,-1109.7108271616266,17.267337810989225,319.040339751584
2917.36704811915,-2238.5003793616847,197.02335352297618,314.2769466359393
1110.1941631951702,-2886.147811339718,234.4018582890228,321.11589264825534
1555.0615907523184,-1196.3412468991949,228.0098335145363,308.79475062995107
2906.423227123844,-1457.1932015813866,-0.28456040173687036,296.2038109384334
1890.337875560088,-2338.3157404091435,63.5627829250607,300.8473766275156
1684.5914339529572,-2060.612840167809,150.32209198400534,315.73988092710266
2005.7634189243176,-1087.8149829089348,91.51505256015317,299.22213165380236
1331.577644278368,-1761.6877637084576,2.7677496210780284,339.20036436152424
1881.5142417987136,-2554.175282139305,257.44409121927197,329.6555968812979
2642.2045286157672,-1650.6685574358498,253.5086915774213,299.3772922552683
2751.333677346465,-2854.3697224826446,233.63183111310823,303.0907614747523
2629.454377901762,-2755.266282453212,186.6575230551033,317.65155582843846
2748.7543780101646,-2247.56375815164,225.72297636871352,303.65162519016684
2720.5820048958094,-2570.086538402991,234.1866011539842,326.766279180867
2542.8994956669476,-1698.2353603612398,198.59418364993294,321.189880166613
2132.682669287791,-2626.396722760949,198.26426646102726,319.04650635326385
2218.678215545945,-2338.169217942096,195.06511079610968,335.75580841666203
1194.4309036577388,-1880.659156243054,-7.2881505717843,321.2300576883892
1704.599231251862,-1097.7981698406015,25.42585737854936,323.8994054247536
2620.5598675632405,-2147.6023038808576,211.6017353422362,300.84760312935714
2115.8376547892804,-1548.8403105636203,147.13679914599228,334.36541548974554
2022.8693084447755,-2980.224008034905,50.3871287474301,324.21384716444123
1033.127772943308,-1008.0108813760387,196.20458582068107,339.9941750755623
1011.8173126203087,-1041.0643999029155,-6.033309471304586,306.31421817364213
1558.4298705353608,-1917.6952481373487,36.44604604517579,339.94413706455094
2275.6661335156177,-2929.50433446978,192.13381015119492,321.64969388064986
2774.644341397796,-1440.649328901217,119.67609519447382,324.9629022388021
1343.1928218683056,-1086.5793960325616,35.41714864587629,308.5630771668883
2586.571313655786,-1067.1570683640255,-5.20001537197539,299.9919387908094
2777.701715378371,-2918.3218765410074,183.56126927683474,327.71009441509585
2731.2293816304036,-2667.8437903866034,223.50045315805139,314.48814647685697
1260.4503703504517,-1998.1441788841237,93.76459251039985,323.9740768050189
2975.734457157031,-1244.3297679503291,168.61499585286938,336.9797428121244
1144.7203571034715,-1612.8927276192046,52.14082650951451,332.0152152447188
1384.550590720805,-2929.4285098715236,97.87354139723843,331.8795288719898
2216.072812224042,-1991.6666074760324,238.7715118477327,326.9691491969168
2770.166598949137,-2789.9487366835974,116.66942126364106,338.94289013440283
1336.247310190909,-1001.1396668495984,90.96870489880303,338.23246549740907
2240.879086759972,-1544.0032963948702,153.71815994053824,306.30338223529253
2435.2885007005752,-2695.185836141731,50.00096358641915,336.7290384842213
2131.9080469846626,-2481.5134225122683,26.32135650437761,303.37359522288904
1218.4838225481185,-2429.778365932212,162.1916453482655,318.67639645471274
2648.187860555637,-1881.4005331991018,85.57959177502927,334.3008912941995
2193.9705579230917,-1532.2930940863223,49.02440066505781,314.38406747035367
1157.842261163974,-1406.01935481926,225.75493252480578,310.33132671077396
1748.49114206997,-1653.100800592274,198.22023394911537,321.1032744861297
2767.3268252772305,-2137.8587987373176,67.12520576231026,317.9838165490353
1630.520952104824,-2472.5948269522924,249.95260248398097,316.0687624809435
1472.4569584547783,-2120.9422518348983,35.962659685303684,317.31909382921145
2858.9604642471586,-1122.6434124234465,256.0460354487447,337.35256939644034
2760.178314672003,-1314.9623626599146,116.33411533643118,323.89398697085653
2596.9046875237827,-2868.346631910513,160.20958555854625,312.998508487353
2898.1851453102727,-1040.8012006580063,18.442173324651982,298.1407356147589
2991.6185281873113,-1056.8776920759826,231.47406653040255,324.34808994246214
1721.775697907267,-2301.8241552266936,93.75198359237359,312.16971681833394
1987.4211221929977,-2061.3204133544023,93.94143073978745,332.94136602818725
2644.0927878121875,-2735.584334438669,175.0050895924376,339.1137839837035
2871.3987804955154,-1540.9118304300991,230.48358508825814,315.21405997383295
1667.4815856242703,-2360.414774681286,45.09817217384017,314.63836621050575
2693.2978376641868,-1966.7070097038325,126.204975026081,322.3549623183396
2878.2814729883207,-2316.321546160611,207.056498977367,304.85252593526485
2485.9137179688455,-2264.568338494072,165.19871391950892,330.39606763911274
1012.1385586913689,-1654.1419278312849,104.51457802154748,319.82364688542305
2981.077506027343,-2687.5962424795716,204.75190722611657,323.63389937536533
2390.284960066335,-1050.3325490997024,224.20093175618607,321.9040188286602
2394.4817623911904,-1348.5298665240305,4.07224324459726,321.2078398208748
1255.652164795842,-2987.5251686664374,233.77329486706586,330.0912408693319
1497.5000009550483,-2869.624461926635,84.33057532145587,318.9240847644653
1975.9359488217863,-1720.1115718371382,253.17383681569714,298.5604401511334
1790.2248541658764,-2122.381993253626,33.86336912684837,308.4205635911612
2341.823548776505,-2091.9418664999644,241.6387633039854,314.37004286542384
1876.7347748656682,-1491.4156434081165,204.55740970473624,303.92039342184944
1952.2144949658584,-1459.201934776003,-12.91938369531544,315.0901342977277
1357.2722082341568,-1897.9227645723697,179.58756335912193,308.117728396967
2120.9364393315486,-2356.695628202032,159.0479237564978,308.2827709121524
2209.99905955357,-2207.375104337516,165.535075874874,324.53436346339595
1988.6658418910151,-1251.7727793212105,256.59155631460703,312.4158314112632
2088.8260482150044,-1278.4554410858125,233.283090135959,298.4285044196247
2202.8858835356386,-1474.0825316110686,82.16737625095318,327.9443117321416
1241.449171052624,-1718.3233464119194,215.84199050705118,306.99362616514253
2886.524462005752,-1065.333569459481,69.47652168016842,300.9891098322872
1436.5556276184143,-2968.5551560692893,-3.96533027753126,314.6643223243399
1764.6912246778302,-2785.229578324893,151.73583035763778,299.56960477980505
1591.717071694703,-2499.9570440760117,-7.875472438720596,299.85377514481223
2931.523551875577,-2073.9924116589623,19.38164670886769,299.4372679753172
2483.607364354042,-2103.8097319602603,178.8902728589583,317.61793793802656
1789.133654191598,-2501.9350610511965,133.4026892686025,334.9275046439253
1942.5495695439881,-2142.1237683423574,61.53280456307681,329.34112474850315
2482.506664769742,-2020.2391030127806,75.61431722635767,316.7084750716987
1655.5971665456482,-1649.9778421379986,195.6998721755365,317.6532108695812
1594.7641453486517,-2166.3590519742916,239.26246399589743,303.99529242743256
2762.3812646350707,-1955.8708285887108,240.29126437753015,295.39045166311894
1219.9545936569507,-2112.484113315262,109.60653067398016,311.41891468997693
2115.72636075029,-1468.3507315125876,-1.4032306339130614,327.32147284331046
2382.571998798605,-2093.849751972533,154.22792450461878,325.9351084881105
2503.31071798407,-1176.510436764799,222.6657097931827,336.54068775991277
1199.5316922299996,-2415.0380647549846,15.999897445187965,308.9550526769598
1944.434430937912,-1702.592218815977,239.8681950706775,335.65480006283667
1346.5952906450084,-2769.7438064263565,146.92055261244676,325.21072554505446
2573.6718406781674,-2436.0344157627505,226.88450504005067,307.72526349446395
2874.5201904985934,-1403.1541802526567,141.3151121761704,335.12340243537113
1310.169880895545,-2326.562400296001,47.27023063562617,298.0043850669978
1145.0575024676623,-2526.611901806074,191.21967513497748,334.45098427203527
1713.106722023053,-1102.1445293187337,16.15638133602136,308.5432183665498
2097.105042813662,-2063.3808687028118,156.91926091757358,322.64761497399144
1513.871451331188,-1722.358752877084,31.487043722128085,302.69270763917564
2234.8246802686635,-1984.0309434995156,107.21022049298118,328.91052447353513
1408.4995035946122,-1391.7408015115084,106.83506905956858,295.9216901659131
1761.2371093305346,-1610.4829859155031,-14.789203651631514,299.79762146385247
1936.6698155182162,-2955.067000750493,202.6294652006288,327.3168361796392
1345.3826972421123,-2373.7095162612013,225.87211309404904,305.2830396009047
2100.7455461795385,-2758.523364158042,195.52668814659157,329.8688971428493
2922.2788968620116,-2371.4451713330172,63.63052091051513,305.5841898608709
2479.5029737147192,-2144.29870165395,146.60647918373104,339.51665363365845
1364.7131487787071,-2216.643845902429,83.09862345704032,313.59033355913687
1593.8893625360488,-2948.5456380722762,206.75733522922815,299.6612018911633
2295.5594185122945,-1478.3189933526753,-3.2525561637641953,335.4919633519905
2037.4781651020573,-2445.289105061005,12.424483194866646,309.20313773066664
2078.1402672715517,-2320.7021107204505,229.44427834272986,328.3553112122715
2175.5953514297616,-2540.2618265598658,6.795515312458452,319.15641288534823
1062.0933388610988,-1753.106529754537,226.784881165785,304.3650113462495
1415.7437012480502,-2144.970739344827,228.11434051457442,320.86008461261343
1750.8788137205747,-1365.4887862915548,165.8687410043658,332.3686681339901
1253.8100920855786,-2751.5257086305814,59.77926907885531,298.5369094302332
2550.1202471715796,-1099.6175163590665,179.3741467315884,296.1239204992447
2455.966595653341,-2439.827496404428,178.13201994577526,301.5994930391798
2189.85452757043,-2798.5299222831754,133.89653759824174,306.370328082931
1594.6067917450036,-1157.452643439825,171.28261522882212,326.7257004413065
2155.6742918132436,-2364.317440567102,150.54642823991864,316.60114985566804
2048.3016414429812,-1475.01587501841,5.578902870970943,303.5216269253898
2687.05745072442,-1075.963223680845,103.76178414293251,334.17810117293317
2504.853615509203,-2761.6783790640816,29.894824673151277,339.4402920598906
2189.131325311063,-2190.491346072099,216.87185897875372,316.68743838162635
1056.3560496801879,-2655.796044847376,204.89831930401357,319.08984185322026
1552.9966739987121,-2939.8905386800197,72.30201740657549,305.64750807465026
1882.8935435668457,-2865.5094934892295,159.2088471510812,310.3301263604646
2949.720169243834,-1744.2841091677733,4.555466063560008,319.16676468458337
1143.6462292764106,-2807.178730675884,42.97666407349444,324.2423327361981
2968.8470918705643,-2732.8992946153103,128.46510519534337,299.5600100134689
1165.0818682271204,-1289.9966205453156,100.08943132252749,307.5901326818988
1381.597200932737,-1612.5542483241977,14.057334918565385,314.6790602523033
1130.641183774867,-1684.7672310804128,213.6792221527119,306.71449362177793
1651.8215956724382,-1107.6802642416114,251.97238590880852,329.19252667087767
1703.0363889299051,-1901.011234168859,103.04649558844571,328.83727727028463
2371.7066721156507,-2430.720134544035,-0.6063217455137302,300.75725447542374
1515.786192194146,-1207.1446442388901,127.5213379460481,317.1578953565539
2866.242147259282,-1808.3436819087035,162.4774434177542,319.37453829821646
1328.5448299284617,-2408.8175324807585,191.92218914327484,329.8106308523604
2228.297021689359,-2462.444294840003,174.75651905294535,335.12184079715263
2424.2483490573295,-2929.0194981509194,128.1980689435807,338.87918392219177
1808.699409819339,-1037.703578694176,179.62668293037393,308.7013939745245
1710.1133275564673,-1794.47099012644,211.64867880605377,329.0384266030643
2581.755187296124,-1280.0457929472332,17.178491680472995,321.77908998197347
1814.4685490430984,-2631.764122977241,163.2783142027273,337.82580472890567
2056.2732119920206,-1709.820756856182,250.38511231935752,337.27437827855806
2726.4276849526805,-1187.684997865516,2.352259121333187,312.86573543453767
2666.60938245748,-2209.6909557015974,99.98834403917154,323.3035241388338
1755.264517486556,-1815.932406520403,206.3315280300268,323.3281066694525
1827.7583340850606,-2733.5490046026944,223.70107210329203,303.4346075019156
2729.211982186477,-1288.1280547513247,13.300004959064228,309.4248787387691
2736.494218122989,-2688.0068317789965,-13.520697815471605,323.20538387558906
1102.6997562942104,-1675.6429459661272,-11.167191497140553,323.9693257009631
2821.607643938378,-2245.6831706665307,204.20236814957272,338.7724044198645
2460.960710032167,-2170.3295099900142,122.14524497861319,338.2095363276334
1357.21249766054,-2066.29036891077,84.20051902094396,332.88443534137184
2389.463374902417,-1892.197420557163,151.0875963744978,321.983206128164
1188.9381192804972,-1958.571586266569,21.326517398290207,331.65234414654446
1418.260511268572,-1197.1138152411218,204.24811075826628,302.43850591618656
2136.477547125606,-1309.6236229777408,80.31955675056102,308.556892306858
2141.3772597977395,-1693.9711448315281,157.38326167983706,325.63041842689194
1559.2626154821323,-2976.028152429217,-7.840427246277716,317.40046796364226
2987.1583467598957,-2898.2432374819978,89.98505127872212,311.5383358189196
2825.8339604070543,-1842.3877635790222,246.4966472294522,305.5003884943589
1516.123442921648,-1150.3357281713104,142.9772559535035,299.21137605805694
2267.502113180522,-2963.395114350447,87.86400872809396,318.19146173701535
1210.5693425486356,-2069.574059596888,240.76506729656057,303.11573576403424
1787.4080445048412,-2014.2351309753237,7.777262781107595,339.7443359935807
1152.3433395652187,-1536.4466200026613,202.1456011445351,296.8674172071289
1147.7029983783204,-2451.161381085451,51.78717216934136,334.8958753498529
2888.259918207511,-2750.520428607874,106.21074912544636,331.9916022151469
2453.590067816832,-1158.5066592053497,82.70757205544336,319.92520158141065
2346.6355237539246,-1437.844342065764,41.16609532002726,322.69456658160243
1687.0688524319369,-2349.473517695907,33.48246708777678,296.7706286729797
2520.8709916631624,-1695.6027335600331,170.7932879206763,304.707500437622
1995.9495306467375,-2881.636242129433,31.07289613379615,295.89895914795665
2734.465732783424,-2814.971390994727,187.1503124513769,312.5245107576712
1034.472268644002,-1847.8766975014667,17.39511289746799,325.6706259244046
1664.9850535312387,-2252.4369840955223,107.26050183152984,308.53422939180774
2690.3493635026807,-2553.8914918930514,110.8830133583058,337.22066612391427
2537.496587296043,-1474.5997097448194,134.45313473969293,337.0233010041453
2140.407508339589,-2657.1478066922637,255.56159538893172,304.1668711744707
1737.1022629123559,-1917.415993783595,168.3301844740947,303.2007628222428
1848.1495685294258,-1720.8602492399564,-2.1257441144915656,332.76072930154714
2110.786354137291,-1557.3610089707495,256.35860939720055,334.97769241549094
1974.8653995632571,-2525.5485771855165,221.28290292933883,296.1760439090775
2277.1273955692873,-1259.974032012941,23.278445971685464,296.87803143198045
2888.31180173579,-2017.326711831062,-3.573985232244649,301.79544230999926
2734.9955035429994,-2295.655623172702,140.48480578884258,335.7241856124971
1006.851403620234,-2122.782123603142,197.70334415957328,319.0634134925869
2387.664891096726,-1348.9587284764555,102.75554022839835,322.6062323624774
2139.207962216404,-1454.3168396990131,119.95156568634991,339.7928649360605
1217.080301861251,-1909.8969014371576,210.44441887534742,335.1685459298108
2943.1532035343917,-1452.392263192614,238.81575990070613,333.29648317867293
2507.1512686181804,-2133.8977980558516,137.7710733027088,301.81636694834594
1709.2804043217757,-1533.3730210241454,206.99763680993618,332.97217746421484
2735.1903422742926,-1003.4352582040547,27.345330812703402,314.447441230742
2944.560486905452,-1538.689997024394,79.71790744215687,295.2081030268638
1616.5175564517244,-2996.515813819112,194.5227271029119,303.05634787113553
2429.721527106404,-1985.161264817134,154.9271470029375,307.25921306293344
2374.560748294816,-1835.464417767166,13.126215925107445,331.360907327168
1923.6921626165115,-1053.9625263025512,119.42592146754603,295.2533478989448
2175.466532330727,-1808.1380773623307,30.26697612863242,303.11945752950373
2537.8451838362325,-2380.115792516439,-13.244604823912429,332.09824741152096
2899.342825402836,-1779.7604968862852,158.25091595100395,311.1583994385694
1678.7151433251377,-2048.711041531775,162.18598822682054,323.2940070123823
2787.9469482978257,-2607.9494721332344,228.41940313731328,338.5005258750743
1908.493616169707,-2867.072560662888,222.32172740109615,300.7433191824182
2324.54407252241,-2508.5243306329035,35.024699571852594,332.38487328200205
2433.337770539709,-2383.7563173280105,100.73649184722926,297.8925052238636
2720.5047692924345,-2895.1537148059742,29.137775801467313,311.4035338942482
1653.1594557243038,-2850.15568815461,88.01647704428353,309.2040623697917
1804.3855922161865,-1246.6475221340056,159.4938027896072,316.20514029728173
2342.3747703011127,-2755.99048498646,190.32053649345056,335.6447502964591
1517.9132948505658,-1014.5961283024185,24.984330160095297,318.5750545303433
1803.2970024812148,-1176.581527578303,209.47795149950446,300.62930518037416
2561.952098030872,-2242.028815166944,3.8874709304234933,324.88765761229695
2472.4776502032137,-2015.4388147911843,8.768949824704347,318.3463027907686
1070.646809566701,-1999.795655510436,134.8885747591624,322.6096844119582
1715.0621220454714,-1605.9363471434126,258.491904215884,307.0660442646864
1727.2300155942846,-1622.6882432942778,208.41927901297638,330.1636386970653
2315.9133523643955,-2549.039287761358,40.93237834571824,326.69788669177973
1743.989542157563,-1767.3749455396303,192.4451975883158,331.2468360972027
1301.245446125676,-1597.477039516035,126.42755599948467,316.538338891189
2974.3146241283375,-1405.2511716674412,252.42904227103435,318.0672856748675
1315.092826139364,-1366.665152841446,201.67317445107594,301.6140810904238
1153.2560122717778,-2993.370863753473,0.5562312196739665,325.65816298025265
1336.860675837086,-2390.5495013545496,153.30700698625913,328.2098008722924
1175.0186224708,-2912.2779239415568,181.3015504321563,317.2007946655499
2834.0216358367315,-2247.0555591122393,103.71204966819246,333.67798787323346
1992.0967936727293,-1217.6183041387524,85.83223502932701,324.0162520671171
2816.954179700757,-1343.8981193067884,64.50736377534076,305.7523987649035
1211.7247783813525,-1229.085166134809,160.09832947246426,309.62387429347484
2760.200385482006,-1634.3770455450526,41.701353364076596,295.60688831326365
2244.2966552858416,-2428.775071987344,117.66085690605053,325.1929551931732
2338.514709323443,-2136.570591670732,215.23613913198523,314.6543860288902
2519.2883108159967,-2065.2440935085224,114.09398899715578,321.113600776478
2919.750825704196,-1309.0349065402363,10.201814193431932,307.41261071150325
2777.8708318054955,-2536.677291359367,150.33549501939638,320.1916260125786
2769.7022934210454,-1108.947117943787,80.49740940667826,321.086406849004
2874.9895974656897,-2225.7413801640596,208.3938707926033,315.20467276001034
1153.5013561810417,-1711.8044803913554,125.27573376498748,324.5924218519634
2949.8625481967083,-1283.8015568573612,96.1191660703617,321.87874951726275
1081.0681500252183,-1189.1738259121933,156.82013263807818,309.85323734824317
1464.647789666244,-1085.9740596443887,30.04855167688325,335.5443578205507
1743.848860967307,-1135.840101094156,40.22113846074402,318.2084796544384
2990.801022043196,-2279.7725771454425,89.17951544067735,309.1223772590809
2845.9845729714507,-1643.4967506338921,123.60450858205135,301.09767565548356
1349.8116159651754,-1380.1221009567782,133.82935184254336,295.67597922727964
1296.19030316945,-2298.6173325890663,100.39391319386111,329.5503595832497
1701.7393212606435,-2589.421867873104,-1.648308064727022,332.738374082064
2262.3344118418463,-1650.824373596957,173.7107087050591,302.82529470893974
1084.2314939569496,-1315.153881832145,252.51348011663225,321.1619390576133
2581.9146892552585,-1091.419989152432,154.9123213990126,317.96662131816186
2076.951564883523,-1280.925137742052,130.58609387244155,321.1250198309078
1771.9891546199983,-1253.5097565220142,188.85225809309614,317.20567676979584
2872.9727840477644,-2930.0685759277967,206.23916561951,336.46677734858366
2778.8110567701633,-2609.4675718634194,-10.30918791370783,325.47167820217896
2290.876941269308,-1457.3493416676529,95.66751410150806,318.14001597454705
1260.5018147696528,-2478.4404190159603,233.54999565421477,296.22972746018974
1500.6551751277693,-2463.8149323003518,118.91231065677223,295.9585735928217
2983.1730100124882,-2896.2694972607355,30.90848194400443,334.2762932276822
1840.1633687267795,-1611.7405321277001,18.281700305906767,329.4627829005322
2947.898921299775,-1963.864587086606,63.14478286210753,322.84797453986727
1556.9324473370552,-1529.1913078855769,135.8597165101904,307.7905813231901
1662.2745682938219,-2839.2632467888093,108.15956146286942,300.89943773972476
1213.0948726786191,-2627.6507839935157,-2.8968472587907605,325.62361785071374
1942.1408861539699,-1759.8637102167183,21.640047348285712,330.2588078688235
1286.010275037104,-1950.1543648053453,88.78667854285844,312.0510084181225
2411.0156592117496,-1763.3273044948426,90.20187286398182,328.8109205335153
2804.3858564456796,-2534.1267430347484,8.337709628186808,330.46279180740174
2850.1082865759317,-2901.3268343867085,202.26239967198453,311.76393522220707
2427.5801890854714,-2117.502330083447,78.44028581880534,320.84547497927025
2162.8169731424655,-1066.4318937442254,-14.140661486044635,313.7549208267248
2626.748577134754,-1849.846827070323,207.32367088380516,296.45176496455963
2653.5255803899627,-1910.776386693658,7.746505816699816,337.73113787951695
2578.006484083505,-1678.531037384848,253.26237420853954,334.8793437553498
2994.7254990557853,-2468.9529200365537,233.54040884896824,325.70058216412895
2034.6774933793424,-1965.7822333737226,203.55376736437518,296.10094335262517
1813.453588239161,-2479.2913642366857,12.09931967184227,327.70837370049856
2304.663860230755,-2709.9600635767297,100.67079220495962,301.88747488855296
2497.6041414594556,-1755.5429073689172,3.5913754806445546,338.06681102753055
2029.1256734367919,-2432.701237630404,210.61704945406237,309.2971291301417
2379.587599451461,-1664.0506306528712,13.875504215301515,333.9845147226715
2995.449778759497,-2341.7402320895767,154.79369914901054,329.99710055047524
2950.124382858925,-1662.607852334853,92.3741140020552,324.60497627038643
1064.4695824696769,-1191.188426734066,78.94859293372156,305.6714196407576
2264.3480677028124,-1215.136727456193,136.56962573951114,327.3697254234813
2367.847119662255,-2475.247373201263,55.10471574870229,319.717220945065
2332.201179834082,-1599.6901785271823,132.93272566918162,321.466120157277
2255.7560146611518,-1542.9286191246083,134.13101877336697,319.65911716992366
2212.9711451825788,-1372.699862802955,28.93440355211837,305.0323419731032
1708.2644494817168,-2570.842232458314,232.75120365278866,296.0133890453917
1619.3272920234563,-2948.7658703713328,23.039365318710125,327.07309824234926
2472.1300758038315,-2423.4627039842726,92.93630404515429,311.98589895178856
2780.034929191737,-2442.968676992873,52.74448770314655,334.59211533594805
1160.1717893545206,-2421.289031110856,-10.670502439654118,304.6342325388473
2072.2223240213634,-2398.0094181119944,105.71486845606833,319.84281832664584
1531.8896360377257,-2313.785040487831,114.77341181904711,299.0328516033737
2261.970772281248,-2274.1031529300826,79.69549045186288,305.5558010526022
1626.0309476181328,-1023.231835998833,-1.9761621376653995,337.204189440956
1155.7318181357873,-1453.7804631725808,78.79830246492818,317.77596192755993
2271.3142625146256,-1479.494413687839,151.34877671315863,303.3859738475251
2996.2501458649513,-2551.0841475267753,130.82331307808636,315.5873012545334
2260.835720858444,-2146.4331981706264,173.15777242452407,308.5446313128305
1420.2364062752806,-2902.2338391852136,233.17049163671456,320.9497605577487
2348.248791404433,-1412.9209686784232,67.68043540793715,331.54366184407485
1028.7050523870153,-1961.2479527651803,132.83655790844412,309.8554999304242
2329.2768162986513,-1890.8151866545556,137.01817985887251,295.71962117644244
2262.825208584457,-2870.2839215559575,65.08123732885049,304.54597397023184
1109.0565410934946,-1276.6368435136876,255.56606431161043,334.43620849631617
1832.948160801826,-2636.21275572577,-11.60140739483413,308.5925051009763
1487.0744252116576,-1200.5938808855653,161.56020898237784,316.6157936377181
2356.116569634665,-2272.9462978945444,132.3476371071863,309.7097487190305
1772.4522911336967,-2653.4985889355657,166.83767004541176,319.05219208886825
2766.815386234548,-1733.8703733630514,26.12939361080484,335.8830157013299
1767.1526728334047,-2316.2859954521437,201.36139789403603,304.748484730591
1641.246325625824,-1731.5111923918798,75.49619406614319,332.21480701506056
1077.8105220675302,-1553.090457485719,85.3712359845304,315.75809158575674
2905.637773573831,-2075.029201604264,248.52100712886534,328.8708119910032
2203.9013057855973,-2599.5246859607137,130.6267647141209,302.40964683558656
2377.414593788356,-2371.170475928981,103.87583631400136,322.88625331757083
2000.8797826184339,-1049.7279909038773,256.07155519927227,318.2390011859707
1898.5131569945595,-2614.1412695012946,160.81915561073686,305.18095300343805
1539.1640497102624,-1612.7103410553034,100.69390929661,308.03145100771775
1813.360413273622,-2508.9379655196235,89.06173471484935,328.1357550338791
1072.570935821223,-1760.8131217114474,96.79364866236818,302.65654831179336
1688.209407853864,-2661.96270386008,-8.97000894466082,320.4830830269864
2904.4457069114014,-1927.9563378709715,85.75660994030319,314.69502916439706
2481.2759102509926,-1278.0648803465322,100.92658241322681,301.2509023966114
1249.8513629193376,-2871.939110793695,41.201014937034344,309.46622371756956
2885.1362900873346,-1235.978767584179,58.44584843218591,313.48599419237746
2598.543182449782,-2458.7580706661593,18.079809632375053,320.4475924754767
1598.323128294708,-1306.470767302087,176.41141369890553,309.9113512742951
1466.3399233946925,-1622.0461075507653,250.16818440146062,329.23062056458195
1563.4786653946126,-1773.101531995086,134.40521051749622,298.92399711063143
2565.304324799315,-2590.1179843952555,91.13751672967285,327.72923334376094
2309.452230267612,-1051.9782406926258,226.07016293424755,307.1303274146215
1536.8966252758332,-1400.9309550282778,35.59133655622539,319.16121561574414
2527.066281934026,-1581.9264752365398,1.0522266947343368,297.7924127753878
1180.913721008302,-1388.0436438333622,114.24060545151778,329.8963921307834
2279.421747641619,-1806.63349966459,-9.228168693253656,322.97195659266566
2139.5129273457583,-2542.5285500678574,58.546861119082564,337.43866396779464
1871.510565369914,-2989.1279346120423,234.2775089933552,304.71467343221366
2537.1161104632993,-1308.1474238555284,81.56300666376411,300.39401401870003
2038.731266925822,-1458.997004732542,254.691466647107,324.6281533559113
2374.7270900931776,-2729.247902121543,212.26967599241803,316.30163032472296
2907.5106535242003,-2482.48968879113,212.86637754598726,296.65416769878016
1389.1634998018596,-2060.179386418101,61.705554238459015,333.4031925607405
2024.5334976448928,-1399.1723581713984,127.4933182427971,315.82901207128134
2225.9452680093755,-1351.4197706194957,247.31344163008322,331.55855697654954
1275.48094030739,-1668.335570164924,124.50817696943767,315.3209842455992
2915.9438152417706,-1162.585042768163,60.90938298533102,330.1317204530966
2134.348631770926,-1955.5593917179372,78.06672773266767,325.9216415585793
2925.280239396973,-1931.1619516138965,232.11001405364996,308.1227444080027
1411.763742928616,-2212.3611430176015,-0.016420981229867238,339.5147884108578
2298.511995062951,-2625.0995447593473,12.639187124823788,298.7337159625857
2865.648987888567,-2086.531220406607,167.29969831437452,313.67001851572894
2832.0867151215675,-1953.0836726165523,207.77101172138887,308.2924506327435
2082.6663184023737,-2157.929185241111,91.54790369556602,326.67609335077884
1271.6214304115238,-2880.0032115592544,230.41572992981926,309.68590666462273
2596.104174246826,-2958.2102987659655,124.59722629098027,312.71631875318
1539.0674820649328,-1309.0892936679932,189.8898112516345,320.1862665527756
2988.7708733873383,-2323.8770012542864,239.1716595989971,309.290001056993
1806.7433088198877,-1072.1271837698362,189.0257893735495,332.02205804417935
1573.2880136406952,-1151.1049745952255,27.226187897426,301.37493349669154
1846.1278185424633,-2438.611113723116,218.25748617526338,306.6750965321599
1415.383973177815,-2863.673261017013,105.31203358349981,330.43761818755814
1905.9640442765399,-2538.9765623964972,98.87086956686746,323.9286235693832
1432.5187922337054,-2939.73985166391,252.0747786158758,305.59977615232987
2722.57663887611,-1743.380794327873,134.75186640283667,331.82521721754466
2712.399223845466,-2411.9081555437956,245.8205325339195,298.0390769169399
2542.187450514125,-2943.902920232809,163.7984043302231,330.87360733726996
1744.7467717120699,-1735.2891213544528,77.58293014230598,302.70080873822786
2256.5328077825707,-2306.7486489680687,115.07977055203841,298.4676041818279
2131.4191060564794,-2947.562510252638,169.83527205732676,296.2425471918726
2083.306000617213,-1817.1263188311461,181.43188945636714,313.752724027952
1844.5181298572347,-1394.7422789644718,186.49575692943594,295.8852462843688
2768.4464692054316,-1188.1684491065369,204.240395978628,298.2040449686462
1328.8575893615416,-2353.6004059300612,10.74854069095846,300.0131412916122
2024.3403864552963,-1027.9083534564015,138.2693651658264,296.356013104233
1774.5985012770561,-1084.2986833319342,132.79550637980864,310.1929488110401
1285.5443447365687,-2077.022357672311,153.8353341673096,325.5844133938025
1120.8354612085955,-2149.493125084188,205.59798770563242,312.0617209502144
1443.5649644329324,-1172.761276876339,185.47746270799666,337.82163266334635
1531.998391452533,-2636.3364610599456,12.914343578152913,299.223965968279
2325.041313195102,-1161.0378890747645,98.86870532155633,310.8085425677897
1785.4942811522637,-2569.5675562178376,203.76251172228734,312.7502213934514
2968.034002412056,-1796.1524389397625,242.400837828759,334.11577275388356
1402.631474060192,-1548.2513637536897,211.92478975349292,324.2712273026542
1387.1428972623944,-1935.5447541229732,30.941450804274027,321.2631915202767
2854.3494760544418,-1053.0215813240595,74.28253410909976,300.6676486593679
1583.5249023653669,-2073.6039958108868,150.58068821343974,330.007784955699
1812.9326764152656,-2820.327506672124,93.15157449588622,328.0063471122797
1319.306724457513,-1422.294357393309,74.07022052021166,308.34177913918336
1004.5012581351342,-2970.8100682654153,153.1198134528071,312.0909390444926
2265.0474998054124,-2061.8935916659957,13.73422623297726,333.1673617555103
2559.6526164868246,-1492.9858240600797,198.34619600781963,328.2693664358944
2185.226170597389,-1519.7505916665639,30.17046300946908,337.7976434189597
2490.523763851492,-1990.018770382421,161.94925050549625,317.2559709160904
2952.3578432240556,-2196.561528684379,34.881653713474456,336.02274356003215
2281.526799332166,-1670.7914378489893,172.98133361892707,338.91280146614343
2217.157614775131,-2613.9825974778614,-1.4511362910919825,328.047464674833
1612.8481896691114,-1037.254402475323,110.6625871047707,310.7533269328237
2947.1273816730127,-2508.981162329257,55.27945952479726,296.1487641284005
1586.4941805226504,-1392.5594608263673,123.81208947302659,324.27114154842445
2015.172934732534,-1912.9592108782742,158.68187761967482,330.4106693178992
2025.6203052041287,-2087.4155747404625,180.54980488916829,306.6880898944676
1677.325367311159,-1494.5677507787032,189.06933619597825,299.243777665278
2829.1769221585464,-2058.2744085169925,128.37646796609272,324.1482278407642
1061.2193189336406,-2481.4643810367743,173.35073828330198,329.47269949264137
2156.4564849654857,-2538.6771330476645,192.54402405308943,298.1678512234614
1988.1156612507893,-2932.722447712095,48.54853741956077,318.3872770585827
1905.5288993482693,-2275.8220864756254,241.71799036230044,323.8070911958972
1227.2329297518643,-1655.568595176073,107.81642961800861,298.4359236445956
1946.5071554426174,-1196.6325882911012,-14.770106121782689,338.4784646748354
2559.420846143734,-2932.615956995662,146.6718404306646,316.6137947410225
2535.0811602380454,-1313.8623483108909,-14.53361987496582,331.34366017115974
1458.4583129066302,-1649.986863364878,158.83523355998062,326.6606742903449
1696.6085905752473,-2463.332620691296,133.99110872589708,299.2768681444489
1594.4724862319522,-2108.4109016070474,-2.715868278396689,322.4401128613831
2539.316598975456,-2384.008247425211,-12.293509508640756,330.1993975418909
2549.9789839780997,-1385.682254499306,255.64999291413199,300.91981460534055
2059.6240906754356,-1945.7275137927347,19.398246157568302,296.9106465257016
1165.7371023738265,-2191.776566407403,249.90843584700332,314.01882667481925
1537.8505482845999,-2262.982248634861,222.68949611085628,311.6539872077061
1842.0475817694874,-1738.4187955372668,30.2900144390956,318.90424582910833
2913.1722190715564,-2177.2354617735627,225.1955111531192,302.94051289662394
1828.5906810787474,-2661.5380346512698,207.78774920263996,301.2350461765965
1252.853171867659,-2975.10172102367,164.4408271271967,296.82249055864565
1080.0109747852223,-1873.0876304072412,142.397205560233,323.04733364706374
1181.188866128225,-1219.9891565869275,-8.845751308162747,301.55797485090204
1167.3890471680795,-1564.7096981872746,67.40439515256584,328.9339842074932
2119.2275579149564,-1571.9517050582588,241.55884561838963,328.783665161939
2242.7179594620757,-1183.4700340556392,64.59050432027298,306.9232102199122
2783.0596005907314,-1470.0923161688436,181.79506866788458,331.85736106834264
2339.205929712957,-1937.556920226923,221.57533805128227,330.89910170686846
1525.7910105485064,-1007.9006661636308,56.60184295919832,336.15204004927557
1445.8300514050247,-1775.2709950197827,116.64537203797525,333.37602939622025
2906.11128960691,-2350.361172815009,5.975597697814337,313.61904746654164
1887.5313536124195,-1135.1053553760974,138.3528556523256,297.00647170335475
2259.352848852892,-2077.0778850267207,225.54498298459524,313.18470291091995
2851.9623352381673,-1049.4197920152988,97.40326522900638,312.58633150688394
1592.0851881427648,-1474.1553303060691,141.2165049626297,327.9106282580469
1677.7324409785824,-2565.8837630390626,228.2592058918342,338.414573264538
2077.924209563934,-2214.8293673875623,65.3730112177308,322.9522460731997
2543.913247343793,-1425.8255123703618,169.87930631376403,303.5598278445911
1892.2185898131952,-2145.7608917057387,179.06768094143894,322.4718320149931
1241.8497676642883,-1880.3227678084518,87.59154430242772,304.0496060510898
1615.556328734759,-1261.507391974595,160.40779063307633,336.31346795505385
2582.9050899977037,-2401.027099478255,-4.53878586578673,295.77357560235663
2749.160450902582,-2087.272172973289,143.23026863721552,298.1056568988494
2167.638867317467,-1658.876334955904,86.69170989968512,335.8432154451654
2329.3051911021744,-1119.8394507449893,223.6423695642559,331.84924182439966
1461.7726103463704,-1394.6939357641734,8.849949380260377,296.8005687166321
2210.933864798726,-1752.3640191088318,110.55714917305517,336.8511118455889
2159.9927387716525,-1157.654800142259,154.54686060729938,331.3555615814113
1449.3928704032826,-1175.3074979852995,73.94864647164879,332.92397101840345
1305.9633323013031,-2668.079267561355,214.68278144430707,310.079098257673
2763.1820621648512,-1108.6583417192928,51.11509265709617,336.9064159782854
1802.8199353279092,-2171.630183137191,139.07268932790228,336.96520341284406
2992.842191208015,-2961.6655436960464,148.92149562034905,310.05923874465907
2854.90089547121,-2340.1217968111546,72.9307005669038,311.77649451197357
2554.4173966057606,-1052.3221709054487,114.58237738619209,338.7053170088776
1316.3778666434391,-2247.5937049748104,125.6050628196162,320.76825732285477
2764.0187647132934,-1723.540347603359,22.22762638902853,313.97969762510604
2993.859241914007,-1005.8282456369341,82.58938980298905,317.9009820760857
1690.6676882772608,-1529.4764677106266,94.93607953221301,318.8182849957589
1913.5106062469126,-2904.4197334587584,182.8818989850297,307.4847831243465
1325.0375521099463,-1416.73116405196,-12.469912447719121,310.17593740011847
2432.461457282426,-1793.8544306036674,170.68108981205117,320.44578346821277
1099.286937784056,-1641.7138022330778,23.57239104725255,336.25807455479173
1835.1884261518421,-2938.2187184955956,254.3860041414922,335.7193171848133
2515.3836061951615,-1781.8149743723247,216.913089408155,325.4578760916073
2924.1743484418366,-1267.4826727862603,50.36638830511282,330.2402781256369
2759.6311483822315,-1403.3935948028459,167.7239296245406,313.91623088957164
1314.809571626892,-1792.0337346000556,257.72779321203876,332.7312995531592
1933.8253471769794,-1983.9073973642196,58.23226067533875,339.1464418484607
1101.331321412787,-2217.096855202679,235.0763560190861,328.3308992787129
1839.985965785097,-1343.4200097717053,10.915833407099363,323.82101734216343
1509.9966881935277,-2615.4377665358074,-9.712764167500213,297.97080344001006
2694.762282785611,-2965.2037838767596,216.69435833925218,311.70587012395254
1714.9137372112375,-1822.1540487114762,98.40499042316158,333.6181227223594
2841.4776398835115,-1820.3229705714407,90.35507783733492,319.8950138903939
2271.6794582969374,-2750.8220837743215,-13.995891949834439,333.59926924847446
1582.9296888852755,-2842.016852764197,184.58583455498479,335.9398931909539
1727.9074543044323,-2810.836987941046,9.887079710390466,330.630181948889
1038.6999899612886,-2822.054627991446,212.99186318070872,335.417215552138
2201.1650873885183,-2227.9674712913998,137.5686644569632,298.8885009299942
1920.632298881957,-1920.5826253200119,214.0917399875654,326.2741873948229
2741.434277074255,-1345.2325463024372,135.7713402176707,318.3331923697565
2083.842738990791,-1782.0335115610656,174.07739096545234,332.56017364421575
2965.0212865503195,-1575.0742454142878,189.34307306250562,323.40722638576557
1944.277869389638,-2559.0865736458695,128.46210568457172,330.91182858082686
1582.1222853800741,-1228.3181236921612,62.93141587911012,318.18714805529066
2848.433886525365,-1786.8474857915614,218.06341018642533,316.8211545725841
1125.3902358957187,-1359.739890615579,4.046652102396166,305.9325587950358
2397.7701919831998,-1416.355194003842,194.47078752058613,315.19790520877
1856.749247440835,-1473.4689109229073,2.2630074812793737,314.0801984979116
2259.0217079567374,-1676.946033059274,130.3693739510599,297.4691107187865
1572.8791444414408,-1689.6795133350727,67.44282931943285,307.68928956595107
2348.8322132643843,-1783.7164333045016,75.8244613300414,321.42931116198315
2273.6019622316144,-2927.381706021001,170.11499748255073,331.8000678676607
1266.1216957943204,-2954.259017330558,64.6611093445562,329.32372994431586
2744.896052582022,-1596.1930242254532,2.2184266717483645,305.60601267962926
2249.5996285333,-2349.5285966685196,101.7893419467777,323.10559159376487
2860.200386705085,-2456.24849306891,-1.2126616190565347,338.1646116532031
2266.5890998542345,-1415.0455958616244,63.128096396660496,302.0051584712138
1918.0896143822365,-1472.7998251413826,82.68764836734877,331.11782090906325
1310.1835308384916,-2871.632019171032,37.6715756319891,317.3660553624775
2676.2636256306314,-2632.4277508852206,224.57688916825384,300.47520942466736
2141.3724389948447,-2463.5523021696963,11.071614243073725,322.31574900863626
2060.0395117697326,-1782.3293566624013,183.86560743461882,329.6277805197368
2730.8710896263965,-1667.9334541019693,74.84660371958148,325.6930453768381
1725.0467988108426,-2453.05492934038,39.730682438865124,322.4673650005765
1129.4200552162454,-2469.2393737987977,208.1246163995431,325.4713429326942
2293.4219371664412,-1934.5147110310627,28.546902971316285,327.6196061991923
1831.5513772667173,-1420.4570815144414,217.0902218378088,295.33873394919516
2510.2251336936442,-1894.7761738053448,15.286479984648569,323.55355262675187
1925.0565576767171,-2800.9539532431877,71.82654212556115,305.7822406040625
1611.1058298922187,-1293.5660961156314,12.76769852722489,335.13645247493554
2194.6668180257802,-2970.100055338857,95.05917303557997,336.9564724046602
1209.6063235201718,-1066.193392897927,183.19818173384363,301.0434678630579
1227.0608773425824,-1091.1376652684219,1.2923268623599427,313.73025814523936
2757.9258470153345,-2467.4596603071504,234.08786098047474,297.9342445695519
2430.7977098631663,-2106.271413166682,162.47862129354812,325.906723278305
2852.1893690402358,-1809.561492355245,21.707189422752926,304.4056719044514
1016.1413085203628,-2876.115925032844,-6.23257568014434,320.4757518230437
2575.911984835965,-2538.4776845166784,167.46016610430445,310.72310620904807
1305.0081437471658,-1149.863291658608,43.933389588264156,331.7734860661668
2396.79288680809,-2923.5190766874766,146.63125567651474,319.4857322996312
2626.8748760671374,-2460.2740206711023,231.50918559316713,336.46113811562236
1667.438287315998,-1725.869006149375,66.57666132829422,307.00317415668957
2277.720284411038,-1024.1557649088868,73.70055932155326,305.2610955338459
2430.8945423095593,-2977.1491250347385,199.90213299364223,295.1948111086566
1636.0733575441732,-1018.5183396229293,97.98058505759423,304.30617191475164
2089.952575450352,-2557.943211074501,248.0615423433968,303.56125470618224
1226.900931129785,-1605.1897706230875,107.31051511699486,322.7907743414035
2928.8680677772754,-1653.9226220426842,133.91704793569474,333.7785795097231
2697.6211101911385,-1680.5422648949404,67.7266489064464,307.5605501144323
2280.6986450400864,-1147.9087836093386,74.64308654371257,328.6644152098081
1771.6407100899346,-2301.7345907617564,84.11920322490235,303.449509528527
2465.267083916431,-2831.5366049295185,17.380640931082837,307.33110404736624
2407.1277323391564,-2288.5292340625274,93.56499004958188,317.65782705805543
1851.0343936338104,-2407.721272949312,119.09764156465042,326.78915790345746
2654.401155812513,-1104.4576787126734,-7.001998655642472,326.6331334411048
2151.384282267819,-1585.9709000054934,236.78879355261742,325.61819988287056
2633.1751626839505,-2736.942164051225,92.35125636039291,316.43373406587
1812.7404668665758,-1405.0251301128612,80.18768054245061,313.37507996741704
2297.1500341723977,-2457.225363259781,164.21172589523192,302.9704343815966
2239.302989078786,-2941.164324413925,80.15072589621083,334.314535037322
1304.3539800982117,-1702.313601615281,45.306672961436014,304.8943365600542
2194.996149883106,-1408.0722243824714,231.04819060904705,329.7418646640494
1836.097744138914,-1841.9957965728588,141.77134278861968,335.6940523141979
1977.2694115812965,-1948.0844836838753,235.49393326319395,304.3441765317847
2707.6598236309346,-1320.5343113809847,29.408469029673284,327.5252711649983
1952.6245606106231,-2613.1749212152577,251.91860434957272,301.08689890677203
2043.3468243535804,-1249.230503064717,43.65987387956171,309.5146762969976
1126.3014858393904,-2737.0187453227945,21.50569143240152,336.16397789869984
1396.5170235622024,-1133.3547462227382,-3.4873444933672566,318.95402686628853
1290.0278133151023,-2096.1080198979807,210.41350152095882,315.0260222018689
2989.004889134318,-1523.7961040376672,95.96718057907844,330.0622400686265
2042.8578544024294,-2475.3940104814374,40.0813036220059,327.42962209835923
1227.5489463773586,-2200.140900713146,150.26599858449805,325.1527803120912
2011.1877552396513,-2998.0168803245124,75.57725785209281,337.9914395634577
1961.9377027682667,-1838.1099878132125,259.61741168726536,324.7072302075794
1129.5374893431165,-2616.3273012553163,221.15211021749755,314.6237223173558
1932.8715262022852,-1064.683344510939,85.46553831654357,300.9581245800029
1254.0830686139736,-2003.668778163755,2.3207275331951074,296.3016051055155
2719.9609604830616,-1771.1432983469892,254.8864292787124,317.23810712227504
2372.743325963339,-2101.8332626963856,192.07710190729915,326.21351850531534
2886.61315735801,-2793.9429720327516,231.92386304982654,324.98001942822987
2854.8740298073835,-1131.3750043328318,101.98064757591473,298.81024499830926
2424.0495920181756,-2032.5220153761597,221.50242789258687,332.7211687494782
2482.9147174096042,-2980.44258088266,222.82213443833058,301.72768375048094
1022.7527761751098,-2760.142652780461,181.71808392981077,327.9375341879453
2713.5108049241385,-2909.02068590665,55.589505289276886,317.28663377847494
2553.4506127886098,-2173.3752395930055,176.34665765509234,301.36861575562295
1387.7551799386806,-1614.162735099525,38.09469862286383,331.2276194682979
2944.326077667539,-2732.873373949374,155.35004766968785,306.2431687386222
1257.3000267846928,-2934.405485981131,-14.746612074105284,337.656637803086
1311.4647529190543,-1047.2292486053198,172.47791289187057,311.82329344949176
2308.2074478832974,-1027.7873617896942,123.18162223570607,327.0457615680283
1404.5701775793145,-1557.6329549062123,173.1389136651919,308.04395730601726
1027.982946295991,-2364.589216695519,9.334707358443122,308.8616461292547
1362.6662413552415,-1344.2166368000765,52.94013160896361,313.328991232506
1590.1075188778068,-1262.7647901851465,113.3044717010572,329.5479462585744
2801.8322900744524,-1606.1453728664515,69.1425234134901,338.0248483952343
2102.3240326345053,-2404.1143659402724,163.64214909306463,328.4063803481967
1725.2262411556173,-2487.195938082322,73.51668682603616,318.9068643892337
2933.460588386028,-1195.1129848760322,22.16651400030493,310.41955242501075
1492.54565208035,-2133.443083169249,152.10697407234497,318.01758191356436
2449.8814906403722,-2329.1679725132367,17.16349283799189,323.7430243332436
1548.7681935681042,-2192.7020311677243,50.00116828306585,303.3787636547284
1070.3937191370228,-2160.9525817780577,193.4782864896092,334.9554126721938
2757.736414054698,-2201.5272101194905,204.95147910653802,312.80671923584646
1311.4533648732186,-2679.7296993858226,25.199983086543007,330.47808917397714
2827.2674848065444,-1079.4067445985916,216.62633871142708,315.5373757427133
2500.7190372965724,-2848.5761021225226,137.0040978063672,337.31423520270516
2937.6428865391326,-2289.5524083115165,76.71067477350812,329.73859403565143
1249.4686788339427,-2489.8317253176238,90.8114426840754,312.3719768537063
1302.4286713078309,-1394.878147225953,211.49666257305998,319.87375113899043
2742.6942188937633,-1077.6420235423905,190.9821646313631,316.79271656268844
1277.3396557011433,-1264.411391070984,183.86347594745524,314.37806609130564
1255.7016665328292,-1520.8539253181325,20.04916861231517,312.5719391573899
1620.0450982567381,-2671.6445599333483,132.2135541191588,310.2680068115558
2645.774982949705,-1585.2250762748208,133.41175948145346,300.6428541148892
1456.681230507565,-2726.114461926104,105.20962393285198,313.96333706486496
1706.854194028715,-2936.173421918533,205.43433207856438,311.93755708282504
2427.7553807328277,-2974.8261094038066,37.00798428325689,331.1637891166248
2903.2689426611405,-2917.083490767039,43.92423586440978,330.62971253949195
2827.9587292424785,-2068.5420077215476,117.53834775366593,332.782149375163
1433.8388201910511,-1131.9891063956209,216.54903334076286,338.2877134062075
2743.8463302183136,-2671.0037805128336,5.309752551985351,295.0760313768689
1503.470069701552,-2201.196821271501,115.93056918423605,319.78083951032573
1784.6996647938959,-1755.8962778997045,-1.0355444670061313,314.03756227151376
2505.077150064186,-2861.7831868330786,230.7773241031898,310.3462996009614
1398.8577859128288,-2821.0514485886124,193.30964367577454,314.9236534895335
2978.41942348879,-1118.8371352613099,34.451031910967444,334.16256489873797
2483.290813365439,-2842.2152417696334,79.70720066409896,302.03772137582297
2161.203726834215,-1048.6983186223777,154.46958960735807,298.52726860734936
2497.0087028391627,-1331.845312478674,74.22420927635382,301.1862563703506
1555.4109308290829,-1731.3177048754667,228.35172595038946,321.790701691742
1463.1398070785363,-1911.821476810394,248.3477342330761,313.2093909782192
2255.739306784128,-1556.8656416974284,113.86690643543886,297.48899974196684
