X (m),Y (m),Z (m),Temperature (K)
2438.069384549349,-1953.3156309814876,192.75501693402006,324.7444042411146
1022.7220233160601,-1096.6602446185766,95.1475581567554,295.5330100382648
1488.860562375874,-1007.7302914692655,109.84829145855767,323.2361310350624
2935.522211899824,-1054.7605267502142,85.60877514173316,296.2019104700332
1192.3531967280683,-1624.3705403339895,84.02400823417737,318.5212073357182
1074.7575187060645,-1086.0825560442674,123.5822741096336,311.2692038309282
1052.7597850637562,-2547.6219926350977,211.50479020822397,318.7713858179325
1139.998875741464,-2695.08314606383,237.6260856186857,319.45878652000613
1350.8872629868135,-2313.335397500915,65.36677468605721,332.3124288255235
2984.272588285322,-2330.07121031441,26.538841504535924,337.9860098659276
1189.0673097559225,-2505.107599276739,-9.680337352722528,302.9292080021652
1440.3659831511898,-1875.805345679677,105.35213266988553,325.5051262023532
1187.7110082756035,-1235.6108917602216,3.3863610142314293,302.54742729737444
1282.2121188130607,-2826.7442086013257,98.71350998987138,318.35924010035393
2644.2630390939776,-1036.9190595883772,39.5953346025159,325.8681775472061
1153.499113848646,-1733.2004713189956,-9.382106817965362,337.74992600727137
2105.1770196166826,-1437.5395355187266,188.93194064223206,313.2922926832855
1489.672921072783,-2344.5256326412987,200.72297467828773,337.4636633742418
1450.523875604722,-1841.4032078370203,28.821626418499918,297.81055779180025
1235.1329005997168,-1836.2371100555347,189.2162053083398,312.498562734638
1771.370467513147,-1527.9762529496788,165.69595806862384,298.3956620694225
1463.7699202554716,-1935.5041158944493,20.844550547562193,324.7306822119312
1593.7829660179727,-1365.8781324696097,38.92033249055571,297.2554558735106
1989.4304530360287,-1685.1449628238177,229.08264118033034,315.9441387284994
1635.6783629011331,-1277.2049406888577,259.52102657269455,300.5717055035102
2468.302939849654,-2159.3844146276806,192.786438500925,315.7012122925002
1262.8480570330385,-2992.5742231212344,104.55232826801695,305.4677167178791
1197.3952882772005,-1528.699224755338,238.59618999206995,298.1695697127211
1936.909258570625,-1875.3872377434602,138.4828417142659,336.5552209284031
1615.7941756261089,-2993.65402265111,145.55761457451047,320.2725283059939
1873.1880543202221,-2896.878391625577,-5.468201986843058,297.3310969432638
1761.1265601456012,-2116.9317789437337,80.90696264749818,329.81748291651047
2321.7649723364207,-1542.2050904373232,33.419771466364566,309.0724351991355
1674.7550748947983,-2953.3879628824307,109.0357806269618,295.8200011583113
2219.341544154603,-1233.6937468120352,231.3546764169859,336.07212224736446
1987.3933796463384,-2506.356965416771,55.25319488704284,308.8709391024057
2932.2346334241947,-2154.808447534921,106.23568651733714,326.18167089768696
1222.6265945442783,-1709.0673375444421,217.54427606350467,329.93431491767166
1126.6136630570368,-1965.9392631184237,113.58962175955668,299.0679646428893
2608.026755998323,-2005.2920653799201,69.82748945887134,311.4973498201024
1060.045927957019,-1797.1329872012834,209.5902672095593,335.12521111431624
2082.517085732632,-1332.7694106052631,40.3754470836035,332.23466097492997
2583.9130833538547,-1804.4866267063112,150.50857756447283,324.51408870488757
1402.4487443114226,-2847.003712880627,103.03236183985281,299.0417261771321
1108.291245433354,-1803.5816047486483,241.2111966369025,307.6519943256365
1329.6950713801132,-2433.376900992527,76.17027216336871,325.74924350743214
1032.89054561757,-1118.5511282642187,253.69890970742676,331.8028078426849
2560.5304283789105,-1998.338175412459,165.81732175597284,315.78591088947115
1076.5658001676286,-1262.4996534249494,226.69350185626382,334.8648518910919
2426.8689783283,-1678.3702222772224,84.61678744952732,302.0001250380039
1483.1092767895268,-2189.792313374808,111.21670877172589,306.7670716439301
1816.6567888077343,-2908.3963165855293,162.04240347085235,327.02109141981873
2263.790071125819,-1453.4322294532412,105.64270831135634,310.6053805303433
1607.8287204552134,-2654.848950227661,82.90999473895813,315.72557517059454
1008.0426530878788,-2413.1622546931967,141.30883109033488,332.86029082147377
2044.4170647956926,-2289.1477411454503,198.20288956336407,327.54631618736755
1452.1711848707919,-1033.0591755897553,69.47528115667727,329.8607999559129
2528.0307235522646,-1042.5135602087003,44.54380028442538,295.71954270983406
1272.8922591601722,-2320.862711772687,96.39135361671806,325.80865590130054
1305.201560316418,-1678.023841119878,174.56859117170754,298.0989681055898
1170.0149188558958,-1925.5758325348966,172.1696477497302,307.2160354432992
1147.2754114840502,-2469.8072874779323,137.5038944323507,314.62871657534487
1227.9494978156395,-2942.48442219322,254.00565994775485,308.49962203945483
1945.5134069409187,-1655.1759956069466,61.310034540325006,311.6019918350696
2918.6783008446782,-2524.697152158881,256.5040078864456,317.55894749770164
1429.6438228073982,-1950.5990721715157,221.2818895096371,335.45965020924837
1921.2877756377734,-1710.0857165665884,87.09226822649252,332.8610240880698
2930.274202264819,-2676.959918761335,112.35893800964769,314.341387422379
1848.1193426339705,-1891.3970969674087,172.4554667719674,334.29712889118684
1786.7119818303217,-2175.7487049645865,-11.013762133573955,314.7378807568328
1607.1978446413705,-2855.147906482182,58.06493770412452,339.9055690054814
2626.067337855351,-2830.8940951034774,131.28857409902437,311.2025387687898
2409.040351818061,-1534.2393090929606,246.18753086570058,305.1893634719766
2266.9748576454303,-2563.972077129233,92.97044503772304,303.5995664349237
1360.1480705862969,-1429.2459306755773,114.05209342107469,318.7469951481884
1407.7008775387808,-1349.9840467461515,-9.008640782568806,299.7548315110861
2293.582599821335,-1088.5216545028175,218.44846209028736,334.9688248991729
2253.590481435069,-1195.3319533979818,156.79922548094012,330.0096414371515
1275.6138209292744,-2626.019970876517,151.03138236628956,328.1450395380803
1587.3068623440772,-1699.46168549518,205.08871047133425,321.2327713946326
2628.3022317476743,-1699.7735869781502,94.55312484480709,327.19601304378324
2575.037485352551,-1444.6673220454109,164.51564077807205,310.1676104253297
1901.1083704613593,-2070.854322001959,0.47646090018600873,314.29274239715653
2603.320797930398,-2272.792030273602,10.843966639204556,311.84908250208554
1903.3645835049501,-2539.389105860414,-7.7859107249515285,317.7709219327364
2688.6451143014806,-2255.0593956272064,254.92825406295646,298.68937413947776
1292.3043496640212,-2309.2016766295787,146.3568087360597,303.4725392503576
2749.5420632002933,-1843.4912294838525,249.62422193637713,298.94967677087686
2156.2205672108003,-2747.3017920600555,231.92973419035943,323.1445636042546
1241.6855311975503,-2625.9137210884587,147.78829510858222,296.11026551016107
2571.5718049840857,-2675.5302554752907,192.93159279393288,295.84037225569574
2427.701338368856,-2283.5505902194222,17.074362474469112,332.051988211398
1676.1696496760126,-2962.58825939004,104.35062750783725,308.2498548246913
2766.1698104340735,-2227.029969774363,209.21754841836773,339.4444631086778
1896.9471121298238,-2031.8799018383302,205.04965746015657,336.3773666271025
2435.1479609529697,-1862.2255046578443,53.01840799819399,319.74444111759834
1842.9535754504311,-1256.005611079157,45.927260641816396,336.9983601520345
2130.675512125612,-2664.623317044782,241.0725390259817,316.6834810462873
2587.976806543934,-2833.780766036897,42.130243078630805,334.6438898586523
1625.6626632697382,-2975.364856211635,206.6663228621046,337.7208660709463
1304.9675615298443,-2019.734584224067,-9.478419390129723,334.34869575397335
2069.6645288087684,-1993.1029547354815,99.78918614977682,306.05571282784075
2856.531932880387,-1522.0957697817164,250.7431452770727,316.1615497160109
2073.6143431933724,-2712.0496698741836,220.1689065805188,312.37848266052094
1842.8822480998765,-1715.772862628252,4.155373425293281,305.0987918421296
2583.999751336106,-2070.1182902307855,11.964699883950097,315.96823695506276
1926.2649331159068,-2344.840756798011,213.84305425235124,306.9425582388496
2249.1584544909992,-2089.0562305348003,94.66119322848428,295.8630086965665
2993.6563259870463,-1752.8264724002888,20.726373750934734,318.0826492222958
1515.6853203115286,-2047.7635703762908,23.58749428919797,307.2453321093316
1463.4035430901877,-1546.608331362073,99.32078294120998,297.53169969792395
1518.4762245142888,-1704.8515741102412,78.83270476990947,300.4426241008012
2203.4207643482778,-2655.982779530516,168.6802231644775,315.0416636732781
1684.4095190794765,-2190.8908914790895,153.00523790503178,329.00502277837165
1298.322878800036,-1356.5291313875784,10.72884336933808,319.59871121429666
2943.5497520338276,-1049.6251497360138,158.42146624752553,318.6866255318703
1540.6431432261752,-1501.4142845178524,38.619118668683214,333.40576959769237
2639.8826166897943,-1784.6547093970098,119.3468810255946,298.9901105275713
2696.5307789143194,-2809.8152365608453,259.2051046654975,333.30293844965064
2479.7765676055124,-1118.2326248521128,257.34998607894363,333.1437601590408
1320.1199791962479,-1331.2958756592416,201.2150516104194,336.7243447750537
1160.928933530356,-2525.926955923506,6.279273386658687,331.547383461953
1321.8786881778665,-1051.9493045966526,141.16951518724542,319.6713073578481
2577.2282532477557,-2186.7845435006484,193.84488829244944,301.07400127173787
1151.0686935674364,-2981.266081795328,231.5104756716057,313.49602267957
1599.4573386881757,-1991.968103043064,186.81857817018312,304.7023912804062
2133.7936319961645,-2903.953373664799,71.21313028660676,305.6974927426624
2643.5840554340716,-2811.772800194367,83.89025478407693,296.4533629842036
2269.12532682616,-2833.8886467176276,43.56493901922041,321.75734429268743
2749.579248124839,-1759.6625109153686,214.75113909862097,331.93218575433
2729.610985451279,-1488.0762337006695,90.48302390512177,312.997448435132
2132.5443237088375,-2657.6145869684783,150.47198400285427,302.9442378971997
1433.3667962418358,-1872.7402488139887,199.82543594110103,327.79795273333997
1709.866334644022,-2517.633765294809,135.10304963067736,338.19352395681767
2159.17381229918,-2296.5128376674907,213.50340047777007,327.7025346536822
1101.7492844038504,-1074.4435234475654,247.25403942952232,313.44571883675576
2064.8999542492747,-1616.7948703674997,121.41799478125262,328.9729480250775
2844.6307694765537,-2884.5149477930445,213.42416268384957,336.39695075234533
1591.4002100185144,-1012.3137538394512,112.157987708158,335.7220191024967
1366.8053707230715,-2131.980972553547,95.24540439359187,306.21031258888416
2692.5060721747896,-1508.8771779961044,200.27508271348378,295.04326445715975
1918.3474978802428,-2106.883831956661,243.87436297149748,326.72532502450895
1879.2631847642938,-2854.2831363570767,125.43825367336026,301.0542650085139
1905.7464621557415,-2238.9937485631644,257.3606902285584,321.7248752721892
2426.2113287970183,-2152.2075434934836,162.5935447406387,309.62228279133626
2677.171284158321,-1716.9242478000417,52.328836394396035,298.73895835583545
2327.9838767910514,-1234.7043940074911,106.25784437185622,301.33876472788427
1238.089870278023,-2985.83415016526,138.86977305711784,334.3487667643585
1384.8918515759165,-2810.0585478192256,226.64996938271292,326.2295430491214
2397.0271869487333,-2405.7236129475396,18.62487649471143,320.5481440977871
2588.7161275077415,-1557.2348680492057,85.5284930718522,319.0976089471442
1772.424902966034,-2030.0730414547488,72.03264029757884,298.8020997808132
1062.721031495008,-1092.3386020355538,153.2177023988284,335.3431823716165
1461.9078510932611,-2748.5885050084926,25.091015327008478,333.7123834584136
2627.6204397989304,-2780.979186638425,80.92270774946411,295.4912646877289
2007.2176220553379,-1777.994857015101,188.92899138581814,337.1956994598084
2527.9680510551852,-1942.4691457427107,227.88038873756932,303.15467368339546
1786.4118777189356,-2270.189069262039,122.27622922960137,315.74816656914055
1757.9076410846374,-2762.7461345960273,210.24032327766906,302.62152600465754
1642.7344405923754,-2791.8945626553323,218.1251694433918,332.7466141077804
1476.480854909249,-2057.2464619143275,135.02642606715065,324.5554480110583
2661.0833991931804,-2764.8680061476275,114.98312458860366,333.0029995759331
1211.4601659257387,-1934.8629433801798,235.13393246165268,304.8724161082656
1381.8125934682694,-2639.525754428483,6.430524739156699,307.9988850777446
1711.160283574804,-1189.5284778777852,221.4859025008038,316.62347160219866
2613.7762325072217,-1381.5290479340701,73.5817350393704,322.52034197865265
2397.451032669989,-2271.6714044331225,223.92599456270156,308.9432660104329
1596.4764009815838,-2323.5858948778846,10.476208587215595,313.3057629539728
2802.7312798621056,-2426.687876705929,23.35038658167896,335.7769661011548
2029.6302053242232,-2271.713944156584,111.77690190295861,313.4843143769411
2415.630152302523,-1234.6625968395479,80.28103770332534,335.5255383742843
2591.3522517494016,-2222.2783755141436,3.0068639950278957,339.3320564072556
1224.1446798023128,-1511.3779982758,224.62658816281868,333.0945916579329
2580.37657676643,-1454.8322710533503,107.32957154633237,332.0504429498646
1049.6201411200675,-1311.0348532973892,226.82110936015334,335.6590312251178
1953.886526672242,-2370.1076686800743,182.44269229880973,319.4446482667275
1141.4618620290803,-2095.063672711262,122.0897852559257,338.3381376592925
1017.4793942559568,-2527.1877059068065,106.76652877010531,326.3664017644376
1556.7341125173086,-2907.9014480704914,132.28265978290122,297.1855349918407
2273.676549843946,-1922.309568446378,253.65156733361374,317.16523303088985
2348.9702662416867,-2636.0063252818322,12.629371134790205,327.87594756792436
2027.6544318612816,-1340.5054732470653,147.84962040739222,335.3373789913388
2210.6810834155513,-1712.860191304518,60.3748131299336,316.68627535257593
1113.2126568881822,-2706.858952610412,111.47037544101917,301.1200975971766
1082.1713062604215,-2366.643584906061,181.5403415883689,311.3843106231391
1373.4337275023663,-2342.9453556601225,65.33890677216547,321.79409992500325
1842.4464793772033,-2322.495787985958,13.81123341314104,330.407548137616
1843.1355128572077,-2709.097535249819,-8.808967987944875,310.27090838590453
2706.8843827998808,-2946.9804583930545,120.7165035922612,317.41828706081407
1801.4584879437393,-1929.2776235471824,182.65842789173075,296.825667674251
2199.9907011356113,-1995.9470735959267,24.44675983829238,295.50203765667635
1315.8439801804175,-2667.131050098409,176.0010769704507,302.07414078856
1015.3153994108293,-2433.030098820616,181.91211603600024,334.2177942586943
2542.258436813513,-2938.6389643383027,0.31949080792218076,319.0177507664829
2712.6282987400973,-2751.563905411366,127.18819804159509,297.2693986972696
1639.0769623165656,-1508.1444486385092,56.338794943354216,325.9036684113002
1909.6108186842364,-2988.7031053464743,225.5214354428431,320.2375696378455
2635.2641915021904,-2506.597984504344,96.61806949370668,333.12677422649546
1276.830182410445,-2370.6717539823176,144.5752062763243,299.8601176108896
1970.8864566694447,-1959.4399144122158,241.37002920209466,317.03404897208736
2123.8889024055716,-2186.200335117899,24.56068519914517,313.1780796284147
2070.0305550426397,-1930.4001489899708,176.43697189708024,335.44955226744315
2566.194709030316,-2306.429480239148,214.37971342095614,306.74545811120805
2326.915048740596,-2614.6680206532073,178.77077113721873,315.95845660215195
1690.8356322680756,-1347.7067560821981,85.31141521462605,320.45425470395844
1325.0581915829248,-1254.2691596696552,127.34568581953786,338.98267893063576
1592.9942562822189,-2831.270101269699,85.84980873170703,302.7049142995003
2457.686168908219,-1629.0648963406795,231.79862922588322,336.8274484417831
1001.0542724260454,-2843.834063925607,240.87241537381033,325.24795904608135
2355.3753684448493,-1200.9310963251735,40.067911262209655,330.4695492318607
2615.8431129198098,-2421.076451499621,181.63515094903605,317.0963273134486
1891.4997390066314,-2905.58191285661,15.955122629799195,312.7959523516659
2809.13945133616,-1516.2509104361538,59.29916235849386,312.95418017411254
1012.3512931647239,-2784.6717768395465,200.09866741943938,318.2123454945728
1171.6527637426882,-2059.329034971191,182.73431421139364,304.5578021799538
2490.0061189232706,-1709.5411897900785,206.7096955173647,339.70297596896654
1065.9923318402014,-2373.2929717133775,128.51603338296837,316.22414606342016
1211.1111001901668,-2554.9163589578293,150.35240668747292,316.0102199094183
1041.555031253025,-2946.843813774414,220.04246309400943,315.9605866822611
2025.278297489002,-1272.130639876793,-9.797428085901632,336.57151138296865
1749.228478339257,-1555.078885190604,87.19887113120888,320.1456529801583
2535.4053839244057,-1280.2163344053802,140.09223702891518,308.67137198509647
1660.608419387745,-2611.6735045581618,156.60340042344407,312.2591554420069
1823.70776103864,-1800.362484354781,222.81084316521796,331.14615740227225
2107.200926584401,-2040.4808735681304,251.02571520134313,333.31675493551796
1998.7199728010607,-2478.751788493415,214.35188165648802,308.86977586515377
2191.8416530971544,-2135.993277954976,54.16961210910597,316.8272765358952
1648.4478943062336,-1358.9723087786308,159.14618331284774,298.10826460117306
2449.6155667724934,-1799.2355536509601,194.76569454569773,323.14714064150667
1672.42068072434,-2698.739398447236,15.16788230097237,328.42218844491015
1936.968325441469,-2616.8405876060915,251.15533598223504,309.98017366503814
2485.7723973428506,-1079.099192818608,180.86927524510588,314.19461631134527
2439.582920052604,-1405.012557926393,148.7911136627423,322.8945978711748
2377.4033682436157,-2633.4405512291532,-9.931191121156559,308.8080960014873
1781.7419639434747,-1917.5231600911561,89.82519897356974,330.2148341943882
1532.2197401304163,-2130.1579913860237,21.15723567520233,312.1135718626321
2935.7719051222043,-2639.680131452752,175.52135647206404,339.39466580377643
2296.4672237803043,-1188.5576165534346,107.76377564170801,339.36820581298775
2107.3542311632527,-1600.3440318697353,157.6608949611987,312.72739469048616
1107.5666384001047,-2451.040143917302,146.19876684977442,297.6333802234332
2966.3660488917476,-1845.9429753768788,84.13173190390961,303.15441235113826
2828.688544286954,-2885.6579697704765,86.07028899853916,330.23478416322575
1863.730838063706,-1511.406481923704,230.4098532068,315.25052419810834
2100.999150361074,-2070.1408307438046,199.19134368131492,329.2870820447367
1664.0329044870568,-1389.05068742068,51.78317724523305,327.8361916943088
2270.054373603466,-2331.407523193593,200.5791506548444,300.82860257394947
2045.3840233164874,-1985.2282341551797,22.952093016985955,318.0034772596118
1680.9304775999292,-2189.059016082366,112.3057756698158,318.23026014277974
1560.4878872321908,-1533.1542888249728,101.72946165215947,315.1050329894012
2450.855339054978,-1981.428064249243,222.6756114805735,332.1104308961849
2231.849374721168,-1062.4270580182301,-6.208515901592305,324.7014783731177
2202.265009606049,-2648.47940309598,144.6959045809207,316.46368002918257
1084.7169006117956,-1842.3423051410325,66.38163472015202,313.50301610394547
2409.9600338609935,-2481.592073832474,147.71359921325487,330.98867996013985
2728.489901103408,-1199.8140977565618,40.809015875510646,320.4109127468882
1584.5740875278873,-2015.7684938161262,130.2161876706478,325.31806692342116
2964.7935595388526,-2399.7136441072385,220.16447627324354,315.3860760463025
1078.1981193299112,-1204.270845083155,228.36587333116384,296.3240942789766
1361.7107868440921,-1887.5966644124328,234.5340075884385,329.61646084698356
1566.1275485245792,-1643.9821624672038,36.65178811102515,334.68857975331485
2148.2504840073675,-2451.55755934642,198.60018268663438,305.55093605850794
2956.4490763606022,-1379.9188618391445,67.18234340049092,330.30269932473414
2683.68838703642,-1899.450794960186,214.26978496602575,333.2240671638465
1766.6031651600174,-1646.2838301236745,27.64564401815356,314.41788968424754
1743.8943265460716,-1812.2398629894176,171.71795038903656,337.8822710303114
2113.2981238509255,-2883.3764432624735,195.17272838243005,321.6494507315545
1532.099698381906,-2022.6812405374433,0.093128720843902,325.4723095560584
2498.4991901498515,-2832.4483073404213,108.03822317720171,313.6500408787779
1108.2553468491776,-1298.9832306689725,-5.596982161186526,314.4461544742642
2537.247931441023,-2658.274425870369,-10.693849739960463,298.74622759075316
1423.110563754499,-1158.8210728822885,19.062002220016545,307.37114017142716
1565.5287367375063,-1322.6190652330317,200.61944156988122,307.6202135671335
1476.2781318799139,-2447.172487791797,241.80016845967896,313.71780941321055
1691.2204210417071,-1080.1015902516867,159.0841667599659,339.5961946384302
1965.3755071358496,-1922.5847372508554,15.852100641768342,332.7483959224448
2831.5002833255785,-1593.4621233600576,200.90342051040236,306.2857471562771
1640.8459846425699,-2448.227223363123,232.72205836156388,307.0614479499263
1722.7693649586386,-1539.0196360430132,76.80115377217057,321.859550679848
2286.5159824064485,-1854.150332487262,247.39474524072097,300.33541699678557
1534.033317363304,-2529.842146159968,90.6279739307833,330.2509046333705
1780.1487851111403,-1024.9642174102478,210.69011343002998,326.3772982993929
2364.5813082645113,-1822.6892633673547,25.903409041260566,318.73935855536865
1362.1024841192634,-2973.5856233003005,170.11102180265135,299.51732290007146
1841.183771552088,-1463.0189811911214,-11.972984774934693,305.6976580385505
2352.357248501219,-1031.109087300549,-9.153275399455012,301.8058738801088
1036.4747128345678,-1037.9005760486452,41.33879412186257,302.51838526388246
2211.4712593409176,-1771.7725325503354,11.953405575357806,334.5934251553619
2426.186489407163,-1488.2735076644335,78.02072335678545,316.52060628766867
1552.1611911648515,-2916.664032913068,176.25660715056358,324.0154357796258
2905.8709883059164,-2634.171447996232,246.53856264125022,337.78089963661415
1869.7349194124836,-1941.632871583349,107.53196280112887,339.02393313677067
2733.2672198015316,-2131.2945225282756,136.67488212179225,331.1181428610127
2648.670698846152,-1850.2826306881825,2.7383839845715343,301.73541376992307
1528.5926254301992,-1213.1263669330801,101.3237228530471,323.5467803580344
2478.1177813989325,-1860.086168242196,251.47235872173917,332.2526668180281
2348.4722748291156,-2423.491767395729,22.925717697982023,312.1393986883281
2921.684044117451,-2552.6169511493486,-14.197584595855604,312.22026006382964
1999.9088537676116,-1469.0920777457486,20.354966580630162,308.5479650494529
1499.9075808731775,-1778.785254483986,249.94385987198547,330.9582575436038
1216.7582751827385,-1987.4387028218762,-1.0568401234073193,303.96479112347856
2510.622259922836,-2210.791420005423,144.02612277812813,302.9729172534322
2499.3727324367856,-2123.865045074339,85.17992786058728,314.95512507516514
1692.9153680375957,-2291.1482543651928,251.26796527881663,337.20924641055535
1732.575405267179,-2902.2293256878547,107.33743660819191,335.4416041285301
2378.1068827989743,-2440.934689820895,130.7200780203315,295.76905306680993
1487.178961849766,-1145.3072898316996,58.7849111629735,328.809438656904
2968.2998214503014,-2485.7554442471233,135.37776532102913,326.5819196165801
2654.4106721646212,-1387.8092113135874,-13.412243107280442,316.69382446719015
1730.767395859288,-2137.315906242839,229.82721463978493,304.9317675208515
1177.2906407604185,-1716.169229054162,241.44169273796894,305.8548516908118
2726.747928236563,-2904.5716847160247,179.3548442711585,332.68349051811845
2829.4426420905934,-2993.4248865146683,250.13923708548032,316.4552277359678
2585.99762381047,-1353.3403872261465,186.21137822073763,338.871616174535
1924.6859177165993,-2213.684671080113,-8.214915362874297,330.2092856574587
2972.7391301673424,-1253.817606977046,118.1094970879783,321.7590666301218
2771.750080178435,-1315.8776164460853,240.78216862045005,306.1225939565132
1872.0855643813081,-2902.7917947110404,72.99976680654315,301.80886734088625
2243.1875027295337,-1144.8205412307814,209.27107828466046,337.73408057493157
2927.0186854844314,-2405.132626234243,205.92381134937995,332.0453079483316
2000.0075223428403,-2774.7105641112657,207.05490405645648,299.9395728070336
2139.6460730831895,-2365.7951162710337,62.78549078826448,301.74594407309127
2552.405931210854,-1886.798637844439,24.55828279560287,295.7609307662476
1867.2696220857551,-2332.212211900647,68.413939162903,327.34829390208506
1796.9033391599355,-2564.658804269093,33.821776787893434,331.54645690362366
2336.918339565415,-1818.9613137201195,157.99323517956267,298.4657162937083
2537.2602779173167,-2422.2544247466158,67.39652648634406,309.1471490263061
2727.0842472589093,-1428.398670060456,37.828147870658334,338.7921630138701
2928.5869119095937,-2703.3645871653284,222.47178892763424,336.9129175997772
1868.997596796934,-1596.7688399796039,113.73411529969303,325.61327985308924
1932.579722880474,-1808.7135642452388,173.53031752808056,322.8342538484308
2331.173914973159,-1969.1859823554553,-4.2313574463935915,297.4758158496873
1332.5906792329492,-1368.9360921769055,192.22481988181733,322.80176323401065
2226.6434666449327,-2564.6214824783233,220.13039993521355,298.43880719732425
1113.5642478852078,-2061.69705919418,143.81630410992835,314.9698093999922
1389.3342538150011,-1446.7956388298796,172.46666792974477,296.2921483846969
1957.842133371842,-2849.8708862055073,71.29656572025301,310.7310820916977
1365.533824170883,-1947.0284182431667,240.13509251372545,311.4371511461951
2643.4011637643393,-2583.8213911243893,232.30817147347503,304.9571631161191
1451.49581062404,-1564.0392153792397,49.23747398306409,323.6939506469374
2735.3374935652823,-1291.7182574769358,161.7659781884149,338.92737153145606
1888.8794292555635,-1561.9494073562628,233.0619731105832,315.17357781761626
1041.0923230391847,-1630.2005906822749,30.484388178953026,339.1332314150427
1604.9589233152708,-2564.8900385845836,160.44680681516886,334.38078392935597
2696.8468411872495,-2963.303626031126,148.99722859070644,297.0496953834883
1414.6412449415025,-2605.486360356493,194.667092330611,327.806881430418
2365.6295991911275,-1009.7609846606731,186.09083985002758,331.984227937649
2106.6456875804442,-2370.377512407977,235.85830288494796,317.0035809084445
1177.879504912186,-1175.3522450994155,117.28869977304345,328.51488785568336
2647.5931801760244,-2350.560230952211,-11.70270194772504,319.6020710405164
2692.4905229302008,-2102.6219831049393,28.913195788419557,312.38271764950923
2100.9862379563174,-2514.238263502427,256.12376006971925,321.13996356214494
2634.150027824324,-1747.3701548712856,6.649089400487295,302.06301466905404
1774.4925509001703,-2222.274659639181,27.85135904768496,322.1548285494522
2290.3732525763407,-2268.8729917853743,-6.139264555476382,330.09366379836723
1096.933200669628,-2061.678148418002,91.53667572730012,297.97758465353036
2318.2018753700504,-2275.9796683037102,210.66112422091626,316.5626855639895
2073.797149770542,-1431.2257896122935,180.21899996726893,307.6146099617391
2154.640381733503,-2059.18523596546,138.88147039532686,335.1844580859568
2697.1039340135476,-2702.1661452042104,80.8606992956075,338.2631240165822
2957.7055879549716,-1115.830331806037,143.1235720074234,305.4681337706307
2507.173291719403,-1007.4248382254493,234.28928346939665,313.29405630727655
1665.040675600152,-1883.229884284703,33.19916185575706,329.4017124047194
2581.71792705053,-1213.3730340599268,228.65212984383405,312.71850860688454
2022.3759200056033,-2615.843788823288,26.349790252578707,295.1327179292628
1147.6648537498602,-1526.45577978698,137.71260187394347,295.6524518177919
1528.7011469859367,-1974.531220437806,127.54996249898849,300.6060113237151
2405.1126224580685,-1005.6495857670645,114.1742814428085,308.33328049090653
2078.112606342614,-2804.8730422927492,59.94230797733894,324.7519392220919
2095.3102237872463,-2347.058918392005,62.987487482954535,296.66447768413593
2881.859889669572,-2576.08644455646,125.5825806932016,295.5356420245389
1647.5876987221252,-2596.917965189884,102.04836343729706,312.8994069353443
1795.3275932233196,-2213.78131377222,30.391194235292744,336.3609374986906
1583.9857935455843,-2881.3607850342632,51.52568247253403,309.4627288187202
2970.2228616738603,-1227.5987980269367,244.47079016023048,334.7096751682642
1105.9725860645808,-1739.4492645798196,222.3390004797755,306.47415081607954
1263.251551023955,-1076.362312886095,79.50235153557084,331.24551763784143
2990.0056362550486,-2247.386276843299,226.07701070841503,299.0144953134978
1686.6000700743598,-1326.262531839491,202.17395603488282,335.60475282536015
2499.1487755327344,-2249.209110374575,-8.341304736250848,316.85918986174636
1438.6319517022016,-2983.942816763526,81.83575727799179,309.25932053596307
1133.8060669333122,-2801.064341878858,58.80262459714561,334.73250161215594
1247.0048491960472,-1116.3678453839161,32.24421003281122,317.9013495275018
2409.5402657910718,-2100.280357993991,18.820068002848714,302.9822453507497
2578.8412694330655,-1138.8817414657558,94.66454588333583,308.7018507905204
2600.3530268464974,-2174.715249028907,246.28961200190025,308.04874275382804
2846.7328461849693,-2165.1137671054375,209.34199290838674,299.0766527736194
2381.741332845255,-2362.872329248885,167.32062805717237,328.285534271252
1430.2226492319237,-2639.5622896473,145.28693997134258,315.5815051123199
2884.2792795892756,-1328.6674845046227,245.96224732558562,326.74298443803286
2954.313561596074,-1815.8291758597907,67.96017881370754,322.6464032399247
1130.2713783314223,-2187.2196796386124,189.37446209593804,310.52664755960126
2873.0817100233735,-1441.7560659833628,111.96665367121435,318.4224371288167
1006.0669521625265,-2870.083849767421,145.13528501147522,314.0974135233476
1107.831133058415,-1762.3606478159813,41.967931227424735,321.8485926942931
1845.1298721504054,-1265.891405541593,-7.394323070821368,303.2080714811503
1113.635242962985,-2747.448671734114,242.3890822808744,306.52599472005613
1211.2626105381771,-2207.0401851921442,-3.1185268818282843,299.43194379730176
2172.912718310429,-1664.7509798848128,-4.147748685947114,306.8194729190418
2802.1441893520996,-1976.572827941051,235.6840882341876,333.35239857877707
1358.1382764958657,-2453.6350134517866,243.77801226329274,298.97310202268415
1014.7493117051789,-1476.751268802133,151.37487019820034,317.60155538603743
2283.4361495061203,-2690.7188812395534,18.291163316123388,332.45350391177845
2037.4921179505836,-1275.107151424454,24.382340198583286,328.2268138109688
2841.866547771082,-1120.6050458725272,2.604452444521826,339.28202735837874
1404.528045576035,-2844.3720426985724,118.22842971371216,312.7765023106812
2026.993014254362,-1331.9684799973722,133.20388569825016,315.8551824730417
2014.8323239414249,-2198.056570058737,201.78802147331388,339.8583452730433
2980.4007030323637,-2189.8562358961426,155.49458693089977,301.13761347364147
1796.9489076895477,-1549.5030248329556,82.97618325603756,300.29600806430227
2807.25642833251,-1080.6675934601606,96.61190927353087,324.8027835043414
2036.3264885691658,-1763.3156185146295,165.2613286172177,313.35813735846136
1716.3925205596443,-2172.7317818489696,59.458002897795865,326.4811560628505
2273.5739898268175,-1437.5025446350044,143.7487966119193,316.79574678647924
2519.190484986069,-2182.3647946653596,111.52593622362544,303.6069379884254
2518.0936423957073,-1658.7925804739552,247.3340953025787,312.0740037976415
1070.8323926627913,-1758.670301891615,146.48251117718917,337.47294662039
1690.9551651326406,-2548.3843999156647,254.87933797075584,309.3779567991288
1513.0098181461924,-1889.4285970294468,24.529296737740438,320.06902716518175
2309.199231234642,-2785.953746285167,-11.463593814356777,311.95430148057704
1063.9388055502177,-1185.184293481382,100.31444368474364,315.51028672820973
2990.6751049182794,-1208.2310059772105,17.984749783901925,329.9782520907056
1321.35109507052,-1853.3373816596231,230.2861322402869,295.22484828999876
1068.9951788242556,-1882.9003285059016,36.249035286495435,319.1167980619895
2103.1846444179855,-1842.6643053933922,19.46710315795618,302.4501915626488
2585.172989944676,-2990.9883059947465,192.52341347644108,295.32742879292914
2205.4885317964345,-1090.2192247399018,99.83025589010633,299.0956879905539
2935.583906325349,-2709.726136282948,7.629683617601888,325.24597260099074
2700.2833098282845,-2388.647702025047,138.8361701158794,311.5962219609192
2588.1482747330338,-2721.5028073157814,138.60615049222218,309.00878935340893
2366.9936672523436,-2570.536356880334,257.3497760481953,314.5711125742261
2217.855725555702,-2375.515180424517,186.1222360603842,304.645340508162
2460.7924067614176,-1510.35073529288,48.604315757568685,313.0536058409297
1043.4134727684586,-2450.8437102926277,123.8344876897396,323.5360367298016
1034.0860817597782,-2932.2587595620507,113.34265347943207,297.2060830459705
2458.861458564103,-2407.97333974693,7.7545621278402095,313.54304909940964
1173.8958928251618,-2702.219658876991,184.29316488679646,312.21530528447516
1343.2358151187302,-2665.2836740736407,245.6237065582564,330.24121394952414
1454.8877468865946,-1040.7132361364918,241.48684182434323,318.15411437630286
1497.6421025413197,-2964.5567863513024,118.21800351256053,323.56547110437623
2780.110327886881,-1154.4226258653653,131.82491043948178,328.7234274490802
1050.6249364526966,-2313.548573705625,122.87958609280625,326.66118542414586
1666.215637187032,-2599.972108978036,243.6574939999553,302.9474764802077
1821.542464868981,-2738.173656901669,95.15606994676963,305.71141881603035
2664.25861949715,-1918.8601573095277,91.56404380107617,332.5524561031948
2993.1743979730727,-1214.00419568977,135.61874219148444,317.88396670618965
1749.0232133752802,-1764.8728974998933,110.14561767701588,313.5343307412209
1033.9347808849561,-2062.758843500025,52.003820039178066,329.0447900006819
2089.975367826246,-2484.3406142487793,38.315129813560496,333.03521214989155
1140.0910660570587,-2018.4722682696806,60.37817211454312,310.63028628953265
2934.3966126541454,-2935.5494856449636,46.39123815490563,326.36389916462724
2518.865749206653,-1083.7034470746637,130.82876188092595,324.9599910628143
1955.8868016402894,-1754.9992712492347,71.74947823582549,336.58968860171245
2507.665108678757,-2943.5258628097295,172.17035807986127,307.4310888833376
1885.4012454071458,-1527.7121357201784,11.080428228460047,304.86993961705406
1597.4758153731573,-2597.188666729656,5.401819688390159,299.9888596822983
2520.5575693973988,-1669.0416204608111,239.20821153620716,330.08181588194907
2847.7049388331293,-1468.6021116099805,166.99118541083598,306.2694880687229
1523.8415008766287,-1186.4248888594545,174.71352904185667,325.65907642256104
1306.203253356423,-2272.4733157299434,44.41658820445481,334.5465546268047
1132.950255718647,-1685.258117399191,228.79873558354322,303.47017885493796
2695.45740429458,-1021.1853165686118,148.53375257178885,312.4900661486656
1123.7760177105706,-2835.8156195744573,215.65115790966186,311.8513862445216
2750.7816059322186,-1812.7355918494973,63.996996161288834,314.2443172412066
2881.414481537932,-1995.187849569149,24.6300288128241,339.7122370931533
1957.8778585111959,-1900.608408295678,256.17894624110625,313.54920112999775
1462.7586599844603,-2824.808352418209,128.20292894305732,332.0607914047175
2375.291190824689,-2002.3502220347507,171.73717057948997,310.19937725169655
1055.251688048635,-2176.6281227590084,245.95931672834723,317.7654176162955
2694.166931497406,-2892.3472828597523,44.14919788912204,332.75570801491654
2121.1409700045724,-1799.3556213905647,17.443929679910163,317.0284708373962
2057.31024335067,-1777.5749400648644,197.2584410301365,306.206986589636
2199.225338698644,-2521.9940173119144,43.111627435990556,305.07662594583246
1442.762147517467,-2047.3245056106962,58.88038549671563,306.3105226409169
1205.2421168375597,-2123.977347324694,223.14562464892435,337.15372080206515
2988.1663378134544,-2430.5504877758567,128.6460037436811,309.32121492399153
2200.273258019858,-2275.1393239563586,38.57011478289545,296.5226068297218
2705.698235688934,-1567.1964940789383,-11.93144448630586,297.90289557050227
1105.5411492268838,-1520.3013554665772,59.88004366336064,311.76618988048585
1854.1495148398099,-2555.8348378079118,236.54227363894321,329.9809564750088
2715.0718527726967,-2026.74840692302,60.934227738298674,305.6076840469159
2258.2943118989533,-1891.542917019321,238.3313864812971,311.9201650261033
1578.9549632169899,-2503.211425621136,220.81371304887207,295.52922456254385
1559.9488838779516,-2466.062017356592,202.0760152298805,318.0524655556162
2390.1197653661084,-1558.2041098320997,79.22042180641947,338.41923456215056
1911.2008365235727,-1469.0052473547012,145.85833239697283,305.6065716387408
1354.548976095269,-2295.6495780396826,95.30979832043353,339.66179001075085
2633.5879519707005,-1994.7968072068602,115.98359602127837,296.8271554366666
2373.470007555754,-2760.191433765107,186.61701059856637,335.83211061927153
1608.8644916160465,-1772.5420530724211,256.4697924844589,328.1843907865647
2262.8045074238858,-2307.8047433786564,253.980823075005,313.56368704152527
1074.9283581331404,-2401.9957169881372,26.78619724609588,335.56329878561667
1531.9133241612215,-1136.8169831560633,116.55802819120245,339.78018354374365
1511.932882946784,-1213.2012988655035,64.25328648847798,297.6278228648797
1941.124169336761,-1731.335751331727,235.86739861004182,305.4318552300116
1461.4863473839964,-1413.134999422715,151.59687711946376,336.4120618312019
2275.827715623558,-2143.307971535265,107.5279545229333,311.3923839196738
2588.8250352480836,-1472.2362424309017,37.00477979911585,333.70236630938905
2793.093000388686,-2403.1933547843896,19.261037902719757,312.918151240154
2617.00744723227,-2028.3593388354825,142.11343644465052,325.74667694744113
2045.4078135473044,-2759.6513358480215,130.98112970301247,312.3626607808978
1076.7091784452975,-1845.614606445932,95.33279240998696,303.5517081990961
1468.573009624878,-1534.077764166138,129.92279768558728,333.67619070648226
2668.448129557027,-1262.7531057282292,216.90477596579342,313.94341521528156
2920.5648925343203,-2514.3269538117997,32.29145181568537,312.8531216736912
1152.8468225096417,-1715.9335172979347,9.603967244380865,324.20059715323856
2591.3509562642075,-1966.0568931309858,235.2832043473349,297.6872097132433
2001.3907405320297,-2148.6927151282075,85.43974479732825,317.0647087260007
1944.7493575523586,-1653.8796080910677,158.88989089737592,333.8921758821649
2610.7361610964554,-2757.505986688722,89.47027702928065,324.08155370943155
2248.5143692195625,-2027.4122075770588,259.1476354170888,317.47791696410945
1102.561948761227,-2393.000374837801,25.27109436604232,313.63318820392567
2235.0834845087525,-2384.359014808381,29.99090139482385,325.1340524677062
1824.9000948498065,-1690.8305998003439,126.25440861524538,325.3425524625051
2106.727379667972,-2989.0183738689193,45.95060843548781,326.7837145176225
1695.874472741053,-2820.4734735751827,226.3585679841261,317.71719003504006
1507.0757595154148,-2582.3489833230683,157.4908253774368,334.9688768750555
1890.835939628392,-2825.7668288210048,-7.086311433977228,338.674228151908
2100.153285409563,-1392.1466319114604,143.76923483279307,295.1110676776927
1349.840211485924,-2595.067449147228,224.98986866013695,330.7121950258372
2460.836853630496,-2330.318992604911,121.92439983887164,331.99822533384463
2008.7753780481653,-2220.757254577925,259.214083164329,339.1402897957541
1933.5566317627581,-2460.0786284729356,-1.6139281577206344,296.840394777759
2434.4492632605825,-2906.7467761497746,149.0945589224888,306.2125536291016
2109.675829933557,-1420.1754298971075,251.01909882424167,332.8418289563313
1720.6448194548038,-2843.603908046045,138.62256223696997,337.16814940430527
1404.2496266950611,-2885.996565993626,177.74953308563323,311.46373662845815
2633.498346716242,-1387.8281766129653,102.34385125817991,324.13627764422984
1930.1652812467667,-2600.170671533315,136.4459817739708,304.50624007219585
2256.705306958671,-1633.3170527828008,129.85209897574512,305.6952997765905
2120.4788775821107,-1369.1544031846313,48.64080113554038,298.3014523835248
2397.9847757735224,-1246.776186091666,239.4520950671868,312.97787075018266
2137.1380332755384,-1732.0534270791857,119.46348208985398,333.1492272107642
1914.95304077021,-1780.03405914893,76.71793929866028,329.0545649403721
1076.1595025924382,-2371.8527312459273,132.254632728122,302.0703351357635
1222.9282888714856,-1159.787117457214,106.12502042858397,312.3107904042174
2527.7662410186654,-1866.6027912590455,232.79931843354953,310.71206850153015
2340.834321860227,-1419.2571957341945,113.12880012476407,308.4872837646586
2183.8675738327097,-1022.7066048885795,104.90200937132062,318.580447952411
2992.6886620592336,-2492.1108913347407,77.83778977967603,298.96892945543004
1152.3048214959183,-1927.672716220915,137.35703508378091,334.53569067005265
1728.8997079724888,-1129.7255955852545,99.40155658936348,326.58543028991375
2765.6472867405337,-1162.0821411882682,58.03797572190847,315.39108419455175
1797.3936810225127,-1732.4108492460307,-5.130730516808619,323.36238473706544
1051.6111568423094,-1823.7718970663657,125.2577558128718,307.6099421440412
2173.9285760347857,-1071.570227329431,211.61980316179663,324.11820922962136
2559.8178860315656,-1680.329432376457,209.5054266208089,330.7008625044175
1345.5893880911026,-1798.7301353878388,17.423634990229118,325.9857153197162
1818.3555755572993,-2001.9068859158924,82.86942517023823,302.7120886646508
2307.9888505985937,-2946.7768616723793,142.79476702495288,322.3151468101689
1926.4873129304083,-2344.817231412161,49.84519236045843,317.8822496597322
1649.6354249663405,-2579.5746311929643,170.42695558102278,328.5915272395763
1904.8703249085008,-1599.1328035064475,98.68787825845112,326.717651358194
1640.440719460535,-1862.99740710413,168.73415545079718,331.6358568988428
2528.9620211018146,-2052.7635148592617,64.01260740880636,330.9682783645668
1226.6798892244556,-1265.4683198012367,118.43274195712348,305.20809108261125
1896.2976898813029,-2676.8979373296143,136.54249788131236,321.1331378826815
1709.4324007487812,-1524.6254372384203,188.09468736573857,326.36668811698485
1224.0470573301225,-2622.822278436607,140.17800784525517,297.44159291145513
2020.679384105937,-1098.004324038004,-12.475659135548446,314.1116925698331
2159.835916980298,-2425.8667834200464,167.38411123156126,323.36626528553506
2795.9618794148555,-2362.8140813989994,155.40389084336303,309.05693381180424
2985.9130622730663,-2027.9063700281786,108.90024423241726,306.753608174622
1617.096259090712,-2193.8607732041974,171.07901090892415,336.62295080494766
1640.7609337306694,-1286.2025540077013,21.959959357536235,298.47547614560904
2786.7968600748304,-1583.9293442311662,135.3521407194376,319.0051484084029
1963.1492056523427,-2639.0112152844763,33.14263222756283,303.0229426782227
1755.2460054334708,-2477.4041772398427,172.09743612054675,331.50586697861524
2766.7559204745235,-1373.5721912926322,191.18417338941856,307.70918313990586
2648.3830736434297,-1065.0988559333189,140.58794658793136,339.1411961577179
2836.1819281813478,-2336.217343893432,228.1556843725465,303.18056645633806
2324.341492076429,-2585.9013599186624,83.91744934084996,312.01020760647134
1637.6834520838356,-1365.9450007405758,225.37704035084357,317.69217453522396
1487.8838352828889,-2684.974118149375,90.2144148103092,322.56576728278975
1458.5939290150998,-2774.8798484405997,156.06487421336095,335.6992788125812
2078.676654958889,-2392.6202687258287,151.51356580316224,324.0706236033039
1355.7583926600873,-1786.421626681777,195.60567748858773,308.24884426933465
1121.6800538372552,-1345.6747371680133,241.2257117564384,335.7038794903614
1629.121387545982,-2139.0976629738116,108.10663704080855,336.31369278365975
2102.3966342045433,-1603.4142237735123,23.60116227149002,328.5788489134842
2201.873263140058,-2861.351784655865,230.14067068142242,326.8483256664493
1240.0577778145223,-2974.254758595291,204.4798569434856,306.030347677398
2541.6446071990476,-2630.96478427442,83.4077111305827,315.3868960240577
2329.5262455001052,-1562.803068292496,168.83773268929127,320.73011529906563
1686.7156173448616,-2361.956823745897,166.73032422305965,300.91605707180395
2970.935413612917,-2971.582711160013,211.47158427838465,299.0738628964257
2748.559524032416,-2002.9740091011643,149.12655162112983,297.8493098400206
1159.855514521594,-2519.122573089706,72.89607530899762,310.73325280567707
2786.698682801674,-1121.6212491816834,158.53714384489143,298.05429135390756
1886.3267572724283,-1416.8595790045813,147.81769092021662,318.14786449106515
2586.5923317902075,-1118.5748000509157,131.885251604982,320.2341277930773
1532.9276819541087,-1330.8111890931998,239.2234424732238,298.32842323396875
1098.6846670668845,-1357.7837424961256,221.85572601841187,320.1126564526239
1440.8435484968688,-2302.185337200216,155.87664262699627,317.57434270378536
2919.7492751586087,-2719.9810120732022,49.56357431877008,298.0212160382199
1048.011295411952,-2102.5140730397698,219.96806666786563,323.00046187932026
2156.057190744061,-1877.479777421555,180.92458002478412,302.2498902559609
2896.864345170261,-1700.3722821289211,200.82707962569128,297.90777405473597
1608.4383920619514,-1751.3241592397849,121.5393420775356,297.11566328215275
2751.9362964563124,-1214.2929565003037,90.85082239535488,330.96562389219605
2540.705482628401,-2139.634645775197,209.32825581065225,319.2894232094986
2899.465356900896,-2520.9577790452017,253.4102824657271,339.63596675244077
2354.9664653881227,-2928.4533152387635,240.6513834623076,331.97656198296954
1363.2253284103138,-1087.8319187418767,-13.038725168231272,299.7790740521126
2676.4080095697045,-2441.389064094716,-0.38092645830879235,305.9252163080675
2381.558578361907,-2746.094440072461,231.83241723335465,333.1694624213429
1793.7388462752779,-2354.5651584916145,73.16537248275337,317.2008907232181
2109.523089751722,-2127.9744436565684,223.4711643604457,329.5490784550315
2459.529839488548,-1631.5257659270026,59.37225465174821,308.2984440125942
2058.0341304983194,-2504.595510627344,235.41887356949883,338.3701114383605
1445.5939084011907,-1715.980843481649,80.42593430318229,311.2980099912302
2288.4820906583,-2723.375764768516,175.50185362204965,333.13103752006475
1578.963886012152,-2941.053795030411,236.54724705940333,328.25849535600196
1428.2643084172446,-1750.4071701644752,190.50032632651565,317.61880569603863
1536.0329925326141,-2857.6410024819834,231.99221501988913,318.0381396471874
2692.691642962771,-2726.1707963732765,180.75993209614484,311.1217972053762
2438.049705308975,-1482.305267924978,68.03183144712708,298.71608817547275
2471.300873801672,-2899.748429148914,78.92548592147348,303.9409471488236
2534.421667020363,-2317.629241889029,32.089725550294965,302.5156109527194
1596.7739918276516,-1640.0113287363467,1.6430186726070062,323.9474083754799
1535.1948082276153,-2052.8851940647337,67.82081632857407,329.61036880949376
2437.6352849134496,-2398.4165501101,104.80732645076068,335.0144981143353
2111.1477610597544,-2127.307540674216,71.17489612413159,328.791130703399
1661.619502365288,-2366.9032304236734,76.25731494584625,301.4970015323934
1443.633420324211,-1970.6546334944212,83.48632543514269,336.780065725073
2068.3207951564855,-2286.9261300951352,139.7686328986268,295.65142054810786
2179.8427825326125,-1173.2225287948502,104.96529297952546,305.39372642510244
1578.339613756128,-1080.8071043480281,129.77293890217197,333.48002300875265
2101.9855634928035,-1668.0185123084896,159.26474451776724,329.62762869401746
2614.9302345855467,-2185.345541312161,84.77408687015344,316.41397925548915
1858.683850951164,-1722.4772930860654,74.38414883026947,322.8439982976367
2001.232765847813,-2014.5734577270696,64.20971817253808,332.2248333029465
2965.649875988552,-1978.591739072419,151.95520112307787,309.3959891061714
2353.1306198499733,-1318.406369573128,92.4217720959466,305.4121625033827
1279.927350809807,-1257.2083959089948,128.1393747476772,307.7912246990382
2948.458554862965,-2222.8495055464073,10.192865243386457,303.62916505092454
1075.858070074095,-1303.8666173461222,183.6411456270963,315.0636598206611
2767.9655397655265,-2802.734460374697,246.93987725411296,312.06028835164346
2279.7249826321186,-2071.5134650781674,9.427645377026067,329.5821123811197
1397.6365299563502,-2819.9762560183235,55.685172216353166,327.6532550782659
2170.420440082571,-1663.5050852746708,153.95775209665192,323.17908640153246
2946.354009743961,-2692.003266028555,65.94543002582442,321.0255244037592
2612.7449683884224,-2613.812014224996,114.01350841382782,330.3166196877635
1773.8520417942768,-1300.987531120555,96.96945282199813,319.5045460733258
2445.171962279067,-1054.9464857657158,233.50365318640837,339.5142674345832
2290.0914009232756,-2290.66340732195,57.85613985253674,317.7008862983888
2282.9465892660196,-2349.3639284622864,-6.5333440481926885,329.20383624534986
1415.712088026158,-2032.2614439823615,238.90185700943917,307.0553324656893
2414.0478690396585,-2513.400212594041,194.43239644518087,308.1385519136039
1613.4429898072108,-2323.1694399128332,34.76586636547935,320.3959122313897
2918.7386035266754,-2023.4592260891957,257.6411687856448,302.8967830449882
1093.39281313819,-2645.787404887365,148.16764867936777,339.8008572325817
2589.2624800546446,-1081.2961997260106,51.20864842290706,297.18687976841284
2549.0704822541093,-2805.392382231144,241.6776687040068,307.22492162847504
1258.4202091996021,-1106.176067236278,234.05034227511888,311.2559874124942
2353.124512521581,-1897.939046899736,60.28703285111884,300.3845699968566
1649.2005104902435,-2238.181721145108,61.736125233072045,330.7351835782572
1267.3561431396233,-1277.850803233816,165.34816926308204,299.10566203968364
2780.883644169987,-2103.946717933301,222.9510311796084,318.27895260921395
1465.0596199295737,-1452.8892710241748,120.10238650401334,334.2096612099324
2598.063627074691,-1753.8668528623534,75.95197274995007,316.4312986224201
1318.3005032906374,-2899.0538174627627,29.8257516112033,315.46175531546083
1390.658379853847,-1692.0498755111332,161.4497945428378,330.4990487419233
2896.7392772937765,-2540.94533049429,18.837116254337715,338.5343298073946
1664.620405633479,-2100.762217237296,206.95405164138884,315.6428494356231
1129.000774483346,-2812.1277789089136,81.70232225310085,339.0800489342691
1446.2768049235951,-1492.778251135984,115.93631386957682,298.5550328699506
1861.0030898148798,-2459.1876105861465,5.360159709608521,331.05853775939914
1200.8360722086595,-2193.2257102703506,159.57893495574862,304.9429025257486
1659.7926629478661,-2444.045042698831,115.86279208440527,295.4160003209405
2025.9213790860827,-2067.5603172215287,-5.682084167641049,323.8630120094277
1605.243714853662,-2849.828219105146,142.1896077823968,310.39633864278517
2286.673851073955,-1750.508992441038,37.93267215603838,318.97190141874347
2906.5152092019007,-1635.848859524326,15.699719668326285,334.6271942354792
2083.9837178726502,-1155.8591385086208,167.04179029059313,334.92298396132907
1119.8340736765035,-1137.4364472766836,259.63503358038474,317.0488947244722
1658.484022392367,-2847.365063068296,252.88489677901083,301.7825754103127
1167.3431913910683,-2971.1890875675217,188.13243524072226,335.0119313572223
2010.6356687805367,-2859.643069819534,10.663823389328982,299.5663720893343
2568.7766535647916,-2128.9255829678673,155.1647482900893,325.9413955483046
2836.8422149492676,-1704.911060308052,38.544527144070294,339.17742009225213
2281.471920758868,-2508.5093474576006,24.936836972877458,335.9208853254325
2725.039356002487,-1608.8214071105572,0.4657578902667048,312.06550093608257
2268.0972501897054,-1620.1036356875954,141.8336947036797,296.7776697405173
2553.0737117256995,-1894.7791247940938,177.7093682595657,312.7236917991758
2204.0136203984666,-1513.2094129083873,84.85870522997952,307.44868057157953
1656.9164765144926,-2215.8300479013496,139.88020634941515,306.34312170521144
1022.7120483753272,-2832.4963248940385,9.440613973766293,314.6144803443799
1639.1629702556766,-2597.7803169124495,-3.416524209947008,303.57565342292054
2377.2679431876286,-2400.9358326549072,23.258588517952127,324.8938205641187
2755.131038666572,-1680.5810767879561,102.29516579314414,319.6187768600961
1250.4213881147612,-1138.7849272549554,107.73347850063854,315.308757632532
1110.8932552615443,-2129.250835705044,84.27396385738885,326.98497336094556
2794.498271390752,-2017.3722158782025,175.86271601788513,322.6637009730608
1198.291032432956,-1095.7598987580911,245.94253697168153,320.6413522830228
1831.496732295914,-1881.3367556517485,69.82275878044527,334.2644226148933
2129.152212197568,-1281.4594703939697,62.220055201711574,338.42316894959185
1125.9439670742513,-2909.465878881812,205.85384084037955,327.8514919644318
1725.4571788688118,-2260.506822280281,220.50545939346821,301.51463123567186
1630.0449857339545,-2803.1642544897177,133.72520883563817,317.01977229890133
2041.1242477602489,-1446.0887557475291,13.416368790772378,339.5580184430164
2927.18285666878,-1565.160800184011,175.3912666458966,298.73040393252387
2994.393795183256,-1033.9674653659677,0.440798383514414,312.3011975335032
2683.655954170816,-1033.399529815322,253.04433140774705,313.6783576494856
1598.736358031233,-2054.934512200746,56.42489833493795,324.50638518531423
1006.4165532920695,-1412.5752485291312,32.42857963075992,313.6555247761122
1556.3171309864297,-2500.990515308619,216.0066260941216,338.256928218827
2176.3075437407947,-1798.5813043007065,206.39414252300855,297.6141077674581
2693.862466622025,-1861.1474273224512,13.487914122833523,320.46561557060926
1735.5241457862942,-1124.8457334885009,188.30150519312835,339.3615806603015
1433.8582907878101,-2628.7371582814726,233.3187467010856,297.0896945886798
2843.836985465876,-2365.022930456404,145.75452883915233,331.8882630554589
1693.3174600944774,-1711.7804541365645,130.85105698668158,321.4465623346374
1231.2176852072123,-2657.092013579142,17.55764431170018,300.7704509622419
2926.873591349839,-2354.4050789130306,13.180747344606608,305.91370619376147
1201.5437105243625,-1250.9315856621972,67.0896287268354,332.8952852602493
2256.080231706206,-1186.3739294182076,179.2489521567931,298.8724238334621
1490.3541653404384,-2319.1120934640912,77.0075125848168,304.2901979818263
2115.203798386814,-2085.1838369830302,70.30148660918003,320.8955813564409
1810.9455145121701,-2850.91187791478,81.94711425346237,322.7276820460739
1426.8836289268236,-2935.9007130371197,101.39962917986088,339.4184287610817
2106.9552030496016,-1099.779615128046,146.18050170136826,325.7556219831665
1229.6215491491744,-1356.2649472088387,88.98305533557908,334.3900941080491
1526.2745945925951,-2727.5807380133815,202.52480743447646,322.46638878312405
1588.4807064410838,-1726.104020626837,12.8306533160622,306.5335019525918
2537.9727599134376,-2790.119451761342,153.19615443024585,300.9869450668243
1625.3627238257677,-1856.9746496108382,248.245353753543,308.1438278118778
1660.8071757946605,-2015.840752895213,253.9422514452844,316.8976195122007
2330.081419829594,-2909.13784954584,27.99537096878015,316.78078787203253
2028.258776879816,-2150.3151990396686,128.03521388207517,319.14763598595977
1261.0172421497155,-2413.0528465572793,-10.117773410704736,319.64419111930073
2458.6401189082617,-1926.392754083409,239.27264277436672,314.7282378916142
1180.1224870076924,-1794.772428743147,147.28017447819187,332.81288630160515
1163.6933757344534,-1569.5939435147166,214.36311150935714,336.13362088054964
2489.732599894283,-2896.3877918067915,13.735002909058146,316.84964037101304
1590.8610389184387,-2551.544767867417,153.1878974755416,329.41125976526064
2430.2395586133784,-1939.0992884431907,114.28999948703424,322.1718780526469
1546.9714948734068,-1606.1360717297348,47.67954705546682,330.2992398153237
2752.99979634819,-1807.1097040234208,60.43199802543357,338.22837790089307
2218.580491540566,-2691.3340446335787,146.32459197038938,323.79024818520566
1976.4092970029521,-2881.9562836892605,19.953531898013857,297.76647873310424
1259.3304791419791,-2366.37945820708,54.564336090863364,320.6632851368347
2393.0986611097405,-1331.332558647669,124.53350632124491,331.5192507203777
2600.5166699584042,-2572.7937148524447,159.08022735504636,321.45433864153966
1489.6471482977174,-1428.8404147369777,157.3402520554715,305.3451300302817
2102.9552479041427,-1525.3693468167635,187.24522104228467,309.10065841023675
1796.7649998728461,-2619.452230089001,227.4874127026619,329.0441333075863
1412.861527725241,-1809.8412712167606,27.362809361968573,330.6914121553276
2253.5339871275864,-1570.6567022316003,82.26116487936076,310.9204099063255
2114.4126542379668,-2919.5423292073215,131.31873898437982,316.6652922731439
1058.1922940881614,-2827.3751511099204,244.3397110864703,315.9279704136392
1569.6545132110741,-2898.2951694138756,88.95550986592329,328.61021413979705
1894.0194647799708,-2860.1608339869367,248.1690500761568,300.9184370372009
2136.388122857812,-2919.9115473557927,-11.270335295289867,337.8588729682994
1693.2914222349905,-1439.8596680465987,87.21071146098936,316.90460413783876
1101.6086314494232,-1882.528609327435,1.0869183517672347,329.63944831404757
2542.882270936818,-1273.2119418647615,217.389242101921,302.4115876665598
2489.9988952402737,-2095.645350971002,108.35608274129827,333.5796999256226
1006.419706968194,-1134.111790384798,125.50556531600154,298.7555158655196
1246.0943109927744,-2256.4385497948056,249.7056608510984,334.17734022192377
2537.798211249037,-2070.749487806328,123.59264825441178,299.79823449648234
1501.1874843659698,-1662.2430277635133,211.3738356907671,330.76124152234587
1485.2316138184208,-1596.5272014248671,68.56766153681912,320.0969257225461
1260.110582564788,-2205.2072161262076,52.76085123734691,300.96817533334325
1259.907579776783,-2582.4164116638285,232.1944721224074,299.50028015049276
1712.0143877718447,-1949.5610020385175,112.88615732546701,301.03594377379414
2193.5296363120597,-1564.827170083068,185.9215442282992,324.99929399085136
2009.443359203318,-2460.6131742770335,170.67805883155447,311.2968148117149
2903.6963818063314,-1938.0932811764021,184.84723006765995,311.1248275836319
2670.5710624911344,-1335.8686349128639,102.62388008931238,326.6538196933224
2750.943126091189,-1706.3268397931424,187.03431788024753,322.9815158305483
1465.1804560890446,-2946.513602056123,24.51002657685246,310.6735440695934
1393.641440886297,-1402.1886944930468,1.1239090973681236,330.50092797368643
2077.9259399930374,-1718.8966144917729,104.97771777785536,322.9064998423614
2400.6849894032375,-2738.48370381283,231.78633754465565,310.29369531727605
2595.410720623465,-2549.1311376501635,85.5305172697703,313.0145911637016
1394.4687417608081,-2414.4871787484367,94.9949590220521,311.2862129112638
1220.8679324781183,-1793.0147590346478,164.1370127484659,304.3794472545751
1979.8343581314043,-2788.5540395641306,13.648314098175828,323.5021161088
2884.4198868690883,-2925.1993696106933,203.3668911953026,327.1894199488349
2561.6682393778638,-2166.156802698247,177.32553452506338,300.20360573504547
1596.5566179747755,-1274.0086159626005,63.194964223098324,307.3983456679053
1597.8876168132247,-2877.9207746956417,244.0209236019008,296.78111923500387
1888.948173570997,-2197.4261570838403,98.8518525838551,296.8107393302235
2818.5739138129848,-2819.9275516890593,10.904723194974654,313.38221128165515
2479.5124713716805,-1429.1431287863077,13.762557196388986,320.21546997491015
1095.1025123166446,-2111.244082430544,167.43934808454574,313.15085188238265
1086.9378476675927,-1580.6578410448003,125.07700392134984,321.4018685045423
1479.5632051184605,-2432.988204567803,157.50793558606125,313.8296250144701
1094.6365364822975,-1088.3663335736028,57.90513651787097,317.9525650932527
2406.8629884700968,-1009.2216341031549,17.97584041382337,310.16656778601754
2481.1653765496203,-1109.6075189844596,72.0417987427952,326.77109405317907
2501.6165440179025,-2207.2405810599266,26.05558927758596,307.1712651592136
2371.371184145567,-2279.4074672017973,114.50632466537724,301.8196492194762
1369.204927427103,-2018.4550357083256,153.87459445617054,306.1811667823957
2221.9362282099555,-2994.456704016565,226.55132274290418,313.15230666875175
1751.2837444667286,-2541.738655939742,205.46068418369697,338.1690359870491
1978.8867524914872,-2744.392625103176,-14.256775276722081,316.4346315849518
1314.3637568478157,-2810.148226254618,35.93344104904129,301.3434139376577
2053.03015907163,-1954.4335322172176,252.68912898885532,309.81350943493976
2250.407969043019,-2419.08846915413,14.979642738791256,325.0694456293474
1062.1403837808211,-1663.7768885060414,126.94589398208461,333.05057339587904
1583.8270435898335,-1946.0090972482574,57.06941758317413,315.78728525541106
1147.130364606813,-2945.1242899025087,120.77038390445767,316.0795756559486
1428.545805284733,-2334.1003321438025,102.14024985636338,317.26480249857514
2239.463279736934,-1367.58146606524,145.58928647930355,333.7970893988229
1529.3057646132788,-1689.495943430151,160.1052501876112,334.54960428290406
1182.032833812554,-2965.4359036808037,79.77047505466952,305.974147388809
2383.462509268101,-2219.624487735366,230.81171441604556,314.2888988078363
2988.2460739911567,-1724.7898655830852,-14.467261811966473,330.10897326683454
2236.703144613037,-1084.378465695796,113.46679319246988,319.19367869839715
1030.5952068609558,-2106.374282241799,69.11176568258905,298.68733204838065
1414.8128167404902,-2352.0466253383456,165.60095419012623,298.48079618212057
2731.8287617702,-1078.1925921062364,29.703734635579224,296.45701093476697
2306.46030192883,-1159.036862299057,142.60156019719412,318.53285718887923
2503.6850928858375,-2745.1599979546136,69.68389270332732,297.5829203041811
2388.6258163969246,-2252.304069035801,115.21844241677044,332.4426077158066
1155.4014591432033,-1027.4540628303528,252.53159180764305,315.4416602898755
1794.2650615568505,-2135.73014767303,101.25994136434514,304.1938874528897
2864.3361779565685,-1839.3849766578173,156.44039487624204,322.1323434919247
2161.4670752086076,-2790.9810840422106,253.88358855329807,305.53693147562734
1421.8880073912576,-2971.7608623981364,24.971393809653755,328.12132082059946
2415.8959350242394,-1866.663147695285,77.5043517596297,326.2494678710957
2802.7492918478747,-2327.7646196640685,226.5237979966593,327.57202416453134
2199.412018217372,-2682.2026654478123,0.6632805002376454,312.98216525032603
1283.7633568391743,-1026.9784613729817,97.88569285396431,308.4144734860058
1923.9070338046108,-2743.3177553194414,245.21143028033595,334.8979889096135
1566.3556656757269,-2132.7054265980237,116.75003736917148,301.0329171252255
1573.719363495637,-1811.7965920447618,19.141668994737614,326.8503909540626
2374.029739115555,-2606.5207608631576,155.33577668841258,306.98506059771455
1178.4402565669654,-1544.7585329631133,102.85137669399494,313.869579812417
2470.6433421138818,-1160.7094248962533,206.68122404276392,322.5885184829884
1141.3428850142086,-2363.8109765485815,83.39642098165821,308.0224014018067
2259.770420074939,-2996.3543339204643,161.7008189154158,335.1805265859436
1747.208476437298,-2778.8620979012044,33.02525841219588,327.972821691307
2744.606000394149,-2144.5848650913545,134.93786208550492,330.64078662306684
2347.913818655268,-2077.6995207846394,119.63709392910573,320.7368385996507
2465.062281478842,-2469.8629205297393,185.16611688160378,315.63444575456725
2155.6951572748235,-2086.789305635521,87.42092359110073,309.2519996837881
2327.5514902115947,-2327.6740627784066,88.56268805654412,303.0025006798693
2702.328962239413,-1564.3626311573466,-6.122041132789466,308.1181768395401
2386.7538209959894,-1811.9083395322882,154.56975508221927,296.36276462706087
1999.8549540331776,-2449.3155323950496,245.41246329832882,332.057568762807
2135.9604379118055,-2293.323567364909,206.22730591181394,320.08591410854467
1369.505847879655,-1271.8205798199656,205.61145150320604,318.5248580312898
2670.040786884958,-1337.0017642732198,9.19230742806754,320.2185878640362
2480.6934990031814,-2029.0180178753772,48.84059007735197,305.3760193819032
1592.6292061276636,-1776.3828811265553,219.45871442484363,339.58000682777174
1460.646110667612,-2457.726941116717,5.819917725659902,296.1239977278195
1559.8053295042014,-2530.8921924271926,246.33446834040797,331.1368361503321
1456.5873803389795,-1827.9314140184267,-12.053735042575635,296.6523759452941
2599.135505846015,-1228.267047702289,212.37930834449662,302.1233514589147
1472.091435394387,-2248.135395500676,148.15006585443604,327.5560537833371
2612.7330238567624,-1773.879986267658,201.86119683553102,338.0738250555106
2592.171091518606,-1599.7808809947494,71.4067782718308,317.42485285462783
2242.149505955349,-1757.1819429883394,155.5257066895734,336.1032977735216
2507.3854205466687,-1465.3235365780579,250.28294347066344,297.56005233984075
1448.2702070671025,-2351.083062714219,20.473595414731854,297.59591963925266
2035.4016206596625,-2372.0755334695627,157.87492593556155,318.8654637236322
2943.326659958492,-1834.8873205356554,124.44183101504217,309.64002794761757
1890.5660395296154,-1026.7037326996413,-1.9293812375093147,298.8742904475937
2193.810223580691,-2983.7123988260205,158.9743687817411,308.6402523986052
1774.9459755637076,-2589.6840811245365,0.04691895576215899,323.83363647057496
2042.8169087904614,-2510.438310533292,195.3806810783818,310.3209837507369
2664.903515420804,-2822.4915649375503,133.52424496097242,314.3809659440442
1324.9868322937264,-1828.2901144144253,158.17636256104578,317.94544137843997
2788.4981749954277,-2581.4320837687455,205.9443386600531,324.60215370528624
1159.3913351121646,-1587.665290241888,128.8375107174619,324.6902628026871
2680.3138916790326,-1328.537495819104,101.56564241999352,325.52270243216935
2605.6296040334228,-1725.1562569983066,215.56274291416,327.28589179301537
1683.0227514654566,-2634.0417503270646,183.1421261425912,325.96142667207585
2400.2576534130603,-1256.612136711867,248.0101345344902,327.5491953583595
2006.2164229059072,-1245.2002190149283,66.55231098770994,330.37131589781035
1936.6545632511513,-1929.1142865289023,76.93696368354762,332.27983325007557
2061.5181094180625,-1003.8086116139327,40.80293893747718,302.40877063494247
2646.51091965025,-1289.827978077455,157.94787916977836,304.60572850834814
2104.030073048616,-2420.4061355451267,224.98866504625622,313.4855714456758
1669.286748035966,-2549.371390556065,102.18456159048986,320.6615914006965
2185.968682554051,-1447.2337119179417,127.31730939966741,295.0249284752456
1642.4424085279372,-2409.5252787134136,52.553839442195624,308.86930508810315
1739.4228731773562,-2080.2707533386915,245.6871938003663,304.97154482811237
2620.5321167668717,-2929.727343954051,124.84760042711133,321.6771843112282
1759.0788390534008,-1721.3654503337616,22.079940780902675,330.77695712578196
1247.4740310924647,-2757.406567221964,36.9935348140817,325.6646102487093
2066.312926649145,-2722.7680489448776,199.28501077665885,308.46181141076113
1323.1356821994636,-1410.4524205142504,137.3604093483413,333.09612333455397
1675.1234168831961,-1262.46486914006,171.47198263227835,322.27469290371073
2641.391809936037,-1890.9937331241943,229.18029587915453,299.85700664094503
1640.6621206060565,-1775.2103671034117,53.69383494697867,330.2479195673266
1983.7009469257669,-1336.290699752354,-5.140795845555205,318.470662765162
2147.5688144735113,-1780.222789628033,70.06449878872523,339.99788173364857
1753.8813106487999,-1439.5208249414916,231.02531276307715,337.0151714080621
2604.8051899136494,-1713.9587017231702,159.16077444688162,334.9197067863215
2353.2348415143324,-2057.808925008312,35.151001526776994,315.8879961016373
1690.906134866385,-2906.887565887769,-1.443153164847736,317.51950785322583
2188.474210811551,-1834.3790675225798,98.06761895429234,311.780045103229
2971.902259677955,-1242.2697456709498,38.79360940742234,307.8786211898573
1222.4185004639357,-1203.3220297289056,37.153756271610455,320.1343587342983
2223.3023109184815,-1721.2658171684527,141.7914061367613,325.44226434169605
1513.0960096280655,-1493.0247062913604,-0.03192283852607858,339.71451777347926
2090.7761154990794,-2271.182577535031,-11.863263685131129,330.4672284197671
1806.9704115655682,-1778.5361765821553,-2.273176429791283,316.38636828498886
1231.3595658184774,-2578.1174269143303,97.24891916150548,323.07553552942693
1550.4161566128214,-2587.9365111506772,99.48450308667253,306.9062737144689
1966.2828502314483,-2241.877538933169,150.66920871947528,306.9642834352125
1622.2766638773064,-1535.1988121131924,216.69010685169778,330.2677006250667
2247.6238699989926,-1931.8556302437546,93.44393972298246,297.20141306079296
1999.801778229017,-2522.106017861032,68.85113535944309,319.49524173905274
2352.554048333957,-1277.5139876628089,213.5213119922074,323.95278019320443
2082.7653929694034,-2153.2592458373847,150.97813852352823,322.6322180290849
2420.2651270431943,-2699.355093845439,250.8874680634276,316.5594415172492
1728.5196154280054,-2646.1950338447823,195.81956273126116,329.38034662067867
2329.2357606575843,-1096.35249694687,245.05915674360693,325.0070299802388
1548.045065715356,-2526.065370005403,169.95902303392427,331.64613200975776
2394.99274084612,-1348.1131368474803,-14.699696392681314,314.698830024679
2206.586875891791,-1995.6412712062056,204.61588212748498,302.98010331189596
1418.644588271126,-2114.4786171442247,75.70358097567014,321.306528392531
2197.156582174467,-1232.0336547580052,188.05551186779866,310.8766170643846
1855.7176793403203,-1230.11549463737,148.5126017162113,338.1534363009847
2063.8815625746274,-1061.473292926323,126.76743163307066,330.97572161052267
2645.5113304041433,-1699.5723950769766,250.25277361647625,319.83920737367356
2384.7438259934906,-2772.1269091166296,108.51090410151488,300.1636653268878
1567.7190485268316,-1850.5151241208298,150.21954988829071,336.7240265080936
2722.595390819425,-1430.8058039698526,160.14657205327103,310.3401451247745
1202.143005480041,-1473.1283890699228,50.50541983912474,301.23721869624956
2607.1819319558554,-1397.33852603695,78.17608430151186,315.64186130094424
2506.702378989334,-2702.655452536911,23.64290487510361,317.6122787253201
1547.480207746709,-1468.5493335893304,137.2966510946894,307.91252293427743
2929.2847389093936,-1422.1540883999685,136.01428042045234,336.8965762848538
2380.4465741614013,-1596.031168233155,252.15303145864192,338.6262299508718
1195.5643467029877,-2551.847573437364,48.4049394003558,321.423110180907
2804.647298937618,-2726.770397167731,35.08599403316476,312.5151440225518
1275.212861472583,-2951.8490136625637,-2.784720545110945,306.4403761374687
2372.5054170413814,-2195.7302017645393,138.30559036573555,338.92837477798173
2366.098032653701,-1784.7978509177728,184.3187316585763,331.9764682045581
2992.8840798173123,-1646.1944385679387,115.08277803506672,297.07818935205165
2596.2766020685403,-1860.4205278840438,245.75578400585107,310.8607719839717
2092.9485820487234,-2384.2766648583265,73.07091239085673,323.2629128127065
2746.1299069369315,-1524.2449072626532,121.77780582733257,304.3405280579024
2017.1630424456246,-1543.299372025414,218.0676970583648,333.7188815271577
2939.301553701661,-1206.4162979943549,31.55372366978704,336.4532041593972
2259.63472944917,-1692.929816785224,164.88737782484816,339.59136745072647
1705.1638527130826,-1035.6275828279186,247.6468875645224,332.39292386282386
2123.081086899154,-2369.8725931966865,221.11664757959255,335.828416618252
2742.71737964975,-1561.9466514917651,250.1649395644626,318.6242040158009
2496.888124425452,-1765.6689798197974,233.4602242135037,320.44506484176884
2824.9487622353513,-1757.4796391610357,229.3634838385466,311.0188254876934
2733.5921428249712,-2576.3368983186656,109.05803996006792,332.7614711091585
2010.2595473557415,-2744.9588955535432,80.92171735198842,302.9855005121217
2953.7746212635366,-2875.4661907406826,-4.049555145015475,335.8141127720577
2336.5334428725346,-2486.961588188029,237.8397918140448,307.35542903347323
1660.230737456643,-1460.7260008861783,258.46714553537527,309.07197549607235
2916.899412751057,-1787.2669579155722,239.2115348778146,324.9776105220924
2071.594768224777,-2490.74023542208,64.38123874069161,321.66321946115636
2130.4816010463073,-1875.8277757733315,170.06803076356005,321.2385919895709
2811.202060456111,-1584.1780111844173,115.2288575232379,339.1000421078177
1783.6603445964076,-2075.2952010633503,173.16571648391468,301.6045193394653
2763.649773613599,-2728.2084316067176,79.33692899131991,338.40394706260685
2307.2341788621743,-1264.2406293269896,127.41445242627904,338.54286688379915
1619.7843334065858,-1693.4608639423373,1.3392374584189923,302.7070397430754
1355.5878503167016,-2460.9500762097223,141.74670809580152,316.1540762166527
2579.736790385592,-1603.7669694374717,153.2965914311528,309.96596901147683
2946.7225554366896,-1898.5735529369892,39.26051449296536,318.31652830449235
2850.3056045411104,-1838.5040267141462,131.79349581259794,337.36708159550386
1782.3414244729845,-1681.1295921800947,68.7852294898692,336.1799805895188
1411.47040712531,-2505.4874422989524,159.31770377048622,329.2921415482929
1524.0884785462952,-2210.263620543199,-9.13716984579277,309.7114133947615
2165.3162195497025,-1456.671017809822,154.1852508495836,328.06073624499925
1928.2336802860684,-2803.6919484921295,105.0126652040881,310.28500929786145
2406.461077493987,-1769.8095081336842,224.48634288819477,303.8059049662511
2157.105288717251,-1801.7510702309874,174.18747647249336,309.8184236877181
2900.1324275314773,-2920.3799704429784,99.68462244651673,303.43226504976485
2544.4993280923477,-2681.5803602786923,249.37818626954794,326.5636858508461
2414.3850775623805,-2858.0541355957216,249.26226347781812,306.3416768573937
2156.3930068188574,-2445.6144795989767,142.23646181389583,310.58100002624116
2953.345047405744,-1598.3408661009662,18.273856657660595,323.95016071179515
1775.6938954450065,-2749.4667815636767,52.12904654277962,326.6130253929091
1784.2522002168655,-2058.246335311332,-8.803999691229473,337.70988246919984
1070.9220898785723,-1074.5901220571043,148.12541598084002,329.19096433745113
1484.494934793242,-2058.4133801547996,47.57479677325865,315.21270950269866
2080.880662598964,-2382.622050052808,156.09503000729083,327.633988067811
2749.218588772579,-2294.3846212876297,102.63546424711667,314.8994279409027
2052.67143224325,-1382.804959670529,231.94615581532568,338.60280089932957
2414.716962945389,-2705.6679889600705,235.76799183658352,322.25723720000906
1311.833359811514,-1628.0826194881597,99.36434239985199,339.77365762072503
1960.7816152909495,-1847.5562283961603,135.65925887772934,319.896108840801
1344.429240267601,-1372.7602379196446,93.73809093342722,311.8204023278237
1315.680508425961,-1776.5657016139346,187.6162230447049,302.2948004368483
2014.9594274396518,-2428.15771910684,217.04033135967828,311.26831145952207
2256.184699321109,-2104.1797713500537,8.375399980470196,329.01863979155206
1381.2657603161524,-2068.4879590008136,108.1188575999633,304.859409671449
2771.1281746264967,-2065.2186401751555,17.746937567040547,301.17270358765376
1630.4984484259744,-2007.499641876631,158.0191767474132,336.0836687572385
2249.7976923524284,-2378.035241989448,203.66763984422786,306.9629883513311
2189.060710947408,-1154.9908122163063,8.06968552272727,312.78938542833157
1113.8886185252518,-2084.983869754344,37.4350243028317,320.51255707226534
1372.9322886140058,-2521.2578653315068,258.70900730441565,312.1249549164528
1621.0911366912856,-2459.109299363151,0.33646531293639015,306.18474463782337
2387.78965167989,-2327.2014297554942,18.91097389820949,323.39411777259204
1937.1423986833736,-2428.59393009752,62.13611025984113,324.27598440726746
1800.5569885068799,-2638.106650018251,74.94652656729069,317.78585573572934
1355.3924073621083,-1182.313531398946,199.4819134223042,325.38686718272874
2611.1752419983904,-2750.6654940978597,235.41695457606787,301.13080004082246
2727.369397593993,-2783.883792479086,36.87615089477375,333.4410168622367
2818.737534885719,-2827.0028723504224,103.70669331205202,333.1978402061305
2030.843832904433,-2132.251553642225,208.71952803431498,306.92185969580845
1810.8739858195695,-2055.4180600898635,47.460837657762724,301.809092338015
1702.8940982280749,-2807.463099252869,68.46464665171787,316.847383820056
1496.3868978769278,-2143.9616849564045,253.93240023334323,338.6167333966291
2786.1984023425575,-1263.9954323946642,0.9014718705004228,313.84646332259445
2863.663752258637,-2076.441248180153,150.09032028978373,339.72169648196666
1165.719817588286,-1633.9091670752277,85.80884521881936,305.1363638226212
2737.12331414066,-2700.8567646856177,120.33623827091552,331.68786576975566
2367.675616853083,-2863.915893267482,36.473294685343696,325.505324472727
1918.261789258593,-2404.0710323974454,53.472276958264274,296.3821928027365
2748.0172489782276,-1783.2406483672235,41.174844240738054,298.8629770587859
2274.285483444585,-2050.784393777523,6.991273329924688,300.48276255800977
1279.6589710936694,-1329.0449770277758,230.30458621929765,299.53167992326996
1028.975626362155,-1177.4430883283817,22.723305004472905,314.42705076098434
1378.9055380153932,-1022.6041994127922,12.442456576646315,295.42148106360264
1134.207221144735,-1522.3430815886825,104.64297960893158,295.9738421555892
2578.8846393228787,-2375.1571102926814,240.87686915173202,318.49354687785495
2804.0389060623975,-2720.4474053720805,182.4557491999761,297.1167333519828
2012.3786223710727,-2575.2624975037515,30.895028153759448,321.4162999781267
2487.9079694458596,-1125.1131865446257,42.718592055426086,301.45161231196033
1925.4045475375303,-1813.9485939795386,56.27037755472175,332.1199359940503
1864.1638001502993,-2364.662005883526,20.130462135133072,332.70579265319225
1257.0024021091224,-2396.4329021733993,133.7978047440757,315.28335543805804
1281.444866502597,-1816.2816139142878,85.34214320169502,327.4426351847138
2707.5320561096532,-1952.1522776024797,10.063721040611028,320.05670593274704
1305.009587495429,-2883.7029401512195,252.3212951181622,295.15752714153706
1832.9214314391934,-1469.7816872831158,250.2056059692303,303.63924879898525
2509.304179914286,-1176.9090037102071,82.33296208772639,323.2777288485054
1938.6695420517208,-2775.5207834610605,80.98286323970707,311.3762910236709
2198.9178525604166,-1090.8076519444926,225.7892906963006,314.497369718519
1393.6695110447552,-2614.124491205934,218.25342792987692,310.69807605964706
1112.1478703250737,-2722.012793265088,247.8449510908879,295.58005685334064
2466.2282032988146,-1400.4159392671177,166.5574001918747,305.0456469060275
2138.3144805599795,-2070.3940912000858,257.0007629745703,337.3541959083051
2079.8349489310226,-1109.8429733021255,186.597792389592,303.4417825734404
1678.5648246736246,-2474.2412070031946,47.350973745519454,325.6773605165874
2199.6418276829945,-2391.2295855244183,211.21309632768893,314.66943202213446
2536.658806083287,-1932.2707352457878,106.53736742717209,300.3581111158266
2543.322266745671,-2927.3589326516067,161.70417003166926,308.1530557343978
2563.8618410693493,-2978.3878828603633,117.48404020906165,301.6867226020145
2192.2807636621037,-1156.7038646691626,0.5411618542076599,332.57445859649243
2614.7045883019828,-2210.4322338369893,147.8632371788704,326.0856286994169
1322.3339739713442,-2901.4921511101797,190.31407784883095,332.7829030508136
1113.012778371844,-2314.585270514669,0.8638065977317719,333.16209707883
1672.4449754041307,-2036.8985695485376,238.9738050775856,334.65567735814057
2598.103046330847,-1130.5286823900942,71.67671853280486,333.800675982835
2753.693364924075,-2185.228617454479,36.48880905401504,296.60750419894356
2110.945906055327,-2974.7405274059056,175.81518354690903,307.4322687119455
1325.966332838246,-2390.4716270586923,103.78794643361393,314.31750335461163
2372.861957791809,-1465.0749198064161,54.21095110798457,331.81258340910404
2973.1132821455158,-2616.415013884252,134.29148017018983,313.32738404515476
2386.6501286309604,-1876.666685597047,237.58648189376973,330.8797786048779
1134.090509930557,-1658.8694526572647,201.99552484825918,323.9986065937274
1021.1228904245604,-1520.714171596135,153.4201394946399,307.03596437403945
1095.4744413863068,-1383.4563541752734,73.16902311955293,324.7405494831645
2416.8119729863483,-2876.5056999296503,-0.7948824062352919,301.9016486927845
2856.7227424510806,-2456.866588984793,1.5514962206808214,308.9629731625551
2334.46870236554,-1878.7690034064503,87.18145386408095,325.40436209103257
2727.055870354318,-2946.1264372380415,173.0014622312922,322.5194568271393
2346.358633717611,-2239.055806594375,213.0351213481004,305.76798548791936
2944.416732462787,-2625.455329306052,124.86046968610572,328.8829060497484
1691.7819103346937,-1049.2318847389317,165.39647859799481,309.8530405196942
1983.178266574327,-1888.0670274358977,238.5462309593366,334.94594258636846
1789.8102946010401,-2795.663772877068,231.61601009362712,313.06371877216543
1665.770450612526,-2663.5872066251995,156.9252560073364,297.54679156218066
2044.925111184775,-2678.4212511451856,157.1025329800097,336.1163473545382
1150.8991260145135,-1611.3598792021774,117.19920019006372,315.235271943885
2994.1299869656577,-1897.8504543901252,253.2600320760987,327.3465167145022
2949.383523061542,-1855.621139217174,220.47027695987697,331.3898146001648
1491.7974328014648,-2229.4861102010113,187.12057092456732,301.81179183358944
2627.989796369008,-2704.092206688366,204.7561444953709,329.77393814278963
1584.6628351012328,-2016.1576084515395,198.00805056096965,316.2414792888273
1829.3156404641886,-1223.248566418642,153.7164813365362,319.2153796997228
1262.9687524633428,-2104.683645461842,237.74168629673048,327.2317517962292
2679.925155732464,-1128.2706158141837,109.54646264192458,312.2439832348228
2385.3052753593174,-2516.324585472022,102.48311766185095,327.418698160613
1344.5087639812677,-2073.662534029843,91.91687381933839,334.20723870831654
2016.4182990419474,-2672.442496795308,29.65930757295942,330.74193096356447
1607.3369873436352,-1122.0557599166386,51.87613436029828,324.71238709079137
2471.4088171865706,-2961.3975877034777,133.00798692763627,297.56344687419084
2791.58584006397,-2788.2772275046273,230.13592974303202,335.20682138864527
2801.371244371692,-2007.4139553785712,236.0267049970549,329.5653098160224
2101.6612067503584,-1849.3087486219092,-0.062214114608741156,326.32236985916524
2206.723356055314,-1420.722740421396,129.66092458992037,327.07433422831315
2616.321055848546,-1729.3002456360807,2.888033758670403,325.9806397565205
2722.9477860439983,-2774.745772290392,10.64134279336918,311.49594609422195
1796.653598812723,-1596.704458959408,-12.975180006623722,337.1498144297104
2024.6995286507936,-1520.7755677148266,-9.259570407162835,326.2378632280698
1217.0539583807026,-2418.5703082511045,164.4175376915439,332.2327207841278
1168.1286425306591,-2248.889866532146,16.33536694047942,302.7163991170846
1536.2381603080516,-1567.3858892316152,60.70966678582769,327.6496634528798
2989.911456741529,-2712.7829285709663,103.19363572037614,298.5380613545973
2951.2033187481065,-2658.827340435131,56.310022801930984,326.08420664925956
2071.9594636234788,-2552.0052574694305,120.7447929982859,338.9087717638108
1438.8272398149365,-2558.070769687616,157.5624044129683,312.20728763588284
2609.4124320335313,-2591.45921691663,137.71052470044884,306.6816511062632
1540.1770486726095,-2697.773035155324,243.65456867324156,336.2885128982881
1952.5380280358727,-2344.9750348665953,220.39775915200397,296.0180325886215
1756.3076003909532,-2090.71355940004,111.26265883879081,330.0654853045959
1579.233625772043,-2268.8876983467053,244.69486619487748,333.067801035592
1848.0484205250368,-1539.1374272388346,218.09013336514343,333.6677359750496
2832.6202975960086,-2899.1907138983615,112.88946224600164,323.59371323657444
1642.8005952700164,-1361.569818851758,51.82736095693329,325.2881394917609
2196.4395791068846,-2110.6736656870376,149.89376281206205,305.053689959622
2544.3747708737337,-2512.765672905479,81.15520429443625,335.8012576101912
2227.0981049991697,-2909.842359440215,72.14442366891863,314.30029135973126
2627.2935074583047,-2546.8615256540456,-3.721722503674034,299.75893224387113
1143.0587715035024,-2249.832421507293,154.59593834298582,300.6022056942445
2992.8344076203894,-2347.262360624838,-4.806050700746445,318.9040520985213
2819.4807959406207,-1305.7955521553376,160.39092856347136,305.98888566521555
1863.7057567328357,-2588.1021952228966,137.46755586204452,310.1312287744759
2927.47578687236,-2914.8841159197286,217.63246838566508,332.3511014173272
1940.498377879187,-1066.8529330687256,240.8289012920319,315.28524631101203
2060.2701380559665,-2695.4543052333343,83.0113176199056,327.2900699900289
2562.5622622698556,-1689.4441614006541,79.86674640124455,308.2952948699351
1251.305399170613,-2467.5425971105105,254.53443911190817,334.5268336591389
1298.1400587746327,-1109.1346322023164,-5.514446545481972,314.3970977627016
2758.133050864172,-2272.269204825564,48.35862969259472,336.05301162829295
1786.2640238747122,-2684.2107263014454,258.5593301701439,323.7622632020798
2244.2775988624676,-2583.0839785684548,102.72508469874708,331.3890675590481
1918.8616963252587,-2935.667277155464,243.64800245876359,316.44552226119475
2945.977440384966,-2642.574299836021,213.16845015180132,326.4800827506717
1715.1732876687174,-1824.2816361922676,203.49752353334074,318.53120778195654
1924.3036035439868,-1893.6416566897421,232.80732180891556,298.2339802215111
1727.5696892075903,-2705.4820141526598,79.86913487968665,303.88123104036634
1488.0097000783283,-2532.8375772145073,14.947576969113108,324.4974100115702
2503.599275638262,-2125.2255863439254,239.26595136678563,333.21669683480934
1511.7432701588045,-2727.874692935849,199.57654062254306,332.6201418173981
2231.4330656239645,-2484.1749352835222,22.014301631492415,335.35939476972806
1728.9236801854095,-2216.4026558092132,29.52517968096445,338.6274828944415
2547.0614393632077,-2636.8768309841794,-2.9665720568769043,324.02656817967267
1572.0099729178146,-1500.3431121462643,92.66227923089619,311.76954015160504
1172.143967864447,-2642.5972814392435,226.80923229582703,307.2821878823741
1211.136930781339,-2954.139523394967,14.355497329916684,295.55223929364104
2386.278717516677,-2834.6817242407396,106.92555796426619,321.10657618280476
2462.7246802044992,-2760.1888801387904,76.97445102481426,301.6253833998986
2414.3322079663203,-2129.9765041842015,90.60255423822036,327.52301575749027
1030.3445931213075,-1317.9726089029543,224.46363445513282,330.74253023028353
1427.5576996039458,-1243.9079751561292,150.32299278537712,299.9188922042837
1602.8717298899196,-1202.3663270855202,-8.975664303358027,335.5637349570042
1712.5356304092625,-1925.7329464170318,75.15337772099349,299.53498656891355
1664.908833680604,-1737.0774005930796,56.17202654701852,306.7929345967706
2457.247823225365,-1935.6938317203594,103.3543394891117,325.4925181945141
2168.688482991899,-1447.2038860178445,79.82942981329222,302.4480738144891
1350.308961693967,-1588.337542510921,68.88552936731058,336.64210226608645
1198.8150702105488,-2206.1048153895417,123.35891243555525,337.7276150199144
2309.393676913862,-2315.3701848957253,-0.525842754570025,296.5749638286288
1112.5730621282603,-1478.7243287007516,219.01361094086468,338.07382963942285
2096.338137819186,-2699.442924136406,241.0402500008649,333.6389955664789
2415.751466132467,-2972.2723987286204,168.2573991257577,327.12472387064196
2420.8214268303727,-1851.3462990046658,200.98394531211702,337.4359810373286
1907.587315029742,-1492.1010780661559,7.986765083433301,319.29624580667763
2516.1785398447873,-2389.211447250677,155.0129442813312,325.0366591810186
1945.2786722644346,-2300.19333179944,48.728954466716644,334.52655263095954
2876.6988988825065,-2622.7655063719108,105.34577007357531,314.28139691719895
2239.764151380239,-2807.278224090287,146.5066766609177,326.9351871929697
1916.908170759966,-2884.9141661967274,21.433092700746265,339.2205403294702
2581.696740176487,-2737.894649994409,169.75843729998124,330.90490475112534
1509.7713857590704,-2231.2330058697107,68.67810073143247,325.1178589411185
1529.9883858605995,-1194.2891312995353,166.80902008930727,328.8187283531922
1735.2220140449415,-2199.817360586179,87.62279240593054,299.58879336351947
1773.477091697237,-2974.667153913279,256.26953594368547,315.2419368919145
1145.08983332394,-1627.862713382553,236.28920665267762,304.76900658055706
2932.6720717929084,-2100.5275903304428,204.758001464007,296.82234674941
1731.227554573801,-1025.2979997434404,154.51469234908708,331.0775148817219
1729.5911341582232,-1563.6401752424426,33.20323238355743,339.6070432817626
1176.717335206059,-2250.6424825519903,132.68535981843362,318.42746491074445
2708.576969545469,-2303.0748853474875,214.17983637027572,302.9462506787918
2690.888663896514,-2521.298630606031,219.96574907991493,296.48766391834334
2217.928646722712,-2685.0108351036006,206.3717651057645,335.6242991076539
1290.7448284554746,-2104.113121152595,99.05646527575665,299.6223800452395
2863.463798681754,-2238.8071513522027,26.09213942490986,311.9233531481704
2933.4236107927945,-1698.3482323378414,113.32418225011727,335.52447136368187
2649.0434247179974,-2847.04902731079,89.72702111309867,300.6371115237591
1788.5851395939685,-2941.766624298342,19.098103457856865,334.78018880153866
1283.4711764959566,-1368.5216971069515,-6.2669421804610685,302.59362382982164
1900.56274613381,-1900.2874328217897,33.374028162818625,308.425816331559
1709.4798933395546,-1529.7789580656693,131.250835789994,339.4231073973975
1946.277788209253,-1387.1598457204727,194.65048763238374,298.06951737938067
1723.311872388668,-2258.17761416054,193.0515904051727,314.9007557307841
2794.189121186093,-2762.427481061996,142.80581108448786,328.63845776014796
2273.2590049370083,-2122.3435813944557,149.1354259363604,320.1653737230147
2259.0972690442486,-2066.561735441995,149.62376989059268,328.0248997438877
1624.371839478613,-1821.451973675182,226.38098602172784,317.2818586694569
2025.7414916077562,-1051.3147091426579,231.0717073495254,313.942839957408
2479.090713015038,-1290.132137356877,169.98678885574273,311.719036668489
2343.1460537216385,-1964.9269289287158,183.007321630977,321.43524730250033
2900.6531509424394,-1561.9034304587433,217.54944504843527,309.73948784459407
1587.9237286643342,-2397.394013348669,60.16141655468722,313.7241311835174
1017.7088070251094,-2711.6287286551797,245.97189555946204,305.9480975653822
1807.6956453519301,-1991.3149038772335,72.69100134999188,320.8335068773942
2910.8778669834455,-2558.713024636488,207.8593131095161,305.97224870353466
2742.605849425176,-2277.8557185104437,169.7845138256045,303.3067037256916
2876.7734650872826,-1642.026938785664,106.36477789957223,323.57538713871696
2071.377427537769,-1721.9262439097754,125.56443149042914,299.37496370575343
2675.2438545920095,-2279.483590647459,91.33344098056753,336.96601035300654
2732.916741263505,-1840.29685674834,37.51317648518286,296.0801805996249
1404.7603178636073,-2073.3047614768057,121.77523362393481,323.91824654382714
1683.1000380298037,-2783.207110404816,247.6388296957822,336.18523980552146
1938.6583905981502,-2578.124034644821,160.0478393271872,328.4815594122592
2442.887672169601,-2408.111861752823,42.97592263041946,321.6025011179423
1417.5112919259955,-1786.1176005283035,178.09881800975995,304.24159811593745
1176.761831093676,-1314.004341164836,226.08426610660243,300.1256303368062
2653.5623984781173,-1571.8756591497206,166.5287694092776,297.98701177419485
1899.168162735844,-2050.8279650908403,115.93692297392542,334.98974071651935
1803.885818390253,-2591.082410062159,186.72190890493124,338.5626592320349
2838.87185112767,-1211.675664956786,-13.169487346757482,300.29281287698643
2785.693650791626,-1814.0929354440025,123.46355713790038,333.6940913147981
1870.932919050258,-2266.581065378876,62.11778908075618,315.0901196514487
2971.1859351308613,-1282.4802028303702,191.27060070107066,305.7125096752953
1253.8261058136895,-1489.172897112754,215.97771338170384,306.2902777471172
1165.577211833636,-2233.0363022306187,112.94164643821608,321.69146807548225
2496.5316479085677,-1679.8005322506406,51.059854598112,297.41286433794534
2373.7130704277133,-1092.9894550320428,132.69772164377036,324.3724218149191
2890.550059693601,-1820.1401305150705,228.36407559194006,299.6953706025206
1322.9986143824897,-1476.1484878946533,88.49830688997264,295.75792342313326
2672.79419474124,-1141.5267669723949,215.05705022809354,338.1148947029667
2358.1942946258323,-2093.252550815244,140.37322031679795,307.33001194013747
2662.1647561165273,-1405.0731533576934,17.530567139837338,321.7056677706925
2089.12515795302,-1512.7962347055955,136.2251247767205,317.57099366901343
2668.5264636651664,-1277.876083878604,254.78320923480652,313.09301743342877
2334.5160765599417,-1892.1197529994329,242.48573744711535,314.0484946926523
1115.46523848279,-2411.2847470243764,222.61075144085837,296.1595702285452
1885.6959705584975,-1964.054494454167,109.53574944380365,335.3341304615969
1956.2485851637712,-1929.4032661293138,35.793004694654776,326.55036155230107
1295.2331758058272,-2008.1857450105126,55.320030357301846,313.46487175098946
2962.547056690174,-2957.9210508837423,186.60955436467114,318.8342104810512
2734.546697472616,-1955.965328571054,7.4182137692784735,317.3714872732508
2820.768377460773,-2647.285598830143,21.25304287023389,328.79838894641074
1455.0334675001527,-2206.21931182477,253.24161487171813,335.88380692279435
1376.3979098921752,-1518.1722769839216,22.81518354563199,315.8313339939599
2742.7414731521817,-2341.9666420218173,54.57463167889246,296.80658148116447
1018.3113746544727,-1945.7585591484153,127.1037087212508,310.4564078476362
1145.11752803788,-1431.1424540672288,176.41457272283358,312.9639983511845
2597.3515347937123,-2392.4054588753525,-11.568685076767094,306.53837410942987
1193.3485655952963,-2989.981215076916,72.1357530939197,318.1814214759
1608.0705165544923,-1585.4331536080692,257.87078478711663,335.0395914726928
2322.7704252368953,-2030.092362282803,76.74909027423101,331.71606922069924
1350.1366363016039,-2866.7181521184775,103.36676869291448,306.9393778666555
2158.034653774669,-2505.737742921594,165.14342777768746,328.19386765333445
2739.3972060480683,-1885.6084014859002,133.77538256154736,300.73251119339227
1174.5947740728182,-2809.5622706881536,244.15740722322113,332.4197711570357
1638.440570262466,-2680.8716935145226,18.0183697220341,312.04710365811763
2141.3784465905183,-1015.0640988821931,125.64047683702671,297.5747255840957
2703.493992676419,-2080.9933785754106,97.50165596925159,338.7054528053611
2516.7671555695406,-1448.6382941762292,16.475327878729978,322.4027400718023
2024.2941092243602,-2401.684987883842,192.9874908770926,312.66090925607693
1323.2161051599926,-1926.1315818766577,160.71942480022344,295.11994949879727
1292.217084481009,-2658.707301148999,36.86209629344623,329.18788033553216
1935.9062927952123,-1372.6105768219052,211.50135777046953,326.7121765377334
1503.1803125661845,-2247.0224685178396,126.30995993461653,322.3341168780929
2564.7685834072595,-1810.5704057447192,119.8013964660934,326.19264591085437
2258.5358159130865,-2281.1613465667865,210.68099611241885,327.1259987089159
2253.4344086840983,-1162.3018926725995,187.5719087029626,315.16161742121847
1493.0413069086849,-2448.489362090976,248.12297848030914,330.7564311003209
1145.8933617921205,-1536.3640478346433,9.311899224609451,297.6891686811333
1616.1210120777337,-1345.3820924116615,246.70489474011714,336.5927873990587
2376.6180192992297,-1797.0081466522772,244.61990590160764,308.8847452461398
2968.8509255934023,-1306.8588158267496,59.55346211076345,331.11456600027543
1500.5577471182269,-2105.162497290884,46.77442043172706,300.5456090439599
2607.2644733327415,-2658.5097575407453,243.4049270134418,319.1729008206956
1156.7175407967327,-1046.032770656098,55.841430001925985,334.6349596457008
2837.6696473057827,-1606.3981022417247,103.67261030627168,332.36776161355226
2545.0598476431655,-1848.5572263207162,180.67364492742158,306.2496045329822
1763.8500391894904,-1774.7389668665548,137.6450362128562,320.3420494445942
1356.4999848570353,-1499.1735810487526,94.1106279904589,296.7906245727038
2663.3439885185066,-2399.906375225698,14.368334237671313,335.6191236971435
1620.3322505649849,-1146.2325975026831,227.28769833410456,304.2355973916028
1740.8381344501013,-2971.077538111237,5.062479039827981,305.50210686855297
2564.435736045639,-2768.424093824611,65.62181548762425,327.7281685882666
2957.1167699380153,-2249.414381074004,239.34056390788584,339.3502638851443
1540.609202330203,-1300.6767526116366,188.8667412841625,304.0302242845255
1980.8687140238526,-2392.8044205773244,22.25981580032797,335.5953254471406
2793.9375475534634,-1601.3308155373877,146.39147336579052,304.6366058552362
2143.980068798798,-2413.3886048106738,16.654631728295193,312.16884042342303
1119.3133479709822,-2450.857661008927,-9.453498156138188,323.20575519448505
1896.4199164710665,-2944.3589921199123,53.65382025151331,299.23557262963624
1493.2998442725275,-1826.572688904594,13.89467096788141,314.21680555197725
2469.4239565960743,-2204.841074204121,-11.612610233910962,318.4988390397282
2844.6904556115687,-2074.8506474690416,131.35532311815976,337.21864192092005
1878.7356359465816,-1650.6866576431567,247.86040392189966,331.42153741990523
1925.9187454433475,-2541.0638563846583,114.3677737691552,312.49426763757737
1798.9224948907595,-2345.8827307619117,57.11795285070241,307.59653152819783
1473.1819570102634,-2711.688388339087,254.70728281960595,322.05315814600385
1797.524962994989,-1300.052765145095,85.99062819322681,339.0238836920175
1007.4084629509399,-2133.7841094811174,101.43382379281694,320.0379772874216
1685.4309234480809,-2212.756438869489,7.592693836054504,313.820026378071
1897.88358559529,-1927.936636527727,30.474891422700736,333.21957290702926
2120.988404779402,-2474.3016631593305,112.12685266401685,336.60869328421234
2019.786438829538,-1720.0592142401113,168.1494386055556,331.419390024468
1513.3318834170582,-1082.1279567379595,207.58835578118897,337.6576546071135
2919.1313306146585,-2315.172861418817,243.93229135081992,317.9581934363402
1285.4403474186638,-2861.4822563085822,203.8682064287457,333.1091986113805
1361.872531589669,-2523.5509903873617,4.9964312425828865,295.9950492783192
2711.8177649380905,-1793.9607873497189,122.10590599851358,298.486445983938
1988.8579486162494,-2711.4693762932475,193.38360408579717,298.27154084138493
1329.690736008387,-1400.5035024375377,168.0923414140429,333.00428224890834
1830.9630352848617,-2068.6273123265346,103.02968054167539,319.0551061581985
2983.4415303447768,-2219.1476748526043,-9.64159996106661,325.54157763149783
2752.57156557033,-1131.7385357567982,20.035109878092385,301.16211196610953
1876.26326301203,-2350.826557512915,207.2226431896961,305.87302117558437
1432.9044162928458,-1026.073782670166,39.44316861308647,304.8832767405405
1485.06332975267,-2347.2112573852055,206.9263377307389,303.99498964949674
2890.6042175071816,-1959.6855809282254,140.5883947893595,316.6749853245341
2498.4205919459805,-2960.220018818487,83.38227661337163,334.6541794510325
1754.1989316354857,-2534.9699434086806,179.95017748806748,302.18104452273997
1255.5963491588316,-2441.4420657393375,32.753468515594946,316.3796743256182
2763.302350053754,-1942.0984950013917,121.44950261627861,331.1690430603293
1041.9633015580337,-2935.8930008236935,-8.453388514492774,320.18498891561774
2831.998584743221,-1438.429538658399,78.86987784528402,299.9991251572322
2963.4976567033045,-1403.6930372212717,172.96833377098494,310.65256695640426
1047.7305555066614,-2641.879973611536,49.967317728586806,313.1274323179927
2349.4217247827273,-1373.7185344323727,173.02619683166904,336.4290787838454
1421.1911026982352,-1211.1977082224041,206.33517353330697,313.0925611724693
1834.1437517860122,-2145.0872209644444,60.130475434823424,315.99545278652346
2885.4060629920323,-2579.0083138627356,-9.279374478931647,318.92528656426134
1282.6880445563136,-1258.8014910065842,44.04591063066752,302.37786206526187
1746.720201623923,-2790.4350288398387,253.5911981236623,335.9293841353315
1538.1247209421817,-2789.590846465386,58.097396484019725,322.8613053915239
1653.064084877278,-1966.3288914804011,-3.4816886777976244,296.90267330389054
1840.7963858262594,-2992.48366632218,109.77354578476766,307.1944487902441
2969.6070239572746,-2520.109120215965,226.8412540627265,310.8345623509636
2681.4865345291414,-2231.9058272619964,11.469120148790559,327.3927614240937
2076.017777786019,-1157.9196464285335,236.1009112841936,306.966522464937
1931.7031031913523,-2764.212037409119,101.491255241323,305.0253641463357
2449.612010121429,-2718.442708175219,226.95049695152926,297.0036252842236
2830.2442045228017,-1083.1780377194998,60.76550186791914,302.2546102634332
1383.340160427473,-2478.165899411588,26.067210206326436,295.29012255828
2658.0285640640923,-2830.4464988618215,96.26278941909939,315.5299874876145
1046.68632099691,-1587.9700137917582,202.90094739460974,318.46175759197314
2054.6804403338883,-1870.088885578684,96.62868704123646,332.20295724827605
2170.7975579950726,-1091.7102033045437,18.38774496759347,302.50762204011374
2339.362115360319,-2516.514136291105,222.67943305174055,339.61306688128775
2985.9323845097124,-1359.1434102547453,244.2040104643355,305.3636461866862
1268.3583974006547,-2410.08957702123,189.14714433825478,339.97946650872757
1980.1855774246749,-1178.6029187307731,170.62814350655324,321.3738680835278
1136.997481461145,-1970.2212083142254,198.67949085970054,308.9039673629402
2177.5266543268626,-2475.2227292720877,189.88508258250928,320.8306122746178
1453.509800257208,-1703.2217772312872,172.94393720682908,297.38806030939645
2072.55185141674,-1548.1891771011658,26.079799643816656,326.4246823931771
2065.713869508468,-1502.9183418022717,-11.86786302209848,303.7516598075358
1164.1418440833522,-1988.141271506945,53.35373060743929,320.0455566191425
2520.433613449033,-2870.5676435880764,138.87074988641163,309.4782617336021
2836.393546139722,-1698.0909299009315,23.211785277948756,314.55140688034237
2926.6502883148914,-1719.5745956023345,14.994930830377484,306.676347001208
1853.2569265698694,-2515.1111646111854,86.64511684752024,302.88024359240944
2119.983918027332,-1417.0391455421536,-5.929166557608507,338.16673635669497
1769.556935688905,-2915.676210226246,150.02464464230283,305.12150320116
1970.3487012396192,-1058.564583169901,222.7125026208352,319.88566046413916
2590.5082248612025,-1463.5738707973524,6.289678151168133,320.96068573851005
1856.7510268885858,-1054.9517968093123,218.08993494678316,306.37448421870727
1249.8333645737066,-2838.6522976340175,33.344823835085,339.71931421284046
2457.267471312992,-2520.1960022784633,80.606930384861,316.2051852639195
1077.026381797306,-1328.8337760207296,67.93922183715499,338.27614427093516
1456.1654592433115,-1832.0857246602209,224.80765801945,333.68452979282813
1155.962467014325,-1480.2727951637783,-11.206596072816152,322.25189689210873
2546.7488419375422,-2504.0575790107205,20.456710985817317,317.70479369593977
1213.227155991546,-1634.3410159801872,235.62716817023508,310.97148723342934
2317.5672807762467,-2785.123181504341,60.15545793216455,313.3174448361089
1724.9405170180482,-1622.8922670319587,168.52962051065163,329.48303074395267
2586.2204984473765,-2719.2147923980124,94.06830944308402,306.5883609515881
2732.759597095059,-1562.5839228594639,85.52431683152915,305.99326332088276
2165.1256597134234,-2632.6049035140777,248.69859139698042,313.5623451108208
1076.209917822395,-1363.2825582820253,203.92458519494696,325.8910938713889
2433.1655346432126,-2797.1333003744744,136.63114922129145,325.04457266335083
2142.4326965437167,-1976.0343733885104,228.56516516145118,300.189996762834
2885.2191848246425,-1344.1857104630215,138.98439016358088,315.3704800349568
2925.7078490018866,-2084.2037612300082,155.53854873173177,307.2466537067721
2578.4070392503963,-2954.57024132863,221.32366335232666,300.918961657284
1009.4731169842274,-1889.7954714620482,224.0172604902273,326.9536526056571
1325.8057968824592,-2013.328511134269,77.21116975073163,331.80165045267563
1534.079808371521,-2133.5282996955243,256.0271364397693,334.89340954306704
1200.0892355293051,-1453.1139038208908,58.02381231341354,304.515396524362
1937.2848941521256,-2142.9320057882182,233.26564393338973,332.89381397754863
2483.535107306338,-2184.217460958758,40.399339674843986,330.3471872746172
1431.8692501023677,-1438.7311070615833,14.604667544432452,325.74258503206534
2028.4982711795565,-1868.0142507715627,189.83635356276275,300.1513615856868
2507.383789228473,-2430.1591357563584,1.3564509870322183,339.69949284860553
1912.1766297141594,-1022.4742625904269,49.29976202641339,338.1297887688728
2056.3143831736525,-1330.6052567497043,30.561085333213946,303.4368238947128
1741.1760604873757,-2335.4462756678668,203.57480993196214,338.3514506333069
1162.555024525741,-1224.255558652314,78.75563256329136,320.26025062443966
2045.5106677566637,-1271.7092746696908,5.26940251886824,337.74609482647696
1848.0089163673338,-2623.6554231954774,131.16224997615052,321.3448924456983
2400.204855447606,-2075.743246987268,27.203164785269728,302.7620233231728
1830.1688008807687,-2071.1695841394862,248.94570332108833,336.79193951665985
1575.8420440958084,-1812.5493873447854,210.9336650084725,331.660622388375
2786.5122601139783,-2424.066736515429,-3.1254036730069004,295.84050247473556
1730.3686985805853,-1600.2026545274596,198.53719723946028,339.22405503805317
2062.8209748340078,-2982.455532827933,-6.434801208271754,302.71567331961177
1894.4623430652132,-1473.1626848222609,39.52041771013452,319.21112320007865
2313.8715783159896,-2494.2991166517345,143.5635066768771,321.62301171683146
1619.6197570351374,-2733.4078708114957,64.52136282797095,319.73377813294036
1493.7839097419044,-2047.6085231928892,241.65466580817747,325.84647402916585
2059.618748349715,-1804.3213428792797,-1.3712770924292546,328.799432417979
1777.6789664891605,-1364.000569499594,102.83877464296987,332.47375877009097
2729.050984533457,-2084.8578215213533,165.22504434453404,334.7867394108104
1121.6133843295672,-1130.9910366471584,-3.8255925658248184,298.84096757096825
2608.3727582546426,-1265.9254211006548,73.5958746236185,323.54250310497605
1032.5473215592326,-2916.8286033396266,150.03605280262468,324.79024280258665
1470.721282826674,-2641.2181809126605,119.5428089971634,299.9222642845844
1260.3390030706526,-1403.0170632518946,103.53459528671252,335.5661755362104
1749.4922394098403,-1516.161223967129,123.28528741925052,334.7258589372846
2444.9237556148323,-2951.8976077510833,209.8517595683494,307.46926785477837
1726.617587093478,-2340.330693502431,11.199637893861432,319.52041996101394
1000.9141648567859,-2953.5947135575943,259.2165009856475,301.9423778414561
1751.0348139686862,-1286.8839093449865,181.80385480999436,318.35583271743315
2832.053464440592,-2971.437312279166,25.950736212642987,333.865895419446
2864.979311116833,-2680.3925596942204,90.71083078282236,295.96631998728293
2683.4559702341885,-2737.66608512752,113.92601912666154,333.5758535504308
2256.7563837838516,-2896.3290562613993,164.4096688717855,305.50532696877383
2357.989509346442,-2840.8204074900887,22.020894467075003,339.05529484140004
1151.9701848387867,-2775.7152482336346,232.3384238444738,334.4407663095527
1096.0971473932177,-1310.114228167653,131.41438393228015,310.90629074035274
2245.805365416849,-2360.4992598821163,174.01812830298675,296.87909943742187
2071.7068149250235,-2585.291389060945,249.91497129257192,312.902923585354
1451.8627107720602,-2894.637544047169,171.89926718068628,305.77878054402385
2260.4070101515567,-2580.7046045223,50.496546904683186,318.1943426498246
1496.569908359475,-1837.287359577764,77.64146074306353,327.8395894509923
2564.6265128319046,-1389.333634139222,250.08583317553263,296.3926468492048
1435.2934485026865,-2964.3801394954403,89.94777745063172,319.606945150364
1890.8076582613135,-2682.248262272718,232.81232079338426,312.9456401751678
1882.6577605695238,-1480.3888372956135,64.63435402445491,319.2534117568101
2864.5363272289974,-2665.3966171336506,247.16175417148548,323.96506032484433
1254.3954803357897,-2843.1954313568995,98.86509206963663,328.1984236164692
1999.7788461362445,-2788.833793046668,69.73561592194673,339.1051796719894
1827.54859617533,-1778.886370954911,156.2520554239834,317.1272682649446
2523.6446575514647,-2323.5440521946366,120.63503906721357,318.39681798149667
1039.4608035211977,-1014.8964529217676,178.80299020714244,311.64578558897796
1714.1407363637932,-2027.3982060206097,209.99341236947316,336.1529662603452
2922.5670580663154,-1709.3297341554066,243.09208883353745,336.45567711759963
1265.5065710181539,-2788.899419360813,170.78179573268417,302.0330611787923
1439.8430981551776,-1415.5820703847696,112.55553250204355,305.7720084595979
2110.304816186872,-2668.1668859529623,221.376996130833,318.7659741511468
1112.9693805081038,-2324.317116899453,235.48757518529632,300.82360226349783
2506.7183423386477,-2242.82537018549,-4.454695329023689,335.27640169434
1758.9180155889348,-2270.4322391380397,195.06973626006268,304.2099408110317
1666.250915991876,-1428.6390100290087,64.13625391356392,323.257528540225
2877.187670175542,-1826.98708838275,184.62118873173432,338.1542143382951
2594.116688950288,-1086.399220575901,236.82429231054385,324.84793024378126
2304.818259283999,-1006.5696487296482,139.48474140610404,333.97839305638126
1758.522670677266,-1579.3858438101136,230.47800932541324,314.0195879842019
2897.2113951826977,-2214.311622659884,34.1866358777238,306.9287524454149
2824.3711981117995,-1585.108612476621,21.47897992249758,319.8476344811897
2891.198694511943,-1252.5879610997538,256.6559357180507,300.55035656134635
1753.6954321226467,-2974.4085128077186,214.77840095459646,325.62925997564224
1844.0177882672212,-1790.8962825210535,183.41455923761802,305.03646312411587
1245.1768005890071,-2766.471627697707,113.97806899646193,304.95071349607394
1167.9411286076233,-2340.882714374588,83.27867043045352,325.5371615652499
1887.146243907317,-1805.784707839276,235.3728518197333,309.08611642901707
1664.3312766786376,-1709.0208783165035,138.03143452197676,304.1611690365436
2284.4371774550746,-1998.546621434,156.04987502600653,306.59899099408074
2470.3572683295997,-2321.872864354999,68.86349090169404,297.37902225079574
2119.911916867644,-2167.498138616059,221.23228365749966,337.17830618409255
2507.7888915141857,-1905.5527449924712,239.513562245996,318.910542569913
1095.6094163044881,-1376.1135376082466,44.41767570670129,315.9415661302093
2283.039792839724,-2723.2137516779076,183.14207626730573,335.9710533352174
1630.5465460997148,-1775.5783592224502,62.57145751216936,334.11295162334113
2163.9533987262794,-1124.2509568272371,57.004970768810296,296.1280858500174
1318.1344974287879,-1948.4639586325684,10.537631333817444,318.74861180190584
1149.6540524819416,-1634.060372795592,134.58903073909917,317.7732384031411
2669.7114641568105,-1066.4436127668234,240.109432756699,295.156715387966
2168.5560774657706,-1746.3822371233664,221.7658715215591,301.39500382922415
1915.892879690187,-2112.4126233904462,18.433364914930017,337.9677340963498
2364.6157787454804,-1165.9245427282838,134.55061302529344,326.04707249708235
2138.22246635977,-1241.788012037618,256.80139733077954,339.7542415425518
1761.5196677905906,-1166.8661598574606,52.98517571094884,308.96615141040166
2123.2608004410004,-1998.7624038610718,219.42494428825458,330.58351152478025
1440.3204686953786,-1414.1376340424938,50.89661425566419,300.54040508681385
1875.9514747228886,-2947.2131265776275,198.09667416168688,325.3929997569169
2870.862425675781,-2262.93769085558,124.3462755493282,336.56132534790333
2388.1463628108086,-2701.8968708375005,-4.089429196408727,302.38553397239536
2087.584284577041,-1651.534416829896,145.19944033506155,326.1275657715883
2031.3714767571043,-1699.2332544918706,243.6474959856538,328.35850065453013
2698.8437288793198,-1779.6331204587677,162.2456652020325,321.19765262630546
2707.5300340625954,-1452.419072873632,162.97121863320967,318.03090684193785
2157.1386540253607,-1864.2577875202642,4.6120017633555435,302.84675098617214
1995.145002573779,-2184.295146588246,104.0682867422074,315.54635506354015
1101.4088309581803,-1624.7079508467623,220.87413584431707,309.48253898591906
2140.50665755321,-2327.7487015625006,107.2590059073554,336.7733219352009
1137.2287104998736,-2970.9064051490595,214.18943246107096,317.92258393097086
2547.9973920773486,-2656.3709323508638,23.97379274860082,309.4778513682045
2872.3469893592983,-1292.2523367937256,192.3892801336972,326.11366393590134
2009.1709245355546,-2752.304353141477,233.18293107082803,316.7623329845491
2894.4127498478256,-2423.491991439592,166.42831957961363,324.79167099436677
1233.900019113031,-2644.5295608884526,86.16218231478902,319.8768865523218
1594.849696439703,-2847.337314513308,178.49849349285006,323.375903202338
2314.2718971266722,-1095.4469813290686,147.30187632730787,311.73023036506726
2742.6407195690977,-1020.6322128345287,178.89846657997737,326.89764434182587
2565.2794034246226,-1084.8024826649541,45.514960343001,325.6731478759663
2416.612473832136,-2333.1632355039987,241.79547309886624,298.0992817595751
2896.282887995765,-2406.8400382005243,19.03965805422323,321.2917150204545
1378.9543473510826,-1021.6351037532547,171.80642621709723,311.7982070502702
1016.5392136969032,-1865.5024378646476,157.0755005086124,300.5584902363266
2748.8130224977886,-1713.6775690510135,61.61531754580781,297.74098237710734
1928.1827397803015,-2901.6961715661837,161.82609356590729,313.22493804664765
2739.628272858583,-2388.0872877099737,192.91728215518538,306.7124330060897
1156.6535907489213,-2750.075284650496,6.8758348581757645,329.87577298827114
2349.882157182041,-1643.4245283896119,91.8514492801659,338.3729899251518
2966.8663264615916,-2199.4108206894157,156.23823814961517,312.7373083564518
1558.865321027543,-2715.129924396801,238.83247864552848,325.508447024556
2152.0121152441525,-1207.8940989049704,196.67621616392245,298.9695326321
1969.496790034128,-2803.945059948614,55.411599062140354,310.1468708527739
1962.2940858958957,-1503.1186856160678,56.43348495292551,314.99970134428344
1451.646070299134,-2081.191133818692,179.7074203295064,307.9502588310204
2202.4353504532182,-1879.5389949484527,254.6524978301377,314.23192864386766
2155.464192094375,-1611.16573102239,216.5732550013417,333.24332939788286
1041.4846780897587,-2223.1264134810667,3.047363374990635,338.54072347454445
1271.329708339444,-1447.449868722037,54.46739142498714,301.45649295981246
2734.7324956949033,-2942.84083151901,163.8786536160729,295.17157686950014
1270.6749476214661,-2825.4534726332236,117.26651914641238,305.27581949809655
1686.7997774696912,-2726.1596749267055,201.20661321253303,332.5973661882821
1620.8358461652965,-1650.6922977750808,180.15725962911364,306.618015705872
2760.0935879944573,-2983.947305673782,16.36539898155038,298.7183160016576
2000.622771024995,-1528.6389623772163,37.26640134501975,317.5014566388078
2267.1867966851214,-2900.468625091427,103.50048801799197,300.20474543728807
1653.3210944520679,-2345.476949655488,18.491731683259196,326.18517214999264
2513.768184605484,-2041.334380103759,109.04617707430475,312.04545091373524
1334.9098786358975,-1802.2243897587357,14.806260460122676,300.4545211981341
2755.6029372054354,-1617.2290818936715,166.40197600510768,316.2257752037262
1330.7119785976786,-2047.3678789927,-8.206729914623281,317.8643970009786
2361.528629735753,-2887.863538320171,209.17077879181664,321.06643502961873
2161.4476496159505,-2129.1451331160115,26.49570429346271,318.3765078616147
1210.6701994375298,-1545.0545052470839,136.6763309441065,334.03249922598974
1946.3482525851468,-2109.381928922413,108.30501047505811,300.27433080458627
1793.2857115208944,-1356.0657650685425,158.39600310451328,296.24904682364456
2206.7596656004343,-2655.125681569209,76.13393737959527,325.93574596225244
2695.4421584682823,-2923.426487602826,56.90808059530059,298.44942745827177
2270.157788987087,-1855.0617029089622,68.19591569916636,329.4034516926756
2443.556720903781,-2423.019458906225,119.52273908639293,334.9315262459754
2258.6453470524643,-2160.4707899897994,243.57190203354452,338.4401385601578
1108.3997441284569,-2857.3155961792972,131.19737559601165,333.86503719001826
1564.518626282872,-2967.4716951979854,12.954733722792916,313.6819571199306
2387.7171887380828,-2890.7376212829186,72.22968633368637,305.21047652784057
1171.9048623867227,-2820.6400266528276,133.286231008851,334.9905778957311
2036.4839833587534,-2967.407572584896,179.08082966000228,295.0215003093634
2401.3649664009613,-2257.2985948644628,12.307587446535738,300.20776529659065
1463.5672425430885,-2437.1804495955284,222.67145766075475,300.2063327793396
1547.330456763731,-1002.1609199201721,129.50114232409837,312.84709195089187
2885.6414157441486,-1783.578167165402,178.51998981326884,319.93618722118293
1200.934451944687,-1303.9593134489958,226.50202343672774,338.2555151184562
2669.694851552763,-2306.5772032381465,60.55286129560278,319.4874162899983
2052.660739793957,-2937.8623372325974,251.2752610545786,322.6155927944408
2172.6377769821893,-1036.4243828222936,-3.6260826013478216,331.5445017771196
1069.5079899750572,-1989.3893893743752,124.77738166051117,320.59748072635716
1093.7822212209987,-2044.4251584008498,31.19933919534291,326.7934009686742
1533.2536309867933,-2787.1206121819505,185.49468765982985,324.66123252194797
1853.2951426673903,-1330.9392930603083,244.62657832902454,322.3178434476589
1852.9183635813952,-1887.7248817833124,232.29269273195277,327.8339549661162
2303.1812505086987,-1055.5990876179624,171.76922104897173,307.57994715993215
2936.7022973559915,-2805.9226057587366,42.898913521748476,305.7168451026213
2183.039997512511,-1541.8151645194978,137.3168413542388,318.31042061936915
2675.899733771,-2260.017656125756,186.6850589703847,301.36652506300027
2034.7549159382454,-2985.153354716871,180.28810663071738,305.3732985588446
2710.205574229933,-1665.4038142035267,230.56365300502642,296.8135504135926
1422.2491202671258,-2445.6434441273914,-11.683167446837409,320.6010721730568
1516.3715502416771,-2232.8420537006446,237.09995423304233,305.1624267448596
2722.175237193514,-2395.363602501079,67.13376616088952,329.5328800737508
1626.2832635734394,-2983.9728651517676,74.25081423926859,306.44634923621476
1816.5322224935144,-1601.3632255508205,15.778946013041157,337.10301278157255
2919.224389935115,-1974.8864634549602,259.37989925401837,324.39600421810724
1797.3283776820479,-1019.9744599001774,127.77185531888134,296.0139267505908
1910.0510851156298,-1782.6216456243221,223.20978070418275,318.1101630542551
2480.203671043497,-1332.5181549442038,143.8092040627343,313.7591204952622
2746.5761692022334,-2487.6688857664667,216.95416779553938,297.78978314786747
2099.1461223886936,-2174.5450232280427,110.75821921470451,315.6174008899807
1610.1972958141237,-1743.4520437219974,203.58393002094516,300.31195640442553
2618.8947191802044,-1671.3185439894316,26.91474112977958,333.9801595544633
1445.943959159925,-2388.550924177303,89.0980595857451,313.02378783293943
2015.343117429412,-2254.079455244365,227.18015718977838,314.3895664691916
1618.812373341652,-2599.739894590517,175.744698268741,309.3204797581848
2205.5426661563956,-1032.1785386825716,173.79948046754666,336.2389515487608
2537.235011879161,-2891.036784837937,92.65377530083366,312.23329608376616
1692.6251090018245,-1417.407966780178,185.21380538788944,301.06294330348055
2294.8083715196785,-2659.598855047515,118.06162610519348,326.98834712554157
2223.8135408963035,-2148.862331789245,42.672925492116,332.9809211546847
2939.4372248778964,-2045.270522398224,90.3108918882277,331.45829502826945
2858.3509086178074,-2439.37334247092,124.15063175850841,311.8679261453823
1995.5642570048642,-2002.0235079146655,131.49619766680544,326.54241672496164
1487.5507827339547,-1868.600663416707,36.89068659096801,338.4444780692519
2780.1304221305827,-1441.7582669311605,5.889142500010678,298.6284468859058
1229.0791827537782,-2796.817851219038,176.81426265183106,323.6604805361089
2525.1413796959705,-1814.2880995205128,61.70807782902948,312.9009569209053
2376.088030403892,-1358.3948151362943,50.823711809431956,339.17117717176984
1015.8132142606005,-2885.2461204439837,90.32018951476994,321.9813360036957
2090.0405583495913,-2988.155369072708,73.25373799300813,314.37100825770676
2686.1329209908577,-2858.2158496534994,231.52753842835068,313.42290723925794
2383.2453031754767,-1380.0223451373574,221.18655867769598,298.8623577696187
2930.8815873864805,-1579.4795576224603,154.18640523511493,326.2788428188158
2180.520098091723,-2802.2671304069977,19.362296543240028,324.80081280804137
2974.822374309364,-1923.9460471365412,63.99732035868445,318.8751410708114
1691.803187601724,-1479.0510601794945,98.5551141852632,333.64233515227903
2507.767057528998,-2075.0679161128487,175.18125443168938,310.1491640738239
2682.0874489816597,-1190.7375040631175,164.93331068492336,333.7196113604235
1576.242478350398,-2638.650746326891,241.2839326110003,297.62746815482177
1134.9408050983423,-2637.9181911176634,12.391536343599174,325.4041216054379
2312.8212561676364,-1651.540925250675,8.512449969159402,299.1117817652538
2947.608260789286,-2972.9477438283443,-1.929565285901628,323.1228397279657
2050.796262805712,-2311.1715768603235,184.16255650083144,320.3109677451419
2642.544500323792,-2823.0526763724874,14.763882428547486,306.63442294139423
2276.677481979774,-1391.9864711107375,59.14642921179201,319.50648911609005
1539.418031706491,-1875.5241834515166,47.07370878146557,308.14499236427594
2049.2616197720017,-2618.720385410796,249.16439289737139,325.0926527505142
1496.804290727899,-2503.772098305105,18.08491190086763,320.0290762437539
2985.236266639885,-2163.6811001546166,119.18688215636814,302.1550164501294
2696.6707212671986,-2993.7594692270454,29.808761822576166,322.10605369084846
2236.3376543497607,-1859.8508903513796,172.51040096263407,324.1957775117093
2835.875502393188,-1767.0575658502007,161.46857711950506,307.3234426104218
1387.3394076273685,-1893.2965499363881,94.57840496000112,338.6697361665036
2257.880958071898,-2396.451211273759,98.05011735154356,313.69470698354917
2343.2814337976515,-1255.8674029599915,233.9539116802349,315.6815686430538
2939.3582135136076,-2096.8812675448635,59.65097748895488,309.25154340077637
2063.360770260347,-2036.4237315749706,93.11187904324822,337.49859424975244
2416.9324319962197,-1948.686830764694,248.2295191189022,303.8734503216738
2539.8029927246344,-1718.2572945470856,32.783140549568415,330.65095302044176
1737.4921946459276,-1434.8809577242228,23.490157728400177,313.2150091032716
2840.3957447176767,-1032.9233138074405,134.79439702786698,312.0775894614103
2167.848152858166,-1322.9684864062965,219.37387510737204,326.2176073864141
1687.1894166806198,-1461.2564096515705,30.648852510247274,309.3242469161948
1163.479039725311,-1490.951867571013,14.467407908440986,323.9342930735438
1980.795446528913,-1456.9527384231938,88.58887631169408,328.14521827792373
1535.8040081764927,-1418.28426299429,47.844354471574306,307.804371892581
2546.490032543983,-1412.7960294360782,23.25435605947851,309.1526360426747
1461.317366581307,-2318.1096692454043,214.25690753359004,297.3650671285233
2073.950218109587,-1484.8615050095075,29.746952453144154,322.0558625157847
1889.0515061328135,-1921.2582361124798,13.242722320950282,299.963263528526
1567.5743426164004,-2108.9937944609633,224.47626905691783,299.78179875022886
1044.5439101162203,-2210.55264463117,173.11570946184372,319.2744061772306
2828.9527183954233,-1810.7436737029598,229.27981695816,300.1837244252208
2031.0785074894545,-2818.455732421813,232.44680217092315,321.7613492234824
1858.1147279765405,-1351.576059363986,23.672803589160615,324.3288197082115
1404.246901630786,-1357.4510502975525,44.447091937622666,317.84929238452725
1374.4659890486414,-1656.452077872089,196.65229461369407,308.2752375398885
2779.849953616597,-2512.1771061945387,142.25113513605154,301.85225016902905
2884.793574086987,-2485.6612730943375,24.898815772345486,317.78250410191015
2019.6303463221643,-1998.663605935791,174.7501517460507,327.79927560679334
2064.88650510817,-2822.7430205163423,182.9817901327712,316.88944263015117
2154.689777603703,-2708.61337480406,90.67887604259738,330.3901367370077
2210.46775374715,-2187.925753161897,173.19539874625346,308.5099974405203
1048.485629031494,-1305.517191444037,92.27166666387656,311.0047249990029
1765.9337941174651,-2035.2404415232102,142.7492906494857,302.0881051181752
2533.2706790698257,-2177.837232611934,18.08389306102807,329.8661065177244
2174.3111155037623,-1985.1245674507413,210.85821342629526,303.55267816930336
1556.7118342997223,-2630.314681099037,26.657961249389977,337.9003834161114
1664.6766706149697,-2635.123860617247,194.7547364291091,338.0442149370124
1481.9703354853232,-2252.5156210175373,247.9905545471156,317.30448808264384
2993.2480622337252,-1009.548928917606,-7.806300880017681,302.8315056281689
1972.5298183724553,-1654.8255654904362,194.65759204581437,297.4382190563632
1075.960090382184,-1529.8762194817255,152.17453648859677,308.3954715040756
1555.323176560533,-1140.561534273156,5.451945564816544,333.809352577906
2248.1589931049475,-2819.0570299803844,58.48358862280644,326.15876265043505
2697.878704258469,-2031.077819342156,229.2069814039911,334.9659539072951
1647.5340791401711,-2031.2159763746722,230.5390132718541,325.3374810225622
2052.7990973024325,-1137.605884226578,92.5459843707025,310.1586080375476
2383.7497480322227,-1191.7009227131548,54.38307053968008,309.2560317662722
2628.896986889761,-1487.0204191653802,243.9978552712093,298.69870319239044
1334.0378494564134,-1531.4688823566712,36.68662444917422,339.2555809455963
2408.7591819036834,-2506.6965069266257,50.27251863276632,300.2222305013025
2091.3474297713883,-1612.9909087796725,233.9588659112976,312.2053699979671
1158.1574855102167,-2875.301680031817,154.723792309607,307.9845428452821
1661.3264479927045,-2247.534676640364,73.32692020691674,330.8817085742357
1187.9894023641978,-1329.265654574143,232.84320871731728,311.447327505983
2131.358670124243,-2884.1432087436115,95.49790909086465,306.1850349858267
1304.9578869328882,-1911.5957052675412,198.5280822719149,319.6703923244961
2968.1218702979086,-2036.335347147236,51.138643849855754,333.5400737861977
2226.4936501390052,-1269.298604983054,161.44540383553235,295.35289199219926
1338.475267180875,-2520.7187510272306,3.704296086989384,303.7595577404698
2636.711446129986,-1810.5773974003334,186.88897721932136,325.5112036539064
1098.7972534489277,-2106.9293884489925,150.05051097772997,301.4773710365665
2034.09643080629,-2906.5997219892606,239.02943196422967,297.10647081975236
1408.7239059011522,-1617.8495259563338,12.2009162584814,327.4817722385797
1033.7698121920007,-1212.7293975717478,224.72088136441155,320.8134459583255
2288.768368889677,-1952.9703442543223,89.2068914276805,311.70311207279747
1294.2476126058316,-2094.0976599663527,222.8842039573214,316.3698602091253
1274.2599021470926,-2159.0138183751296,90.11260806438109,312.36051943151466
2402.481894717287,-2624.5201238448426,161.66795359786275,303.8417960405584
2171.6029306659493,-2164.000634734488,35.92658209825263,322.2445532204296
1719.3421795597183,-2520.892584199703,231.22125648721962,296.0995726651265
1839.6384350837882,-2525.401083149496,158.49560042508242,338.99006884318493
1722.048159445117,-2160.3524016734236,11.253606614178793,329.1956168351013
1081.2373232626067,-1201.644659590167,167.45820117870022,336.4513446158414
2154.203092334939,-1062.9408363265645,-12.355952496963294,338.942572476132
2491.1090068033773,-2925.9314087812463,234.23623610697183,307.85754419627324
2317.047052456951,-2922.186402001234,39.31831567977596,339.47410404078914
2257.0630444448616,-1051.4727401910557,131.9022667476181,303.1178797009969
2525.735342405385,-2043.3661885410859,24.905834676104547,311.69951594420894
1539.0918499271083,-1595.59279209193,99.09385017908755,310.87129402900956
2857.1426706588513,-2815.8255773675,7.7580589490861485,314.3323963492503
2864.7116334183347,-1457.0556212885442,225.2467297998603,308.5683973376568
1586.5633648942232,-2215.4545728235976,84.29986579384348,339.56862283605733
2851.295068848999,-2885.2569704067787,124.40744424313007,324.16771715919356
1678.4299319414988,-2662.2345147443575,208.63791595762007,338.8671446060052
2032.056799318234,-2165.6273847319662,14.299429281447942,309.12003939153294
2063.6900368250635,-1991.2209148855236,89.4333384330948,295.8151535069697
2977.7309170676617,-2438.0732436060225,256.43460533988844,332.08500572464834
2981.13887564194,-1754.197142237956,216.8563240348769,308.42047878543633
1629.8988917146603,-1456.7178956270113,245.56662471376865,327.90979075592963
1383.9624641193832,-2602.9679386344533,170.68046559302806,319.9717383495356
2351.9949046956417,-2037.8472047032637,99.28202104447227,316.9243992782032
2473.81163954141,-2152.901872193148,210.10924599022172,314.74465291597664
1929.4693511508008,-2564.30749665135,173.36737270280156,305.9918841274861
2958.4628348464375,-1322.4166199151239,254.7032214421427,310.23467440014883
1639.7433282788033,-1367.2531779522687,63.62809153906274,313.0668563211745
1185.1077163452765,-1344.6587021135895,222.69652788678476,296.04070485774827
1220.3261807261458,-1301.304179054406,203.2999743860043,336.0882067643029
1158.1834631161882,-1381.0972706762152,165.98999580172074,303.13504950475345
1669.0998988492506,-1361.8660034805914,9.484322681562084,327.12583060058114
2490.9720901881615,-2790.74959311828,221.64305580542108,320.42826530064553
2740.096456775558,-2405.0273521136724,157.24523392776945,313.3287892486501
1357.666850937697,-1424.363247483903,-7.8410713069790114,327.1993796137775
2766.410444403041,-1507.2136868477535,129.33990204241863,305.58728673285947
2184.3481617630136,-1286.060046344023,201.87046030125455,296.0176022559097
2858.489718805548,-1022.6911441483815,153.90344228734352,336.99147309811445
2519.939557519887,-1077.8871883861677,124.97025110281547,334.8245943373617
1591.1118975622062,-1178.061912139785,236.08562957977085,322.9636387347484
1462.6038636543788,-2921.470446021165,32.38849228854416,297.1054146786375
2301.792607693358,-2310.8450200689467,180.51894699706594,318.3753808618874
2890.195382778451,-1850.3673956449547,213.82557172397247,332.3731765921745
1203.5711669715245,-2114.7930855641566,53.078417319497476,318.4991545227441
2490.298970930958,-2544.9214314066076,39.47920180973519,330.8990336791773
1660.5370052333697,-2235.4697965462715,-4.166646575581623,330.37187300603694
2843.739845927145,-1085.4162617627078,85.49180990217911,296.13384202835016
1324.5254283337733,-2006.990537855472,167.6144812957329,312.1028386094125
1388.5944979935857,-1855.4988332812804,165.16138059627258,325.6125710816249
1591.4636430572073,-2012.7855719272957,30.652067966174606,325.751601616857
1452.4844570307293,-1122.998546332786,8.277885504859235,323.79652639266465
1126.874795994288,-1513.571972760717,106.78124516408572,328.56023843364363
2117.663230630357,-2934.782583337782,236.7068424909618,304.74238346201025
1800.1953091586347,-1540.8019774914562,109.43182976025616,337.8558718433276
1947.684497963813,-1549.653263894546,53.1749607664315,339.6719503579295
2326.9477726448467,-1991.8281458345605,231.57368017105583,325.43688383412183
2012.6966882189279,-2914.6112280199995,89.87103866748528,309.8106317698493
1966.7594220009898,-2640.988099259613,243.8904272588427,310.8724550572546
2463.7287803622858,-1631.5636234083745,135.13601691749102,314.9842127011019
2741.6369442484024,-1029.9952842697153,177.65846283549462,313.55776123400153
1161.1557399499036,-2582.848527939139,144.09159300454488,298.25089526572646
2344.0408856891186,-1801.2022249240754,-7.8560311895396975,322.02548174407485
1326.0715882446543,-2382.082288136279,86.6598460585656,309.2212554450237
1416.471701792366,-1375.8083543414791,223.53155848804212,333.6605300192908
1215.7374184556672,-2083.9136441514656,232.7028470591451,320.8021574556939
2893.0744672964747,-1145.4846094917789,164.92787582727,328.13804684657
2214.3841103560653,-2222.456446936243,183.32106796605686,329.14583193190776
2268.460631539575,-2673.8569430385282,100.34801232876215,325.21787181860947
1257.3961693192268,-1731.692901702484,193.48799820712512,301.20223456699966
2966.8840800510543,-2033.4440592335545,158.09920742838895,328.40916791644474
2947.262025428726,-2820.921117284835,259.2559499703432,313.3629158997671
2299.118042511699,-2407.9628422119276,119.03206308928134,303.43563040607626
2280.8117947280507,-1105.6635391470406,88.94195653822862,301.1027090202727
2302.070373505962,-1057.0126663643262,84.71082195972033,313.6392735023653
1718.0995045090744,-2996.0898178736106,12.435644298968466,334.8390665030434
2441.549074578625,-1021.401157146382,96.7840634962143,304.55260184244327
2541.968726522169,-1668.1744391847722,127.9313702670562,312.632929451287
1981.6966822196125,-1567.9588068348312,241.71582138857138,302.098648692878
1292.3234750546362,-2331.2786126182714,21.286363864830392,322.71968750267627
2147.2361180420257,-2488.170375052238,78.14200758971246,319.1670038688947
1866.8469371301303,-2657.0909801221374,143.09012323801426,338.56451622537895
1624.932985473112,-2482.3593450054086,56.12011233477024,322.9371462279699
1181.8926448501813,-2344.5431351341076,207.7450015448598,328.9143315952549
1719.6666196795377,-1169.8558979744405,186.3413196420666,327.51131438195705
1742.4268702924574,-2241.9658201142724,134.24388067377396,333.8699540218146
2691.2299384871476,-2739.17121496056,100.05967701953739,329.9832053319335
1803.4095381789798,-1603.8970107589473,181.95594676294178,319.01689742307695
2487.8778393849107,-1186.594261609937,79.12527905361716,335.5607960240855
2327.0886159498905,-2141.6072724001033,251.59723012192796,314.26446546420476
1467.9011561419738,-2060.816263074711,238.06437875184832,322.8671346438378
1862.1616731293802,-2688.379755161409,80.04913549444134,326.5481390591914
1026.8482903762674,-1572.561145729705,181.1959074654512,311.38149366156676
1158.7304663633902,-1189.1286361261193,139.15279738493757,304.32900398747233
1571.163107169832,-2263.4624718200616,252.84198816482666,335.49531210301575
1984.673900178118,-2329.6981536955113,246.21099752932673,315.4529002134874
1894.098457584521,-1004.2041171947976,117.48410817504765,326.45533134884147
1997.9627396392718,-1762.7304811752485,21.79198877783959,321.1822674233036
1943.5664179252012,-2324.544369230625,96.67836470291691,299.20988847165927
1949.9410093959755,-1758.8962931127053,38.59992244606933,301.10097304250127
2336.5928247212796,-1325.8686516825794,120.79368548864116,318.3789900187493
1324.0658008208493,-2976.4325170505635,115.45963681054192,295.5217891887571
2452.6591068056923,-2419.856447887648,166.00531055669475,328.2895237612671
1177.5547172156378,-1467.009465503813,-5.115959673471771,330.3550983566894
2000.6102797969145,-1267.0147089417621,102.24059359747324,302.31105001985065
2633.9400080492705,-2030.789748996884,207.89694706676042,336.25138528738665
2505.52802439856,-2374.3907848332583,227.17305954891035,297.886935200927
2662.7376184894997,-2877.294226418275,248.24897266442065,312.4287537540649
1463.4103141235516,-2296.6038366699863,70.45020090126275,335.7397045700765
1370.3999326983287,-1805.5903449700259,-14.850237833623046,339.6052620654089
2601.6004351720076,-1438.843464642576,90.8676004547977,305.673820045987
1468.9298588760144,-2529.192389189555,189.48752846298234,316.4420596235371
2267.751700444322,-1825.840074083934,124.98517038459954,314.4912529006737
2388.1634471971283,-2988.685211474099,227.31175574701933,337.590359304972
2116.2307446156005,-1929.5904965762109,133.74637431229843,338.9897280605336
2116.3018693777485,-1405.9762310951564,135.60515519566047,300.4144264703784
1846.4480554236266,-2582.5849573760297,-9.110174912194726,335.05401763485736
1526.955287852989,-1870.47445320643,42.68960026408368,332.10390159341296
1572.0070082987995,-2859.213444859055,-4.944900083324274,339.2055320550222
2776.527187591908,-1197.183565455698,14.965031213566686,336.7690078303807
1651.0971797641973,-1822.366612866395,43.02509632570349,299.088685157618
1659.5867012094309,-2541.8119834489303,98.87547063887908,309.170888152157
2382.0445971630375,-2900.3353478456565,42.82109370975802,296.8308581895638
1358.86396943851,-2582.9726416815083,251.69046196003507,339.6150154187286
1353.852539803712,-2810.2423040400286,236.54961950970878,302.4175724306902
1876.1098819087063,-1452.9073612193347,1.3337390823983242,295.3238895320748
1660.2627124584062,-1672.367009182771,225.3164566110574,330.11533254599306
1251.2202693834006,-2077.9764029941634,256.9472871308157,300.23697596611044
2368.5612027050943,-2522.8694877728394,177.54816973374867,303.3727944505435
1797.9887169568692,-2590.663723232904,-8.359626036441231,335.0552873694286
1092.9242679236133,-2063.3994658533056,-9.373480478071242,306.27519269816946
2074.415411310915,-1521.6163379014542,153.96610896615,332.1376720544283
2134.1782923065157,-1645.2231666328166,7.66269703840771,317.4394593633632
1386.2576412848794,-1990.2950805112232,137.8527103979618,295.98153826197137
1592.9873387003302,-1548.6412889665392,97.85208100847265,321.47822059329803
1600.4411700376713,-1865.2324127789989,183.16614373692013,302.73399491727355
2167.379303826812,-2290.1196190814308,11.007327706608159,325.022542718848
1563.7051356779548,-1448.5764725887072,38.64056401126297,316.76696550702803
1089.5163325557191,-2366.808737577945,108.68128247793317,301.34760484013725
1882.429416832625,-1692.3803911713928,251.49739534945394,304.20539214457614
1018.3892456878691,-2034.3649419277326,209.19697489840607,334.3114339771099
1264.8166817173696,-2162.489340346881,242.50190225494583,312.4283677414011
2363.598122195649,-2605.4337887939905,120.6361151834204,332.8850707885304
2854.39128572087,-2381.664623083066,179.11526867274094,300.18709931991344
1929.4062836643102,-1970.4542556238196,210.29595246620477,337.4333190344314
1505.388554065749,-2581.2201645767436,136.72110762667913,323.34272143058837
2381.8124361201026,-2004.471839117629,138.27836783380312,318.45036339858666
2336.697824737581,-1669.5752882995987,234.79792036180731,305.61096916489413
2220.7173882411334,-1512.5973554152308,139.04941648942324,306.15251471007616
1528.064358899466,-2371.9400142937375,36.21343653289546,315.7184384984066
1716.4097210506873,-2319.365963832842,63.82777342151667,334.6415238372431
1542.0076763376965,-1393.1039048193923,8.815922766490779,337.7798474760748
2614.1880089712404,-1035.2373452298839,224.6967527714878,332.8396162732498
2400.6534362694883,-1319.8192385246284,252.20981719083733,321.3087003159526
2290.9567872223743,-1273.5553393953069,112.7172018927189,326.08021045669386
1626.688790680741,-1517.906757541571,131.10946419835548,339.52966153864105
2647.5982622497813,-2216.487309328742,66.80151294071598,330.76628336332743
2551.5062226437603,-1169.3121382899815,199.72608789706985,319.09175971991647
1328.2026284740969,-2421.8549904428455,164.14219965407005,324.976816075665
1264.3778750196916,-2358.068979412121,145.98308422400976,310.3813198753218
2750.443095437332,-1682.8591120001852,228.52899299576762,309.82433403439387
2886.4090755987363,-1585.0762454808446,5.305401991622247,308.2645417966204
1249.1366089229896,-2537.705675787145,-9.469822555035796,302.74158298375886
1392.3080734921737,-1477.5758370758033,93.23332207403344,326.9773921682943
1152.6770302769673,-1201.567662873152,75.81593198079102,333.2932842152559
1646.4889115025403,-1069.972692671886,143.14049000379816,318.6702039605851
1740.2043717096321,-2677.2850341917256,20.4867030293806,334.63743342095296
2239.774702885443,-2892.4885901790617,69.0684347522711,336.5758920320798
2086.43564583527,-1817.3514975866601,142.55852751488308,334.40577566649415
2214.03568938055,-2331.192765654232,67.34541952366419,339.26743962938974
1233.105391089704,-1778.7636409625768,-12.026943386854816,333.0695720618447
2716.8833790263343,-2968.9458190486375,83.16900642651595,322.9277371110508
1767.617993265656,-2451.5770632827366,172.06285640875853,325.67070054395987
2574.007274310334,-2896.3463822314493,87.7240578631516,321.9898251310652
2161.600214881282,-1346.1956984528813,-5.474963727658251,329.42558918706106
1776.1399219806472,-1248.3711624380953,44.520152724324575,321.40058696976126
1965.4095329445436,-1631.1989028422752,20.025564754295694,301.94298995008336
1438.4173108253262,-2629.693173641377,42.734358000906816,317.6964199800053
2610.4396562482125,-1065.2735763399091,197.5402583813628,304.5777248711712
2798.2177304976512,-2458.129677048796,196.17746737345297,329.7919122322134
2064.749816827279,-2640.914178468971,20.25844393788269,334.31057556471023
2955.6633052984516,-2313.561947538105,-8.43616148230523,316.46564673825856
2034.35357106727,-1065.271607367287,23.012870979661145,337.463044638694
2393.0123477048696,-1466.976572183273,32.09824026118557,297.91802965789185
2256.829992343337,-1530.2515271317443,105.63729903934498,323.8201610260587
2773.203158258494,-1333.6784888094858,166.72668075136906,297.3802739766813
2077.933672322698,-2031.8427675028915,158.44121238957467,308.04978353206354
2914.5290654655632,-1460.058869060646,213.5798077111416,327.11941461181283
2046.389978806073,-1311.991802537874,171.3384811580958,315.0976018806028
2071.964853358587,-2062.50395654092,-8.692621211369136,296.76087445433217
1331.8430692271274,-2036.853177359315,107.6423111929937,301.2060514570927
2460.998057024416,-2800.416292269954,38.560265668983675,312.80332074713436
1635.7122237750336,-1216.4894920421855,137.7219114069584,299.9858398174104
1945.4965925382667,-2106.0709354475152,143.9043638159822,306.5611061278715
2481.915138497473,-1835.2644646079839,35.939596351477384,338.12505384685056
2014.5399211248005,-1547.062967668399,171.12530010328365,308.853561072747
2081.8766698932386,-1109.8922881169099,97.92738750114529,339.15815215057853
2653.4779503585105,-2737.1827719997964,257.2470389460163,336.7741573587186
2340.7044361420967,-1873.4958065284686,2.075916603161396,327.85518822861815
1156.8439410385017,-2303.737845364055,-7.038800727831835,311.3060543849456
1467.817241495671,-1588.013474676742,145.1876040644119,305.42003805287646
1965.7730317719838,-2202.2378086904473,6.955433989653976,300.9871514900669
1730.9759284101874,-1796.4364521373736,254.9308630010571,326.8247276952121
2866.883615935384,-2543.605865790336,129.25170577123052,298.2778505542477
1723.3163901086446,-1515.2673157461334,160.18776086717057,328.3056260689098
2865.790698587749,-2635.8298400801173,57.305887035713326,303.7789805199189
1719.2367701228118,-2369.668558955421,46.99850025701481,318.92632372225444
1725.4573559141475,-2787.2328709066646,220.02973812420746,318.66164063439885
2804.328682298208,-2252.0357468778125,235.23422768028206,307.1637763524777
2425.752747839265,-2320.129472589454,179.26129591305403,331.9900610788758
1627.7891124538626,-1916.5786431873705,225.55185847884036,298.4538908982154
1652.0895663856631,-2158.770699942332,80.8599633048352,323.822560309757
2811.107825161216,-1692.8453741280184,211.57403703405316,336.63026440680665
1259.6758657951063,-1375.4105996134028,-7.343423150326973,317.1530884767968
2867.136669093433,-1705.0895418161322,40.083817723127694,331.4792833683154
2470.700867791997,-2108.2272059087727,116.21279049694712,329.7486637738515
2156.6433761329836,-2399.0553050032577,47.69520040007459,310.10241842617177
1809.3760352089914,-1536.3574654062584,29.56063658781953,325.98241108582954
1023.1311746715272,-1067.4495495905096,125.19642828678408,327.4690775114593
1041.5980176182693,-1305.959012686428,119.35595750285978,324.6883497634618
1740.2704772123216,-2123.6508207847223,101.24079479393329,309.4645353345433
2610.180817078237,-2904.586917252265,139.99767589972217,309.38875875181645
2288.240402916472,-1407.5426689835303,31.066668102725657,332.2343238105173
2561.4164510995915,-2585.975226778352,197.99275692121836,317.1659265906859
2690.7935991679315,-2214.1797251783823,-5.717879335430421,303.8571798564542
1787.3370921903606,-2845.7991636786455,147.65446422520506,316.9889746739633
2184.101593819141,-2073.312221734996,0.7388910253061116,313.6179656626076
1932.1559045166869,-2441.242422762423,61.290559408170736,332.8909184411469
2265.774723589062,-2590.5485458732273,184.00056432027338,326.4973505835578
2881.4069837543366,-2089.602214118793,19.663271299901155,321.5051932612936
1265.278091322251,-2350.555227152987,197.3355108653355,315.06162258210975
2454.1117432787523,-2954.5930268717457,54.97489150411249,313.68570928580164
2753.111611528475,-1698.6750339051048,-3.1577395280023293,323.86340927181294
2820.783105581498,-1573.101933940507,129.59003306523854,308.67940596712026
1890.3901363089853,-2559.381514784426,89.46588733037522,335.2267933703355
1954.1362993291395,-1545.262940083384,208.73076722124398,321.6794937324093
1113.0477354091172,-1166.4677470662127,20.927280952216265,314.15574770952935
2478.380441719646,-1835.5858142179052,57.385352765880555,313.7269448582538
1988.9381453094393,-1240.8475468136685,14.40336737543965,337.1704777586578
1045.9948365612597,-1080.7671800424605,134.1675319873983,330.1132201549111
1710.3730401018904,-1288.5914079859224,142.79201184186323,328.80077797164546
1546.338459611106,-1596.8259397901593,186.07159535621554,308.63648390245413
2735.9771887117104,-2440.95601523888,42.42061601736896,307.8918687286441
2721.9980784680856,-2641.562709385089,234.5651302341691,329.1680146011423
1568.995604102043,-2087.3803908072514,124.13554803960918,298.6148195143023
1731.9698439545175,-1382.8700879894477,1.8490232028994704,313.2992498658856
1525.1029294007806,-1286.7884626416678,241.7832765064485,327.17078971902544
2267.101326910809,-2186.507979648479,79.04857584241799,307.0876792448681
2064.343512795555,-1589.315739145516,152.37425761874383,334.4255883834728
1439.2370931693142,-2883.357013295141,24.639956863126038,296.1521776757976
2337.024369331084,-1725.7070790429502,149.65817329466137,330.7864131315596
2648.733957260348,-2729.9986773158284,212.13243509657184,313.1208573777779
2189.558405193411,-2697.244936990475,152.2512353384238,318.2861588774024
2953.267642934248,-1583.9575595086876,113.1604225856841,322.4860919788621
2247.4104665614727,-1857.2370956852064,-7.531215112397702,318.895840086175
1407.797755397809,-1008.1764154788948,43.06453646704908,320.910621342075
1668.5158299135546,-1018.9389520982797,10.90365453351864,295.62365080128427
2445.0860762977372,-2848.507041059729,-14.315854735671635,334.04860113725493
2498.7560604257787,-2668.594531563603,196.9624057489568,300.8590977464379
1738.6754643447812,-2040.8198082831236,37.75531365789429,309.942818188036
1284.4587435612577,-2328.285523398094,179.35439155291283,336.042871945125
2681.5831489077927,-2365.4754966328182,102.25934984942418,338.7056700969787
1939.0577027540814,-2999.5761826669814,110.34948339613481,338.7515341352333
2253.699541873948,-2092.5511142186206,155.69467643772262,297.0523234692976
1805.1864824406334,-1970.2753253237784,194.18285555276375,326.0556869203541
1290.080341904763,-2092.522798903319,106.20214772783396,318.01799454070346
1009.1309680424316,-1457.3679442289617,59.11519731190354,315.26275083734765
1059.746108107205,-2590.1488417384344,120.6044321344607,297.1277096110396
2476.9836137829698,-1278.8541806629846,250.48806408773186,326.2641456383114
2289.5248107580146,-2329.344339760468,51.41368181493172,326.53152251808376
1611.1754229033359,-2797.490827120685,187.16404347564438,332.62406997630217
1963.7210987672584,-1419.0493867354348,230.12954400470093,295.28748019821046
1973.8523561144748,-1035.462525661667,186.39964990404278,320.172126770089
2455.507235536693,-1731.888122436876,136.10285351253012,334.61085509884447
2958.4417794169026,-2785.312249267814,197.89548156799722,312.22390115556976
1102.5148453507613,-1790.909564482618,84.2827537827491,307.62553346788553
1366.7156454469039,-2069.8439533160044,150.52147433262806,337.72847398459373
2254.9418183104794,-1859.2884167175887,-9.184038138347537,306.93319687094674
2699.4797924638897,-2379.03753523208,185.53871368591362,301.687984204248
1104.353000756344,-1956.3349316604085,-5.856923881701718,296.1230543028694
1767.5382955274454,-1322.9946295302268,152.64767694349288,321.7725227420386
2148.5454312074235,-2704.8875249397242,0.48127288341217245,295.2315020227638
1701.2222795524017,-2407.3412606942616,158.4821589840931,300.02140797560946
2843.3015405607393,-1929.0559350423925,215.27471050838054,312.63654026558464
2922.854410149509,-1534.8224111180498,72.08422089070793,328.40851455584686
2768.547852214814,-1408.1327976459243,73.48313180689009,312.80509643112083
1656.177415068338,-2137.9965138714806,54.944020186638156,320.1039989123025
2989.5161783143712,-2454.8005772658958,177.17193259768695,315.38371303057386
2493.7168108182304,-2615.762643646315,230.8164589319564,319.90544335807465
1292.5607967387791,-1720.5627196182768,7.330695215499755,295.6262985784934
1485.9833703399613,-2229.4295131130993,209.6056229620587,309.7026557730269
2419.3774941414167,-1979.8414531265034,116.50895469407826,295.87422207240843
1057.6854942178757,-1768.002497436273,224.15460853680284,311.345155958585
1638.5210485702282,-1816.4755319676276,62.390699819490806,305.3420022571705
1572.4033938935713,-2994.273136310094,253.81902188927955,316.66364694625963
1606.0091441331,-1391.7362914072817,209.1201817137523,303.6379087143863
1372.7444422512401,-2690.210652513166,21.48416574837949,318.0836304291192
1596.442858265041,-2784.681160915896,72.98498570985598,323.9590267338583
2805.6134015516263,-1201.166807377482,7.796060709491929,310.873673667509
2286.8902711255764,-1284.5149057545082,138.56234971560102,337.5264047744253
2659.177330586166,-2030.3761675742371,-5.476752385274594,321.7290886631634
1763.1947899757333,-2758.1179197560164,61.40707249320076,334.8893422790534
1593.416466136814,-1215.1733418396109,232.06135217341432,313.13434608683656
1004.7520719092678,-2002.810067757328,1.1835216817145877,300.33316636386076
2116.2235785342855,-2151.2219284824746,-13.236172867839747,329.80216316443034
2727.8998702415993,-1026.2642959528628,240.55126403247536,328.0098940464538
1881.9270659296706,-2789.577293747584,94.71906888690111,335.8301505378352
1478.4988420435584,-1127.5740515851533,109.28789962149715,316.94076240211143
2357.030208845671,-1074.2502542091224,126.47927919703929,324.94206489681085
1523.8432460628053,-1854.6212073979957,256.14357545755075,331.7518856877303
2594.694435171421,-2014.922618229773,-11.734316009071673,308.6718282688181
2922.8205754570176,-2338.9493617534326,242.26686584545905,326.37471182402686
2030.1745074562182,-1767.651534017923,128.54423709884983,301.7770458422154
2444.800592767243,-1677.7242149193935,36.818352901687305,305.1084105562843
1187.2523512481805,-2279.959164342969,258.2033901329736,306.58391028684423
1708.3490835315256,-2314.1165728201327,195.22591948523595,317.3739307330315
1656.164685812297,-2832.3507627826675,24.563178432903108,317.90686064199895
1847.3167334941973,-1156.0778522960393,157.8793625860572,314.70864257070025
2649.9055026386795,-1639.4499094938637,188.87871927323562,338.70685051480086
2481.8140705312608,-2522.6442770699023,218.68238088568432,296.3769759085339
2518.8394361858454,-2870.4803792659513,238.08221524462255,316.60166572444746
2284.1619070522056,-2564.4839475156427,138.4690042743888,324.88557531353746
2178.9584973898754,-1892.4243141535546,-7.856084081884105,333.4800021255774
1382.1656656577684,-1790.9357968746392,199.81625907438257,320.16155762460284
2699.958809761769,-1997.4556583019912,111.93431394397786,295.75991750431274
2248.8261023897094,-2931.653396339773,222.59780994320934,325.8116376837819
2971.4734018251725,-2862.214744800942,204.83547659983788,320.85156268888795
1531.7228405627789,-1805.5907589260967,21.71325782120841,318.85685002362055
2265.1281630631515,-2410.263094945165,106.11753953661187,314.3911468247626
2225.3049900460633,-2969.627102319554,235.42520311383626,298.2223159070295
2233.493504566692,-2428.1686337871843,192.00551133647565,326.0573986940968
2564.0549832810348,-1970.7292617392322,26.38761535792318,325.25069962375346
1357.984143796129,-1662.0639507325775,172.63507393894628,322.1583887149274
2475.9195410174625,-1689.6896825305537,55.36606315428385,324.61197618379646
2389.0270271981426,-2981.433578375394,248.59805594165243,336.9532121484127
2785.1916622761764,-1689.3393513559126,252.21720962599528,321.18935218838703
2285.6945481099356,-2928.0858668773462,220.98875844665946,324.26476713266595
2624.4590081166575,-2778.2495519834083,91.25233055376192,318.8352863773158
1404.2961753932955,-1738.8596015027708,194.42030803037756,313.21715436176316
1841.3072580694134,-2356.0281622226403,60.95612612871719,312.19717261848774
1882.395076745354,-1729.3192979872383,70.392498139343,339.0916993382018
1979.0754830594028,-1823.7111749330077,1.1360614943712548,303.28591744523294
1415.268892154831,-1292.1438676019832,77.62825719639126,326.3130458889003
1440.8419557014831,-2095.522673415043,87.38465956542548,315.946918939627
1441.8840049925955,-2367.963208723493,235.6644843749453,306.1572704507056
2603.933722993316,-2188.433381943541,191.60926494501277,305.7164356544429
2308.670602552398,-2007.6857955825394,41.5479679316354,321.8059117310196
1556.7175206074448,-1406.9239931328489,10.354532421720393,305.2828287782219
2138.28182256094,-2998.1940381570885,187.6325172230389,337.9770449666957
2252.0955104887107,-1585.6184605093172,131.91621986232613,304.3635496919484
1740.3519894513174,-2093.312573001825,72.10274694063985,329.710636645981
1064.254827865495,-2241.8760891032707,248.29352260917545,296.5837517867244
1142.5965014466126,-1440.2959634916183,54.809177965288626,318.86552402267
2352.731486973683,-2984.3173522915945,161.64373447761974,320.1403394537062
1246.3981691531571,-2302.8901387345186,82.05026810640013,296.253771292305
2624.2368963412514,-1401.6385565459882,223.89363627347072,317.3271828824371
2261.5689600248115,-2763.8954858505517,232.81380843608153,329.4513055220814
2064.360438080117,-2915.416349692268,74.90548934545716,316.28782903231354
1449.5587204353408,-1314.453736349496,86.70771039264118,309.87257809239196
2904.6309523450664,-2007.7456135366442,203.12160767365893,331.5970943061831
2335.558913357843,-1340.991040287428,147.5928412198794,333.28910089249166
2402.3503707587934,-2967.6058659023593,31.59781123721458,295.5808019563152
1711.0042201610681,-2135.5369483339623,13.640135686432632,315.11182433852645
1981.3880665842223,-2603.429800167018,157.91086727238343,326.7449227097442
2563.8458108556706,-2791.3493479106464,50.697164998676044,321.76398249026767
2065.84230491579,-2477.0322810315974,168.68963935658468,314.16069454079167
1236.5130077466943,-1848.4305159467,204.6516801342316,331.6506826675044
2994.1997936167154,-1123.0679001149774,55.142661080640565,319.862768001018
2184.5797753229544,-1803.4755451096235,91.54419296540907,318.00084667703584
1263.5405898543618,-1826.3365089872016,128.2143971530247,306.9747893888246
2781.387609421331,-2279.070665197939,192.58967608485895,303.2039695761358
2084.2040091981166,-2295.8658783596757,212.39281902781659,295.51420034175527
1591.6041864966176,-1748.9977197924459,55.08655801204024,320.12954051542397
2537.438566849635,-1903.438476033595,212.53518240451882,310.3620600107204
1734.80362922442,-1176.5912570795417,115.75869092142563,306.42290430780145
1758.297344817789,-1552.9944546527736,73.5233847679121,310.80317168494605
1972.7010053139747,-1268.281779036678,222.97018227064268,335.19793272597434
1718.9358385349822,-1163.969204077995,138.34910844654337,314.3140535677887
1708.901912187444,-2646.8134652445274,63.515903601518886,338.98397146934576
1587.2386749505786,-1175.8069694695923,157.49079911355884,324.10893270780474
2526.439785850578,-2896.541024096662,240.60590217762405,315.3794135135785
1456.8226122803205,-2763.1856223144327,29.730995572320076,298.5153801672035
1759.6721229477153,-2092.003563158591,165.66581743196406,322.9211198067165
1379.915900485833,-1476.0090639369503,63.13174732367945,327.7184848050129
2356.0121122739874,-1811.3974699478233,54.51772620312002,328.22541421803817
1435.728619186167,-1434.1932550518065,26.198970827490825,296.00575622525076
2266.546344081931,-2543.9309748316273,200.3865050163013,339.15225811342606
2063.918371796195,-2367.5244020764885,92.54870795726026,316.65277931403585
1388.564048939008,-2809.6272164646043,174.99855982984386,315.34519283068846
1327.1569112159386,-1883.265364360496,186.4990393300941,328.69244345755925
1483.5156814519607,-2455.4973450497387,66.88548549483455,320.5931024830937
1062.6291157395876,-2147.6828484227076,30.949404481054998,305.5823857346539
1454.810314562318,-1333.5079790027573,43.41315483591316,295.8396656906267
2567.442946048669,-2948.429527272782,236.9711420476938,307.36584612234043
2794.2857155651936,-1533.5027112305575,110.97562764686322,297.8311034833012
2565.5043849192048,-2263.0746233830323,171.74943575423265,316.1326152419243
1850.2890534714036,-1269.9595054990893,218.9966072738641,311.6876430022444
1067.5059017422248,-1884.447483377906,159.19511020364564,301.6776601687687
2939.0189749787805,-1315.1084734922072,59.25000711769316,305.1649352510444
2350.7442530676117,-1255.0715639898228,43.00586634045623,307.0958791603557
1625.1799556397013,-1642.1227761687978,215.80762584134092,296.74073226846934
1194.338510905241,-2033.0593933732557,131.46726163446874,316.0152548774831
2973.40282015765,-1541.4013539936827,191.5568024076495,308.75270203808736
1941.6786812727078,-1000.6027930963874,96.38352946997287,299.20572709815957
2946.007068642689,-1737.9863062745876,17.27066090829674,300.90406803170066
1135.1952203583833,-1755.2100308166323,25.996917341323602,312.55040032969066
2166.6215736963695,-1030.8054437348912,71.80582136151251,320.76094674035437
1229.9368906615045,-2203.6645586538843,173.44123035102095,333.96177759272615
1611.9741037512495,-2796.0283127940934,244.69740474829416,333.9462138266943
1288.9226428905154,-2699.3617364394513,248.29965784620327,314.453866688941
1157.2096806747622,-1288.2223241631016,245.09309277611789,309.00650680595413
1848.9708553443297,-1387.590787570503,174.94125409174254,301.3352641422629
2090.3351932315745,-1638.1001927947377,-4.034677564426671,308.2027960147743
1159.6105570721138,-2695.0213765872472,258.540344251198,298.3122710614011
2938.818944953732,-1767.4605660194163,79.19684942525436,315.68469551754737
2721.503578026885,-1386.8220335036071,39.31584537158785,330.08237313496954
2632.8643934286583,-1169.1074541230644,44.690246590525234,322.1411339499522
2147.1898340109856,-2708.471114745728,179.7331620082231,316.68438673119283
2232.6440765044285,-1025.6396219186918,-7.706749445768552,331.2479637523044
2076.4910888569807,-1405.4896158439342,20.03900487720542,328.09068053899904
2478.0173406640024,-1165.20927156025,29.604220008587852,296.3568348086838
2005.8885468099268,-1582.5353926993453,108.25061501705673,327.40568955981024
2727.2185169433287,-1321.1096051051595,106.77032328415417,317.31064473200183
2010.7682314095964,-1108.35019669238,221.46787181740305,304.5705575890213
1906.01300865436,-1802.9774310011383,90.03074535681758,325.07087045654265
1273.0209134177524,-1068.8110439537124,200.20717915940958,338.91337098266905
1845.0028991954548,-2538.2152321575163,166.70007754761792,326.29342602129805
2578.5018636761497,-1236.7887986940318,156.91703643497388,335.98725397568495
2022.0770406003714,-2813.5624721809163,249.48872099569286,328.7608387538541
1378.6295325467884,-1925.5448378953647,201.98622522840543,335.0484055957835
2794.489638856765,-2337.251539771196,100.65709641557866,319.6133705426089
2422.4187471208415,-2286.9793519188856,100.1986377537225,302.9552341361524
1720.7434783556373,-1477.8546394876496,230.3161087507758,311.2198967206866
1302.792559733301,-1644.1312865246273,118.06811540737144,310.1317210325108
1529.0645735705264,-1136.4374821205677,158.22333324529515,318.81231717290046
1111.2938863177856,-1829.392215822735,159.63201547531736,325.31065427963046
2729.265012435245,-1221.6591977108242,19.034122827959145,300.0637245226853
2904.76054624916,-1571.9251362536857,19.179808537244497,314.0092732137693
1385.7794703133222,-2215.1988921307575,141.89372906273636,308.491876540445
1507.81547815859,-2645.974535277099,99.30383852587414,301.94372392563486
1007.3561285684924,-2531.143542955487,100.72316268519718,327.4938919817139
2886.4626826881436,-2590.643664635553,155.6793282033348,332.8256948597203
1294.9770137345633,-2868.0408866821917,157.78972941783275,304.3492183329858
2079.9791662885445,-1212.7396248302834,94.95658302143849,304.44800455779136
2622.170195820039,-2394.924822191247,116.8648390527151,335.33407676383695
2738.614831320083,-2080.171125569449,247.36961891452495,339.1839625020084
2486.628638591229,-2852.1799377113557,32.703681904872425,298.65380915022945
2496.883842066086,-2306.258456468568,138.1182953703013,307.3057128945633
1364.9113278731566,-2098.7721580547377,104.18955648332093,318.9498904543234
1176.0198911692469,-1040.0772584407653,121.17648870607516,302.9183502713867
2533.2029737676153,-2981.3863211893186,145.32338580718334,336.59106871358307
2103.2909898013763,-2153.0734993664837,65.8713510648239,313.6454266800604
1215.7502105972626,-2436.6957259214355,219.34220272877087,316.61340532777996
2511.1319518618407,-1216.06269503721,96.18964997274014,298.46243450751035
2392.9778347934653,-2894.496882054167,-13.547323156137223,337.62005742176
1219.0266954184945,-2627.2059312446927,211.54078602998848,303.72660920124764
2822.5295254182715,-2931.415044809847,22.383085591402562,303.71499356852837
1829.0377572045684,-2293.376450501038,217.326887195924,310.47768214705275
1014.66498694484,-1142.093321852611,140.55399618474192,316.6739626356914
2281.774696098327,-1785.2619916917445,107.53832829530499,320.6231056296437
1437.4765491008002,-1479.0746494685384,115.20288438973009,306.3220414129266
2115.487258568693,-1301.8713673506577,202.505628125589,329.85308956728954
1715.7888702399641,-1542.020011889975,84.36629848136165,307.0138391789212
1938.8663702014508,-1626.1429917257797,116.60916536921275,324.82518856967727
2754.970827778635,-2247.546857845979,181.39454747011868,317.6204863816703
1864.4908857108699,-2486.4208202164887,166.32101124720995,298.4532304920612
2194.529464160575,-2201.0650376959875,238.7795305974888,299.0695844191746
1207.5176947736236,-1023.0075950916828,53.78453272393381,339.1204879742788
1059.7104568417624,-2474.1213384205957,7.759651279927919,325.43296396585947
2177.5422148691678,-2002.5703794601882,157.70247114191676,299.53864152095485
2302.046626489374,-1916.2912508970248,41.408017159219234,303.1653429046495
2466.576142929497,-1580.5745851824197,8.369036677529479,333.61415304319615
2918.795140344824,-2977.5942598178967,0.3187473025313192,333.88380950221284
2263.9646468955452,-1064.0531443403966,45.87305795200176,310.432567504877
2679.5005738249283,-2975.3977087432195,52.69886235280818,315.0476008308806
1930.3493033958048,-1078.3070008152615,193.47527506152412,324.80646581232423
2084.7732730999974,-1567.0106931507885,111.5230462771204,332.8874764729828
2007.2445656301043,-2291.2442908707812,224.7596289479077,318.21472965004637
2482.2564277714655,-1954.378417415348,50.387204848358834,297.99522013669
2292.2623006387403,-1654.345267023319,45.27002084423365,333.1559601976837
2811.7388869864526,-1835.0960900839768,201.8817121344005,306.0403199030569
1902.4267745582633,-1639.7023615061387,15.693778020450335,330.20029984629105
2569.4351627766755,-1121.5639946425383,61.4443578983541,324.1413867790322
2340.944701546121,-2084.7164278520713,219.7802579927465,311.1944844678321
1050.4639696436227,-2396.520278779943,47.11495457779467,339.7311876511558
1279.8939679787259,-1154.4619761086208,220.8686813636185,338.8604622252091
1901.3101620214766,-1296.304813200759,236.64417127960508,299.4494989231326
1383.6870557424909,-2973.333012351488,43.96719526231686,302.28770387481376
1185.6319419603533,-2334.8343759266368,23.87497477138696,332.4887601858267
2953.373684564157,-2279.122077694461,239.58419595616616,319.4123320517486
1914.424797813447,-1782.3021245037776,-8.657439770695401,335.99651762434905
2952.128178251426,-2471.666161330775,38.19519227720561,336.80592390920685
1033.8678831956781,-2182.5806494704975,71.44254574961495,314.4209428219561
2175.6929498305917,-1053.1162379723407,-8.78969533110083,330.2242795723003
1060.483365941966,-1782.364417316793,91.41901969413303,324.8704283077794
1329.9092824383779,-1505.003137208435,43.52183424564146,336.1805356931594
1410.3245354042622,-1937.6454331123543,119.72598583539903,336.2482344485926
2893.251752370209,-1813.7268381318636,75.49748707415019,310.41677325786424
2444.1742031483336,-1661.8924884001615,133.87991438440866,317.55777767416873
1089.7358746193404,-1360.5714218500073,63.10147802760599,336.6657553866719
1781.9792913952192,-2695.8741146945968,140.46455107195646,320.9158190415632
1902.0973316484578,-1783.3114302791632,140.12947532621612,333.733148144115
1960.1536800072913,-2420.9090866376564,195.45168944944612,321.33475484104616
1456.364652837182,-2546.517463154598,197.2953135529,301.83774209394477
2211.2700336245885,-1829.849858572134,114.26520801862898,314.9901229405561
1762.4089110653326,-1869.654406003173,72.86090645636853,319.9608758532648
1224.92682969515,-2543.8022148125488,202.6315079562226,325.7521454921415
1229.9324580572295,-2877.0613310048907,204.1720875406077,308.78066413284665
1827.8315230817207,-2367.89983692058,205.1744275983907,338.7132922732649
2182.2329949457708,-1730.312957848137,53.28204214278881,330.38541647916196
2436.339794268238,-2558.621626120025,201.4591833097781,331.23090933368775
1518.7568558763592,-2518.671891522395,107.33511144708145,306.4457801276384
2495.241717335679,-1921.4602191852666,248.80036005049942,327.2140223901635
2237.014175166938,-1271.9022813435258,117.62870518095158,318.143805700337
2244.010323453315,-1468.9929343282342,65.84230224062838,312.87190050158546
2981.5144842293175,-2439.278479319061,139.18669727540265,313.94046104786094
2538.9865190379323,-2525.394695462559,157.85879687887024,303.9555561612336
1299.6894314018882,-1038.8517662289764,-12.409556953890098,300.3990834761813
2688.0996315915745,-2369.9601167644823,184.1517008050008,332.5758025493936
1363.0804797078356,-1758.7022219346527,4.101469010532192,324.0830805415879
2688.8726222178084,-2326.836627936194,150.656769894185,307.7121229764137
1493.6380728017843,-1689.3401423000043,60.55707003362245,328.9256399211396
1958.6810662245182,-2795.740188235005,166.13157991046398,321.12240375273257
2009.8689314514818,-1168.8915101782889,21.199132773013346,306.69147563434973
2586.923406877992,-2026.4739695588792,223.65657292663568,301.83669726558674
2601.3038519043325,-2306.392800661888,171.83285306134815,321.7709098323928
1819.926332377128,-1496.1247492622645,42.057482372555185,317.637407542714
2544.379845058791,-1339.7647502590187,171.88809365970894,303.1106004575616
1558.7995001574632,-2282.6944082829054,81.102849322017,308.3608077155545
1574.0954566626317,-2503.373745251487,100.38264359492257,312.6904620611765
2708.2114431749997,-1797.967358214611,176.638921152405,304.28277606456044
1508.2781522318298,-2010.2787581111077,136.94660553888983,295.42619295765843
2905.491789783686,-2791.535492770149,202.80770458906855,328.4884550449681
1708.2395469295668,-1185.2181658940608,192.3560536131957,296.0471468357164
1079.248797999256,-2982.6398030494006,210.7458206668524,295.10658423931
2136.93564588524,-2387.5452641566035,85.38564331888708,332.53497535540794
1537.233753745494,-2245.1085991952077,172.5411454426522,335.4049063236398
2242.6148891830635,-1997.8016172269918,85.5771469457645,308.53793056977975
1948.398360196873,-1456.5725001841986,252.1487757171049,296.2625956897564
2425.186773558673,-2335.36638566742,108.35976832665018,296.65355116952634
1566.2445231899405,-1565.1308734005001,175.05005839541386,306.58563616683057
1375.3327328827472,-2313.720527470379,159.14360024865408,296.11516543426035
2093.802613064783,-1109.0300435605943,11.182527849856609,334.07095207848727
2949.058324501818,-2791.7826968545496,248.7405990923271,296.4778127452896
2210.811605277652,-1594.201623999535,-10.986705509383565,296.3768205802169
1202.79432077684,-1465.7983897313334,214.53004993326917,307.76517121478446
1079.836050099706,-2107.0580641212823,111.97081365649444,313.92286909434387
2659.784662795873,-2184.706668894444,-10.016386379461737,313.4037250854517
1582.5639531717406,-1961.722265198225,234.18726427605506,339.9111948251369
2035.8330078067584,-1498.7290723003116,198.28813410440944,319.4739241685707
1883.3849046187947,-2216.600046332116,111.00732841056013,329.01797108170973
1229.3210417795142,-2780.793396253162,-14.91971742746576,313.09806645671614
1497.483339604301,-2056.5311904742043,-10.00267601294057,315.5741666363768
1995.6334308589487,-2493.9304162287026,91.77837620482195,325.9836663714974
2401.477053487114,-2780.8212927023287,-13.84095852221482,327.9383220482545
2595.7564457382136,-2917.725446917927,49.12298174590671,325.7156032165498
2700.5571704450967,-1127.548218519282,90.48532945380673,324.5288614177094
2584.623019888212,-1031.8263836665521,3.784282668270496,324.9313369248285
1083.668806145694,-2083.8595894374575,254.6457955535842,299.71525637636626
2877.4644293646124,-1465.630362724038,155.31780196396096,336.46611371473324
2101.365328850032,-2786.4210066563373,148.49098518161927,312.457145189444
1576.3300956799003,-2326.453812263078,189.45747384704865,332.425759669411
1152.8223638829993,-2375.1917752356035,-1.3123383521592817,307.48218327009425
1342.376649375063,-1778.6395241130977,9.210947096578717,298.8153202373027
1641.5588903912762,-1556.3838547737382,244.93828619200093,324.2012503216851
2889.428183045492,-2105.125865984415,100.24741184440147,313.9752494889052
2114.857855057074,-1203.597759554749,111.0555719192654,337.4090156234708
2411.045131331095,-2076.352527995514,243.45866506905054,308.5241799911589
1415.3564651024064,-1557.392955873886,29.777585107582333,316.41831117777434
1896.4190467686585,-2604.2873618643516,192.4773326462642,336.8332465040683
1647.429513255201,-1587.5029989369561,251.63230908090986,327.2246523462654
1671.6097289718546,-2882.1424997416457,99.58666482791274,312.3153482120277
1353.7264794221692,-2028.8893440217723,225.64936079990133,316.980820865244
1510.7280082800494,-1218.8181831987965,53.42615702336249,313.6029759598604
1439.0533569679596,-1823.5250764214863,26.75305820070961,305.27153316382476
1657.7924584306418,-2286.0281930995116,24.015649661080026,321.2874951680978
2287.41817197369,-2922.6275764426655,95.25628229367963,329.3870227008192
1231.4041391451801,-1391.8535722352465,156.70064307382702,300.06040388789546
2050.724199164524,-2905.9504888849497,254.73876344618094,301.51593177018935
2995.6868177065853,-2014.9780062505288,186.83702453590496,301.31864723756735
2276.537119804655,-1509.7842860282287,193.84701599153408,317.7202099992507
2196.501556954433,-1307.1189135200368,39.50145568521944,295.5705151294205
2480.4179313221066,-1650.6163257370974,143.29085653698863,302.75148271621254
2510.79680317969,-1074.2483477091341,162.09316351117926,334.03844535914567
1781.8740815886429,-1288.751920857953,108.76815411874377,323.33256388847514
1576.0495008800892,-2179.516083331893,191.0776947349125,331.0126317119153
2604.3040060946378,-1836.7218960095252,97.16209935975816,296.3467966418919
1987.3973185783934,-1402.3598913117726,117.9528968481319,317.2170103340541
2601.267357096705,-1144.5663287067866,30.072914030061398,336.06598511690555
2529.073027893349,-1042.537287925122,82.67635644911849,310.08787236737953
2566.8058548305735,-2831.4220108313602,65.89344968579276,303.5022928965434
1628.9638662627406,-2083.8448252852677,-5.6873007219202005,323.8037947994422
1906.1842605793433,-1757.9706373512165,74.55958006335632,328.16989302922053
1125.5198305721724,-1792.0182564766096,220.2499285938666,313.3388843202546
1972.3245632845017,-1044.263779120931,249.23916858825544,325.9436765350972
2160.6103884366908,-2654.147704773856,96.18038384195918,339.2219728410441
2303.658457045117,-1531.5731519037352,52.55586877237559,309.2887197519382
1582.7193781717508,-2872.472680560847,144.53336514054968,329.22737102882445
2870.480552964802,-1682.9523533326333,134.10916209582848,337.26638187014714
2927.438267446344,-2599.59280054723,138.4276684251349,311.5640457871669
2994.1211741218463,-2416.9172361438254,177.67628549229832,295.1513321350178
2491.3934166201584,-1622.838874696012,185.28600777059933,314.18238742198366
1029.56297955779,-1510.660507901989,213.9148550248894,307.85084657943173
2410.966062682871,-1509.1976391082924,62.685825258176095,302.5976235967787
1752.5014614226461,-2584.5672400749727,131.63965484380603,306.76609471186526
2971.57105387069,-2849.661060298673,24.236792245016282,301.2782355696474
2502.9316493994065,-2015.6615872830484,246.80672241103866,329.0615254531514
1473.2102454518176,-2227.437463720344,173.7342649283229,305.3413985489269
2760.3259075735837,-2380.3464940930753,164.3596401675688,317.4904403913264
1720.9900607769105,-1202.1240652577465,142.42398027024038,305.70282812537465
2767.25810280941,-2801.0939694271833,236.75699141545238,338.1093186728544
1125.563004694342,-1922.926637130314,219.24084162058233,334.44680475084294
1632.257879385108,-1968.923646981169,156.8433927678985,313.8638492075257
1280.1412263270984,-2485.1232897069754,176.23346614682418,308.39852533091636
1835.7288506817117,-1599.8339660738222,236.03125692445897,329.76977897643485
1814.8366163350604,-1613.8691654877127,64.41162805450182,322.5632172894517
2044.1981380418001,-2172.3037922903586,94.41652336405141,305.1021453563334
2545.472763272939,-1747.4080545670654,31.53470804081661,299.85548711043754
1285.1687605243237,-2344.299830613407,170.85014968087268,336.5946480243364
2637.982323083448,-1112.0497916784022,94.23866570269949,328.2972897898493
2148.7258260365343,-2101.2644465504386,16.321182806093606,339.11114482724025
2642.0059770625885,-1399.6194439754527,14.490347718824466,303.58341480080423
2217.2314862911426,-1534.6546694126598,93.18904887416227,328.36873634524875
2845.967121244766,-1817.5418368076932,121.77193905826391,327.1193552299552
1099.9305326780877,-2033.8848358787302,160.69325248954704,335.5231351552
1582.2488989296216,-2981.903452285087,62.40934209350648,296.290658297848
2933.6953146940778,-2692.141653182365,212.11701528409938,322.471253626733
1422.5585181062083,-1541.5860087928322,31.719484248432167,312.48849028321365
2751.7085466997196,-1851.7013988528884,196.75524206178986,323.86224596199196
2129.847452555549,-1720.226023524407,239.15576107674474,311.017721833194
2587.9942471220083,-1840.1310260190694,131.27974142231307,304.1702597140349
1524.5351267224898,-2113.7506300514096,7.687839136223321,316.46916802549015
2820.0158224048446,-1511.841434808569,102.01152833163842,338.6322702656736
2021.2650332800301,-1605.2870286461543,94.29078153675692,312.02307118360693
1126.5008976192807,-1756.7729392761655,69.60181370545068,330.1315319931037
1207.673235505426,-2679.3934580768805,119.2454816608874,306.21763979186244
1247.7987362781093,-1860.4273599501973,187.3706735830947,305.30763625850034
2266.562315909347,-2007.0488415067257,161.3394119026971,325.5249774056937
1158.0546773812996,-2135.514550020505,210.57344173962144,317.45285821347306
1938.2192709099822,-1678.6020754866427,59.941449085269284,308.0199070761956
2414.4509872644267,-1276.3476785674081,61.71135400174383,339.08831131783694
2650.673957325796,-1031.7845860089415,162.07800074213498,318.72567225046265
1466.2443629595268,-1781.7737834410198,92.52348113450653,330.9287047447737
1998.854200159468,-2308.7883890642584,7.686545248963682,339.4743549897848
2028.7594789587852,-1563.536553134505,259.1775650994631,304.07067553169446
2407.7922143716323,-2551.1281654336426,251.32154022348885,300.99944640889964
2658.9777676529784,-2267.1033827330507,-12.07073774323617,317.5181454480089
1552.6893205224956,-1954.794335749845,181.0050069426549,307.3716942860015
1048.149194890223,-1131.7491619580353,56.717728295092485,318.82397532947346
2609.002929862961,-1513.140741812194,126.43694187632167,334.8525205454617
1206.041116977471,-1854.6290570657275,252.2270981332082,323.00689501857045
2197.0937832451377,-2703.347679240214,215.17704783927815,304.91514583650036
1019.4670513714965,-2113.561043556078,202.74946240812324,295.84825401589273
1549.72184613968,-2069.510927615558,143.45971759040975,298.8777630262414
2779.0602193664463,-1764.8150715545867,136.7895402805945,322.8922361016752
1524.0802819162,-2787.5547543766356,64.47527754639678,331.47917856769806
2480.5124582973804,-2355.4135970298094,18.92328539213105,307.8715111540045
2796.859465680976,-1425.1445439553943,32.438840960135515,332.80155569800996
1283.7908555224133,-1925.7918716700528,182.86194455494982,339.5169626203649
2827.001008942375,-1944.4032042319534,10.722956660356203,303.51712432122645
1010.2751834147945,-2436.111566071655,173.36507716335987,318.940154491541
2251.4961164819033,-2763.9433003153977,198.05939756488166,325.05882692664375
2402.2449163706765,-2672.627685115523,159.5468522330719,323.4803299456149
1817.0014757022232,-1769.1070656443712,115.49364426553379,306.9812884624432
1932.1176409409863,-1415.5566941321454,209.57678232941532,302.669191550299
1765.9390481392802,-1583.2325732550926,179.44227686305976,334.0253906852874
1121.6022962927696,-1159.169843947609,197.72465938773485,310.5128709054832
1981.186145706833,-1190.5234081757364,202.85653373411193,323.77376232885445
1034.8971923500983,-2331.8699616496647,35.0127081926661,327.80238973078326
1327.5006375625217,-1644.9767605071736,94.57513624589646,317.54319936242996
1637.9067770257514,-1350.4853215670162,140.6535876506309,317.6100249689318
1214.7626631345547,-1790.5030180234949,243.4215605220557,298.62063218438766
2668.4066631049554,-1215.5534952974494,50.0287920608676,314.94681836045015
2580.960138761707,-2801.648093839654,38.897114319187075,297.9174457577249
2985.062008844944,-1834.0602241328347,225.35437883307577,314.4545924219594
1679.8728514334143,-1510.6201765988865,188.2213396799389,314.1778841190698
1975.841795536535,-2082.156415135572,185.9966393769269,339.86292589672155
1726.1909909558108,-2969.41799034512,125.82096332405663,307.9649432045061
2054.0212410080076,-2611.538799643538,-1.6229336949385775,324.4294156573987
2610.9458095904683,-1302.1137414214468,185.93491336379952,335.30819590005706
1196.4624622522383,-2379.3109703208975,85.6285810989594,330.4400227509903
1795.1584428101087,-2345.319815370128,206.99211558842762,303.5398683691795
1027.0016497584065,-1877.8903329815294,93.6414700553867,329.350786869253
1163.9415348308385,-2803.0308304485634,-0.7412980103526898,320.66799075170763
2454.294750646944,-2761.1067843269343,69.19405663012479,328.9773789616126
2949.2915534956956,-2625.305013046019,136.09341937470757,312.4603023196244
1683.7941556248516,-1590.5874452975079,206.60202504789257,324.87299977017494
1775.4996052058418,-2005.9617716813568,241.20633889376154,321.97084080640104
1418.8207429225436,-1553.7337727834597,180.0733630731116,321.0315929087693
1022.1330804353071,-1351.672841647295,97.60840255450614,329.5689402540291
2736.329858310982,-1411.5414413423196,165.52803556721994,326.7491106492565
2266.8569598832646,-2312.512805772231,180.79451954634652,331.0351310693814
2821.2681421560114,-2746.4256157389495,111.59528777871502,325.11162467641526
2854.86945159428,-1317.433289153064,197.75368600003333,321.5355077785441
2084.267509923322,-2210.3360902880295,27.728908997102913,331.7473716173329
1349.810250697521,-1176.6151783938533,222.56890599310654,304.49216689903994
1750.0318785195188,-2644.8410118407132,42.687524217601414,298.3046913130575
2812.475258618607,-1958.4361974759968,-7.934634382021986,320.1795932035953
2299.711192886579,-1397.6693950994252,102.65168313350902,336.81967219492367
1386.0821708196988,-1059.4065221533463,245.99743959792204,321.6987735797661
2507.812167837258,-1192.6134268936835,251.4681331307869,320.6664797564358
2363.397904028886,-1008.7124989228503,191.853450690396,329.5320549475155
2810.630614070129,-1547.8705849327278,221.46918702152036,327.5408090527458
2317.4515330509857,-1204.9370251456662,169.7347203033262,303.7010298910921
1353.3861373056793,-2862.986453389369,148.43991788609802,332.1582743215621
1484.4175055845346,-1067.2207532210193,244.70110264625367,305.1484805562993
1154.9918160183058,-2229.345774594561,154.5037341194986,326.7387512076487
1013.2114478889378,-1086.7804477075463,112.93817888946006,308.7484649891186
2595.8136681532387,-2522.679474913523,52.90907462182295,327.4636792973023
2564.2575594271957,-2116.752912767678,253.32833601386739,337.27044800588794
1791.3994447369269,-2336.960288682182,139.8853445553447,338.24106181348947
1862.0832473341584,-2675.2406486872187,71.34129189884057,298.15384814246977
1546.1535685097328,-1543.215789891209,106.77522550302923,321.88379392149693
2215.509072997313,-1932.8116488354885,256.6060423128422,319.58407069934356
1442.5134712463173,-2504.0715632327324,117.89957138215505,322.5217834113038
1406.4080551778582,-1583.6385163316893,117.67137162733732,335.8180527784292
2573.4040748300713,-2166.4134864311172,153.32034804070452,317.20980920201305
1045.5667273238098,-1025.7741349918829,75.96510414325734,314.524744784747
2837.223109747919,-2437.261245953613,254.0563600411611,333.11338805819327
1299.8529589766385,-2252.906991825068,84.80178570579503,327.01830529477223
2916.2013387903626,-2673.684318021112,66.36219743202567,304.8612369411111
2729.177789724274,-1624.7232714106162,141.1133210011284,301.30328598655115
1952.1536891120775,-2225.2019929024773,251.60060386835585,339.54261104799343
2452.6590783420106,-2297.870835608163,150.07720113827875,323.32682215827947
2175.4856459119464,-1191.4976584575904,90.35656102388833,337.40031276659147
2336.349103969057,-2688.8768375862705,248.5147743971791,332.4808101474076
2671.035529391881,-1161.2352288600564,101.18741477309197,323.07786174750044
1133.2962266444579,-1474.2313332106683,30.14654723581026,301.04680595944194
2245.419685243889,-1524.9105934057245,117.89035712942214,304.4920650339976
2655.568478286925,-1091.5778047586698,152.6864274872331,336.091811014627
1111.1529640420274,-2016.3330321545668,100.14308703256671,318.32218398483576
1359.2228729771355,-2232.4412789828275,171.1102245308416,324.11357284455653
1640.4168676593454,-2325.853940730497,48.02791097496337,330.84389038915947
1814.648993715503,-1130.9634534778236,109.67574335362684,330.0424790484036
2238.4535492866726,-1552.887592804017,66.81658193922323,296.99741756857594
2450.2725442549054,-2985.309331479236,184.0814633399614,330.8052675132459
2318.4937044184944,-1361.4934158634273,183.52344727276596,334.5821091318937
2142.950117250388,-1580.4499696544274,238.12598137461958,334.24555523540016
2714.4541775413163,-2306.7688064735858,64.91160248948763,309.49655423288874
2862.157413542221,-1580.0774196318976,180.13111975096166,332.0611741524697
1268.865611935496,-2611.707195844833,187.90445768290428,315.4946030025385
2230.3813696825787,-1930.829029954453,220.75487230408604,326.43380320034345
1292.7915532748855,-1550.3328168875166,77.19531067824657,296.8665574554164
2274.8698287436137,-1077.0101802938455,41.91746641021901,312.8351224225186
1206.492566395183,-1776.5481706966561,35.79164604589896,326.61851831537035
2105.141451455326,-2563.415778696135,-5.064172105845156,339.8057873043826
1103.9848741179508,-1567.3621997088048,182.1643741215813,303.00476546868214
2459.2317530558194,-2841.353850741492,246.56896100784974,331.6946028628324
1536.7452089147168,-2961.7686085795217,245.79809956240985,320.86247459262376
1493.0561110782326,-1031.0630732400841,-11.419608811553225,307.5658607258417
1596.3617499447096,-2157.2765406640974,16.183155321442023,315.0870020670445
2708.6390151319765,-1574.7524322202325,207.05452303637992,319.46111820644524
1600.8278601581342,-1134.520024333435,7.50549837304299,300.3780801916572
1829.3099023864563,-2289.9272580765,88.61660664036825,339.8367573613631
2462.4338046886714,-1213.3200382081732,28.442654202862563,301.3372286684984
1271.9009067942438,-1610.18471038459,202.87235995372276,323.8302126998474
1967.7573197035308,-2951.2947858913076,112.79376639078023,321.7712549452305
2169.7976959669813,-1268.9649900226289,213.35713947140002,297.8804254944926
1187.4265948960015,-2240.4947885741785,223.88871306356756,295.3675522041358
1142.0067396422394,-1976.766800982573,134.88712808393728,320.7208510417051
1884.7795918430197,-2522.336475406108,32.00200230465682,320.21645362379024
2674.1619583822135,-1729.0516674325445,212.8989495768164,325.0343413566709
1325.650409605353,-2448.2641740625645,211.77261003129445,333.9895944541559
2028.4413558991214,-1165.0832351646989,107.46269064354308,318.69949759180747
2493.0806829814437,-2068.4480070039253,169.9595341825469,317.5503745263308
2663.029966398451,-2559.980865304733,221.01570036043285,310.7037660536413
1283.1229429997234,-1683.2409954647683,60.76486994689918,332.3987451634518
1631.0577059570096,-2937.9569990868404,86.10612536568107,328.8650648723465
1689.7419395334223,-1598.848665841617,203.7206344936574,307.5042076122537
1544.3640964924512,-2990.3420734398082,24.9549720713482,314.78767875164806
1136.5488203241891,-1208.3282753119502,-13.800266576945173,329.11554691647575
2719.150272067716,-1692.9383419242952,206.16744172204022,315.62896679807926
1517.195596568586,-2704.4666678966123,117.5779091360505,311.0183179869163
1268.2125032319325,-2910.729612842537,5.69471860292267,318.58656642440616
2934.724545845669,-2816.4915814858596,-8.393834400164602,335.77703132399387
2692.4647677386984,-2844.0291504699594,127.9584281289738,323.0895515042782
1558.0349122855287,-1823.2831829045376,-2.8586510911807252,296.0863222224737
2699.8379714525304,-2399.213793611063,82.07314416722605,331.0996818071038
2140.504409240503,-1865.4783749198236,209.06899221672356,312.0483831219979
2738.668087382948,-2185.465472538607,1.8890502308144406,305.67087440870387
1330.5629686175498,-1777.2561213619967,249.01126864080715,325.1549074624822
1908.0596004389395,-1165.854688388289,31.25487573632531,333.682726552312
1943.9728762586255,-1113.9675537243315,95.30471486109194,307.6669110514568
2923.7019085455167,-2445.938427157315,69.17531628596039,322.0677487140018
2540.072214820388,-1594.3178344395792,10.454226142934278,306.2208566182572
1418.2140321806032,-2411.410750700392,9.844047906745217,305.709377455649
1170.1740733732029,-2733.985108683969,98.25114400983513,327.73058818694545
1172.1341504830275,-2109.871246380091,11.719179878954556,308.03678340935954
1380.3297605667829,-1988.8704445856847,64.66556398306832,310.9304711647996
1506.9531562037314,-1232.8372487464383,173.97575789535097,334.4666580668974
1600.5651125358859,-2373.288481074918,129.34622341199736,320.38979423694485
2151.28759798222,-2317.362684658249,-6.496485461909291,312.8107923848294
1472.8292317150726,-1277.0456388235616,108.44199573558534,311.0668381907716
2183.795202000486,-2848.35853772868,259.5706663613822,302.72977420170093
1815.0101064052435,-1977.5088877533694,216.88858043377098,315.37035439540097
1346.6171162997452,-2182.096656268687,98.31894869269681,301.03741768096785
1428.3418879041997,-1167.6189528621626,49.21922345668774,329.94217945066754
1509.739707159029,-2656.8773538584173,207.30741429474676,313.37836390773487
2814.2625114633265,-2673.5319229778934,247.83120185498717,330.97716593523046
2143.2651155027143,-1626.5382388488802,104.12019459626764,299.6482245620064
2611.1188174446406,-2581.9441964318157,167.82488958221103,320.62116457379886
2399.5585728834494,-2898.276661880388,112.27573563183608,309.4749242085721
2160.9720184607813,-1054.765969057262,3.3502636730499304,323.8327877810811
1499.993395547743,-1202.467756982528,8.437287251052798,336.1766649802989
1076.9370720847264,-2711.849387454634,2.9580651573731593,310.19948788674776
1933.0611630082285,-1289.5292345293942,254.9476312202109,332.3143819131587
2589.4826076835852,-1403.080413093362,44.181977242035465,336.42909564276226
1148.501971833583,-2667.5076174818414,184.54590305658405,312.2203120372603
2661.2599036566517,-2805.2754223826155,237.97530989267096,313.91231292541505
2570.034830244983,-1242.1648470162504,195.61556501904087,339.258961268705
1541.7946982982494,-2923.6454581281073,4.993126097170975,317.5083318087119
2233.5199279271746,-1398.3657924503616,128.40061693299214,329.4241357556957
2523.3399561005526,-1098.2321597847545,194.75792187886384,304.1928423275585
1602.4142382216705,-1773.604517966667,94.68310081186989,315.4052125119866
1388.420544454304,-1633.2040799968352,189.08637461368318,329.52785737697013
2835.80728329225,-1630.3276042546984,224.81789907390754,339.3356307893517
1705.891149792414,-2162.792129142907,213.1723751342827,296.9511425830778
1967.1436864585958,-2954.934138358157,213.47319559707452,299.1236607294058
1034.8588560704986,-1062.2332306777907,104.1673699088488,317.38746238926086
2078.182625371842,-1654.9734510030949,78.89530349373948,320.0807093650245
1872.3213460925394,-2924.7681328514873,64.82398661450695,326.9335695321554
1351.61026447879,-2811.24370662842,168.88376543367647,322.7026454381737
2471.756154604086,-2015.6963314369168,-8.39582084747504,300.48146832400374
1058.0266927871467,-2628.976613217291,-9.936553833257822,302.7271826502636
1151.8702659857358,-1578.4851572445828,117.94756052317169,312.5451814015732
1279.3388977801837,-2558.707843823052,106.12317285070326,304.2472665688252
2108.2490548834603,-1998.2275768011762,183.77802331047621,304.03560461897615
1518.1205193813917,-1519.8448333468696,-8.42188443279739,319.41199191593427
2887.7478070180346,-2263.9269843446523,47.95764856843822,311.67042282825605
2582.7203815591247,-2217.2258260018034,188.34297459070783,336.3134399640426
1175.4432860268796,-2912.610568200412,-4.145026464862113,318.1758088311338
2340.4684773091153,-2470.399618898325,233.50008058163507,314.5350789145315
1678.9825387912697,-1914.0622895161755,254.28347598047662,333.0354421877158
1688.5036471070134,-1645.825805122987,249.60400141675046,334.52312771837404
1665.2368081773307,-2305.058228301035,42.74647756534826,330.52912688316655
1835.180885299908,-2953.0615903744256,51.926208792347865,338.6626797069425
2019.0513479023118,-1378.6026952326158,241.70918491856128,301.9366665683826
1785.5915201169885,-1148.4570607359015,257.8564226902123,310.31483136626434
2716.1172703146913,-1763.9848695519318,241.3789366240041,310.17917243802
2664.8854134260446,-1197.209893566297,96.92930283847976,335.0668637168584
2188.832237213669,-2031.4847070073624,-3.552410937344078,339.7226283138789
2002.7247309621494,-2760.4821458310334,47.09184348332721,333.9913276880755
1116.4037343465393,-1020.2362914585176,-4.693555357050968,312.6001909159569
2027.3078420572067,-2830.660361944658,112.53832031175425,322.28261378298765
1739.4790472511665,-1234.3469618786096,75.31912148782594,319.75179723111876
1873.5924561620031,-1453.0217202223278,149.74682229947248,313.9919697525795
1666.4222914988713,-1903.393819230893,1.4002633987824566,334.07706250135243
2247.5308164630287,-2412.037942836292,192.23702894333368,324.1204078563703
1029.098487341339,-2035.1498071276674,5.718499973885095,318.8282249458051
1185.473337850582,-2376.9798084051354,213.69659669004844,319.2020577795544
2379.445379996735,-2618.2141026173977,209.286746780021,310.32612657940825
2525.371716051774,-2663.0841406906297,8.0322651426591,309.0500733368501
2611.9269311274693,-2173.179796192182,184.80411127578753,319.7580657731603
2448.2738804615874,-1239.6137130709235,50.61709905938915,309.18084635154486
1556.9527915567085,-1634.9660537126579,149.36480369024756,327.1076661194188
2891.2006897255956,-2807.466033191094,239.15881323896832,317.4203533068475
2000.2912485165336,-2619.4597371167506,29.69318876019178,331.6002061532707
2320.288769326423,-2085.176675560338,156.82391569364228,324.3820947671627
2433.5044105966117,-1505.6205315951606,-6.982708877081217,320.91220687743703
1831.8668120951334,-2032.6339139067745,14.833718703704577,301.5483229242506
2426.1908470184644,-2336.9885916616645,182.8996625399331,296.09044296991794
2499.038358392413,-1753.8074406100918,221.48312521042126,322.2593401612301
2181.783845554699,-1051.4127188230495,61.17203530842002,316.40120319658257
1052.2300899251504,-1365.615683366869,76.60998364808174,319.7985144779021
1876.3483968857413,-2740.918300395955,188.98044718531497,317.4309903377304
1977.783977745198,-1267.1680692584848,214.0693784637063,320.5917772844777
1228.9725453198193,-2964.528422923708,217.34958900814584,339.9244340674609
1122.8867638487657,-1272.9564793879038,5.727604466639548,332.74721730064783
2064.01767417519,-1295.815476704956,172.55580782150344,331.99979279862947
2528.837293762412,-1158.5670695559681,79.95164937998143,306.55325181432556
2707.4923115078664,-2838.1952942735334,40.88225642298551,313.7684210819898
2579.89057221265,-1797.1468997423474,141.2965042712395,326.1853790415422
1936.7596209375397,-2896.828973432011,177.92030882547434,298.59984630884367
1769.6875610613688,-2719.6556536363746,11.669948054738025,332.8659815156994
1164.7027940862001,-2789.091776845599,-10.358176425338801,325.33858229437425
1110.880740755203,-2973.3767982727195,254.28639491473075,324.86075909238724
2290.0669887455706,-2334.123451916131,51.79687172485134,330.99137711336505
1044.1497655100527,-1712.321019215371,252.57139660552156,336.81868105749885
2668.064974382753,-1307.5904221343167,160.79899846207834,332.31470846785186
1302.6363488540821,-1519.6164343305772,18.63071567448558,329.50171287819296
1782.9998988918624,-2006.6439071003847,87.66279887078778,303.9824257143507
2588.700446821066,-2882.3435578769827,197.36845096366284,295.6807292537578
2586.8496138891906,-1991.678143032423,61.946002400769245,318.13475709908175
2799.270391347033,-1737.3506830028246,140.9465072738671,310.57189559402514
1601.5170740057258,-1124.7740084134618,220.7384197134477,325.33073378669235
1872.4057803929659,-2590.2631962516143,224.60565309639696,303.9852963120696
2682.9960704519654,-2417.5975772196443,65.63509674600088,336.9820408541391
1969.5163045607353,-1655.178012591319,218.3933735566595,335.2634844709095
1360.5333631239678,-2809.8292119908015,177.4350714581435,303.33040987684456
1439.6770420786188,-1056.4045737508588,69.01485008351281,323.6378866017466
2798.10289937657,-2985.9139887573447,221.73809245751,302.18558257622243
1172.6954458282387,-1322.7084005459578,233.60055153400728,335.9846453263416
2193.944018869274,-2972.0051217730615,33.05622554442294,322.93947009745506
2743.4288904325776,-1600.5170071003372,251.3044436247351,311.9820804887199
1858.9957322490927,-1566.4252816145072,113.77671097174442,318.3104429584814
1769.153025215475,-2258.578799078193,1.1205675828200405,314.0333231477648
2203.5814168604797,-1432.0882893064063,24.36896451825715,338.0768658573428
1568.0109014818024,-2682.2903452093656,112.93600614447494,332.96960564110054
2143.2947723020134,-2175.492127542041,-7.470798417712963,310.5822286563789
1409.4142995124655,-1245.6840441989787,75.25329084908864,299.8621325175054
1043.1256198526214,-2072.3490502525146,3.748407946735032,307.023106943113
2562.1780321854767,-1774.2900330409063,216.31463385977955,297.8742198655821
2215.0671233428056,-2856.1207649791977,229.9912256363968,299.17757698434383
1444.679862648591,-1797.2343600095755,63.77677404312524,336.010669171701
2654.8177807633447,-2950.2514382811178,178.9371872262368,311.2159303324617
1862.254784185173,-1243.25845594683,59.752288682144865,329.9643021832405
1951.137341843374,-1178.1874545313942,4.632675473203545,337.55077425489003
1465.0073243616582,-2723.7702047151092,-10.280260386056398,316.2424771461464
1871.3868449764313,-2518.510356594488,245.09482740173536,331.71735508653563
2255.248075150441,-2179.705624938828,141.9089286765144,296.40207753514966
2806.8861901468663,-2684.4311392807504,147.42139703702688,311.96387084434156
2467.1973839420493,-1830.6845642910391,252.69602486097818,319.864949580559
1377.9679113573604,-1945.907010131002,134.0821820458337,303.6805959849648
2513.2793153777043,-2130.334139293102,181.65058433470406,327.9579090025764
1994.1281291839869,-2642.0342556681144,141.8549843345295,310.54239052905393
1559.2990743364535,-2639.199164200576,150.5999786611826,327.35938730666686
2918.8808415652816,-2953.2158308922594,79.78012862043812,295.8858999310587
2462.9330779997013,-1176.1363604362434,216.74625603505083,305.9606609227824
1814.8540215235635,-2025.7458719359847,160.0515048086505,307.33975581702936
1206.5127110439682,-2140.3503666393544,-4.586891031602994,298.4495245357515
1656.954505142466,-2256.273051544927,81.1540222385483,307.0356938940963
2374.3237331100845,-1402.6045977713234,118.21516311734615,328.8364845238216
2431.4451358109886,-2325.1101501013177,112.25168308696153,310.1572347171803
2069.185731258796,-1384.1152986019497,99.12201082585587,326.2447028582369
1418.2768470858775,-2948.743541618525,-11.902297763627837,320.79208797162306
1770.6925332926207,-2749.521541524317,75.10398892374161,330.9312402633379
1445.3982353677816,-1790.7005176677455,220.39150476778062,302.04655130233016
1141.2061093828315,-1327.7002150513435,230.06000566239175,303.65484943279637
2965.8291002598608,-2947.0762264039645,66.44652987328988,298.34253843194364
1502.690475512377,-1741.4441205898527,80.76813134843985,338.2423000932321
2238.102094681626,-2975.2866466479104,102.07180473695372,326.6364805040635
2495.870193568454,-1875.0070722588869,255.54657466841564,309.75146767311844
2137.554090071152,-2647.3346685320257,72.62449774998883,303.4088352763316
1662.0270602072292,-2969.084575814983,140.86116603924847,326.1848845738952
2315.3912834917824,-1310.3604275245593,9.62090669801509,298.61754862227895
1124.4440887730689,-1506.964780452601,259.57682798451793,307.4162791143762
1240.885644619768,-2856.159472535206,36.447198335340005,321.8589172347655
2792.5810011506087,-2773.5450264618707,240.66679686281702,322.6714443769103
2122.772715266404,-2048.4467459939224,54.14734114125801,331.4181742269317
2710.549706680065,-2139.8025184554417,31.11531513188143,321.80714931335154
1066.212251534404,-1355.3393780251397,259.25978733746484,311.24494010390873
1465.4838267437126,-1379.1803514375263,252.2626114752972,326.3660640928009
1259.2452395753144,-1425.7682765619552,80.22783684766344,317.7117268345856
1888.8668906766434,-2815.2593951134504,31.460781791981937,318.9446113808181
2900.7815544946916,-1257.7208244191513,91.47813685563584,297.47772838940216
2624.66495206534,-1911.2506878588283,212.9243538434607,337.4568554534545
2697.845694756811,-1798.63245474802,120.90987469526698,335.0837273771858
1770.17946883403,-1119.814378641907,86.57012282793508,307.0979622212552
2520.766777150541,-2271.817425042521,58.48879039700614,302.6743447599384
2545.5217986638418,-2197.3320815971274,149.36941114309585,316.95138986958375
1213.9807547162814,-2893.338377576133,224.40161728180675,301.9579613763853
1297.8526750304623,-1167.102036812402,76.23293506699027,330.74323714912356
1558.062757739719,-1017.2151498777755,238.58069236446818,314.7834815280918
1575.419051656775,-2754.2473608200553,127.39068362392936,329.6194947498952
2819.476330533718,-2403.051832350515,170.75099269339222,295.20722362527323
2956.675034866219,-1350.4568813579492,6.23048367420564,316.0811440260416
1776.8745058545883,-1224.9229731186422,26.703595372687197,328.22681209921745
1603.5026334734143,-1279.9594093047328,177.73689320666395,303.62839171572665
1216.1301034556918,-2672.517250799482,256.85720442774925,317.29285046350896
2062.117886384796,-1012.9271509283369,173.02335952765333,304.1658359205131
1441.877693681768,-1709.8858753859515,225.98493111941673,324.3343037117512
1802.0841826448288,-2561.76370913412,68.23172398283405,327.0650483646593
2527.659310715734,-1220.728098620163,99.74483903927849,310.2006339974628
1882.4437193405936,-2379.4117718988837,208.59737485674037,298.74375429644215
2097.146097343749,-1293.7960240584605,124.05317068395507,295.6266297461815
2632.7542917444703,-2513.2486476722497,223.40199507735198,313.8366794781515
2703.1833277235437,-2422.7564551024707,220.5338929159023,332.2961050923921
2980.0640383064438,-2606.694405517859,188.85715054367614,321.986942956347
1197.8599011861343,-1059.1135727780966,78.87557163765113,321.1864420776698
2673.169639159837,-2073.8463150737816,216.85064556003448,317.0012900354507
1578.7708800198016,-1005.9853263112452,99.92226735034112,319.38841697511896
1965.3865599615228,-1068.862701815285,20.390430004765868,302.26061640537824
2946.4833600322036,-1970.2275329516208,2.383918636590465,337.49454480558694
2267.1687849825853,-1965.5165943493416,243.8496074156987,296.93743648417217
2936.297069499942,-1935.345580374518,-0.5668299233250185,336.814533982599
2197.137041581476,-1007.7927871784127,220.80310998492678,325.18553088426415
2913.315888634159,-2316.91213612174,-13.462075947637373,310.66466897791014
1436.5021571687757,-1117.8115170995957,177.5367412916428,339.52558476985894
2363.216797649594,-2739.8809915873744,5.727282774571641,325.42809166569907
1654.807581804827,-2085.3665878830225,216.7003517763569,296.0558535387731
1266.070609685201,-1014.9625330621518,64.49995310254663,303.75190294559405
2941.7037216052554,-1974.2919535403332,228.8001410171691,325.2784686220438
2933.231631152541,-2090.9193425381764,88.50651755466018,308.41947616405326
1505.8837436835138,-1436.7572299040696,66.71952456727334,339.0738883415574
2160.250252516223,-1170.0960393024573,250.17878604829252,301.6008495866207
2302.9731166147976,-1472.7370697097886,252.45952261294906,325.9184329920638
2390.3927751837073,-1187.9767000654713,250.25923555166986,333.4285290347221
1862.353330574529,-2945.3699886327418,204.50587704625747,324.99445274368696
2681.3296386767693,-1920.61276229173,-14.08626476198799,318.6760829724579
2261.0170035485867,-1176.4552458434475,204.82617127612738,300.03156964727845
2567.6935143803044,-1754.5859154075183,26.72940847489032,312.51021068665045
1644.5541128141588,-2110.085765559577,-13.25573888887848,308.3922129691125
2662.61500093456,-1128.9282988526425,161.66726458452152,337.7179219402128
2615.136479839064,-2248.9773584351906,195.81621957450446,305.78365739890774
1657.3936449021917,-2706.8254340761864,0.8867212663595012,319.24888060791534
2510.3630901839206,-1806.7730310601175,56.37873278101203,304.73048274875504
1525.2298414998372,-1316.0591342887071,-8.135430309699093,330.53987288300004
2181.258131199598,-2931.4281697106126,79.4519619353437,324.9845966175964
2554.1973386282934,-2079.3909980996,227.85292911219892,298.711877448812
2955.8312225915497,-2179.6640609154706,113.10675607286782,334.07066675973437
1748.0327981386254,-2242.1666984990256,165.214855708961,321.9486365525647
1115.2024416958764,-1938.9845675958056,156.56549413073608,308.5542173142173
2788.2533479794083,-1681.5942276616431,217.15657529191907,325.1809028648061
2144.809398282723,-2673.8183750608873,75.70487977673233,312.43246627117173
2285.0090124643143,-1968.9083516396388,-13.140470335439602,309.5498260508151
1558.2674932693985,-1467.3028272658248,95.51643189128592,328.8701184046246
1075.0829478232645,-1572.3736330702027,71.21897689019526,300.96229719849254
2900.102390010401,-1363.8606050816056,195.84928017422993,318.39074881491695
2728.9405251865146,-1509.8326842149315,24.914199061367775,297.1566363747174
2992.0409095850687,-1191.650958938146,54.34267683933784,315.405236515287
2488.215587120736,-2291.7186533960103,193.96427175752208,331.52371106825376
1844.3434115231094,-1375.487742406676,8.198561864757274,330.9371781926883
1859.8527693163398,-1492.1618175025524,46.29835469019576,295.0371257139012
1351.9898887209476,-1042.2457462451555,19.077643175956062,304.99303252888467
1065.723716021185,-1775.613051769687,251.49031155604746,322.94321333121746
1081.4212595247445,-2589.688298732919,116.54377040706797,334.1160339566281
2560.306076622657,-1077.9033870913254,55.654708684502765,298.0375227699645
2890.1127613085473,-1660.2847544851325,138.161791391659,329.16922993114383
2499.4504149942054,-1662.5226086277682,25.89160184241318,296.64160643764853
1332.2607177167251,-2928.408047379993,187.80301766491118,306.600900467319
2863.517387479379,-2139.769729984687,233.76801523060044,307.774291613223
2042.5861324381756,-1430.9053208487371,5.4232491304892925,328.79057161750455
1763.4204339497733,-2389.648364339089,38.73146187251264,338.9115142219381
2389.7732435510834,-1841.704631630236,186.5743723480335,339.8734618592663
2030.2543291827706,-1481.6176550907521,-14.327885335620916,296.89664754433426
2776.280366711245,-2664.144165902335,84.49134326211131,300.3010769787125
2919.5504974734818,-2915.7327151219706,16.658076751004067,301.32474653556693
1111.8867404082407,-1463.9727075072649,33.293485586617145,330.2674407999195
2682.8797936579576,-2775.9562523622776,49.5230203968332,310.3388709046177
2382.3750455086047,-1805.8911857865178,231.60923912118855,330.27893715172314
2926.7874236537223,-2797.753721534316,115.74343262901985,312.6704596228365
1186.3774195803599,-2140.653006668794,101.65291337345926,319.2132452452031
2016.2904570629407,-2909.682150822368,56.61394379041241,301.2852795452466
2598.649205792564,-2587.5612226737253,246.77721867764024,320.97831589645693
1110.7024383386145,-2128.435369496455,230.84326558512905,296.58377427376627
1557.7218867169975,-1526.5434837633131,14.939751105478521,320.4714949434061
2323.8406871255957,-2031.446625089166,128.36072728220958,307.736189263166
1102.2670108701395,-1875.3358231595785,28.075801858344498,308.5725582649517
1056.7825984359645,-1282.1645605926035,227.98990957338597,331.0823818849695
1987.0065885769045,-2508.799918717634,149.79146044757772,307.4899844149795
2972.274669842455,-2294.9648320544857,229.80305806621865,308.6651461298458
2166.2791185090955,-2872.400753405716,87.09919590914816,302.2996259074002
2437.480898719605,-1818.6239870945485,68.01868768214462,301.0657915569937
2662.3410255130775,-2072.832154299174,80.58020092344427,312.47721930110947
1943.1026545676832,-1813.8806556935917,134.5006180723527,330.8939216269327
2077.580965736517,-1139.7194909319776,257.4755941544076,331.36393763348093
2782.356150929882,-2578.106364504143,88.28953898399526,333.256778912438
1778.290183861091,-2924.0909749896705,25.306658078664128,311.3251247967417
1630.0155974577222,-1535.6927518302118,135.69164160675604,299.9972614147866
2694.3101998817483,-1501.8149350579592,135.44163124912274,304.5688047411436
1985.1173000201425,-1522.7591550871132,105.87113001915692,297.27055708119633
2366.3454612799073,-1365.3781798669654,25.696657704944812,312.00782726297376
2953.564939588303,-2228.3189810940166,217.81728624815017,296.36308944222617
1275.2057592098872,-2661.763499011125,32.05918096846805,306.8580813824706
1796.8656091273008,-1561.0202668097752,114.32225856858054,302.2839299479778
1289.7100715079305,-2621.308935765687,25.571309316079095,332.61121689462937
2684.206075455839,-1695.8569976026813,159.79692407605077,321.46153565540925
2572.5402905570477,-2912.5041928107003,69.10835604857716,328.83213132387783
1430.5466229091571,-1874.8156980669885,199.50518001285536,303.6268062453404
1734.2961241692515,-2092.9593537254677,45.23375495048362,337.97542414646875
2157.23261954559,-1499.812636804975,27.840998677047104,317.192061893616
2085.2209296480914,-1063.6591851151172,227.92252804969962,298.8446431031261
2428.919259483284,-2685.6693127114077,43.43411866090749,305.1835072706565
2439.3627482125703,-1036.7199728382116,210.70438969688263,338.6615006449724
1931.7627232150949,-2210.593361903477,120.21293935676746,326.32845188520713
1310.1039501400883,-2318.3095460704653,136.9951543703468,324.7815781702518
1335.4473233996955,-1429.6249675117722,133.99855760255028,300.44634048361934
1009.0028577779098,-1931.462048534513,159.80573418009897,308.265958405671
2179.9382155508774,-2156.5335673911345,93.6756204202583,329.6362995887184
1081.988693506994,-2186.076236299132,33.00497767511007,321.23311027788844
1624.4550290235652,-2330.879673650498,143.1871475100508,296.4723004883553
1703.7836831106492,-1658.372087618971,142.4732114008709,327.95184782020766
2500.0612574513148,-1971.7871808922955,202.10946928246875,313.55185883229797
1623.7093541392724,-2128.762852569781,154.99539336475218,330.37993438332194
2489.6228626572242,-2429.751261839151,17.68349434749925,313.20223952256424
2622.8238406118667,-2348.2516589724523,196.80962239765472,304.822284392242
2673.399493563569,-2266.4616978533504,161.44844007112593,306.89667425359306
2589.463998106845,-1200.9767820095112,109.31996864006902,325.5873253194293
2348.958689519107,-1213.2697363445625,135.1250106712258,304.0263561312418
2858.4984757370303,-1434.653046253057,165.49786266635337,324.31556575810754
1603.2262493870985,-1741.9922591667569,74.78067510186844,306.9656478950206
1382.920636945069,-1377.9765684422923,3.4074819621311825,337.23118979539254
2962.0040109862102,-2497.13576765627,84.28880417193994,337.4929647620367
2990.5575435488695,-2596.7145301478117,40.43241826716196,301.8042550296887
1592.8297845731804,-2841.4440624988238,10.909480846452734,334.4359762035584
1661.1300691080792,-1810.137307352535,87.97875433484728,339.7526004353577
1127.6106292335016,-1798.949845355075,252.5513691527794,306.34487153110956
2365.3695285376602,-2767.0024293009787,35.727632706614074,335.5011733391025
1027.2821054764352,-2396.6029887787367,184.42629029484365,327.76165953050577
1200.4526334592429,-2083.2810367666502,176.76970325123528,324.8077263802257
2728.9529290404585,-1999.8746831207266,257.4125130685523,303.00558790775705
2893.7585595754194,-2664.3173168195544,146.92329861256925,314.5821396700448
2689.993996706832,-2050.442194525882,189.72067679993464,330.2089213355085
1321.2549531782913,-1979.3671251274568,111.73341262704,301.90931887849655
1623.1321170487188,-2740.436653261845,222.83697165973973,331.1519084868316
1193.1284281876246,-1391.5537766338323,192.8276542566428,338.8963254881649
2160.4746982842307,-2152.3152041456415,163.69247373937998,311.5436417887679
2247.6650423390247,-2914.760470169741,129.15258421039937,312.8171535693185
1304.7542976219086,-2099.8714199595433,60.47675450061929,326.7242703886953
2792.9788724166083,-2589.6291699083563,35.94582197806849,330.3722192174282
2008.225833344336,-1486.2469781678365,83.89928273058332,336.09703567166434
2202.0001514194205,-1691.1119766884262,98.8681882456865,295.5016776975407
2340.4944214607995,-2881.446652105133,17.990360097965258,302.3547983853059
1210.3292135811132,-2287.22751996014,220.57084744485388,328.99467269305546
2458.457277099764,-1856.5010887372202,254.63155656712365,318.268564561164
2160.7408771621294,-1653.0377256194722,49.994689783819,322.8233867140384
2813.5730225889674,-2935.312318314454,21.873410706114214,337.59810439977014
1168.4551519131905,-2522.8980639382253,54.77655283423195,325.0217535125358
2432.2482855719772,-2684.712000907664,132.93169846474845,330.6114946001019
2949.6190784748883,-1641.682992632577,230.5080580937969,320.3125611439181
2006.9811705402974,-2381.510436243054,145.46224133566744,305.42588589308724
2143.972209536748,-2649.5132017168394,69.15460133864151,311.8445936240148
2704.5739113636764,-2882.807056075364,174.48702499823145,311.04009713164015
2625.384889723893,-1041.2987870275651,39.25526962559373,310.83075450490605
2506.8942281086693,-2659.6237198321514,11.114270074254826,333.9346073136927
1775.1679067978685,-1725.9664873366712,124.65807091340162,297.56978877490906
1677.7720978224565,-2550.8598764594517,152.2256736314977,334.84894467288086
1648.148179830051,-1410.431129522499,93.07892868705548,326.95233748183097
1541.884758372697,-1067.7986485710778,251.13684887913195,307.66132141293866
1283.3358519130861,-1001.64864665191,11.289277395922703,331.5747588640022
2390.6359012866033,-1454.9596420930388,53.85496282532249,332.0835430310911
2547.181565862102,-1123.3973856493126,157.30610005762986,325.7099261613647
2954.2756339391276,-2733.464017312303,155.6179485845322,307.8109580863587
2761.05494048323,-1915.9847640842097,210.88603042554593,329.5237639759545
2335.8336103776637,-2476.318101488919,230.34861412735597,320.97109941247885
2035.8184315909693,-2838.6710761160316,4.019077581761117,326.7496493182465
2396.1153508211646,-2137.317498290885,120.97397414936924,309.10191236732385
2781.0421579189033,-1759.2299578511747,216.71072006712407,330.14958471644445
1097.5833320091501,-2260.2763275218717,151.90156963448217,295.62342979904906
2458.531834327798,-1560.200480632169,163.998493080451,309.4859407598824
1006.0799105135687,-1217.650626420738,110.02774849447833,310.8056835014538
1756.6800998335943,-1916.4136104212266,222.99139495350207,309.10406720902415
1167.4606082638334,-1466.9408885023772,112.95708525191944,338.7323055601883
2432.848738046881,-2461.446555060622,13.431603925467932,297.4525949399299
1820.900955550032,-1679.3152141562502,123.04720215457783,322.9236931757502
2919.6638283072907,-1257.7654129840075,105.36116470778906,334.0670143137674
2796.1375252570306,-2409.761523322637,86.64577618587946,323.4667742517148
1505.9877635283449,-1559.7434178200515,216.0019358107381,331.48380588523696
2474.9811928213185,-2235.420078477767,183.75295435616823,317.4020039223202
1722.176842663178,-1778.4630383243277,206.66489292783436,322.14915325633524
2492.252478818164,-1885.146169448596,158.98522758434814,319.1549364105415
2558.002206454443,-1278.7420400583806,98.04971407071746,308.33551569854075
2153.4398255292854,-1675.679739494046,136.46987376301297,298.72260400253526
1939.5588542033074,-1423.322850409482,27.422596490836447,330.63999699419253
2699.8502212716794,-1845.069671197515,132.57953897062248,326.6122427384067
2727.9031308664316,-2131.900625583746,200.8804976216117,320.3160566641115
1857.947611692125,-1624.96808321586,201.798381657923,299.2033881661071
1610.2811127198675,-2471.57518956036,218.69725165157888,315.771614798547
1605.9680891852254,-1260.4276297646343,220.94332395463303,302.076426923559
2895.2749202553828,-1289.7767498401145,136.77440056408673,329.91217096928733
2627.715072325754,-1384.0275379348616,-7.674763428705062,315.0726787039359
2113.097120116914,-1560.113884409009,64.1785728945707,304.287184396958
1145.3544141062523,-1434.9986764370535,204.79978266851884,302.4751950512094
1906.62333103629,-1455.5790427420125,116.86760317621284,328.9143795232752
1414.833951659599,-2400.299502906496,154.62976127701802,339.281874858264
2139.8059598504083,-1939.1708050134137,62.16137582948076,330.8623382728054
1935.519216724359,-2074.209283477922,88.23344794878327,337.82933006420393
2063.134546972943,-1864.8187272929515,228.33721127263271,330.86647834347514
2386.4019317620687,-2577.0005948618473,183.39611222209894,306.18356212915097
1827.9102055757044,-1240.8121496668552,213.6103223024021,330.61823889952586
1395.8745485628613,-2217.2399124941157,155.532904166933,306.8014238536292
1037.8947273943832,-1421.0823354279717,85.67125539076156,318.88172796630533
2248.218474998442,-2537.972440929775,139.7461170062154,324.4528227085134
1091.5609503709188,-1475.7310737400398,12.250546419926614,335.8832909483534
1194.0454717831062,-1188.8844775406135,136.2281485206026,336.1215290838099
2502.2174383170686,-1870.4825923832723,198.0636478701425,320.6661876222996
1254.3652819366773,-1192.6987260150684,172.14362104523838,309.2156548524452
1618.5200721045567,-2032.1572730809085,204.1688346119289,304.32086637031404
2911.05068589993,-2315.5415635753784,187.38629332600945,308.11039851012737
1402.7675278902636,-1383.4756931996715,192.526436833783,304.2211205650291
2256.4787367331824,-1462.1141639695388,56.9141642157867,322.7723852730975
1385.94554305695,-1608.7683117802335,161.54042804207367,332.59005547594086
1394.1404254990173,-2939.35571226507,124.30058304136315,327.29856387012524
1882.7515859519372,-1850.12629521896,93.39523642439609,298.2952240830206
1606.130942358816,-2847.047447475195,201.27456485056473,325.1842049086414
2402.5252526767927,-1608.9177626611208,65.4657177675645,299.58281376402664
2785.9563405775543,-2202.459000367758,141.19084215516634,301.2734658536006
2269.4102716417237,-2103.114380206516,34.34528525785355,311.71054821191274
1868.863016684561,-1122.3676563007523,149.5087501078097,308.8919944036472
2959.274933769628,-1703.3744093288276,-10.680072242196731,309.0929840966827
2117.190555168255,-1457.235692461079,175.69237664049393,332.5999572125893
2373.6091056607966,-1909.166179097636,21.72207549528195,310.6920982085718
1835.2089171614275,-2325.48943042084,-14.112432390393773,305.5966865978049
2402.276659941522,-2203.1076621430807,69.58819054536838,306.948325678553
2476.6395987642754,-2401.718440781787,-9.552833764400868,328.7994258708556
1963.7120652811093,-1031.9696652418152,43.45790659482673,317.11478476913805
2486.3224212936966,-1042.2203887144458,5.93448515215163,316.4584838904334
2770.766732286903,-1329.9014270746081,172.3221186802733,319.6438771719941
2549.6788507595575,-1584.861950528848,-10.187869669748832,322.9406352540225
1767.2862079277297,-1484.9261686454954,186.99979316626272,325.7765783714777
1207.2468692437096,-2858.746841101569,127.39002892457489,339.9313654941593
2567.969936802367,-1962.799024110071,110.34591801013673,316.33042436986045
1152.2075243362744,-1639.3094670499302,140.4048582639228,337.664003242996
1113.3599472951669,-2166.5050392788044,34.486267993825,315.55483251243294
1403.1450693445831,-1839.2667340437429,188.45803646708055,318.57250042892736
1921.4556374468234,-1628.2064718511622,-1.5423588973988611,298.8673517891257
1026.4764782901939,-1820.7358215706736,198.34187535230367,332.8835717954861
1717.015485015038,-1622.8594979503932,224.32146021075764,314.69852839593904
2063.382775022109,-1195.8830446350769,231.7470404078964,315.0359286914544
1150.9238681792378,-2078.668836144236,142.5854983561872,337.0197546294962
2851.5185340295034,-1721.4954010422623,219.67875832401518,330.3310183171318
1489.0791757974325,-2014.7527350521805,94.54511956527904,297.5074309438809
2365.87254541114,-2231.69089976746,19.40679515774697,299.236896454057
1822.1198356806444,-2656.9716481226965,175.0714749630125,318.6082554228273
2898.5516095152293,-2596.12981109378,244.26004760197844,314.9138205237946
1019.1119877083111,-2506.153284486967,238.83630126987242,296.6145076419028
1709.305396971698,-1486.6040098200467,125.11756106488932,330.1695731841784
1421.2960201456563,-1089.032277917249,189.51445105593103,312.9987070305537
2891.7712018847787,-2005.4920022823494,244.57676067677653,333.3523451072638
2806.3753239307516,-2522.689659152896,197.62027801173636,308.64248538799256
1764.126570257582,-2263.2623773258683,14.664512290221726,323.2048942083483
1982.105520637061,-2009.80053011784,165.33978731193184,310.91256461972495
2753.138902320392,-2470.123019355156,139.4359902448781,297.60446986543354
1421.0169086503508,-2334.302263390705,-1.2638913980458852,307.20522572933595
2475.2364754536247,-1144.5617465453436,22.386983413085765,306.7093502459193
1754.4988121341548,-2289.2687822332405,213.9260259175785,330.94028796025265
1992.3093086747522,-1812.6955684162422,79.86310182039024,325.22620242175185
2447.3149360944553,-2644.785758769468,131.03438849720837,307.9831809827335
2082.755144287566,-2482.0334481744057,37.68017117087684,306.22503215211543
2568.2455191452027,-1192.639321962963,126.68157975141801,303.41620828814064
2931.995990887749,-1038.5239094363772,242.39815639413598,299.4177964696884
1967.2747751238273,-1039.7002228274978,97.25031395077575,327.35387988376243
2301.515087321299,-1694.3105120044147,195.63337588686164,309.28185831704207
1659.672234045054,-1152.6529740973926,151.43401919892773,297.7419397882567
1098.7947969373142,-1983.7005406056276,98.44433830921618,322.14147911270743
2368.737054982937,-1084.6796719698327,43.867967232353024,314.36402019179695
2635.2558644569785,-1481.7661434450226,227.70344775924642,319.5266552278651
2899.8486108783263,-1610.7140966303434,101.4267125733769,317.56808250197497
2767.575417547866,-2496.05758060975,97.17698505550156,339.9475909829673
2026.3647028962089,-2928.5487035302763,84.19210862845402,322.9758257544775
2884.510214592601,-1394.9946637062824,132.49848484908048,329.0937525928253
1329.9568985818612,-2294.6745160079463,231.90113556742762,307.6757571904047
2269.8701577870906,-2184.035189826771,136.51606378072793,339.6950174506485
1575.1061893176611,-2659.3177229683056,-5.497809248092276,310.6591694125099
2390.390725436694,-1703.6139834958624,111.97568687555056,309.03095528156274
2296.596880352141,-1118.2941818925992,106.27964475582436,306.58027404761043
1646.225551984797,-2433.1222370083833,82.31545677167132,326.7940141377568
1822.0593582523277,-2445.261500024683,127.67174689200857,320.607419204335
1170.5138529540181,-1944.9095496146779,215.0331251297755,307.34674957915365
2068.2804029585186,-2942.784054832105,219.56740322920973,328.88102096467156
1548.2057558969225,-2830.313105675255,6.375082612688882,305.3574014051689
1401.5147483918581,-1667.763332757835,39.22135543656176,329.9657010645616
2133.5089090268616,-1771.5452894197028,185.40522460858884,306.85424297388727
1346.6515003669247,-1978.195806023752,111.82297734347337,326.672626769041
2097.3256109494605,-2436.4528153711926,28.40495352268517,307.4342180209036
1394.1733097287847,-2876.3631025540426,-1.0258688430611986,296.75203779040334
1137.3213637166266,-1691.7942422844114,111.15332061525865,322.5390277175209
1212.84369398982,-1063.40368154409,172.81007952996077,305.76671017319876
2292.802289889619,-2769.3753847529997,233.90337197909392,317.25917522387545
1502.5386084400297,-1945.9635922672005,200.08746876570248,339.8613690724836
2401.8288554190653,-1586.748336539439,-4.459334955483813,339.5665606962481
1046.5488553276957,-2002.2244918658275,247.70567856886413,325.5800405533945
2709.382206151171,-2341.100841530003,131.3146142433568,308.68928942200614
2315.8993835573856,-1607.555917559801,115.60834829732997,323.0082291819794
2695.0376352327294,-2670.2520154149656,42.433644046504604,333.34641079769614
1771.0985478863809,-2950.5104019903274,62.83131826221616,325.61883950655283
1440.3349355790697,-2178.7214294990617,230.09347902240742,338.1142065595129
1637.7737679646643,-1994.71490781703,70.12311490070496,309.1247990578908
2073.0652640822072,-2723.8759407202415,58.95169647244445,304.9039046131046
1906.0062371226777,-1642.0542481090108,210.74758923165527,334.35502282482105
2048.596995748934,-1852.6958333889359,246.10984732890967,317.29450195762564
1892.0167049351385,-2002.183195320492,5.73048997967933,295.2388399767401
2054.3044023199873,-1512.6861633198794,56.38470007044636,311.3769357537223
1558.8152706442565,-2966.115458562093,72.18496360633668,296.70992461975186
1052.5120272009003,-2400.3244479963823,214.00842377058183,312.4345660176903
1044.2491647096965,-2436.6658011603595,2.6062669033595256,331.57759252366895
1644.7822589057873,-2873.120322029762,15.626528858414844,302.8978164938369
1955.2316979412499,-1657.586834930489,19.108427196389982,300.03062784434314
1080.7438100966526,-1705.5548982589664,62.66210181505686,321.0786492653827
1218.0173478349398,-2464.8542175487746,121.7422039934797,310.5687289328496
1634.9447903054925,-1399.5460531240926,107.01393303468804,303.7545375314012
1288.5483385404355,-2075.0317019450645,47.15935575401102,321.9374622796983
2207.308565969731,-2968.191075506398,237.94678507253815,298.5360578722455
2786.572343897794,-2460.097350040472,48.775006164305715,328.2987085005425
2601.211804281881,-2576.910804993224,119.93521968215177,302.5294030152804
2154.5281217980546,-1628.049885437179,-2.339303425328122,311.044428347913
1570.2505331533682,-2504.6867208617236,80.51233355625047,330.9583917034171
2320.7818721155522,-1472.988885631191,210.27669248720616,308.3231590964519
2682.9101740735205,-2936.20696846552,78.77738969630285,300.5585353369079
2244.7849763772733,-1956.2332542536842,176.28458692753242,303.2733136464336
2695.816617020839,-2219.5916221519956,247.0695629688651,315.8663838623116
1909.3891861517286,-1402.0803146827,124.32783246577816,333.81222307898827
2083.5381380969025,-2256.426378822098,180.3020948323187,338.2837350677798
2856.911573485439,-2887.056750427358,67.70856648343738,323.48943798152067
2001.262054598974,-1067.4561597338698,161.65621060356307,328.7301483516653
1412.7305322228356,-1995.0832807458319,99.61156511447216,299.3680422939035
2056.686328171993,-2868.255096771174,115.29762548313354,309.71434570503624
2760.9801556511716,-2077.692565881516,167.40233269396052,302.64117674484135
1144.8692588928118,-2627.8283039358635,220.1409902388662,311.5808453127985
1693.1033880983018,-2051.7170992221436,252.12074985157466,320.83010329515093
1979.309856106607,-1252.3150272573116,132.95541105232886,331.1487708366899
1175.422546409708,-1225.3433631198907,130.6252959144735,308.12985284138284
2016.5633985379177,-2263.806212699978,89.693987823335,329.8310574633467
1589.7325241609058,-1289.508616954364,212.74992572282164,300.7768932678822
1364.841636527992,-2256.4408002029036,256.6647488319418,311.5546964819389
2044.4404585744112,-2384.621362430419,251.78643256896896,312.6224920056947
1239.129918884355,-2529.049834297648,-11.720363719941895,307.143307277683
1989.09055153492,-2998.4337872601086,195.41666804148855,322.1821672177689
1863.8222899582772,-2530.7670362521476,-0.21092042291678936,296.71833199398174
2155.080638447089,-2417.3417782873676,199.2299736119759,319.4882345487998
2714.080507030888,-2026.325911995952,12.62965487456498,323.84465433000383
1901.8273675674325,-2211.8834031546903,23.64209325554218,310.82218941456625
2667.0983439871343,-1294.1143117997503,12.006370099425798,301.37384020877863
2836.574279382282,-1130.2588304630137,56.72366308161152,333.67702655906896
1153.178478760696,-1918.8017104737598,-14.975586342117467,328.148492308969
2133.4462146182514,-2293.7373219661454,184.08546485227313,337.3984947340793
2306.4070472156163,-2959.7621474606085,249.07330071421575,322.88671465155085
2308.445907078026,-2902.3728830659215,32.86863945001238,307.02745288920937
1392.4166926423968,-2124.7039429701103,59.114184817861485,338.6730611421982
2714.8672027910434,-1421.3232962121415,137.38437224942672,300.00841742882955
2658.61852616919,-2350.835048840895,35.8022399954086,327.73170474514893
2185.694975559779,-1319.2877209718024,126.73346148581962,335.9083960652063
2358.3974154836123,-1862.7699861437434,232.07587077111432,305.2358063926901
2405.5999112685404,-2886.4018579508465,92.09502035090591,332.71867199107214
2543.496496328329,-2831.791785746381,100.46576706108857,296.4735572936633
1310.457604491617,-2076.2022877184586,204.86300359737368,338.17365011723916
1302.8462861868475,-1191.5103773803476,78.53794421092691,315.70465783348163
2321.44128046479,-2090.0466976978632,41.754701219320495,303.8449613603246
1109.7484544873987,-2290.8646180379437,158.3811657571469,308.84140952798566
2466.4781905639456,-2550.1215755431267,127.35715193550553,327.52975381219835
2141.7782191489823,-1821.153708095972,131.1874119637784,336.410964780353
2909.8812773185396,-1533.027073386311,45.75157668074406,316.41665044891687
2045.0416300321208,-1977.3033533541543,48.22236754277742,331.04319110271217
2804.7520508675757,-1946.193242730287,120.70799362055382,303.88638760657386
2875.882672092799,-2846.164642909681,187.14276514396602,307.97928450370085
2011.5738107546476,-1220.4324968362182,115.74500096799352,334.35579409345013
1534.2451076490747,-1289.398573285772,222.22215855604222,333.9991778109664
2263.56353964269,-2374.964708581012,93.08586178260431,324.7613489068316
1409.5047454719145,-2802.230414137813,1.6470952002692165,318.41276410493947
2896.6923163900606,-1917.032472037448,168.11686434924673,316.14889761695383
1272.5315241852409,-1412.195636534498,7.011968224013344,295.3615303021052
1839.9312397292158,-1141.5419028063293,17.854955166575806,306.99615404878784
2311.566344156696,-1672.7805428028028,170.6126878492211,313.01629614241295
1634.3057808343835,-1735.0864652913888,191.7474194218214,320.1198019219835
2783.18136440289,-2837.3681017313374,37.11763723559848,315.292915700802
2704.695206327522,-2543.9788311515445,238.25401866123718,320.0025976027262
2375.565726878908,-2526.316346362541,157.11060400298376,335.9223961799702
1449.2815442047458,-2868.569003947615,99.6586167312766,323.94095437572946
2652.3601185788543,-1024.5822761359634,214.7579750305369,300.7399549339644
1292.688124488945,-2575.6122854545815,189.9730105702241,313.10966347194
2252.105173938828,-2948.893007148452,138.28340527310067,299.6478464026932
2394.3722643738283,-1140.536087634129,90.89290440236039,338.91938668412325
2170.8315333357023,-1813.9479681828614,146.32481847252194,306.36316810768113
1312.0270441638127,-1698.2477985280718,29.982351647731207,338.14440660483933
1541.2596699687224,-1412.4454829924268,113.38539950710924,339.48909434359535
2278.0786407594824,-2729.2080469970047,157.95941365579748,313.1527611648458
1037.490309057542,-2125.9205438734125,145.2168356218389,325.1205413370091
1865.3400564369595,-1208.9024597154355,142.18626575853784,300.9512257610235
2700.879029506733,-2551.663437343571,225.62659492710227,322.7941467675039
2679.0664264000598,-1968.1682191420243,37.57454643137474,318.97072882675354
1879.753713878603,-2627.4637055426197,214.71827745670342,328.7893625155591
1267.4051300506944,-2016.1648257805325,-11.388561703325681,295.94890924875654
1378.880254950281,-1723.47064361233,163.3115792310792,314.03819232608316
1966.1649488891399,-2539.2211017752466,217.53310851010613,329.01806674710417
1021.3590628044313,-2675.457741469799,54.74271437321872,328.2752612066
2729.373775384144,-1974.7130211264016,237.00623745966345,311.6058233195727
2969.7889293541252,-2851.2548830476726,250.8098288415494,339.5305368691022
1579.8277028746172,-2621.4076721878846,93.66215183023048,331.02938344219115
1665.0966074305838,-2334.1192869280803,147.5419786170986,305.56930012077027
1870.2364407090702,-1986.2079054607416,192.33928362803118,314.77090598825464
1417.4441149764093,-1779.3266155388137,257.5497888313115,297.7148008710333
2471.7014368625114,-1334.1992560776296,158.10029835859822,308.5247425362031
2206.077613488005,-1963.2724850184318,29.728296806143213,309.0701199009997
2760.5726891487434,-2511.114653951685,-5.117299824462439,298.0435679022843
1774.2857049032127,-2438.6192804613406,30.42407242311566,326.36331030467045
2645.0141203159505,-1925.247935930297,50.3702214321205,313.34933047548606
2891.6791427475314,-2241.8786109989724,180.2276604469498,323.9907246631284
2917.4179221514996,-1768.3037613798724,241.48339840125396,300.9855188440331
2725.2200329885454,-2662.5262341257667,72.07769566608894,317.879632025756
1942.0791216307912,-1715.5794454214722,181.6560496230605,330.0802270614656
1054.402174224679,-2091.407736117184,128.4097783567659,319.477792659217
2184.0090048607417,-2724.4656964951446,158.78695105078256,327.59724525633584
1293.0704067514257,-2757.868872707972,43.4123329081485,323.60600836700337
2273.5183646441956,-2150.200547308994,184.68149196069612,325.0525339943357
2386.5915654191353,-1093.4595638895971,18.719471383101705,328.8426172666768
2139.6226205819003,-2804.7771257212353,197.22535382774967,310.7985183948406
1855.716631542918,-2126.5723853011696,186.93907109538753,327.352573577709
1834.6711251896309,-1932.9001167229576,256.897599096467,323.9435845949023
2019.424425366543,-1014.0071786209662,200.29599528591785,300.17483684367267
1570.2031033210396,-2003.5180387553896,222.87370671109974,306.87387615992355
2165.0356471100176,-2419.8595727990823,66.5265788854675,298.61933504729234
1656.276044846884,-1504.124190596499,-6.426355612545754,316.1436788962214
1955.4865454352216,-1566.5367164946065,198.68320943325222,306.09948894421524
2030.5308774525074,-1013.8946018132146,118.9150193305864,312.6300751701054
1601.884607212982,-1873.3464127219318,122.47392506769751,310.39465352256013
2696.094264540664,-1770.0856565941626,104.1592432955011,297.48070181920014
1640.8149192729534,-2375.4987619351014,102.43354538150064,306.20286679271396
1897.2123302414552,-1178.8057326524533,195.70259442666995,331.02568169230443
2186.9711131768904,-2314.6043734544337,-11.55822600965767,313.1779715524243
1304.071048209677,-1563.7384626641795,61.127519397318395,305.1929797063183
1224.149444973295,-1787.3784406154114,237.0282221281948,303.4234097530347
1757.3489921840253,-2444.4111712089966,193.11518811618708,303.8074375504942
2898.2556729678445,-2477.0626832179755,117.87342490789234,319.15351677402145
2614.3742477230453,-2527.9800521955194,240.4528190531112,317.4773499469202
2382.423099093072,-1425.5114080813007,208.73977713166315,306.408194190969
2627.633388171469,-1172.7046127314186,175.89994037645246,318.8103774994194
2803.6227983723184,-2186.9179144350587,210.74741037513718,335.3205738163758
2403.4298467486433,-1261.7547514603243,200.19517750735923,328.9043411984663
2652.560889674428,-1984.5469294638847,41.07479279991944,313.8754076807001
1686.4062489321725,-2850.078812328011,147.86583195427377,297.8863748406373
1659.089476978562,-1425.853441134996,250.8382336702728,314.35853303223456
2369.445418358664,-2335.042499250013,258.11739759825633,337.0620581994549
1311.3414170622411,-1981.370986034761,34.39735468047836,299.14281411529146
1652.8781426186365,-2005.9572071220584,236.20961321620447,307.8013020945388
2585.3716772536654,-1782.7868632899247,123.52062311151766,307.8150456895367
1878.7027803887047,-1055.5003480674202,234.3020327088505,296.6685901861765
1354.4221510818556,-1590.6434580886553,213.8907260968769,337.0278527358655
2497.5290952133305,-2348.32809003973,-11.673138165927671,338.6846102312142
2503.08293470903,-1058.652689518234,3.620817226066791,308.2050154401295
1972.7206087233121,-2266.442824796275,64.54697486197176,321.64860177035945
2554.676685767382,-2467.100436390495,142.05543071937254,303.12073889255345
1078.7003213034136,-1467.9330500609287,241.3331670582811,310.666557499492
1580.0077500393813,-1446.8423229688508,125.34140772198779,300.2191402640366
1958.7848330658685,-1146.5839720043325,103.77094112110956,339.56248488490644
2052.334121556216,-1683.0062822668303,-9.667263797659704,303.88392136328133
2356.2187300277283,-1568.3877732835037,163.89478694997638,301.6584992382494
1006.3750667427014,-2677.038012129537,85.69368262744531,315.41661681544093
1633.0907955207795,-1393.3462108350404,115.82783589497691,334.95229892751064
1389.8117906696077,-2816.7645334991084,110.88863588167884,300.1911930943431
1676.3647872600434,-1108.8909080316178,172.37241991278762,314.2955713280197
1893.644003189227,-1892.3761876450833,151.602316996865,295.0899778081364
1829.566827245345,-2673.4023527227873,171.2410389557231,321.2339085919397
2352.8579061325668,-2557.320659498473,111.95390917248797,295.4280464915733
1597.0869841963518,-1766.0109646857675,49.845467235111215,328.0265295315094
2345.9340153751646,-1667.4448113444198,182.28778017545454,314.42504087719476
1738.8525232636916,-2998.4660518265773,108.27844786607318,299.11874711923974
1042.0531077686464,-2295.8858625256003,54.417681836721414,325.6818346204903
1392.467346759521,-1620.9719965028848,205.77089584306182,335.991154258922
2861.3250988524087,-1587.0564507613108,251.04220237400648,309.28331074691897
1680.682909690664,-2947.721658719177,183.66246080319456,330.2046688260057
1622.165875073425,-1401.1374507311677,16.365564263711363,335.26726471613443
1647.7066998080147,-1182.6230241432902,181.16679387791373,332.2256425282715
1025.2417368582621,-1916.8391194430046,92.86057607918627,335.78128821177575
2976.7970916940494,-2838.0372456772143,239.0906624206699,320.3231937495293
1471.8644441843755,-1338.4125672677644,255.3120643050097,295.3527033639572
1366.9988808412656,-2222.101628881595,109.02620085685457,327.50473493550635
2322.754419216484,-1676.7777148702664,1.6025796956213298,305.1015663199921
2609.116089595564,-1915.5976691229514,35.45534096757065,302.51511591374054
1402.0338893467692,-1397.8986422791434,254.70378466926957,328.1779101413363
1569.5929164243137,-1080.8245912859968,11.863261972441975,325.306982571749
2163.4877863727506,-1330.1450961849694,5.354677543071318,337.1876310672143
1957.243829076746,-1242.1550398774334,204.3545013602662,325.4103017899916
2880.910686852437,-1233.7289868994856,233.26524571782548,302.89883598646554
1774.645250952516,-2497.345068168141,169.61860720222057,331.1067498503784
2796.861119386991,-1177.6109979122375,206.9138719247387,300.5137125863606
2588.3304675894788,-2237.4543879930757,121.73997514552997,322.9343487457859
1873.5704414234515,-1618.2017217411355,17.785645965891774,317.7466612387415
1087.8215829215621,-1740.1459292256247,-13.442691678010702,331.52955496108143
2392.644864395259,-1192.8248628377198,254.75690883975614,308.3283189052731
2488.9438142350473,-2819.1449457425006,81.58632655011084,311.8830623272739
1928.8179382511971,-1543.6086505479211,10.64421663149409,336.3871946538867
1421.453370124554,-2447.743971651892,149.26789659463682,338.18217189327163
2684.3583629500336,-1499.450393245985,98.77739773328608,319.42774253563005
1964.653154741054,-1569.4634062007667,187.4783942024418,308.87128302574575
2380.2316661353925,-2361.64304587683,156.3853085143042,331.9081165017155
1560.0645891791983,-1565.660578659999,231.4008040400489,333.350919625503
1153.1362624431886,-1917.1771705490225,239.07279238239235,314.93533017753913
2411.6372444329772,-2671.8334514161647,131.94864279780066,317.203480921347
2860.723022545355,-2000.1605807945543,232.58963943373413,311.816776746948
1124.3559224735436,-1433.1172938736438,147.76261526654352,297.49154656524246
2174.3707677599486,-2387.2947287846664,166.15155887510338,321.22976387698117
1261.8713872315316,-1421.1387674507523,67.6253184326067,314.0300871853029
1882.4141204112377,-1982.9722719900547,109.73787813394853,332.04481283251715
2938.3066498711696,-2740.269949544372,250.75205924455145,311.0909840814205
1367.362752857783,-1349.4276970768287,168.35869378648658,320.9149259716061
1079.0602769041805,-1573.9034051154756,221.19836012615394,308.0949178056965
2788.5168910074617,-1879.7209439313615,169.1050262261856,309.2683812481467
1153.2454189102928,-1330.0744841767748,229.83909659308048,329.2511942138524
2725.1015297322424,-1907.536680455906,26.078340557686126,332.4770565193502
1761.3401640212785,-2067.4505734034033,0.17132119021374947,328.40221811533416
1632.4148429100123,-2495.407790059197,23.25795539296847,327.89072303962473
2435.809065627046,-1639.4942884415132,35.248441882526755,295.00018218111126
2851.1584313986286,-2926.8529779034375,250.01440728563358,297.0153118324368
1021.4966007071333,-2044.7628835476394,196.44951658654213,301.2034834017401
1390.63204200286,-1025.4960907614498,90.79485505362513,334.5696509852679
1621.8031138673696,-2599.407308024276,169.75689805954718,326.6531856057993
1766.4462472469515,-1757.5767439683184,145.473796533813,313.40840359274955
1060.7258767758894,-2302.4993394169683,11.566619960453046,317.77693059067474
2625.675203750667,-1755.1941647115414,175.72531731710743,328.69476889084154
2051.8401359820828,-1765.3725858089686,137.26579560669535,305.62590519097074
1149.05847951073,-2070.3454276952175,234.9765152701967,337.61015266514227
1236.4084977503594,-2813.894425098222,175.3266865427465,309.3485066555982
2583.624703593813,-2668.9625978986905,7.259641506508839,333.73026072106717
1190.5416279717824,-2486.8036787066135,51.70453018284944,317.2742541798569
1794.205801415871,-1019.4537743034621,174.63499574311294,326.05672545775326
1993.4053108383937,-2813.983434436937,172.19132701588512,336.511706786051
1406.2714118649305,-1911.0843987352905,-13.831370907432905,314.56852022081836
2251.8399211633387,-1980.5310796250428,129.10143138422595,321.61578262783195
2976.0719861719526,-2007.7272904420136,154.93210146745986,318.46688442794596
2535.2363852006924,-1470.2981377642184,76.04966036087204,319.3923796850034
2198.5588730894733,-1589.6254273039422,120.93323357403142,319.65164266362956
2146.0236540414126,-1535.0227090465742,169.73047437364272,327.6254798239786
1797.6952048701855,-1032.1575838279819,-1.1782584246479875,339.93731879889884
2774.121855552413,-1050.4438531650896,81.42030284626232,332.75668189811563
1274.3140409750738,-1681.069869950639,211.95636401805646,332.97414203340094
1988.3029778684381,-2322.080665237677,56.91898296576717,315.4803077289763
1738.096340921229,-1853.0368130433037,171.8915857168351,309.2482300523903
2462.861881034417,-2132.1260537902144,190.84646552486603,309.6952053690444
1723.484693213663,-1381.6953157098342,21.988774482800572,310.95442277248304
1917.6289624197802,-1796.1786369457936,238.9816643078873,319.0695410594014
2656.7580046912776,-1652.2424738752309,143.70929846924633,299.00507772294657
2445.2033949635684,-1263.9614727671415,212.17470886863825,313.11760442039
1610.7902410039287,-1662.1876301596458,256.58552924995564,327.79960598043596
2934.104248019942,-1926.137413011229,223.9788850052574,330.20485477432334
2921.768061418888,-2725.6475398732377,82.81680361533748,337.08858840152936
2920.1581275842827,-2171.758848580337,253.5761169521382,325.1986792230075
1298.7013678322342,-1735.8058480690281,60.83011429916681,320.81408228904223
2643.4166671282546,-1850.237033309588,78.85791494774406,312.72177398728473
1081.4124665069746,-2632.2510525762473,186.82824557232195,314.2273635558698
2567.8858900742434,-2695.640838946166,202.44888429197076,303.86394819227974
1419.8445636755712,-1228.2162520181148,84.11420357851921,333.07447595664456
1487.619083414353,-2736.8230995887934,214.79908390898945,337.24676906267484
2985.2757950181413,-1450.6608664543573,49.16635186906203,315.7374005273129
1577.2837166426445,-1998.9688826541412,203.5575550097494,319.6563258029743
1665.8118442306013,-2078.9479810064263,-7.204004211914853,310.6922714245207
2284.626254222778,-1093.920194201349,-1.8696599253159363,322.7480572602083
1479.0184805906795,-1068.9711252470636,79.07321852652582,332.0291722384101
1063.364993683812,-1215.0677792308018,87.07777147177225,322.63873977477164
1337.1188584639676,-2467.7392586387455,143.1157010652448,309.4383241552421
1055.3030183121766,-1033.6699771367641,247.77348951727163,307.3599197160535
2515.117066057159,-1018.4808554211877,175.26081928737003,331.0066504120992
1501.1502536454,-1362.6816030837456,178.05181277850363,321.6007724476276
2592.5800574763025,-2700.8432874129285,113.75524173351695,334.3560085917002
2613.7652374679956,-2982.66972256578,91.23901953206749,328.75535191628813
1987.539557404819,-2881.693075259836,70.91271315309616,338.03675098791626
2530.5398645614837,-2435.0298864485812,171.91173027512525,315.15550420610674
1627.8109975831144,-2806.1860375647093,244.6608824010566,332.7912959643479
2288.540751216392,-1090.1987786588197,-13.180536667960066,322.93888397152705
1258.4896542119527,-2194.7741368570714,96.88304717158637,329.16093875571914
2546.7474444032523,-2411.033882925934,-6.121005633550503,339.29862006090644
1416.9333243766018,-2914.90579347573,222.2514923512131,296.62892264441666
1574.7237418900731,-1908.8311120829644,127.82731725261985,305.3375651995595
2628.325761496647,-2287.924642516307,124.72676573932137,322.5517842502495
2885.8289168020488,-1652.1866116565116,209.68500571533434,308.50345444516205
1253.5448975326244,-1057.3754477585026,114.56588658733483,315.1000189607598
2360.069421364966,-2595.7359842745973,41.9801286874497,304.8727212537113
1060.021115347653,-2400.536157095429,112.71243646311865,339.2946448805451
2430.477101049323,-1687.4867705833167,190.46644156395317,321.2930963428548
2702.5600637644225,-1085.2555207857406,151.35762281722063,318.943384810053
1759.8398816848699,-1156.2329231301562,231.24952211739043,304.5973440067405
2388.26986360474,-2221.671422985464,24.283034784743258,295.77939155034784
2009.2956215499694,-2950.8324067045764,50.473017125380835,326.2407882336304
2659.6268688491077,-2866.8624011900215,175.51571433990023,319.29341822930957
2400.0580763868847,-2560.503683927675,122.46938604201401,322.32828247054834
2906.495447205446,-1282.1198314755547,42.86957433057679,315.40932257630664
2011.056325461234,-2087.847164519326,131.63184635753151,321.910181173301
1882.6213962443205,-1165.9326806419995,17.537336401476388,335.1727947489536
1049.9630169396867,-1781.5829304300962,256.3291713148661,304.0312320479508
1987.4216572481828,-2149.6457198695275,204.04179835599956,318.7765845588917
2752.2181098904794,-2659.364563462634,-8.909143148871962,320.63657548363216
2127.1582091265254,-2532.408516007897,56.511832706299344,296.0985195884856
1310.5302672330918,-1115.3489699446607,102.31881922931788,298.5383806150055
1628.5482788673546,-2082.5969386552074,240.9435274387543,301.91430412367856
1052.7405710479227,-2374.002639456511,244.89438231504465,331.00449432564056
1990.9791739942916,-1665.4280172725294,244.76105895948626,310.25159830285554
1954.2973699580116,-1973.115563229657,51.997869626712315,318.1700929945757
1523.853657133969,-2276.2528895527917,14.116615074356542,339.1817161631503
1227.3427711375352,-2759.8572529217454,25.82235817233459,336.1015970855706
2618.921560295736,-2322.7327196527126,178.5123621610599,320.83079646600487
1646.2343408819695,-1445.0410037891547,21.007365655632263,310.1303362334736
1485.61066783586,-2225.7050919371604,225.54450191517327,320.1659462061627
1963.392854597008,-2999.4044753883754,120.37740396871743,301.8651187380414
2648.3107010870817,-1928.7537356105074,166.37138452978863,295.9635330028048
1736.2255351627696,-2158.2496739973567,63.696622019854004,332.09994545928095
2529.7722887155205,-2910.9004152824778,105.0841669931366,304.128142053583
1901.3046344235331,-1815.144828597822,144.71563349495435,296.83376689914866
1720.6225034267597,-1977.8598433960346,128.21959832527568,313.4261988935539
1599.6234797115744,-1829.8789304120576,257.93475690424685,337.9258666472067
2367.9227418097453,-2108.606253156173,211.86265181812604,321.00608584322714
1087.0076221003653,-2320.638972356673,28.523536443238342,319.7437824127236
2003.2113791923748,-1520.2649260633643,236.10626733678114,339.26573276394606
2608.412732338932,-1034.0085343744374,179.51887314266716,295.8255213450575
1835.2864241874772,-2457.9228303218197,-3.070223797982294,333.8191507700496
1422.513691020074,-1142.1332782731467,187.40107517904028,327.0911285860054
2100.1256009459685,-1231.8828746512713,228.44981387065528,330.80995522626387
2671.2634711291485,-2956.345202255468,172.75283690201528,312.6866069281011
2706.4838113105634,-2683.4807994009857,52.32743535344093,333.36178129235964
2124.1676204888554,-2104.9318664582447,249.4079853647255,320.8834853598815
1844.0643580738888,-1733.9730452871452,218.76336742144156,324.09484862316697
2039.218325556143,-2950.1582868026394,147.42348065262476,327.3245920709971
1194.855878813525,-2837.8032349856035,198.17471536075152,295.62652439179396
1845.9392932259416,-1467.6688214171702,217.45047369706674,317.27563411799434
2888.9998509766187,-1181.3330577169306,246.39593055819785,314.6875659364299
1490.8265754044971,-1595.0572687032452,12.572156901586045,328.8668546627365
2239.2997373828716,-1646.4098278405297,52.157575267219,305.7623088493736
1045.9777893570897,-2957.4109780908584,61.398078459386824,297.94578247314604
2610.3287087990984,-1419.8528530959625,90.33467366933412,336.6724316963781
1777.4862288795073,-2762.8426179711455,239.7622929805522,325.49296962365713
1274.1154407622855,-1060.1139904726376,108.64458045690961,319.3125343210779
1559.51167054168,-2523.8834640741493,220.66316283306784,301.2499045458158
2097.250179820197,-2732.3507488997075,128.53679173619577,327.14728863618393
1725.051016460377,-2470.769761987514,15.189405373365329,306.26769540813456
2501.119239923549,-2843.4900269394743,-3.6724587572158356,304.78041608243274
2244.286695302054,-1858.5307503508566,236.84514003736643,324.381481521675
2315.005606298708,-2241.8774198095716,114.90880343771937,318.8285977742039
1242.632622310094,-2589.993924739595,237.27291311802207,322.5604598248216
2759.088441129381,-1459.895017851007,31.67779971454538,302.0016565977513
2568.008458176814,-1298.3486146235725,30.035012037574717,335.14301412838626
1682.847671593296,-1837.3245284360057,124.34433896821804,302.57694868340513
1580.1438514954034,-2482.9866174559666,250.54019990086925,307.46744611090145
2182.884118987463,-2722.9945977859284,252.7437975132848,311.19775796631797
1693.834224627146,-2029.016143899607,9.851170872008339,315.8524316558663
2774.843248735003,-1034.454145011381,90.66125151853376,313.865172201048
2905.997215817205,-2835.342405902397,-10.123847178087534,312.0349141141576
2768.537044609073,-1366.9832831479873,35.01189804024225,299.89868388912123
1398.5894323130585,-1752.5325579491118,113.46070189093783,297.5142736692537
2613.5291411023377,-1681.7186703042648,176.29784201806768,339.0919082059129
1782.8258772406466,-2967.8155983168535,108.07207797958189,301.9198757738817
1878.3495999189713,-1169.6919549490785,174.23625708575761,314.79960798151103
1398.8150075511223,-1727.575240808874,154.8626484946052,330.76665924005
2498.8277248802724,-1260.7458354781352,233.176452520436,327.1798090776834
1186.4774768648308,-2095.4634440691198,134.82382399844877,305.88248202580996
2586.027332438023,-1201.8379947520946,229.06081133972776,317.5732030882661
2136.0088157194755,-2051.718870772863,199.33044880992696,320.2226539325314
1274.7314864337782,-1408.737156202084,209.55459016523483,333.6527528880828
2310.611937271907,-1193.0273439538348,208.41834608245838,316.1187643007031
1877.0305057613637,-2643.3410878273603,148.1046195999576,328.7346876414033
2395.0456747414637,-1571.3863780104793,180.06542776545467,324.20902884847675
2457.18989644982,-2046.2077940290335,60.64735051531855,308.9742280721172
1094.381174301347,-2066.507189262224,-7.7787486329132385,325.79833480683016
1392.5916797633356,-2893.216962501786,41.64687706172692,304.73859428244646
2560.546022173635,-2854.4129707029533,50.841466616036286,326.1440444219353
1255.1953990158167,-2211.527025359799,176.3387395264302,307.1152282184667
2462.219197811081,-1767.1908697829242,250.2769223055388,301.05528941709434
2695.279603685817,-2901.6055145544246,132.95484850739143,328.10535433744275
1094.358518610585,-1487.665111245731,250.8460549339669,333.1891016645097
1021.3131062653526,-2406.901212164228,238.41203999493914,312.5454783223194
1549.5315434152426,-1158.190588280476,210.03757127196567,310.47345579849656
2591.037627652469,-2633.335540833351,237.38725046035503,312.85630264525264
2357.8281242115672,-2941.6855715482084,252.20558317822946,335.37131524808194
2210.626922702264,-1268.4835215559906,58.23135507549627,299.13598073041885
2087.616555754959,-2374.2864939536694,254.6232632630389,308.6392550875067
1749.8664822636406,-2660.6756125601114,223.3673431410821,335.92099812964614
1589.4787106212993,-1264.2360078991842,135.95593011018215,338.7451618518254
2680.059191484528,-2247.0835080797133,6.545180716923923,308.9908317229266
1703.5972558892413,-2403.1601798103366,212.19801672474122,323.2196307067112
2684.6813161083674,-1094.2320371376352,-9.684147547647695,312.5473887682166
2727.454016678148,-2619.9908149436324,87.14674277423846,307.6092357441472
2536.4600665638845,-2776.246999143076,238.45586153598268,325.70022748028566
2652.2050674787633,-1993.1252227274206,183.60264320257681,304.09414686077156
1086.5986005836928,-1459.1085642622243,48.946344144575505,329.6401153911013
2667.656697504422,-1479.2181621818697,129.8379896838831,306.40919709694265
1292.1149110350088,-2806.2683821923947,130.87221002954456,334.2114161532632
1479.4314693130696,-1424.2944643924473,112.44040492751004,306.00093427634636
2637.1255824894915,-1866.3817524454828,249.24488503657045,308.64121486717585
1069.616879802636,-1309.6146756613628,79.02815650567787,307.89593224632836
2657.053990981025,-1597.1833996578118,11.14451322600397,311.01125878972147
1158.9267855444102,-1931.0555945327408,184.8453011054814,337.1251499374544
2139.70032152711,-1706.4526098008942,199.33559370001223,315.8183400259947
2885.6916486651394,-2658.1540030635174,-10.022849540286945,314.73801562165244
2279.519477578373,-2926.970778768989,128.35155359842418,314.3534790440826
2717.045786497546,-1149.69110459909,201.68611347359314,320.0445077388863
1146.6039787557609,-2282.5110179460057,5.014221070227368,325.0468108316407
2602.6581686289237,-2449.5820590361245,196.0385813438947,312.35947326183947
2651.4950371422688,-2730.7631713781593,83.2815438095499,311.7897541081978
2482.9636911311027,-2243.2746408549256,-3.8029081183061457,326.06676413652355
1280.6593962484833,-2392.319195144913,49.31628477788702,296.20076384136206
2751.3825247177506,-1402.3569174229929,105.73527904976912,321.6154312325514
2959.1574965066216,-1493.3527973016724,210.50633493327595,334.9367744659683
2073.1015363089086,-2488.4632647448893,184.71683831073986,295.7078677399674
1537.7402673892725,-2300.686456112036,167.38446473177567,301.31320645536346
2608.5218724769343,-2995.885422863697,74.39810450240464,337.570728552286
1109.329320313599,-2904.241176478682,55.671230798067285,333.67401671831976
2683.8705660648484,-1890.1432139525587,230.99705334984014,338.0821282218558
1600.239234864861,-2892.4679861770546,190.23536116608366,323.0078430061816
1311.675223665378,-1133.7430159259582,66.1437010025856,311.58258188937907
2489.9212395205786,-2460.5084115451104,187.4370222317882,335.8882808175422
2612.328987826581,-2541.603682311641,189.33885486406535,335.0102083630296
1626.168245575007,-2190.5000278195735,143.48036779283552,327.3997030506828
1130.984506100341,-2432.6257798060965,133.97162812463978,308.4540073486681
2508.331745416862,-1876.5687984404515,81.63346142023775,312.0446306768806
2643.5320222116015,-2130.09144226934,115.91989899153842,328.97828879293417
1449.2629009886264,-1488.0225293147298,15.89459342181874,314.94217681847755
1891.338952104787,-1341.824103240904,216.97828170006778,310.12067102553283
1566.102578208514,-1876.6279696932806,134.71739079810308,299.8670507725886
1158.6103062914883,-1022.5981115577295,191.32290581824202,309.3350040593119
2168.196465536961,-2685.4031991997804,245.3145999787867,298.98827131886037
1645.6494052569951,-1815.575227305552,14.497392242579533,302.0267755886482
2787.2010287136554,-1545.0736833264812,83.07194769286161,321.45878184440807
1077.611621321131,-2925.3451461735476,16.86171307615667,301.9848132727066
2234.5361588934948,-1057.0483060240615,94.57211195455035,334.9578595921491
1803.6502392746386,-1972.0043498905504,64.58399074212886,305.25591110194415
2738.179033958878,-2409.4981707934944,71.38059431930972,339.6564052613022
2590.2264240009104,-1016.5293944958098,35.57116461914765,305.43011976863767
1162.3415383848421,-1788.3204812318727,172.88514801701194,304.7449272713213
2095.2022388350124,-1049.5562200926415,184.44356362892768,333.19873697602645
1276.3194498645153,-2602.624367037715,216.9919882860893,297.8260901425137
1749.945695820481,-2820.899766726759,59.774652611500045,297.4712089567528
1558.4495344984293,-1532.9005874779739,197.29526617303253,323.39946999835456
2688.6211285793297,-1136.7741623429388,35.00847328379259,327.98088933098285
1020.3495272382304,-1809.9216926495944,244.9889299418515,304.40961070171727
2146.6027102354537,-2733.3691734787776,201.55351813446063,312.37786087652637
1772.2154680324695,-2020.5945009703464,39.53807649910538,296.47643386094273
1076.5897800963548,-1243.9108911898845,178.26754288447313,338.20452538339094
1600.513850533338,-1327.2976299907684,119.42364184914612,307.06609685468567
1394.634547955543,-1290.1438729263396,232.50137481295525,327.4167510623597
2155.7190770008,-2196.615658397039,39.05416323841406,303.28702906510426
2676.0745281190316,-1439.52968920919,111.35232042706924,298.61494427794463
2651.7917180979566,-1728.3184782353237,143.76780477311206,334.0791946295382
1511.836343722891,-1815.1238009409371,77.41747508125921,297.53174034985443
1899.2547966508348,-2815.6665147017193,255.43703254569851,308.9554573805509
1225.5658707527707,-1388.1651353393506,108.2772840929647,296.8703665595475
2466.6766964305207,-2155.939247297868,147.17029170247787,317.3696187936741
1041.323736511536,-1464.196344768441,256.61176992743486,329.68857287089384
1357.683355114521,-2851.762099106524,97.57712961473693,332.02827225777133
1856.1135874840218,-2663.5772592565486,170.2129767600162,296.5760024786588
1940.1922876508286,-1943.993865433364,76.10708387494014,305.53026544504405
1778.3935137135738,-2326.9954985835766,104.91376798829343,306.17884188113374
2908.149993489039,-2137.377136532351,125.93296024442748,295.3238817164958
1300.9504398455597,-2438.9415475975666,136.36931613827255,327.53780263310205
1837.1103599821006,-1341.631680140887,6.852385716488282,312.7419003670833
2889.2344075563497,-1189.6495448306966,238.91277619405398,316.13221888208494
2376.6248809442313,-1083.1385755463707,216.5305398173557,321.64925220827524
2619.2371655260367,-1258.9893376725877,26.454454099581866,299.2552843458577
1892.9274172551586,-1429.3231753542914,66.11842054229324,338.23915694604295
1125.201240659338,-1836.0558333225263,255.49771536976777,315.6557397294273
1385.0783738690507,-2452.8675507640164,258.79791188434996,329.5919943022798
2961.8082077583867,-1626.8123855905096,48.296168724569036,326.5531409957929
2942.85547941761,-1180.8851874330796,10.014823538366183,317.27559672841113
2172.878589924938,-1383.6706128708033,91.13662011967286,320.93746365561196
1842.7913880386775,-2047.348853491138,-11.95579875542779,303.77879926966426
1089.9302654099522,-1415.0985249791672,24.387666840173388,309.84806043896015
2961.230426894099,-1026.9253293088204,144.55878185691034,320.480484241527
1029.7765457502328,-1962.8044452040206,197.85956593164042,299.1355884038367
1061.4770572247555,-1766.015613427607,169.4353675215804,334.69509519750693
2382.7000913096913,-1576.7680107998544,-12.01971146678147,324.6291369988142
1395.3049355076946,-1629.5263990479596,87.78309320698965,305.0070426820751
1249.0429820071981,-2032.5013157296823,172.70299279238398,314.6695258487796
2430.4833187508975,-2089.7864688713485,105.29464689461281,305.18233953063026
2965.6034274836693,-2683.23145753666,11.434776908425388,299.8686833547632
2020.03085095316,-2043.3511944067277,43.45459756916752,302.072609632416
2868.3670732712835,-2719.996111801038,242.91724208416184,300.733492479298
1922.8889120429815,-1000.1669036547446,194.5201613198182,321.1891752658495
2009.8310045944856,-1595.506256114914,148.72569570856015,322.45775213893626
2031.588879098824,-2606.1393356812114,198.94486326032353,329.390530337657
2253.5901840388888,-1875.4939746374953,151.02542744787783,299.0942654567617
1473.9330547790928,-1134.2228065435054,210.7325547986597,316.42821180406685
2339.082071805391,-1821.2150660384361,-14.573323016749601,317.8492184853364
2521.5206962225784,-1577.0649501813593,197.16926933513406,315.5718466232051
2293.0970948001927,-2391.8032255896946,19.99601985914176,319.93057223652045
2131.458374672795,-1862.1762563447774,176.33352595289423,327.74555908262573
1858.4698644009732,-2877.5141668261645,0.3107009069437243,327.4815683419744
1728.7469145073237,-1132.5936859179114,154.82585332254968,324.71682513061467
2688.1873803468375,-1673.0329280500189,30.578021078679285,303.6033395800656
2262.313177592694,-1986.3073594084958,87.20312233798288,318.49002036647744
2678.4079449952324,-2938.659550187408,138.16960424804157,310.22716899923483
2506.6298854974584,-2219.7704359983836,4.409364777856652,318.80324912815496
1281.5769833125353,-1187.8672058882905,38.159165359934285,298.1197610914754
1515.0077688931292,-1231.1872637022968,186.51446988380155,315.269111601939
2477.918402217738,-1517.0789308338367,123.07074096238782,321.54608933390665
2321.7803195873826,-1341.6459879538143,96.10670133869007,323.6216523776809
2708.235725833968,-1036.6784546336391,0.751029682098098,308.93601902747685
1538.4308648579522,-2795.655971622448,250.9176025583721,320.80519969531724
2015.6552789906832,-2425.444888278657,81.92223856426253,305.0303959696743
2325.0756457934503,-1579.0499818887347,47.008824104983724,332.40065760028835
1236.5521579511094,-2855.0794400485543,136.85561806675332,333.8816662654939
2851.068662302546,-1168.4430476364882,214.84753727937567,322.39361307155735
2649.205659417589,-1745.2647360999244,38.280845393531564,305.137167274508
2091.5381656386376,-1229.6638704361314,210.07014286921836,324.508150087192
1785.5442026452033,-2684.6391699479723,197.87008287410362,333.154350723266
2376.0973416546312,-2966.289326287318,54.26368726626313,315.08779006582387
1550.559790288615,-1881.8197815706703,4.795160589803455,323.13189976746503
1007.4041308279957,-2522.3663108782343,12.807451415564856,305.939979816945
1254.7101779062637,-1378.7837282889684,53.881888524484836,309.7648301462778
1882.313063322039,-2968.325478747297,245.28178492714903,314.8683653678
1688.7966624243372,-1100.3400222372934,190.15991655126246,296.6209138328244
1591.4221450372438,-2779.606591780674,112.08099672365871,311.6182684382145
1328.5748867055024,-2338.624628791766,199.39929034534978,325.33762506427394
1747.3963087860452,-1875.373538908472,130.55060400640807,334.9300841049958
1599.5411648737204,-1420.1028235125852,161.4765109698519,295.51804776609976
2509.658136281102,-1190.502536777977,105.19918194510784,322.95868173583824
2503.590263599246,-2997.593010879731,234.11545598192004,327.1830631329865
2038.5705544816235,-1303.891084460901,78.47055570195309,313.2854613935979
1037.7481151817299,-1352.3555047846062,207.74403789287308,307.4992484079268
1397.3104370823232,-1869.1745564528205,5.695295597328482,323.6373466450748
1547.4220393299565,-1277.0514799295256,191.99199625251606,308.3509213533315
1783.6600849214979,-2542.7796831906708,256.7724817570249,305.125563288306
1838.7892557363461,-2442.8879770372637,170.17877284894652,295.5977093300775
1554.9471688836152,-2386.5245212619193,259.83481213993537,325.88059652150724
2932.4126099883797,-1672.0001361307434,14.060319376647882,325.3649408017399
1746.6744152017595,-2984.615047517388,167.37757161242374,305.46204866983663
1049.4183131050356,-1659.206641415645,199.02497972285528,302.95781371261575
2925.7078108823416,-2259.244404058222,167.09973901819959,323.59370423916675
2074.794955187428,-1465.5488472693025,250.2738356951927,332.51152666163443
2630.6152046114876,-1984.5926832355676,66.34429703720271,295.8408284534574
1960.6365428938443,-2897.970817027838,49.32109484938698,308.83811490555246
1312.7056807240506,-1003.5337018559821,104.86256876811568,304.03448412032935
2972.47641032119,-1359.8353553875295,-0.8179325723992612,328.687008694528
1022.9461142220908,-2983.601905132577,48.26537066793752,306.14289830331796
1753.7002304219368,-1840.315968647451,247.00825866497917,312.1836155086286
2227.1026355705453,-2435.1808804582242,177.0204577500833,316.72000497582
2966.0986478400027,-2793.0587540175566,182.0603944688551,322.3543700479279
1426.4638206945021,-1863.4907184390458,230.44642474406825,317.27078203923674
1034.2556938274513,-2116.851247650476,97.2452132401128,335.9967958759817
2406.2738681701103,-1111.4143911512242,209.6406858911189,313.1441467348675
2611.3147574582445,-1697.5209325501967,33.180542227988745,296.18481024220773
1797.521953647481,-1463.0678501318002,29.631309485226502,334.45039620148555
2178.4703265385256,-1272.5871642440788,22.577011515965474,336.2063932337994
1742.8939004195481,-1800.948520540501,61.45638934628154,336.21913943498004
1751.5441001115687,-1047.4177365902622,95.81104695788514,320.3162738820653
1417.9400669141041,-2462.9258688707814,102.06851355085419,336.61205980052154
1835.479610619267,-1359.9204153218075,27.47107285276875,310.71330858828543
2903.992547024372,-2181.054666691025,93.86414762800726,305.80757594216703
2594.448059165781,-2335.2024328471243,160.9185341404673,329.3566723181625
2840.7058136447667,-2776.157624805287,222.67341224483232,317.0555105200404
2800.61524490409,-1573.1287272327445,-5.127442323638379,302.80412632757924
2946.122004488264,-2088.5160924887555,2.07048389447154,338.3642326150473
2494.099616225447,-1343.2118231199313,243.93232022853925,332.7064254887617
1221.241422028147,-1486.7439543657392,52.52490244828577,322.00565210651183
2633.699908269642,-1181.8912281988794,129.05619957375382,336.469997875763
1271.946011347363,-1860.312615328366,106.57406578062542,338.5604054274055
1934.7008982816285,-1429.8883649265051,174.33297024374522,327.64001594387344
2729.3091206733134,-1688.009966504662,106.49361629365616,322.663518265673
1791.110357300267,-1724.3215204970202,166.7460245122818,301.44027720616873
1919.425930887563,-1983.1217319885313,88.09604695859764,296.33762407945056
2607.9048030449903,-1105.7868249427531,42.522674955396056,323.9374202394913
1692.6206088964072,-2256.8459616635014,45.56454485417239,332.7520679650616
1998.3079334108002,-1210.2775795914292,237.3502120996106,297.1213820014942
1794.5849101830433,-2760.5614583905026,18.769238792696562,326.6611907802769
2122.3269970270553,-1513.3215919475456,249.0060072778337,337.6176721537389
2680.0242990681563,-1488.78904148778,18.425159252860702,334.64288303971495
1649.6757966839114,-1451.0985268822935,240.77896771772868,300.0323766544778
1431.7602119719718,-1683.9161273941563,2.0134081666654353,314.7924255925442
2019.2137472969162,-1100.7469260429891,188.30874811303002,336.96667426410676
1709.1053258499674,-2045.2771967003,215.6078436598849,318.03263019285663
1823.2022338918205,-1897.9206172704644,139.16207860954697,301.131699539637
1002.3001219011063,-2913.6640418411644,211.62232149252625,300.8408071422027
1479.6980690138641,-1765.3968062596996,130.7511398996889,301.9378700046724
2076.8995763557496,-1162.7743048968337,35.82275386457946,316.52447195888624
2553.0118410202335,-1591.7238333950856,118.5084836256496,332.61045968978385
1470.8822237717209,-1633.5663203670763,6.702427931925122,313.1357199073118
1144.5206113100103,-1286.7359303538472,6.14764349368086,307.4796387922667
1039.7478100755013,-2064.2779654542232,8.945228218834274,338.87941780358835
1848.591989249362,-2102.622544739949,187.96231326330638,326.1378154543792
2747.8027698988753,-1786.7325692953088,236.62179448109922,328.0461315610645
1047.7325436145386,-1180.4857796876672,71.62235736439187,330.9348081738367
1167.561745898163,-2605.3422071203745,229.17172618001447,315.3007059372366
2671.274777718943,-2029.7979865842303,25.28851540820729,307.7716331839583
2353.8437281494425,-1849.2159274503797,185.90632858697458,301.8971584500628
2923.031832917351,-2524.9585528193657,235.87179331999715,295.6972680192005
1627.25466752065,-2630.334644001768,181.66648350458237,328.75462022389314
2191.9411565524156,-2185.5943334587973,82.69562537540013,303.4392694650856
2495.4702541394645,-1317.664894203335,136.5598949516433,328.4345663372864
2592.648027829079,-1657.152066027928,147.60215112127787,297.2739268375578
1031.1557284007213,-1265.6098192669458,213.24983627551762,337.7000741977656
1776.6510249904284,-1517.025650788959,168.81170539676828,296.52945668502144
1928.783514060714,-2015.5400296947096,247.14243102369602,300.8301613047821
1030.2864186719219,-1682.125114075788,231.70064783587253,336.6319764636162
2268.8694505839576,-2684.176424760894,153.47092423457357,331.4057596958123
1840.3271672671772,-2875.967632683547,245.68175607240755,316.6062983728368
2315.3734427725776,-1361.504577945699,243.51907632302027,333.1802036866284
2035.5025685795674,-1754.2989331768592,114.57983707192923,335.1967384653692
2468.6280589501002,-2929.844513026256,153.31636643548276,321.1810997799356
2525.719195437929,-2802.0640211782215,115.95774084112432,299.23781904190105
2815.9873923319747,-2638.7817745251364,199.4928193090641,301.2936637361415
1727.2881738614392,-2822.0775820135927,212.93132603556444,322.70321583784346
1186.965325821143,-2732.7413503305893,121.21073422679467,301.1360501902539
2309.0915935729845,-1418.2589115396559,186.76906710768216,335.8384344494165
2506.084182323888,-2275.948107806223,-6.670552289035378,329.36782196244394
2176.3838207827403,-1443.1549149445034,223.17395643821058,329.0049364607811
1430.637400455685,-1368.221295239557,16.578663666703314,300.5966837875794
1822.919709779917,-1653.0176771292524,187.30163892727685,322.7785187236071
1027.3622049833778,-1713.6250549237875,154.42552356391434,302.79485949073535
2997.2443036307795,-1724.3336541016258,44.74705127647098,324.6273534282435
1162.1472138988108,-1263.931831389751,75.64257802340664,317.07125161723616
1111.0613081641452,-1736.5589599484601,54.00037637062303,314.9726011285306
2333.0899203168487,-2611.739177981333,121.90607023273373,300.2769333050181
1288.1399263473259,-1632.8679762102508,218.2672301725828,307.62146453250034
1685.1867600277312,-2645.1795714725654,222.1571445780868,307.7850544872714
2440.733208966836,-2166.018632659302,117.69394700268282,338.8156093630054
2389.346613281025,-2313.8556256061397,210.0293186890409,307.32182283886794
1147.9575589804044,-2695.4715053111895,257.533011500723,333.7907796937465
1573.2827535197362,-1603.3430144342215,113.50456579719324,314.76607944085816
2617.3398305014875,-2136.7818369894308,255.66598046914248,310.8710691466801
1424.0604767393297,-1409.6479364074662,235.0012856944691,303.26605836343253
1442.9728988125437,-2522.6794086146206,89.93539820548492,327.4702816988587
1736.042677949558,-1183.1863818055072,132.68341657678778,296.5389117807375
2582.1381903649035,-2030.1336020113717,232.33525865847162,305.2976877861598
2589.4853630693133,-1642.340744863702,61.45993986989507,310.72816474760924
1876.3992935238123,-1161.0023609259404,-9.455076135123845,316.25333923324604
2339.711195389917,-2657.967656443713,236.6983017981554,311.85195309258324
1037.1531608630328,-1301.7701794740012,184.0081886634288,321.5746936787084
2664.779311355416,-2298.6543684628714,84.87933846339753,337.1027574681361
2872.5410496589284,-2793.592059244694,151.88932908578903,330.00254874678205
1874.1355314373334,-1304.7159289163756,177.70368288144937,319.0932142855164
1165.473820728856,-1885.8566265140016,29.219490523823097,301.9291098369786
1836.264077169455,-1492.4621284713662,22.9815668334209,309.31725637788736
2824.0769346210045,-1286.2117836499292,210.71976352361196,339.1878374082681
2873.38825190493,-1970.9853684636646,104.66449495345628,324.6332291631879
2155.6676736932272,-2065.867973918057,58.643469451535196,316.8138004015162
1285.2464631843675,-2830.697107422666,134.51176308890658,298.3717569010995
2277.1146706034956,-2525.887155677151,247.8967185552233,306.2057961256406
2976.8549783517674,-1589.0549938857528,185.4929497551738,315.5027230744822
1486.380335900079,-1733.6328790614857,90.64343963437162,296.711899704979
1169.261344519468,-2710.114055360498,201.74429440881204,313.1826203045387
1932.7088034248243,-2897.3953171102653,122.37435511206687,327.753865902691
2967.510458711934,-2255.4977175776994,134.63378838327753,308.7968516928755
1580.3125943604964,-1359.5961299259125,-4.081692539438606,328.3049982509494
2817.1747157220902,-2255.0770638212707,28.4238754993117,309.52964377737777
2606.538670885533,-2416.5902870577065,89.41231637927801,319.6986822699299
1583.9577009069562,-1065.7726353032701,234.41297151538282,302.3290682010746
2256.0273544960683,-2162.802337919393,172.96964691013542,317.7729088863569
2386.5061100449093,-1624.0022228456469,196.30571550981,338.20377900490894
2804.2504183695532,-2262.4318829160266,16.291900815211143,302.7511944631163
1755.2123719126791,-2102.736988155868,117.90149959688478,339.55557117583396
1824.2966409086064,-2170.9014087318083,163.19338824584275,311.97049034006267
1991.8789783251402,-2568.5648045861026,81.46164693845468,309.5737775747498
1866.1741490074678,-2050.6875175389605,248.18970361946782,310.0044085331146
1088.577275057985,-1714.4622307204575,38.093287000511616,305.2259401752372
1007.931102682413,-1397.8025330420583,180.01744208608562,303.85859080261747
2722.2119791894565,-2609.9174695035244,169.54364199237054,311.02356948747087
1307.5218826947623,-1532.4957881600662,23.240789152820007,327.0632191574825
2510.379980317657,-2786.8390874038105,3.4819759681353766,308.25852811254185
2847.007957879284,-2917.18215209801,246.5475474884292,330.6003289774666
2492.8643101119787,-2939.071292614091,203.64457873186913,302.63590072634406
1346.1187453852503,-1556.6670748632675,209.62116430640594,314.8121193538609
1567.074687035326,-2350.463663554177,205.6212008199676,330.70776009211016
1995.9472712409906,-1639.6400567936494,222.2568002736129,297.4982198019244
2332.0626538084825,-2591.900104025228,87.55012390516043,333.05038718212097
1179.7499006764635,-1585.3805119824963,249.4542885550697,309.8341225662451
1610.9815581657413,-2711.793834170513,133.03846921421587,321.32959933434944
1676.5526008698475,-1861.3662339090058,133.15455364367955,325.9439490422648
1424.739353547056,-1743.4940344388335,254.0219096903254,330.4736146890807
1712.1123358964714,-2804.9437290504166,87.32941779671833,323.65787757480956
1927.2044553761025,-2460.1419008281423,192.8555492433432,336.3760844013341
1365.6210283002151,-2150.5297351850863,1.4615618792337202,313.5102570309833
2076.832037541678,-1210.846617060136,118.60910812919792,301.97738421473207
2855.7322731201893,-2671.213511636661,104.63304721983313,315.1068407795975
2744.9675540366893,-2657.646005299817,151.23279450610622,331.4986656373373
2077.082388653939,-1903.444728364932,4.7168310714734965,298.4969288004221
2116.247259231358,-1953.2583623698454,23.555750973944598,328.8043886628314
2732.7562659069254,-1465.4822965696112,160.5891548253258,295.5441230575471
2180.564135498563,-1023.9764131604811,250.1722421057047,337.8676980234078
1901.6199449620185,-2087.794100187177,81.42105189318121,337.3047922940566
2297.4019693438827,-2092.8197476373143,37.490370612145014,304.87980827672794
1510.652360614647,-2811.3102847486116,3.2737953517789364,323.58522772981155
1546.9613467116765,-1834.0122007003295,83.59583420775603,322.23913834883314
1069.6193687222,-2275.4800215289797,78.19129648277237,313.38149536892513
2771.5982683872126,-2017.6099978151901,222.7310170081358,303.1000354368389
2206.3105718028546,-2774.171750575358,68.13834352167657,329.0627649421116
1069.6795511692314,-1254.278076038027,97.90105542268793,301.93694219357513
2786.1123790393776,-2866.421361380015,31.591086061695435,323.99176283836886
2857.745363798678,-2356.0854162653727,240.00148639071787,306.44256280593265
1410.6635359045304,-2246.814545503942,211.73104207110347,327.35843236266993
2682.8636390101105,-1986.8568194668378,148.70835753685495,334.8416287888351
1550.7245212589867,-1585.8991482670444,100.60061863404837,297.60605058125356
1866.3090489909368,-2324.71187064712,229.8059693280296,300.95284849416123
1901.9068873121146,-2910.4522167840987,256.6776540896394,322.7799764755302
2017.6814398206004,-1889.0961223038735,224.42985588077917,306.3271111548389
1955.4824998797997,-2897.579088761215,29.867377128157777,322.01086306887896
2247.929765574675,-2855.749115287835,250.19805693032504,335.7337295530974
2350.244248554152,-2544.4855852204605,153.4791212686392,335.2295090567802
2733.265128810691,-1909.4272991476382,44.22600538149454,313.40423901047524
2777.545347760146,-2141.2389079971654,249.95424836998166,302.3149479867931
1548.4159619207123,-1085.681849972811,147.40381932068044,322.77901521881273
2569.11242497245,-1998.069315288555,93.24368868457977,335.52773824261874
1314.5856556106205,-2922.303534044106,134.7865054530368,304.48019668627234
1047.3633952406606,-2611.212309796109,147.59586158559654,299.75761735291013
2302.1323199364087,-2677.0102626170305,205.86798778234632,337.2140012007093
1415.098696694458,-2099.5317700315977,233.69970763730277,298.34535742925704
1345.5070737375381,-1558.0327572812253,132.31151314983526,314.5625701806614
1863.56729399477,-2512.6228209151177,59.42731559526554,337.455600837882
1391.9339334473668,-1576.183041059525,189.91858466095763,335.3145679949366
1919.6398938300742,-2676.3729569847674,165.5517159351793,315.5822151170947
1781.384458810428,-2864.034719419553,1.8165777717714242,319.49697112963435
2113.6400425151587,-2064.3947021085073,43.3748811061924,302.60041808753124
2334.766388462998,-1690.5688460690865,59.392430384073265,331.9351041236648
2368.9725803576757,-2554.1469660128278,-9.68674814765911,329.3779347275685
1565.484686567057,-1103.6056182410605,118.39938616684853,296.9779467119644
1338.8806523404367,-1916.0726441933357,15.438814313675536,323.09398898433255
2308.9589281411954,-2925.2677327760434,72.18806637258739,299.8057199562812
1905.2367645226798,-2913.8699675929743,90.9460008596664,302.48389728023113
1131.52001705385,-2888.08432450225,207.57061134191508,329.3407868235847
1313.1226583235425,-1131.1755523344268,147.5773565348555,329.29594310834597
1238.3744385510422,-1633.386734614514,147.74303825353266,317.6642008212993
1525.6974532142658,-2105.357127686023,20.568827948752087,327.5445826119344
2645.520354097384,-1015.8462108238866,108.02419044709298,309.9814371217338
1674.2800204308621,-1890.2445824275796,12.04876430652843,310.10086722568474
1756.7670182394763,-2487.927329650619,73.74893791298592,337.1721853408206
2616.116471741164,-2118.6781276845923,86.13439254899217,317.2342408055265
1935.6581820206457,-1409.8725569111257,128.943401236094,319.7677983895905
1695.2194024209011,-2145.3088993038027,76.61492303840127,313.77343968705776
2244.301557327314,-2439.08487322468,185.50220211890988,315.85587523686866
1162.00050428418,-2470.4305416615543,74.93158315821151,315.0399871935688
2981.922857070307,-2242.241032717963,109.79279452011097,326.39761373630364
1981.0979224958915,-1127.4173547279288,40.50415692264391,338.02257994544135
1765.5182650751078,-1450.9824203574294,49.330243352629864,330.18556785050794
2220.5680385278165,-1213.969917988096,-14.997581480676113,301.6728808594771
2665.719246693632,-2474.831632271836,210.63606521081874,338.0724106685746
2667.363195228443,-2677.234129344914,165.2466451320278,318.2018836467906
1345.4398501641429,-2319.25719835363,145.01517125289809,328.1129481954171
1933.504429166424,-1958.726979450472,151.69837574460706,319.5093368885409
1803.549901220666,-1162.1152346715317,12.866449154746753,307.1280758228304
2369.8208429428787,-1538.4734171284044,46.62281411301928,300.8821721852335
2099.51100742386,-2500.032838395323,209.33048153649696,320.65088098988656
2151.391573531695,-2013.1382662869332,155.94137481986817,332.745032175696
2423.6120770512694,-2395.5862786554703,250.07942613498716,295.73756536139274
1133.4042862947013,-2150.8812179606894,77.48144647259504,330.68299339442444
2039.2042130466402,-1890.2604372845578,3.5716769105421413,336.0089238118197
1292.0227588363466,-2847.9646420475083,253.88425821483332,339.35398709057523
2988.3897055972207,-2675.980487391302,131.57646920043817,333.19107847388017
1461.4882081255287,-2543.1667309653926,145.8104394721128,339.6982368796728
1039.5575017007848,-2645.536937542786,185.97980338065375,311.1592838424064
1130.4766847221051,-2906.985198740237,3.193211369018332,299.3383005724105
2166.128198574653,-1945.8487514916476,85.69763860333882,336.95029342826234
2784.304183882336,-2800.043513028004,150.4316144724762,311.5948748084936
2602.8606531034206,-1276.1985496209936,250.9855171875255,301.52730485887855
2984.1333378733957,-2446.4001987042593,63.8447072163804,322.2673762387479
2459.849207772239,-2185.9356232498385,245.5056204901506,305.92270136931506
1538.5240033838634,-2146.2370916436475,172.48892023222206,312.3885909207506
2239.9494673838576,-2589.9298853562336,58.72543931751987,325.46587390372343
2895.1529787310265,-1035.880009103711,138.8150632726931,335.38106958910225
1080.9455158311193,-1497.545961578776,180.91473117462596,296.7134693222855
1981.1561182544333,-2171.285975149635,127.4793333937831,298.33751759556645
1615.8408507037748,-1542.0199184851692,189.0921407174759,331.55183378688764
2922.7654438679538,-2986.104979013231,132.17964685973968,304.9765810278794
1273.973254756581,-1562.2643372866985,58.49585764356834,316.242156316525
2858.476763614992,-2510.145590336619,36.83997078594338,309.23991292140744
1981.3718298023443,-1147.5710484245374,73.68644574834745,303.7101728008346
1156.428227863946,-1617.5960637059904,259.33857898333963,326.7895126183198
2177.751166249028,-2156.6464669164743,-11.071026273880369,299.0698370606873
1177.1603880296589,-2526.011504405801,201.37683157681508,324.6008885010387
2007.3730684736538,-2942.0046882044994,257.17741348374375,302.1351582511447
1409.8775448020147,-2204.769533657989,198.46745632907596,304.0171195787922
2183.478572705074,-2075.530003514891,166.5547152617693,304.4973437126545
1829.6951597177394,-1989.0377976132268,184.39195912411802,330.0531368034551
2370.0005620132697,-1178.694119650719,91.72384362567684,333.57889248865115
1451.143090272307,-2101.6614743825908,192.99746985298984,335.0426954808269
1698.7201142183194,-1942.781957441928,51.71229167087904,308.13127554621315
2558.974679649632,-1431.54737014863,-9.438798086092799,326.8029787807356
2821.0314425489905,-2131.98591543245,81.6519182311186,336.6785291358857
1962.6315971078618,-1401.5663232459626,234.28644438274867,317.92867095954244
2663.77967388046,-2348.8056875707916,179.93716606310988,335.97991934430206
1781.6593799500356,-2328.270521849491,250.87331411366995,299.0130965752008
2020.1658263352522,-1393.8554833328653,150.65995789326303,305.8650812204152
2234.8958870714164,-2476.068275175216,131.07788976083123,339.4725809021262
1189.946034549851,-1641.3401616293477,114.63347872298993,326.6797336216285
1324.643606329219,-2240.9878039820696,232.06067995228057,333.3537693619309
1584.5236500280569,-1804.3928938566664,235.90254295295554,306.8967984473895
2460.1729185213844,-2376.0478766030637,92.64917267265106,328.237849830712
2502.3605868542777,-2437.4985208815833,221.9212674371052,310.77813692253574
2307.8308865974977,-2582.138597857574,84.6891079118521,307.58413019253527
1628.8269772027998,-2728.8472719082574,49.12006259945399,311.6474614882396
1527.9267889806822,-1146.5887998042017,79.00387385948083,306.49760174389314
1994.9626668363221,-2429.532967049796,138.86679125987226,337.0464970281477
1638.4431704681976,-2096.415690855578,-9.663129917028913,312.3760057657223
1298.9620220261008,-2239.801974232382,243.81026914300782,321.6651141289408
1891.9844925508648,-1578.979927049516,122.65546062753711,327.4977402178843
1865.5153108691861,-1928.5041225883808,113.25702526103214,304.585841762867
1474.686771406339,-2932.2905079395946,125.19458550813957,337.7038945370963
2239.3361305219905,-2695.172913406477,240.64135964546645,325.83319555698625
2879.9696398654664,-2481.0684784925193,226.65208373631117,328.92711518963574
2948.0725947785804,-1098.957173745725,68.83562730568181,304.344476962531
2031.0955222614514,-1666.659934044271,222.89990012547588,297.58609624454397
1403.9619987029134,-2295.7470106090755,198.81311578903828,339.56958789757823
2089.383801859968,-1810.7915110263243,69.86265551806665,315.77753661745095
2828.3026285225665,-1964.5700210552804,213.8230972195436,326.7035779560774
2202.540458135537,-2202.2798211910363,108.47071192834315,328.3138319465227
1718.5825180249153,-1351.7588660544884,170.34334625863272,325.359629236502
2852.5317230542028,-2349.9049572220174,36.01214257551312,329.1370287385136
1548.6136462824215,-2642.3814579050068,46.81602538928541,306.7190719963079
2991.318834561509,-1968.192214973452,176.07131238775222,300.33658192444597
2765.368474631923,-2784.9533745263234,162.9150332180336,318.2058440716801
2752.5149670468227,-1568.4670549797556,59.5631656301516,335.94245654709823
2288.077599089939,-2825.0009309905117,118.43523855253056,297.8752620101462
1417.5882884728285,-1910.5687405730375,211.57980096610754,302.6397800914138
2718.600944074108,-2207.6069679242787,179.16433344134356,309.7428872045332
2705.142861885659,-1186.9464029082708,233.06132105509352,335.8792278756331
1431.6413899817278,-1539.4393385041326,152.76055520815373,295.98630060298234
1846.6134061657365,-1024.828360191995,168.23753825777337,312.9471762124186
1747.0295298493234,-2860.9406175261192,148.06519238888487,324.9258535663093
2086.1680483536484,-2704.98718108347,238.80473847475434,309.46963974644143
2997.7891046090535,-2138.268446976382,176.16768880785696,318.8622110378244
1516.9482294911195,-1157.568476231313,131.7818510453766,310.8666927023186
1290.3738728939138,-1039.4578086231538,119.92479524405209,317.5649087738094
2576.278375751632,-1748.9569768091135,33.62701493620493,305.92159571026116
2772.777272359953,-2430.647898007831,79.69352792601258,314.7629834025725
1356.0884574820038,-1996.4972103685716,44.49806384905817,328.52672101075825
1564.170178402416,-2456.8621084587885,100.18338915017523,315.3663607830618
2617.0823636470504,-1141.9150183114277,192.03005557346674,302.577241057703
2241.0016882868886,-1008.7752713764519,227.0026959845396,315.00135621832266
2326.2614998424892,-2853.7674550613965,21.053971532356776,330.74592028233866
2967.103079188926,-1071.195148458889,47.59201767690927,318.0372529773103
2270.297783127421,-1144.2347227046164,45.459385249732044,296.7149065806917
1725.615434499945,-2618.355957962027,51.54497876421864,315.72022501183153
1408.9722372783021,-2651.304047122174,137.38891686919874,338.9471316354955
2600.245408424645,-1261.3440666938861,65.73495993437453,319.3744169354764
1914.914678824854,-1649.463856839717,205.7214481743535,308.7461835791926
2086.63131127981,-2246.7463833557977,134.4051761160145,322.47754786399804
2209.3730351047334,-2772.459244372277,102.83957857762665,328.4075299428962
2688.1057290654917,-1703.8854649174546,150.78410199558127,315.596887118076
1450.7979338980815,-2167.643717783924,95.40563830564389,303.9964998169085
1939.1516897649426,-2930.3957164392164,113.35510776089868,339.2842421201339
1254.6746978530668,-1532.8660570230616,233.85346157517765,328.23638690306086
1810.2539975821123,-2209.916835908388,43.28236378343551,296.4811257913014
2136.6136753548562,-2574.8419748144365,225.33612986710932,335.31600131081234
2398.767621406846,-2795.214517704592,145.49207275659418,326.0273586156409
1658.5641136601228,-1121.0659442638043,58.570466404605526,300.89163752110335
2494.6665999184497,-1988.3165341109989,106.01200941484605,314.9654458114977
1973.9699006563014,-1049.4173001534286,-12.01875714980468,327.5904761585159
2972.749502956107,-1940.2182369994314,62.97374792453641,313.9425586423929
2322.7816293882797,-2808.4145223216556,124.74527637427829,316.11583100150085
2995.4360475860067,-2262.1148109553583,179.26172532951725,326.09416499741144
2664.136489257932,-2476.592403576012,95.47799965815214,297.615463206464
1210.7197298070648,-1101.9612961081377,187.33632315210366,308.8747519275965
2968.471036466458,-2882.203516484091,179.87195128619786,329.5087912459263
2452.1888545963134,-2154.464402233969,213.07055674068502,302.87219169961736
1479.3587593372406,-1146.3131248150016,24.108560744500885,319.86103597427655
1781.9627495102548,-2467.571993858096,-8.2248991826362,324.56842442740276
1282.9815686956924,-2913.0596144205056,182.49355935256835,310.0581527928832
2012.2902006719912,-2382.916673357317,218.80718759616673,328.63692590582565
2385.0831389318196,-2312.5834669623378,203.1771674641228,324.01403773049486
1614.182364715119,-1074.726206451962,72.91792099649247,334.05429373072394
2984.166855866874,-2396.8624071852105,-8.021035781553943,317.73051000631125
2519.523461457442,-1900.818165735317,177.5680764260405,299.9932782669182
2622.699827508864,-2427.828123356387,164.8068125569368,312.4861585308772
1074.5315791224282,-1263.0540586626207,166.34372839969635,304.4040335083595
2413.802569031307,-1023.1479891722774,64.04446100353096,336.2640709357821
2123.7714989884644,-2255.1840227791863,162.46949551028803,321.65650948621254
2923.6332875461458,-2152.2625154872194,179.6995649072006,300.80873092238056
1228.3408653589947,-2467.3434943702327,131.58774599939252,335.0855565676878
2151.1015665039076,-1783.6106100532966,29.562958276354472,332.34449623971375
2533.827189750718,-2962.7277081385882,69.99661891015593,328.06741679072866
2835.277848559702,-1250.336644090592,1.1972899684868032,339.898166292356
2779.2463706565813,-1247.1709521115417,91.57584516008463,328.832702872567
1444.3716209315971,-1355.419076969226,86.37523490635911,295.6745605224538
2045.291049689013,-1628.0766400571454,149.99909123930277,319.6963721871139
2617.000409616966,-2300.635786921218,97.75581721241852,314.52461910128204
1218.319748324094,-2906.125509080018,188.95015579000741,322.2202611612427
2606.47269722183,-2247.640510173825,154.52224323148872,334.20700748687676
1782.6439624511595,-2099.6971157997405,252.19701403507372,310.99326312548175
1098.310768873075,-2623.4387825536337,179.78558286315558,333.60021748633335
1935.5980540705002,-2794.7474249514253,141.29177393859052,307.97966906520134
1992.6287667385152,-1180.442978979807,19.383961379358603,331.92276898902446
2897.459686455373,-1663.2415634331046,19.6969958695784,334.2453372449828
2410.1009306888145,-1078.4682401133373,243.15815045556621,309.7175668447318
1261.3807974790363,-2465.211384224595,0.8349389077739016,297.94435087265293
1175.8712739197754,-1094.2822718993348,75.02453036649325,339.870601260675
1356.8341989053342,-1519.1868932262255,136.3489078771331,328.21236650563236
2570.1216740839527,-2930.303645476547,64.80833827891212,314.1309502908791
2425.896957028578,-1304.0553676620902,65.0232690791851,310.57220497527555
2975.998283601326,-2115.2101011536183,16.47150372443472,309.931880332934
2715.449976742537,-1389.0618583192677,177.92082942106396,335.0187122322498
2139.1604433159914,-2213.2056984138117,76.1470388616285,300.0755450601078
2098.07298915444,-2620.3448464961784,221.955228071748,335.04422538852754
1159.0671064662288,-1379.8719961289348,222.53869938365324,328.25523650368734
2503.1400277223156,-1635.0543287725316,84.53980313270743,315.8910372292882
1866.7685560963941,-2868.768049087319,101.73818962641005,327.0823023716241
2657.0728232425436,-1638.3911533596977,137.85464798464216,303.3858436282798
2329.8377465670837,-1397.4224349687772,35.82405233077752,307.10617908681286
1593.2624417623806,-1608.7860609468369,92.37512127350031,334.99557724651214
1642.2431602957822,-1975.2446011945756,236.75236971696927,314.054394285248
1445.4196138524635,-2285.332254527084,79.32184933428994,332.14085971390875
1689.601611484511,-1591.2545675077222,1.3503435883026107,304.787347784726
1707.284997320168,-2358.659117310838,226.45728949043198,304.75683933588294
2190.267459850851,-2790.962160375022,225.27339352956136,304.87338720062576
2209.324638729583,-1708.9568145134976,16.70000971555407,299.0837087140402
2687.6291465290765,-2086.319364321126,64.72726607232232,319.52255637167514
2489.61793088617,-1847.8936158163774,83.47013729321255,304.96451823606367
1244.155847943065,-2072.821784193835,118.31356044823582,336.2353673424986
1069.4617957542987,-2703.09485794554,97.42230171017061,295.7649652581415
2389.1862578366517,-2629.5328279850487,2.6143642647869463,302.43853137828717
2000.6577794812233,-2774.0780724552023,246.96508767933489,298.99891696601185
1304.110800653851,-1713.9298658605794,200.72603173258616,328.27845194582744
2766.465167730367,-1521.3787298403654,-6.617022811861101,295.6828787614589
1537.4482129943722,-1862.313204648243,34.623636204967745,331.0328417661356
1112.6081128189549,-2907.459687712117,74.81438255155354,336.83515427825625
2607.2973882709266,-1895.5199031622044,238.45695095769048,335.6925434972652
2049.613659543162,-1355.218759782815,47.50478670768345,303.8031112924794
1745.9370716048454,-2896.092313045372,234.28775268986394,298.86375875945276
2779.912438819639,-2442.92875404016,52.2218980704057,315.6409510838088
2725.2642718319426,-2639.9070245055404,-4.454901726473276,324.7803227135138
1826.7414692157033,-2635.517380564862,108.57820555649741,334.68342248494514
2582.798698837326,-1681.5454696296108,252.39759289862184,295.4148179068582
2673.8732242407605,-1288.8323972343637,77.45812896703058,296.5726751251424
2207.4939111938675,-2586.6412529893255,124.65357655648,335.81116128849163
1590.0558308594045,-2179.8954486210228,222.49682016336362,326.50456970079273
2147.0387878994798,-2114.031160086898,225.00628810397828,308.45506978334635
2992.595822111659,-2410.7106085516416,66.8422087769027,313.71576097756343
1229.7011473678722,-2174.3546082448433,115.77113132437754,336.18837456307836
1075.705145701468,-2359.9058825306647,217.94206385054994,307.57558742754907
2485.4159536608176,-1560.6431138222486,158.13998364110336,329.3887638544591
2441.7243988216915,-2792.7753051809636,35.74265566250579,334.15690822608127
1047.80029555339,-1383.1102542724354,212.00339767495413,306.63882180209833
1041.1830318145276,-1325.393391300787,-6.158956872587963,317.0488634945116
2701.695863072416,-2041.7842909113642,38.65598335030884,325.9406926321566
2554.3422925874024,-1855.3706722894256,-10.629542843452409,297.57624508742055
1305.054376967189,-2596.521126523573,178.3303648767977,322.8633749359157
1958.9612943864365,-2872.052393351231,233.7240241287605,323.4834090742164
2032.3226323043912,-2361.4930345871758,209.42349376327684,337.0801597644226
1489.8288913355802,-2360.3726756698898,-14.915525360626212,313.4970731729335
1015.2872723596184,-2758.3382712697285,239.02457343678245,332.94141142021573
2663.3707803074994,-1631.9465647556133,54.00843017477706,315.4533140294172
1647.8331590497444,-2301.815500875424,162.3547377385692,306.93174875412495
2436.5410628510517,-2476.7476728580887,61.86302649565857,310.3115403309523
1780.1484191998452,-1769.4986335653828,123.16506005787164,305.91177823293566
1173.973007216835,-1329.643924305151,-12.328195990772462,308.3777178035479
1852.8649035400822,-1244.6088412137276,71.7100431110312,298.964518361069
2577.791431014377,-2277.6521943866087,207.80125387994178,328.80518418488714
2992.553737199905,-2330.1557430034172,17.38099607222211,316.8269895812069
2624.3819968061616,-2843.3496087635917,192.0216821168221,305.7687708919617
2292.1712535354463,-1022.3351928792351,-0.16831820866394054,303.1087961774021
2354.8205117150965,-1484.6638250139542,240.934797456333,332.4482708464794
1332.2603799715891,-2885.8835942576766,114.87060409967378,315.7900597603351
2869.109654739283,-1045.8075693625658,45.69866867329093,338.98678276408117
1429.753677761103,-2545.0877177939374,118.50423527876794,322.9271360635896
2440.3513220531886,-1332.3973493034403,17.20911172569862,314.8368085361446
1899.4432047061832,-1395.2745535028616,249.05949978710242,306.0452829188071
2584.7099125808354,-1459.4518230673352,119.5306014702679,318.0483721030901
1607.5532578675466,-2030.8223722439652,62.6384398378477,304.73941530191286
2883.828064651402,-2081.318303102765,109.09825524134745,338.77640801524166
1817.4078531916018,-1917.9324042104163,110.15900132295936,333.090542216334
2770.1754806885738,-2441.920978602646,212.8809105353196,332.01803226288064
1795.3062255563073,-2132.3905753322924,148.2333415055479,303.7303406901384
2964.8460837558396,-2493.3888294682583,163.25016129766146,311.78759129959866
1334.3546838986274,-2798.9523899138458,115.16257037770706,321.2891416455016
2876.7186297359817,-1567.4848076575631,-1.229222576381325,323.60376448972806
1627.7221053452968,-1775.6552532296982,199.9695693800009,299.48043773244945
2864.866992481667,-2819.484780272094,106.64051637921106,337.3517048750976
1157.0877652619317,-1610.717078749052,248.2382497826124,301.76524633169777
1152.5228593201682,-1990.1393013028473,259.4900913438682,330.64203200087206
1012.1383423762213,-1593.267184561892,237.30084063993004,330.1764352778802
1991.6520457094152,-2743.5503168681107,56.62499558207179,329.80860802142826
1530.7599844740305,-2191.9143683847265,257.51645205830766,313.393453547588
2651.804409233756,-1892.8641815069673,-11.987241684221761,296.5259499872335
2917.3835067732653,-1977.962639658469,113.14427323537694,313.8840270162545
1196.1793164122087,-1089.366873277821,116.72644728800762,317.7270228293724
1803.6550822495685,-2108.016722231602,232.80288365033513,324.2810211690121
2235.9307270212767,-1888.2093147510434,6.2163024005608065,332.0543865224801
1557.566317933638,-2711.8963842595053,80.12611489114404,306.51249347110297
2832.012348836206,-2736.875309825529,55.47339714619224,337.34533551906725
1309.9261631909317,-1784.2569797982214,218.38114915767105,303.55714022317966
2109.6497621383733,-2806.346702891828,255.2795614635794,308.49264717782495
1826.787613599049,-1991.8786116699252,56.97580755946072,335.8835044139089
2665.763730707514,-2300.693781362894,256.64542202373866,302.70951536662994
2743.5500943084908,-1345.1337493371843,252.54917993567807,332.38864963985935
1954.3485788135145,-2643.3447326184946,176.06689868187655,299.54720982086076
2991.6685161589785,-2504.100761456582,236.82140629294403,301.9692913010789
1253.3746063182641,-1335.7452956733796,149.05594560284516,297.43171682429653
1082.7417789531564,-1366.210927895148,22.672254582875546,329.4173938440557
1435.7556835126936,-2465.7569398878886,56.78402518707516,310.42715898024795
2970.869596601543,-2342.097664954477,214.46633578539445,308.8878136700833
1293.46041012278,-1978.9931358897243,123.95395927019447,328.38058501185213
2506.399871701141,-2296.723180722159,31.65055705043124,317.8682686352028
2446.2923675658076,-1263.6519835640745,217.05476950136793,306.0460172105097
2780.455567606476,-2045.7452790874086,38.18009555237023,338.64938868820593
2968.224199261679,-2021.3090501714894,231.70954374158094,337.65831473796
1853.9926533483017,-1560.8377920129014,120.64318214791831,338.3851875857006
1263.2953132220755,-2561.465823867522,11.89788703790413,339.22967878650985
1151.1294467371981,-1277.53591925686,73.47052877557206,313.2808315324637
2733.3602079163493,-2990.5048405012703,3.516252810477802,322.02692514769893
2608.1796672858127,-2615.0408457966178,244.65602089828866,301.3527345980317
2490.513044081563,-1499.8827152398035,187.33755410535701,330.63249771978946
1234.0941043899352,-2182.0862694802763,142.6301336871388,306.0242183404246
2003.5780395163138,-2123.51960539785,38.72481003029223,324.2586669525678
1406.0467034204496,-2903.464433289283,93.95530831466618,307.77176531299256
1284.2313168577189,-1716.496467603198,175.2073758948236,313.46782444045755
2928.3101776373755,-2557.4632712187026,222.30851590463078,338.10681251411813
1161.3350656812818,-1258.9777380418575,147.7596068525135,338.6223214721657
2165.7912838360066,-1458.46990109676,189.36370692820395,301.124812544569
1103.4889806144445,-2202.8926738530954,248.8911350050957,335.56842713418257
1105.37408750924,-2923.614768764419,142.8294586749763,311.67513755252503
1365.205573732495,-1745.401272258887,143.34134888108846,337.7450483254267
2513.1196704885942,-2274.1435814050756,160.34435524429418,306.3647982866958
2167.397670575868,-1112.5122114687538,229.795933143724,334.2515667083784
1574.7605024597901,-1452.9952804075938,193.79724326424127,296.9862255206907
2183.056598209732,-1433.88732150637,202.4574625147757,302.2432906448353
1535.3973636887138,-1745.0389052673106,134.70375096972245,333.77968924118653
1984.9471148076118,-1102.1654089554004,152.87830070750147,325.80721665025624
2874.4590712020618,-2730.9814565968722,25.0030359370409,325.02569015016854
2835.400143081731,-1774.136551291339,34.87168494785376,298.29165225333213
1426.699964332459,-2163.0519365242803,176.1677995702912,325.7322442001782
2135.355160375432,-1274.8221866582387,164.16848994922776,336.1847329032836
1244.6216146130528,-1715.6002031372534,202.17746990223148,304.30684039965996
2255.3616588550967,-1073.946585537958,143.9123547396129,330.8144133067817
2401.601383044088,-1123.1548279103883,159.38058859947142,332.01697294156145
1922.3698183410374,-1501.2914822450605,12.286999476152392,331.91162654571133
1297.9877760145937,-2159.4055151240254,-8.511318323251588,334.9333835517954
2634.767233290357,-2234.858003694674,252.14733312101146,335.3493918212509
2194.8379019831627,-1283.443408687346,124.78898277526642,323.62135054507684
1038.5118088593292,-2264.838455577262,19.69487709204156,308.2797587921267
1793.4172921573966,-1736.6182013208313,13.110438344865166,331.070167218937
1226.192773538259,-1589.323010088528,45.13760726482286,321.19003401747165
2625.7710859002154,-2875.199731666926,164.48884962885631,338.7799442908142
1521.1034711772597,-1031.3582736988865,211.33358613327553,337.6148367136922
2346.3965908181367,-2109.330071199952,206.21958364965508,311.61048032699824
2264.1363066289387,-1736.2936554697005,239.21001447112502,303.0353266187468
2010.0680496301868,-1358.7995775623965,228.9611080463728,313.49508221591117
1957.107776584178,-1469.582444605434,58.3855269898047,315.6242080345346
2912.68946268336,-1714.6798201042186,42.165625153645095,295.7791814567389
1330.4836619696018,-1501.880662804651,198.5730138541997,335.97535056627936
1980.6868042202673,-1381.9582320720906,206.70748864500948,297.33635025395716
1492.080839970752,-2154.5001577470234,209.8785820427551,298.71644036048383
2281.6290677051657,-2653.008352224339,213.74617961646433,325.3279903215223
1838.9593471145786,-2290.745736188799,185.48578421465788,295.33821060314204
2646.893348549609,-1648.4679059180237,217.66380821043953,312.53271094890164
1596.1223726491025,-2002.9813468681023,150.0518999160141,300.51354404413985
1599.6077699173698,-1391.594096977246,68.00953585341911,304.63593314088195
2342.88259424463,-2721.0625628279927,138.93185287574954,310.3357737308658
1295.1287909779771,-1782.914695801963,-7.422019193126895,330.2063784794809
2257.823652960762,-1869.6444892096802,105.18434517373905,337.73630761991103
1148.6012773877235,-1674.0703087408738,37.354778764490376,331.3836890175605
1872.8473348720452,-2321.5048261141906,148.24797478904114,336.36973822590807
1712.4447487429275,-2710.2033914298895,209.92180711675744,317.87485413633044
2738.027819637208,-2712.118786740868,223.15420161026537,312.1676453527231
1383.9668751394563,-1335.6887662356592,188.89831854354736,338.56536307456054
2117.1983626459923,-1615.2986480918794,3.0001745403336884,298.3501044988567
2970.4684596637626,-1094.6476678296256,218.59835875370808,317.86232116872145
1596.4613013654964,-1108.5735510064826,27.011605930648436,330.78173807001576
2245.7686579881565,-1639.5811347415743,240.19366428993683,299.4377614047246
2030.0463737542586,-1067.4327759097505,56.916196995376765,297.33425369769594
2667.536735253362,-1106.7068273145183,244.04148322634256,327.36688371925317
1217.8807790988385,-1929.4579118454326,224.80920568532326,313.0760521011266
1930.7142489511464,-1009.3015747576997,174.5384780717075,328.2931769355273
1337.45389214572,-1939.8718912883746,141.99847036939664,324.79426677318094
2317.7985640813213,-1322.431454960016,46.73976802536647,295.7002973937245
2114.3390794117195,-2635.03281368062,198.71040782871583,303.69340842525963
1428.4305770576589,-1029.8762302387997,242.9473759573179,302.4057714826634
2749.0171487551524,-2132.7848344308604,151.87143163089698,299.01992315208713
1472.5378537730414,-2901.652313713177,117.59862535991911,333.67683232559443
1290.3575742346682,-1675.388345437932,168.505966854392,308.25861165660467
1575.5957275747105,-1151.67998610862,105.58236520936649,319.03359914618574
1561.1218771590363,-1248.4871450878038,34.93507190619681,333.3243524021446
2293.347501442675,-2418.8438620674488,193.38182446105685,311.03947236841543
2845.1493740196247,-2712.6303666688636,223.82542849462098,299.2207416630773
1740.5684557661202,-1799.769122111568,238.63589078965623,326.243150231996
2396.966121338525,-1604.6660560306739,129.64178204311764,321.9546638280657
2455.003242026888,-1379.9558146373856,101.21673663181937,324.8840039665765
1758.42800993828,-1154.6915910234793,154.71621342699163,306.3154924744674
1357.0492235529453,-1868.7953275649415,10.54803312899088,321.3961932648233
2786.9208009418217,-2124.260451989589,233.2972314539484,299.432568218806
1431.8491976446428,-1673.8131847298318,12.168116684952874,327.60841916652583
1540.149219265104,-2419.8605036345216,238.1386426594028,325.2984194413615
2595.4839434466103,-1911.297649853674,12.793048872161329,300.60509935075544
2917.4890335612636,-1578.7453144220588,178.0763298528993,339.78956130478997
2168.936174539588,-2392.867403355891,99.171411516278,320.0402414689766
1569.226265323297,-1964.327264298497,176.88133027777465,321.6749697299718
1686.4397925301946,-1346.3206684769227,228.47225267264545,310.4741898114323
1683.9038060292596,-2943.182014250926,90.88633185128819,325.7825553805392
1872.7998122007828,-1892.5561168382524,13.970458047914558,333.36271163480876
2329.455141652199,-2520.280281391649,257.22709987307235,338.7748512266568
2979.9629696078327,-1502.439361120615,16.502652204033918,305.91287864329144
1222.24591443652,-1902.3952558690505,222.46821035783867,305.9172923121085
2445.5943805029174,-1299.1911215966302,230.0549074187423,314.6535257488751
1770.2085763326365,-2705.4673898316423,37.50717525891396,324.4247635026669
1020.3044718706826,-2481.0895907526124,121.17718330845818,301.7619873027868
2618.4609882902796,-2458.7338314123936,28.180134012544976,324.6173660621621
2766.05632268666,-2676.8883116496327,65.8288048428276,309.8628312075602
1258.724063078045,-1161.4419930178312,63.669873438020545,310.18109989672604
2462.9318207280758,-2575.0732291493778,195.67277368734688,302.61218170301646
2344.57323753756,-1005.896196763257,85.04677836110459,297.43370186404456
2442.418911872148,-2924.394016478112,238.2237799969791,316.3011068940077
2643.8377618230697,-2567.810410610088,244.32556316063244,310.1765351499556
2006.9971029172036,-1422.5837535365329,9.940492870701377,317.1030268656273
1498.9631787634974,-1368.9271931134901,53.89190900691112,299.1656429061677
1565.085373518325,-1973.7911988454578,229.50537513940432,328.2626270015452
1139.6272375038059,-1312.3235647170143,219.78163847053287,325.90616097413016
2217.445473600385,-2195.9673230088833,198.5653533243037,331.7425606159336
2548.449410507874,-2343.698844442436,245.39714021812154,302.81789433514166
1915.4929529139386,-1267.5515147101526,-14.105465498054041,320.31572929113946
1488.3893907275553,-2549.1957775557885,165.17069943558943,324.02061511669757
1890.5443130164765,-1260.5275588050774,181.2790659161595,317.19365227689553
2407.967782555049,-2333.7940622875813,50.79112493942928,303.02499695806716
2220.1611360743727,-1779.837069178595,107.34534960858815,295.26943865131676
1322.3825203035747,-2591.2976703126296,92.69140779258368,305.3725919352613
2632.290967897997,-1302.271356938591,205.12076311705954,333.52961668334603
1887.0555092782315,-1009.3648154762525,141.95819439266006,321.6339806630663
1873.810741936787,-1326.0268630471683,110.57305783578929,307.51093797968
1702.3055429801202,-1868.9436671400706,120.36472119031455,338.5104403389533
2824.2158442770196,-1879.7698835705505,196.9100038774717,310.25613122023367
1549.727491373094,-1575.1666399840765,178.95317721253895,328.8992779598428
1986.9966401466363,-1373.5803827753325,112.87998759591,297.356248404787
1008.2149239333355,-1874.099082046097,45.40584434173411,331.1550946725637
1621.6769670327308,-1836.5314520861186,232.83074327849556,334.5769233665509
2278.1568748967034,-2661.7473904603585,113.08210336975483,300.74087769231875
1568.2381619542318,-1802.7991731413063,84.58323008842497,318.6138738415391
1319.6564529734155,-2253.4190345599654,2.7969470317130742,316.8575604304481
2886.5903364717497,-1900.3688653042043,61.905375753836694,318.309308265878
1405.1540415920251,-1449.3618779870133,-1.1258025745240055,321.599425176537
1649.5520129279455,-2136.2715290684114,47.66947946612323,331.5379559530488
2212.117034062908,-1017.2629617948903,74.39685413971002,337.50560090031
2149.747488557651,-1040.2335687758184,87.18025916985178,317.01411157489747
1580.6276558580062,-1487.1612301789773,17.66822220447294,324.3253383251715
2920.379298759084,-1236.1957683281098,246.0545313422043,320.7406822936606
1769.287506836169,-1169.709852347937,-5.909171216517992,311.38529756815933
2223.2660265145882,-1165.0227815729188,234.52719740916655,295.16510216991276
2395.113872173648,-1411.539824790674,175.545267973003,326.0940593407182
1130.401246975986,-1897.6607138231693,133.74142114484607,303.9429813060372
1844.0755666790606,-2762.863142344583,120.66229771751031,296.6577125237041
2354.082653899166,-1540.6407496022434,235.91269481868056,299.68064436351017
2572.768286657124,-2186.9826482016824,79.91588786286768,327.9024025837419
1628.72344281301,-1802.8044925258866,-1.5629273836349409,309.6379771236103
2561.080900279334,-2415.9198465751056,256.4201692786911,309.0092530412406
1034.7836309693762,-1095.869328791138,39.65940332952727,335.07106837599133
2817.3168092884425,-1291.284516001626,242.12943999441922,319.9012436126798
1277.4104482264595,-1928.7777447366323,139.8427679318705,337.6686547852004
2540.342771000064,-1298.9953380464624,175.60708679776369,316.1321240941344
1611.8307310275084,-1321.3633628575217,178.62968227718056,324.3792383890755
1397.8518317905534,-2838.474293216911,136.1344202448262,326.00767873578286
1814.9351123338877,-1382.1924511027314,32.50475957165084,317.76396111431063
1530.8754149683432,-2086.4584516975806,-2.2157409844013856,310.2850037185544
1203.3914317167864,-1101.181967365909,202.5934296354052,316.3586513437359
1445.177522602825,-2154.6696668693503,154.824859038388,304.3430653397604
1582.7073499784897,-2617.9146863232945,91.55317153498189,327.9004132619768
1468.2277497471682,-2014.762625517315,85.63859603262964,325.4815457789843
2479.0801309463386,-2620.8545124550924,125.42461663475129,332.6689344163287
2279.870448639468,-2009.8863206702204,225.68919308182979,305.09433149601796
2201.468449551071,-2844.918554700106,60.76977419104395,301.8499522385341
2155.5443131659067,-2020.6075231720097,108.78872816125065,300.99495795507727
1694.2129348690355,-2451.534846562535,100.07924224240489,338.4180069761271
1380.8754683099278,-2125.723156175101,71.29210723440252,315.2009488783157
1409.1511346517668,-1293.1564856124921,131.30602875792948,336.41870937631404
1250.63193943378,-1752.7148244129621,14.244426463435744,309.64381630344286
1434.9091419282695,-1645.424984905963,238.7809217135808,335.9005155274646
2347.34205495279,-1721.3238490346057,135.05248662579845,305.97970527750704
1459.2852430828436,-1988.3726807987816,124.15079951200326,329.38262102149946
2665.1855850040124,-1551.3574137218175,234.71025155803298,334.5109623271135
2190.0131912972747,-1026.4410009572791,242.8180657526225,315.9143536275589
2842.5748957381284,-2831.310673591037,93.56068232374852,302.36571939010815
2727.464456705526,-1517.7618534828075,69.37544379259317,338.23273696896365
2531.2331013154862,-1576.4042145964706,14.680689482678766,320.77359004782386
1369.0109382581861,-1210.033963214963,37.587008598900255,301.8020693008164
1869.4035351960792,-2835.3797867961516,68.84354769412751,320.11500875388367
2982.3448281386377,-2346.5369543097886,42.2996600003394,330.81801927752696
1112.583980949298,-2842.5794700796196,213.6924610613694,297.23273076918485
1519.973595689953,-2853.782159880886,63.09018478460469,296.2367537477096
2202.65945181853,-1135.9515554388804,242.4318265654881,295.1307915780396
1409.56724221272,-2717.6024405056487,39.09012158154195,301.2326118513945
2469.2771249650746,-2946.1821345049702,88.1903984866449,305.5079365006143
2576.5077784914856,-1996.331548459821,69.24015480590577,311.95051868587905
1354.997847955391,-1525.7956291393905,213.37566615171497,321.52550203864183
1821.9170139176458,-1983.609685302869,51.2293022486152,316.82225121966354
2650.5777568637436,-1281.9720656075567,204.36797752757585,308.08751065597215
1218.0725746776188,-1534.63080907881,215.0061367967897,325.4150663191535
1907.0999626299144,-1531.7687764472962,155.2349880809251,296.8450596617658
1911.906822520093,-2513.9230506598715,-2.367626200216195,323.15831484108975
1120.3755264845745,-2077.1108884638297,184.54701273888156,300.3981720502699
1175.4122627329434,-1675.810394340274,63.05015542799137,298.6896957788106
2729.307055961418,-1839.430738481735,242.9380681101796,304.6349431777164
1943.6821877679797,-1677.7857386055496,90.48162902397472,299.90957322339045
1786.157188688088,-2504.4422254011506,164.17145330098325,318.50966910724213
2487.2300911151706,-2070.3882847431696,-12.677366756611919,302.926038337178
1362.4453850990076,-1140.5405409695807,254.09372548723826,312.29868544435993
1195.611290742767,-2240.9174829288686,230.00957399468604,324.4418991493809
2235.6202429126624,-2616.845701383736,84.66512099371215,296.6632340866195
1651.4056499541166,-2138.7204265011424,87.08285967865565,309.7610102242936
1305.2099079721424,-1256.809879029805,228.74234983826628,323.65201540252974
1715.6288391494595,-2217.653347332544,136.8064076351875,299.46100278046384
1163.2306673552614,-1819.3942434863297,135.95576149904122,307.66878499063847
2315.538604430735,-2192.745914794007,38.61628551765327,306.58165021808446
1434.7597658351206,-1080.0543563554281,110.62575827890552,308.21311893876197
2136.657914969212,-2326.7693344117565,156.31558793585162,300.59769641085643
2242.06033080799,-1361.3881559923832,221.2831399081415,297.48026236302826
2776.3055812249195,-1003.3091212434422,58.21279747449363,305.42822721803145
2525.500400623413,-1457.0320705849088,204.16178046629258,329.0166862256077
2262.604549130981,-2513.9864826945623,155.06975136374018,339.62590171332783
2041.6745711976948,-1586.542451289417,84.499344149647,310.3723524247769
1876.787399498569,-1625.9218926025774,-10.916640390039802,339.8563568112054
2083.483885243729,-2639.05331554571,5.603308365341174,324.17699216893607
2196.9758217969174,-1862.1427562078593,211.30709554470548,313.5053754716694
1621.2693725188528,-1142.8578825977813,240.021145254285,328.9435356424354
2030.766887197412,-2318.8992633938014,184.08912980859873,317.3416987458053
1730.6501344149187,-1632.3820341036574,90.25600662212354,304.28544057672656
1660.7301460471822,-2044.6997163994324,85.80803085170352,297.15176662310364
2214.9340186282434,-2639.2198261671406,177.08519467233333,306.1767489647283
1274.7580437072972,-2435.2302382866787,49.51701823910739,304.82560124419604
1856.7432348755488,-1449.3636003904242,111.86389890252886,319.7301795405425
2811.2994484998753,-1422.1966212210514,206.9035972365697,331.05089281169876
1697.7987930873905,-1155.7332113223242,27.370762597329417,320.38910184092686
2220.6941697593106,-1562.0610797808622,34.04591129747171,324.21218962577706
1306.7692830004228,-2290.148015219527,147.63537267157443,334.2922323994757
2453.829360742856,-1947.4571187127544,100.92074907884697,311.7227596558123
2306.33381433142,-1495.295890066033,203.2464612620563,296.6800128687175
2713.129648748367,-1370.8007857756252,-3.9010057701289735,304.6372739235112
2527.875108546768,-2055.273639764868,128.83489782928726,304.088662700011
1876.3371995953087,-1613.2915757073797,163.9227741557516,304.55343094714516
2057.285899315105,-2597.2016829669933,63.34707546227055,298.595886090185
2718.131578415415,-2658.0037361915006,247.4736900171921,313.94817660097
1373.1892965472834,-1778.6990227106132,169.22502313665066,331.12719019866773
1837.7531702987442,-1905.6738032387345,144.86927613163954,323.04717571262637
2820.6769607967935,-2788.7680067412193,98.95547883513846,317.4079562398623
1689.3183603714795,-1885.0915453051962,119.670739594721,324.5026769841663
2207.228453990837,-2113.3936861491047,244.9908237114331,322.9196180977795
2848.183780298994,-2861.274367103469,47.47884888215575,318.93383431911656
1705.4321796425966,-1914.6790728429064,143.51836912764415,315.6721708327127
2658.109092203813,-2234.83380575492,103.13718232339059,331.9377925720743
2546.918132789762,-1942.072503312328,256.7623994804882,317.40291342458715
2932.969159874584,-1230.5951892257046,40.482636733396255,323.4002408530246
1692.3208392348065,-2630.0968417765785,78.9187936163976,306.15889234980295
2974.1130520073716,-1311.5716924544818,-2.504413824240718,333.51295615592323
2986.780962234214,-1492.3744166799138,28.353246988895272,308.5139023220962
1697.0719012320092,-2192.1609990022243,210.11592847677576,332.1592386487864
2740.864612408765,-1175.044844482315,72.99368538591155,317.90407901740093
1148.3571523673763,-1328.3773608811848,108.92405644981031,306.6395691111843
1185.0686074909406,-1335.1123391035985,9.21752468569801,300.72065905351144
2783.489740543444,-1509.4618448022202,157.09642207981753,330.3788435143249
2418.2772229893835,-2108.899911532658,31.428231454911383,304.02057683251553
2458.8992916289853,-1946.3211436441716,66.03733757586281,311.5191641266155
2815.9192316206836,-1206.5019541660633,127.75052066969656,313.9471848002221
2436.763311191897,-2426.6340615599147,135.0927260422484,313.3840297321663
1248.5333255928751,-2632.0084440660794,234.64888675878254,297.86463485850186
1224.273259142048,-2988.5111367198024,124.52840191495915,307.45481260961924
1724.9668962007531,-2131.218811624013,46.92816906825352,321.0718358232335
2051.775847725854,-2111.297589778161,183.16587519425335,304.99960680080767
2373.3768192302086,-2156.8301821968794,168.24217209018715,296.0075657267069
2797.966059108184,-1344.4315717403615,199.91478317685892,339.07902570464705
2747.365598289928,-1140.4720107393036,134.07788922622177,301.345433567633
1020.0946712629504,-2088.3969973529,163.6191098332535,315.1619518013274
2964.7615354303284,-2513.955722294998,-12.494416916041784,337.50254639907774
1601.5952499820437,-1331.6983855564554,118.7770707437129,319.77514763531366
1554.163604390256,-2842.4160435757376,173.68098773501328,333.72162490430617
2974.73377008046,-2960.8758180773807,68.0007445932655,328.1372022396238
2569.5154955854873,-1163.7203707827898,223.25240782855047,304.6682397871142
2443.0344124005405,-2697.972213365397,152.4069784098303,314.1009017812273
1192.7168808185172,-2014.1423470228642,85.22257054532034,297.86051236898635
2221.8468318710366,-1432.1814664821775,244.7254159520544,326.2176604164888
2352.2166886005116,-1512.0917407855845,154.51844341671725,308.551195547644
2896.1775345826654,-1468.5646638462233,154.04040691258677,315.38965002971565
1793.1827015498407,-1809.4168086070504,65.84393660350284,320.06886134018686
1290.0264949857203,-1103.964816441511,147.21943903301337,315.09626658516447
2921.837890284769,-2172.517026269264,220.55986947440394,339.5883195280675
1182.6155437342077,-2352.1565396377005,20.806995709803637,304.34529865446274
1261.1342283821784,-2582.4011649725635,99.0104356886205,330.7490619511975
1639.4089468935376,-2891.6861535524,251.88864533262887,325.642742259277
2099.3628343585133,-2072.7846485461396,91.9888312540982,306.918966959751
2421.738341444886,-2167.324185198686,192.78426745259392,306.8683379325472
1767.9631070220228,-1943.2557240724745,91.62172034354285,336.7429634285555
2817.2042303069247,-1296.034633316303,94.05395333732217,298.74632454346494
1209.2772970810863,-2304.2047319950884,39.471091766800456,330.7033243834034
2801.414763657177,-1859.3418961303753,-13.206665498685062,316.88822821496575
2834.142184355484,-1239.3683262878617,132.55717168602422,320.70181312454724
2600.0785371837355,-1663.7742861045706,115.45456264416362,304.3954810147886
2984.068404074098,-2757.4878558979367,24.86313599514218,335.5565350924952
1743.3023241258811,-1703.5512366227565,251.92430704514135,319.0625927233489
1957.7149979918017,-2002.5223818984573,124.27163812200342,297.10383905596154
1474.7768997042888,-2859.0637909821344,51.255816804131356,321.0401066721988
2170.8740894771854,-2156.00019177913,85.9113773716488,308.25090490121096
1938.5568265502518,-1335.037243969629,27.92166834987468,296.98505905945194
1351.7948699065323,-2960.4684119901485,26.458408730788612,335.25152455360717
2298.6106841779238,-2326.091266647717,112.10615717330406,337.9931907196976
2346.014876689137,-2889.285672755515,191.70962526669027,299.6748179790687
2661.7570295243377,-1306.231255101161,4.397893182154526,314.5707336457101
2471.7661999866496,-2985.9962312743965,93.14760021806161,329.69192243417206
1506.4437470694106,-1617.7675394827884,169.463450460434,313.00209932778876
1842.5401933611154,-2180.882431729483,143.88010097060118,336.83240781172896
1536.1702721748106,-2291.8657076532872,28.804712992889733,303.056269625457
2016.8342329058626,-1190.301514419377,73.15411151456088,317.97082621859977
2376.120224666744,-2205.0496997715445,165.76088320281542,300.8899509129038
1619.1821632567503,-2546.992009050003,155.9133437626518,296.20176121103754
1767.2920628164295,-1414.0728782253138,99.77492939884314,300.7021674457436
1347.8574958674894,-1955.359552149862,79.78761613999167,308.73967927623124
1287.6431491365884,-2287.114255687929,153.469485061364,336.5250051491005
1801.260303673181,-2404.621540687443,11.989035369182098,326.6151004004385
2960.4116198266656,-2568.1006734774605,176.92716594280034,298.6245302434199
2636.0399087484684,-2980.927248206146,242.88773941558873,298.04794646981713
1035.9211784866275,-2744.886489159798,237.7854981708907,333.0901155328851
1415.8638883289912,-1071.3646518119228,76.73197804489801,322.5930326793868
2718.882617349922,-2814.8988008535853,244.66613150820746,319.98309509138863
1375.8095751449453,-2518.8669781803897,248.00762825148678,321.77075437981085
1206.1999945657665,-2997.5992356505776,96.18192542649939,304.0728484169008
1892.3251114662185,-1138.8447804507623,96.7355883033574,310.1413228365245
1742.9692903164514,-2384.1714524396925,85.5298346212378,300.41789079646895
2379.1015790294823,-1460.6278333041407,216.4763563177686,331.76453624075697
2218.1863132185745,-1637.1896118385796,137.83600398732224,329.88186213356676
1151.7718942779707,-2744.665415773806,244.51380615509203,318.0007130276435
1852.480504967772,-2120.689783551008,61.834099634670125,312.7191130368686
2485.9075263543155,-2224.4727661039783,102.79280637695912,301.45793331234705
1444.9259164422567,-1148.3653670969627,170.65762604062863,318.3699920149616
1262.4959911831525,-1204.090500286788,31.62023390317227,306.21329027141263
1313.7805738136549,-2698.55385323928,28.76280168750297,297.70370388372226
1108.5416954401949,-1229.4918382380858,246.69228391133453,337.5230651317952
1103.5586034863247,-2494.9579172683225,258.0229059289409,321.2538238042845
2539.561147129923,-1031.3016419558335,255.24752392106046,337.35723686719314
2479.166268856877,-2760.745145831952,223.71172857172994,337.75032050395123
2636.9738148967162,-2056.8125683948865,119.87354394216922,313.1747820241149
2474.8525561830447,-2655.1145931597534,107.38105411541764,301.4529765053876
1685.3956653615178,-1787.6576911766424,47.76125119587323,297.91326136869105
1372.3221940778262,-1680.909628341741,157.5714033173274,311.2059732584088
2705.041029320446,-1630.1245379599886,140.034880019457,332.42668754940695
1007.8745153024242,-2277.233758939794,52.13733955979053,301.8975314717401
1181.899938338205,-2813.8095209409516,20.582723179421876,317.7334391001371
1914.4312563666167,-2060.902576996089,257.80239924938434,298.80301350665286
2062.1112008150885,-1270.968370016719,157.22129902147844,321.31204235906995
1114.995308203369,-2263.0448562200886,248.3991055812847,303.4104316919679
1319.0970584439185,-2556.8262908960214,100.72716891574134,305.8877147135922
2678.4197209970707,-2514.483884600215,160.86934748535427,329.9027337598243
2119.6738367808475,-2972.028395044153,201.09540658278107,321.0042555891941
2236.5394451351913,-1896.6182660510738,107.1535094002273,312.8279349298802
2378.402946330637,-2315.8004475193134,-6.517725498124394,324.88837678709666
1391.8696269563347,-1364.6764109062728,1.577850031952476,333.7626323627329
1032.8857719452794,-2371.033332040114,166.45570285129,302.70229092722457
1190.2116938815134,-1364.0925006122272,76.48491329109576,313.4129458411099
1024.1673450173666,-2230.095403383196,251.11889014689336,339.5816236519796
2322.747756952217,-2674.2147050173216,66.46987576145764,321.31355565931364
1630.436541591771,-1327.8426231274948,234.82259087489885,309.17244912203483
1048.3233218617934,-2357.1118561315043,184.73890579190143,299.7731201034068
1917.0975380733234,-2941.050974940169,188.38360156649924,301.0756070136877
1722.5144969567655,-2205.5707619374516,87.99249936859175,308.228383923712
1545.5534325174106,-2638.744719110763,66.30435795824152,296.0186681770148
2883.316285732398,-1411.3982021484103,27.118511875281186,323.9865679623404
1364.579494546184,-1743.7459200591954,28.174921070001787,304.49532882153267
2474.5419574195985,-1306.3875594125777,203.60854052332323,320.99705670596194
1142.5659882093057,-2369.7837696599713,95.38368039803501,312.2599078366244
2911.2605712506174,-1381.0673118099169,187.24577356523298,308.0643815830646
1289.3713189415232,-2733.333532720957,54.26958525943917,303.2180885838844
2396.666991543908,-1061.002682596898,81.43005335835886,301.93945536665785
2567.404048478372,-2781.9334925023054,128.243598369961,327.3092400290864
2433.365032480269,-1360.7894306264184,76.36891101117845,302.3115864945554
1075.820028330099,-1995.47058991458,226.28404960650485,305.17533864954896
2846.9404279059318,-2457.6528955561153,48.47467414303529,322.6152107048829
1550.5593084895272,-1697.3527861909602,14.92463384452206,317.8530192152572
1184.7253093670902,-2232.159291620837,23.728219490890915,308.249333672758
2672.001441096146,-2255.7155045238733,-3.908565606057815,310.42369722393846
1963.23150676652,-1002.7771651110179,201.17559806471164,319.5300153879453
1724.4481077267812,-1324.4784208094845,71.86975601697586,301.94883146950144
2967.2564714740743,-2597.534882733556,213.29019887551237,310.97369390987615
2061.5949317031236,-1844.3336960135819,133.0571435469585,320.48080676066184
2071.008540341881,-1355.0101399249513,251.99459758985142,325.74950976320014
1446.3990450874903,-2776.9601778453607,67.17232869667022,337.7762649885924
1777.4637043114358,-1072.8068874182666,120.2901683647722,330.91990134644703
2069.291167833223,-2148.0530301085646,253.86375445202748,300.457785039019
2527.506908150854,-2958.3196630762636,14.758723058312949,306.99488391316294
2754.3887825866477,-2153.7046754335765,108.49611799536206,325.3153843781735
1751.563063810183,-1951.948124854959,9.654189753903815,304.64696918594973
2666.527247256503,-2532.1532705064274,145.99997183473766,328.23107943780906
2413.939258784121,-2355.312566233739,37.09281702105972,298.5668878321598
2836.8264894131,-2731.863356978282,98.95338034270652,338.594972810933
2402.575560747053,-2167.9694803166403,73.42407110251061,304.87972996026525
1325.190840956196,-2820.796443685255,237.14341921434968,298.1163314014152
2186.548200268884,-1829.5694075838135,185.345702190066,317.86104575965925
2383.389812248145,-2975.4517251338552,223.27161899628058,299.932784788204
1317.4733575825783,-2088.681863825428,165.46811899702436,298.5086706421101
1436.1971164393808,-2927.533888898323,62.96781733885845,339.79675377708105
2162.923570531858,-1534.5101163379306,216.2940662335124,305.1733570584788
1432.1765049050864,-1650.5392616955762,123.75405801360415,297.73865137293154
1528.367447228666,-1853.2036431352017,37.11448917486879,308.2758645876814
2291.7228165081215,-1134.1776192288642,26.92083127769972,334.22497011889834
2157.3127291192122,-2966.206282045453,60.236978906867506,328.9741476739781
2616.869919084319,-1538.6034050955525,100.14230537608056,295.6792044943493
2943.839851619179,-1570.9405331010337,134.41958738408198,295.2191793039326
1079.24725388441,-1200.5861691316156,200.52737025552145,334.72108551226825
2288.7390393341175,-1107.6646182482582,155.39266174780155,312.98080638368293
2290.062112046427,-1573.8612500654806,187.37688168370374,317.52939780811835
1370.6113124573667,-2886.413031731913,9.13245858291318,323.2529524492383
2476.669076172598,-1100.0404514171298,190.52103643529506,301.4789520244936
2407.086471090743,-1255.0091182552928,-11.532776064036929,336.6650242117141
2313.174739296167,-2055.4122209491,128.0219293329177,321.60350845713435
2549.3100161591756,-2932.4324209319047,27.91983679436143,319.65899993640073
2643.360779312185,-1157.717183654964,99.06792379598095,308.2752542028966
2209.07221312342,-1097.9746217047232,12.66927483068645,334.9358960846208
2790.7899334691733,-2154.321442137812,60.41993087275662,333.0693662725486
1978.8779402323248,-1472.8975637807239,164.83865178311748,331.5641455630131
1631.8667200497446,-2230.688242387224,34.92806157899461,333.96781550921776
2396.878464303965,-2357.039575362065,8.738074121612058,303.782285371725
1496.5762605129376,-2388.061689417508,228.89582693016413,299.05135536487546
1878.9451664415024,-1877.240728437323,213.0626014888456,304.30662501424797
1513.8099718101475,-2003.417644671239,89.35935159444996,316.9351528092417
2193.494359736995,-1085.8131252380335,230.08681136889342,317.2653843619054
2928.152157043455,-2092.02159044167,100.22822509749624,311.59273416881047
2578.4251350695395,-2388.9542942550506,73.95141575428033,296.2094872749232
2229.6411278542155,-1210.1814606350783,25.37680496640465,331.67524652406814
2377.6380350247346,-1732.697663207921,169.78846748191387,317.91441146023715
1508.8155728451532,-2358.2551251654145,100.36216597563207,305.92506840571724
1664.6929690901784,-2681.3704117461916,123.88964310073885,299.690767194575
1343.844210076055,-2937.6038870868383,173.4741644820901,310.2123964122366
1959.5904920983755,-2139.294843915449,151.53235675356927,307.343093699787
1469.920739201955,-1614.0544713706804,156.86295191572154,335.21460372743377
1666.281553744364,-1272.275204472166,221.5286529777348,314.3415944509658
1780.7982760762993,-1060.064490379156,176.0581598506335,338.12942323966547
2270.6369857757377,-2441.5329419897507,26.321012540923725,330.6432561110134
2196.580182038776,-2628.127947585693,31.518320025970908,338.90235188010746
2039.187795830016,-1156.1185982230816,246.45923730931003,322.8844050635934
1416.4019300483405,-2235.4898955497506,18.374690432000385,304.433191201719
2601.684637376055,-2814.9748788412926,-0.8774417520961961,314.0760400404949
1502.1831363920687,-1624.2434858583902,144.5059044757505,327.98358074839143
2005.4109846997835,-2443.792618090716,211.86928117402624,331.6493531662055
2603.962780372971,-2527.6155924588693,179.65922080134547,316.75952767804927
2531.150881272585,-1370.8841351175367,112.87174157186257,324.547441923807
1547.6914856833728,-1092.8474033679095,93.45173589419947,322.9825520649544
1064.0413377988846,-2199.152854322732,32.05953400607273,302.07796275220454
1526.2251731864196,-2437.47881143171,26.324563064250256,303.13696906059306
2650.600699953253,-2182.186416622605,5.5979719824096215,335.06620040056424
1903.6642066614072,-1632.7469136103657,-14.426356539708113,337.8932223206903
1747.2116630306014,-1136.3384982776574,189.19467155869273,316.74856137582265
2796.6206633645243,-1494.988072921497,239.84601629640093,324.9427564893957
2476.4093854076305,-2885.653161685346,120.01938263635083,322.3387077268138
1789.7236370617252,-1644.4605041342156,246.13004182891547,308.3706817983992
1071.0760843445607,-2257.962663574376,14.554676769790092,303.51793055488923
1073.0271899616241,-2897.967275274361,227.05344021079637,320.708982805054
2079.815130750313,-2154.238267797413,8.831171158245475,311.6991169548137
1369.070157756264,-1679.0935536205143,236.30201382809034,324.36589646083445
2105.6656965840857,-2872.917307746643,120.1272481110804,331.4349235070403
2815.227165985256,-1366.3524484085567,160.27744876012412,339.8682503277981
2081.615629424131,-2985.7159238442414,236.12509772568646,333.7264187495679
1401.6654223074697,-1905.0162053681909,42.392319113713576,323.04609499971764
2702.8306070588997,-2014.0945805528008,238.49580389099143,337.2175697165856
2349.436590301074,-2104.5030972531677,111.99028760935593,332.11544349719696
2772.9060302508624,-2644.662274177593,109.81508907664643,320.45567647671203
2670.672806864527,-1934.2255266149177,210.72116872141115,329.3414165198028
2246.355363062593,-1447.38306472273,-7.636850753491146,322.1173177915986
1447.5779037925977,-1740.9584616460506,233.01244365953454,334.7431427757626
1956.7953932960413,-1803.0214199439993,239.4084807964079,309.30912814617614
1849.0824948857148,-1096.4584648488901,67.61552397319134,328.45096571836575
1351.8042353639241,-1964.528058683369,23.356753636694812,336.58690202516675
2762.8768439242504,-2260.8957893436846,112.45899557396834,302.2382893257659
1976.528706989238,-2213.3963748611413,162.24326638314244,308.0245516910548
2180.073054513735,-2175.479328062052,156.07559946485233,316.6558075281938
1767.931471617799,-2413.338207612146,108.9229772313716,337.96082345569727
2511.407905483328,-1466.1870771644078,154.20339363220768,297.23593011770106
1938.868383387205,-2840.2809543000694,189.8880039385891,334.83649752230974
2267.529004134475,-2736.169824196665,112.25410604883815,329.05764606823163
2525.6057207017348,-2580.3929236794324,87.33951909983534,309.55927310985896
2454.202001198498,-2897.118730550303,94.1038069927936,299.5717213865329
1313.6423607936385,-2200.4907880035453,61.46018974382093,302.66573725483323
2038.9123831827917,-1623.8960637475677,29.778079832728267,300.2168606650091
2801.7406944123286,-1303.0873027863117,97.34844326149148,317.1342785152669
2614.7937189326585,-1289.1298468856144,192.16899368538324,324.221017088459
2524.1475691201736,-1751.7573103957398,165.83990538233044,313.1888847900856
2613.845271374429,-2391.930085003549,250.02342366980525,301.66998611213637
2782.153021981378,-1524.1423957487784,237.89038838113112,321.83277159507634
2428.6592821739805,-2378.645513103531,60.51668357549502,324.93157285960183
1706.052204000232,-2947.669221894338,172.3050339803047,307.70051128121753
1400.7522341771503,-1043.1193905973867,255.00105986181086,334.1851574681002
1358.7803950194525,-2510.4587539860345,57.436772580650626,325.6104267244673
2130.569613207962,-1751.4818981700987,216.97374051970127,310.5762757561954
1067.6231513738371,-2410.095845514751,81.95922536461369,311.0024482903634
1258.4750738557943,-2329.386069925553,146.2080652749626,333.5248168783785
2452.7451519785004,-2735.975660362425,163.2671745252977,312.0084364712365
2370.727461972852,-1258.4743786020015,123.11484038770948,335.8412018779873
1039.0626068222712,-2958.688170599517,139.27496011366568,311.0682324487433
2369.8945333198967,-1562.677805334898,159.1451284043501,329.71802727566785
1805.5417061555652,-2685.6157467780477,47.209832965656325,321.6162712893431
1250.1926069669603,-2054.0465892688035,29.747458764958722,319.90892680502117
2667.898985233256,-1300.2732343777466,258.5608352830401,314.8712852433781
1679.3103254781508,-1056.9899623086696,-6.6998055352121,300.54311497667356
1526.5473414325559,-2896.91158087766,91.8208771173805,336.78909076247214
2170.4578714324502,-2683.3540726749616,147.2461818181592,338.730198947469
1545.8159724831282,-2657.405121595061,95.92927235410039,327.26161324285033
1653.9851606511943,-1883.8890587106455,141.48261713460468,316.765908771731
2477.746798342627,-1950.1229287112265,140.12847084328874,331.40472388333876
1598.7398719418816,-1797.3959235334407,14.473808621779522,314.0890950313973
1394.3322376732835,-2124.588848248799,121.6557468405419,310.7296289835553
2486.3776826702942,-2654.676186857906,122.44468089030335,309.64661860342403
1886.0304434962454,-2253.357101765266,118.77057170881227,337.8018702135928
1082.5288535530872,-2324.7617487881903,61.67206483856978,318.2774007470588
2801.7061539492915,-1313.5144884334866,41.0595592870506,312.2062991988837
1968.4290231632299,-1563.0153861309186,204.78094291236243,322.34370762655107
2656.779762133774,-2711.6449688203093,245.21668427088082,329.21881985452535
2680.9204323319127,-1308.393920162926,39.00215980280634,324.75709704983655
2784.2903347117226,-2102.210038327128,225.58363425622093,302.0059362440778
1204.1337473332244,-2125.3109551215516,153.78590486600393,334.4782928512672
2110.384807238261,-2709.6829014276445,193.56340181735465,304.48385613669814
2373.721480833363,-1845.0789573284096,22.973245235436366,303.9150809222874
1384.80662688504,-1145.3653783383984,92.3611965988093,337.66302898513595
1623.2109600878234,-1926.283764178006,-0.4240792119910921,309.47798937505263
2022.8120170107577,-1822.3126275534921,197.6397573186817,303.12569577712657
2584.2129468469393,-1435.853682933485,207.92594057201703,324.95877770368696
1520.250003594425,-2542.90967135435,225.3253941532775,322.30156650819833
1219.3646505755398,-2597.4377295681647,163.8047263752745,316.7406126073772
1419.2673064186558,-2580.5414408561737,38.02921519762883,312.5232673295953
2291.410937980345,-1825.7410930568246,-4.558802454516288,312.9600399556232
1303.0695996946163,-2660.0528603544894,246.61588886674582,299.7687780512762
2357.843818471815,-1628.4404289093347,256.9423762575421,303.17665717730085
2937.7672846188484,-1256.6876782107474,79.68899042961571,335.0665102300508
2040.996858012841,-2182.5375690822725,75.62417987484564,306.223669837392
2777.0926560812704,-1227.1933005469102,98.24835121279818,300.57516578510405
1370.338341883713,-2902.3202499565105,233.94073409854502,329.02217057501343
2946.5447053530897,-2050.3808737071167,111.33661850011347,312.682369691794
1939.878789919099,-2221.5429742264278,158.28719549390325,333.5889621012915
1466.4043464149709,-2282.909557247485,95.93840807514654,296.07898634445513
2800.2753720306664,-1577.6684657714882,71.09383433263514,327.5329710783771
2793.986563807557,-1501.892442322961,188.23692825681547,298.5166698825068
2693.6667716797683,-1910.2268998419793,202.9530031065467,300.2477732981948
1145.5743400828565,-2207.7501805654974,67.80613177943243,338.1448299721686
2975.6970866233187,-1432.26004278926,222.38161227085965,310.78898954918975
2152.1397958822054,-2753.3881694832644,43.74526152437261,313.8011481327753
2450.3192869057,-2790.765946184472,107.18242762991477,314.76489689081853
2681.679666195294,-2945.425476789848,166.7534253912007,314.9872324703184
1079.247604795618,-2099.610798175711,95.86816088056842,337.5656556764907
1661.3447734737047,-2903.4907702803253,98.68177509595026,324.37138037790686
1554.8011301245583,-2958.7043889567817,173.41732003688435,336.9654512554052
1772.7968682685332,-1139.1951751429024,135.06880099378265,309.96073945305244
2052.2104182318844,-2740.6118935813583,159.81740113188235,314.97482491770063
1965.6372398948797,-1071.2426533431117,136.0057609163686,310.68436329171254
2490.1495481236498,-1082.1007281699967,228.51489747356692,324.2552611964718
2872.020005844038,-2769.4666969585573,175.80221502243427,301.7221585110933
2879.6155823788185,-2707.24668091526,-5.498691039827179,334.63385837119796
1657.1566150065548,-2677.666564113538,111.28149127981352,332.2854283583547
1283.6607066318177,-1336.2565653796175,214.34321507669458,298.52025853251615
2986.617590230214,-2599.8366106358076,46.40118522975994,334.0367369046957
2687.776001089551,-1242.5944937081977,98.29993917194247,304.8193125949439
1388.2910974661954,-2191.421549841417,224.7715298653149,321.08127766064854
1939.4106703984216,-1172.4146077742212,37.044560804755655,296.1750517693949
2687.504137178771,-2408.9428427430266,211.29475900408355,298.84256821829644
1370.2006518392536,-2014.0235555610875,115.84442196191952,316.0430137000607
2843.7168124515483,-1036.1227888080623,147.99867644216394,295.71840086968876
1573.3482156668356,-1355.4481302585557,237.62691435618615,322.33943216824906
1825.9338638983616,-1626.653822571177,36.452661756444115,307.044397517515
1226.9767669886644,-2562.566053985118,129.72784192483988,329.5852096337972
2272.6037375990845,-2860.1205794380307,64.54683716560811,320.85804999504643
1738.435051914613,-2737.8267943164674,69.98644598452799,313.3439947830856
1471.2094648955326,-2665.2873973450105,74.71641620257552,312.9412832981555
2950.4577150405958,-1302.4218010402758,151.2179855648892,298.44079337739834
2974.0600623465866,-2807.8694711114686,129.5549913890265,332.84219049221764
1103.5134823009405,-1671.1810911726132,75.26007781003588,335.84270285451646
2643.807060322776,-1440.5190307882026,149.69552556777285,330.5444452845002
2445.0145184189214,-1976.4497138975607,227.59793488502552,311.7439655493235
1562.1025007932653,-2280.099894692975,27.221840650055725,299.8733308825312
2027.576457663896,-1174.9235384188664,232.38190742341627,307.8423581069045
2932.453084090739,-1891.2102510404022,128.21988027868582,333.5822602193741
2645.5446815347195,-1150.3702857972187,-12.473273873920036,322.61423469667574
2428.7307893466823,-2132.3225083579364,108.41909594073354,304.2021268373591
2574.0391222757,-1750.6474814604678,116.46294143101585,337.927047642369
1475.9720924221915,-1023.406324619463,42.325580827393416,338.0684265239737
2108.3081706016783,-2719.513865089258,206.3053301970636,329.1722736382761
2658.8028624297476,-1269.9475226638622,188.8499781646351,338.270247826084
1922.503548923413,-1107.738888595894,208.75123675265252,315.4152125656723
1012.6544920121747,-2856.537626958087,134.71067705000735,317.88097085987386
1876.506935691284,-2631.7354791166326,165.48750335303197,320.7858025942203
1004.0558976573803,-1789.4028832619908,95.5727144162406,303.93947709760664
2991.8121226034036,-1801.5539159070938,104.88510122458493,307.5237104156645
1981.690436097384,-1893.2962063026298,224.90080721568296,295.26101822091306
2387.952162014334,-1566.0044099914173,130.87055576932343,299.8320610284461
1782.4115664945116,-1247.6508604840124,198.9293436426055,312.68922789969696
2684.3922897131856,-2311.0770645592183,-12.979670088028026,304.150864879265
2853.5072937730547,-2716.455599334888,236.6937585968202,305.7664298882584
2276.556803259632,-2239.3098825750085,182.8009146253379,304.5947192069213
1726.3254741173491,-1460.5333795568251,200.52718254604693,316.99502891104856
1012.6933791501367,-1183.1415860543386,25.251023557284995,332.4029660226026
2837.433448057046,-1577.3863094100332,166.1844403480901,304.94656652049014
2204.448168050426,-2762.608119447519,53.1843560255419,335.0009717615327
2608.9804132754434,-2643.680461955715,82.95116624280759,339.383526902232
2636.1451318282298,-2934.661406610052,229.33569765908766,302.0839359268621
2891.124287431702,-1998.5154549517997,16.72176945281621,300.0337349809351
1157.915216480264,-2155.250724903207,16.529205828685335,318.797222875244
2752.2078072078584,-1045.1473183170867,104.90478082708569,310.99716839965
1598.2984657490301,-1306.4143317367866,200.05485780141518,301.70986886313506
1072.3627328392693,-2912.1907189112258,182.413284376827,304.7249203218255
1486.6731484332518,-1887.8205748889363,198.13619441917103,336.9842211954975
1794.0381017414602,-2594.67843894566,175.03259565455244,328.90498302660535
2190.835428550484,-2684.06752189452,-14.613812508073742,330.8336103192297
2518.66016902089,-1487.3323639995028,10.571178504425024,299.5218254777962
1001.9608745240565,-2418.693996652346,196.93106340130896,296.09132952851985
2507.975995444565,-2397.1294321806245,120.5762501362641,333.12664882056515
2396.3187761283007,-2757.4564910014305,191.2220129857014,310.3958440551997
1462.4119064230226,-1484.2931591620388,211.22906259266466,298.6875847380444
1514.1621776447394,-2901.9535062503774,174.93135225718854,336.8317899420451
2102.742052536987,-2387.2246471948138,26.41999848834255,301.0032120830068
2356.217802328305,-2912.9131281957802,98.31340428529516,336.214772987845
2465.0552376893665,-2349.374305166767,44.08791643600246,300.00239267135464
1713.4411812858339,-1448.4770796611726,30.290892806563626,300.13221504200163
1175.914822491596,-2923.4474827509944,57.86076075492723,304.93715330951926
2026.968575300262,-1393.4058318329037,132.4732538058013,319.64075349337855
1477.0431207601378,-1084.946834558993,24.658999083456337,315.26055510060513
2412.017333822873,-1141.9498665519968,176.67148015347735,334.0650140754195
2237.406237384328,-1628.9507340417574,182.13938161716015,324.0833370303301
2588.7832759125376,-2895.8720821170914,-13.520305487867555,331.5674967157397
1766.8183438883686,-1273.3248921205939,32.207881411275935,334.94868521738346
2849.8160181955823,-2181.081410284105,16.151608727286852,301.53028693747575
2459.4732513759645,-1919.404076286791,22.772120636873176,338.5546256958295
1145.0871879543931,-1491.6253884318337,247.9840941405721,330.67645732737736
1456.3860173602718,-1348.8433775012043,247.86664837988246,315.02167765250664
1137.1303905403477,-1619.1915754656989,63.127505003772825,302.59000486137484
1690.9536502971039,-1672.2498098700075,-13.016132914868017,330.07527482124414
2748.693036117931,-2272.509648031365,-14.489763565897151,295.5094338488781
1378.9922480266432,-1166.711040044432,2.885334637251468,308.14702278267737
1046.1855167605995,-2194.3500181231157,117.1343430544396,316.15653568760666
1811.1108551518682,-2240.9239880860578,59.70879470127676,302.81399387956066
2528.2983888290214,-1544.8125369246582,62.73448144128814,336.83804195075066
1697.3540240978996,-1980.9485523395033,160.1885677685617,314.47678931445563
2339.9911600066307,-2671.9479682586466,195.4583526750465,295.6022644492295
1808.5878969546106,-2806.564959066364,132.91860432641536,331.735508009101
1684.6204436644348,-2313.2224162555635,208.1462834086155,328.98811340506165
1729.4245853048062,-1924.0661938012418,122.12195017907311,298.69769170840357
1124.1113782991567,-1608.0288898632439,63.72747964424278,322.56289855835695
2542.4824767529285,-1175.5495071935416,156.46183662760055,338.63213317684136
2239.7853308424737,-2042.9890013479314,19.007617325478208,328.5697502053644
2244.6527368016855,-2691.3275752690006,52.419361125210315,304.7762266846148
2681.324259143675,-1233.6848443242739,7.758587451130666,300.8674653438226
1626.2624347374062,-2055.868370183942,159.7077879181692,317.85381214440787
2648.1777399232797,-2151.2441564603378,-8.266456617591224,317.86911677404623
1234.8548231670238,-1992.4197357221342,12.951682221742761,316.9780441879045
2618.207571772466,-2411.9545449838106,59.518553178131526,332.2033084598752
1326.9451810467817,-2021.6380990724294,95.50149099034378,322.4564125804783
1431.407070848157,-1747.124723721684,15.298465774779014,328.35103133579844
1326.1918204480603,-1024.2207584385146,133.66666487713363,298.0496548834039
1775.5949280556288,-2387.4458850983956,98.71276741123876,338.64103448640253
1643.5520636586002,-1306.0986209690686,106.07037534015403,307.3725671184144
2334.692758209899,-1675.0445095930297,116.45831815428079,319.68643408092544
1097.253553554869,-1582.6603549239578,76.70287251332934,321.12862813726633
1349.2152305213526,-1095.3143864045282,124.92956321909864,339.99334045547096
1197.4756949882094,-2691.127705173177,173.98702761895007,314.3353248748717
1129.7215149762492,-1521.3835075592153,167.2185781882978,336.6436387978554
1733.6345352068033,-1709.1448530457387,230.7874369809904,295.8354235720686
2781.033963672509,-2843.948225322003,245.60912266331775,319.5026406558499
1684.0602100683675,-1182.6745208547918,126.99618745704294,331.28037105602647
1758.8572945838964,-2352.599971659826,126.60646065926935,332.0062120902977
1738.547987632579,-2160.9493531263565,10.694741440487022,335.2792645261404
1918.839390528034,-2788.4868451015273,157.60658360203004,329.83350216820975
1829.5705011672483,-2781.868312282886,-12.046818691532932,306.59308736262443
2448.4986670601065,-1260.2535178203989,217.748991224343,302.7111817692638
1791.2398891844446,-1513.3090814644806,-11.507728112609387,324.0892370676876
2635.5447038841553,-1212.1259867220735,242.67113331064303,317.7424902953857
2554.6856244686705,-1661.0975452113325,43.395096148512636,320.2928465694528
1377.7795215756767,-1734.817395989412,75.5919900027035,295.91428934216873
2030.5686059758393,-2546.5896478678524,169.93892410772727,295.63984931070604
1564.862673474167,-2019.7358719777276,134.44409780547016,302.27029262740626
1939.3720285782579,-2284.001531295751,31.951856921915244,326.2318707863722
1226.9005376231926,-2419.04546716401,54.83435472052015,328.06877858263255
1406.2103786193306,-2358.9626476125263,255.4085137890478,298.03152878066476
1760.0099218978567,-1292.0333421711814,-10.073593633025089,326.3882553103612
1658.7314121166964,-2885.2574606542153,172.12776078099736,315.9443733188582
1374.203583220928,-2181.017017818091,208.42613463527675,311.1352537853172
2903.9524392520107,-2445.2109977328505,-1.4763565149521938,321.95319492490904
2721.947170274527,-1913.163727487617,82.73835154847801,310.08597069810145
2388.2618758832564,-1622.0509503521337,191.81232519024834,326.98646257971126
2529.5664029468558,-1747.7280327496885,26.750027223251486,304.1096660437949
1261.31712950043,-1367.9133610658218,192.7219979351646,334.45264119809383
2831.4098396180525,-1505.8923454997232,120.6901200118441,321.9989421547002
1579.3361033570673,-1760.5598981739336,19.022632183003026,338.6988043060557
1281.7503249467618,-1724.0724471503677,111.57605671702106,318.8285274324287
1581.7539696699591,-2841.651148077017,166.09885278802773,312.04438803138686
1323.6178995026378,-1060.190335526098,251.90813186665133,327.8354581064647
2843.770623019827,-1818.0353860045593,141.57067376676434,303.80817676020064
1599.0009634618868,-1513.206173541935,249.14195579754158,320.06098065162723
1857.4924985395844,-1594.2822183117764,-12.058274630843158,303.5597080565141
2819.2956914028155,-2328.049125305641,256.52264216576344,300.73989956236596
1816.9536271789443,-2684.8918431281554,167.56290322287416,337.2335058430197
1226.731392781484,-1669.64381539253,47.655578789424396,335.1508086271638
1094.0681899023798,-1443.899889469698,122.60993549878376,337.4872181842975
1091.4313782412198,-1743.0442092661317,1.0588562278386071,335.309806268367
1863.853416255363,-1750.634964770611,135.48012913122213,307.4525093131107
2697.6474872655217,-1827.780114911854,159.41134289215663,329.66635949296915
2462.172662557612,-2870.0694256584684,158.32641546712875,332.3342703770736
2168.2209655944685,-1776.1908768227613,163.7442347160283,302.38581232068793
2434.5182872364685,-2366.640702704626,57.44696975298844,298.99571597022157
2517.4586540107016,-2890.09105694161,8.493181305655071,331.48830760289417
1541.006419227826,-2850.752713334965,131.01869714282387,318.46736260776504
2075.88536433659,-1569.998515166699,187.86520644186984,333.3101014150595
2091.7583224726945,-1193.3312732938743,59.27435981105937,300.10487226788155
1924.225351904015,-1888.2529843315713,75.5241583973405,336.77325231179947
1790.3173308287403,-2849.440622582416,170.2390412932114,321.1276333191173
1713.7920154546896,-2015.1731914117713,165.31900052414267,308.6179127788818
2662.746552626817,-2359.786995283508,128.42005867395306,336.95972543927763
1092.9995965824112,-2673.9264011908294,87.96212301037677,319.2918484801963
1645.609273588899,-1005.1055130958316,9.84608092785837,306.196250858686
2125.5507062039806,-1900.276679351995,244.67318639656725,331.0504170325887
2768.415316519822,-2125.8468591236583,54.20793577595471,316.549625333946
1825.303767758132,-1527.6564263402079,245.8837950371465,319.29496813040237
1413.4249923781024,-2270.173613327018,132.52308672121657,311.1311005856521
2637.9751493079775,-2776.5176984399327,118.74896023407422,307.6600895997277
1796.8815764237024,-1932.2217209961332,57.25063236066002,328.9903412971167
2332.2493674486986,-1920.8450623113977,152.87379913835318,338.2642665046217
2516.400002033465,-2033.7955085567446,22.063546785137156,316.5892681975371
1377.194497382905,-1465.1741421392783,183.33683271613444,322.44355285450456
2229.185934298285,-1275.9991467148752,8.90565249648063,317.2475784940268
2074.345623263436,-2871.8231210529343,96.6412197202102,312.2763774697354
1030.0091879345844,-2174.706934731153,44.52618942756277,331.3140397377462
1479.5316409467148,-2892.5331754882905,243.3664707410095,302.2376391455638
1655.42519126352,-1592.7737753565855,146.08571281337927,306.9132332457207
2085.2392537479054,-1943.5325142617028,243.38693865082047,308.253086191913
2878.067460981425,-2417.111168070055,3.940635034773795,323.0875211898514
1860.7749857400026,-1773.846144084357,116.13877539160868,298.97361824680195
1253.292478815435,-2402.5008532297707,71.00113024556117,335.02903785505794
1966.2202286354209,-2580.038490898654,121.98261999947766,301.64979477713865
2455.7620418951265,-2003.180484256989,16.687934914013113,298.63420892018365
2681.887371547876,-1049.7150926399886,221.669676184349,332.4226671022772
2118.8888499498325,-1393.5457298104343,53.95389140311187,327.24404572545905
2192.380282135994,-1428.2716853020927,207.98539609884025,296.29137933931054
2689.5012249142765,-1815.6731063406737,181.86080016908357,322.10119408300346
2054.598768298702,-2234.578080249877,86.61118313310239,333.1915396659931
2942.0598242022047,-2251.008203753045,133.0419855675559,316.95789427389485
2333.1843568526383,-1552.9005650939314,131.2257114406087,324.62228611488626
2838.6289077175065,-1117.5253071023492,236.98962443483182,318.73308605061084
1745.1331691603684,-1887.3735851791628,19.24519736520478,301.3198809073723
1142.4440568279103,-1595.9365032964663,152.63840100399577,322.82721089455595
2168.649497591782,-1797.1502305825284,83.26717009502437,311.61206612456454
1388.4938406771066,-2501.4527137972905,143.29493830678513,317.4471924515078
2075.6317611262903,-1793.5481687299662,64.4172215410597,338.1353732102725
1918.703657645577,-2261.5179815787037,89.53096388075468,339.95293309903354
1109.531904343607,-1735.100629761363,158.98770491808622,323.52393092766005
1179.529848955136,-1761.4138509903014,92.20898921678135,325.187442357392
1923.9549572006717,-1674.4408444808487,155.25245062783358,309.28583796453364
1704.4923885553208,-1273.3701898678305,253.06924213330797,337.2065724810297
2286.0007975600493,-1458.9579546862155,59.37504105061021,300.8371975490583
2723.0242221518165,-2872.3063701016863,69.48595218547351,299.9636278269219
1867.5230044806865,-2370.2059642114577,11.724760514613369,329.8409874368893
2091.8842111793906,-1425.1491313753918,222.6676546565867,322.8126563855866
1367.2635168473016,-1421.3848355538375,-6.995943720431628,338.68217509586066
2741.4448821437472,-2841.821370741352,169.29425552177943,335.9763081255805
1280.5134489864743,-2664.4824259011257,1.7046094814608175,311.4736246887859
1035.7085373399448,-1119.2905592497175,82.64556649429616,328.796636227644
1985.5887881879848,-2397.2986913724008,172.80443271603514,307.3103961814202
1600.4640383809012,-2477.9646725406155,216.37628283371853,316.58167953536514
2515.5310026397747,-2132.793339288655,167.56378351810963,310.7340207392634
2736.70148430456,-2235.6472260985897,238.0985193610055,297.5758168801214
2876.3564585570266,-2391.93920809056,148.0041106973162,334.6231512245369
1616.3643157399567,-1340.9582865477425,66.08028443824892,333.7798960702643
1308.6643549856512,-2066.9128266496423,240.80475606854247,339.62756709711806
2334.5290940705772,-1652.4592449173088,259.07297574309393,304.0833092487163
2292.4601592087784,-1798.781752905781,238.48146154546004,319.0539781284622
2855.3741634698454,-2405.1315276489704,177.35442398611764,327.5318008396185
2054.9532213688453,-2613.8931719055545,0.05784178979948962,321.54468544451396
2409.035077467728,-2266.1395733814174,-0.7702071829034427,324.75961282304354
1768.046580286832,-1054.5935143789304,238.30051821892374,334.5737121082931
1667.8906754664251,-2727.2195534777325,83.54351783570522,298.12982145033067
2540.306010525299,-1770.8698395953709,171.04416077150793,311.7689774774983
1452.2709273117907,-1428.2395489158112,226.8331722818519,302.42334511116394
1355.852424066314,-1440.7335656694459,93.87765630889993,304.36042301558666
1607.365283196954,-1294.3091590215615,74.73149155078639,303.59117384918375
2531.5354832503062,-1669.3138628094025,-10.332191381228807,330.2700533329674
1465.870966366432,-1857.7285946690004,210.1345720826326,297.22013652761893
1999.600326984876,-1290.2970119242864,226.8541622247145,334.1701834697477
1003.3514203443801,-1273.2807431718727,176.50004025229987,338.28875692585353
1938.2906034319317,-1984.4396118763502,69.3634670559874,334.01973784193325
2156.394996611184,-1060.7689251298912,185.2984573216825,310.40665687526274
1035.2830184931165,-1106.9299056770649,135.0739056237531,304.8161296243974
2602.155164483252,-1006.0274994264025,137.60974968649705,327.01784434703944
1064.0213200105013,-2675.226011528155,215.37637575023132,324.2666436436538
1040.856690680591,-2101.2073806895232,-1.129282685952619,332.9422416408213
2578.5912174698265,-1338.4803904796418,227.5110898562737,330.90592277229314
2117.1908143249575,-1304.1673463658942,64.55664994300625,304.61057637589084
1845.8422494149008,-1023.6535841627513,134.17376430159936,315.90637705776135
1629.3361178403861,-2893.6951597121924,224.99075924781786,339.5839653366608
1838.8520963377573,-2518.2590303250427,116.88593475452726,315.73373208289064
1651.5714704872416,-2125.3151294344143,129.17613783877812,297.851133711341
1106.1780805862218,-2128.85224731996,258.16576204532737,296.71982914448495
2906.994449572965,-1459.4900473283774,153.41023155032477,298.0184407617756
2750.716593826791,-2753.4363425381,12.030059733902181,299.9206534631239
2284.461266903744,-1514.366029645674,162.88440623999696,305.9138786484513
1632.553461524306,-2794.656955604569,207.02405930506995,338.19645404603875
1647.914663180967,-1970.4792491468834,244.25674483442134,302.86649180675334
2455.7053697961815,-1133.6186517743604,-11.113180098426607,313.1189223210262
1206.1359010207882,-2823.5561794806226,38.47748818850872,329.40562707983645
2151.0755932844268,-1018.9546063020391,198.65114866471765,307.13330517391483
2787.7612253925804,-1760.3256013864927,247.91865489599695,333.38910791804534
1108.98359760068,-2501.001336113672,38.17272438497777,316.31439609701636
1705.6823584730882,-2558.998272521413,173.09469873161754,301.1151453590742
1896.7447899941478,-2921.6015813886074,8.250787648925435,335.9958285087914
1208.3481679953284,-2812.25618262454,198.00570260439892,327.3597350282739
1383.2495512114965,-1307.9994041260834,61.46342374849401,297.26616104651987
1647.1518135393978,-1361.8851380334459,35.257891190861095,316.7881427629714
2946.0961849516225,-1666.4707878344836,48.14215338043607,297.2415197880591
1565.271729622521,-2178.2564377502454,227.1113651938223,339.33001739011274
1981.440680787501,-1670.6206648037282,98.32479222396866,335.0847332841249
1572.911579370018,-1270.2867473713452,121.957618585407,306.377173020636
1810.2031466696703,-1223.6334110051992,225.81202133523192,335.7899341828898
2552.8359862047255,-2405.304353308779,177.67371990839234,304.30596479163563
2536.942054821997,-2150.7525093088093,97.10473795642064,321.40899015501884
1721.1957037619923,-2340.5926528225136,175.70821673875358,304.3000803156702
2309.2834659679356,-2774.5557180483547,82.42542422386907,322.13032280144563
2741.2401659059365,-1144.1148935635022,78.95430117052382,330.44328968555214
1898.4049645472278,-1377.1826300898265,132.34090267660636,295.4695413642231
2687.076951501099,-1594.6185810006355,-5.707932306853035,335.07969143491664
2736.4406892634825,-2169.3024129191326,15.744661425245937,312.5733433049104
2076.612177884314,-1433.393526683631,82.4392431992156,327.18721445089227
1173.0598155966031,-2930.118101157716,74.17930537303069,335.5024817379403
1102.322548610189,-1218.793909779652,149.69306780764057,318.7802855986282
2092.6280589067264,-2628.914749083858,128.10199804295877,300.88860985855473
2217.246661127794,-1143.117893937261,86.41613415009465,321.29765844113837
2801.96331897445,-1584.6891935255924,38.823962284520405,328.93539994920684
1120.9514246842755,-1844.906952966241,217.01456717185172,317.94246174745723
1639.514980417726,-2064.076325277235,256.8920783534164,312.1128249528025
2588.610646656266,-2093.361179445339,39.955406409071244,320.31601046936544
1644.9330746660721,-2920.9357244476573,81.32101014412287,320.7439505875468
2404.7596981387924,-1086.303607031225,203.2467068492565,332.89593523418625
1415.7721429270755,-1472.3776192311109,92.23624156937372,303.6768849588464
2666.1258365834906,-1075.4409080469563,79.24363486503763,297.578901558479
2312.0914949626986,-2019.2397741869217,59.06354868446621,320.10588795626836
1666.3695523797633,-1344.96835961041,154.40817449095798,320.2686839588393
1157.0711354986154,-1521.6573718988004,177.9482925526634,338.5457635236073
1474.2713399866225,-1966.430456520825,114.77922136991396,302.9958223721648
1342.6756362616698,-1884.3867399158428,-5.192610941012093,334.1820029049628
1822.5375645111199,-1682.601532638998,166.41597099437507,306.4402838647727
1026.2507549965305,-2668.300283669431,48.182428974992746,313.48343667513467
2871.1808082134157,-1196.6086016730542,12.702797426360949,300.1416862868757
1002.5852782940809,-2342.69915491171,247.89580075435344,327.4995098597913
2220.416522184561,-1353.9790621820428,51.350057268123635,301.4798930357262
1735.936814405662,-2482.1340547114396,59.731196790077504,304.68640977071857
2204.5819286016153,-1762.2258761281967,5.148992523034035,317.32300603796364
2121.220760665166,-2793.775800958525,0.524119473044026,331.5904559333246
2347.3486023218175,-1068.3056593035747,38.3200255690292,305.4310922135845
2616.90996539848,-2464.480335010506,208.4483182555348,302.40883911643743
1002.607699165374,-2770.1760235253673,132.31975164114084,307.82334400508495
2016.7850405684048,-1384.6371241527322,33.471457957096334,297.41067204485404
1473.8484140032422,-1423.56264137452,142.84092423625714,339.91997198609835
1508.289646926053,-2722.680667999317,215.65168087445042,320.9458423186978
2056.8202049355605,-2100.792318570983,214.79662624396062,321.9620272254547
2063.1577851424254,-2641.623753480118,186.79863267772782,334.3839663392851
1503.5755570695146,-2580.8396742769114,238.96811796472642,305.1589238210517
1261.0844277800745,-1332.4417763942747,130.99542270816147,322.40034485614405
1423.228165218875,-2363.6046438639974,128.15343917909826,317.84892784939854
1315.6633290521481,-1138.252092763227,175.9073587258495,307.33882524838737
2736.2537220127133,-2320.1228154449145,196.87610186283248,296.97577784202645
1804.1781221746355,-1214.5672277664091,66.4312223067524,337.20303034350604
2829.3117683933997,-1681.806946288552,72.90762620653584,332.0063056451414
2772.3652354519245,-2256.1610637524013,253.87525222675436,311.7487140775557
1481.502863772952,-1690.3187747289455,12.074899762239216,297.44225828487527
2558.800351296133,-1338.0732903878845,15.121159132474936,319.3788925257164
2148.6883652695597,-2251.396910356578,133.8840754831282,325.4830683668989
1284.6420344452986,-2190.884835118275,-7.032363606552911,337.7269986509177
2950.8556898705983,-2184.591936006608,128.86494191922247,304.0463037017373
2226.8654573109025,-2195.3980523274927,177.970540995715,328.3695424270342
2273.5737916489034,-1861.431466321744,50.75125194743582,315.8667046359206
2875.0864685922033,-2951.8282902546107,106.5896145208673,304.17579932042196
2235.272520245673,-2884.2192567119428,-13.348326295912855,323.89668969639985
2393.4206410958914,-1501.0096302256502,152.18782343783144,338.8720337118629
2670.932179967622,-1005.4000478311768,-8.535662372896784,305.0870964784067
1639.1563885194976,-1973.635441486385,84.74766769431955,321.3654310174547
1575.1598315680285,-1664.090975946146,38.455598147981526,326.55922207274773
1573.2711217535123,-2090.9651674965103,157.41931526430994,332.8281515872658
1513.7216908216942,-2221.754886454415,147.7836253704502,317.5120036203375
2899.9127724312093,-1434.8769516774043,229.1127990564433,297.31259261066987
1632.5959838155861,-1627.8555690880742,0.36038033708165784,337.67830534310895
1171.5165496002974,-1441.010389309538,121.85196425670154,337.97996406997174
1633.1789914305295,-1998.1816580225286,65.44264692807121,324.54503355427164
1192.476104534437,-2344.797313630059,121.4723110253872,319.23503887123525
1285.5369437341105,-2414.492294926422,183.60297423809072,327.2693831545247
1616.4449042216565,-2159.1487734854627,106.81610888916549,295.790607484821
2746.415142715945,-2259.3038621528804,-7.374812967869779,318.41374205551597
2894.250261963786,-1210.9542414053785,26.46906186729945,336.7921589922234
1544.769307330249,-1593.7850683796391,186.4084111920925,317.23204913904016
1934.9738694390212,-2165.9375343556544,62.65280052180644,313.21127113845205
1720.5009436203832,-1605.733676631324,110.73556946107202,314.688611490103
1585.77190461575,-2003.7178334076166,123.0484765880419,326.2719768367975
2308.09609660799,-1958.671081147523,16.036658517753573,307.5233144046349
1820.1836434592915,-1420.0832174651475,14.761402565838662,303.78808245189003
2680.7380882646057,-2278.588769489824,-1.7173214999155366,329.94347165913365
1374.6722525959751,-1616.0299201840994,33.98426038434443,304.3333456758075
1005.6827245492077,-2586.6811741694014,160.7006071894834,330.727709312387
2858.826554453769,-1180.0266100868078,-2.781610199328707,311.73368690253614
1888.8321448692793,-2014.5284741586695,-6.312419873630743,300.5875496718195
2071.988741727132,-2576.7325716285027,141.33210710351128,327.24409182497703
2346.757477233714,-1657.6219929195936,169.53396667236592,325.86419655253525
1657.9855887689487,-1824.326087868816,11.793507745398365,316.35955938718433
1131.3270459212106,-2571.0665930771274,96.42456796937212,337.8710008914573
2884.2625864588445,-1643.1299418556082,13.633931586633533,336.98421224079914
1467.2211694011103,-1224.5840875893284,157.94993499738223,308.4508134160446
1453.473084925597,-2147.1443652451458,58.75902541515045,321.82807441550017
2294.7460734530696,-1941.5839617552956,179.61785748807657,323.8682878454806
2404.8953232270615,-2781.562850905147,119.83177547626795,296.47228116968074
2662.007982441838,-2708.2650790416856,29.55904711282885,305.1130318104398
1921.5136879257802,-2494.990575287846,4.711837025682296,298.88841686946137
2603.807258574086,-2090.1049650120362,166.0543433569903,334.90035688866294
2337.1110442663917,-1686.0661561938857,221.5124173246427,297.08477451647644
2973.4031296797116,-2435.638490868959,159.2594352562161,320.27101416355555
1715.8629241929286,-2854.239987460532,72.7028811872212,328.35777461406786
2538.828094213448,-2685.524724077756,237.89101143494713,297.2906277430302
2813.209194448038,-1361.4767855397747,12.83796479931054,319.9314305773428
1214.3275992213487,-2492.963262484976,105.44831053012572,327.7111719789358
1258.3844272141164,-2654.1853493493068,148.81048918078855,299.4142315918309
1366.0255311030219,-2498.248238981978,55.41163367367359,320.17071655206945
1987.28446457054,-2323.0026873719225,157.96089808816467,318.0256606628137
2939.4460766969423,-1156.133763665958,259.004386926633,316.75381674546566
1125.0747858202128,-2346.744463281955,213.80353568286768,337.1443342032154
1514.6517863890713,-1940.4459822224464,223.78036771356577,302.0742111009812
1290.6081363572853,-2282.9361408495706,79.91666073691366,313.5764476876962
1832.4378971964506,-2481.9550367383004,66.25548435268011,316.16748748696915
1479.473253595849,-2677.974708842823,149.93870827737214,306.23276592073074
1823.8819346728492,-2229.2261965684706,242.762657031402,313.78763623068335
1073.395897386982,-2463.7015675828447,235.5048563982371,299.2270206085111
2503.807495832909,-2457.4778692280825,122.52035615375112,301.56003610807494
1678.0430191991156,-1457.4608036730338,168.79743153663856,334.07066730974077
2472.3364249075016,-1313.5376222575328,232.30137586769922,310.52229224781854
1454.4742219261386,-1811.4217707545486,15.88708091135971,337.91878463012335
1514.962819255159,-1243.6370184970915,125.08350392252757,313.9881172218885
1330.1921492846907,-1458.063739193757,257.10497078768907,303.97827788907455
1138.5039743179188,-2047.298421581599,138.7417052343564,302.33818215895946
2158.4765482407465,-1288.8050557806052,142.83836777224178,320.0011413590918
1765.4237022402513,-2357.197398086524,117.19922750893349,304.2955550688857
2599.3196642951075,-2841.4034151681,57.2443834286138,332.69313899899197
2509.037747156214,-1948.937790731202,28.37541354124356,337.21385944073
1580.843886222734,-1454.8820204240883,62.21284896059336,322.3290853949237
1174.5227931405252,-1237.9487962328315,240.25047532169464,337.6736945448772
1995.6146029679674,-1138.2074840116886,259.3377155337304,321.27416553598846
1028.1270361437544,-2045.3779416538832,86.0074731825622,298.0063381522044
1171.1684617463952,-2654.295571671085,46.372860101730176,331.99264117583436
1158.5812776187881,-1725.8360028454251,203.6599564130505,331.9879626398322
2362.791046537005,-2935.879320863564,81.7248413007084,324.83996032458924
1123.3785067676147,-1659.5790555924398,163.37630505812928,330.3361202063387
2083.856985028565,-2347.946318011196,148.83467026414755,314.44037804921487
1528.8524701275535,-1825.7219300766947,52.70339370802648,301.7529856930588
1741.9759069204715,-2706.7505835681322,141.65745491799015,322.9566492806483
2898.082447746846,-1768.7277737171398,48.550189958545914,330.2143087681303
1096.1749251837316,-1695.3786466917863,105.56294640245804,298.2123153447306
2895.4255480529755,-2873.576585077172,241.5178322463654,298.3421225141122
1534.4448952210914,-2852.0175061930995,219.47589328903837,317.77934245649044
2557.2422761279986,-1257.4722812603588,128.49715254769848,339.46786336444603
1471.6602347310136,-2355.4371137789844,149.3616913304512,296.4862727384272
2179.3460248050114,-1212.3133628898727,194.92015346374512,317.59591385712423
2355.6756525909677,-1065.7276941632679,-13.590652651574898,329.4651146348057
2293.537546525815,-2819.862599022403,233.90326030718927,338.8658206788841
2384.373589320574,-1118.3354290913744,84.1379028362226,310.72622777405786
1358.40656048987,-2453.6330393111652,255.10536552248902,338.81622088259047
1808.9610603949368,-1063.9868510258848,78.60548630454474,310.6283847864287
2755.829610754799,-1697.5420436821998,213.40738659842208,328.425519961735
1519.8771865061499,-2582.9638505656685,186.2718532920406,303.21990617145997
2932.5135016151753,-1271.4088619867227,51.664068266920964,333.62145293243725
2780.874770697962,-1215.2153881624836,89.9897523289937,339.01975222374074
1118.4006005043157,-1915.4998527629177,111.2439502571748,333.83102876689134
2938.141763757457,-2405.7003571474,84.83411020468456,317.50683295259034
2990.2638906812454,-2178.2288990753827,135.6718791129174,333.36406953566006
1841.1005332271366,-1824.5522053090967,234.7625306170143,322.56282230921323
1995.745001244036,-1672.5569900509654,21.785026382739744,333.8679210132935
1562.2879019909892,-2347.89777633499,17.246854216666,312.1641464274949
2699.4044713838516,-1382.5301009801442,52.663492480161736,331.1224848311514
2877.7281686838996,-1883.374164941572,168.31247435097427,329.58269516239744
2849.075726498447,-2158.477925826913,189.9724866104268,310.11802439947706
1891.5379597211909,-1204.0768359434987,234.54201533726044,318.65589781281506
2317.2908515987274,-1496.624377072739,133.84164270854995,296.634093581287
1337.1413238451926,-2503.3476722028095,239.34217849000487,302.1398822946079
2777.1734414510684,-1185.3032833977895,216.94428310552613,333.6801755157474
1210.0421468687823,-2054.6059805127334,253.3457875577987,315.4558406561747
2966.440740555768,-1839.1300240787677,201.88916200786076,330.00495120619337
1817.2184733702109,-2821.5118017191758,228.5184937669271,299.1942694088274
1263.9442485044458,-1518.2657637828465,-9.335855207483174,330.23525157295103
1724.649547338293,-1557.036734210382,162.1928318851806,325.86786039179907
1687.2148203623055,-1699.0197794840244,136.18477613870758,328.08674142044737
1010.5652177822082,-1811.7871687770114,102.99181576186919,309.97016619230436
2216.417735663308,-2168.2392781504846,231.6541816933905,308.389402480431
2096.6909869535166,-2135.6095265425115,18.764036204845816,307.73036423891654
1643.7160189998494,-2122.685892743044,67.0239841441185,326.25617119247363
1094.6117733153985,-2310.938480160693,15.107866134009683,332.59678679810884
1402.7776758181355,-2219.946128980349,68.1827086617931,321.4381182216126
1156.499541045584,-1983.8821198384478,120.75390274349257,335.72073167879586
2119.4006910407484,-2764.728340505602,52.669713590269495,313.5508692821745
2773.9868421921524,-2257.730604828209,141.48181206327695,336.0182801693985
1437.2052364887002,-2284.903487872611,18.55620505449002,321.64669258869816
2868.080528086938,-2627.793337733869,209.04270597579682,316.90301852513005
1469.2715402189392,-1647.2715796622956,67.9829143386742,328.4845591724763
1739.3157447108647,-2553.2493323475464,108.9285812538247,299.06416082368344
1582.2941226014814,-2531.3707346583087,161.81858219447324,328.7325696517079
1693.2833565129454,-1120.323756471925,204.9779721194784,328.5692623810346
2154.945453971459,-2125.502637809981,236.49822485325828,314.75808538789533
2106.9739815323387,-1227.47767624711,168.75377983258105,336.4241655136262
2697.9050347840434,-2065.50017037622,235.09852919787195,298.35773884925624
1650.7019182936683,-1247.6856784242345,259.2411327780307,325.3592534645337
1245.2128262706347,-1578.5842054693696,44.497899663133275,297.3715253854238
2979.795769568713,-1191.275160585173,246.10473226444043,318.9511999319975
2804.536156356423,-2429.26936259421,237.38981364891748,329.2576161989491
2044.812021519185,-2429.910372122856,20.21920466677866,316.1938849308533
1411.2455967859885,-1659.2581584213701,139.97115104125083,302.72760394983663
2767.3025071040593,-1472.9306524745257,219.11631962762056,327.6561446224259
2558.3149640521797,-2841.97007686335,-7.185390502231476,297.14946345104653
1427.2362466951959,-2996.4898308271245,78.05029305941095,335.7606143176721
1966.427348876699,-2011.0629194669064,128.281294101351,310.52884812901493
1641.7352498217801,-2110.5822596279463,148.8668483660793,333.228602312141
2600.94419801437,-1739.5546342944676,199.30520286904056,305.80601116483524
2540.971422795065,-1032.5495810773339,43.10490549578846,326.40910648344175
1167.6175965850298,-1990.2288296237375,56.61549174708206,337.6854588410902
2596.5927431207338,-1109.261732228072,258.5167580559275,318.6129290237822
1800.0863091114754,-2464.8382351068244,-14.388468703147847,334.76313331811474
1813.4676198107695,-2926.4113697662315,-11.487988093799713,327.3019953508167
1846.304906046347,-1586.065399951458,173.199864191317,309.03620832565406
1208.3806479574748,-1225.1084450201777,187.14883616495604,313.6886579564734
1560.6556635313273,-2821.3677425166497,70.56038097221882,323.7020674451516
2981.2155593838916,-1021.4513943151142,93.55055200168931,301.7963301023801
2684.521619371192,-2988.4035704169473,37.94502626652039,297.41560148671095
2059.6318441138983,-1553.623859728693,42.62135261428542,303.9708933167027
1806.3118827186358,-1069.6689656757192,74.64607457834101,331.47938834853557
1276.0385891453732,-2473.6463091749374,87.0910175437545,326.46637848817244
2248.6736712348616,-2813.3236550788934,-14.91344816253879,298.2728536422991
2906.8724631699897,-2679.084963467556,44.319487953835925,312.6169873725213
1371.8510486840769,-2088.1971403239645,62.09751229014056,323.6978744060118
1112.0796691925057,-2506.666864642836,26.260495489060744,301.5313369996643
2343.022726847593,-1696.7121987186588,196.42157238993053,298.9570655388816
1147.1731379503567,-2371.4252819475814,152.64059866585845,298.38477503398326
2713.782875697555,-2399.3662302304137,-10.372112127288187,307.5337542904528
1849.1639957029197,-1834.7219193932299,165.3825395673247,323.01445580368545
1460.3631163895268,-1334.0991938197983,-0.8853637029586494,299.119560991892
1858.9497752747507,-2924.5844840811037,174.93331052036538,304.3380922650992
1482.4657269328777,-1117.5478305331612,84.9458552714406,312.58719968670204
1437.3382791465528,-1520.7659481622322,119.09177138724337,311.7854648573595
2440.861056983313,-2781.98829037903,12.07618813713097,321.02127943095434
2919.5830110386014,-2657.2262471862114,10.386713597140506,323.6986027130084
1046.8099626413323,-1277.020797328935,191.99995118905235,330.14504728932997
1785.2225596943022,-1258.4895907623222,29.508925824483583,331.88783955883
2481.4087239238734,-1386.9406352458075,226.07031651015606,335.09285174322844
1700.5708868877232,-2611.572740060595,60.407658538820144,311.1142478294952
2503.4903449569456,-2941.4074941953495,25.825793892992593,308.63199207946093
2533.9228378151383,-2554.7410092660302,156.11511967009292,337.3923372250592
1544.0192881172593,-2617.237571188543,178.78008107584583,330.8639836883363
1424.992310942401,-2627.1254552812634,110.40551549716278,297.6956938017384
1683.500780769305,-2517.7957071682426,72.52366158274891,339.95440694855233
2581.511760086729,-2673.5862666816306,81.65833498444036,330.6915083975888
2751.088831386546,-2123.296839834664,39.7032822594933,311.28338613717784
2536.1155232761607,-2988.5828294710777,128.0340722688313,339.28050412767857
2347.5823737800606,-1883.2275436548864,11.921872364572184,335.3647447975327
1869.3244349593815,-1588.736710521219,244.1300201472299,300.9587604831859
1293.0056316897208,-2239.036350643754,-13.121111108714398,311.30736437880915
1312.0050460588013,-2326.1636368995605,183.94303236752413,315.1566030961369
1958.458091187882,-2934.865894466012,121.38476624886607,332.4250638556783
1267.1794966811092,-2060.0419310663747,195.8224429244805,323.9677569477758
1557.6068838346614,-1828.7288390961028,121.45045110560375,333.59388216804996
1111.0246935477999,-2498.9712425096454,107.3834827278609,303.83608536762426
1353.4304370479047,-1947.6620204320293,144.96210416707387,297.64456401222003
2713.9115249314655,-1295.2972961097673,25.466475557401523,296.5434994163284
2356.1597823830803,-1573.3414765174878,257.11286445821327,328.47808662493225
1969.701829634982,-2974.085031374522,20.577878205066646,306.0009076012914
2253.9684627064817,-1769.5844667640563,1.0023278265236435,320.18781198477933
1464.1178294251035,-1957.7710321528164,230.89518226828042,309.52889899806763
2950.6629824740075,-2811.514177134808,2.472117889075566,325.707898612435
1833.6230959586496,-1586.928440558402,198.56949767654046,302.45384196746653
2612.2584629019507,-1662.9844098432416,1.1341559233056877,297.84394727873723
2844.864236342534,-1732.5875483869513,41.97517348434489,323.62114262804886
2857.894362746654,-1700.2584053766043,117.19669449555059,334.276948466424
1516.2313034120014,-1432.6674521896796,219.82785916900914,329.0806190400951
1208.9879677393265,-1294.0251532945626,135.23657770346594,309.56055149356075
1938.2691799776983,-1442.8464590266183,192.54005680460875,339.50314580510627
1914.3769908826616,-2592.1138995939223,239.35039399353983,327.5987020942461
1020.2924899893695,-2303.1511479639407,100.5270696998164,317.27121133690764
2968.5832692763356,-1147.5608802463257,242.46388005462433,303.49745741035684
2510.3042258363394,-2116.114903711098,164.14406918805548,320.9180839451694
2433.2582189491222,-2338.1886778566327,74.62678986428895,308.8652866552534
2160.723225085103,-1891.2104368968426,117.25621203235579,332.68420759980404
1522.793595012486,-2380.670817380306,254.5483019021575,339.3381881330737
1820.5567504067724,-2643.0522527342873,194.07817849894226,328.79976700962635
2897.087346901387,-2722.5907944993282,12.044704441441564,296.9337976781379
1118.0458945229393,-2014.441819842531,160.74370554588208,326.49577168051064
2591.6135771593567,-2749.103784200365,165.7647819189598,313.62955613430853
2122.7350827880864,-2864.250030837402,40.29034017900089,335.6342980892153
2015.2020228154915,-1656.7894435869034,6.619255734716557,319.6585365540049
