X (m),Y (m),Z (m),Temperature (K)
1106.6101694572017,-1580.3110684221613,141.35276839102076,298.36536733426584
1611.7429981516682,-2378.361995484244,244.29729720341646,301.7336263073993
1754.7833265098225,-2920.9232039261815,43.07543064438397,335.73721825799396
1107.5678443513164,-2534.7282893100655,235.66661163170187,332.28242478614465
1237.2193293203259,-1477.2505792097957,176.0717698947939,308.94611273279395
2292.3084360131356,-1865.3738479030808,68.5635628798787,336.8029042892659
1868.5738223459944,-1294.2350724046814,98.4654363453524,321.03150517775487
2449.547337401248,-1535.231812749323,201.06320995436843,335.5517393863603
1490.293714572537,-2060.6553527203137,132.6916522280595,338.0460368815526
1676.1761060594786,-1138.8109391455978,193.59211059051938,315.8608133030243
2259.047418943431,-1686.46058699786,109.66096185022822,313.67578832087634
2519.984494922542,-1464.9725227877818,254.90318461592784,332.11267464497746
2105.9599305073243,-1804.2561757702656,31.672586412595038,320.27720669026286
1017.924499960948,-2438.9832918923607,21.439518829143466,327.2994361444666
2589.5652878042383,-1238.8170659085395,225.69638495860215,336.28642511516574
2250.659297928809,-2452.536106058612,143.3534822680707,319.4263573438042
2856.5082301320185,-2503.1050025167538,90.12476689892854,327.8769753369071
1978.6388133586415,-1457.4694726128764,137.8210363921214,297.10009329183663
1014.46592768282,-1615.3544067157513,196.300385749805,333.3179718107755
1681.628626226764,-2089.9763716024754,174.99716426421665,335.8783143220201
2972.9364888333475,-1081.255088261009,122.62272039790929,322.37528609031483
2466.8174379018956,-1414.9138509086056,257.18352496091416,319.8169278221369
1380.5069708704539,-2094.0585611757283,126.73263293725572,316.66254161520624
2523.7202529295373,-2531.036411263873,102.99650518758541,305.23279856409175
1468.8269973426513,-2865.8697927855155,173.80706941229943,303.54076352218766
1342.6147361816081,-2184.0224382107667,58.08247119156128,303.0566651224364
2467.4209347739916,-2547.823946495213,43.810093346821276,295.4658669597349
1159.0292564767465,-2261.8405121223796,114.89446906989826,296.8691006094128
2495.1119799784437,-2440.7986803295066,102.81130948774046,297.75407533293577
2792.5190565520575,-1840.3054999600465,171.7384148917717,325.0363750390275
1037.423870463372,-1545.5690197235092,149.1322247329643,307.5567105920042
1403.1817982206067,-1687.014950581061,62.9498220025216,298.1735035175246
1302.3380944289584,-1233.4795175685094,-3.744582986273068,297.0455412301649
2345.784098462954,-2953.4843444262624,109.846033594671,330.4904866070319
2357.1799648568826,-1537.0510828105405,134.17449069219555,296.3747364108635
2518.0131547608153,-1611.1816549541368,-5.9958123737927504,313.6377449540101
2238.115936753413,-2574.1898100631424,105.28832758877945,335.39005717127776
1428.2255226219984,-2375.1952876457135,141.77477542733337,338.4146033264048
2350.5447441381993,-1969.1560473148868,118.43251749622976,326.9548449021044
2516.1350167828655,-1302.5144305151114,230.58709342397623,308.73620886937044
2195.5238602515283,-1236.0553256363937,203.137957422119,335.31094749732557
1073.4341848885458,-2228.944575602313,1.8725705590346173,324.5193391236687
1718.724805009007,-2824.876338897083,53.25641543829495,339.1255509695824
2050.9001082635245,-2183.69030919817,20.901192190493447,320.2506667276973
1129.6444886669885,-2335.776129061892,183.1702718258202,320.57426536937226
2493.7811823754337,-1063.8182072926777,87.88814389461977,295.6744077178889
1655.2528279854964,-2625.2913479745503,25.069413287388407,310.61144285733087
2348.019959809395,-1962.0231984424956,234.7179186224299,327.78456505034757
1444.5677613738085,-2422.556049591104,189.83187061156934,329.38201937640326
2838.1281010426565,-1782.603017316113,-8.162660179171034,307.8172351002224
1280.9793427081222,-1840.5240911932074,171.59390771539162,307.6144348265442
2358.653150778393,-2197.064008402764,200.21410214431822,322.7739788628692
1750.5200948513407,-1105.7470535271457,175.57057420637634,315.0494579656924
2433.211134752065,-1584.6908622078374,240.76798170086224,321.9643719076474
1986.1220878420531,-1526.5068404306094,255.04000515941175,324.14711498165485
1633.76139379625,-1820.742391840225,21.20628392184758,314.5120862054934
2294.0806589080858,-2186.703823461368,89.16900116130601,328.0827926537608
1552.535621383598,-2106.765060058748,249.31411576219034,320.3191073972738
1716.9434813695561,-1221.317412485002,20.385350543762733,337.0302068253494
1688.0243940003998,-1973.8128256937516,113.7316131579407,317.0228794340038
2670.163280960449,-1526.9347766326748,20.411974653151383,328.4708054298552
2725.3108911853146,-1377.3435752102796,206.87848700315342,319.6704492084827
2111.214542282387,-2094.886104952431,9.48526342405139,316.5805640371662
1336.838394139209,-1133.5901210817547,184.25483420593903,324.0658233766911
1199.8992741789757,-1298.142785581273,35.880814589437335,324.19882484670444
2755.770797558697,-2584.084626233349,132.2658514563153,338.02044035061124
2149.5634924551596,-2959.5805522065853,30.98564528988377,329.2302826790268
1312.4757844768626,-1229.2811535208648,101.14604039426835,337.04119381091664
2286.397429993649,-1855.4347880059645,62.26523712783177,304.9276946548139
2079.017966202615,-2066.2520273661357,218.59223953137624,330.49727463169586
1270.3277300193663,-2095.101059336258,234.97979991686051,327.3873636035051
1457.0825608522505,-1472.2558982212818,175.7914871215182,305.82325595356957
1376.520578318038,-1111.4224351360378,108.1156694261747,331.30533887769565
1727.299473847875,-1395.0038770283059,75.27495633536736,315.7075152282613
2555.44101624581,-1558.8088663047542,4.86120432647855,309.9944021451134
1384.5058448592752,-1985.2279775299985,257.6639137198019,308.6739271650729
1535.4090049199485,-2556.148847635443,40.95914761753959,324.1698029111016
1328.5196140280884,-2745.7169757259044,112.26015601656759,328.89043267099436
1152.4330171639706,-1589.132170214973,210.48684887340957,325.2206526390297
2841.3667054176976,-2349.366059738788,127.38092927960872,312.8015107560302
1776.4505732083358,-1533.829207845211,49.33600676757838,309.2670426422833
2802.976894058591,-2200.769111410802,112.46414505897918,338.10442613798523
1098.502733387705,-1818.3648313420526,212.4059454821381,318.885074336723
2166.7577847802413,-1883.3347594759573,126.07574830879378,299.01223229295454
1180.3432164586548,-1601.0697401020702,235.5137672900295,309.47941166197074
1628.0720560020018,-2004.167920379648,98.32750477195387,334.52185492468215
2550.8303942216994,-2178.74390503132,123.18029042609433,307.40308768823417
1378.1208084438297,-1238.6850769217895,177.4474550034717,338.2560487907084
1978.2329041360395,-2653.3999012416075,66.75586326291163,311.0342344252439
1851.9299568244705,-1484.9389647098903,-9.302744192695409,308.28418908990153
1077.8188291606582,-1159.4774081855285,13.113613578417908,312.82424262313003
1022.6147723703816,-1208.864573898315,84.61428265408527,301.9406627624422
1959.1696954097356,-1140.1274831357728,223.8212590249434,337.7522664753727
2080.0007855387603,-1152.2606365389627,90.88569750441738,331.77937408608994
2470.013481656996,-1159.5393109903255,30.14620817561807,308.00468225499094
2574.430600114226,-1218.6800615415768,177.68333348716513,339.5294584207534
1946.2712694181832,-2614.6793281194355,124.1990343497184,310.8185381016525
2395.0981715893704,-2347.6638453818437,160.02533335206155,301.54171460559434
1190.6419884951154,-1737.7594154986843,112.58011900969277,334.32867160992953
1501.4287346713631,-1541.7042635310404,206.63789574012043,338.76441995556
2184.7333987809266,-2338.6566147738836,143.76118424948478,318.3513208865935
1513.3831164885232,-2083.4520436077164,96.15146977311991,297.03872683320833
2833.4166961019782,-2366.4700776660184,15.38332479121777,310.9079333251306
1276.6503796200875,-2214.6041655974677,200.23451106805732,327.70117733402947
2741.2035589119737,-1923.041461404388,1.646492150505722,325.1934354315184
1616.0776485690135,-1511.669037408864,135.21607095919478,326.58511083496376
2990.3796669315007,-2992.6812256674507,241.0498055519431,322.0885880929939
2636.3476320708182,-1637.9596660441864,222.23297328754023,321.8032549406998
1335.2974732517598,-2951.752238897066,31.85224550345584,309.3326852848139
1539.5639514372192,-1725.3199770398253,146.77900016439898,332.22611592290724
1013.8856433268395,-2624.0463658956064,246.55529706120228,306.04679284979255
2862.140303264547,-1499.2937488897257,181.94218620497844,298.3544207171202
1242.4010590085784,-1170.6530193729648,32.351373319641034,311.1963537934339
2877.7771459930036,-2988.3066881373757,168.4525122142655,336.9438654359707
2375.473972928828,-1933.701444109235,8.189038124980275,320.047090192817
2867.9448220902314,-2058.555912536498,17.983001276005027,337.3518268759448
1075.6906415706198,-2263.6670006361173,245.31922014270447,312.98371025846444
2884.93485398667,-1530.9186656524507,90.71665673430869,310.38960960217435
1138.970351743287,-2753.2362137462596,-7.701826211379723,308.3416278398094
1816.2602922645858,-2473.681479027321,57.14773863325746,321.28961949282876
2439.6238627194543,-1982.656429781609,99.43231122245213,297.1462729106056
1059.975917058141,-2903.9572733205064,3.4245572753535605,336.05447858283685
2477.1282939057196,-2342.086106943097,232.60551958191928,313.4965702419023
1677.3528336026666,-1849.7000021062724,142.30855249185655,307.79773692702054
1643.8341694008673,-1014.9092056775346,201.65371811414016,309.91935679359096
1568.7390884438353,-2729.2857521430315,228.70095100416094,333.3556248343424
2775.6181672970415,-1215.002481799303,230.81134772524044,323.6477557049056
1725.2041752606895,-1212.0050421453286,1.2934996433631198,297.4750633451987
2816.601659695648,-2907.310369415862,145.1290988636023,313.4600216508036
1593.688762433777,-2365.0022345174457,127.67967652113359,314.2334068883123
1873.3110093246908,-2379.958570968476,207.86859967684367,303.22330119095125
2347.7647046869643,-1159.9280561145476,43.554394012338925,313.1310921826523
1195.99696603838,-2331.8957971937607,145.96961926265897,320.41395007803226
2205.473849748295,-1961.5793766878273,161.42655319226873,305.8809528907042
1621.9189115602308,-2852.425473205169,35.71602398602427,325.222535429235
1456.0736063579523,-2593.9387157162196,73.09941844805039,333.8216788592567
2866.244539358765,-1472.5717857327086,20.504474751176573,335.20293245372926
2829.954739455975,-2687.4324066337567,218.18257040679845,297.36877547625284
1376.635825720908,-1894.2303794883019,52.25207108352306,311.6940032008807
2271.4679889151766,-2272.3638775119625,238.28944346237546,318.3538315629056
2032.4220245565014,-2563.234909989635,173.85170832788864,306.1216910474803
1021.3881671227982,-1850.3823768331333,40.46465711257067,329.6777334443194
2471.101159866905,-2227.5101395425595,246.35334793177736,299.62493822879026
1696.8393016482569,-1508.0818020668223,143.24230115910245,310.54632761283614
1329.9209073397365,-1693.3631569971992,137.25051979574468,311.5833013644842
2315.632521782988,-1255.885614012347,258.4957938985547,320.794587483965
2080.1409946239974,-2622.824563016914,140.54745125479585,312.6713311178463
2076.7054512712257,-1560.4853154060984,80.16604174452785,336.01638696890757
2931.8285321054937,-1005.1965206614504,188.08639714052396,299.57044403341865
1829.1388207755122,-2448.260824053418,216.04124099619597,305.9433583215859
2488.280411167558,-1839.2803932383747,141.73487604029285,298.529009008039
2507.7951375703733,-2955.346090521388,181.13584301951883,318.2915477003964
1120.7169962664545,-2008.1968689183477,121.83216135311443,324.74151190850637
2593.463747755197,-1816.5042860266926,195.18562910126596,306.94957767669064
1728.3856145113768,-2168.0932503218664,145.51744788788332,315.9978109945633
1063.2600761654276,-1422.593339992472,33.94487204637476,320.3653399818853
1533.9484718461968,-2235.0307619282994,190.031049932716,301.6816543496599
1950.2558357256048,-2913.637878921333,143.08641873415533,313.6966228923637
1004.1136666428201,-1210.4744642422095,169.78046695831148,332.2814127402924
1119.3985082852744,-2162.1557619514997,97.62055591718286,325.94214102039973
2752.3824569442186,-1378.1465886807775,152.23094765786493,328.6514378741708
2329.5474089445847,-2429.7094717539135,14.851833200209288,303.9584105123374
1320.9122910940425,-2015.6275121515037,139.3725443605171,310.544538648129
2044.249036746266,-2304.671153874127,173.59030509533434,320.4360941000721
2238.111209000011,-2359.9802616593656,112.69664470223799,323.4480777846699
1187.1235626742812,-2958.6107037101183,245.5798265304515,310.5031776997035
1091.300080272139,-2792.967313421045,182.9286918389529,320.374188901129
2320.292215008618,-2284.085182099604,62.019017858740355,333.60175341104843
2831.2163008711127,-2296.7078155315094,-9.387122066535845,317.2969986934139
2480.9204104123246,-2568.9420932159237,111.63638791690929,316.8086308628642
2681.3989386128815,-2403.283588491779,259.6274268818477,296.49682878368776
2618.108738572223,-2265.4448381448383,103.31679413982313,331.73957387315664
2567.855226233846,-2508.428561226605,19.630712092845165,307.16494379720444
2966.4133157673805,-2515.9990477784963,56.20648387015575,311.98853532283255
1380.4305943925788,-2541.9193658493887,8.888106657133875,334.6641668270236
1973.4641546491275,-1046.4302488941346,72.88852864600439,313.0077364128023
1054.5552904255005,-2854.158453647936,75.01092897777036,297.1422946053533
1956.30622585363,-2861.5719206685394,88.99893702865387,310.10041450017104
2945.6862377429884,-2117.2617021443125,199.1864797917856,308.0949550802592
2864.792322763102,-1504.9662489624916,188.08925430816154,335.95878745344083
1348.8711743409397,-1868.8962500485345,9.906171583985838,306.5003039139462
1710.8472688164265,-1191.426488398621,-2.3837071372409255,303.78741129941454
1784.6151120724564,-1408.2308242053673,-12.367848273720437,339.4293000009132
2737.5244582671066,-2791.6665279447657,49.25824038054897,336.30417360389185
1952.3271210268872,-1634.4650536257648,122.93612157787587,322.723062279544
2960.6199679145866,-2775.054983254217,23.70971118052143,312.94399983941594
1599.3378123507118,-2619.221258770429,222.15881967747495,331.01737786272867
1593.7844970123253,-1384.29590786795,228.51560575465467,330.3244819857847
1762.6023042734691,-2964.9421570793884,86.69823924349379,314.1326474784357
1283.6052513433378,-1313.4851709577354,156.5994250749161,302.3551567341598
1852.5926838339942,-2097.8893415737143,28.502895234504734,326.4276607007706
2044.1331746613778,-1491.4508195839549,74.06833854794151,331.36200583055887
1635.8923934316995,-1786.7396277549021,170.47957880438514,319.13828631998643
1426.653593663388,-1666.939428401165,39.68357378177701,309.15924420002654
1425.0394796086487,-1623.3622012131586,174.0444311528882,315.4265542577175
2955.476660717106,-1094.2992511619007,201.5105195831131,330.5193786410107
2076.5878567306427,-2740.5571990676463,63.366168679439184,316.3795046854415
1007.7186738307122,-1175.7817071889503,12.900527693200335,330.6257198652925
2079.0767532741384,-1013.0619284380759,43.705189506210004,321.71980306398996
1372.1908766265578,-1595.8399369567692,235.83169986240443,304.52105840830836
2489.296794695415,-1364.8391611845395,203.09207723697682,339.09515636463226
1699.1128532155042,-2252.340914953229,-3.511797609729081,306.50054173134305
1485.914048542159,-1784.8266999296181,217.52756923849802,307.0740810543963
1623.7639667350527,-1737.6102919974385,177.2618563410906,322.1169452593073
1206.4690075220983,-1600.8975191874317,105.76616236563135,311.6823180098477
2720.1772583317506,-1345.4340720249904,1.830624001355858,310.3710854560006
2886.1557982719683,-2103.002096900447,173.942684288401,302.018041697555
2952.1668730616,-2832.038241138073,173.13548755210903,298.59120624149386
1049.5642090564545,-2866.344086920796,247.31622542826238,335.7913619345594
1940.6615522772913,-2354.877742102469,9.660591220986081,318.6056842191009
1289.4951845914006,-2832.4328809678823,127.93403638475863,307.89352017835694
1726.6276267210305,-2906.940779630809,141.26214909509784,322.22679290452675
2231.9074313151145,-1443.3769713586125,189.15488279618324,315.22407869370016
1246.901841083762,-1397.0414092416852,168.42667573055923,334.9707126490947
1417.3202658671125,-2466.5011699939587,226.4170042084804,329.4430464580564
1856.5767287072779,-2915.8365850388077,181.66503596319515,323.5640938985839
1076.7751396870638,-1470.7799817961102,85.69884425510809,297.8756679038308
1718.3509083202534,-2036.904246927719,146.44512295356625,314.2428797765775
1669.2585806786315,-2640.0196279850275,20.61457981058698,296.53282655087895
1283.4023222329988,-1758.7467783671839,-5.059953409412936,322.9570738087335
2066.5964445691807,-2434.52567071943,97.94404879896862,308.61775151387144
2766.351546723711,-1144.1439613200905,102.47687942636614,311.120521566287
2168.1697532535036,-2850.429068368705,256.94601442990376,302.36727604333083
1859.6728992397757,-1031.0587424701673,239.4267797992845,302.74891785869283
1361.699036769732,-2737.9879338684423,116.31677073582975,300.6812313978571
1691.842159150889,-1348.1619059740106,236.05869079267092,337.5176482714672
1150.9907183717896,-1488.5308195219297,92.9506214016116,325.8510277832965
1225.1926569033462,-2387.1700370539274,161.95694419322243,326.87840275928255
1785.5593783801041,-2099.8164008411927,105.48238946003133,338.8147986541965
2159.3674590059936,-1876.6015801474255,257.865782975819,330.64339574425014
2232.402138479189,-1942.2479414566371,153.13506552233156,306.22402734023433
1602.8657928013154,-2448.5463199932524,128.31799397829766,328.54739896734816
1715.456949042079,-2330.1951304935205,1.948899238200191,321.67526240858695
2660.0606384212733,-2289.7455667912386,101.49625449544958,326.98464365308604
2693.3139828945605,-2020.147976307033,252.3865482085448,314.76626171411937
2717.8149109728747,-1368.6237901343254,243.8413162655018,335.00928200125674
2704.8632992444877,-1980.5352311985478,57.035721460400026,296.9999589317029
1496.6451300331883,-2822.3825941133605,171.6547663336891,311.2803775012429
1029.453216362947,-1838.2642403268192,227.83586384652367,339.7780743014118
2204.0524843502426,-1074.8029234193518,58.547736212888765,308.1702345273823
2168.5875914790704,-2326.183467993644,198.35043509139885,322.6122946085145
2877.589935144275,-1693.5527915632654,13.572946267332629,300.4740132630984
2849.7463671331907,-2188.9154203121916,16.977394735903484,323.932751796832
2512.381807011051,-1707.2690783727799,259.0054480423397,311.6915206866178
2450.5142530163853,-1163.1132759786074,9.992479211856402,320.5670847668869
2838.8173939443964,-2502.5566836563044,257.47540000792446,320.1805787765669
2568.3835802441436,-2228.6657932558956,130.7414574866429,317.32110236088323
2484.8404786168403,-1545.2428203825848,17.161982755758373,334.8656173085911
1209.779848587621,-2050.4556764374165,119.13279240923492,313.36920056938146
1634.3939875647195,-1256.4652595845282,198.83359544218052,321.2310130501426
2534.3705911531342,-1841.8525925423903,17.590220974666437,307.32556060792047
1505.8226805599086,-1576.9244510701712,109.80448090264612,308.3373313415584
2674.448927968683,-1347.3300403173,220.3760548833951,321.81158431517895
1309.592429922086,-1266.5794944616616,95.07281652932578,312.2970108154051
1670.7473622297243,-2110.892302504326,-7.758038768796277,314.493747429544
1366.0112066947158,-2618.007419380584,56.425765776981876,337.68273042485976
1841.985324210244,-2924.4574463485287,233.38991212748343,305.2244810431908
1718.7331203357858,-1935.834101757691,158.5984686794052,318.52940042754545
2160.9940371151824,-1541.2025148440407,109.3111615602344,324.2472232370983
1705.0961327098819,-1043.012459999213,198.6337525222051,300.46191748760265
2287.8378867828583,-2395.685432969688,5.114975376220272,330.2774124548272
2235.875271132759,-2332.3777243192485,55.31129442386094,319.26072584461195
2267.0220425493294,-2264.81159249586,186.74597460305907,335.30947485723914
2795.578618087235,-2009.944772622935,86.0843258824281,320.1822456069699
1092.087549774807,-2279.5099206443674,40.30193669838934,328.19194329389626
2009.5599568732905,-1481.964052492833,213.7246615197223,338.9006687259395
1581.0802392539667,-2241.7572642338278,25.201186985164753,325.4819626598064
2336.86229853079,-2915.3596603435512,123.92021150730375,317.2729912104727
2466.3251122199817,-2764.2897140221644,59.13258784556476,326.93989542729634
2376.4059238740965,-2912.8426994155852,74.33779511273042,328.8135227399906
2621.9760515137987,-2298.9694397305057,108.51724329852212,312.91995863436955
2012.559444543183,-1891.317004766892,129.56165537620845,338.32371744498016
2000.4485736145411,-2864.8864689593847,160.91332374292477,333.83316898505086
1758.50985214666,-1555.1762111573264,163.88402918943578,338.78076449392546
2154.306810532813,-1909.5443548044348,74.9982307198723,324.45038107280544
1656.1619123498153,-1108.9002435981379,220.92358052175058,319.3585275883351
2905.347153189167,-1959.7922942180865,164.79916310192024,307.3120378779464
2860.162064101756,-2200.6755707839898,190.94301349336862,335.5936299753765
1541.760538049316,-1830.3724513945149,177.559690445399,301.216814766956
2428.814988114411,-2056.7805665240176,50.87564766352588,337.17134197221014
2625.0439386851785,-1164.389157138467,4.430289515452884,301.0461522461005
2672.462199042464,-2311.4565738838364,19.501357897223926,307.2152638020188
2343.0802082221626,-2082.4490340375123,197.96566049247537,335.73705211218123
1157.002171716548,-2082.1785303927245,84.1873132230828,299.9350108735885
1667.7782512467443,-1306.3441498461377,13.562818762088575,296.8684995010385
2530.1982422156743,-1861.0916482505272,125.78635715053912,316.1570582520614
2549.5845408933346,-2698.310052136493,82.64810958030452,321.5539048049211
2102.8731771611756,-2635.396108117224,18.448061165043825,309.9231308319699
1772.5933250772878,-1471.4752975239235,188.01869181801632,303.411678059186
2081.4149307411253,-2506.813884676789,-9.582222728240612,325.5324995292636
1910.1637192216717,-2378.5678804878535,154.69665563113833,309.6745943099386
2855.124307577572,-1287.4751954833737,167.48998851815043,300.2195128271435
2624.5875133033687,-2984.8335003633943,154.8837498716902,334.5738415345743
2991.4144650871176,-1824.43269398423,192.1276085479116,339.9903512463873
1730.2936134466959,-1773.470843705948,146.36605924042482,319.3297641071092
2395.966759505019,-2134.422246331063,157.05933539223327,321.7458473659659
1324.9600921663289,-1806.7832647560062,42.90246189603788,308.4579892818877
2477.8358467743938,-2302.696997254767,257.96025724171955,310.7944538505966
1335.6850807704338,-2436.7668315561236,123.59566720196057,329.0559845811606
2094.3434627565557,-1952.8856910433974,77.64892119921133,314.564452512622
1902.9660249402077,-2624.3358405277772,151.57647740912805,316.59581505573317
1369.2912752077357,-2091.3131073094,180.9291185420862,324.3489822992878
2972.867415117832,-2968.550049515158,87.26251053938476,306.6762918950738
2183.973470272118,-1550.0748044116488,80.86008477545211,308.9053084708884
2818.5693143236886,-2275.37420707725,256.20076808291975,313.46077115503573
1331.9306482966745,-2049.2705633311184,124.60796068149986,302.6455550881073
2856.1648152528337,-2248.4025726542745,259.06790333124786,299.68448489168964
1251.7460202014895,-1244.865279594722,154.6812947798138,325.57156930891887
2934.243205646475,-2387.7422410035874,124.91391953222853,331.97007454215753
2553.4177358712464,-2956.6391437775187,54.306536061773784,332.5801000760262
1027.846672343986,-1338.6924100851888,128.9764557300978,316.7848095393701
1881.3008187114274,-1922.2101216855046,233.5333421231768,334.69606962717165
2987.769944265334,-1693.8372798256398,16.022191914847443,324.73930203923373
2927.0489381010675,-1903.052512631877,122.1489068901814,307.63955849394017
1518.8234026600194,-1066.3135806507023,35.667259233249546,316.3087429274145
1978.5259338680835,-2809.003565669342,148.5039718558644,304.5153709847709
1640.3433330734697,-1640.314341095013,232.93227665854556,329.1312026601924
2609.208971054007,-2767.6140636496684,176.13129659556554,307.9530356548371
2873.2306403096245,-2880.1426250013187,14.897349308499276,324.63710109447715
1204.2693022684866,-1715.8072736306458,17.118990530235713,339.4195815305722
1401.1149692951467,-1567.1488846916632,91.60731232062513,334.22357688114437
1412.4649864849453,-1018.8210477297971,240.06365438398052,312.3391559824111
2964.476106284986,-2353.8538394209722,132.07727541874036,312.7355428890215
2949.0001254949025,-2688.70159794284,145.17294979820807,320.83116792168045
2600.956191993286,-2368.4328881777287,175.20778138426658,299.3744649119014
2892.1699447421743,-2421.515924295372,110.82943272604973,297.79687273147124
1559.3006388868464,-2781.5904428252925,91.44154134922721,330.6990940862245
1625.6302565903939,-2338.1393148463567,110.22614477546482,329.0356725678808
1473.65161420125,-2732.9895996319806,22.994716233982253,311.32322996451103
1672.8723697525215,-1722.8356200156154,163.94914116010054,334.3042773362142
2673.7417342884055,-1005.3885341751845,224.46181095415574,315.5360471913732
1182.232081038243,-2604.0288825526627,207.7890985831209,338.3956737745375
1960.5515677101307,-2886.1402652767956,47.30732768106734,301.8195629005516
2663.572836823666,-1348.124887364931,41.85425987295264,304.62621724477503
1889.839761234779,-1045.4377945878,92.77698942827566,314.8478823516624
2691.276354512138,-2523.2530892332015,191.8619914212297,309.91340089665766
2015.9618013053896,-2489.6146215459353,136.02461714455796,339.33813645898823
2075.535636039747,-2703.2372524997827,250.92757959110156,333.4931707561393
2939.7729575019534,-1926.4106298586005,20.43858744826946,321.38124940998966
1212.066359834416,-1360.5470007631661,24.87339108134252,298.0431165581193
2706.803551069003,-1442.3186546690831,4.083439892520378,300.84494442541916
1040.1482341802057,-1160.669325671276,102.25839803534902,337.075856997208
1510.6031900816524,-2378.062866784775,249.53765520705116,327.74162586227413
2396.57296017321,-1215.2901269603017,130.65121647578226,325.8735268073466
1005.9201492295182,-1724.7030041013586,78.56027163115937,314.8915518085406
1904.8362009017414,-1662.5598445775686,225.07442582913694,339.02121018267536
2418.5377322415347,-1516.9814856898063,170.8558153321794,309.5879967971088
1983.1135502081938,-2518.6396809041253,-11.563155776857943,314.0325763694285
2711.78441479739,-1104.8681069749396,85.46478755849233,319.5074064171522
1532.5049725538247,-2166.492638904707,12.459126980715713,334.6475286026832
1063.6417962431212,-2321.839746564063,110.40924883663108,302.62691822242266
2126.477267942565,-2683.1429781695997,131.1385094903036,319.26996560977796
1482.655141013876,-2909.680331124384,153.52712186414166,325.2291658490067
2584.9758771395973,-2443.064727606912,5.511783359006451,306.79969220883356
2262.193203263453,-2475.043301957098,250.8226342397963,320.52351935505686
1267.923239846601,-2230.879368526653,-12.160778745544562,295.12474430937294
1774.8125559410253,-1215.5559037560854,75.50092030624725,297.99812384380135
1778.382310924711,-1381.1254486214093,164.10479066391048,337.3723834461058
2428.253022732101,-1164.0574763199913,96.35299186717407,321.2619895445592
2676.010049372985,-2283.798840663747,93.45352623262941,311.53659962130934
2735.831198379018,-1819.3249932013325,47.79313900851612,310.2746708700095
1296.081981920989,-1601.187307765604,202.77612512939896,324.0514244049028
2957.0919571297136,-2564.754104060522,14.112390822328475,300.04143501127754
2564.532537718672,-2953.3991260808066,104.90356267045888,333.3570973425474
2730.2112474358073,-2805.852792377955,138.48015638923005,306.10634658152605
1056.9678736816716,-2449.8660336777466,225.85804740012398,319.61158764394884
2444.6050074635536,-1547.5397970590234,63.835435320185,334.71234822820304
2838.513735921136,-2561.16502828401,187.47907904678416,303.6185742905962
2367.067303527141,-1485.5114551000534,231.2680802604329,303.93937757286494
2268.437231202852,-1581.279551633021,234.5233096824261,325.0244343434073
1644.0911088942617,-2170.059398612267,256.7274566913248,338.5643815901651
2931.6852367145684,-1251.4179230811383,64.05227386084407,335.86903862161057
1128.7296002956741,-2956.4361485565296,186.99206336635834,295.0040558433937
1417.9292983639602,-2366.292794525995,69.30510031165139,304.2678791985587
2981.6238550920457,-2705.8403919939997,80.7985749577659,297.97192534197154
1343.847146395918,-2270.5055659095187,126.88863994027375,316.27209005121847
2840.005193348693,-2725.804181123017,203.65365139441928,298.29707642831363
2264.777488448596,-2917.5788439047374,129.8266920213626,321.46851322969684
1549.1835712565658,-2481.952182281612,169.9614319565962,321.1419305339698
1246.4475102078807,-1957.870037988259,0.1646220948219561,315.681994720591
1748.221956430344,-1129.799631289189,232.55002408189154,301.32735651994415
1658.404085414095,-1392.6552665902286,-7.45041715685593,305.7819875567581
1312.2930640156883,-1742.3591635554674,100.15607944291433,298.91504929696066
2005.033391975787,-1475.9288831492565,207.24476962024332,326.5874629866111
2922.5960003992764,-1328.6372133050252,95.3258218507693,320.88864934714854
2107.429802885728,-1469.8152610091065,237.24806421348615,296.3341982015468
2794.380413154098,-2795.7334819046087,143.81264893841993,316.91848745125026
2205.857323434494,-2707.087664930744,97.65685629808601,314.11288616207844
1269.1502996715365,-1603.479153849818,30.4194754386792,305.23244556777433
2363.5379547477432,-2889.6362873174894,0.2163977323108277,328.292867405299
2492.7920475468277,-1256.5598355507461,43.09989752697625,314.72353016096594
1628.9046852995339,-2808.9795545182246,9.961072542398146,333.82394152524955
2651.045122697952,-2119.436506887614,91.32576351296525,314.3823971732545
2225.445682577391,-2988.975536361464,72.4548480002292,331.8986607708667
2223.4791809891167,-1928.7876503079026,241.9419615893337,333.47400223155756
2471.0025006422043,-1926.0807581686965,88.98470931542295,329.59612398512047
2898.350913456772,-2217.4028422781994,45.47510225188756,332.23312737923186
2176.857747481169,-2958.6196264648097,42.12104871418118,302.0870713994692
1662.3733344567413,-1987.7010233548203,253.55875695427983,311.90293890392996
2117.1855307715364,-1744.8702841262186,246.85552001546694,323.3121157286038
1318.9768302256678,-1882.2457285359367,13.89331699523731,303.8571274655284
2083.733331205659,-1745.8919707266741,129.82736837044075,337.95179136337435
1419.4237353004812,-2248.6796642530553,19.24754346772601,334.3898302267412
2512.947521938279,-1749.0870327325626,242.7630105445329,335.0198470268967
1667.4135080477574,-1114.0843575700997,209.37146917369597,331.27741486851454
1197.6282379983954,-1908.6062756254971,51.241585828576746,332.84752560707676
2855.8108625949535,-1384.8363745477182,69.98369863366875,330.5533570370419
2383.83611220454,-2534.820928390382,35.619590004893794,324.59310288856676
1455.7595176799148,-2241.7832020828105,194.5229900239246,320.8841619948021
1120.4476729510575,-2115.7121706023686,173.37279066293584,313.76593146800803
2581.172799618527,-2755.306333815858,162.6820418422118,307.9217629513747
1114.5798686653206,-1813.7500305481226,219.25904635739164,312.7230303100065
2339.4537035264343,-1788.393795489423,210.9896634140728,320.73061507351827
1192.3558374109293,-1464.826324050146,86.84062560932621,327.3031085353622
1910.9509327722235,-2223.2280189913054,108.07846833985789,334.49361923952273
1225.0837294567696,-1062.2025695957072,8.064363087555432,318.087180721642
1853.4246498264165,-1730.9370787246341,53.26075318802661,304.67686146028046
2887.560904836247,-1696.0636852590158,252.4986841908459,338.8543408664377
1778.675494454767,-2181.8088857415337,9.768810188191324,297.5506871321973
2936.5519599901672,-1827.6582766060124,240.2457823643255,335.25258011163817
1723.329712214963,-1558.8847691129042,139.2940477878645,295.91256696268243
2352.2852905459827,-1952.1994432055542,185.35041140266725,314.15459285313517
2497.851074275489,-1678.2930970634454,79.02158863548306,320.6397623674518
1913.5663177688796,-1346.087288283767,161.93947565181807,322.34245424761866
2970.5284088092576,-2063.8286299806023,106.72552102564799,321.5379196712279
2733.5230641677003,-2805.229262596545,259.32546218438836,328.7400110274952
1394.2712245686203,-1483.576017227232,233.70121264337817,322.77418396876055
1893.2442690073035,-2418.1469387520847,209.6941567998723,332.7577211413608
1293.797428956095,-1831.90579241649,248.2485361336063,321.9772626007169
1136.5791354117177,-1101.4098452727815,19.051389642625693,338.0077875240103
2429.2301423561676,-2593.4642386126616,240.10417403164837,319.28125759274235
1859.302023249149,-2780.362865150487,-8.410231807113057,322.91350240812716
2777.4909048597638,-1272.6980147765566,46.45872563120556,307.82939965348174
2262.912241707657,-2615.5331656056997,12.359533988817581,317.62394555634563
2510.724965336868,-1780.745088760861,5.970742453501856,335.6449609912725
2524.44278285907,-1426.9620978355877,148.33951158097992,339.26759713342534
2657.548784276034,-1139.4653788005967,234.9266938101128,336.8933045008095
1780.3339641314428,-1388.463395570781,127.92715406866853,311.3704071443996
1169.3325311526976,-2890.588431620427,224.3909792380508,313.59006442490687
2114.622618137735,-2909.9146618025543,109.35258115550475,305.8550922223767
2111.688069226825,-2319.4443541188457,44.44668226757994,321.60000512394083
1105.1405208942042,-1194.5384793176881,258.4084608985584,305.92565514872143
1124.417759349858,-1912.2387441125663,91.58765012718078,304.06448282143316
1568.6150851363066,-2687.7459408816762,76.61394927751819,311.7936353465724
2979.2840001897357,-2402.1653501788123,-8.43952193508575,313.02358002777663
2222.5047904955086,-1626.1228102306504,183.2050197241569,307.84993879535926
2620.007597101185,-1961.4169000483848,208.95365197059863,321.2163642233112
1687.3891098357626,-1157.4794054686465,-13.8217502942088,335.06591497878435
2634.1781494200495,-2155.1230854471805,188.84532190371996,314.8358058571797
2563.3158335878525,-2659.4935512953566,231.94131260391478,339.7495621601139
2102.981906111246,-2901.9050513770317,91.06987815619813,339.0830404921611
2717.9344658376795,-1303.7225246215469,238.55544651873777,311.5944640022008
2220.258087918967,-2743.8016312678456,67.65070945166207,297.8157796351738
1718.0417152228874,-1534.457216638278,53.15988977967872,297.74323450985304
1837.9065814422986,-1161.2547923549598,163.9294797377945,333.35365608640296
1327.1168401892537,-2572.405150164609,20.817526251644267,339.02692101208964
2710.010742341584,-2811.4801870497918,253.52411525700546,312.76195293951463
1853.849350715278,-2593.73572217164,172.15690831294015,308.048049464498
1390.536199770151,-2496.6644399449187,191.32788869223833,316.0529204943096
1990.565136397519,-1595.7969046468331,193.11488105545644,323.71068147413973
2169.5304156081766,-2940.3348802701516,199.19234640243593,304.22542386698234
2217.5613410477636,-1105.2041968888154,104.70244577507606,298.01114824966527
1338.0741375533014,-1410.9072021224476,237.83650099930176,308.89556805923576
2583.2252156094464,-1000.0437785759366,213.8728623330209,314.53797227086955
2306.619642277224,-1941.3873146145525,223.11064392433903,297.4329529854426
1609.3977068303188,-1291.6608623836983,218.8523959488169,300.11661021088554
2309.688968690836,-1166.415157283962,68.670865451104,329.4082930464193
2659.9449731237287,-2332.967028935531,224.01410564041018,303.0020326142494
2468.7621070823798,-1662.6202286434323,197.5186133782432,325.4156495362754
1151.7506236802678,-1576.1044550242145,239.35010326181734,332.10891562664375
1151.1523526973335,-2446.952445926274,117.9393824591273,315.9491918077507
2596.9462640008533,-2699.871779566536,163.21259202850274,315.73819951631066
1686.6189813105937,-1647.3573699429483,147.1261915162026,303.6521458810699
2705.3670408643284,-2920.346295835613,168.16183860240116,317.22919847201604
1574.1171279723926,-2172.6471572451574,135.07591035532306,321.10154390192287
2772.09492611968,-2392.9859071716314,44.6653127675443,328.16325869239785
1654.9052165210578,-2414.6874438479826,234.0840484752318,317.70510230685807
1238.7666056339074,-1332.5679688610842,211.0338327233359,334.2205210081603
1892.0697643142457,-2251.2784194275337,226.56873925928957,296.2031635527761
1342.7078927232105,-2442.4879875696447,71.5587175863984,298.1243008344837
1582.2647953146043,-2111.3134495472,-4.849969798285144,320.5604171491866
1286.8428298962976,-1311.6497564492518,222.52947104116686,299.5183780752155
2501.020395490767,-1729.3026364404457,186.78740193867307,336.17614993725186
2421.371607971383,-1340.7987899491693,35.49352580341053,317.7820121894896
1606.2815598349707,-2203.918635026014,8.33321492187812,333.3221731568599
1854.9951454428426,-2108.184116175518,242.72560642687165,304.418336049412
1049.756752744309,-1100.5324841251206,31.18664681414318,309.95802073414586
2306.1110249974154,-1380.4717873329937,120.93389533246932,296.2256108515448
1424.7566599868676,-2548.9536610267814,108.42087778264072,305.84351302879793
1936.0263192483712,-2112.045771794875,137.0869732602056,298.4626010951048
2739.9634704850196,-1073.7756567169158,10.403260438674742,322.41735839200055
2183.8346995372835,-2555.000641022849,37.668040184428705,337.3215314955279
2996.304356386285,-1951.8447314629564,228.38159320344502,318.445839048056
2428.227850934735,-1553.3392130635616,132.0490837714937,302.4732285412134
2359.446611361185,-2756.66057195347,96.79582244735259,311.33629058309276
1442.9519640789622,-2702.5198738203694,142.7135223256752,301.4657506481481
2209.2397299038935,-2097.29552534986,128.05440817822446,322.89762319532895
1365.1270580703492,-1321.0346001425821,74.52536085621554,320.6576221781046
2450.8416342317246,-1620.9680917408054,222.90515705831663,312.0953153375773
1504.7478641963535,-2085.756055663335,143.94913291238862,308.7318770736453
1737.5600107214568,-1603.6639454721399,132.84493998389442,327.0428065733464
2654.093823616512,-1413.9222240602928,154.65014044265874,331.8626809503894
2079.7155432153386,-1162.193863601451,245.79726436689515,310.08911010936845
2162.171514057647,-2436.611251125465,165.51321624342438,326.14332598730283
2775.8721892102753,-2523.792544679649,141.6145596564503,311.0079177396703
1116.4248149833127,-2400.151793820339,230.77316731117855,337.361657324576
1448.1230869388783,-2732.6502082575344,112.87351497092942,302.826949291622
2770.063395458312,-2357.161455706455,63.37883129702102,301.47365977381895
2614.4183507844605,-2210.2082827829167,114.56665792890757,320.86201942950146
2707.2797075750295,-2091.6556534167858,72.05640110779919,318.30486280554226
2834.5840160088164,-1766.017618436505,111.78775766840256,325.2367100298799
1767.0809300439196,-1176.8885963131786,2.228652218874206,301.7847622498441
1844.3824546014307,-2750.9354255283915,248.69403840350083,297.65295224075123
2855.5192710909846,-1257.59822391318,98.55784863821022,302.23435156471044
2969.8667429084016,-2819.3568841913393,91.04540755510055,334.0794431755817
2603.3443875760413,-2434.249602990858,222.67860724256718,329.47325509107486
1448.5703038295399,-1525.629901401728,126.23246158738607,332.01069577683455
1407.009060875898,-1599.5113216303407,180.83474839121692,297.71571317046715
1250.6575944208082,-1763.0312398689575,49.38045508695059,318.96962869136445
2765.7137687443883,-1408.744933749833,31.61456498030506,320.8082188248741
1115.5812850410657,-2859.4168699605725,46.53509475316891,336.75323285266154
2773.6637437518807,-1130.3737284410356,219.12999977378797,310.6048016376614
1357.3037323926558,-2277.016191997228,40.87577778992894,321.92291060461287
2199.8907473057525,-1601.4417656830578,207.87201935482463,326.22553803453013
2801.752664404233,-2407.944804087738,85.72562386045861,335.8079145941176
2390.251693473628,-2986.2978754897645,259.1697152790636,318.76587377583076
1998.3451922952115,-2873.058354234093,180.32458908098297,308.34277042243724
2686.2650522971417,-1476.18859535666,137.35869974898495,320.3450426073915
1904.9019158357628,-1827.7387649660834,205.02411985680095,326.8302387813949
2988.0623489425975,-2439.0132671906836,173.8242560929577,338.58192651937054
2395.3823741535675,-2253.0931928883874,207.3211917911755,297.96996694152847
1540.499669905399,-2565.622512677897,70.3276978280552,328.89908891708205
2564.615843360848,-2214.6505590571755,185.01814654651784,308.3571825170657
2250.488414372394,-1329.1543030714288,115.60947540919591,337.39933847583245
2003.624979620466,-2125.9407201851177,52.65300091912535,339.47090751446535
2465.108268656638,-1455.3144927358867,140.67170814387504,319.464388959944
2704.8964070022334,-1001.3542356882374,173.63705021347806,339.86100465809085
2101.639106807714,-2358.962728080223,138.65932217326676,325.53039466975054
2737.264116236397,-1762.2157313723114,211.46761799936795,312.3469474333276
1117.0972200636625,-1998.6319602927615,169.90848430622074,318.68630489925334
2555.866579995869,-1910.6763231663958,3.54258479694737,311.78372643696673
1193.301660779729,-2596.1393751890046,225.14661737110845,320.4664526240581
2064.1812920339485,-1763.206375093782,112.14143898927712,299.57437560137504
2410.1623671556977,-2690.7563407903626,61.8730986404626,295.239272076081
1844.334771863998,-1033.5010137746713,115.6342527582072,316.57541623833873
2094.220339297166,-2321.253049566278,198.40193866265298,312.5148889487457
2955.028235214336,-1096.8634694925402,-9.288297961784313,303.552907403197
2353.34069227466,-1039.9993364342524,136.30865353457597,301.88877318348614
1119.5456810663109,-2821.800260054367,163.33846456261477,332.62274567022484
2070.839937631969,-1569.6305697592832,127.30766950278812,297.44323547215765
2552.888217961924,-1314.3048510083727,187.70937177820264,323.16090148277584
1882.1741598289466,-2950.959120925052,236.62535743309812,299.9261113560331
2178.614882956403,-1602.999423043236,33.754291455672764,327.3091554216439
1481.9592748543523,-1603.5181252068146,204.36715783017772,325.44126218728377
2636.355862556807,-2740.8485997323014,237.68685716918682,295.14975166226554
1208.6988981631225,-1385.04633194863,89.35082148373498,297.6849355809305
1660.3158293887886,-2859.9932182602347,256.75447339073986,307.33540040072484
2374.152117884566,-1870.433050780022,257.412059998578,306.21936644818015
1453.6335752870336,-2256.771398569671,115.58770012923097,334.9314591627069
2285.7549632161927,-2889.8704635195472,-14.529658932713385,338.3280392036148
1340.5331386423904,-1071.0083155807229,-12.740666104775853,333.89606725988034
1762.7554225613458,-2225.8590529190096,176.03744510535614,299.51331942992584
1509.9046146466212,-1640.0142591703573,16.50536856832438,326.6390207477708
2732.7265421024713,-1178.2249568966483,217.33497987360406,335.8669070122735
2494.718384152866,-1444.285642589137,103.14593107999075,304.9392171029011
1426.736917696996,-2902.7230486601907,147.01740472007077,303.1681833165279
1725.1349369047439,-2122.235926390138,162.02449923373104,306.89717671062505
1255.0805448711587,-1953.6920298847485,16.733339639165646,322.44144145764227
2870.7249163902325,-2285.4897939220664,50.799292638884864,296.21259381084366
1153.36886013887,-2608.178888807064,1.5726076099677115,315.8897131967996
2324.319626698227,-2417.489903533852,250.8969788345437,297.4982351523116
1510.8849040671828,-1146.629305366516,240.49500359066354,331.1778650594034
2799.17476815601,-1990.8766243672685,159.12313365321853,315.7098848986481
2401.189678505717,-2500.348222111565,-4.773867640177787,323.3212965084678
1361.201118981941,-2790.4272658308023,13.175782178155963,337.128901302523
2285.4948728690033,-1569.2013915304294,126.79123427218678,301.6510632946531
2328.5525887785634,-1384.1454719386104,45.74268604834366,302.65615509043715
2080.192481693838,-2926.088038837954,21.295452121687255,324.76880985637297
1208.6027429051685,-1908.2792471559028,197.18184729327248,332.3088853944106
1626.795138941164,-1260.4951038864715,105.92366734289988,313.48760422562
2060.6179082717854,-1233.0236164392152,101.77394394249424,331.7387956681646
2370.7729252254803,-1098.6065342247277,191.30669962378377,325.7261597926651
2960.43344252066,-1170.7601864465114,254.93835449369016,316.3815888981696
1778.0925599080529,-2317.666042489973,123.21570881358116,326.92302904034665
1183.566580693163,-2015.0910070672871,131.47915094259767,308.18730550343435
1730.591040097948,-1271.7022164605999,40.77604795533601,334.47909768334137
1041.9315466824678,-2407.454533828707,1.4799063963263919,313.5912330996284
1539.2578203355292,-1122.0944869984091,204.44334126449647,310.59990994897345
2436.50853123974,-1705.1797769906843,80.02533692847078,297.7052087484001
2173.371494356674,-2372.858062765584,16.975305714905733,337.54667288579907
1700.5324718498564,-2478.592122273568,114.75212825260124,297.82272567660834
2602.007241496587,-1443.3250474765125,204.0257298030878,315.50714352197724
1033.8518625011193,-1877.1832558848903,188.8107687344232,337.98732747326164
2750.363395640204,-2177.892032298273,252.82483611128026,339.8972230699918
2599.0726793342074,-2229.8486055026233,56.20760285458641,332.73033118858234
1141.5480904513283,-1716.0275579375411,99.10869589746305,326.51830340619904
2532.076069792578,-2110.6095936546712,63.26577553959525,300.01853907201973
2257.720000295145,-2245.3207037239335,239.88487819558233,299.6464412428768
1837.2652875220303,-1627.485728924558,120.88911484906976,317.2599846869842
1107.72411169644,-2600.7743645745977,225.85495809468225,298.50439692602913
1129.2802856802577,-2640.2832778676407,254.54167949462214,298.9272761122619
2932.247890967093,-2270.838109700064,98.59040943014713,299.05486753757816
2156.923210065527,-1922.7106013055356,179.7249461829052,324.14831302652493
2701.999422112064,-1951.6978893672285,187.09930632155786,338.41140865749463
1485.4970227572148,-1650.8733356280488,173.79674963266194,308.36577664150803
1780.6639397524027,-1642.2228367625746,222.751576748352,327.74356603659464
1647.8465545406323,-2445.626863960396,253.88572802884062,331.3901339833111
1489.8358621716663,-1200.6825653810085,33.50736407032505,338.7362646924028
1356.0265969177913,-1327.4597108175958,202.7519001323623,333.70476897876193
2751.0892716486596,-2856.1454949698855,59.349307720553824,319.36041718791546
1188.2069678934897,-2291.4809516144737,83.96310450132229,303.2326306584333
2227.6941005471203,-2917.915685784029,189.43470857068507,314.5658330325804
2393.9949727202193,-2223.6691329668593,3.868328500571657,311.03914921993385
1673.5249690491494,-1828.1596061761009,19.71164467214608,321.0415382745671
2148.817759050422,-1349.8388146256505,214.50569056509582,326.56209667965396
1258.1100267279871,-2382.8948556208816,226.38435369722453,335.78822094993507
2832.095029608581,-2906.4958402114735,12.215924836495407,310.44683357227467
2384.8344830396604,-2730.0803538550736,166.88945881916078,314.4008157935335
1298.1842148239095,-1037.2952934245195,171.0101280142354,336.0219710367147
2769.192782954354,-2160.2261222507796,74.9132475888656,297.4622322849812
2861.934950506846,-1962.2359155842553,248.12089434012478,300.87948798653815
2242.7463249047287,-1480.7622857336394,91.78090261748875,328.59139302912337
1762.9955745731431,-2790.6773697000162,158.37254889418116,329.40193330157626
1790.9032103351212,-1616.190093208033,107.80547695406929,317.9969744917795
2864.560971064334,-1102.5255584302527,19.301813708075443,323.97065581019154
2150.8651874807574,-2418.2556230996697,-1.295537979707456,312.4151810313013
1627.744082714759,-1662.5150876772045,171.68343020744842,329.1461429087737
1105.3676929252351,-1760.4051138841849,93.18754451951158,321.55156914005505
1352.55213995833,-1737.468188702876,120.70640798625524,306.6793911179967
1893.7250447114122,-2765.504886593535,43.84934364899241,314.74625608686745
2158.7715362704084,-1345.4499770418886,117.88417047012575,329.6811747703553
2514.4603130805185,-1380.343229792647,208.23545249163888,339.71731480783455
2992.183895427177,-1711.7022440916899,243.43148646660057,296.7537882617266
1235.0609055582468,-1618.0009348740184,216.32313322211687,296.3976939381323
1896.0805383806278,-1075.9692897738146,119.37113154798055,309.9219046578484
1645.946162262145,-2065.0035845570274,105.63629237670784,333.6718151911153
1746.68549417686,-1638.721490108169,188.34594314263717,310.96146792230434
2032.6068478017405,-2337.175722728249,25.056560026032123,300.9299793720598
1788.1945322617516,-2069.146854968827,65.70272243064571,321.3224687594804
2109.905424397399,-1969.3459436584217,255.18198256998176,335.5397764493156
2000.389056531268,-1928.230779781392,124.45185029131474,301.83304172184125
2588.2754502128428,-1424.6549796406414,119.33567403764312,324.3173127352184
2194.7860884134634,-1599.0078392853077,175.80117954470663,328.2168350489857
2731.726399436001,-2387.3266456337833,127.85773173571943,323.30847240909634
2189.9637560936235,-1136.8170607827185,147.11296977784932,309.0076110184591
2329.206369026092,-2636.903890890933,116.37702707550133,311.5033516530169
2441.4436931593364,-1586.7265519494663,169.72741886337755,339.66782982102546
2676.1119536773067,-2849.887056484759,85.87463523602719,300.80462614470287
1992.1024793739703,-2341.6817326012406,199.3185749043621,339.0093695384671
2427.5767331712723,-2264.482919964021,108.00188456696011,325.4345724545789
1981.8081139726567,-2852.6335870063217,79.8795130963406,316.8456249572399
2476.4260367388033,-2712.2546916443325,-10.04969036905841,295.2496095350902
1562.0596577711044,-1429.041959869444,141.01308249780269,307.61811140293827
2408.566109042048,-2388.732072507936,25.64827758491984,306.16658103018193
2516.1701671965707,-2631.4530541853765,73.35888665063196,331.8551626575913
1846.8271336453013,-1272.1923616748172,179.037441384954,303.6696251807963
1080.5398058615701,-2369.7591801848675,6.8411413172667395,323.97006822507007
1775.9038960624873,-1405.146503223648,207.05596959479536,322.8874993524051
1159.4699179104628,-1407.1148637854862,116.9294157822413,302.8055471059
1544.7095323622498,-1511.4929110426006,179.93528835809923,334.4461048185649
1552.6360526098765,-1193.6092794429148,169.8916846989,299.17924927209026
2067.158670572058,-2267.732196473997,244.45510938262066,323.65065751211387
2267.689589544701,-2809.843416969818,170.36373430160987,321.65870604565924
2576.5780720907424,-2123.6619440456534,235.30753332282117,314.20999445370126
2406.7217868600937,-2646.4319417832794,156.17738177988616,309.2783024562326
2893.8940528349503,-1600.0778604408415,14.531193730625464,338.4782150999196
1556.736108208302,-2131.281195790116,198.4183518999208,330.99037709420963
1422.2750201556328,-2884.664860623763,58.139867314151445,313.060517338364
1952.0135374864985,-1674.327430425314,34.178818926404674,321.2811195666536
1485.5536804404842,-1330.1995139370206,191.2029906327365,324.4322108627867
2602.6253878749767,-2263.7627236957933,214.70363654082422,319.699403330434
2522.5629066389797,-2210.4199588338593,183.23313191835896,331.58567577246123
2827.486113389305,-2817.011969524813,109.06776847659613,305.4314641016591
1482.5343516179785,-2542.816418652599,233.89319923192227,296.9031864123494
1520.9271605598633,-2115.8388321501466,98.32218416403829,299.81946907354376
1392.8991623624693,-1518.664573526531,195.31485531333874,317.95962790394447
2636.2888510665985,-1000.0274272023992,148.36920274133612,329.27026183704567
2326.359455753327,-1159.6149836077711,122.6078833118413,318.27381367970565
2382.8156577249106,-1569.9401243283937,38.08767542268994,327.7854517245523
2813.6893707091995,-1214.053700525487,14.33087188388636,304.2737255724744
1069.4948876369829,-1709.1926664860707,158.67693673750762,327.271294280295
1952.3415077559926,-2888.72067423041,29.60685162036053,306.85440398790314
2134.9814061296393,-2241.7934633506156,185.2214392568664,330.36206773180106
2919.548192897327,-1398.8035635125789,66.01404501266677,302.6986266445841
1630.4320222169472,-1629.6382477649981,232.4219937500699,302.95487156649125
2954.0159813435284,-1835.6611780804699,239.60384877740063,296.6168265830138
2847.199527679597,-1920.3270285703652,174.61504510902625,320.5745043923149
1805.7822848734431,-2265.0615977416164,131.1937068959723,311.822042074945
2508.0470712683664,-2965.0820412152057,175.81496638099995,307.4992859718509
1062.5748042893117,-1193.2576805337067,91.066629238679,328.9937339465488
2383.9238085699963,-1255.4854554292185,93.29131249055484,314.5292638635025
1345.175796756796,-2115.871884764793,158.7989235546801,322.1853203095925
1114.9062712551463,-2831.186102289724,0.4266285826341587,322.5465751877758
2455.991707358493,-2604.2930112322656,156.17171277596142,319.76286028187275
2185.724585400297,-1270.6180756476501,-6.799027128804944,314.66390588659567
2513.9310227399283,-1855.098401879703,126.1407156507581,335.2587289467747
2879.6636056471207,-1737.3394941817992,224.24010954257653,331.7097141416873
1375.1843748215815,-1660.6137417217647,253.65387857401873,310.74395354143473
1385.372919831309,-2776.757295531464,15.194608685151316,298.8546498390635
2388.5316433417447,-2097.496051199629,129.63751513566322,336.3132418352106
2803.473597012934,-1012.1128883769186,30.361338712574934,331.5002598663642
1936.0876835203292,-1268.4096677104899,147.8980373354187,337.6248857582618
1942.4359544013125,-2549.2950684477573,211.9994498860351,301.2085256734854
2500.720581720643,-2837.240181655662,37.27157815108822,321.3526355556697
1913.5384584563308,-1971.5663965520853,247.0103920771001,329.05027602948513
2033.1494621949385,-2496.3935690147287,218.90675452156444,312.2509993420216
2458.643815051081,-2032.5972221293794,130.1385032113899,317.25911614657963
2511.876772811411,-2877.8516328391456,240.23230831481325,311.0100670875068
1412.2923741545783,-1505.9711587263569,96.71680034485202,322.32364263660224
1581.5059855111376,-1717.0361921985564,19.49518031580085,324.40524757361175
2436.38915247056,-1040.9235851296517,126.84770628809062,318.16879621583223
1517.5337633862846,-2119.206770282016,47.13114634065658,335.87065522326475
1871.2965816998883,-1243.5745695712558,35.51824318462323,322.84914781829735
2178.850548970937,-1227.5447297239361,82.50690475812947,320.32355305535236
2011.5737585339548,-1186.645798557698,163.6971512405059,312.1626807024051
2057.3784110033525,-2802.955365033273,192.97539354221072,317.09870438376686
1088.744436931652,-1642.3995314741644,101.38083777225177,297.13254128784195
2942.034101741847,-2929.775544381398,199.93905026556263,298.6450299187108
1452.3768783370065,-2776.4537217593893,220.0493030340413,324.7595776286209
1366.440521689513,-2783.455543184874,-5.605389139056053,307.68246185953655
1252.9170491088298,-1988.798935185103,93.60853376945624,307.14109075510044
2084.1594274976533,-2157.4399224781782,227.07233815908975,330.45961611080327
1099.2397746843833,-1469.7170238849615,248.99286674767927,334.39617570467584
1149.006500526292,-1286.596591882912,-1.6520441076948558,295.3104239979616
2509.8303270228726,-1280.1358171844415,256.0702929618978,301.80288640797875
2232.8142789212066,-2348.050829354859,247.35127161143095,327.5457959005487
1614.2884261442493,-2318.477038222073,121.95501385890469,295.5518762752167
1181.7374666462733,-2831.0331736438648,202.92657927158336,307.1669091409657
2430.0966023564215,-2359.331771676415,54.00723228885697,301.1102649935257
1082.3789140231831,-1871.1914672471248,4.818449413333532,307.3761559393663
1683.8825242056425,-1607.4531605197533,8.242428474993666,327.4066321463924
1955.6967070311143,-2744.361982395151,248.20325705025243,317.71441430460607
1696.7257535481544,-1311.2599900636458,33.36811237125636,302.7018738559113
1741.6691808856338,-1303.5391391661328,16.36317070460352,312.1048378233117
1234.4432983761033,-2741.6906300121996,132.78126094783397,311.11075933427287
1634.344582018683,-1783.1935211810214,48.17650550074631,319.2696745629452
2984.2472885074712,-1960.9016348721043,-2.6858699464072213,311.52057707202096
2347.835293959074,-1324.0073538602278,-2.6026099974289956,322.11304155016575
2670.8251657252713,-1195.6370829974835,186.7411963455733,314.8325747069675
2143.1942089715903,-1934.1170283800295,16.169423381583776,329.215691033627
1580.3583120537114,-1623.9074509699224,93.50449484551046,311.5973076746596
1970.3256198935928,-2670.992087286944,33.557809386289705,319.4107667519605
2752.1320467377936,-2940.4495199182875,-7.878689912875337,305.743426132056
1146.4578614743207,-1384.4937613646705,175.88965063943533,295.3594689577901
1070.3384394344826,-2054.132560346501,85.32610752169931,320.5396450177732
1586.5200626466064,-1667.810654149582,99.25869423257046,320.0849857907918
2562.8842441669785,-2450.405369555724,43.31475608221317,297.5207612422133
1005.1038628998108,-2833.1259719493573,139.45462060665312,329.1802632284083
2790.7980632772233,-1873.8500044030607,138.24320861668497,328.7836891497507
2428.7035245523307,-1597.9297276925638,93.61034399560276,304.9971813763761
2805.8874008246894,-2743.5619830330916,250.87532201924608,306.6923481397155
2312.462613597103,-2757.1392343516463,100.04019074449782,329.4459464442941
2677.1043402256364,-2670.415459940023,177.55936410878527,332.57084104271263
2275.607316001925,-2491.7485062946726,130.93211578611385,299.7991134839825
2951.6181790316364,-2518.224362210502,84.71750133387702,338.76736199017245
2862.751608513234,-1547.8839201062278,88.49287560462345,303.8874750833277
2709.257810686874,-1813.8033288135784,138.46832988684739,338.5612106151827
2396.191948498664,-2400.519937958201,40.46286564739223,328.39637019242554
2758.198555865437,-2983.967527088358,-0.5151433031105306,334.63711252428345
2446.654326600983,-1605.606945586766,195.94215192506783,329.6040937479864
1186.371380473218,-1131.3708239595305,110.97323445920932,327.50723063096507
1332.3779131421875,-1294.8506922639267,121.20786410008105,307.21759081295323
2944.5263119413917,-1175.2205684974394,245.34192000536711,327.7464546758317
1825.8301559442807,-1547.0215661428063,189.48829341961843,324.8979988216059
2174.3283306523936,-1699.4394386729373,184.76859708534755,329.11935552338514
1942.797210063844,-2237.5881406634326,148.39734477852664,336.8240878219759
2092.0533257047296,-1537.3829516452963,157.63608792200992,335.1844452514619
1199.0924829141677,-1735.3105815381966,51.379446919718134,305.8346280770025
1567.034898938876,-1171.121279591831,33.81503446388359,316.3957119562738
1884.2865711789268,-2934.8310149899535,205.22940424659944,336.4573168800259
2025.7712326847084,-1423.2824398031019,36.77573962109098,308.67852401662583
2474.651418351372,-2201.926083596828,207.932938858885,303.3973034238862
2387.217626428299,-1857.4109958591828,33.62880516670129,333.2674439913802
1570.9224093057803,-2455.553586794316,151.47268242030407,323.98079176562055
1475.3071115460307,-1823.3084610679616,153.9981519453643,319.5639130745531
1729.3458387601936,-1472.2851898901936,147.26339678744705,328.4406870802036
2964.2003820065256,-1520.9731880765391,38.889470530324154,331.72714114328755
1272.5940752767788,-1026.26692870751,198.21938096920388,326.1040422063069
1576.5520461110955,-1184.1314393696505,134.4284142270866,310.6230164421842
2703.457790456293,-1216.2924366258562,64.21228988337633,336.5422091345801
2352.292699887792,-2854.772508614466,63.31242525993406,323.282745578896
2463.2729564270994,-1754.9425840871218,208.43536987846244,329.8858225022298
1877.9584567744832,-2308.309384828969,142.35263939230202,313.1591375731952
1286.6983614341193,-1936.6186528084029,50.52712380909627,327.0419474997872
1615.5469685961039,-1851.2889804094382,150.68140923281018,306.0541060346317
1498.6438645472476,-1795.8787538606164,54.34196007222829,299.37592621614095
1681.297227176289,-2691.5560222922086,173.46842956355118,301.207333373496
1855.7456819893416,-1301.2217985954555,96.53558867486703,311.39907583365834
2566.4205019291644,-2944.195521247021,61.54424561786611,330.18524897609285
2606.2227646200017,-1259.5912420400277,204.47653401324052,298.44666553168935
2054.976294982509,-1577.1779685626675,44.7916119708252,331.41889717167754
1369.7490033941945,-1859.0140190722782,53.897530066273546,298.91900405528537
1830.0345713757251,-1507.1980651368588,171.00579501095004,318.82748995227536
2243.7850608560198,-2169.8004975916106,191.09067399307855,314.40748049216506
2230.683394660449,-1667.367286432717,224.60893858704026,324.690764972669
1009.6665544588403,-1804.2287513297229,167.8006218660648,337.70872997128225
1287.686965558739,-2201.182317173544,49.60931414904043,339.0103807427878
1806.2092236561184,-1686.2519837945113,144.99495832135065,318.51752336267776
1839.0449083605854,-2815.4627632891525,34.400098070611236,304.52105694766925
1954.0188044407296,-2416.8798962216915,213.30458182616934,310.74154366580086
2551.0863074122562,-1900.2174277335303,59.44167362279158,304.80421089806697
2153.127128007449,-2600.4639183255235,72.07788420995169,320.29637501425225
1596.5965883486092,-1633.0598580888914,137.78230731739006,297.3625513285024
2942.9456862039997,-2865.9489714331003,160.7676877476087,309.38361269811764
2930.0494550772873,-2680.673605623927,52.501071479941274,306.35101943867306
2471.978376599654,-1815.4598609207055,206.394674159572,334.3284225304406
1410.4239606987246,-1553.6798339514753,177.38540348067784,299.2716074441661
1355.617483620546,-1423.038422443085,170.0548352989454,314.6756261370868
2364.41446593994,-1936.378790404176,231.91932167872145,302.02597022717737
1352.9134674252134,-2017.6068915418314,148.12625418884934,322.8307562055874
1537.8707560210255,-1285.912246264988,22.75434751741355,325.7576351180997
1315.4698427064254,-1120.15865308796,77.27855701161117,317.03734346090926
2367.9301814955097,-1516.8744938547957,-14.064126961952978,302.0409080256283
1799.8989457036334,-1826.5861613865331,26.248420458145887,308.53970204761913
1914.437587456149,-2684.6210163438864,4.521518053032409,303.827110273488
1183.0354522766604,-2222.3780382000214,4.7177965506378285,312.0224349123061
1957.0195353870613,-2421.3541062106237,0.2404966719872359,322.7446330248114
2050.411479930388,-1400.466061826262,200.46452379389675,337.4180394797145
2622.8164024413745,-2519.4201363736283,160.0681525561221,301.8689113264169
2727.4736611379894,-2119.712444885472,40.49036899578303,312.582364978041
1784.8421775120446,-1931.2067381074003,223.35298451910697,319.93494137902235
1755.419953677421,-1043.2952095930336,101.32926900875212,307.4718967183661
1011.385847703401,-1559.1190265713847,214.76420669007922,324.8622412731234
1094.6731481533427,-1116.3961195320317,172.34979766485617,308.76718131476804
1706.961451759646,-2575.330179251269,188.98574067636272,317.8639203998465
1304.0143641434631,-2565.990064380835,76.72764360622295,304.6727443661663
1962.9291111604273,-1256.2552810405998,155.86912511101966,306.3286946770608
1491.608996890251,-2007.4370625489773,111.97079058683508,304.48049424784887
2424.351542857541,-2583.180466154669,29.787435644682432,317.28978551863435
1587.8393138111032,-2566.6535503692185,-4.008276792101542,306.4774304479281
2384.4890249439836,-1219.0163854050118,202.08880091539987,303.9294686359389
1705.5930769150987,-2807.2605085485725,84.3050619828209,329.21193387872347
2247.6823398809274,-1404.0506500913011,103.64107100765908,332.8198692810892
1500.0730513422127,-2325.778951258102,193.32065278922585,296.2837859931468
1079.6481882532084,-2297.2232816858445,128.78342122131988,297.2008737733422
1838.9317328710345,-2817.221036967638,119.33254167461428,312.2955292495135
2883.740550232796,-1465.0421429587775,223.9056517691044,314.73961920216925
2322.3086868882874,-2735.9687865549013,151.87520288662412,313.23610175711417
1898.893606881935,-2164.986448094578,220.60861678069313,331.89995657306935
2019.685166605013,-2403.3023371682766,14.706020131764024,315.2169147709975
2170.8514742581956,-1086.3560079728368,27.15607821910063,301.14214662025694
2600.886458458473,-1359.4606929126066,75.65247422513514,304.66151769630005
2930.662940359128,-2289.3209859715244,144.63698435696554,337.06662304317996
1334.8429701965754,-1470.0238840011698,144.55236896278367,331.9853228306099
2574.0804932464353,-2516.1273797002027,223.38087894898752,324.4575038174222
1690.5035366571756,-1620.2496853555176,80.00117848444653,308.1951020938536
1721.6690507157834,-2038.096350814329,185.00154114635828,303.13146877060746
2531.096815582425,-2871.4725380503755,132.89788491648827,319.7491640415691
2937.38685008207,-1637.3746533827025,148.02533116561193,309.1337319455233
2381.8118549486026,-2956.58563967171,103.92769632138372,310.8809958354436
1118.304109166231,-1291.154801154255,119.52866565146428,298.49440066805874
2127.824535371862,-2126.615816106112,200.19619074754235,296.04969335552823
2013.6331675749211,-1523.7569739613855,-1.8333408473364816,295.978601033551
2166.345159876092,-2745.7699707544225,126.25653632675409,324.4735446380838
1219.328932057137,-1843.9737882632294,72.65327263460398,325.9857379718369
1277.3981143100577,-2112.1823505919633,116.64650778814868,330.9442086496091
1572.032068628174,-1994.854121357226,154.09781081074476,300.8907866205728
1323.7558132024312,-1105.5836323772392,9.591219936040421,297.6461428868608
2695.93143146521,-1419.222838965482,167.7246331786521,303.0161158931865
2054.713350453405,-2771.0582555450387,223.5533476619393,334.3373955992805
1297.6901231755016,-2142.3142080830144,9.312810577092236,305.1934145065025
2472.572850158126,-1901.7314927471925,54.5658519970159,330.85336908102965
2327.1041825781226,-2512.2601788909155,189.7659880383473,297.3603389579046
1210.998507226782,-2774.372787900217,244.80821886697163,327.1493176045233
1358.7944334517474,-2983.551837015533,239.09713978404812,339.66565674745306
2470.041072194186,-1169.8099656038787,192.5186616872291,299.0231664069154
2529.961674263951,-2490.083661081216,253.48641871955397,296.919409986682
1121.4413031756392,-1716.2685712706452,92.31140270156989,329.7716753937032
2718.2558922536987,-2873.7542440191583,119.84983632845018,316.3051141964879
1322.8943076639475,-1297.2584805400331,-8.846958445001352,298.00200400847
1196.2904949216068,-1036.3904324069972,214.7706554201354,310.96932239581764
1631.1444072575114,-1345.8251756211791,107.25936767053098,332.7260927054448
1552.1833764880612,-1755.4081852060458,106.86266665137018,301.2716836475661
1686.1908338204164,-1517.9052967566302,72.40340885551228,336.7675585481861
1735.078287032606,-1656.0480050203143,85.89290492443422,305.47698059850376
2703.606142738886,-2409.153527045576,45.00943365793643,313.2986650907454
2059.3007112569976,-2540.5227301015225,129.2345041295523,330.4881086522795
1131.6005903192793,-1230.5184706919479,177.68486965731722,320.7785102555742
2910.351359462901,-2335.2541042539374,15.218843689768065,330.4854813846872
1406.9386414178534,-1000.7880087465,108.11511921520916,328.5078030796358
1064.2731932981371,-1034.1303800806438,61.73409812704605,336.0963491783045
2482.203049495375,-1373.4441533522886,161.6993043282157,299.0003460454355
2847.5991161153506,-2187.849969206408,144.71719933584987,311.45166978094653
1862.3565082796256,-2192.6868462524453,173.3557811239566,318.2977800651096
2284.2152685442734,-1429.2433364547426,185.9739206809862,298.17093121041665
2370.892197928473,-1950.4850701290738,81.26229529834542,298.5405376107341
2679.094298636701,-1952.1872192244657,68.59344118667055,320.037974282851
2865.2380963896667,-1249.7039375428942,48.72453569996326,337.4699787321448
1057.4862425891145,-1190.7739890505134,124.0060885426,331.95070618511846
1744.8276004498898,-1704.954815413135,226.83211686367727,299.0766546822272
1524.66581898031,-2249.051806991988,117.01249486329453,328.8070288312441
1598.65023532363,-2925.231222391212,161.67487690066193,308.28223533238963
2101.9795648546233,-1671.7271354877537,126.59131132463702,331.8606600565068
2977.0332525580015,-1337.5730334403488,130.83675834784813,310.3620881215875
1018.9711373762553,-1336.2547943375796,91.71576365466439,298.739103493589
1965.363436714522,-2382.9996381952838,-5.064890745966547,323.463180429521
1896.0619905722178,-2424.984571123147,214.2272410099309,316.07382495665314
2422.1862300367247,-1841.7526126003545,231.85234719929448,303.1210148630932
2923.1396305422513,-2792.0422970916707,201.359259925989,301.12887946940657
2703.668469411678,-2325.421413658985,11.807679350809188,337.95549042714396
1070.6957661642177,-1708.3550749130548,85.94518073793853,312.2851646983726
2919.042621288823,-2792.8365665430356,84.18165602440007,300.48325532378783
2488.1113768328214,-2156.8813704047484,238.3511973984129,323.4505771398803
2918.1127574924444,-1494.5006858693432,26.711880142554243,306.3992965893407
2540.7310151665306,-2513.489033779165,50.30305729053626,331.3029269821513
1038.2461895264432,-2142.352802442092,65.56150295287443,306.6267319452028
1215.185962829331,-2207.374365713689,121.3729706690603,333.0957751831592
2595.9069359002106,-1952.699423224594,108.85305802026042,339.4105319701143
2725.5296456043716,-2763.5213678070463,80.95397764216489,306.38270093488103
2242.136182011901,-2308.673902960364,220.2234523202514,316.3459379231693
1040.8374906178772,-2833.574861454775,236.2955217058361,326.73239191633144
1016.103586226933,-1333.355953347588,24.452713852349675,329.1079039036316
1921.3693005333562,-1335.8825111425338,10.084357206013237,324.2858920718625
2650.199350119772,-2593.9685947793696,60.38302093041038,323.3004271654887
1976.4916824297031,-2211.2097263327914,13.73929338465901,317.5823102400054
1320.3280445058178,-2450.7005772738403,37.837304517577266,298.6293969607997
1549.1787165302937,-2414.3033765680007,93.0194466384631,301.7470861882392
2193.8614382490855,-2848.2744489673314,133.2154629347931,312.093198792206
1684.9221687395082,-2389.365224253098,146.64968956926256,312.0766253258149
1963.5652427856219,-2551.74212970142,243.79781258379495,306.93004706674714
1467.3182257844587,-1445.2460969879508,29.793144993038098,323.94758396602754
2508.31265423939,-2123.2305583841835,79.07428119017109,325.40679365999597
1967.9597345999412,-2152.1682924238144,66.31873012373002,306.40585433194525
1705.729968667822,-2837.5898937036613,60.64208264079804,299.87222317681227
1097.6231815326246,-2502.427800855748,11.368174828587655,331.77711915529767
2683.0320020227,-1413.7238039270276,205.17560159850973,319.6726002312904
1604.6891021332108,-1606.9568134388942,194.5607248297014,308.9833850876906
1191.7484255889715,-1564.9339722116265,182.62793420587067,312.7503975175892
1642.8459979188885,-1962.457844522421,11.146657568734927,321.422014985695
1909.5735916658914,-2025.3443432901754,-11.526180606349158,337.04516136711794
2681.594733371833,-1013.8542960203467,63.08254876006151,299.15705709156657
2155.693442115373,-1653.7756115499008,254.91463117305818,335.941242371724
1712.081205281696,-2868.2052165323557,-1.4259255808414366,295.81859660904087
2169.8414352346153,-1733.2317867031209,-8.086758100530503,335.480556941486
2175.161746214067,-1169.5540969449746,177.3995494838065,320.0456230147161
2458.0637700277266,-1678.7590224314242,133.4923414568156,295.8245556776825
1167.4128769144868,-2968.045444671686,115.81496990527674,301.83935519919936
1103.5449338678438,-2882.4593027208275,216.93946614884553,316.92987669047903
2705.1919299825995,-2265.9950639427243,196.36229034113128,314.5956700583741
1044.6938355979692,-2101.5184527079973,145.42978007852108,305.0799383065788
2422.6752064784205,-1096.0710223702965,237.28385404813756,306.7324011371515
1090.5034659486478,-1115.3625994479319,90.41581839545981,328.9806674634325
1494.6408247969778,-2785.867394030867,77.01962825720629,326.2396022006918
2139.778830675255,-1742.3418618606067,111.05735303668192,307.279342043984
2541.196565860093,-2851.683494313391,-9.195386773433961,295.9545310645624
2095.027156068816,-1631.7853854141376,174.386658485866,316.56387999908435
1429.358534142918,-2209.922082572398,202.95739408150675,325.73769257507445
1481.4150919848414,-2238.141068200562,71.17655846264724,300.8818689698787
1285.3293684545781,-2878.4683307307746,-1.117611978384856,333.67272247826463
1730.6922549392748,-1377.1585063733692,107.26829327547419,311.22416589238594
2367.548654682709,-1979.9439096506271,96.41600216912737,304.2157936252624
1782.8700552132896,-1555.7408474549634,6.650758922665592,313.8259403380778
2300.304018893142,-2831.797292181373,177.43052056024243,329.09986983224087
1357.400875619634,-1829.3486807967602,207.80851676398242,335.1705908045835
2675.37020277815,-2782.618400693678,245.81936390332248,318.0324849189719
2145.0019270931602,-1355.9832842088636,219.664650236626,324.313435096658
2237.9489224740573,-1782.500035480398,137.74446275375908,323.05185540764575
2376.2652136581437,-2707.693526970485,144.72265733676772,326.702429048866
1221.527159055959,-1311.1295543730594,107.01714232513834,313.3286846246941
2765.5452861115973,-1102.2835989433258,215.56194195573485,309.22983788629904
1823.196688209016,-2930.991230451086,84.22016444600689,323.9041795208781
1512.2258270650418,-2420.4700587234693,-5.531102068404385,338.0399477827949
1420.3308707024553,-1196.3144531352325,131.0997559476751,309.76719478453623
1360.5009247706284,-1419.035270421543,9.042010229357444,307.4124991024152
2293.374124999135,-1100.5450891193684,71.8810602063314,314.7562344006234
2196.430162977984,-1789.313239476446,34.37610060940612,297.39804602091885
1440.6294520022714,-2426.2314352715316,57.358215883990354,301.25640055546086
2928.6457419202334,-2747.920173509372,60.71720606698993,298.2943326427793
1422.6604240338384,-1718.1582850080388,121.24310038130085,328.31168096498703
1468.6480561124108,-2626.605668517514,13.104994834732619,329.5861871681417
2951.0524223301377,-2359.08760746045,-10.196483626106858,307.9717718216369
2923.6081748921797,-2115.884416834569,20.254127981412992,300.66838385892277
1166.007686500757,-2067.495747318332,43.04424644359224,326.62545310585597
1825.3103162138896,-1093.5112918142174,27.30311179377277,295.3962393703961
1595.0396301150759,-2821.0363108296665,3.4825532178982996,298.75566039647214
1892.961731892024,-2520.964996530794,19.523599306317458,323.78319402796564
2936.1991164539522,-1830.548443369779,2.4551416494054408,336.24054698473503
2190.853827220225,-1270.3609837556132,111.2437529719458,299.40395167701075
2915.1446788059416,-2523.946532746142,195.91722401678044,308.36823527338595
1791.7758891067242,-2799.335240899512,113.24459904559856,326.5641519807922
2761.0609153493615,-1854.128282808004,80.91699896474884,333.8101906658818
2151.685799398531,-2096.5877959484783,68.30038604629803,305.7782672261043
1048.596779234877,-1961.2554253446442,7.867223081518269,336.4210773735099
1388.1299855290752,-2400.1046470173683,101.87256239133892,335.6921707027107
1223.1736391264385,-1337.0777040438109,75.18052023128428,304.169975993763
1194.0155878204646,-2423.670219533226,215.52944112789095,306.212607041722
1105.6408830060982,-2457.4907293044444,115.5472095437521,330.197925359771
2781.4418319549577,-2015.5127818164658,259.7804352789843,322.9272916310423
1615.175718866669,-2423.3661318630575,-13.096911787774953,312.50124121343885
2614.0193861910807,-1289.0826078463442,105.46297111328593,337.3162784104616
1516.0624734320081,-1480.3473663115108,139.645370513738,333.2444273890176
1358.017951997942,-2259.2187267731924,127.5061659727198,295.69088826908114
1744.2303120506492,-1162.067124920526,70.96599948439835,324.2089127384249
1202.745876695342,-2033.7114253155223,176.79230605622263,295.6039542135746
2986.071162319834,-2533.6054342397183,183.60372771721913,306.9002425840178
2956.5519046168306,-1182.102297956411,106.45541747464027,322.53448806030644
2668.174652732606,-2781.436750239159,234.8933579556402,301.84015611278244
1119.28779167206,-1251.5961197914323,67.34611603621143,329.82424823860646
2001.2819451849487,-2626.873232329989,23.299240287168892,320.59990592036496
2837.2200365355343,-2687.6693290093413,118.11894337292415,326.01267698420816
1729.180299955689,-2996.8956738924217,-7.552289181104669,306.0834288024156
1164.0717939732485,-1896.307011430652,213.30902970224264,327.5772482912308
1280.6239404529176,-1360.8344402303683,-1.7807321401122707,296.862037957624
1055.2987067936747,-1984.989329789581,80.6118720564211,314.38709851536913
1590.1330947549654,-1173.6088073118328,216.35688946888428,328.29087572127605
1036.0961380274805,-1059.9565568204314,183.32877486070336,325.9823780062397
2639.8161626707306,-1006.1835817608353,220.76119149980292,330.99905693054876
2653.258447304397,-2017.2519712064989,111.05476274571396,325.13152602433956
2046.2749434542677,-1451.9338281786356,258.86122733384644,329.8915451870974
1420.7985954310288,-2589.941375858934,-10.937811992867205,299.2006364849631
2420.0218240070017,-2011.8297594925098,12.5850472143904,307.00983609209436
1185.0504061228517,-1961.2247750209895,144.55100018926387,338.3256253855476
2516.2518725903656,-2435.078249557191,113.40663659172071,312.4754066417832
2457.6887873822498,-2716.6490191432354,22.004493335154727,331.3306213663169
2241.0928538328194,-1989.9127398749451,-10.082967882074312,307.0717920619613
1828.7960926468422,-2876.5782901484017,87.36199941261974,300.4191818336397
1054.394469368894,-1155.9915081549714,237.60196529560193,314.0717054578849
2847.409814552564,-2441.7886592956065,78.18991167753295,304.75113824969316
2828.252262705705,-1859.0681011101774,12.21220740323064,307.7766790279642
2091.7953496621917,-2120.205292759756,164.5045343927904,307.71727719106417
2344.35964136682,-1430.4758146946501,-7.266763187038841,320.42897368005106
1754.2872333088608,-2903.834114950928,250.54581799526255,303.17908153452913
1926.1050537553203,-2758.4259979781264,88.33165172217369,338.02594692899686
2278.7677878154727,-1053.808514291409,-4.6567354134255226,312.59123224048403
1860.4164806841734,-1010.6321825830466,103.73472893716205,324.3661504275046
1939.2831617021843,-1162.043067544189,129.36015990603934,308.145408877697
1092.4815712280904,-2311.2590549620627,89.45471125280143,327.8564705079919
2535.5525524427558,-1812.8453286897334,185.64391995435042,332.4023685042462
2197.1360496469933,-1128.833286343369,73.22935611535054,315.6992753525411
2919.436079434348,-2861.1684050235544,82.45346302096465,304.7140562766308
1047.8184971771082,-2650.5955349459837,21.844718423525585,329.91656207140085
2319.074404445986,-1272.3993834930047,160.86106879224505,314.854439560307
2836.4027596178826,-2586.044966433591,186.77668214558457,334.00983574563105
1230.97859238904,-2207.3520108009266,251.4697577781542,308.13810435847245
1156.6467525032515,-2112.8795185880317,15.311425764033796,305.4786096302428
2431.525127120003,-1899.234183906911,35.670025669051256,305.70355429337275
1197.6175662854696,-2009.991648889757,13.340853554137773,338.42784632145543
1078.0131656835708,-1297.149122359923,100.52599852114007,299.00345254998956
2909.2471214378406,-1539.6028312907429,2.9656659996871824,313.94531933073074
1854.2396076883963,-2204.6029976609652,194.75776149136178,304.01919622277137
1112.1111632957761,-2645.653221491213,179.56163458273733,321.1214163396707
2185.911722669186,-1750.4631172744275,45.60473794710775,325.89541886711163
1437.036813263289,-2790.4860218274143,77.10494199568338,316.85846068649823
2461.968786413435,-2609.9520554794376,84.92877289605354,331.9109032813582
1126.982901565814,-2542.6124027243845,198.56353288955813,314.82025512386974
1908.5113196896934,-1398.5345856719273,56.90673353653098,308.253279041344
2568.7321418547117,-1908.551166128176,31.855536191841928,312.1582039036237
1421.0264456095315,-1274.3772304797526,25.311791412551372,328.22748966056525
2009.5361215073883,-1708.9220622653515,-7.006298038259993,303.0354984411173
2924.5184502591273,-2662.7769734752546,152.22857491081956,296.5253218754046
2477.7491664411955,-2098.1866790859126,98.04771753530889,318.7070562836254
2728.9491069204605,-2902.977149672233,244.1130760531471,318.59760415135594
2613.2742506202153,-2395.4663501636883,47.28116500499226,308.37462389709657
1118.710868796441,-2420.359017192321,94.61189919294492,321.4867023876591
1308.9158134813629,-1925.5743775082706,10.382579162145824,336.9680539462823
1197.9207323162173,-1663.4131155619013,138.26167224741016,336.8058046161824
2073.0506153905376,-1113.163182878281,170.9000604711445,311.0065552060669
2482.8488954692302,-2384.1783930019533,211.70238249250602,327.6194864705406
2729.7886032310853,-2995.0047733981282,47.89028910079589,337.26799555337016
2738.6158283279456,-2668.387191270998,247.22437844387616,300.54370619808384
2793.7635218105374,-2226.201515702918,11.945552898429938,322.6318591468203
1825.3368599711966,-1265.1176335534824,129.48582989258838,322.7625213532077
2851.89525324998,-2619.4158025932365,205.51791281359755,330.46161070966957
1782.6418449119465,-1868.5410522450013,131.08966005710204,339.07751638345127
2391.222443383256,-1383.5827156659288,37.636262009938214,301.28375090639383
2942.559423042597,-1133.595036019476,67.95450767084067,338.12161885818233
1038.0176196112955,-1602.730759221638,33.79303350874385,313.12769361890645
1179.709372349333,-2725.3816787570777,194.80207868601792,323.85037442162036
2253.447505673249,-1479.2528165343629,138.54882069351254,338.1955851894324
2085.4258834202824,-1566.3188596785144,237.48645697765988,339.67470571523563
1066.6670243214128,-2868.530966040481,-4.496437017862435,300.3567510959978
2941.3191303300273,-1411.9173761437337,133.22586182358575,298.98123897606337
2661.4732115596016,-1103.2886298725123,228.58366251250473,298.9278946243234
2023.7701793842668,-1053.1232576392974,244.15960598420122,327.0866410771003
1509.350742950444,-1709.184471927433,150.37789914072488,327.384318459198
2515.9571389128278,-2545.531329260281,199.90131737073844,312.59776896425154
2650.8131496293527,-1199.2157861521177,119.58670460484299,328.5606169743548
1707.0235829439043,-1076.3822089279047,89.65559953294222,334.7776988966397
1630.805444981129,-1575.3084462913491,12.799522159469042,334.5348562682847
1248.886123181412,-2978.4559335917957,101.0444160601708,324.75883087738947
2540.749049295694,-2146.133123358001,203.94351034839937,312.0733526384984
2971.7521307712527,-2336.6144256368407,13.334975819600956,296.70200767804033
2731.384932369947,-2709.4792575687993,19.00429723373577,333.84688122201817
1643.6153025280114,-2436.4541888326203,163.8904998514698,304.34749134211455
1518.6146969766585,-1439.9172092877823,29.50502539979537,310.52141812276835
2929.0016253679196,-1271.0845693497592,143.04150283942474,311.59245549673375
2379.925255461302,-1917.010377271109,-4.367475116442813,322.5020709084662
1979.4116579331212,-2829.7519790593565,71.05415332271009,302.3053004372655
1266.0183911586632,-2417.8550956107993,234.00804431972708,317.1240038765733
1366.0614523244058,-2108.592144558603,73.8260297114095,333.0983846397309
2216.261246652441,-1561.0930769598235,168.28146075933662,299.8545836543336
1481.554619870487,-1772.4388587244684,5.394133000111651,297.6754276936647
1050.7189752990466,-2127.484719983054,77.39515515676605,319.82130348766447
1336.3688602926595,-1696.188110859371,143.26182864519623,339.952947555254
2925.8543523062235,-1654.4096966827485,110.1711876994838,305.9397524816191
2484.539574827112,-1827.8056222212927,143.936188697391,321.25926045464917
2161.569823883839,-2923.9336634879837,2.475186292504006,326.9457882082476
2727.2858538998516,-1622.304512966837,52.58185031592258,311.67298208082786
1277.0499154298127,-1557.8330392053008,194.9839551894994,324.40496431707396
2824.1916830462724,-2278.819272879316,33.75314080275245,338.09152599998595
1953.8016417095719,-1011.6581799183732,169.89893802844932,308.57706143920564
2738.695474661381,-1365.9875315626991,45.192238255733805,328.95346696072085
1902.3337313165307,-2351.7955053024143,2.8237972022938713,311.2050380656488
2933.159910492007,-1518.4907197709463,6.597393368975347,325.45775598777806
1164.1159461410446,-2331.963397592546,252.57535153566556,312.9336173917081
2510.8191074291317,-1313.4829586456249,-12.456024439431912,331.5683413970789
1860.425996379653,-1227.7561508056053,183.18946658349984,308.5979669624489
1476.8554324120228,-1663.288044655965,0.06944392680026823,327.67895897209735
1913.9590354279735,-1875.914537109979,173.71622794525203,305.5921562548633
1432.1626360740827,-1040.8395910244722,115.46686875807868,300.76490171020225
2953.1859425517496,-2345.9592295661337,187.17464010465267,299.8187705377703
1732.4277023121467,-1798.5740445324575,66.8908249260919,335.6337782650244
1006.5041492539615,-1408.8080351823212,170.31177569492968,301.5097326727989
2096.9367782043264,-2701.4681682908804,184.10320987192532,296.9558706125337
1572.1110335628382,-2228.2465136792193,151.92045859018916,298.75558008673227
2652.2666685325376,-2617.854470229129,51.230092143871644,334.92839593938567
2233.777847437993,-1181.0410579536665,200.17359806419634,304.09520881518495
2653.567991368571,-2101.98815394273,-7.003411635934154,336.42778104985473
2494.9852359653382,-2927.3962191146916,207.78158486309894,314.61822416745775
2646.9432308762653,-2611.9863210569847,245.98698199923115,311.5907573291645
1593.970515589148,-2355.1765233563174,102.03370991101566,320.85918270663944
2827.2569735870907,-2563.4507318566175,223.00107363753136,312.04753836670596
1418.1789454436625,-2206.180447116524,147.19973707497658,324.4834260023019
1427.6269050258602,-2551.4329690927925,104.40298848139125,339.62930986263774
1989.4101642671972,-2593.849774363972,37.3708290100137,332.5887933041133
1717.2603694558243,-1678.592601111332,94.26867017626977,306.5669574936987
1954.5255686218547,-2022.1390807074176,83.73805910481751,300.1876853900319
1776.479127627476,-1808.6787930593007,164.13812403668302,327.25653120460737
1443.2998074247873,-2814.98551551524,81.84765033145248,327.22599017044763
2946.0321455509684,-1782.502346951481,65.62981964452001,335.38925079354436
2077.933070357123,-1290.4538224090759,192.323310487792,312.29975380782037
2878.2378294537034,-2619.259798652044,-6.379472611428774,330.4951263499021
1085.3869546831093,-2829.786493390542,101.37508697736216,295.5268437691147
2307.2813793087134,-2779.1415233773655,258.4104834938965,312.94210894706873
1539.3901355415605,-2076.4752361682968,223.6824211111968,331.4078903602474
1567.8283316247744,-1723.7406262954503,185.51935480358858,305.278150235379
1361.0932536151843,-2695.078504204089,121.32452626917848,320.5780264252907
2374.50732961043,-1730.3417236932662,220.04697662558652,306.46789568798096
2757.1091821443333,-1445.2231119893895,118.88334700578645,296.558483121733
2927.341102257831,-2354.772211318099,67.5102658020005,314.13975900887044
2363.4762549666384,-2237.0215406940524,9.637650868785112,318.8002429557248
1030.9169023084028,-1792.9413512352644,58.30543913713102,304.24158184593847
1747.1934441091712,-2211.747898581346,141.32230252540768,330.26694755198093
2412.5531678381317,-1066.6738798065394,217.65268723259678,300.4976611378849
1639.205482384154,-1275.0686735767847,189.7304309736654,325.501159171886
2606.2195433423412,-2386.292266877064,119.34854600075715,317.7622850486248
2050.835665968777,-2719.091112871248,61.27854983866578,316.8175315127627
2400.013326509162,-2745.99004907942,194.2784197395732,317.6153064728379
1222.1623203154124,-2542.5704610784774,129.79708582572263,302.9262161960362
1904.048593017555,-1904.7441453764725,184.82877570770358,327.5152484971651
2550.2209491849835,-2841.0733636345385,159.94551560067273,335.85859068555726
1441.2175677581963,-1475.3468191730526,132.67937047079923,333.6135193727006
2424.571649956444,-2808.0730510712065,33.19391918995958,307.0461067103431
2502.886799127601,-1577.2352769609954,166.6222831702452,311.34937899475864
2336.743874465436,-2406.455551524286,238.6685334999643,339.10789833738966
2496.3044356776118,-1681.6783165668896,56.414619357562785,329.3538477839708
2906.6512858335086,-2913.504461719385,57.45947737888777,299.9221724740204
2533.8146379502978,-1865.3082599389877,-7.938969587782999,303.5823427772927
2537.5043090016006,-2161.5533812412164,186.8837677883015,319.42708163395093
2584.8649163785744,-1985.5017082518475,109.52097160523944,324.9256518038294
1831.6786186405825,-1808.3829014392813,229.79830497039404,299.11073250670034
2749.5721501317676,-1117.5945066837285,215.28055708477606,323.36565579516275
2334.5962257703686,-1706.0077126052304,17.462222424546106,307.15819678010007
2633.3309254619594,-1376.6177314825968,50.09269998831772,309.3841870409997
1594.447601601274,-1954.6636159656325,149.17459844601865,322.224429070129
1624.8865855564022,-2241.588370921372,170.49681653593353,330.9516190640663
1846.6789858164111,-2158.6882138024393,26.168216020013567,307.2544674270669
2054.0977185298525,-1642.8529692798047,10.626245325777834,332.20229060354745
1328.7334821194513,-2592.4331902495383,211.8132487899717,323.6484473019668
2379.2893879141166,-2095.1204716853886,126.98076600723735,336.6712008948454
1547.102223167457,-1795.6456291868453,186.35527800709173,320.9950026178676
2681.6726739934684,-1211.577637634998,14.52268479323595,323.062826121573
2167.243510174091,-2967.540076620024,212.70917972492512,304.04573915810636
1561.2984445382463,-2335.8623836580937,161.52300265947858,310.306067634848
2230.351273050415,-2194.8917705374315,-10.774182008355897,297.5185628995555
1573.1549536878479,-1052.9754693145098,216.85449684596233,306.92280178567063
2164.065778849128,-1775.4897441125886,174.52292257334588,332.31571297011146
1552.0338041524083,-1409.608444605072,207.85482514926392,308.33959994795066
2606.591581757603,-1957.2469884390862,154.2229682801207,324.01774463740423
1158.8707871018166,-1574.8089502364526,221.0994890583666,329.1066147352218
2929.1756492576296,-2302.2008598081934,213.72626324531342,305.27804351141833
2654.4974732571077,-1385.1424906514242,240.3082435809747,327.1931327531967
1790.4049095311475,-2669.8010219922826,230.52855617460406,331.37208202794744
2041.971314570708,-1488.2060119133273,93.84459518966983,315.50691463325376
2185.48193187445,-1713.5884789055428,125.33863517816008,309.4952186776884
1551.1913613893516,-1348.1973699869575,196.51029334414832,298.76424301422986
1185.338403950525,-1947.424070570263,38.24288370948621,295.6031378694739
2976.2542227943677,-1563.596017990925,77.11333253745725,337.71143331116906
1389.9283108298362,-2217.4542382038762,155.15866111715872,318.75831794026533
1891.6515373468906,-2886.182115754671,65.70921753549347,295.0043249732854
2114.2694865436542,-1608.1468939355432,85.59095447351658,331.09505008822
2644.701103420929,-2716.151896262161,198.43110233563976,330.9341497104435
1002.524320257302,-1041.0155751293396,244.95826550910533,338.3367095684823
1782.0368392680155,-2043.2219452834152,45.40329655048623,312.49752970154407
2164.8687169075083,-1258.5132472292012,120.49407342148169,310.94853280040877
1532.2537517109117,-2615.081624393749,79.15353652326603,331.93734789670293
2232.9700125146182,-2785.230546771895,100.09383743882299,339.7863174379181
2472.689591284048,-2697.6406973944004,256.0083315837189,334.1677643764135
2587.496430489436,-2431.725333413621,91.04876973165918,326.2479583357928
2149.9723472848427,-2342.388274876424,247.00110274247533,313.35779637946314
1577.9948608658801,-2127.7847410831528,73.16345646167653,335.372569413739
1763.6468965060767,-2882.0787953722647,214.5160403450457,307.6196075548898
1104.9473548761348,-1706.6006394075052,144.96597413451968,303.7834541416241
2295.5610378806296,-2401.8769875696685,206.89913219006894,328.0349540015777
2773.222439435861,-2900.7158144898626,244.43028394785216,319.8732863480079
2009.320608618014,-1446.9949306846515,96.86051970081132,304.42962885207083
1421.3435949268219,-1172.233000797772,93.3150830442584,299.99412240969156
2090.147780696046,-2031.6406671639704,60.74619512172471,308.7347618852522
1116.0911660715178,-2953.360860853054,173.48458443635855,331.99555506289096
2777.1689219321515,-1348.6131095504527,151.6645897410402,296.4639893403631
2328.4978878689926,-2055.289184738999,96.90043486547694,338.79340902611153
1451.4928855085147,-2265.6613813013864,132.16373054902965,319.81960239304743
2399.4733787711084,-2857.0505215207595,42.80194132533408,335.3882464485513
2098.8976034021125,-1818.8405039259583,204.05334547405388,333.38965878632706
2973.6420788531104,-2816.38199394387,52.46675579836379,321.7336266875009
2143.4881881223296,-2283.422973107221,34.269081112678755,307.6478326614193
2710.725883291887,-1102.2485790475896,92.68553939268521,308.55948802221
1690.6591984567917,-2577.3425764981116,98.84546408238178,318.12113841819075
1184.5020303322929,-1156.7936706039293,155.03131284662328,329.24375381879764
1871.5956583430204,-1040.7614173353902,59.87496662131244,320.8131992089674
1675.848979640159,-1578.419014228889,117.58596644209541,308.0333166447506
1073.4945075538424,-2446.8914371520414,63.77687085619813,338.1627597687154
2970.4843145054374,-2907.2493322715645,121.467318766142,302.5278921636916
1488.5889850964186,-2986.399226331261,180.23093751015134,317.36988284712515
1015.124730539463,-2480.924372329583,109.7107008401411,329.1953761820747
2073.118433815286,-1258.6061493761947,92.24858658070012,309.02417766959786
1829.9050735542833,-2006.0918134045678,176.03094354822716,298.83567474283683
1902.7721787882465,-1072.171863751427,211.33013715848585,330.479865066243
2216.078269643293,-1589.7448190928133,173.72502135498576,304.34317654899684
1650.4087578451972,-1590.770714040752,215.63379232673358,330.87781854952067
2383.66669974225,-2262.248657826153,179.7623207843178,331.6215778217357
1749.1845702119729,-1621.4798975763238,214.70083875392336,326.66753841839704
2818.539725753346,-2334.6494170467317,38.293182321866645,334.2942262297494
2766.9749580180387,-2411.099607825809,225.0209670299514,299.80316572083944
1169.708430827077,-2149.6490511625584,174.27200766499305,295.07232660660134
1629.907897144361,-1532.1412976867841,34.56855099259991,322.0992942226536
2269.367892591495,-2025.2689530874613,210.94246876084537,316.9059966601706
1314.8506995911862,-1604.0358959657024,154.76408303061572,333.768604869279
1226.8824524411689,-1885.1773938218437,189.7319365834122,320.63021301491074
2717.494974513058,-1740.8330940182066,222.71560428577536,331.7098853778412
2572.9601186496684,-2551.341605890606,227.18728870041207,320.7683386185465
1731.0423893853965,-2294.199559412361,-13.850047640768151,302.2671579932811
1250.6949556328484,-2386.530471736434,18.604511163510715,318.7991486830979
2132.4882788335563,-2589.5406186252603,164.42921471596978,335.8470472124005
2702.590391252962,-2280.337874838535,-9.018754953241887,329.7820999719112
1751.6605178982513,-1707.8453739851284,226.0563198322135,314.3627182595225
1081.8862707296569,-2656.5695844918696,57.768095380116506,332.1132277362169
2983.2095137616716,-2290.961203784683,29.00349779830944,322.03801126643503
2530.9521086662317,-1088.8915956522462,67.10950672012537,301.56201044414894
2807.165322256986,-1747.1482050066509,6.752708479526429,325.7540172037592
2390.7608194435225,-2370.449375672014,81.64074837564658,339.4374015946891
1707.1822458446431,-2582.8012080206972,170.2440645778093,300.6462661015818
1260.5039119648693,-2412.453491789569,199.3914215326756,326.1936353141435
2141.11887702689,-1660.9298945556975,108.48066105705814,335.24337250714274
1827.648511728976,-1771.576899940457,187.57479185839313,295.06506401940675
2803.2917843589903,-1958.3596894910388,149.04719308118732,316.6494842886862
2449.9539164876032,-1077.71769939685,70.2524661211672,319.46097482125083
2503.579898923281,-2304.120366905642,9.692268510876179,321.8490612498406
2556.425146389215,-1021.7928073083444,154.85196981735018,304.82823723913714
2876.2381466335587,-2632.21058601632,36.91977492201661,307.88004160809766
2026.1999148284565,-1616.9244725403096,241.5015709537443,320.1130114800408
2541.3512862638695,-1935.4886673503636,73.35618759095964,326.51193249374745
2750.644969326022,-2286.7908003068437,67.12488278550063,310.6932422280896
1476.3646383552868,-2667.1086872209876,51.897269820799096,295.9289924399245
1300.3780635849987,-1158.229742590308,254.4062460666043,311.1350288960074
2474.9590084920087,-2766.3929195769388,71.7291623145773,296.07676991004985
2900.289566064484,-2884.787629578181,43.3689967678779,330.5129404462458
2237.2862369284117,-2987.916486868708,66.91589814824925,297.34049692203394
2427.051190417057,-2584.706362839356,-3.19652698681878,308.3174809791762
1159.0471047144015,-2486.8057824545526,109.08412432931388,316.14236151910865
1936.4619294523627,-1548.6863944448762,75.42384087084967,318.3573859229245
1763.8703630341013,-1737.437890963657,73.41183734670055,332.2500653755714
2678.601963028237,-1633.2140168094186,88.28460991367055,331.1297550014116
1676.7994655145003,-1713.1508472539406,51.81203253342545,319.04739559691285
1748.8546313088077,-2959.8366800685135,25.49487091830939,295.5331158938698
1894.4784000123698,-1358.4056062719017,238.28901594265497,297.6235862945382
1493.8081196660764,-1295.1393174738494,211.32174773822047,334.22763061839294
2182.483630572811,-2815.5718543032544,3.5776171384935544,299.3937882187681
2749.074940958599,-1109.9104523313108,0.6662463521163744,338.62503828221446
1202.771087764948,-1844.439639029138,213.27335774587326,337.75796579655537
2601.7563948982806,-2386.506387727168,49.16433334996117,325.96097704069064
1084.9678572137036,-1827.901806440213,204.68234038438095,297.4334076638387
2939.5537898869015,-1193.3237020809695,124.58562151233696,299.8344464000387
1358.5372596389495,-2557.968861227554,222.96694391182288,329.81788630092007
2843.135975947276,-1534.4229020081666,238.48124362406816,331.8134043848051
2369.436775127252,-2797.592676439206,19.957936303360135,334.62754047078744
2295.8453953213466,-2197.1113724284705,233.32874543859091,336.8040023968706
2037.8150243606547,-2362.415474022403,250.19843418489273,309.96342412181565
1921.6822613178767,-1544.783849249905,139.6940764444428,296.31351143387775
2856.2967997741557,-1040.6669362552677,230.66707544262735,314.039755711979
2018.006900765404,-2590.9815021288996,90.19657304615775,320.42604934457484
1682.2508733737354,-1243.0335534885223,123.83373496202017,323.81994357856297
2471.9638599240448,-2987.4221437006163,142.82360081928223,309.15550889065327
1607.2777132252143,-2842.835481902613,227.85156721783517,298.2518850789697
2929.8204507769315,-1138.827251748917,60.48651020354312,306.5003988865515
1181.3467150012232,-1126.812971584642,246.7691297577838,298.7693009836334
2827.6751582738752,-1956.575703201383,129.7490680058471,299.37683067776436
2892.2776143416168,-2601.486063394465,17.965689420272987,322.7042399278071
1995.2188921345664,-1409.6869454999573,177.65246750531773,323.968417916494
1487.5684385045129,-2984.031738455604,17.52591955981216,310.1463087946081
2801.18011754261,-2307.6368189580617,92.63493391568372,302.7265318703128
1343.794525075174,-2845.114640369004,183.7696912528063,305.64786333300015
2615.809294161325,-2540.097233224537,121.0340834072212,337.66837792049256
2378.673065106417,-2513.6914934201923,142.52510480841414,330.9645169031205
2550.4087544885233,-2932.7836783221537,99.09111171425519,333.05105103464945
1688.1301571287836,-2046.5522400703953,27.477608351337615,309.03759423384645
2482.644016418106,-1300.835499592511,-0.8604026956659219,316.2271787067431
2222.813592071306,-2237.7232462295865,142.18331237726264,299.0170128174493
2528.765997620254,-1692.6208088296207,70.78864333793666,333.4492421702066
2110.809549396157,-1570.7186819406288,51.97835969720629,326.51573876113713
1955.2803289639637,-2759.3315739404948,223.10875249175837,324.812398821759
1213.0016389571608,-1778.5062915466265,203.62588456205614,328.90456273811304
1969.4269150775895,-2269.2152074965184,107.1562283991808,313.75920183181097
1246.2507773045752,-2317.6618251107184,232.36140895488532,339.1872678206972
1252.4929439876346,-1971.6139425533734,213.7593493169803,311.18990026187834
1846.584253902079,-2084.1683586501263,218.42631954172472,297.41868203267114
1147.1323096123215,-2426.6736434623795,256.54536784759034,325.6399122095823
2728.774906627119,-1150.432249300802,53.002448761723755,330.2524579394325
1047.8857256725223,-2373.43198987022,226.18038165563792,312.52752881249296
2082.9865768246973,-2136.3515974368593,104.88070516696293,311.01946594045313
1722.7414702712053,-2727.2953216800533,80.7403794045302,300.27006043231466
1485.1903899564913,-2664.697968298051,119.17141515397572,316.86306985077914
2276.998063514149,-1949.2434202305114,155.96533139458185,327.4778579512109
2093.8144970761036,-1625.7415529672578,151.04689066484448,332.2780569471293
2399.648214641942,-1294.3676848585617,1.1731178073144726,312.44764168506777
1278.7329675957858,-1260.0552371006393,8.01143756335959,326.67417645568554
2667.002605144141,-1759.7749371297327,244.22703576379985,298.46502118428447
1440.7581818581896,-2582.564717692604,169.96069414932361,326.8299808988154
2974.388226341114,-1600.8721400174295,95.71603559012237,324.8270002056706
2069.1693787417807,-2491.4338151663505,183.26994049373621,301.28654948191377
1347.283096465302,-1126.6621450944579,-1.4961999904862164,308.492533691232
1786.4392136425831,-2307.7492987805554,101.28074845730171,337.794853830083
2592.842014916517,-2538.235365328217,185.5605147631825,307.9819737136295
1864.4595590760853,-2064.2547738303474,129.73898924339713,328.1948042154003
1562.961051701799,-1896.2579065647558,58.70941110570779,309.9882359481081
1459.015598485625,-2566.1513461989102,213.70574849591208,335.6122876706512
1332.1979924162113,-1849.592105412451,91.41961853400251,298.32882279387456
2906.3233353188325,-2371.4792426334425,172.62273536084075,319.85615663146655
1866.1007772677435,-2650.6081136944895,30.77344986154459,320.8125120903859
2561.1172236158372,-1238.6953636661387,245.00119495465464,332.12709121145315
2494.6979222808222,-2117.408728154348,82.38842658900182,309.91432838665844
1855.1594516910868,-2434.215690875756,134.93729024922112,299.1600763093148
2398.506180964175,-1185.7097079919965,174.2022241673746,302.7894044621697
2303.081675628765,-2237.3762800313766,71.62192522688419,302.38277392690674
2995.3789877656063,-2661.6357362215963,42.53673834148185,302.39662361847996
1825.8844935279676,-2507.788338675379,98.48361655693688,302.91904685552436
2635.6241460160427,-2486.4290524250555,115.75654384138929,319.74109440700244
2312.555758458234,-1254.1334673234596,99.26361417159356,304.6873558411425
1827.4661262037355,-2159.165546191189,220.37080693893753,321.5843085442278
2772.445211804801,-2182.926725485997,45.23730192303417,319.19807041780086
1878.329641873469,-2335.0189796396553,64.75913498096459,328.9096805051686
2283.9551753900596,-2820.4237076426684,-3.284357753264711,314.2576002483497
2136.801906399708,-1370.6291423957946,184.00295210048563,304.74493194502975
2099.642465992406,-1220.807919133005,36.788031745111006,296.95141708064244
2675.395392985223,-1644.1437869613424,169.28866675553613,335.1620569568396
1398.6795848814384,-1213.2715207767972,-9.121830789170083,338.5363478386006
2856.65779425909,-2256.243296231061,2.3595375615864143,339.45198361136704
1074.9520786132705,-1344.6721107359376,144.79765089776663,319.206528135173
1817.5454221752361,-2725.767428125207,4.1110408703562875,312.98793243903833
2631.8534700005875,-2338.0473891637607,40.8503498758183,327.6288478720879
1191.420339061719,-2305.4378773296658,5.964767132332124,327.4180786932759
2393.947611109987,-1547.1825881308282,226.41878616033577,300.50592824037534
1562.7287964987672,-2782.950145421113,187.6626128018077,334.6569549925075
1823.858185232114,-1643.6702644825953,10.203644373901131,331.12718651074084
1297.5456913448847,-2809.4372000062804,161.44151726197148,312.20747326097023
2519.4820787690987,-2964.1504019815643,199.0274028707892,319.2219997265679
2543.746936125562,-2641.407515362422,188.60829847367023,335.033375166117
1167.8140367420842,-2178.3376463709874,171.96839054585584,319.9445504466171
2711.969762876539,-1791.6852447325507,58.84554462088502,337.54631778448726
1615.6987430430474,-1927.3982573818953,99.21715238981535,318.91989192978644
2716.3865297869315,-2648.0842863002213,236.57742299358358,313.17273986762933
1196.4681936123939,-1165.4987208200757,65.54878365887384,307.59583475537875
2199.7667838639813,-1689.5382621563056,230.63219396533802,312.92781817681555
1657.3671143713332,-2065.1715119349924,-10.711513022213552,324.9381030075635
2990.460382709085,-2700.3759557016638,248.8693503761652,325.24790255492695
2452.2089429976304,-2665.0110337259,6.370045459553083,317.00336198688836
2585.153784645997,-2977.501538454225,189.7809192335052,339.2520441396334
2874.3220704214104,-2569.3347551340835,30.38702693333157,298.80447203623
2193.089950687573,-1711.841971782705,204.61781499622958,303.90386475111296
2290.009416399972,-1070.734317409325,248.57928537228497,334.5550596525798
1661.0874555349544,-1001.1135319767466,144.80666952022716,332.1167137536934
2391.1126850039655,-1503.6311164289016,21.906771314356376,316.12517389885807
2492.5587123731157,-1097.2112519630043,186.4063258697283,307.7535193817903
1760.2195565316088,-1432.0640679031794,250.05150250684875,318.3739951137263
2814.8305824548024,-1364.0816147682008,233.3996176041699,333.0786702961195
2398.206582746866,-1384.7675129341078,213.15744318781012,336.9612460116656
2299.739534660509,-1578.8755013823147,175.06179927710434,306.57167966155026
1047.3364293997056,-1743.5025486976467,67.22239501350363,323.46619603617455
2973.859492195237,-2798.878317645366,37.69425881920754,295.81427307701676
2918.87152578942,-1917.4022628528858,19.245397080914834,336.1729859422636
2500.823862996353,-1931.6388373267866,20.128884316665122,307.38294581412873
2893.800872114909,-2780.4815273039194,49.79494688812093,320.2135020693723
2631.2490476336143,-2132.0730386868477,245.28357069144482,306.9456369267093
2623.429007394123,-1472.7974869833438,163.9173483677697,306.23786812559194
1365.5695286961186,-2436.115309848654,101.40832973674254,315.9617762957801
2904.265292332153,-1528.1961904864775,76.63128361298207,337.3949721098337
1839.8797472608971,-1101.8292382605841,34.79998284597529,314.80939406181864
2809.9511004568067,-1771.9368382858563,186.36004613117547,317.1239161331047
2290.2434160866346,-2692.2636889083783,258.2678220366795,324.20020530412285
1022.6728416172473,-2709.4842043137414,227.9348671930581,335.49213476682763
1065.0327506690953,-1148.6875378080013,87.99623328145753,320.9401527810136
2421.2710139640603,-2726.4214109980726,21.32972876881462,314.1090939979128
1368.2537040650445,-1368.0065536977336,-14.363162128404797,308.70403339304363
1211.4662704347631,-2605.046428398669,39.063468451097336,296.2549339671469
2178.1815672611815,-2115.4679092562155,147.81373335671918,313.7070840620006
2077.636979646473,-1709.9006801246799,107.13087341788626,298.1127779441748
1181.3548772843026,-2161.648525228969,2.4277183016209634,336.6668660028929
1476.9481549576494,-2087.6627465329425,129.81003468062445,306.4542340398198
2193.8861158063496,-2025.2617311308381,155.43803932236483,307.6667121133288
2440.701175145008,-2516.8839190501035,204.21265162034186,322.9403547537983
2836.7515748947208,-2764.9589126142987,-3.178805318939663,311.9048525066536
2397.884416836351,-2433.78008321819,163.1445779488057,302.5462693925846
1563.0262624958527,-1076.122008670768,178.7194226720347,317.8601092558945
2401.792149097074,-1099.3031850939958,188.67775589736203,321.4411490064146
1650.881210449575,-1339.5321671394615,98.93044655974494,309.969063323436
2253.8136730336264,-2836.70036527719,-6.534882832686435,327.3254874975221
1161.2741221563188,-2215.1313866890778,32.38473460937115,335.7800747105575
1843.0987336644573,-2349.3003197557105,25.396755721564425,303.838486091023
2366.5255692142982,-2537.6401021198935,111.34589891282187,338.6589497517101
2172.419747362438,-1859.43898909865,197.87208604052702,305.3209903736133
2244.399570820198,-1887.462136816187,-2.710060361184791,336.60716272465004
1656.6374935003143,-1857.677210655935,39.806611258546425,298.3675381843018
1958.081607693674,-1247.3761464340193,180.38178020683668,329.03202794356963
1599.4333641153603,-2068.8471234844633,62.28719347984729,326.6913721681139
1468.7333143627457,-1762.1421274831625,230.85465599329015,306.5563249506457
2899.5640640941256,-2790.765281845884,186.46576614630308,339.02465026551897
1803.8747212518463,-2763.539626299754,5.234698170445132,306.99612191188396
2378.4963622019086,-2677.0375611900063,28.592832052328603,296.1004413834469
2404.588498363716,-2496.7175319497464,165.36425968740673,336.5698011268355
2954.082050711201,-2636.3166805653877,249.5105446023041,323.9638450497052
1641.818220779935,-2436.6490239303967,15.41926507456088,317.22467519282145
2917.325658473579,-2239.7083370466516,106.69828057320545,299.3053531461313
2258.9988510103203,-1744.839759117101,61.63227238748644,319.60896115014606
1075.1732247439372,-2622.5987795891415,145.42026485516615,300.75729026923597
1303.3513903543271,-1156.284442386478,186.8614187039276,334.547497961678
1405.9563136827774,-2845.5650547325904,54.48209374342383,339.0209792856199
2953.078909367495,-1448.2011555750053,85.11190919952281,299.64338200421827
2277.774405951567,-2118.2516282081824,129.7706695315828,330.25794336649744
2586.9095119859558,-2569.164541173797,97.67239669576702,295.93214559760503
2630.3398495120036,-1886.2462551128822,8.973418156768826,327.8887999311703
1113.9641217802352,-1618.0952207616604,149.01585349968403,325.2268803333012
1590.6486698091271,-1351.7741912771605,231.42576163660266,306.3706874729638
1257.8033513953974,-2468.868257922402,172.20802240959108,317.0618422701321
2759.166422434296,-1395.3957612757858,189.33913957636193,306.11624965973516
2623.638654131048,-1969.1865750790087,244.8449722802102,328.41824984227446
1007.2930389212548,-2190.846314479202,190.6353818294116,315.88616371231416
1080.150762945741,-2965.8568287105145,-2.3381087968909533,304.9322474426597
2327.1361973373996,-2637.8540687831464,195.74904550765072,337.9396006529988
1003.6547016615107,-2859.8766513780406,257.35218217208967,337.5550004164629
2992.4479298297038,-2425.716255549383,84.19540075690702,339.638183703618
1154.7201953645856,-2942.626548794744,138.1358062995969,298.820483534333
1077.908578240515,-1319.678220258644,220.8464402817668,298.6193852766314
1473.2338264206037,-2737.0104982822477,-6.304325333769839,335.15502207779645
2481.243252478249,-1378.9421857314524,257.2909494238037,327.83312829615124
1972.3709349386008,-2506.3784099733903,217.10970156495063,319.2190063957263
2210.178650979221,-1403.7273626158608,135.53406182917698,318.1072517393586
1282.4688046077154,-2959.5849679134526,45.27552925744223,324.7549585140085
2242.452376557179,-2737.8690662660383,57.781944539392896,311.1533944333719
1021.0875691575263,-2945.4366280103964,73.590801330218,310.6009598347963
2506.107158082463,-2229.4213224068812,224.38968840059644,334.8471083685375
2858.076153585548,-1117.751934496976,176.75365609680708,313.42058220443147
1139.0924875569804,-1861.9908898141118,219.2583601022093,314.3921316351226
2969.796157701298,-2927.227684465692,10.200632398192653,310.46094731925524
1775.2524635603822,-2814.4264327297897,37.23607701585378,339.9790535753215
1338.5252637530948,-1079.7912187050272,217.29622389481705,309.36853834215356
1415.6127607762858,-1999.9242914771678,167.20622535581145,305.8301592880409
2082.547174829857,-1125.811777463665,38.46827487007733,316.2541952887865
2169.473578469968,-1710.089889226457,13.514454068241442,317.50269825227775
1493.2575366589826,-2031.1515653704419,13.44165951923533,327.7672953203255
1999.231350077563,-1663.5913589937097,220.83338930108798,336.8695478097371
1696.6658887823373,-1184.761277840762,156.7814760056336,326.0171823978557
2553.437177523183,-1464.5998998182315,179.0413692719682,329.7450219261543
2961.6399117739325,-2618.8814230138732,226.74985665175635,322.2662672117889
1880.458893548171,-2056.3237905311976,233.07006602790034,304.2056089478003
1762.2741493781714,-1638.6651153560533,256.34253367410645,325.2364105741624
2294.3053889772586,-2771.909349987005,39.42953862202088,297.92232094353767
1328.2378999226776,-2665.706013742332,240.6274903244182,308.35176197143664
1410.8138425754817,-2135.875392147858,104.22656004412787,317.20051732352226
1497.3389572710971,-1942.0767218929252,148.1872746729477,313.4372855701101
1743.26644771364,-1219.7332694499312,18.79927326186003,309.1650712582474
1055.3802776614716,-1297.1439141033113,180.54039198043594,326.22579263241596
2213.0591240161584,-1910.2603593269039,108.8189769102486,298.6523098424913
2266.9923860684075,-2262.733855257037,56.91863619090533,313.1618639288254
2327.323413004913,-2155.675921434963,153.53257149460066,326.4531178967852
1038.9937482306982,-1621.5439502772936,211.37797000685626,329.33887970870296
2519.3136739183087,-2703.9695413716454,77.05699544837508,323.27528736134934
2858.154137635052,-1387.3866793254008,99.36223992558928,295.22006413315177
2654.5223633633805,-1828.46169149281,244.68300410809627,328.1973701114005
2171.2573317207234,-2209.5835545322343,219.237079125184,322.2822846257364
2906.9946256341673,-1778.4948402541193,250.46275082594582,334.65868874099
1988.4193451180308,-2726.859954400643,66.36389677649686,296.88439610131945
1453.7686898089162,-1966.5042275106193,-13.86110432499816,337.15909497937923
2376.221449915634,-1295.568139157988,6.526998911838756,316.37724945306377
2464.0340921735897,-2574.2234726935917,233.35577402903982,323.9983547482048
1771.0881633652798,-2267.82987017256,61.46229130162263,323.598772845954
2913.542194195069,-2687.0997939396634,180.42542349914362,308.26338970513757
2112.566523304021,-1257.963807397792,202.85199762305123,297.72989967223424
1865.581220108399,-2552.338085331363,34.45097359819761,311.44516922082624
2837.818147472137,-2060.070186782229,114.742067744477,300.23425637993347
2262.890520685529,-1209.8228274697453,87.53765771194384,331.0433300848801
2184.5137270559103,-1420.3786006237428,11.241592636992443,307.108146354578
2710.9266201152977,-1829.6311133290276,130.63955645999192,313.8677914928959
1086.951707947092,-1454.1298741137257,108.71601452942252,309.6233349529412
2832.2363304258215,-2183.8398132657107,238.7172653360491,332.7681103161702
2929.5516158033543,-2332.826961998321,231.7574358758877,318.51141083796426
1153.5615365225167,-2145.891441166474,58.68322450386205,307.89790802133984
2760.501848839593,-2352.004641987815,128.56353952170366,301.51764676836746
2269.6968424682586,-2710.106501185665,58.80704345859664,316.85853499617934
2078.3217102283306,-2783.9080771829504,38.264847926982306,335.6415437484003
1866.8243020635714,-1587.4465080125517,22.426133954382586,313.5945175725268
2117.429221399796,-1419.395349825106,51.15921060673796,305.48488813936854
1257.530207748804,-2249.5628923695213,66.14237069072745,320.3492705960098
1776.5716060794882,-2691.7461249998196,30.326107794205072,299.38747846466856
1983.3318816570156,-1611.6458540550818,-7.029845279349767,331.8006777264848
1792.6470240702356,-2956.5765249983565,11.769403330473978,318.2818616338286
2851.3126651114408,-1932.6969861498335,-5.555237914148773,335.32839247449203
1358.6347124673437,-2816.1838466022577,256.1878814169098,333.729519556862
2080.118813060105,-2978.8751554475552,88.47962373359435,313.790848741938
2434.453205974839,-1113.223262256661,226.0326866045,311.7766053480293
1114.3227292154693,-2714.7570698604395,10.528572648139892,332.4802092833326
1797.3501810378873,-1020.3951778156813,239.7397823687452,320.86369741745995
2080.030245675226,-1892.8198115850435,179.8891126486549,300.3469910420286
1103.739626362389,-2965.3174243370695,247.33568947041238,334.43067483344174
1627.303495413525,-1390.9864279738997,249.55495923288737,328.74842467224113
1803.5312152187093,-1270.5891029398163,256.6898898642046,330.50567666378
1467.2967546261943,-2103.724412366443,80.43837986631112,327.3082344828521
2345.205500895242,-2094.020562936039,-7.9630170049211895,301.36318364719943
1915.2620619232357,-2351.778503334078,221.61360948078988,338.51830326601186
2675.2740005648325,-2141.4593344838113,30.892634689011608,337.40917257705314
2956.556322859322,-2940.488040224845,50.33159560697996,308.41762173261066
1832.8459371970616,-1721.970048795345,185.53190168368567,305.2427102664537
2077.2499854393327,-1890.0048538622557,-3.9755720206740452,332.34778958418286
1227.4982967404555,-2871.551874230183,123.34562348318798,326.8883257175207
1329.1176147051874,-1645.674652718863,69.03732772122203,309.5543032075042
2442.151490007913,-1639.0026462394292,86.8691790102755,305.2463950273986
2092.4519624622376,-1353.3173982012322,108.42446296045988,303.7844359549042
2519.1329791092594,-1287.2840717108495,52.65883417867518,329.6087442379335
2922.335281902201,-2787.051795072722,148.1408513761864,331.4042404380338
2312.0469660422696,-1611.094024195696,43.695294956847526,330.0374926681079
1788.7131285084754,-1221.5303965671565,93.78552294568722,326.66012595339566
1126.105366439555,-2360.2888328432145,22.197386133337346,305.7990824617492
1306.5427186563393,-2855.3774568588597,169.66468356398087,337.787694640105
2680.997022476371,-2447.2101403002594,41.32809718343622,307.48377745738117
1037.9651189027263,-1151.3074485391114,130.006399042279,301.2765509994125
1262.753271087182,-2633.576431051286,-6.2269603024793785,337.0372363442969
1541.236412331657,-2724.56005908451,176.4801694398805,316.2491493821906
1521.994593881207,-1557.9803893229753,103.78878416067805,324.325006668763
2747.6264830931004,-1726.9636362826163,67.54528106451887,336.84385685194
1166.0913799105806,-2638.334027413777,181.91798141573057,330.95619161607857
2466.597010423615,-2700.1849759038846,98.87049290755166,307.32076812038054
2998.36136093771,-2990.9299756820365,230.71217545358184,298.5772560559204
2207.068416676633,-2432.7213705087906,247.33953129893746,332.51624409462283
1571.858225855966,-1474.7853167869528,43.89202326228609,317.29923849059503
2746.507925319007,-2160.611681824759,202.81078629551126,306.8566021865411
1025.6015333401979,-1073.928881927537,95.66318245446448,310.1537920488079
2663.555422162045,-2976.846248179437,59.87949802883085,309.52405322841895
1449.6208729720765,-2574.0851716581874,237.6743143140041,339.3750379097125
2140.8375553894793,-1353.4096247182067,179.49118012940752,336.516114095828
2331.0299568845458,-2355.8421018503677,-1.4898292774575417,330.47153480149524
1382.7124650244923,-1833.3254198336087,32.32315679105245,330.0445287292895
1500.472803929262,-1246.0355590560457,117.77523467559254,330.70077502515096
2942.105121543512,-1812.7034532360792,129.20508529074974,322.89995289820644
2519.311837365229,-1972.9907918505578,82.04315915887402,311.7844774254452
2522.6378134105516,-2484.139453651101,219.53224053979113,303.6223501813995
2240.6547140676557,-2418.0247088780693,73.76894400402867,326.0808241356657
2289.0954590399215,-2369.0105262926545,235.84325078249307,318.0840027489114
1336.1319680112153,-1217.7575288883875,-5.76025891832818,309.1575018282633
1471.6163242876946,-2414.954583261333,99.92327271257642,328.94660342160853
2195.005566750808,-1185.8694631886817,34.571434012446716,296.542127282176
1547.1567063974562,-2708.7098297002176,131.88899328085517,319.3018044227885
1183.251770594205,-1368.0714847651739,234.2921577313014,334.80791642172676
2565.179887654278,-2221.474555165768,80.48669223700497,332.1144109174261
2940.751182377866,-1670.8788802560944,30.82388069832008,331.54833815093286
1521.4808821350862,-1942.8042755677525,20.04503942255799,305.84179128413797
2533.017642009585,-1081.0808594339628,48.60393090608151,317.1560713436562
1182.6400928868588,-1529.287460583667,214.47666483886047,326.96649748430633
1356.7932461445725,-1492.2247563968167,166.46434143885654,310.58136887148794
1922.5343477339957,-1670.8671779567433,13.285304043975508,309.81010565653844
2750.3213476946485,-2480.4429517643443,45.17036175426552,308.6335553970218
1633.143373477242,-1503.954988864984,133.04577908609244,298.49791509609764
2614.4319512094053,-2093.922798077609,55.12713222182755,318.0678717393436
2130.3240859013104,-2429.148443846377,122.68693060501437,321.5073813674424
2591.1858458472416,-1390.422621128668,233.17141061914452,312.50839909761936
2401.5960304422065,-2225.2017229364556,145.32031315718118,337.6407301864983
1463.118520118394,-1153.7457778360704,-11.909818151200685,299.1754808735216
1578.2695225051616,-1680.1976374381886,125.08334695502717,306.48230686668427
2720.2549738095413,-1035.7556802181937,35.43989628704852,334.3155881139975
1190.6083488153977,-1089.9625182790514,77.37152665482428,330.07243884156475
2696.2444750131817,-2265.5744129016784,185.1503528631227,309.24951798592815
2095.8631609319955,-2738.4084463418653,175.10157556393884,322.62036483725876
2887.3512283466016,-1581.2607983225091,207.690464683171,303.1841545596827
2555.4707018274185,-1946.3494730954426,254.81920860444188,318.65332385774883
2082.905164373739,-2883.2378828894207,5.084433048795162,333.34558193688883
1725.0110545653743,-1414.7785016396915,235.52452599196684,302.1209253693897
1876.6152411268936,-1116.8189819430334,136.5822410729384,310.6345930413612
2351.91819162305,-2429.875330729032,151.42216410968913,309.70272825454697
1325.356320528531,-2072.228955152817,84.78116666347074,326.8847450583517
2663.5162703868127,-1749.3791088473504,122.85064943103265,299.31960561012227
1907.3239940617404,-2462.9452096686164,242.60184379187024,328.4964630692132
1533.8684180994344,-2210.663667138527,88.35648318569478,307.57165085153656
2082.254523320429,-1842.7264241837906,102.9576981803547,324.31242589200946
1792.9185203700663,-2592.984458332696,41.84038109042641,318.79287308141596
2656.2359506191883,-1177.850416889132,106.19261620180147,317.02041280760585
2574.895387697261,-1367.0770681308704,4.527734454080065,331.5484922955739
1862.078232969558,-1190.897089074587,-2.4425408630921357,335.88745205716253
2781.3128709030725,-2048.6476291315553,120.38781168964962,309.287151044202
1044.975085300824,-1944.726487187834,149.67165468217536,301.7882887522277
2912.0087977149906,-2844.5375017526367,158.2840879647476,312.3485751641167
1083.4258064522176,-1451.997642173407,186.4807370191248,317.5426542416879
1403.0714581444722,-2807.475283755307,131.86990461202828,314.69479392616677
2171.1585260628462,-1083.6734232642655,195.04364967344026,304.0012746323418
1760.7549653701753,-1874.8071675254164,78.59601090878101,304.39598801805744
2775.2926121899527,-2131.1726259679426,106.67006754737855,308.71605145758116
1421.2902700039876,-1879.504789513018,43.21299434928872,307.7364084974877
1175.211433263662,-2150.458932452089,209.15744733590506,323.58266789811876
1545.0185695978143,-2599.3969470650463,29.631792165128502,315.0369447879091
1484.6501905579184,-1911.797242146657,253.35089898342335,322.0362851805038
1858.5129416419074,-1534.3881151833257,17.348693496475278,301.9414879378291
2264.711777181896,-2049.078315851984,252.55811169998088,323.55069930206577
1710.8055925944982,-2282.6708811398707,212.03208610922113,315.89586817669283
1578.3122357988727,-2475.383066527171,77.2794639758913,296.3332808840954
2662.19514668362,-1624.0052324491674,23.90220957516106,337.09135410830476
2853.1780493395645,-1367.264390692777,-11.243839886619977,330.9596962474558
2842.5631238881742,-1053.0932912942271,96.2563288829617,311.52941069156725
1214.5140952308368,-1180.8073004688613,37.513330196536074,332.13169075635597
2472.6185348799245,-1060.0444722824357,235.54252646782078,331.0907733647345
1093.48012731001,-2737.30211076543,124.88061706352661,295.34838218507485
1758.0746781350852,-1197.9164630835742,39.998365725760834,338.4468857289084
1134.0535117168652,-2390.887690988471,132.3719690561676,317.3929151173001
2334.6658257843233,-1578.4878494642678,247.62931616904547,306.24601461050753
1235.582846811057,-2665.8366980962537,159.4471462167439,300.11672114916894
1679.8496584482339,-2046.4795158797556,162.13805590445997,305.5032960722615
2894.229376863913,-1213.388035784234,12.231685286942245,299.735801132724
2175.656546487513,-2048.239903373992,251.51558784442523,300.91903066456655
2119.354393424017,-1498.5103528691516,257.81007512546347,321.56445862713207
1460.9406115599072,-1928.4356472775394,158.23030487634924,330.21699182301387
1403.8530702042628,-1245.1249866813007,65.19323080300505,321.7564405583431
1292.1464579617336,-2748.139352737104,181.6147881813945,331.0256554077559
1702.9163218734807,-1827.8538673918556,140.15681426607097,313.6299702230025
1733.15490470861,-2161.9384194761274,164.3175403868241,295.5390675691953
1379.8409137320166,-2994.8100776904907,164.19434064840706,324.2908531555665
1636.6001960065705,-2387.2345954804514,134.47442053009732,295.6259006033034
1943.37558656898,-1420.3248416924919,199.14136122538739,306.00752385660616
1468.22147769864,-2639.4605635796856,48.440211123909855,303.26927495152245
1136.4811192196757,-1107.2795427560445,173.149315407076,297.2281996689519
2144.9001583956706,-2177.5301179578414,221.38758880191955,311.88609747298904
2046.4083345198655,-1157.6928072495957,7.930679146784136,327.3974529344514
1286.9062936759658,-2900.115024721741,186.49687762174267,333.79940713267763
2000.4447639125856,-1453.6738740875319,54.08246945337139,337.6891625475004
1761.4560379028026,-1647.0625130719486,81.21371870642675,315.8169013415992
1307.1432043498792,-1273.5097157426603,108.45770487328295,317.2947527418146
1177.6928884814095,-2648.4580403027885,253.00344359537564,317.19748849013996
2956.222134383078,-1121.8328932962545,64.62684017513745,298.2800583043202
2432.6169009480627,-1792.061317737102,87.83441816254472,327.16622540444143
1365.9112875739384,-2853.604431576117,259.59378109278066,317.3867981832884
2136.6862150779275,-2692.7402701672727,239.27735554644335,328.6545700400531
1531.191422005954,-2268.881317182218,245.45864220874938,310.32792700988364
2868.749474720622,-2720.9404372794975,42.62071688286677,315.9773015397236
1208.6886966800862,-2353.763409754517,236.63513605920954,296.03621245003256
1963.0502347063139,-1852.619414339399,196.89474075073352,326.1648820531942
2049.949383343001,-2693.514674973694,23.138719586846612,326.0161400539622
2343.2071352932426,-2631.925772889565,241.8905207672409,314.2725974440082
2401.5929079436264,-2530.8171761235085,177.24115349759947,301.059851934885
2155.716291315148,-1439.1907630373526,30.479234537832717,323.7869301908944
1650.472499101235,-1907.0547426049934,157.785765235785,315.239437425703
1112.6523941050355,-1281.6098053133753,177.71524961894244,326.3927453128952
1804.9406893154205,-1480.6739369129727,140.84735272271354,300.7420360168482
1892.4147576592256,-1576.3796951052816,158.06851575509927,317.05430427631313
1019.1178162551433,-2547.5020618358258,87.72852977850707,329.66335822284395
2126.6911245584756,-1254.8484416835136,194.9714580766032,300.1483733475865
1968.9130949153896,-1412.06808109508,214.19738192350803,305.06852969587004
1495.8802973385787,-2809.04627537419,169.2257058044618,335.0182088983724
1146.8250285725187,-1568.406875279069,259.2917756864382,328.5775322952431
1763.5975606695795,-1475.0691050366358,201.21617571283363,333.0083161635814
2479.5078544437,-2478.6692332081525,174.78414930816484,328.82557530611354
1393.4371797605468,-1133.3887416971065,-1.85876842340339,298.6770534745751
1846.3895436465307,-1042.5329154580468,95.55359723486175,326.45298997361647
1326.9983756623017,-2508.9269114032895,25.85949643024533,329.1526360306535
1208.630105543584,-1008.9907778450872,28.100464325544813,332.140384166321
1795.8108003505758,-1939.880199438063,16.765911434010494,315.987830072552
2440.8821559572725,-1363.189662849887,222.1698010555936,298.1437814341167
2045.488587372437,-1572.0811839153325,100.09927152704854,301.1622010635343
1918.3173197892866,-1144.9642289750075,252.06969061404976,332.9741317140281
1961.481530901915,-1560.8145135832835,65.13738189811932,330.9208781761734
2811.3582969292497,-2780.2432598487085,248.34015140572558,312.7196548257775
1401.7396333579732,-2774.7144547032162,10.371677953567318,296.35487762713706
2285.2283628634486,-1032.7873690086503,6.5149769935220405,316.45671263498025
1546.5064049810394,-2225.380014410838,248.6091757594969,306.9003870943524
1979.883989239344,-1809.20125624962,90.91156989754556,313.33397766993585
2542.6329367499575,-2240.1806296420764,175.09176670452823,305.9188693992613
2130.9152991620576,-2142.854851409255,145.7174347393703,301.58829885782654
1449.1978992932382,-1975.4317569426748,14.099336665173361,297.68663151872147
2841.7709722761088,-1526.5017689287254,4.093411705642676,339.83334223582995
1148.163003226644,-1517.2516088273987,255.83668402523176,322.7164746006912
2603.323368162415,-1016.6454080906883,207.58699184195297,323.41565474605494
2607.3625024071403,-1575.4200057264886,0.4001863290461145,332.37464090112263
1603.7260420899672,-1251.1735133940035,73.26350901999824,311.39105714700366
2912.143715589992,-2334.229512900992,47.92878130772189,313.6907003997435
2949.6042984055766,-1266.906998867485,34.03069356405795,328.62122778859464
1038.3294568381707,-2891.863601952202,235.29557479778148,339.99407752889715
1760.0620268429957,-1330.9110120858616,-5.34235126429866,321.3390638988639
1159.416232992601,-2874.089438418944,59.21119349565183,330.12353289213104
1125.326656522759,-1419.8319173128723,213.07939824783125,329.87652520611744
1864.1389840805268,-2942.326938389154,131.59102742169,309.27182430997266
1624.8037840205006,-1163.3976003147318,182.63851977417025,318.6019172415876
2513.3560120482925,-2725.0622208592285,254.19968225098023,316.22796769187363
1307.1293757686453,-2535.43931310166,14.882286870785386,337.9797602232125
1473.4036528694314,-2501.5253979573677,175.83955852971073,329.8046138148987
1366.6101058009324,-2347.091116736488,69.81047564085044,312.0468412326349
1998.286667071655,-2748.269118490318,92.81989459932109,336.0849941602635
1784.8781895578159,-2436.4861218345177,138.47195150649006,298.8669569899043
1785.8530759760097,-1810.9828641291863,230.54853639655386,313.516270650033
2855.2594398115443,-1305.3667852146218,0.036045408600854145,313.6305492857181
2842.3657358458095,-1353.074840459575,3.501151710481981,317.61819756413695
1770.6445670052449,-2967.070050144158,68.94418036258536,304.37611812495857
1400.9020325858846,-1579.6427063526105,233.84084748575944,327.6011133588969
2938.995169428223,-2778.485163026714,48.3400245224118,320.4362164567652
2388.5875543341717,-2295.396810563373,179.54134114304748,331.05962664305343
2900.648933704606,-2831.364892816253,120.1881754647464,305.49054950908175
1511.1428969781543,-1520.3378683914643,66.06674219955089,328.51509525312133
2381.9601156814883,-1923.4240494723276,104.52819209467985,301.2693803693241
1617.3958340837435,-1240.6872091011583,2.3232307997332704,334.1199394593467
2102.9665293802127,-2792.418084644434,5.87232877082182,338.81546579043476
1845.9758781213816,-1527.6975321429588,203.15946648086674,313.5826623093711
1624.7184278543832,-1676.890666827867,243.7654747261612,308.4888360572263
2567.5791861754606,-1533.5706090926963,101.68365484044186,332.64007421400385
2007.0722009863298,-1835.6761169741044,222.4238733554104,334.3338928051203
2716.859501054503,-1693.344550396178,164.262248875039,321.7374614080461
2215.218619027639,-2582.1962196683617,193.84907403553072,321.3042625032838
1767.383534850711,-1931.8502324243798,32.607875226787634,335.91421047645827
1662.0386686260802,-2257.9894825344854,14.676006160084867,335.42664673380204
1078.3191424613656,-2061.242018853961,212.83630183668546,312.7389011624872
2191.182710576333,-1916.2356207255816,61.13110525128289,329.7995069914775
2663.993577540673,-1500.509771901315,212.56377875127532,314.21737180368683
2587.5083988570486,-2150.6543682872475,2.334027520574754,335.8961985230335
1762.5492582376933,-2857.8812950961874,176.74154996910428,317.0236112786575
2190.7743371563597,-2907.4845836908084,259.98793817004236,332.7409720835957
1533.705500690137,-2606.8313742466794,208.40552499799372,304.2755169847256
2990.2827891545394,-2829.8453471471466,134.29850968916597,302.64796680340925
1781.134969850249,-2367.209397370061,185.61600958634858,339.6100320954964
2736.1889555177286,-1724.3565344755136,241.04368384335953,302.4816829476899
2391.2716863948126,-1529.8248429107202,35.343310278308614,326.0435570938882
2779.4984978340385,-1421.6688479410604,237.0747473530478,317.01383137162526
2913.9311484885866,-2232.509799125385,57.094954232591874,323.4878526023081
2356.681171292622,-2480.2074120803622,91.21041918871134,338.1649923674117
2245.2152011609983,-1693.9132550186257,259.3865176454919,321.68265660607545
1614.8421456905833,-1142.4421690432248,118.46402496257383,314.10710553596516
2698.518864551801,-1523.8851285564479,-0.2079373486020284,312.92922676024807
1622.1672069015972,-2356.577046897634,147.02103590044163,309.34708544638534
2300.145944839192,-2844.1181704420264,68.83783547515077,296.52554191261527
2584.1660386515546,-1952.1381059089706,163.92680624669612,305.285024042345
1409.9359062256424,-2403.0337044926064,79.6739010218388,329.8223890136834
2851.232456771184,-2922.1217757499717,36.91973689088309,302.25795330135867
1024.4576842687366,-2845.17528585501,159.58391784103165,327.3612089923921
1509.3307770409945,-2597.163769349125,2.4620470511537675,332.76344521019973
1207.972691951584,-1067.2951744446627,22.187070128107244,338.08902287347195
2333.124740074082,-2875.1839448575442,-1.6321423778006334,320.80657998500885
1618.324873980322,-1030.664644077345,133.53437757891723,306.11008271959344
2414.9469771311865,-1312.522139637305,53.92991231030655,298.85324881428056
2987.8032633111516,-1136.1793942470142,30.24105697057471,319.84549397394807
1443.4730078062803,-1172.1328133605382,215.45764668594896,327.49888653025084
1073.908469724477,-1773.3118383840263,57.869505568380546,305.0892755622551
1698.3938468909068,-2460.7403774986046,8.400710944572015,336.317419129221
2347.860499698955,-1254.178697739505,91.58561649776964,319.5127551395016
2116.66227436418,-2409.0585953176897,27.260460633847693,310.36098691723487
2245.493800780515,-2166.3021139128114,211.3017351467163,303.26931082886216
2554.8325692929666,-2777.1328056682505,135.64514862210396,324.81089827447585
1887.6916827265804,-1484.075513018468,102.78044028187456,322.4493053911916
2402.5908934948166,-2344.530573454991,83.78478655972229,307.02778131786505
1852.8861973622268,-2978.050097669798,3.570552915606129,328.4976017641624
1355.4861148738605,-2229.429100216882,51.918385609977236,323.5622743908673
1070.9186140637587,-1375.2787808517285,50.72630383349106,302.7871232830908
2081.9676444505653,-2097.1938058951364,40.645254159863285,301.3009746790664
1562.8706870318879,-1483.9065523628656,92.90984631752681,308.8829032899576
2208.354527962979,-1016.7895022435594,230.1867389100442,315.1774864333141
2513.7683156389203,-2077.4480406972402,18.07443925836028,317.5275349089928
1683.9543294270666,-1386.4837975124526,213.22184869893897,301.9621395608544
1125.2729333622474,-1727.6900059034847,-14.21240705919475,339.95997998500894
2294.0486630494142,-1538.010655751683,85.66313852478635,306.20101989611743
1118.3791402736724,-1257.7268604935198,171.67633490337147,321.6940678779775
1043.491436989246,-1497.3378506021425,-10.596623500775802,314.09091149910523
1418.3891925229207,-1685.9966503611188,189.71311930856194,299.5286491376101
1639.9632040545598,-2745.809498756602,10.101874329226902,320.2907819092255
1042.9219851040189,-1053.1351057625254,51.99853809428839,304.9566481221085
2221.5037540806056,-1648.6099387042022,95.40198222770493,300.87270520717857
2064.87614566264,-2863.021482408779,59.91691697895156,307.6385614723561
2962.433934245112,-1095.1971705408246,138.3058415442619,310.5055673431274
2902.3850680122146,-2429.347178179571,138.9178520975052,313.56064380048315
1545.7339319807384,-1969.253927897596,166.2664353267097,315.6815111842434
2824.753712392612,-2209.1403138155983,113.49609785420316,306.17162810624603
2566.6615569742526,-2494.6376777574947,124.5340883223345,314.0432249625445
1223.842513302511,-1595.387966546994,135.1296984141823,324.6992501904612
1905.0181182284523,-2876.034118248853,98.17254532414425,338.7633216413911
2902.0616092281625,-2994.67806269829,243.83345375735058,330.287667133138
2048.740546975207,-1057.2969376820101,185.88883315366652,304.4470279632002
1643.0020338910986,-2881.823497401696,164.0544963470401,316.64516075594645
1853.210514790303,-2037.8890900847964,203.71356284346203,321.8564127712762
1879.734583592201,-1363.8385218204367,132.81547426101204,337.67234456538006
2711.84252889931,-2943.2280170360186,56.75925311781707,313.64032304691716
1612.4916824448737,-2290.709537227118,19.82698781025818,330.2450275885057
1111.5069234019245,-1702.4823145835276,250.27105847256894,302.3296737258634
2101.391734363904,-2692.307929682591,217.0347808586985,299.50508451345337
2360.0288030346956,-2937.30959204394,154.69723959822016,307.2061878241929
2191.9131213630967,-2807.3410884893647,-2.1208458888278976,311.0109775576999
1826.9882231664978,-2397.8290348229993,202.45328535829614,323.4134729307244
1274.2284209195138,-2063.2670172316325,60.16153868531633,309.2730987144297
2909.7719832981015,-1726.8675950171103,150.35869675465852,307.97637745852074
1431.16465032436,-1491.1908333320062,35.91148526195126,312.7111794528972
2786.763922375091,-2378.4116304409245,201.45992356253484,322.64737205155654
1267.1528736972211,-2974.681429232578,224.44642256699467,311.3080604539778
2844.9064524358073,-2100.956834213138,59.7178507488491,296.3568666628685
2545.7487099166874,-1455.1821619485315,139.00540457042308,336.784933218374
1992.4003305185718,-2183.517869897857,152.79998758789213,311.6076132918004
2392.798262049161,-1898.5873368280472,114.38085455153055,311.6240135953114
2846.79962408526,-2835.382323558649,72.37227366307958,330.19899392701876
2085.977918446651,-1129.8864465847341,15.874510499560923,297.81900254681534
2240.5203855548016,-1123.0919794821666,123.93780312780402,300.76703558897003
1102.4798119322443,-2419.470608642077,94.00554256514938,320.4974854029835
1354.1342256674898,-1441.7858225398234,200.18841730167188,317.42959979390497
1019.6499127500742,-1421.9163488986628,117.27941818652766,325.80953517169286
1091.2117962783602,-1130.793453525159,194.33523258042194,299.11257660884587
1817.9997731236783,-2327.5901530456954,28.12872044834409,339.94424819485243
1103.5732126869702,-2044.4540607500599,223.2283775126847,296.5375886127948
2047.4552068030023,-1629.7048939290248,103.54378570479695,295.0083409748514
1302.66424869819,-1006.7922889859772,61.531101707799735,339.0837975042982
2991.034399711601,-1127.0167490283475,106.7766996717733,298.2256978795493
2283.1751647488863,-1957.945944699568,110.87041209469601,327.3997458262977
1940.243646266027,-2897.0005839384617,18.55241580153379,335.52984280028454
1494.0887163512787,-2935.325520340892,228.04577119242012,330.8553407499157
2334.9873352218824,-2314.963313710411,-8.562578067171717,302.3376517863621
2102.5765962029227,-2776.3473405118457,74.33301606078055,316.07924793717507
1072.559927475032,-2839.4906356335937,136.06937788574513,303.6620430556509
2008.0916787441663,-1722.7125318481887,193.54907767859095,300.6199014716034
1897.6989385782856,-2323.676561587181,46.22131590627588,317.83758681292096
1717.9280475790795,-1414.8884234670888,220.64173184567153,325.6750309309426
1935.501800278715,-1584.7208631538758,78.07118751384442,312.77902909045065
2436.3382964827874,-1503.9250187167497,237.64963256409513,321.71429829572645
2230.7254079695613,-1312.97406943785,74.29735933905674,329.81467484029054
1162.0794310035787,-1480.9918971866541,3.329008992605651,312.5355010518292
1235.3121258431684,-1088.6566910568706,252.0756656231482,322.2711013481151
1152.4865957736151,-2844.0157898424764,162.43918695197857,330.9967151631036
2915.7667680308678,-2635.0885275451615,220.72088245669028,307.5073912309922
1441.461406511076,-1907.2830363817159,186.82075935009408,321.0030444963472
1903.851326853202,-1217.36864672656,97.54265693747493,318.19878844035503
2482.188681868312,-1987.442500627262,236.56855630217422,314.68570587845403
2267.0339119859996,-2509.269590510026,141.82459085578324,305.8163415113832
2828.0110781124567,-1117.1611222786921,58.01494269747457,306.53434649137944
2900.678710801889,-2439.8890977280194,208.58690696538872,307.66934840176634
2868.7624437114127,-1808.9345183269631,7.012158431915687,315.76420637304227
1963.4386654852947,-2780.683211331811,112.18777059781469,331.3381798058593
1661.4165466460593,-2029.2138731705143,251.01095337619114,307.3419092264652
1477.0338430351194,-2829.4035789415375,97.22708057338164,308.98607838934504
1752.3980390870752,-1977.2102101133405,88.07564334326662,339.62588991363646
1426.0023379885201,-1112.3995589280419,34.458429765523704,311.4996547261492
1966.5966970559666,-2388.084155976734,79.9235795938194,304.18355575286324
1413.111088604755,-2846.928867555464,218.97929062221917,332.93231162767836
1914.731033095557,-2802.881482555208,116.12208931609504,326.3791906754336
1534.321798796635,-2301.9331746067505,218.67861585977928,313.2375832609322
1310.6963004040545,-1744.9314071518515,161.6893585398218,332.08506254555704
1026.9181398538906,-2147.5609491975047,225.69974468318773,306.7159001391815
1813.231487124338,-2360.368332623793,30.776121615691444,316.9092383705613
2400.2699993637134,-2649.122651355921,58.82967270871188,322.02676101955063
2944.2426768736987,-2743.6389345666903,91.97371746417615,303.0711183834142
1986.6268772130031,-1781.4455914599887,187.55142254498764,332.8639407973129
1560.90660073863,-1307.1734444546169,168.97485136082187,323.4235691523313
1594.1734598381677,-2129.2870877498044,221.4366827623338,302.5743042755951
1305.93895591104,-2555.518012082015,150.38128803343568,319.6599129365611
2640.740646531698,-2003.9682228775262,167.7223748233387,321.12813998561387
2268.764420366437,-2350.862106073591,93.5749077512156,308.01152710626616
2204.401041349369,-1341.7446625186965,98.79810750878326,296.55562627051347
2209.128576525327,-2029.3177931484465,124.84955936392643,326.78835250946724
1316.4252617524778,-1681.235206396403,186.2916418909385,321.1207001052189
2360.5726571169357,-1836.9175528296164,90.79217103029715,326.0799828080772
2980.9271768664316,-2740.1954740680217,111.99819024794492,315.27755100644714
2838.125475296042,-2347.9780409049554,247.1770989542252,317.3957172615534
2530.845362694241,-1865.9492597988283,95.62962249890724,315.4444328845648
1894.3640137592265,-1365.4904164349023,153.37885855270025,308.008913444643
1476.2326721948161,-1337.9980596094047,92.22190947622553,332.4276195011926
2275.4356004564233,-1276.708110217878,125.76984748297627,303.9969243455257
1838.7777661432642,-1488.56966467448,198.90050871636572,319.45405593380127
1139.457721209834,-2742.958958297073,255.31527027677294,298.90885437597393
1601.4826340136692,-2574.17508411436,192.15069715472055,296.29880236953267
2002.9730108259475,-1492.4548150238866,28.82620161091353,303.4346806774836
2796.930832988246,-1460.2946354543499,60.001544785709456,330.0253177990785
2111.3324225101414,-2781.334155752821,129.07086632018425,298.3771592174664
1332.41073449078,-1687.1154911996343,63.82121838569593,325.1081049587514
2897.5929256329846,-2214.7031806090527,98.4159176963639,322.48703446435866
2825.8662059969697,-2084.5250366559817,69.29717597676377,321.9769289891191
2306.401314053064,-1893.342118356728,68.72858692854673,297.1032126896322
1639.5101790996341,-2561.944497889428,241.46501833948986,339.3184294639807
1316.6632903615048,-1742.6865955050641,203.68076501874236,319.4796871327322
2541.6719349785244,-2134.0815459852556,-7.70742969375087,313.5527229039797
2342.7486987111442,-1754.4448237016545,251.0460378977662,297.8534877946177
2845.371480792578,-1542.9031931177801,125.74887156392495,335.92150295226276
1544.3287240295333,-2347.4714676598496,249.32364235352713,339.2161848069448
1872.6298895483078,-2234.8833028657127,250.26981912758805,337.6642495349152
1989.5231791750152,-1504.4817803690908,219.01862207239546,332.118871490969
1202.7395109632864,-1295.6520622697058,216.9548101477404,322.0801807371296
2018.833802397662,-1948.8682611371382,163.81411703954095,325.18317129659437
1188.857672628036,-1446.3082639646923,212.71376675069072,329.32614905285686
2702.3043627663087,-1652.657481147014,161.0584113687435,297.54270474428887
1304.5935567495503,-2621.95532381842,91.3797300812354,335.500384521339
2383.07984015098,-1860.6004028883253,-0.30535877682453894,324.83342109173486
1772.6223952203886,-1332.8581118205211,168.85333155806046,319.60810241813516
1722.3659896201839,-2769.7926123717216,59.553635839772824,327.0596511389076
2496.6556583569186,-2317.142776272575,114.04907211480173,315.25004675691395
2998.472224423631,-2255.2088791345277,230.620887689433,330.105498886344
2620.517040206503,-2178.401335305002,191.40026605067825,299.9157469942416
2891.9450106891527,-2425.4179984859084,203.17066662846142,331.77359815615233
2344.733102962314,-1825.6554271756308,199.88673565369265,323.41476768211635
2414.2907252309396,-2784.858604760212,27.100118802142816,321.8744728809569
1547.953250518934,-1396.5495250813299,98.52237713638458,336.99284287456345
1469.7679661835746,-1959.6185007701836,19.398360479968268,328.4254229785463
1886.7495638429186,-2685.8093130138855,197.28330286194128,322.624454536333
1460.08882423657,-2082.220954313346,74.63158931541697,314.8061910220542
2524.339372354707,-1335.2140919088297,133.72284873391231,334.69026103393304
1430.6099210475572,-1587.0855447194751,214.05720800085564,335.16790819002307
2235.292855129853,-1734.51323458668,201.7739860664605,335.99600177796316
1654.9317209102906,-2139.3245985600843,259.77422971333743,328.08954428460174
1164.067287792848,-2316.4944000307196,97.003557036776,335.79387477075926
1503.1164864254747,-1404.212530096089,27.14755019860415,338.14764493379107
1525.781401347322,-2239.2417094970506,185.74670778161976,321.6880700355652
1884.1062381908228,-2229.4720710224783,1.3767452472770039,318.54133345600127
2454.2926063980663,-1721.738213666861,139.7690136433203,336.36209818496565
1017.5367725403701,-2701.137785946804,94.16320797898531,310.91552028633913
2232.439451370341,-2915.1431796954416,235.14858299031906,308.3124394187568
1251.6968338603876,-2987.3724922502306,52.15142775475245,321.55315124397816
2227.3315501111547,-2911.3830844537647,171.2737669358922,333.1125486103422
2125.2632122037385,-2790.917577274435,41.893890965806165,314.0137765906591
2329.686454820032,-1058.9722912134396,-9.2180072023932,303.1131874292786
2693.5096252362605,-1005.9548535408155,110.27429188955274,305.2131868641907
2806.4773307357646,-1985.6201316032361,53.58967685895469,327.02631153192186
2239.0097386701964,-2100.2520355954885,242.0133171393408,336.7931164358382
1096.8738681487423,-2671.6570940566958,168.4377482586422,325.65439409102703
2601.5280993873666,-2687.9076262007866,133.35131868960625,309.43272112878384
1810.1063651231516,-1410.5869822202878,224.08593357221852,300.2570678343364
1831.6917305974857,-1210.3947133803456,71.10267432616916,322.9015461193068
1052.8525417416352,-2651.578250962216,107.23547048513586,333.7881463938494
1132.617333369316,-1616.7062428020802,10.227362864250775,295.8375482199604
2612.5079955246383,-1015.8377666799549,47.79718530185238,297.04747088977354
1589.5674854412807,-1259.1252881880507,44.20124761951536,307.8845355112786
1869.72552171638,-1191.356714201164,216.25411680388726,324.3243263862594
1084.995967554701,-1874.4438746886572,113.76364856884922,306.4066291135565
2677.390837840545,-2098.320628040334,150.10852000267246,338.0450977027303
2935.4929696364215,-1447.8866739819769,100.89085542388852,306.5095673070999
1435.7509099500528,-1874.2769443513612,42.743381472931816,318.86708500089134
2735.7182460950517,-2203.207614372518,72.08716723732918,318.15267059891187
1274.1222364395514,-1767.9414547771546,13.589710108151635,339.9240378336603
2157.5370523949127,-1897.5232008449682,183.63203286509182,296.6422968001523
1569.545162639843,-2855.230769502115,257.4356619090883,315.328659193688
2866.196431248107,-2289.996267568658,238.94262474504643,335.803734172004
1929.839644549526,-1063.9352989703812,174.42600994028305,313.4912064345246
2406.4427894374257,-2936.3289730018028,121.97511139144504,311.74065927303144
1888.2413595262915,-1239.1089291606975,206.85194205150538,304.25404966418927
1684.9548445604157,-1566.688929812226,46.21236666615326,301.29382035196346
2839.893784945955,-1227.2681175546568,253.36514000766698,327.8527654150519
2055.2021311108047,-1131.1306975324019,231.82225827892438,328.1167249783957
1183.4703562300813,-1115.812483595624,43.73684507999715,319.6065128943077
1098.1635262473196,-1750.5734917200216,254.25842375132885,301.9847222871366
1899.3774874749693,-2348.8372314207872,8.003862348737332,338.27939122697654
2454.2074221328303,-1413.2006411150708,113.72048522180353,304.52955018424734
1433.1404219017977,-2292.222969891668,167.37793970687855,306.1932479317348
2430.6299624920584,-2300.905315156492,145.0053161459669,327.89145300764153
1114.3472444990064,-1328.9619829226592,138.11846806116273,335.42087566416
2093.0331750174037,-2153.861254691471,232.2830541326661,337.2502497923359
2937.032715810031,-1716.5366920008466,65.35052868252193,304.95560462890705
2275.8152836233294,-2643.3880755564956,190.0813916184111,319.57066066092744
1008.8625858470219,-2680.6353041865837,86.79704548390157,325.5187461060146
2017.165001631024,-1063.8993662161872,173.10473826051563,319.8614458177304
2301.8851414472856,-1912.3503350309065,137.71729336358092,302.99689456599674
1303.593125865402,-2613.810152424332,219.36495576856075,318.204694663047
1467.721758810204,-1770.7496431321085,12.611671771655047,300.1059260722925
1710.3699474969071,-2607.9228857627013,24.241335481150593,303.21700754539796
1322.7215487894223,-1143.5708191973488,24.980770615545033,312.192758577064
2990.6002796908283,-1892.4221848961681,217.29546040263918,318.59111910506107
2490.294962802674,-2094.606645746003,145.33969289347027,336.7836559921118
1498.7988567484992,-1108.8280111975114,69.62311082853097,320.7344612095533
1515.8162940155976,-1353.622202140758,117.77031069759951,335.14505391253607
2737.154808601439,-2025.7025165528257,252.63912147282247,299.54272068783627
2960.215763045558,-1542.874199046217,156.4023967676844,296.3033241232694
2907.9678655693124,-1293.4050112462523,189.33258399595485,319.84567003801504
2067.1275407181656,-1835.800336240547,208.1822637380571,312.2927473669943
2803.806579351505,-1709.7125945634978,23.725313256069185,295.81889023581056
2739.2349260205506,-2729.47884773189,233.15817302565648,321.4792439247632
1240.926775775172,-1313.634895251322,156.3237845489764,330.6455938571733
1992.5088739783687,-1659.692922738265,22.841227072408444,336.335454467165
2906.997174679658,-1784.374142346765,223.59049272081512,330.87932874889583
2097.4393592318766,-2547.211258781183,49.952457767264534,317.3732428443615
2024.7817121843748,-1776.58317569712,9.634209115685884,299.14982208386334
2256.641361175551,-1206.2557107208438,180.1765382494984,320.96957329001015
1432.9176609184096,-1019.0425033923802,60.73497202842141,337.62978193924846
2709.4685263578367,-1507.8689628639786,152.507678042828,329.76834673715473
2854.967908143628,-2670.3169331797267,108.89538735310303,305.3639763789743
1315.7731446712305,-2259.300126042399,39.07871677414293,326.09847846294184
2890.3034431312744,-2681.611045899319,63.76023890285309,312.9673783752384
1213.0309808900488,-2236.069054751602,250.80154335555153,320.45589676777047
2352.5753259480343,-1686.0006010850673,36.69062558750014,324.80405824743127
1604.7313732527896,-1378.595335892778,258.0028626286882,312.9025164091321
1792.7085536169718,-1211.8455313911852,215.78880337083623,332.9944276868334
2112.791419534212,-1159.2251581753023,212.21545842387013,323.1865423070716
1901.3357542655235,-2045.6203990709018,223.38868721794103,319.8941533512922
1403.9889551735205,-2998.860434311397,180.85798409689008,318.5908459155565
2261.8228855367665,-2485.473927298895,143.65271018150543,327.0501726848972
1297.7229466949887,-2558.352851710658,70.50918648988522,315.89085303680343
1681.0587908224675,-1177.3069307054102,70.45775673433425,316.10831255356146
1844.187155062874,-2323.2331107425607,12.355400111716737,325.9709118894902
1494.2056035411565,-2732.9109497284467,158.79310567390087,324.91293282414927
2918.5039103445188,-2942.3122777299036,198.27736565934651,325.10581172742485
2717.805716788495,-1144.1369546508581,52.26036028495216,306.39701047282796
1490.2786777330368,-1610.3721219230672,205.47435122527352,320.1192040276179
1361.110202995131,-1190.3518130297405,53.98174824908686,298.49960251317333
2002.860572804775,-2005.5477465962863,87.15298299854071,320.70854201458855
1621.3762007067023,-2566.5398937818463,27.543140636571408,299.9999189809147
2787.205619363305,-2459.3271629274823,13.122307844357781,337.4652374824753
1523.2980070897427,-1960.0478863495746,73.67200125379195,295.22519649569136
2862.8943916876005,-1854.0746370994607,74.36830288017218,324.74850257335044
2726.6068737300875,-1921.5223451553265,69.97196371960705,331.6737147007963
1356.8096953459444,-2732.748231593148,16.380707887436316,320.048513375872
2548.301921780885,-1274.798431841389,201.94455161478888,319.6039388802882
2330.7532324385948,-1272.9703046912182,-11.19710774075083,308.6643362949868
2539.0068214746034,-2591.917063374994,167.85449224939475,298.05233315708216
2775.16425033314,-1427.7425493694652,190.2674155366422,301.7304466453922
1478.0962608901523,-2036.4108148139767,177.85866053755853,338.8941721323561
1691.698583645899,-2515.943630536958,123.79634022659565,336.32771329015037
2601.7241793471294,-1269.9877757931138,99.83123656596143,326.5349974178727
2319.745323805945,-2923.5818654781165,174.6428282259528,317.10781567481445
2577.557747913387,-1402.7116645337064,237.8259717521577,296.21151321776995
2906.1361270369516,-1113.61786943135,6.814669208445302,301.29347051282105
2007.9043970622668,-1854.406633702405,-4.83097043537299,305.96966667295806
2138.345303841341,-2151.4884046469906,-13.560609903804606,339.78953490179254
2435.9884654518573,-2903.172823371299,23.20805099604786,298.98348846456724
2988.1467255490898,-1377.3588538246422,122.82056149995162,322.54775606685536
1499.1360118496182,-1983.1266806841495,-14.932093409547672,298.6086231129793
1491.2433253700567,-2257.0841020727016,10.282914046397057,323.2554557927389
2804.618990349774,-1238.2836859836973,31.04811857606981,331.87383955563223
1186.2171437698348,-2143.7541148257974,105.8188658035502,324.47237244502276
1631.9243440362,-1886.1695008778097,104.55343098083405,310.6391146600208
2744.695048320828,-2617.800163293627,150.38726443370157,300.73080882882715
1795.7268972965285,-1392.1139582733242,246.72849754104027,328.0570493598369
2936.407330525695,-1570.8513769079116,133.52716709927316,338.8230033868408
2752.9910849627045,-1581.1696358577321,245.93809540536324,310.7990117604914
2177.765692889763,-1435.4360216483024,254.28643350924892,310.0671785080649
2100.5620797939505,-2717.4282457653003,203.82263810678444,297.5230177132949
2334.608468543058,-1859.7407308947031,43.066296241433456,323.158856200424
1241.5216631315814,-1187.963268354859,150.26588068390197,317.14622997302706
1231.151140271043,-1595.0849767202956,255.95314232077737,321.2479527909332
2905.310523428395,-2856.1413021413628,131.59779248286017,324.89467783320123
1223.9220508963713,-1609.3139618189414,221.60364897429903,330.04023944574124
1614.0374247682485,-1754.9801856546287,174.43703511647306,322.8488763429619
2151.9700745896794,-1051.3596991463157,92.86032797757319,297.31401164497265
1814.1963562032647,-2724.448940198491,258.22409374059157,338.3864071666875
2195.19649880023,-1533.061946874546,75.41064948575435,330.5301098743428
1278.504141018719,-2138.248153582379,155.42101947188914,318.2558877792364
1991.3038008904498,-2420.954619049089,104.15399270342876,297.4549265073402
1827.7032045425574,-2980.3977779843663,34.72631416015814,333.5219183382536
1361.438764339063,-1472.9460104689465,166.94475730905216,307.8578733780974
2576.4837944178544,-2908.2573776368013,98.1528705358889,332.3806225112031
1600.7725195454764,-2638.2109470261703,23.64566509033837,319.67594297302355
2070.1527179828454,-2571.12114078774,99.16161189474293,308.2560030877217
1971.000037231535,-1708.295003667575,121.33989344237966,320.6460238014286
2563.47881548064,-1745.5343717357973,67.1638862274149,319.6130672326742
1389.9945516595162,-2209.7425310300287,138.66531932150176,295.78917546957587
1359.4606399537056,-2298.0196835005067,32.872451316123424,326.029471873318
1881.5290315922452,-1043.3477085453349,81.34663089646456,314.9540201894668
2005.4489191459606,-1377.3154605589589,233.85725750391114,333.41843969725335
1034.9830567917618,-2518.5837771252227,45.97510424747054,336.4791105778146
2562.6699185500383,-1693.7672718891774,80.54023637811612,333.6262790998071
2549.5275587102005,-1071.0034191950087,178.09278059875103,318.90733522990433
2953.284500314833,-2444.6257655860404,218.68859064805048,300.08567273130006
1462.3764118935214,-1742.5322750752487,117.31780579164277,322.83910936140774
2348.435582778284,-2426.512735732578,89.7094608988415,329.12130218997777
1339.3260772209828,-2668.043308831774,233.5495615225982,299.53107381878806
2250.835322901321,-1567.8909867824236,35.984297732355586,309.9961952461474
2292.9527059154443,-2163.9029179678255,7.875628994351803,298.5417648911013
2542.8988203882454,-1692.213622605828,155.30580853549975,303.2915356274514
1970.868427415251,-1802.5339886796896,108.05212783911274,313.32737697323387
2262.4869645397002,-2609.7748966495574,9.579408913596378,297.6513773323557
1404.0652722640177,-2036.1311756682119,162.36138545449728,329.76290586833693
2735.2614808010803,-2910.913631538464,35.041152715745056,327.0944431686164
2390.837984038088,-2353.6676938098317,256.9556794295617,309.3335318110151
1317.3754084408038,-1080.2445213375552,207.02282282461604,296.1386435919893
1578.208009248433,-1437.9136186418177,78.54825698298013,339.75788340802455
2612.716773951676,-2071.024597832174,177.47914721866553,306.18692175990446
1695.5412863575843,-2928.7081654101917,-14.075678096647362,329.3616695636525
2670.553466259875,-1335.8631812968183,5.472632854411231,339.9206442680962
2002.6848408129722,-2915.7929435482797,31.425097577603864,299.061197014715
2152.9937971752815,-2965.572989863366,205.60256925270855,338.28103204115126
1028.6329718744576,-1919.622777593556,196.59104813453877,298.6355395078522
1752.9076179761228,-2195.273354043776,232.8836620263797,317.40125801008736
1612.8166577120842,-2608.3460550258865,19.41868289565064,319.02757559855075
2910.4109393095573,-1377.398721905642,231.68963967398074,337.9310952949743
1724.8137338055822,-2361.6759300415856,119.62027405669278,300.4295422512474
2801.920068539895,-2122.735744392236,144.76991505344301,332.52332049942135
1395.3725650697986,-2695.0134952248873,183.53163981715272,318.0470865095733
1661.1157417232039,-2042.6429048348937,119.4249318081865,316.6782014853344
2479.3389680314804,-2651.460127376097,93.78712393326566,297.04876659296406
2403.1062759493766,-2657.266698568663,118.03566708501691,329.7648557384629
1884.6596355490196,-2219.060381191824,63.38020848261003,311.325965328188
2314.8309364542674,-1810.3624217652748,210.91426711626517,310.3257995772998
1682.0852481158956,-2243.5726957693373,97.95831366690598,327.2007863940797
1845.3230306576302,-2760.545504331621,113.60755162418417,301.4181467925016
2448.3271006849586,-2205.7176272846327,37.15362646847433,297.53548379861155
1507.1587312856393,-1585.1740966533937,155.45964758503905,324.73101936910354
2703.1094999183533,-2317.786631009354,58.62400405856829,320.03319978621164
1853.0532094688763,-2232.948713159854,130.02300850776047,325.9573704771862
2222.355741701541,-2593.8440905389966,138.92333741461934,333.12108670481956
1887.224029793757,-2504.94744150545,71.29491992816011,300.90895224853085
1845.1316872061332,-2917.154529667997,219.25738485079182,337.7199676293638
2796.4376147139783,-2855.6350590488473,183.5579769545114,318.77273279843126
1848.3210255533725,-2328.9438389054703,240.7146704306374,325.81027496856126
2337.923546389383,-1566.9849264358766,140.7936108590123,320.95338400187853
2852.342034089058,-2365.852468237419,100.24366089012094,329.37578365861475
2707.7744059583297,-2355.843020337208,214.59413284778165,307.9043506190863
2291.850764345114,-1668.4559213813204,52.11666974131637,298.0812971430928
2702.1331331140123,-2121.8340381794546,9.559733549445202,330.96084215346747
1839.9718205997056,-1044.114693203134,8.584812222672536,334.9971569117299
1976.6923113914486,-1076.4805227212685,35.34239061815468,322.9210232173548
2756.130597321127,-1987.0054952447008,257.789543882008,333.3895855170867
1678.812745990427,-2849.870477498356,220.74234655308098,336.61816995934896
1311.8599008554947,-2107.0812595423818,131.2864850840299,308.0166786085307
2720.662003389247,-2155.562790395843,211.64435596105324,333.2734107116732
2710.2102794212988,-1690.5454553422255,198.45918317727174,317.983890563164
1234.9458661169701,-2808.213919196688,34.4969744545307,308.89933218235785
1727.0092559731966,-2785.2879572404504,249.5347396645111,315.8469323608942
1871.061693681786,-2942.4193974735067,103.20508573689342,336.7844581981875
1719.7254396231945,-1483.9767443578926,25.42629576744318,326.5825798912153
1619.9582891436776,-2653.358724602882,82.419998574318,313.2032353233837
1903.0008988329864,-2990.6254689980465,236.10173245305864,305.05510351301893
1124.3989789468303,-2578.5334831955834,32.23373230208853,320.70688814343765
1580.1650795407386,-1537.782417227357,148.0734931001785,324.37361718195996
1248.377627883522,-2999.0774023182144,67.78960014006974,325.0480697424344
2103.95903660247,-1608.614064672371,2.792129351597989,306.0885803272416
2974.9261161360373,-1843.258618340025,82.89449569091215,303.0940209508169
2205.840836224701,-1254.5063664898507,193.8113509660853,331.5713764703809
2259.323196313522,-1422.3744610219783,248.02415081300614,298.8471110259564
1967.558372661771,-1829.8471003443556,60.678757411113295,302.50332918464807
1281.828761427106,-2381.883314252432,143.1434783562279,325.9393249138591
1201.9491284949127,-2682.2324407809165,157.17241349664215,317.38394025943114
2944.0518181298776,-2726.803231649763,21.270634950569736,303.8143684312857
2595.5621932350673,-1578.4102807277898,156.65259429935202,310.2733567016212
1378.1841564404801,-2050.288597040098,225.85419448965527,296.8637230696405
1390.387607191071,-1199.6775378186778,105.2371514266928,321.62641231787245
1469.4435392288865,-2815.8002206655856,90.9180774387924,296.1382662592847
1707.517689042599,-1983.2627531082137,178.2302666682143,298.12178897578593
1911.3077592017257,-2306.316041206883,187.8128368611935,316.03684160415736
2182.242287939245,-1425.347155628285,31.05637956877927,308.4066690377798
2106.7363354541358,-2937.744433076386,204.54562784660274,295.73933279044525
2669.592468411058,-1325.56425917044,151.59844792339698,314.6709364336454
1293.8228618601197,-2478.6689479235447,220.95312884322485,316.5503816842503
1661.1516259538055,-1054.770922308855,-11.391387140723396,315.7181410581821
1967.783034997172,-2885.6585602685836,223.36603734787607,318.83369678208436
1138.8682396970794,-2012.5464720661594,21.381283549408366,339.93410339836254
1673.2722503079995,-1659.4219097783307,135.4085609077205,334.9272956999754
1099.7777639356684,-1355.04062346091,17.975337784458752,316.5842262543098
2132.5364014433862,-1062.7657885772578,221.75114176486844,295.9546714091016
1370.4279671901845,-1370.9861502995323,38.68916810780092,313.72136697084227
2305.0595128815266,-2499.4615967211716,161.41033930335655,304.36749175132434
2724.7209915528547,-2863.1054579010297,11.891270871613877,315.6931690592347
1554.415600106675,-2265.1434360304484,168.46722499547045,300.78634232031936
2430.9653054721202,-2057.6004976012505,14.904565189451965,317.35084888827083
1175.5697174626937,-2010.8809458014766,225.22320471609348,318.54610643276027
2473.562462528065,-1021.2034436717308,220.28231776041466,334.47414089656263
1578.1952354823648,-2857.1334909578745,143.93802637824996,302.5825560258511
1335.1686779087731,-2893.1209769907227,98.73990582459297,339.13216289654827
2763.3550438857055,-2395.5742997456705,52.030343912377546,326.74222858896064
2178.53556040843,-2665.0101179133217,110.57967295739795,330.37182143450366
1793.0369377629993,-2479.8277536946375,184.48006030219696,329.6697802714515
2093.8350417993543,-1484.8731164480405,23.463393114747518,317.3211631899599
1843.5347487096356,-1799.1294519414807,178.77986373300897,309.52204622003234
1955.463841502125,-1669.987321664838,11.298151456941415,325.7250658472314
2888.313204133081,-2893.021743756331,164.22559699098196,307.8679891381737
2435.809987252498,-1810.575403566323,66.91601922384889,311.53361923352304
1329.7058407198065,-2289.5875167767626,203.5149640248383,310.7760634427817
1194.8414965205116,-1132.1135051022172,199.44078034734625,339.3984875167778
2697.981493653594,-2704.377423726459,-7.904735415308837,301.9529521482912
2478.0941480604147,-2475.85222270557,73.1995194178006,307.59147878013573
1025.6118078601355,-2780.8884481975438,49.737846075449326,325.0258204406159
2316.8321171919165,-2206.126794302201,238.26618297447885,303.3384672684724
1905.5240543041407,-1003.9669774523186,5.1944757089512805,300.59305316363816
1130.2578096962818,-1757.3306622780065,246.01649960618164,333.6697370915339
2074.28649880926,-2511.1438110112053,199.06126551069053,335.2203932061727
2978.8807386599674,-1413.5266249040544,201.29886329039041,319.5469112202912
2320.0495129155906,-2644.416175035792,164.4014795874041,304.8256368248232
1524.174833481712,-2996.3449309365983,166.34635185028915,321.5274659903773
1323.1586831055113,-2366.1035817161346,58.352416478630474,297.3991794322688
1817.3203841492198,-2367.914445861704,242.58695567918278,331.206136930384
2513.3874280700115,-1448.4804932215566,218.40911119960035,318.1616950663617
1214.9063363466985,-1569.2791477084897,14.639661687968445,315.21769005059883
2185.797628609241,-1398.359180043526,6.708516707612617,314.7218621488403
1396.8855383958523,-2640.5186281543224,104.22512033736264,325.2011383117975
2649.8739703958718,-2714.949917621402,128.32291216485234,318.82883582147235
1230.6019848353817,-2811.2222530741965,127.4917502737431,320.8692718695601
2578.5324093924846,-1155.005652249909,153.17716527184092,322.5120226755834
1660.7014648268587,-2621.412191568477,-4.165849944243188,315.38595062572904
2865.167612447894,-1158.9373323779973,111.65603721715495,318.66557516001876
2290.113703306586,-2121.68910190879,93.68589325026754,310.45322725013637
1689.1903075129462,-2376.362418844064,163.60479385895792,335.9077833794545
1499.1303477719057,-1737.4901101116386,140.70467615660283,330.9525402220716
1259.4601154693262,-2952.377633276987,49.2502061578346,320.0025459534996
2272.974220484497,-2642.2624917259527,18.93851722166871,316.09382897919323
1263.6354423441562,-2859.2626303652323,93.59864637089898,333.18781176608013
2521.202853138159,-2938.8064873442822,60.41971882992188,299.7450377701431
2964.603962254667,-2672.444292382663,28.110001621937343,309.2089317641714
1231.8283218385936,-1541.2111401864183,162.67029741690595,332.7408204621917
2132.9595716314325,-2756.9852863564975,99.28569983773345,330.52863663522265
2675.5320694813563,-1049.3168840414387,115.24658445978937,299.4235395635645
2479.191237200791,-1411.5232714609015,66.0252004934267,316.4079873353506
2154.2220294914787,-1659.6573887131967,198.56735852226325,301.28921774464925
2522.5680361388877,-2302.7028651716055,124.33611901379498,331.7497602308984
2646.1578716615486,-2538.0840732500665,26.34520342111633,319.57182935371867
2632.7495495181365,-1476.8889932433792,199.71601446516652,303.82738867373826
1162.288039441477,-2901.5024435002065,-10.702531223586547,309.5884046281277
2558.562646998058,-2116.318925548195,218.96134656222205,325.3176865586909
2363.88598040171,-2808.456498319899,141.6179116669114,295.93375258818304
1466.6958260462075,-2689.534244673992,221.39201522928795,296.1256723625102
2084.8963232862166,-2174.8935548345094,191.33319171941392,324.4564192727843
2716.795739252248,-1640.3239208603882,109.2260811201522,320.0823202123868
2191.446288970731,-2292.379454846212,83.3035909434133,336.04169414454395
1826.3777393260862,-1854.662772887195,238.9870857717121,312.57158791273656
2447.251960798313,-1417.7234826796005,127.66363502587336,309.3430233138674
1491.1351142798758,-1194.488013960956,0.8114587381124458,295.5742033345705
2897.7231786813663,-1024.8986132642601,59.52589324964532,310.9943386847675
2275.892339374003,-1785.5615079189697,-6.893068527148458,299.04611106071803
2243.933673435954,-2609.9153493133163,185.6862514685618,326.2800178292859
1498.0613665842018,-1918.584985716222,122.5909438398997,323.6955338069492
1899.1282453207912,-1972.749631332141,135.74423080944484,326.26174358887874
2578.9536792863105,-2797.838768656049,217.94338471487194,305.8684126934681
2603.999242336571,-2348.1979292673795,151.18528548794976,331.5731703997012
1253.434992186362,-2291.614549057121,253.61998517682713,318.4610669488326
2643.9279582789422,-1660.46764779996,44.55232279868311,336.2761272040993
1776.723020305044,-2215.680970992894,13.954753512700144,337.17532779396106
1393.5969659797865,-1493.9534530186572,-14.5318783850212,317.10815295701786
1127.01858080804,-2990.533432291371,157.9636389032249,327.9205312004411
1982.8551694484008,-2775.2828575180324,221.78971549904364,324.29913919870535
1153.5134714979918,-2606.8109325530986,191.33720901613896,305.46131848489694
2510.4555759868945,-1001.9679987784295,71.75190901800845,307.9214096648422
1340.207369809903,-2930.3459019694815,41.6655560978288,319.22313165081516
1605.563769261457,-1029.009064185141,188.81753019745736,337.59654905766354
2727.587736005744,-2506.8720154049124,-1.0358900136190758,337.54380588213314
1546.8903540837637,-1055.0049461344952,202.3401887594987,318.9971715757669
2636.3150632912975,-1783.8596989150367,126.47713363464345,329.668141118038
2404.2390221662295,-2600.7130948644954,35.745832236914886,319.1595059882508
2243.0085226817255,-1124.0468761801794,60.93364015083041,315.97491377124106
1809.8502839471369,-1878.9782221448124,206.27566091787278,336.0762501945313
2455.3724715435574,-2387.103587786715,200.82152713469358,318.21798396534894
2695.2994886934503,-2429.473682128254,228.405510271996,296.07758344154945
1088.6056883274262,-2593.024966857374,74.05593359719312,307.1250416728931
1949.2525498113237,-1100.0458332001683,233.93506023852592,317.104713605565
1426.2933663095282,-2288.4391519570645,153.9721450018222,324.1716401081526
1536.3459494226495,-1801.5958257423167,109.69776590645924,323.6506471280313
2947.126205482793,-2375.600039067105,40.52932152735908,331.2535212774379
1671.4732668490742,-2037.3671102278513,249.208073176519,321.7788145906503
1920.5942942779625,-1103.1813855691325,34.518332238037125,316.47464866707935
1766.2977188561115,-2925.4750494196064,127.0377533912376,302.9573840315726
2470.7401166192376,-1570.3312641838158,9.764853336499318,305.30484197696785
1654.491582798737,-2080.8944648572538,218.8412501251019,311.7471203411659
2989.1017728822644,-1075.3247003917552,234.41566569211966,304.99264443959726
2361.1751927962196,-2767.2555202016683,200.31333614590983,333.8567384160803
2035.9777382077923,-2727.7380421339094,93.47835963017582,338.48216423322935
1283.2946560856576,-1499.0414250204788,124.87908387516353,313.4497123465148
2996.2528402738208,-2660.6135096501407,231.81007607100452,299.0866863586007
1159.3675999235365,-1459.5377506493073,163.76866047272446,321.01789106222634
1936.1429242370723,-1996.142560549223,52.79660534231485,334.5311448633831
1406.654060075668,-2970.139708211969,12.90653705363981,337.2902217185801
1497.1141552896536,-2146.2867140034978,140.88903967365647,297.90262249869727
2805.7049689257638,-2359.508005939525,119.96245563012977,319.1057261470038
2097.6771159532736,-2131.3943203548424,89.91031897961889,299.0795092901604
1692.4331198042178,-2233.591448922053,77.69298353702514,303.0583642866105
2483.1550391296723,-2008.4337112793805,42.04163799686716,311.4034515167633
1038.9219388849701,-1201.7631535346368,96.32545673687126,335.69027125829825
1485.559557378112,-1420.4047075509736,175.82268224022997,302.7522837133892
1143.3405073415527,-2876.4176160998854,139.65061240621242,305.54982639101354
1720.985099325418,-2677.7968260679254,106.83453896260353,302.7458137449835
1087.6514821507724,-2013.294735467878,10.82831034295781,318.28986121827234
2947.05202727367,-1215.542940312759,146.5065530083241,318.29540793587705
1804.4052196594807,-1247.8227516692657,-10.697233436984547,309.5114261246321
2228.81010247346,-1696.7951672637666,59.88222507768542,315.34849030093545
2602.489742255518,-1003.9979745010487,38.00981649952533,326.1401015117384
2158.7994846510946,-2922.9310986444116,130.18919104563054,322.503850303017
2393.275939606073,-2651.1820651185576,220.8084485129349,305.42830080444855
2293.7806591210538,-2514.576449031889,145.21440500903628,295.7075976134658
1909.5505137905438,-2588.179106669225,60.95055554432514,317.7700123419572
1725.7020308636647,-1919.674448150746,195.81063023644177,297.4219791523403
1640.363183766843,-1694.124178173914,114.78809429286588,303.52370037836124
1706.4020145869804,-2832.4785597492923,0.7880308152734212,316.4225168057125
1522.7684221506013,-1960.6831308971068,117.43718402003859,339.20711181365687
1325.0584015192055,-1173.5720352696383,99.09055192814373,331.42598558876057
2280.2529639430404,-1051.1637266372934,143.40161170203234,337.9427251411829
1574.3506167134933,-2796.269977018978,44.584139234648184,316.3393790707107
2107.21307091956,-1186.9971272452206,69.76945479050032,312.69824132828785
1020.5322069712548,-1946.0122005522014,221.4432632832825,323.4013330981884
2036.3011335495307,-1510.6638680718595,259.4300100438692,325.93766210812015
2675.9069586440455,-2659.772117379435,1.4345207403998508,329.85776603045156
1643.2822293540137,-2813.1919581833204,122.03903494769682,306.1475734522672
1942.3767572722684,-2699.095686819298,30.711217533921904,326.1636440394719
1672.4097765473916,-1342.641147065335,166.05929424131168,297.77747211465163
2528.082911666701,-2064.516143813584,30.723803905829833,312.3759428739059
2810.365788841711,-2884.4322651446046,91.33121359968705,312.099628388808
2544.8225462602086,-1004.1916963372109,21.056307330125065,312.9101645389411
1929.8238013301434,-2330.443994307394,238.53139321533817,328.3785363162408
2232.534510132192,-2351.152801601427,231.4916937370971,301.4755998161103
2219.4012275903756,-1921.8872178861595,65.80210680888455,325.3678007180101
2068.6246883905624,-2440.9631906190275,164.67727459143416,303.63059118573904
2702.96248293395,-2186.3271245280735,52.31748752658629,309.2699116047048
1956.4097996562814,-1395.9734858228787,205.82432679041028,323.7604372109224
1037.3320104668999,-1030.4459040029415,73.73576688543729,320.18645594649195
2820.2815213579306,-2712.361117824149,43.185795069976685,320.0717781121853
2712.0417903886264,-1029.2574185532987,-10.018620170682723,307.89497648579965
2667.53841116832,-1980.0355648546574,49.03817533714728,334.3933238406691
1890.7499327274077,-2517.174420379265,5.420717303049649,297.1617668340349
2866.689294975381,-2999.8156516484246,38.76963344547177,308.43919099885034
1923.2116853290142,-1363.8747405870934,254.00802637041767,307.20683442012296
2551.1476106067676,-1508.9997323436287,92.26556812227243,335.98201766170587
1124.836903808574,-1707.6186740389514,78.47936985457821,306.0442213342918
1900.2497879536731,-2489.254889596181,228.05361126501464,312.8924631717431
2997.4446726825154,-2749.204611185236,102.31389882811737,316.96051870870303
1380.5219352506595,-2941.9453500146674,232.76402125977023,302.3150110810487
2884.631534239184,-2553.049183111029,156.39150189305184,320.9531444944991
1337.9575418313302,-2126.247166999147,33.364457194165546,309.7319789818539
2672.871768244019,-2461.2560872434296,258.5954740486933,322.724609712845
2623.537032067232,-1941.5360331547504,109.21805183081706,314.66925101485145
1682.345285797749,-2672.9054688946285,259.93855376002506,326.2385494130939
1678.6231256551137,-1987.2250848048652,257.4296772169359,311.80555160368107
1444.2289674240553,-2223.7813273654874,52.37032710624449,326.8162043820253
1095.4404596573718,-1096.9448258226373,51.64853088018076,308.83877906148507
2759.9369326978913,-1572.445509084975,197.6664459003796,310.97537959431475
1818.6868920926258,-1373.6538174253328,46.51609904082396,313.05173260826456
2618.830036019701,-2903.7687864746704,82.14808209941036,327.9636042405701
2626.96079232541,-2989.794618331557,192.04465115680884,330.3393063333585
1254.7824341795074,-2687.8156266591213,175.48342683628482,304.38250604630446
1241.3522722903997,-1416.6989703496783,84.41672786829105,339.14897537186283
1933.6953693649702,-1810.8707421801291,191.52987087837602,317.3867468843687
1726.4896644571877,-1440.5114211779746,7.126340447416794,304.8449440996043
2691.969862660855,-1429.2257226992851,223.19592129646864,296.6704962312893
1519.125416066101,-2037.604677496281,-3.0926011297065603,299.6101503141355
1874.2053818999148,-2796.3880985907576,199.61495429237144,324.93848795400356
1046.5062864755723,-1556.8127561348092,115.0308796487057,338.4692077084067
1223.3381341357651,-2826.0128130143544,-14.222103439150327,322.79216620895124
1499.3824348402113,-2727.611049283183,35.6354200890413,317.1927010592674
1090.6766067210626,-2633.9332251215305,180.83282266280062,316.6872107328189
2665.8592393944837,-1726.038205925771,131.53123228092147,327.4819602948264
2065.5902599429946,-1410.0928943680408,177.4317487086114,334.64834809391175
2683.920082741688,-1244.690761795155,107.19243520239667,308.32223403667984
1245.9310351342494,-1652.8817651166162,25.195118488157817,309.5851926934801
2615.9612586771136,-1811.3421915057404,9.609618904918147,300.3731667881445
2300.5055957310938,-2543.0388267936755,192.60611780633184,306.7605242986796
1688.3848494792574,-2189.7583714356706,78.9727650334238,336.5910875662468
2370.3344257378585,-2200.4509476985054,54.625351841910245,338.06228401677686
1506.4261233958757,-1594.3467543090414,138.0107304644995,321.0707404679969
1891.6490719412755,-2437.5677946207893,245.6508610274201,327.897579539748
2688.8205865797922,-1879.4089127102166,41.893899513120544,313.98265873974964
1987.4122919913507,-1543.1524758033083,205.39579089707806,304.5008526766796
1092.374265740878,-1565.0402820971067,139.96204585118036,313.1485796539633
1374.7507857346936,-2122.9469776359924,166.0739083120114,319.6170156801203
2099.127217807888,-2564.1649000722855,119.24991448756856,295.88220477496156
1898.381840695149,-2556.671106969274,235.69976712744997,314.4254155511344
2210.1101252733524,-1774.6750484610106,3.845078960686294,301.25056792524293
1567.7037830878937,-1020.7056920857258,75.20721718013856,299.9988854856743
1094.042449522969,-1625.4333246360939,125.54729016675853,296.978165618527
2515.6198037642375,-2601.4962602542,222.21024599731783,314.96340661987324
2329.208991492485,-1864.375342146731,44.28529496951179,328.65065539115255
1388.5890180543897,-1212.0994076358224,215.52992480296626,315.20107261300285
2301.615476748802,-2378.8061058634657,-5.5722422450067395,297.67704591033674
2711.2668943048893,-2052.819700672697,105.98149172656517,327.29189868318895
2922.6518343456623,-1204.2541637728152,3.1392544941514267,302.8776964054843
1509.4626779963503,-2212.8808942461255,142.6061443251323,303.8270652557215
1330.6064045357912,-1232.885401682599,171.3047176234498,301.4413279016835
1793.9978965400094,-2962.35734122675,52.88685540273471,306.4416889396827
2836.8527359813424,-1777.6182860815995,255.45146337286377,300.2814314026846
1218.804099454731,-2597.433109062932,145.29445897611723,326.78447969491646
1814.5533215687592,-1027.4906931589778,144.64429067349195,312.3527061751234
1721.7470730994467,-1806.5669158591322,14.500398115208643,307.6523314567369
2565.8405074473553,-2912.3638756315613,61.89203136034763,298.00970850009736
2213.082972790763,-1091.9607766028823,-8.80607565932107,302.5160679942538
1975.5739516548872,-1216.3638254342013,215.9740289721687,300.68353890693317
1500.862329319467,-2180.539381357407,108.2218642459203,312.0103349416328
1417.7136281514447,-1916.99178135026,154.30256446628024,301.3777924290948
2832.652864711851,-2479.9073136889806,116.12973406283189,298.15697430766744
2858.208756176484,-2906.2246893886704,-9.251108202196203,318.55078351449805
2462.5826730875165,-2838.3689411898567,42.12282649216646,302.1381646206624
2406.719713515252,-2013.0999944464943,216.72704934917283,306.4744377891231
1169.1349201097019,-2675.715052882218,42.88107953937336,295.6428314545299
2776.316801247611,-1224.9444117061928,0.1496660127230225,296.95285830740926
2276.3161519123696,-1466.4150587977942,200.936509429006,337.4243774291168
1199.303177804552,-2810.7402090475302,159.19225474287853,333.73269459626516
1419.4486055822808,-2879.6457270871024,48.49854061109156,337.3525681023235
1334.7522445144084,-1722.4915078097702,55.181237117485836,309.6238251927124
1558.4940419794564,-1685.6666497698839,182.996829618281,317.6816189407065
1081.6740320966192,-1670.6436368809236,-8.948500827160725,331.2155894695301
1107.48802471847,-2219.643799439187,211.98474613512684,311.575420582543
2721.809295120096,-2303.301731495786,51.14854433598242,308.19688617650866
2656.603860140027,-1952.6828542142005,80.80518992055396,296.26467133162845
1603.886544931382,-2457.5678941122032,136.98622025212364,323.87258935018565
2191.6562286485264,-2420.0679469791003,161.88870473879393,338.8687468152768
1791.2852282014028,-1384.5907443313815,94.70463071391347,324.3304765764683
2721.152604956772,-1610.8515496541438,132.64279465595854,303.0937042090893
2692.0880825484405,-2515.774400554608,114.2183170521441,302.9285423401365
1970.1672982349041,-1474.1821302329672,240.97681288416712,326.1891281976998
2746.4612874090126,-1250.9661965881428,219.33750266616968,313.1821322636917
2744.7829858222312,-1261.755296804574,98.05909318092341,310.05622894219863
1836.0188723361289,-1746.6828614339036,178.94127870670397,306.6891973366048
2264.6412902391025,-1602.9892306284253,86.86063524388629,329.5635365006724
1944.8311557432025,-1592.334229892003,110.58116861546169,308.37157149866016
2941.8322404815162,-2466.0551969524086,257.36435401855607,304.3682375927538
2205.8005637602796,-1252.1875698306715,243.36948049062494,338.463679645616
2444.755456609726,-1936.6585552508939,182.80100419202313,304.88132374510843
2820.6320252953637,-1150.1611222027018,253.21889064631415,302.2422705717447
1622.6511829582614,-2800.586965438639,97.44238262024797,300.60847489723915
2444.5713179040977,-1678.6915544864773,155.38360280024355,322.9234067351093
2273.4008387701397,-1277.4752916224918,16.045430385736637,338.05212407652607
1642.17988528677,-2222.584372449402,212.1247773824426,321.06989574743216
1534.1394918774495,-1906.8233219336546,60.77734099092662,295.67488346488057
1896.0509642375994,-2019.3738175025383,176.34735613950437,296.4828447284841
1450.3233817318612,-1900.1049928309665,149.39743053615095,316.5305058712997
1596.2567192695287,-2982.7668261815934,141.20145980799828,303.40776694832886
2232.0065414401,-2890.709658556072,170.60191798830047,322.9876487988721
2242.1676817875627,-1440.5852362508804,204.7468843451053,330.50708498263975
1330.5120094668462,-2115.519085860702,50.818807527873574,317.97117629131475
1403.439316209698,-1944.849560540789,41.11054603469333,297.17815965020316
2763.57795750477,-1892.4181487602561,166.11069229268566,324.0751322611823
1994.3590804931691,-1726.303536449096,239.7752624696636,297.66980908569326
2057.9986250186976,-1433.005329363372,126.58344070491083,323.2746599429458
1967.2669004810896,-2687.5812690568473,106.6952175285842,295.99951740391396
1947.8372378985007,-2673.559188022783,212.7967505406551,311.31633249568046
2750.3051506439533,-2725.6649154980555,203.28183753855288,324.6895620734909
2934.1115075875,-2730.8461284293244,190.42710388844483,323.0070523452478
1693.3586282416254,-1900.1549935154608,2.2309728130609763,335.4447918544722
1917.435182806299,-2312.8421165189097,170.46140249809014,323.4219146912666
2805.3640481094544,-1751.9029773456355,30.313635409279826,330.051095179965
2921.5069809134575,-1384.392590661447,7.384511520219206,325.89722289366404
1964.0236443635663,-1043.125476588097,187.3348445807033,300.75870698702084
2529.4711433304756,-1861.2844920505136,73.29282420699668,324.51287158373634
2823.7438602437383,-1586.517879222888,163.0380299763136,319.83840739668085
2823.8910081681834,-1596.246560619052,230.0929116572942,311.5009803815881
1089.025964248221,-1993.014072724434,17.527852063607426,304.50127646379184
1068.802639587849,-1917.424923263524,252.67157729666866,302.06724748291833
2638.9539370251596,-2812.891794291058,233.92448185166964,306.1428088690264
1141.3686412847865,-1367.4266772977385,250.68313806298903,307.70863767016294
2084.6533712731994,-2966.9736873758925,31.889526074451396,313.15905285899817
1407.2672394934673,-2136.729390426233,134.42330179269217,297.65196800738784
2636.2242186913145,-2069.736057160707,28.656813596821983,317.42019305297435
2824.4931281458285,-1181.1966400449862,199.33240737789103,313.09921924311436
2660.1177526541223,-1697.3946735661427,49.38816340885512,327.2901722824646
1584.4068582280781,-2421.5359775841566,101.88673246015783,336.2071378134379
2628.975471153551,-1476.6265568600945,40.69576670059362,326.9100414375835
2925.1632768579484,-2735.4549125394487,131.70410928523012,303.55424992148744
1248.8680916805356,-1276.013920178619,9.37516568808946,298.59421042902943
1360.2859718364753,-2314.0773928642475,224.64605113311308,302.28027515367233
1697.5582306279746,-2669.119024880102,169.34131332224007,335.0784948878475
1658.816090372129,-2005.5115537418649,93.30189117585131,309.0087001093642
1713.8446994537567,-2535.4075076210247,83.1221380543985,316.2798334683528
2329.249646236218,-1601.7501542220111,160.03409111340187,327.91594621723885
2616.517962971798,-1081.7075088432089,213.0308107396096,309.89772819770786
2370.8908047661716,-1862.9149960760938,50.701938470864576,325.39041027788767
1707.3142037859272,-2641.5244738105525,69.76609940950533,335.74091391157776
2178.2338508624207,-2790.1514025215793,133.44936305787908,339.5333518956925
2801.5229382552634,-1107.2787038115694,33.64315202744675,316.20528463786025
1803.5931388487302,-2565.499930041203,151.1002282048452,322.47142410063685
2110.245205249849,-1889.7704445703152,227.7353764615248,330.38712661176527
2736.6967096137546,-2577.7702639526888,177.0457322213648,295.12848913791777
1721.7758475768624,-1415.997700893167,54.67895355486314,304.4866530826647
1651.1535413948752,-1749.155569353239,192.98779189897763,313.26526469797733
2280.728971924295,-1459.403776099037,181.4471654790701,314.3328926527665
2260.7928231014384,-2690.0827993662174,2.0115223827719255,329.04133129747646
2540.74450184499,-1475.5948854290523,72.19606955604397,332.7338395304274
1619.2736981334122,-1089.603783467953,115.66248499088204,308.9523149860116
1154.0407069351206,-1639.5235813663683,116.36956279449373,334.1460581507392
1430.6748724981135,-2444.923255044342,129.00475614581998,317.5916355238024
2806.9522827979617,-1850.5816041702585,39.18102417848326,304.6833349017777
1453.9212874431566,-1071.4128889534989,241.2156727585567,295.24769614467823
1846.0723411894287,-2527.5040917469682,216.29612657470528,295.73081430072324
2911.522913780157,-2236.2169317986463,171.18059317884735,339.94248150347215
1923.2199318148269,-2977.185102541424,86.60202007244963,335.8597363339587
2913.2443116532595,-2717.922473395098,31.219852286038936,333.4555397165632
1995.5767351568823,-1769.2850917865069,26.837069109464764,337.4359787654403
2570.4383729430856,-2350.87056454093,-2.3974196948512443,312.05416379063405
1816.6059558347233,-2252.9211830865825,49.55149770041332,306.7791728193178
1229.1192485664365,-1587.3321877325086,225.62135131129347,320.9707610174867
2785.117127152942,-1331.0751599324985,193.98910142448537,321.56553705754385
2606.1090943920694,-2453.556688969399,115.34229432373274,321.3665651962151
1801.0540604747657,-2968.127985563728,96.93639325164354,326.5560318505212
1264.223511217077,-1712.1928937613031,181.34069834062575,309.1019159514881
2673.6415521293984,-1340.8458588244212,201.86575000282906,297.43350503828066
2961.6469377796266,-1460.3001269235403,180.61712417733244,312.22397475928864
2944.248677793082,-1295.8484706091335,245.05832682257608,313.3910005161487
2199.250968843554,-1138.1357522590106,134.55097436462714,314.97549605723356
1327.9062439021093,-1027.762344723716,29.70332032897322,325.6992530235347
1371.0474847209316,-2288.0033350448757,165.35385279981242,328.8728483658003
1317.7933580640147,-2575.227538031916,94.56126795111399,308.9258325989747
1175.7844989720986,-2287.4711247501714,37.02909669868891,310.64251812938573
1437.0132685005012,-1195.8642485120981,217.2813875211833,313.1669436225677
2826.6123522104454,-1867.4029642472965,127.15766931502068,295.36375796334846
1919.8304526938534,-2503.6576758063566,194.31447325152305,331.8140792723067
2604.7036109915243,-2858.126404613553,64.25141922978564,330.6248581752237
1095.4282021706065,-2285.465249484133,87.30052687500742,299.645076674591
1504.030169255426,-1109.2299579054363,174.38676268379967,301.3859735974889
2922.279320428552,-2346.8773105373343,130.85551375500094,309.8422966878161
1237.160067979236,-1236.5788483065382,101.53061311055441,335.28752235111284
1241.7933992330827,-1984.4399228057528,24.776686738708484,311.20172337843894
2713.983885913879,-2242.8196074603197,191.72696758554267,339.44963086350435
1210.9628276521423,-2523.8415307052333,17.148568197549373,315.9045574419383
1137.912214857541,-2037.7344314252036,246.84892370267193,301.9121238705712
2581.509737610051,-1265.9106287078666,72.58366537266686,338.07853883715643
2371.666546885122,-2490.3580517007917,182.57421414718323,330.4347200575027
2091.8104486941934,-1058.2225381692967,134.1676714018411,334.89270828293775
2739.9301079606303,-2255.257023236384,141.1742402832436,307.66973918431813
1947.2880089323348,-1785.192646647901,100.20325228236469,295.0501155992119
1657.1803252736654,-1130.873566659777,230.4567697431345,336.40744217150234
1411.2425775375582,-1217.812421830474,242.88500384080044,324.818082205925
1600.22700236917,-2445.299165560416,22.695054536173124,303.02946397708956
2815.5416444375223,-2296.029735432964,49.300041169491195,324.6868664854329
1249.726166337152,-1140.3075767390853,57.92126629302629,324.57796858723384
2679.9228237485013,-2364.6096034239085,257.1357350741565,299.5494228837741
1186.5025393327958,-2469.9303696320244,65.16177659785603,332.3219801991016
1877.4122209708394,-1107.985508165128,129.33549413840774,316.70514037819885
2735.945570445595,-1457.690560992286,84.47428222824392,334.39677558041694
2060.24955317046,-1406.982547325896,137.25704960641264,336.5281370856003
1279.4912489297317,-1186.093970971083,98.54579837297386,334.9643680246548
2608.977274043883,-1512.991790873748,-13.981575217446407,314.8510961330488
1140.6126254259264,-1867.8942093542717,218.578070785812,324.90141463855684
1816.7625407588844,-1412.9794759765393,215.02393570773134,314.8961068805497
1486.8210353487602,-2807.329736953783,152.81901519501474,328.82688872040626
1850.9523900090203,-2743.207058686091,53.971674894056164,317.6363520442034
1856.5156712057033,-1747.835294445699,215.32637362584586,321.1038435257916
1755.2835081356855,-2734.868080343558,210.29588254222134,327.38781635546184
2913.849578214311,-1008.0658738786069,67.38794339073452,308.4544827705441
2696.0798627104646,-2015.9888859754096,121.02844574456824,320.5062901005567
2893.0749910852855,-1093.1611716532127,29.090481878733655,312.87142463020825
1928.2870070941508,-2760.429190277675,-11.47309313396023,332.0937209556689
2214.5466153492807,-2332.49404554373,18.384813107795622,317.50299747141264
2238.7283578618726,-1630.9650814762344,199.8386131942007,320.61779971812325
1842.1146624585122,-1799.8315194645243,242.11394897942023,318.3378138701476
2419.015926166211,-2758.8530344276496,96.17189116417055,320.3967450700405
2488.9300504582225,-2418.589837923795,240.77430376933245,298.7860816232172
2280.723987059863,-2147.4891636220964,175.1608567510988,301.51166063557326
1659.8032280806347,-2560.7907661179433,249.77779099977,300.6931595912879
1792.3005635117122,-1174.4238819225752,248.18944829213876,297.93353133181245
1212.9460680985342,-1469.7151300062399,9.001450930088097,316.65037814499493
2273.6449556170573,-1019.47183513396,243.83945516173742,296.0392940957614
2346.7158257258307,-2479.772562518214,-8.783211173555417,311.4090627456141
1569.9913429895928,-1789.4999189578655,32.803728897510226,311.36468958175635
2159.3943410118354,-1559.607017006352,28.397948029273607,333.5722899489802
1791.7251235324163,-1218.5328495757678,172.1376548233995,316.5843553448416
1293.1240559538273,-1196.3674929336257,37.08077337068778,298.6881226390036
1889.613311238998,-1919.7798501682578,208.83524176740636,298.7357206439048
1889.0333875273195,-1953.3039907152142,187.83961158994737,330.7542300487263
2332.0649749353893,-1453.2228977767734,134.6152196543497,338.0412636216703
1569.5659603859629,-1445.371298316369,41.047581558817214,309.2269581406079
1318.231042558681,-1798.3875287659487,-4.04823227267131,310.38676174280283
2597.216701509509,-2899.739146808671,126.01451966213645,333.8485840335833
1963.7265091468084,-2233.9967683189575,154.95702501892305,306.0661904277701
2885.602292345161,-1202.839788366917,142.0527109855761,319.7711680099814
2974.650454546736,-2167.216790845051,164.07387179648788,327.54266142327015
1809.7248237802792,-1233.366331499355,190.3091514710373,323.3788936579787
2762.6155495732155,-1155.8499305807145,51.22209591130789,309.0402639754657
1689.1033109190225,-1376.029524133863,113.39200150531187,306.9288284408442
2611.3325231009508,-2037.3167414722875,8.796066069003565,304.36864539119654
2790.921327998356,-1452.5499689252372,215.88162440645837,296.1378460431479
2851.430246936383,-1418.1713247102387,31.894474696405247,311.88019321296383
2509.4721134055317,-2678.545365261161,87.05431830927338,296.7854766512184
1874.5024823016674,-1129.2294625303662,78.13181586555905,306.33541997122825
2363.9855030178514,-1676.4694226117072,170.6251288935315,325.8861011417746
1450.4739385807154,-1684.705267935657,-8.839416774069225,324.83072775713396
2290.5253865566096,-1393.437369408477,177.8569865668574,321.9683623188689
1031.0931832887159,-2550.0146702562483,109.88348058284762,327.56081148736814
2748.2964456556956,-2514.4059918158064,138.65331883196853,321.8713262373422
2720.939731848145,-2390.684080069977,226.3983375912934,335.1548455051013
1810.9897810867305,-1540.2462208104992,133.50644996739777,315.95822975418696
2330.8400061145344,-1636.7346622674647,147.15036452484657,317.5296814899051
1254.477592456248,-2193.7550564987455,18.684031067488412,296.26856866050696
1867.9834446094724,-2564.4656953054487,211.09498457064606,326.9117048302857
2745.23982170223,-1333.4162347001006,16.388300002919213,298.5517014682629
1899.495663230265,-1391.5342845816458,231.3754526659696,307.452220632516
2888.383410953771,-1058.9433878933337,236.73229227221455,295.01477097354933
1910.5535122780589,-2855.9761166267413,250.82144836086587,318.42011760805246
1184.0072328205426,-1091.4644155665587,9.476695597897002,336.2961175441875
1559.3665040286267,-1041.668387532157,235.79008235570507,310.4154581598127
2628.1099448639916,-2537.1820019018705,151.9198219110517,338.30739459991275
1686.9520803616526,-2874.5446669477014,223.8131679932961,299.7223268168332
2952.7984731698325,-1364.54637655218,207.85628716131856,334.8293539202165
1192.7334968067314,-1078.0649314859065,206.63766687138664,312.6667267858385
2655.921745437758,-1818.8939601406157,183.23901649650344,299.0017154121716
1731.1680309534509,-1646.4989363996306,119.51430927419321,299.3608730261195
1574.464500486119,-2462.081209663176,167.01025903654133,320.75570646497147
2166.594759874616,-2487.503395655125,19.360032256684015,331.6202057298165
1655.289694423188,-2751.821134156346,88.43915195153511,309.8489343866983
1955.2283240263441,-2981.2080281146887,166.2161964610198,305.0935865547323
2147.548660688073,-1732.8762984667492,240.42167243479116,308.3040976035409
1849.1458468569404,-2884.337886100991,47.273926275309194,316.20851596033054
2550.8845462168256,-2039.6920260890497,126.88426031884916,327.5798506846994
2580.4529855573614,-1399.2354943896323,52.77961343514768,304.9314507618794
1039.1236302602244,-2089.2504434667603,212.379350633893,321.53589287759365
1046.399502748722,-2805.2022203394536,91.93208928889571,330.9352571789452
1480.00812524705,-1923.7522063054157,64.32934411823412,335.07927025887403
1859.0482392274976,-1930.065821009267,147.38200791293193,313.75954729106525
2281.118074265759,-1991.7549274429552,140.7977204709797,329.82970618562206
1021.5579316077587,-1285.7894000289841,240.92906369029603,310.8113886883763
2014.4974564994482,-1365.3225748476787,194.5773271967007,315.2160698117621
1206.6397561118079,-1178.0367654568172,159.19739030365056,297.3735266674077
1687.2067588321274,-2047.7775552520407,9.67767886244324,304.2272765460334
2062.299164114841,-2532.1188360189863,184.1706767325394,304.57922344025576
1955.8684935299482,-2204.068329913961,35.65667279361667,335.123890024985
2684.4615502131505,-1667.1453960848155,77.11460047943417,334.8756443920062
2901.079970825106,-1394.70915528168,120.02187387501661,298.3354463461529
2178.740920945356,-1561.4958279672621,116.64003748212897,318.99892460068065
2475.8058264761366,-2889.3716644603323,174.44655243867854,325.412809859077
2813.2132737049124,-1338.2102976374022,248.94650995551825,301.58282241866874
1671.1390331805014,-1363.9077850890008,100.74311196533914,330.20525408383344
2028.6129835645713,-1019.4668632742287,71.62767560295674,306.960406388422
2837.5415161064543,-2147.545669523568,245.6120782441359,326.28336625349164
2638.715508631277,-1117.6108028907206,60.13391435950352,305.2442646721244
1886.2347047201201,-1800.3845269333365,184.9133666717042,302.8727384078453
2283.513479498918,-2002.9113294153017,122.039403457737,295.75914392729777
2050.4451845496687,-2776.6821180935735,23.25824553737803,300.95607870624684
2821.9021981650803,-1146.6408654314198,241.2763273573878,334.10518473202245
1757.3566113245165,-1478.8240463634618,203.30072395820605,335.02147719418406
1073.7547995771954,-1132.764740120848,148.86994926726217,319.60069518294
2266.843221387523,-1694.0715441074756,-6.975310776623392,322.72292159720035
2748.676323371745,-2925.6519824383154,249.9870495996542,299.07597160496533
2978.6224005400886,-2719.437129669088,193.0898084750078,296.1798545286053
1590.2403288543187,-1748.1571159694408,193.124700375665,330.7658212471398
2924.1496954150134,-1430.276946729166,22.658071625514438,328.8059829459962
2273.7596577477707,-2077.5360492457235,41.687085048799744,319.4924200605078
1312.2801372030399,-2607.062830819213,-11.187742941176293,327.9557464117564
2255.927136097498,-1457.206076291341,46.08644483822944,331.9944331205518
2122.1063955203144,-2549.0466104182497,219.1848281047162,327.98952168244
1953.7639417982111,-2095.5426672238136,140.8181447263146,315.72125022844034
2074.5030356867464,-2514.054561407706,7.595336549094522,303.3935720834235
2227.771855537144,-2895.811042039036,104.20584902310866,319.0788002270205
2163.1384737625103,-1901.7195529268743,194.60100898080702,298.79723174006784
1302.45958179926,-1733.3122371288878,136.850661128985,339.357027436629
2844.4058801156616,-1590.99100735277,186.05468017678012,313.7005489644654
1731.7867133160198,-2338.069272891841,8.768883347639274,316.13686523225175
2225.510522340741,-1309.238588919695,226.70401747404676,309.715201630786
1095.9390737038693,-2875.4110338691617,198.21857109363322,304.0026304530052
2385.048415305844,-2596.6016538240456,128.62379090912077,311.55022859650074
1191.5368868000644,-1644.164620826448,159.5110867179595,313.4415290735036
1983.8498468562902,-2221.100709405914,149.06419561496438,332.19521310852895
1373.8064276102727,-1754.1363744371502,55.30378067904404,311.3820446472255
1221.6663658553587,-1744.0025897678368,113.92812779400202,317.5811021872148
2278.58174898878,-1352.5611820209624,174.4070580765624,305.14890123922925
2073.1225968657213,-1325.5719273177222,124.52032125841674,311.6450260860565
2946.188766810186,-2487.381629480771,139.62484590859708,321.62371824793695
2930.5252893676143,-2191.4999870059137,34.80081386912417,335.03682765109545
2684.852283823232,-2993.7520527124557,62.44887166087696,297.9068962663364
1300.1808692071777,-2991.645728371694,241.82053346754543,324.2667954608115
1366.8920804937611,-1522.970662671226,123.64798817362592,301.3824070413849
1163.859587134852,-2454.4340267280586,115.09640545560092,311.2566702117363
1006.95978481298,-2936.3761908086494,199.9293135933865,315.85152874704943
1134.733800605984,-1590.4590908811037,148.2961821645887,333.6647117409311
2795.1903887147923,-2017.3021033233535,146.91405402668087,334.42623613340095
1986.823327696287,-1710.5101081838638,239.25164947504146,305.6063539557068
1875.4120656148257,-1995.9096601835734,190.05989205092422,313.5693406676714
2343.120890964322,-2690.636124677414,247.87158710421573,317.47949654278216
1645.1211397804268,-2516.8648860471203,206.01786758249563,315.9595191761473
2186.721310895812,-2310.581405705163,54.20095021255129,304.91869439560503
2730.106789926652,-1195.872137238152,198.46674006853675,314.907127312156
2584.32440813848,-1384.9002485318929,259.1992896336433,318.22039165528173
1284.9695490786767,-1263.116549793248,3.8042231706698715,325.56649565398453
2685.613229188197,-2813.9603560267224,2.6998505302389404,315.8802510841809
2464.0065627733525,-2149.2458710126834,240.7263660821859,332.4347084899157
1086.6325997509596,-1521.2649648698182,75.3687152597428,300.07625412240753
1204.6347434740417,-1488.9149567362642,232.8999428448883,323.1158599036003
1196.926825922352,-2852.6804800378295,206.55753469152174,318.2327295748133
1079.8330013629604,-2669.264884111173,150.99707723899832,316.6370466226234
2109.8002148048026,-1911.056930237485,53.37970730820574,334.9106238116118
1407.477356030429,-1933.496039052443,64.39166330439704,334.9814710940459
1445.2864135125524,-1979.7083878758458,12.18598862473187,311.4818340284578
1012.5896286809848,-2884.730098022999,18.789017949614568,319.34205912376274
1969.4965169464335,-1446.3533969753555,210.41366249205956,318.6154091274257
1642.8766473229593,-2595.7944232523587,151.95948934801444,321.78338564351327
2337.6530719663197,-2923.3497358303284,213.60833491077904,312.51445646167724
2095.1859795380688,-2943.5516802807592,226.21017277665274,297.4573170092558
1761.9885388230994,-1577.1676644519614,251.83497257480593,337.23778441185675
1436.4481050612483,-2161.1967183253355,173.80053073977422,331.657669744692
2719.7450028355397,-2437.984169230129,94.67769467270998,334.0393419493586
2240.26259692001,-2737.2833399476144,209.81415983532108,320.7985365769166
1294.6619780199317,-1247.9118241680058,-0.6305942195044327,314.4093306005963
1082.8152221241257,-2811.2731004517186,162.16878304142372,327.86683116194143
1872.4764385142291,-1131.7507676221983,148.53574605218307,313.4147540371749
2988.689453306477,-1368.683271232939,18.6141562513734,322.46828345494157
2913.133729931691,-2019.0702929382765,143.48294971511714,328.6200547810254
1602.0533467375608,-2722.505602734947,10.019773752639892,326.84575736501915
1293.3247283565931,-1017.5114394482428,142.42492325098627,326.96219955601697
2485.2761969090734,-1302.7851759017701,164.6851135490002,324.6185805811528
1988.0305975979295,-2699.273979855301,241.41922758461624,295.91715424915304
2903.3232888027906,-1389.5566523336324,205.6892544504907,333.35509503170505
2071.546584011253,-2847.6264493977783,63.995037969673604,300.7050723817285
1317.9417149313017,-1447.1905437071516,99.7850545260237,300.0602932431027
2300.5162377085326,-1660.3495163382474,117.05496243693636,301.0383118743505
2649.6849736565873,-2771.8100640819316,194.12969809757143,319.5263241992965
1103.6952252796018,-1797.7790027948968,141.78088026267258,295.00135379769836
1880.5640703989502,-1299.4447114165266,-9.652717056396735,329.81250192219477
2189.9435063032283,-2998.220642249088,72.09270168439517,304.5532611027287
1869.6137414829036,-1653.9766002665262,189.20038390395302,313.2851569475231
2852.4609408845045,-2302.3156736009414,106.96434035885348,337.29311266684067
2071.103469750101,-1974.3040229694034,213.43985044344836,338.86163946278674
2561.3293681788177,-2077.0413312242144,256.54866535512286,309.55958426485546
1766.382458316681,-1597.4560248063294,175.30843119134002,296.7741993877468
1807.26303258653,-1979.273676042037,160.55964390551873,327.31413058941047
1854.5888799959457,-2860.3377031918103,85.22466111863328,324.82521144911317
2196.019437586787,-1474.5549017337614,220.8803145950749,328.4573243593088
1525.7961351574277,-2391.839416975424,19.341022343727865,331.92033695378996
1717.4048739246787,-2091.5671220823333,243.49132915835582,303.32114872407385
1664.8049087883896,-2741.382356214021,115.2410210029181,315.53258450903587
2613.1685345746455,-1327.1350793555616,62.95475350367097,306.87684664625635
1472.1804613061563,-1425.5097596383275,35.818278615122686,331.5186441065744
1800.7904108284558,-2552.705014918347,218.0015070896626,325.85429644690373
1515.338257923584,-1696.7162266331575,88.26760125934827,313.25516230944976
2391.4924291879647,-1459.2849579740455,249.6600165927823,297.4600261691971
2403.7583219051444,-1210.923731348781,-7.4167217252565205,296.8273852152382
1610.1293375869368,-2257.894462283549,150.78636413407935,318.6645815949418
2994.2099437360916,-1431.4901469687036,38.97224046051927,331.0739956190348
2324.4356075715386,-1220.4942349355817,16.984547187362804,329.0335395798391
1237.0276969504139,-1162.3230951617652,202.55968555153163,313.02251035180194
2644.3748758933298,-2851.9628601345867,72.81038099263328,308.4152836841374
1909.557404678048,-2160.006636939457,228.38857329505342,303.08652057335405
2682.219089348272,-2923.3849926012012,85.24792676099486,307.6882156511125
2954.3980684035578,-2107.9581785035903,30.16952779550116,330.207594040539
1624.9954261967669,-2631.9710200014542,88.0776323539895,303.7941599706552
2284.521512969707,-1454.788997582714,1.404592307260664,307.96065188067587
2998.4606942571327,-1668.4624160308938,256.29437789278427,312.4782222889251
1629.7468992924353,-2903.3190042969836,46.09488023541589,322.9086431519267
1011.8250739552577,-2627.8961857748277,257.66907609077145,304.2046376980728
1060.605410247788,-1690.5670884933038,1.8642362307264548,319.85186321003306
2744.979229328746,-2686.7917149723244,-1.255776213793748,306.53843780070343
2309.178470789975,-1026.7551856821071,134.76490098417392,339.4804198834685
2198.7132983033475,-2485.9072247857084,187.33328982058507,315.1009738494693
1895.1465953277834,-2943.475709608864,259.5672718580132,307.3589348931486
2628.4412384813063,-2341.1528933436744,38.52566473062751,318.52833142093453
1454.1864809123012,-1368.1021987112672,127.84007138907458,295.7449526822446
1600.123734322853,-1608.0473346660096,147.92954421821617,309.04435391354923
2412.4795590764575,-2809.9756984313067,217.33567263797673,338.67133309736676
1201.280176990738,-2082.5054143127077,209.91435890446303,298.2647129101913
2411.207678947276,-2050.987754489025,50.06820866394743,337.1657014764835
2154.446383869818,-1266.255545157175,30.845444151914343,305.18375637134915
2824.4143522134627,-1565.2683216023884,157.47375098299037,299.40584016211795
1898.1723768735073,-1370.1850497721753,143.39141586338351,309.74952174958725
2760.939440867604,-1160.6817311796121,71.54267068739719,335.3783406772888
2068.2264509917527,-1549.1398963284864,79.9173445437709,303.53939789802865
1814.5144850436268,-1297.9587008773537,174.77607228793784,314.34669718700525
2206.15527626896,-2536.908289322199,61.77517891137455,335.5015661531465
1209.7828528858465,-1301.9899596845412,123.83371554143551,323.54869274801814
1561.229304820873,-2512.22760643561,73.61160276826534,312.28993657169315
1728.0844620858672,-1881.2225879564953,193.78912150316168,338.642374188098
1591.6883771020223,-2169.3514824956974,226.92671181497158,328.9327951095431
1603.447237199571,-1834.2542415821717,228.69647610708066,329.6104905615783
2293.5033681198056,-2890.784788908832,123.921284576191,336.84069713042817
2100.16347592317,-2784.9447133415088,145.59427097999762,328.557945671574
2227.149043810403,-2280.357692582963,154.54573058378628,310.95035530147265
1328.1652047471775,-2901.2744206765205,44.93772578041654,328.382435406792
2814.209035028277,-1048.0222785579908,207.60609406906323,306.426371202481
2544.7473702980396,-1213.7510492141496,251.210674698972,339.96005110597287
1339.0284133478235,-1598.859836007569,45.69037771936808,313.6424597258875
2714.2302290864463,-1469.3542612780907,113.69565663188962,324.1121110494797
2235.8965025093858,-2526.2149372748904,71.89867818563347,320.7807833059944
2669.0151220887487,-1940.4387910642945,100.24145236146819,311.95676867226786
1496.6976672344647,-1002.3725438618542,185.4187602796352,307.21618648967524
2830.8207510906605,-2427.8420151324553,182.8593709433378,299.3570926137772
2195.523571900567,-1793.7339662950799,117.73542629601047,323.22315089402986
2049.5826075089617,-1808.5508372591758,231.3053989052228,323.5564160206158
1678.6957592729777,-2825.755216914016,85.31728269463146,327.84285325576946
2047.6524693610172,-2485.0444039333433,98.51501582845147,300.2394832085351
1838.1556154804352,-2589.4100516233984,113.12511245961701,303.33761070326676
2271.671002380829,-2731.1763236527304,235.43148995369367,304.6504122825334
1309.3796501833879,-2800.8005208890722,171.0000804772968,334.89674519520486
2705.020678291896,-2239.289255054655,178.46096080669494,339.42008229367156
2661.5546821212665,-2302.4193656545394,186.48576992634713,336.946165292752
2812.7752659942817,-1529.7027766313017,246.43742861931673,316.01869280366304
2345.5059509750563,-1413.5294863660586,-14.109523946200786,306.8126545504734
2220.8119356851403,-1899.5161828816638,175.54459311326326,333.4796808882231
2454.1410741166537,-2214.01321919593,254.1968191535471,332.92171301729644
1020.3573193882089,-2560.5578535435834,193.84374918111928,324.2230528571126
2130.808855749205,-1128.4336872891206,251.30163695230027,324.03710379415764
1686.6650551393516,-2876.5877761624497,78.70873136879258,310.2078932875876
2589.4682791273835,-1987.6672873690607,78.76577315795492,330.84460235040035
2291.0442144441026,-2485.0158400298587,214.52642423416214,315.31296579335736
2514.414892400073,-1042.3880030162022,81.0136351698437,335.9445219028825
1654.389044865601,-2786.4146611786277,15.567382727818678,303.9275370806264
2416.0925716742795,-2449.6004158836763,2.3714058595099807,311.50482405341944
1937.3241856216978,-2164.842125849039,24.012493330585748,311.01187529320237
1499.6938539045946,-1337.827505599284,87.83496141677067,339.4127703172708
1124.6558280575855,-2916.671020652907,81.72462876637972,336.35526457391495
2122.4163902652126,-2868.7448901488415,243.0356346316977,334.5287183618536
2484.027133674659,-1339.768473523955,4.642810299726378,329.259015392585
1717.3778531742605,-2521.939942427978,122.05135187508543,316.84076274307205
2616.1837825589228,-1221.8718337736095,121.52222962221092,295.66767505379147
1104.3043597028727,-1575.8998102054934,149.31512743252225,333.7276963373522
2188.389628616516,-1863.439023867887,221.32623002425126,297.11228939095207
1966.1325974454276,-1285.8564174350627,183.005748432852,295.5387558795422
2170.9960275085623,-2351.806252092705,63.09093886818357,313.98793097857487
2156.3733053729384,-2993.571326562536,241.73082993118248,309.86698428417765
2942.402658517608,-1194.2942377990973,199.9482460725994,301.1667727804483
2579.2180963531714,-2506.9802009909554,30.897831037427167,335.81479805333015
2964.377457437938,-2628.5961225358596,210.92626119486818,298.5847286620657
2401.4840459661787,-2604.121377574891,104.7116713476765,325.8150652993765
2028.1890224650351,-2539.0161945210157,56.41257127247626,313.32538201398137
1429.8807202669796,-2482.525706429514,18.010441577787297,309.08895527769175
2721.593593442125,-2643.4820390932127,81.4380944559396,307.7111868389633
2351.000804646623,-2685.5581061830444,145.5183184689997,310.0925252343962
2174.5382119103797,-2231.07070243976,254.10533621837664,330.0713725363105
1507.2208482732644,-2244.5384228436037,215.78267310757863,339.92870079886166
2908.404222835981,-1436.5947843211293,59.54959392252101,327.77163839979806
1840.9158006371085,-2202.1715428902608,34.24319481850795,307.69760200468784
1505.0185259336408,-1951.8552824705287,26.230856670718822,334.1750225086288
1093.5381537714616,-1509.7771257882453,168.31337164502824,333.39586330680993
2764.686585589179,-1546.5860228883635,119.23838032953785,323.47979494600446
2866.239053757946,-1910.088658971151,200.28885178900634,333.42124530695384
2580.6836605647673,-1449.0966476266583,66.9196810146556,338.2350413452419
1388.290702928258,-2824.910631113494,96.84512234431043,306.9038622344018
1619.5025376819908,-2699.509481968923,198.48159187260782,298.09265422846244
1469.0475015440006,-2354.4983766762934,36.596685823593226,317.1155959474288
2973.053220206574,-2642.505663458743,27.784610207721542,339.74510673598604
2559.3688204211835,-2580.643948707652,148.5373498975932,315.93037543380484
2066.420332410497,-2106.352385741154,42.82054983159053,321.83127620698406
1081.7171808485998,-1484.3414319542505,214.77088118951087,309.42350626012586
2358.301318805319,-1945.854667351412,107.31585159324031,320.94909313656905
1439.5378528154667,-1094.5388181850253,247.0974633760539,329.0245311984338
1178.2943039794977,-2982.0674158624124,0.701811795151702,308.83287289285056
1776.2567349014546,-1847.5195511261618,239.70922504348988,336.3058844546594
2171.4331346993927,-2205.710120508176,62.23416321901796,337.9592427508704
2710.44849808051,-1756.3944045120384,19.081393025653774,300.94509174095197
2697.1559664579036,-2632.5464433870056,124.99164924616335,338.48205252272686
2308.9098052911977,-2491.041958639256,13.641499209281747,296.5846750462047
1263.5613774954923,-2983.5495193785177,37.18021057021555,321.8918940009546
1807.606577443095,-2753.1030581933046,108.32618466404774,298.46222393327605
2591.185743913009,-1641.0310611608606,225.07483020009587,315.07316323224535
2209.665979488849,-2476.1530862471295,230.15562338179848,328.72948519292635
1448.2413990601513,-2338.650134550564,3.4822536481821906,334.05921444149334
2007.2945553118095,-2753.30309459653,207.66189557793527,310.4681429158957
1888.4579947540433,-2137.450690317187,72.78854239035505,328.8578681197612
1256.2433012144234,-2541.6953596911526,216.96493131326085,339.7953985807093
1361.462937076285,-2665.597049745956,-13.168507081501186,323.62086757583256
1587.4277175753653,-2287.0834439281844,157.5468802515291,332.6621655020922
1161.6882362723218,-1401.231345359103,-6.949168642143325,315.8098730183918
1943.9938246811566,-2030.4158147547146,216.67162021293913,307.6872825476849
2788.599621228047,-1906.664221563376,217.3059086591458,312.04580086417116
2714.6606604469007,-2414.9849908215388,153.34217591223418,322.28082140951824
1111.0813182798984,-2148.967621387195,33.53742790080719,305.3574305839302
2350.4182246435075,-1999.0377554552754,220.41064874084702,298.79864558672534
1507.3800844503014,-2363.5046266010563,210.42362016527892,337.5995140076526
1016.894674133176,-1240.0712276151548,224.0810896727963,324.26461875448905
1233.4693424691586,-1297.156064177934,196.6706655395302,332.4001096124136
2003.1598261463396,-2401.6344116775654,82.57448245055103,309.4205684603268
2029.1243536784662,-1606.1222345025246,-12.112064400669881,302.80875559352137
2433.6447462934257,-1096.9307425823274,166.9790623664621,297.4772732425581
2829.11877182999,-2236.443541004218,102.62844625673914,297.4830238422064
2711.9559799791805,-1525.051369515269,122.68153791764206,322.64988649839495
1325.3990691670724,-1835.3914902057825,55.759359787044886,316.59935849371294
1570.395628277814,-1656.5351882411717,132.60884559640274,320.26814882856013
1137.0750964687913,-2378.908329894562,250.7416935340322,335.6937631995646
2802.588005248457,-2247.304831734324,2.9485588376806113,307.3926008740136
1269.9143829589216,-2854.576661557178,103.79795689265404,323.1569934506715
2396.004125041418,-2294.0530578393355,117.37818524353108,299.24994296472113
2530.9459593490137,-2579.4957006969234,223.23371831013387,309.24058314450735
2781.137110386231,-1356.1761505435675,34.83555063485503,297.09392311334346
2030.567261912288,-2618.742399110101,208.40166999208094,316.66154937339184
2316.3312364372123,-2620.04779256155,232.9685228578871,296.8649376398367
2956.3687834333405,-1911.7324174795556,-0.858094194676287,316.70386595398605
1373.5734380188744,-1917.0799378319844,179.47412002639328,322.7098685377515
1743.2746871557788,-2735.290983860332,225.68895235495108,326.56905631832933
2081.3872349236362,-1403.1234807170251,154.11196433816468,307.86088236358785
2661.9947539927107,-1953.2805850164923,234.53439451900468,339.25450798065634
1410.587446097439,-1451.5851136264987,27.93578385853862,308.0224274513518
2150.391250079724,-1309.7019946146343,199.4576882530659,307.0312178470732
1973.376887600576,-1697.602432210774,7.51769559618177,313.3593762523972
2826.2432162790656,-1384.513585292644,96.29263010671028,313.1057456237793
2949.080576415843,-2976.463250640076,171.32244343054518,313.4296839873388
2913.5581594294636,-2453.4116085516252,247.47243347726908,300.7508334195906
2756.718237715236,-2649.9015065135027,159.47620025018725,316.3497702002749
1054.294984765753,-2694.2262048219454,55.359747657186105,311.36236922880823
2142.2442801352336,-1727.7490017830733,233.85303612473734,318.2826141693589
1190.1418025273538,-1540.4510392643622,227.58778524189475,322.67479402755083
2000.9228018924075,-1583.6671972965507,243.32102418113044,310.9566945550165
1118.6881486010184,-2744.8085127747804,95.72805828142944,336.0247603022233
2598.538738507205,-2633.5067125814876,1.8271068871265292,298.31499957386967
1899.5480242102935,-2667.6499928044377,142.20266770256535,322.5368607508536
2156.9527123814532,-1134.6033139992958,75.36746132710086,317.63920986201646
1280.8486934367575,-1799.788204773712,207.53920453192467,301.036994624044
2309.5603024156726,-1183.7116274330424,174.70630158887067,298.789622739781
2788.900424509373,-2799.419911610971,219.8245327170881,310.93064103301873
2336.880494517398,-1089.9844880661228,167.23220840012848,333.3366086816544
2071.637961964556,-1404.229486481107,209.85337182448168,330.4125052066823
1483.9232260105205,-2238.195036539951,115.87508839215579,318.89779767985584
2448.3182881222465,-2034.1765019567565,12.295339191520672,297.8041378730266
1658.0366384864878,-2411.765759010909,122.55960960193232,338.3415720733629
2897.723672469468,-1587.1364840268566,244.62957990639893,305.90364442469837
2499.3411726189934,-1326.3328646536643,47.20942185155093,331.95727399965944
1406.5032001220254,-2320.4652709007746,-5.165495986378593,312.6051032373929
1301.8677305138858,-2538.146650846223,70.89611844918464,322.72155228984116
2512.953771815981,-1436.9925493449891,196.04366375848298,302.1273193439153
2251.3004367391136,-1694.7670160141638,158.42529528184622,296.0693731152774
2911.634531454082,-2624.514315262863,121.47492553362807,316.8552908841432
2154.907232710272,-2155.4320897768357,48.26624869277721,298.6594547450991
1881.939310976094,-2680.8191079673356,245.20777002444055,322.8298890814225
2194.1403790774248,-1136.4574993781898,140.00108005889342,328.6870426018893
2034.98427803262,-1553.0459811650371,172.80814240523907,334.8185819128559
2750.886557235556,-1329.1834811465144,147.23029994470647,336.65598285992684
1271.2129876252766,-2209.993876905461,29.022984432185588,318.6889627590057
2325.9702011018626,-1860.2944028310778,130.49539175979368,335.57647445532496
2459.276835633391,-1433.117007721139,223.76254198684398,338.85634096191814
1991.3123080365021,-1707.9533108967362,45.29605314294794,324.70053209386396
2329.2918330119346,-2525.167170723836,67.43117059393637,335.4027593884089
1567.7755554696173,-2914.1118869292914,20.417908316063873,295.3780065966912
1247.6993174376064,-1993.320614886658,19.416260162288864,311.17440654503883
1785.7450899298221,-2559.4470750382675,188.1793688225141,301.7826481314472
1317.024793899232,-2952.934561984457,85.06825520742144,327.9605629257282
2323.500624900836,-2508.7170397599966,138.07797133429764,338.2148904411369
2017.0439715687262,-2194.9454582710514,-11.193959350148852,308.53068013372143
1770.6810538314962,-1227.3378016361733,143.25769487637103,325.60948234364815
1088.1753402675035,-1343.8080608495704,-1.7187546386072956,299.96590933847114
2591.2013705492773,-2621.03870341829,25.60648567037712,323.63734578033126
2007.2655678559086,-2973.4475309147524,196.49418249767888,316.71319068547524
1389.2225334637715,-1934.7792287764132,252.74549394740558,296.23806131570916
2398.6350485886214,-2006.0895279235713,148.0690341890773,332.59544970295
1394.406007744869,-1556.575942620328,206.8042837238288,327.9083599899321
2557.640321532512,-2778.0301621045314,50.677145136119606,299.1347556792666
2329.513373912184,-2023.531701617775,212.0963056400815,310.6579995241139
2714.2594096002053,-2414.7515330820515,79.5118112059443,330.7949222855241
2173.723777649969,-1194.6964633823616,60.588523093239516,323.4605632233147
1153.250228807918,-1339.283171596008,224.03043098065896,310.2661111560536
2001.3167442070066,-1768.2894767732657,37.928695960730614,318.8379081561033
1087.5233112844646,-2663.658780614514,-2.6563933300312073,310.79106141823763
2544.705320367274,-2125.390539827229,-3.375823569656408,298.69832177320717
2523.924662805959,-2771.944683823861,29.429145667010225,339.4863154618359
2008.4458228229018,-1804.5847689575573,233.8758228749309,298.5525562807432
2695.038953552961,-1648.440371779307,68.43989589849643,335.28274373697514
2531.8827312943886,-1000.5978256197197,182.21609185916122,322.56268526298896
1443.4318094824157,-2038.2358004231294,52.7494485016916,318.17575629733335
1170.568794766521,-2443.684039721419,38.936178976626245,337.59207747233296
1997.0292151078565,-1573.8358519386534,163.81567243757084,331.5345831104382
1405.5581934407812,-1613.2146635447184,36.28525767049589,303.864289245786
1760.8309196113728,-1792.0300950579606,53.53272665310175,320.0942396393918
1994.3064695958528,-1098.3645766846298,68.02694521430095,328.16710838971375
1622.8001201803336,-1655.5522599205115,54.34703064853946,318.32149386557467
1521.5700337336734,-1834.969227603785,78.33266798515172,310.77993081042075
1624.3292471141667,-2427.743457925587,140.01446153488817,321.34105223893215
2251.7349029756388,-2966.0638701612115,152.4683081287707,329.8652826851353
1539.9650787211262,-2646.8672254699454,49.07538615678456,318.48813478771336
1184.6287472601614,-2710.1857736840807,133.83772908336053,328.26098403708016
1353.6313188734243,-2504.6696931082083,169.7203125444189,321.29189563609447
2574.515713763979,-2541.2816151452375,231.21682691039084,327.86135572885723
2005.2548486795204,-1838.5548352985766,204.85183178518912,308.84821657713184
1054.8272384893774,-2430.6990345652616,171.08655108815285,339.9875962820511
1775.6252613049433,-1470.2669793613254,222.88558433605672,314.1946878412523
2596.817791809405,-1187.4881456332816,244.2015202339187,335.236237187004
2101.6197054064496,-2903.087566996508,98.60334902318458,326.8190014258556
2240.1445746531945,-2300.1375128372133,154.49397257594723,339.2524274230462
1007.5071357873877,-1697.4478537835953,181.22239794352444,312.0920961245234
1833.6345981831746,-2781.997904893966,154.61293932573045,317.08866707755334
2754.247752899776,-2006.0800846234229,-14.616165342030763,339.8340614653049
1395.9077457800472,-1985.3750044010408,202.67432644511138,333.1049775569816
2560.303459231156,-2427.612872060417,27.29138032356149,296.921639658003
1080.4028194682573,-2896.2223925945186,189.53691277312416,295.47309802467703
2604.27660662481,-1207.216209754881,132.86650306633277,316.55218941546707
2723.889153420831,-2426.316170577155,208.49715787171883,323.7938983681328
1338.6279867422113,-2958.44660391533,18.238763375092226,316.38220151177603
1199.969911128287,-2564.3093963333004,13.871442007879729,335.1984767343104
2621.028979354299,-1854.8025988670697,4.806149112031843,298.49687715193227
2329.4875447194972,-2206.6879104707186,205.3859244485885,330.654981836387
2675.665859310595,-1469.0743608344558,230.2047985235019,312.3919671517704
1784.2090093007555,-1456.5583201796721,90.12420848101449,316.56670221254024
2213.501994925802,-2154.447451069317,225.49702266491855,327.436217567066
1882.4009256307963,-1828.3997442999034,184.0811917170626,333.33461926157287
2985.710174083026,-1818.5518674978337,231.05435760601588,313.4470322074592
1332.3368958626766,-2868.1911292597997,94.36596750793746,323.53553585646665
1921.8040177726632,-1879.2476149832908,-6.741721581324873,320.26040022609084
1099.2258683999337,-1468.9236297265354,227.20914718316516,316.7435010586132
2972.8823177056797,-1734.8522350600551,47.784661354210215,332.20310468296844
1017.5607801933666,-1369.571748710911,53.574827544823805,323.7032046602111
2648.4395405582,-2840.4457269024333,3.10051972390297,300.9857223489726
1882.681122800375,-1392.4633959501903,223.4210342355283,318.6963618844238
1688.753395653991,-1134.7941921339825,88.29773105393886,300.97068740455353
2222.0700406020387,-1550.5315484578502,241.54884183568157,310.22333824600366
1442.8026610496097,-1118.5618055995103,8.814380506120031,303.5427107668333
2660.854484203354,-2773.978643733296,238.00932357690513,328.6086504555254
1357.477142230894,-2165.663942905721,187.51539700166478,311.254785753207
2358.6733092444583,-2888.4784657132245,242.62329787032394,326.5086706717722
1905.6971398705475,-2774.690311070084,60.90400349353192,304.45714632662293
2942.293370521459,-1883.0481160481615,25.289293819557948,326.0575693940691
2322.3484334916984,-2929.5081631391904,112.11804720267381,299.5422482466287
1454.095660070567,-2388.169514640872,125.65531192416216,309.17624679065034
2790.3553146207614,-1701.4106280269891,134.1016314490562,320.1784857984325
1954.0881173384569,-1260.3342060277632,51.21360673533461,335.5958621699332
2459.811063603709,-1861.7917945470736,150.56598891805464,312.51687466468326
1656.2530112703544,-2685.7114173611753,117.33312841815288,321.11692174683515
1573.9745856463442,-2740.197177132398,216.45556231072825,329.3742530917649
2677.9507843570254,-1513.5832455710076,233.8630386322252,324.4050846358025
2369.8427961167126,-1848.2668223237313,206.074162595368,297.0917462309243
2045.1809547480084,-1740.2944164713679,240.84978811141391,335.66591629040227
1878.6382648609176,-2392.898713764087,164.03857863661426,339.22574010089863
2208.0596151994905,-1801.9437808677337,141.08988683626765,319.74587963101425
2484.511390010496,-2324.1210006800434,103.46709299051437,301.6011281145389
2355.6526870038306,-1055.198871250057,45.100994575671294,303.9308803985198
2400.777550880799,-2114.113852845391,166.27054659195392,301.935158650702
1405.7916323640288,-1565.426125527506,195.47112860204516,301.18174168088365
1752.2156144891517,-2511.143977615623,-1.4136360669152221,304.20417941375246
1378.1025672188275,-2494.800418635396,195.40168723515916,295.01836841692216
2133.8693611850235,-2502.29680843849,130.21406542622887,319.4977318196303
2239.1533103768634,-1601.1406552575909,164.12316867398152,326.37059327574366
2236.196534504078,-2118.602943842696,184.77593856021437,322.515914031816
2251.19012615139,-1954.1449069597538,44.76730435667654,300.23813571078057
1704.949274685177,-2273.183130363146,98.73120483271731,307.39088494835346
2862.9868684758167,-1554.5231693570886,47.86755944454565,296.90914726443594
2047.7058028073593,-2264.2682566875355,215.72301047608886,330.1799318776791
1962.7434759334112,-2401.5981278854006,157.9232339741217,303.49897273006854
1188.2379151157254,-2469.838089656442,65.31329396484621,318.09475488775104
1328.6236506902096,-1870.5169112072497,159.0452997239848,323.3343432151057
1501.9091495958369,-1219.852528782378,255.14705057963266,305.244619714665
2907.9647068553577,-1437.9258711445518,59.76028878066619,304.2181212232403
2399.540045905015,-2599.7083067347926,143.9317442546887,309.5406073307831
1793.878930799512,-1569.371437998612,117.94081177522602,327.01412054532994
1493.7492894443594,-2051.0780152569605,109.65918811759146,306.49266109692877
2919.044609744419,-2463.4981941792716,56.73288471735242,322.6846727415021
1134.421176508395,-2353.4739113524647,129.3987089706841,296.91590160874955
1298.458529975977,-1022.1091925142639,185.126525626643,338.1655301238202
2327.1703228804736,-2548.6788520038563,46.36374427780352,306.021080155888
1347.7054458957537,-1048.9845344195048,77.48230627265124,312.5369613041421
1355.3386372282298,-2363.0752484280147,236.42822001185894,311.2270998518087
1623.4641107326029,-2879.952113471861,90.39545436579263,324.13982491887015
2425.373731543996,-2716.5618021639852,106.04006155523524,311.7327408609053
2768.6821010909516,-2089.6473486082614,158.53437401983373,303.37473107210315
1368.3211617189447,-2504.287666180537,125.05268203910819,332.6642452018322
1351.8996156096518,-2582.2021532352683,78.84580182779818,338.0503704716755
1594.1535954274468,-1044.943627308295,238.3238043056847,311.5209028141788
2134.6826006686942,-2809.06837340431,53.866425449385886,298.28965640475326
2445.0866896945336,-2732.685732824882,106.31258771576564,311.5216881324188
2862.518437453745,-2381.297540852607,129.24045694067598,332.4238052032496
1532.1665951709601,-1314.0847063502017,227.07447773023463,317.7585923902454
2521.0335158672897,-1160.3823703398293,27.45569534342024,337.3057693268386
2882.2162298511275,-2806.0004991389155,242.21704928711802,300.13354585596153
2164.1653171313965,-2199.218546324095,55.67074641717639,324.48918900910746
1263.7002033478032,-1440.6013535415775,75.06604654162739,320.89069290258163
2299.4421551920514,-2775.5405749476895,177.0514796937343,313.9298138156356
1376.4861986031037,-1382.8917879467463,196.22283368667095,311.7708660487172
2589.3921285338274,-2283.770929263499,242.48765424104465,330.7581209998636
2469.7172985752745,-1969.169212724045,211.95659817949831,321.9830237454314
2601.2410480433946,-1538.832988982002,51.96786447253808,305.99483048896127
2907.2951233173644,-1164.8191054254835,170.91967121900143,295.6273416629264
1014.7782215419971,-1131.2982333432603,169.09534788872386,328.9250458356648
2821.36269448664,-1212.8844321595552,202.1819228204794,296.2347644143391
2867.3222253299314,-1570.0743460304038,214.47244541732348,330.3499781352577
2108.5613955745475,-1947.4428988738143,131.1716329573976,338.88283659016406
2256.987196863477,-2374.872303780594,1.9872949965876465,333.0219725647202
2346.060998471974,-2755.5122200514215,109.69271514082732,303.1148032683051
2314.2689620772016,-2142.7977890666093,191.2439393373197,334.78580221272
2294.691271672379,-2482.202785442701,156.17597275878848,316.0086535465064
2008.2736777532891,-1598.2739715159782,242.05333151297066,323.2599568656456
2695.8243334089802,-2602.2956735679722,54.221074740276094,335.5549389355024
1416.5769356145083,-2906.5610610565936,230.88608853161819,320.9700589386256
1604.8248370407887,-2616.286364089559,228.8410050377834,327.8013538888922
2873.0770485926023,-2823.7050139902813,199.83506151371682,323.61616356925174
2595.0840545756773,-2775.716273224437,30.203667089507654,305.0140293730142
1562.5294918469945,-2203.4714481896,23.269134719408832,331.415887388724
1708.379641613993,-1866.5467396177316,109.68476445412301,336.66361525643106
2355.0468536207864,-1130.0624665918394,133.79639829767288,327.0523156144425
2223.855576176097,-2541.0967497802467,8.745428280172977,316.52081491931466
2488.2110418920147,-2994.1664811329083,251.01938518089344,337.63407513138475
2272.120722116757,-1119.4310940801265,37.4709439314686,335.78989415078024
1413.940467178686,-1753.7597327793521,67.82008795885811,333.7120584739397
1024.7688096440277,-2534.852711742039,101.98583026898265,331.2951357356518
1465.987758366076,-2341.092415003508,256.57403505570704,314.20757099792326
1491.3379106916009,-1295.9241132715392,191.09898200689682,295.94562027612596
2712.3119856401263,-1878.5558089071399,251.39408053272365,323.04486189908226
1839.7949895026197,-2663.899838639196,235.0175411348709,308.11477149975667
1242.1521984329258,-1216.7034771305048,-8.833585098735103,316.0247346233613
2448.59339259011,-1102.4127250171596,155.33773966936886,314.47789163131256
2325.8862929701354,-2610.983956593245,182.45366690571882,330.35217085377474
1460.389133346523,-1757.9919209000566,52.84476222000593,332.5803460900738
1458.8894120243215,-2940.2478159835932,-5.053481268257151,307.34433241164334
1974.7629172260813,-1145.941169278999,39.40302621618979,338.61817831236795
1047.9942742697904,-1208.0492759092647,57.37073590642083,303.1301228676777
2542.444313488533,-2970.61909685406,225.27759359898093,328.2904944055738
1506.7628097504019,-2829.952054964946,110.85485052943534,323.3363786123923
1844.5436284468901,-2809.6855089182964,179.32068999096506,308.75980478236033
2680.603348531673,-2104.831018970257,104.32804871125256,338.2177636953732
2426.474841752787,-1402.017937044324,152.9955839432609,326.3512962916066
2267.703538981372,-1225.4972255079613,80.73267027617487,300.2214165333362
1639.8860443940823,-1757.2164686848598,43.542318620325425,316.0137478158257
1241.0833114641414,-1886.6404104148494,199.65981401027426,297.9045556276622
1712.2112213812782,-1501.063337214426,27.51490166014805,322.80946310765285
2823.110791945881,-1382.6757332300378,57.91095289799179,318.4737352196707
1116.238830092953,-2229.9952680345978,143.41864666192836,297.799347971778
1987.6254476520862,-2369.1957890302892,181.4590440939494,336.9107947151725
2229.0898252749143,-1386.1394864743343,12.820975197912432,335.91423036095114
2010.0930418935673,-2513.546844461427,232.711688945197,334.46538661903526
1236.13054318913,-2277.937461322087,147.62281374185497,297.0223477749765
1808.1553927828427,-1657.7809330450164,244.0018795830111,298.67906977796224
1914.3758944132196,-1547.8931132764428,27.89121588834501,321.15845987245814
2131.1830996618096,-2809.494382694323,66.36491919899782,296.890248900387
1382.0378879097527,-2535.028499391878,117.77916012362633,305.8367901578144
2756.061119401711,-1230.2321268193064,82.8578217933722,296.59599093769714
1293.054765647738,-1662.396975933504,122.46891409553513,337.6866463750494
2524.64958582098,-1929.6811074904192,126.25862524583354,300.19881336818287
1670.110659277383,-1144.1586487444422,7.007240994898076,318.4578598951954
1593.3873178012566,-2122.1924109389884,157.68386249702834,331.6093359166367
2802.337282048408,-2109.656745091319,140.91964267002518,296.67361196604384
2020.3689745006486,-1530.595463651917,212.8497587664592,306.4634223590483
1287.8836017024214,-2279.4154086094413,59.95413904526839,332.85087400219584
1369.9045485613356,-2877.275663668678,195.01926000307915,331.46157264656944
1153.6639979601587,-2232.194483649522,136.66866986207216,320.8201628284423
1093.7819507919708,-1867.2711642670242,134.13088773604366,305.41181380944676
1030.304813760826,-1110.7760863043095,108.56061377042437,300.67977709575405
2642.42632461407,-1947.3871520208393,175.4584113630517,309.9000760118715
2140.6282758844336,-1817.4382640901802,166.29653455531383,299.80393266350177
1603.6244645077659,-1451.2249858530358,118.6775227703227,310.1381761136017
1198.4425127257475,-2063.0704457968563,57.05234971586775,321.51682196650074
1761.5982624556184,-1849.092690626038,97.40047192451472,333.78493705511255
2203.1919310830913,-2631.4896837549327,34.25240015267044,316.63787537480283
2199.931144691325,-2850.439631583392,7.531689621842613,312.1703278635939
2390.691446348679,-1865.259998653658,21.737186679933018,318.90862056162825
2459.0763163209476,-2662.6964604361087,59.138725141925946,315.39404399738163
2926.4642985304727,-2851.5410869648504,134.77952519796779,319.66243256765006
1881.7983068735175,-2648.170221321053,16.401246150723377,308.238308747592
2807.0531324861986,-2129.67532383422,150.85842701531894,320.8718478742502
1844.1280920849003,-1485.445573459803,256.88335315443265,296.9227163813952
2057.9941936760606,-1062.7026853279388,153.14577591515376,338.4519755322177
2635.5181250205846,-2587.987262939178,-13.782830894517302,325.95645797756816
2135.367764955665,-2017.4314450623835,57.17333227859481,299.51409765077125
2895.075737829306,-2632.6185717995722,245.54668323598867,320.04751702785677
1874.3064690904953,-1816.3311085775317,211.41043206182724,325.3484027684394
1589.1252463456067,-2249.761047418398,78.83105414555816,312.10284913314536
2973.307944553923,-2024.1072477386901,61.75169953570574,307.4323966801942
2594.9773403134204,-2749.3089660716128,174.40802329238826,320.44827738983383
1958.8475698877323,-1948.841342343771,118.61157176231205,324.38566258135023
1606.3804798185613,-2040.4895852875484,228.0857861858389,329.6635950864671
2181.1635361443446,-2557.930692184176,186.1737517715662,333.493050604267
2093.552675864694,-1720.198456592417,239.47249918180938,306.70054785826545
2005.9294207618545,-2100.2658258949064,90.79189239334082,300.9793686124404
2973.7903115815607,-2862.1349511578646,7.978169080684868,330.4514874510171
2868.2086887619557,-1756.5135667849547,172.91575142376385,303.67154303937707
1894.4259193968362,-1065.3887356436423,212.0580494635922,333.00365690248077
1744.956751918679,-1077.2421261940242,39.87215745749521,307.8272675057813
1622.7352648156034,-1451.9606199490004,-5.987249463623609,317.6399665950208
2635.6940628106686,-1748.7988885241828,133.1313228807817,310.3052856889615
1039.4742252083588,-2123.7934815414355,214.50181228763483,333.1866748289494
1176.6495256738485,-2541.3614030147924,34.249756775992005,319.0302166551696
1907.6724076611754,-2503.43474307298,183.55727082983339,299.7743090627812
2536.660936702212,-2016.7915343941013,-14.157510249035386,311.5828157690414
2679.9928319764595,-2967.366053682789,41.42289504203295,300.6572147630108
2895.243466339701,-2127.2068502813854,161.70156743258022,323.3431766822303
1263.2817921993535,-2229.205550526388,152.43359941840995,314.87497555288553
2867.156616314487,-2057.539802311562,37.29054210911451,300.29809044433176
1424.2540037501776,-2286.173509094887,120.0323403733407,322.58518206179815
1456.5918471766358,-2804.2224812152404,14.532337294462131,314.99998971974236
2309.222931422499,-1421.0262624130744,113.8608552570222,326.6222294465554
2803.495893213588,-2279.3272738769733,61.628321695731884,339.88886990394275
2679.8943952309764,-2341.588523510552,187.53013023351735,329.1999010944139
1140.7935768521756,-2361.9532939372793,168.95083918817318,316.5986538914701
2765.4573022468,-2507.587906964922,167.37959385942267,311.2723232124443
1729.9831095015634,-1241.4459540562063,40.086793734678345,324.438139173823
1333.491062002286,-2490.1179244896543,77.6645300211998,298.08304736104276
1454.994534701373,-1397.9372987458132,85.70571984305545,321.5924667517874
1695.0454783045757,-2987.768561469524,15.630220113884906,318.4797324716803
1376.624721667935,-1121.6691811334101,58.622580648523694,321.61498670189656
1790.6354417841208,-2246.287024177249,215.18412213815085,298.277973965989
2008.4768861789662,-1276.7043158644954,103.76676449608107,315.28548745095117
1045.7845090681258,-1179.5782165676053,69.13117546570595,314.21553640541873
1161.2678612225218,-2224.9474305670997,247.2734715986208,319.080109399723
1855.7880506401661,-2085.2395855613418,137.30081116581536,304.54781179778894
2964.647243145766,-2231.5198872377096,30.350008552114147,337.13082656096117
2187.5430215019587,-1226.4328609676331,193.1323140071773,298.19201562779733
1305.037028718553,-2042.8831451071246,47.509936405514495,321.5427058103955
1316.4011146429812,-1453.6646676390085,29.38164793154069,309.65063325184167
1948.3528185121813,-2670.8232953592483,5.618480073363308,301.0953109449572
1618.4597542401725,-2948.1552551885543,0.04596342401050535,310.1653364539951
2958.1303368391755,-1148.6861305534258,182.26952181861628,323.5272250347485
2126.1735387413855,-2718.097470696822,61.789059474221744,298.50985596724087
1411.7894711881352,-1486.8499425022637,255.91332131983415,299.94273353384756
2377.1711908614893,-1419.3142069612911,2.189899950118935,299.60709437873055
1994.780372823311,-1363.6275294694642,122.32489755035107,338.68924850438435
2899.798659244114,-2668.8992341620065,43.79208595813853,319.97589457762643
2401.131489522574,-2518.1153043983813,97.84766671421636,301.2208258846553
1571.81506222483,-1575.787300080188,22.276369678205896,334.3290687291286
1113.9616823759995,-1155.6402731296992,61.97842585768794,327.71231088884105
2196.9518505102405,-1680.9734184978565,183.79138262726147,315.4793386435373
2492.1201227336423,-2852.6131854123782,197.15883395475188,303.3799003367368
1428.5468178748472,-2116.6107148899036,122.08748902149864,328.5130823729555
2868.1029078102883,-2175.86364334871,136.977489160303,330.7605890194482
1392.0101404407678,-2263.8885558083557,179.19332240365847,299.9219546803922
2450.509345925589,-1767.5756104069787,37.89519462785503,322.46888324632465
1008.3249126116705,-1705.1166395992564,6.281997417229611,298.0110183979635
2766.710357834041,-1067.22620737867,123.55122424948172,295.93324525602975
2999.5290737478294,-2000.7379459689864,216.42382914880116,313.9655800132771
1880.6005022796016,-2388.8059037141106,242.17000347526482,304.00336852821897
1721.9040485839823,-1116.3824361630836,160.87847311130943,325.7985958211963
2443.4935712643082,-2359.424081130265,57.21698951096437,295.63131044822086
1463.266320400618,-2478.5219781470414,245.8801989316405,317.6957381363402
2438.5477735324066,-2206.2186493072545,205.2545091432897,313.0529907967394
1827.5810360327025,-2436.887268561677,219.0830545843581,318.4840986583622
1613.2355296897083,-1861.2113159311086,237.8265656258756,305.4738446922999
2882.0352584807406,-2763.4826184270746,252.01354240350508,325.73758539173383
1810.7964751487593,-1580.3673673267424,252.44485016922062,325.6411056773257
2853.911816842304,-2472.2231436020866,231.80823856314248,303.19086708248585
2747.798663346301,-1231.5213243506994,72.21033650816473,305.48142973496226
1655.2807461654104,-1285.530917420785,102.52933792471536,298.10481878531016
1054.8241530139571,-1374.1575254855497,105.66858741862418,308.7811229394928
1040.3711793711627,-2326.6338190962792,80.38518329967128,307.9492935635106
2271.946465359641,-1348.2391377015952,19.83101614359321,301.7371418022382
2694.4436851391,-1951.1756518213442,89.95281154024232,295.4253617179665
1162.6455238780513,-1374.0669675872225,98.05389046500149,305.88575605287787
2360.429529426482,-1914.1492362362949,208.11042454079495,329.59654115155575
1886.3912161375374,-1224.2972112079608,224.3996905575194,332.8308030574064
2395.1594482887353,-1617.7793054687063,169.39269162124216,328.01484433416107
1136.431514849122,-2143.8805582281143,194.23751658756774,296.3487440871225
1429.392726457273,-2382.5355401921297,127.52925981507141,306.37704154325485
2838.941413413452,-2182.1995620753937,170.70572193465398,302.7659030914695
2083.1742374356086,-1660.4453710977152,69.19859261610482,309.51550004238936
2364.9312379263474,-2330.1956425250482,195.72752944525666,303.5630164848964
1735.3240260974335,-1953.1786971061458,233.84892670279794,302.8563546519625
2461.217441186699,-2553.5260169385647,189.2768623721247,329.6545633782349
2422.3729590189387,-1083.395666192161,136.94789264485559,332.7886290072769
2773.2763711423845,-2885.8881388518007,33.23654283655521,313.37917971960553
2957.328576876526,-1659.5814383390627,-7.505170097779443,338.7336690901984
1069.7569776587009,-2914.9842910455573,216.10916549208378,316.68733172855156
1097.118641972231,-2816.2149911389643,92.20345222813987,305.97572967206764
2443.0866894285464,-1729.1955905228567,204.33015178454838,328.411059817272
1390.9812557861624,-2130.639721035209,89.3545812676641,307.4530181149766
1938.405968694938,-2880.019895522541,39.4120053062702,323.1090820591962
2405.570660559778,-1978.8369951927366,171.42005122930635,323.7339591265757
1261.0858020619619,-1916.6692250917151,58.74796967041709,301.83603249046655
1051.2851185291504,-2218.675240078033,201.35488830321515,298.28581684729807
2874.8298341620375,-2221.1903517322608,175.92225331588347,311.1655770362466
2742.641799379029,-2737.888589005025,95.87206690120645,315.238122606615
1924.1055018565773,-2446.2408490020644,142.74406455893444,313.99513462566193
1811.1281642491153,-1705.0678151059958,241.4091618964079,314.2462021654998
2541.8556908320325,-2312.6081768957747,182.3914730365505,300.61180142257666
2463.278998174298,-2998.438605046516,81.74751717470706,314.6459151951407
1376.016162353053,-1894.1837170057022,240.91430244601213,311.400600304261
1571.0346677171233,-1100.0985636049145,209.19497977308626,310.87031377445555
2754.835317059612,-2508.641316860404,39.845665855026226,323.97297266026897
1817.513294572701,-1233.9185722451332,43.72320507446852,312.91162586078775
1719.0407429681104,-2429.345942902939,150.6979854516647,325.9732951681158
2554.379965242658,-1931.2675976636754,151.96269146421363,305.23777397252553
1996.8715172720472,-2335.4223604103695,109.19973389107277,335.7561014620561
2414.3137525582147,-1230.566851504532,98.50069586746937,304.7106639169087
2626.7447957248914,-2357.2844337104207,127.77860087582332,329.03083993538166
2819.016022893571,-2423.614503909833,218.8653505886855,336.4485392975552
1277.2051547229034,-2204.6163212853294,221.6257465529411,337.3007573183312
2976.675327641377,-2668.7445895825113,233.07771709453033,327.29624492150765
2044.4865788682484,-2574.1137010492416,162.86653685038763,331.42824591872534
2730.8586861291656,-1275.3151626553629,248.80376321678915,334.8431603706971
1285.0226841842555,-2321.223924038692,125.89992814031791,297.8134818451119
1441.8675973129432,-1311.358853164995,65.08147105371481,322.35603308543546
2756.39820883994,-1649.0649356885467,127.58160111232169,337.2252866902037
2703.568633226605,-1938.2524968326013,126.07090752168008,310.7317043980857
2468.446280821251,-1462.5050676410433,143.54329821950913,310.07484319072387
1144.0481540084859,-2190.059895020047,82.63598306324748,336.8413586238913
1029.297916534756,-1721.9493756971335,64.90293049566752,300.9291387728445
1454.0989617920595,-2220.766641600664,224.86349724979942,337.63588692192855
2924.2395597725204,-1016.7239198636089,32.57286062892871,298.29542396613715
2798.747414026051,-1761.8818338911935,32.65458491759343,336.14216098378193
1852.8187128325485,-1468.1185502461808,70.20747918556039,324.4586637005234
1823.0332564672628,-1290.9177043666268,198.56754391780828,329.5400598224521
2508.5195313811378,-2184.386345299009,198.18800467026324,328.9231462385941
1817.6703332302789,-1770.1760735084442,199.56852862695433,339.24315033365366
2235.976478733828,-1157.0853293235552,119.92299052308911,315.3439943095655
1111.9255861006268,-2489.2447163996358,12.802998141726121,320.6051492796167
1688.2847636426777,-2901.6449282293297,211.61012244145124,315.75172978060556
2662.2861244651913,-2502.0196427842366,220.1249081402627,339.3590481636925
2287.438334867892,-2171.2915678319014,139.30176594412762,336.9918319303097
1027.0077362744926,-1477.6996726926102,-12.470125805383958,339.3489523037591
2772.6326930665796,-2033.1772413021633,153.45061726092501,303.7317924568202
1768.8705045485494,-2933.3416105081747,1.439079968260181,311.6512577402779
1650.4501269985271,-1417.3749149002788,235.18880921975415,296.0736538411802
1508.2170825840722,-2266.410053273615,90.96887967384713,295.3185539972506
2670.881678816777,-2381.587300115754,149.41712709149158,307.44271020317524
2953.1494806794435,-1655.6407059395513,235.9493536164065,297.70792409629206
1705.8899459886736,-2140.68854964009,236.83328764160387,332.3974075397011
2266.35698067888,-2516.064689096934,12.351676281632024,337.0197911966343
2665.2331146700385,-2437.4474371385504,122.61896391589033,326.7044491609182
2155.678107803804,-1066.1686178455957,181.87735309661218,316.7415833541201
1042.9332790392398,-1209.9903282475275,243.00611618443264,324.37805492118383
1076.4462482262384,-1463.6034422253178,6.317965874351465,334.65840709620034
1467.791943605195,-1600.8893612227412,36.98735042528247,303.2412711249638
1547.5748696157125,-2486.164077740834,112.47578108368687,302.36941388026816
2653.1417627552873,-2020.7478070869436,90.79357234903674,305.23122927532404
2808.0613124919273,-2846.0678393321436,117.43960120096372,296.4564978577545
1324.5540927717711,-1619.8077988960026,105.00286139320738,297.02046593198395
1035.9431581320869,-2897.6970975309805,88.27927711370587,336.5713217557218
1194.445163013157,-2560.015650369056,181.1987480910585,339.08919556908114
1988.7257699134257,-2100.011061140896,66.77101721840717,334.9144420766531
2582.8876456041735,-2099.412942348399,247.0961652309,328.7724685512536
2299.188531638628,-2846.4539820354457,130.90793399104393,334.212198403157
2988.5226388344126,-1484.63081489268,13.700116744477892,328.77971933940364
2110.932685077627,-1568.2547303126244,199.77968806915558,304.4997866860983
1646.7931108529574,-2540.332690718401,235.179320796113,300.8204084443245
2761.2123849206796,-1411.5185743223553,-12.20450345669202,324.0619373669006
1117.9098533128706,-1459.9656030815884,9.356396545474478,309.76676560915655
2339.8965834577793,-2543.1102253017684,243.40312834991778,327.82317576906314
1285.2482864212648,-1786.8781456465813,86.8911717339863,323.9872322389778
2941.086643877511,-2131.0698983932007,84.02429939775352,316.1004414215556
2419.156060703851,-1482.7931982494044,231.88865961127289,309.1566155278464
1152.0288718669094,-1065.9031466413242,-5.48023566536969,308.75041021868833
1988.375411440882,-1541.7195063846177,63.8536894273047,300.29122367362356
2707.1639986060372,-2344.6069066380865,64.70933287512145,317.49360367780315
1686.734756713054,-2749.0038337123638,195.22960945348194,324.58539975175296
1867.0445630246913,-1277.7990273344903,163.20953602880252,331.50284415973994
2021.8203507801381,-1210.6765839779944,151.39125096676696,319.3423493009981
2138.3476277900354,-2369.907876034542,76.65031078100064,337.63099544329845
2050.980372950324,-1668.8744157711135,204.7647197921768,317.85328141680617
1600.8000235241032,-1752.8280275362836,23.746796361671265,305.0845878272649
1094.4524615340308,-1613.1298280407955,49.90366330200676,314.83942247677254
1653.7594256843054,-1246.0681795965404,215.6411868473672,329.7657487632101
2550.187233332814,-2487.7007094992114,166.42184574570013,333.81184665984006
1772.9105015492596,-1770.7777600294205,225.307285051069,338.10551250780856
2820.0778749106407,-2313.768776225505,27.858619186276208,318.23256828086335
2970.7871135009977,-1564.3195971415912,37.638736741228655,337.3477081355768
2990.1477639225313,-1137.7065495339984,212.6007145237228,339.45965878987926
2721.808967447112,-1116.6444942521055,78.25077901027288,312.69234911107264
2232.101227074236,-2226.8272832300177,111.38679275806322,303.2122434997599
2770.985821088153,-2112.2810482468226,164.46358592069546,332.258559030426
1079.7031841769438,-2288.054997144597,120.8141057366368,335.2514578123972
1026.6108580665634,-1965.4019943144435,257.55384726040074,324.6166952356149
2148.2765109822076,-2286.2074187416356,56.473784097050086,335.6182611674146
1768.537587459379,-1244.3639138479043,85.25768716790968,297.8545508697439
1733.5723648725361,-2528.0808928347687,46.667772083718916,314.54169085579736
2615.636580955317,-1827.9573980265698,204.45181100869337,297.0169216268969
2489.5141641375108,-1132.888338224604,71.78862173823782,317.4021651313934
2117.9151673082315,-1001.3017031370523,-9.892826726870545,300.8533991502189
1880.376834119619,-1011.9569461339968,153.07524115629963,324.99287492965703
2639.399830724564,-1504.2302636172933,99.46542671646158,328.7872030168786
2836.5152771839685,-1504.537954872798,89.46155287161801,335.4843517021099
2536.7299971904486,-1477.310384457581,228.8963624223397,325.4386673789736
1026.9392532193958,-2027.2729914351603,218.11191930365814,309.74575338636987
2786.2230323615013,-1905.988251787614,199.8270387013625,295.8732770224377
1629.9280407899469,-1485.8680182732994,115.59425733223145,339.07453362760356
2073.121614590269,-2077.766322475598,108.49561610977786,318.6190331318043
1155.3784850725249,-2287.6780883418282,62.39020987474943,320.7165702639912
1866.921308572274,-1237.7688390435794,40.24027619638177,304.53696728783973
2167.140442570137,-2156.77335609809,76.61792367438788,312.30691725831537
2282.277359698507,-1918.9569807162438,226.4330843143074,308.79107605454084
1033.5547482095553,-1504.3281741242154,89.68783773278649,325.86815877082086
2949.130638551769,-1475.3468734241371,28.214149654138943,337.4451423614197
1880.5502081109762,-1196.8056605688714,159.55926139075606,332.23998340950857
2871.1984815987366,-1231.389294244505,48.56859420911077,306.8095113782316
1217.1690605790577,-1011.9678459664426,167.5160303039178,299.75867509862394
1107.978331291118,-1137.390533503571,125.71384411178406,313.3614115853474
2462.3462578006406,-2767.8954890293962,208.0190140189226,326.8887968238009
1088.8992718814734,-2455.410455375492,180.52497402168981,327.5232775909433
1902.778639067209,-2565.907700160502,236.73225393997896,318.4141792487064
1560.6010110644752,-2183.094628769927,31.012241872150618,324.71064131316825
2087.2994317638577,-1795.4482726004317,210.11641851103334,316.2806882928399
1927.0951918717437,-2157.801656961517,242.89808751119614,325.3481679645741
1122.6503749157798,-2297.9433310584914,14.785890789443588,331.9295915834157
1522.8209375251088,-1200.490081554823,-13.730541001063482,304.05884200970337
1345.984606980449,-2301.7501971554184,29.20373540751948,311.8094224693707
2114.812669991733,-2800.6671140135404,212.982731556623,329.3602602046076
1402.5765305589384,-2118.5884009785677,217.91413682313544,298.025782318754
2421.680497440173,-1743.1308767527528,116.42358674317896,301.8672253026417
2383.0470594840417,-1663.3345816097658,211.65966850003437,339.1269195877694
2111.2777822362627,-1055.0179917878277,87.86185289296385,321.7133471062847
1587.6173586017228,-1140.0373322803537,230.68893219184685,330.81986268851654
1007.3761169422557,-2452.0247310496793,101.7903064003584,317.2331308473491
2327.7240384026445,-1709.3233009602461,177.7228562457777,315.65764486388593
2422.528355190041,-1701.4858926095212,241.37059221206744,318.7236962603453
1783.0271241029318,-2266.1941158579775,255.81534068673926,318.9056621727131
1742.779221008434,-2130.8750270426585,149.438321364017,324.38762692125687
2615.8526948656017,-1154.1002574051472,73.55535051114863,298.18438334236913
2007.265726420826,-2183.122808435958,186.8693381384401,301.64470244687794
1855.964015770599,-2704.6039914419425,258.430992395726,336.3043275577302
1486.6302857275628,-2794.6138662381786,242.2674914331048,333.89005793038797
1879.9024134308036,-1488.3408277950311,256.9425322816584,317.26765927403005
1434.4951535869843,-2127.588843392836,138.60411087099513,298.89552769574493
2404.759002107544,-1122.8231526153504,64.91960914816927,320.8213676638086
2382.3408794429715,-2004.032199856837,133.1860429506678,306.85758140323145
2428.775226027482,-1741.5189151715106,164.98553851298666,300.0485300883984
2762.4717416375884,-1870.8009407293848,234.19112488457014,322.29722901089855
2085.896020858271,-2197.880768566491,85.19034205464493,310.18105793422285
2915.303920586926,-2730.033181361656,81.65096013371266,316.2543464514774
2233.7410829768796,-2520.675822716002,21.235327024287095,304.17624696095817
2041.6643109214156,-1272.8625611970647,90.57006864888358,328.91349172774574
1950.473314942668,-2138.7357783202483,123.01326995039688,334.71220424526183
2388.3424444311477,-2836.2729724994883,4.88308874137676,318.04554697190406
2359.2001328869956,-1513.4504150883045,56.03924616762346,325.0912633941076
2174.663771452641,-1352.2223657583822,231.3252396819413,338.84093971112094
2306.747425222301,-1197.9111984353415,258.26784027150086,307.44486178118285
2010.5458734607944,-1727.6183052725564,44.25677887875045,313.16031818920766
1702.652884922705,-1494.7150145662877,158.7000737847737,307.8306644279703
2459.7283841752296,-1167.592849499795,211.35080798751096,303.84287147571456
2906.296124339163,-1452.1336479070294,119.75326907618006,312.1867110662911
2907.3299659359764,-1414.960246517998,53.440783075942576,328.3392240876881
1169.831734122535,-2311.544017044547,198.24096025417916,299.6556765266204
2415.4489606334637,-1928.02926659779,186.26648254001284,307.8439825834123
1026.6613227594873,-1315.69503695704,139.530312274105,331.62479566496523
2290.047177216354,-2001.4793000032155,218.33737365067716,307.4380736184035
2885.1776742754078,-1235.2934163439634,135.4671980931537,307.69298142401067
1746.1439300634493,-2015.5388664214681,178.61505502524696,308.2653227844547
1632.6020655630014,-1953.2613264591726,188.88284687553292,330.86232737579735
1052.8373545620532,-2218.687016783993,181.37156988559548,303.12399761746093
1726.7012255974178,-2348.749885755776,112.79284607327884,303.68680838104257
1167.25340359252,-2145.9546875356655,56.79930026842369,321.58500565326824
1325.226194163028,-1758.8111831480958,65.78823821265789,320.43284120745994
1788.893961055771,-2172.7847827987175,97.65108214609259,339.4841253371659
2769.1850420142473,-1342.0974084140425,-1.1017690846573682,319.9279971671557
1568.8037717290038,-2320.498813681148,64.66075509302767,321.9881093015088
1891.4576452704855,-1978.031889787718,110.98720094252948,310.9406456980001
1319.4933226770295,-1896.040488385386,61.02388223556099,322.11102014938206
2406.001305735982,-2215.32902266115,164.7325114388267,327.7983821454564
1897.349570264821,-2027.2465028417828,249.76099601119074,299.11850886264085
2459.2261522784665,-2658.022295489491,90.15472757934894,319.11301039986466
1724.7095215186719,-1926.2608632590889,43.430509096699566,328.3607468568332
1645.1384502471567,-1912.324916048076,234.00978878154308,319.42044158777685
2938.53400924151,-2497.823174699502,122.23899101679669,336.5462862325246
1786.0855769859686,-2061.456687418746,254.14873500948545,305.9424407635869
1905.038030306427,-1239.5329819185522,-14.637372323599276,307.46923787216434
1756.78258889769,-1144.7046797370049,186.08065188137178,296.8956427362515
2096.9612626205144,-2177.933832089422,192.6293944402405,323.885957879104
2416.7388263254347,-2164.642337836691,141.64395125159962,296.4061505751927
1241.1423717734424,-1057.0973017266615,251.0203399994386,304.60529660530966
1809.9093901324982,-1460.0810112811528,51.16565783215114,319.68224760867867
2081.3381322788364,-2402.1025158829734,239.56740282082603,326.69178559046
2433.86493140412,-1061.4968025745604,-10.6617990436273,303.0812301254124
1588.436091547456,-2142.59011642894,31.059233639458746,331.1818668733105
1221.1946160204805,-2937.064018567726,70.17003521784684,335.04690450288007
2332.065194850612,-2664.532489458965,9.73573566958094,337.5217537710075
2328.2373091819372,-1492.2800741235756,178.6415075121969,339.8304076555628
1497.1793329219195,-2479.116629905414,95.02874402082873,317.8666112976721
2963.418886800039,-1188.4139649393223,117.36562992549244,327.08651055552696
2350.0957530661753,-1303.604919454191,131.11329105426992,306.70224237617765
1350.3820602027345,-2720.4667157845456,178.42714562553667,309.5376255922059
2264.4948329015297,-1391.046656256029,188.34483820577321,339.4341646986287
1964.0940031699276,-2878.778823129609,110.15156001847845,319.05357630959526
2631.600554501776,-2110.3793415045766,176.28050798513328,325.5481714643888
2175.9320277397974,-1679.1808238226529,186.95515724033015,308.6966912545445
2713.942442910472,-1092.0646849145214,-3.056112640321313,309.77701472799185
2958.4733988922753,-2183.675979068834,61.76333951469451,332.7813275701226
1858.2409640113929,-1308.6537553680414,197.5586737273581,321.69473192203253
2548.427141924031,-2863.257562545501,83.09644925390185,339.3597331725732
1881.8165234227831,-2643.0406317877955,35.70017307513604,316.90141143438314
2692.5100496967398,-2710.381140302122,33.32542562516205,314.42872385346664
1844.208860269473,-1682.351174225841,158.68786818386414,315.28178635037096
1865.1400938589945,-2405.1222979726444,131.8178174512404,317.5277279553512
1776.188707960655,-1080.3331961418844,106.91508019313896,319.6519818055335
2896.8560075168143,-2250.245117280997,-13.296453933619132,306.2407212732515
2017.0848454559696,-1731.9044846030347,113.55956708363152,331.043336457705
2367.488101378033,-2731.945016101633,81.23105737172877,327.0315385264837
2601.3777033353945,-2126.4479782954813,221.01336069130357,296.08224822589176
2988.283779323827,-2218.147122460574,17.08261952842269,331.67789588819863
1006.2805185941213,-1812.5734768138896,211.66516874505766,334.2227542845976
2111.666443387283,-1338.9319752114989,92.55941128307998,316.95462117887735
2272.5201458552697,-2488.1998987099314,46.97256655171916,307.27351183023376
1847.5234757781368,-1899.9200806190793,231.31672833476713,327.4530607118894
1520.739616024738,-1916.089167051458,1.9220507483967424,303.56767459250807
1041.1716320775072,-2337.6890847854556,199.38933206734487,313.72938539468845
1825.6635008490425,-1821.3057395504904,194.7512500742901,338.5209458700709
2236.817289980195,-2015.4107191374378,135.03277918319696,298.22871817775575
1424.9211253541366,-1360.2304239217735,35.506702053332624,299.6656236485045
2204.8972669975656,-2307.066715889858,149.33679705456564,323.57883840517155
1656.2125493738772,-2268.8903463656866,246.4858883409991,300.2293481966931
2064.3538679589396,-1672.2185046321392,182.41918872332386,335.27800455019616
1892.3119587853867,-2478.0345823240136,238.36736209391267,295.8889983465502
2532.1995228149244,-1267.0884924113468,81.71567085146849,311.99272378564314
2636.9277279625894,-1734.9403164685716,61.74865738761028,327.4604751601532
1987.3262117659829,-1378.2854759554273,180.71179981702372,322.78525334877406
1340.3530193705535,-2556.9859960038875,147.3564066598861,331.0949310915081
1371.3407821357641,-1636.1691542104315,207.59753754911512,308.77098253950544
1219.3619181119773,-2174.6450064579785,246.66188340502526,317.43848560524316
2744.8475058568692,-1453.5946275679628,73.30775802565219,310.8502735773723
2441.6335988202845,-1249.279125577925,99.78688897743666,308.7465323529804
2237.9767533473278,-1008.781424248082,62.77156499731345,312.048959990306
1522.7321466409492,-1750.3520372435466,232.4198588860849,316.23706101290156
1545.2046361732591,-1002.3678398720833,132.91747030121286,299.004267699333
1420.9904106675372,-2817.816972049797,55.86859801417445,299.9810961477059
2547.9303163780623,-1798.2657110085543,34.52669691848631,329.8213575714269
1733.6646563666031,-1208.1149119113504,48.98336960671762,339.21270924339166
2331.794521500141,-1925.3975143780121,150.85703240406224,336.99791520060705
2824.0715511843728,-2519.7661283341126,97.42429848967565,306.16648900385013
1614.810496920618,-2764.448796736319,57.54851549235762,315.6250057041753
1704.0320488924267,-2743.7568616202802,241.73986856089482,319.06321162341936
1487.208365748249,-2834.393764001099,221.6539266378376,319.4360455963566
1128.6575242743986,-1503.4128890845673,12.774699704790883,300.90677971151183
1405.8910455870562,-1290.0328213418,34.367833310266796,305.54964475027975
1335.699206780181,-2300.88150198496,150.3718462225915,309.3558200968622
1038.9513611176135,-1698.295348420477,181.8637003480965,302.21826577293007
1024.2985713809746,-1338.6824562549261,71.91054248855161,339.1721652142134
1323.4014566749256,-1032.386796184473,138.09637935608964,324.6830038262208
1201.9224525949762,-2911.2598345450338,152.83288529821752,339.17777301476247
2779.251280784247,-1577.8214475474397,258.51003537441943,305.6335534114903
2688.330391683526,-1311.8143882880256,150.47586250349943,325.25285979969186
2348.0223455180585,-1558.4599432216096,86.42927821983186,304.08469675731766
1950.3828430653562,-2063.3880615873713,32.38352910919913,319.40302017513
2247.1135813663373,-1015.3856508169533,45.5553176829299,338.72542545085764
1681.5585147057886,-1768.7539311126636,33.8779895616129,304.2768807979857
2068.1160599196264,-2119.5301692366193,18.37674164801104,296.0890591233953
1094.106745543947,-2501.096798261263,47.910257561403625,335.73312004417744
2456.9817122419063,-2545.4427492575155,-5.408584019240992,298.8910622652501
1567.9186495667896,-2367.022223260148,97.19492642251004,332.6606541731179
2964.7993967445946,-1494.648703895944,258.1575868797271,298.945235750261
2550.2690100512245,-2128.0106349305797,199.67351229066983,333.87381268632856
2159.08987371511,-2382.0492775306657,165.73372630887943,295.059185068567
1296.7990681325316,-2284.4842632553737,208.81025732395693,332.35436414131584
1809.2131949992545,-2111.153353497875,142.1538993237641,310.69526015865256
1718.3607564159797,-2122.3863819880594,253.65696186386265,329.71748992497845
1138.6204909513622,-2010.3034057316959,97.82160188146591,326.9993619679245
2700.0212733353756,-2705.301497772694,99.49806895404373,319.07702225792417
1720.6837483053591,-2653.2374192878674,-6.963592506337086,328.92885529863923
2320.4883653485854,-1593.920480374258,228.66675039619014,301.11104965162593
2768.738976783592,-2155.787689468097,1.2070577018594122,309.42807318945484
2365.1531105774084,-2040.6129152017488,-2.1845895715949784,298.6333006238977
1619.9081009139718,-1934.0681406659223,171.50877978077412,328.47756925759046
1620.9620998141377,-1792.4016923314384,86.92621036199154,316.03152046587826
2135.157433151957,-1442.9610539961195,-4.653594325833353,314.9841360504639
2694.652013347615,-2176.3818190763113,159.64553058186718,327.124540720746
1753.581453328784,-1519.838881139812,13.778286611497926,337.00296903963863
1730.3078965235513,-1952.9066806541823,123.42474700722025,315.21707302597224
1252.0971730856706,-2687.868547527468,22.705884393641774,300.5239177549097
2829.733896303309,-2760.5494915253585,121.9221626529031,316.74231698402565
1035.1954351942827,-1426.381766499136,133.1486063960911,295.17943876581603
1495.5853117270567,-1001.6565390154847,118.05976400791837,313.81298068657674
2005.9699377407119,-2146.3527592786704,-2.210412280398522,298.14668387964497
1661.6504379540083,-1242.363994139807,-13.040899696640151,319.90702143536583
1269.8960204547773,-2619.139299199751,10.269443613535632,319.56960245347324
1583.7140019499832,-1490.0599570462289,-9.287568075004497,338.513928018097
1937.6370726563807,-2930.6476127320184,155.00202145665043,317.8476613661782
2344.907416296099,-2913.549110792076,137.00038781901867,318.7910075707892
2447.8486181204034,-1955.8388290652404,87.09685801749633,301.1238255649004
2532.81508558709,-2424.402876484317,69.9734657634612,337.85016177435296
2817.8652380096128,-1578.5739058474865,26.305321753948192,318.3617437322753
1939.7847701755518,-1517.1020426254163,78.43169893429626,336.6615301833803
1056.7511410201676,-1164.058650544854,151.62016224856933,303.0109769436437
1200.9230075823832,-1447.8876800095084,58.39658874701696,296.2589732845644
2412.9227108871946,-2735.8766516335572,7.946515791338072,329.8410772148783
2605.2694182779755,-2866.9582051547386,127.09537404826452,310.2753553720896
2977.4484502342575,-1651.4665779041604,236.3278731879595,299.16225615955864
1279.4144303580833,-2521.8976957023847,93.08851704865367,331.0355389774487
2419.590284380999,-2475.7448726919138,153.6362147284216,307.68430312952813
1144.0400879224264,-1594.5249868334529,259.31186899514097,312.12316995245925
1616.6837570105497,-1008.8469833281724,7.666183448202922,323.70524541597206
1281.483230912578,-1538.059904241736,259.63948860976524,325.75705590982335
1600.9850717331287,-2081.3093109779993,158.3357057689744,333.3320151720435
1859.3481072143445,-2482.0140412621313,121.90423632376783,330.17101831762443
2850.2774198708353,-1533.511579213711,61.99323762782366,328.2037054955832
1844.0115307994183,-2412.8736605275676,223.37373898197816,316.8601206031224
2918.5642085350537,-2769.2936602066434,222.0567709870973,306.53673985056963
2962.778188580086,-1701.0424527044602,157.84992615342242,304.02679710345956
1493.2132145033238,-2194.918974115499,108.45249174692442,308.89905591948127
1409.462736291116,-1918.0186981916384,220.52499115831895,298.81736040017324
1047.0687546964673,-2506.8680484999177,124.3165633213431,320.9823090784126
2061.9948007268777,-2366.9954446486154,93.74224794142955,327.0777469215515
2439.9713075460786,-1555.3389515171666,26.93475467522409,310.61622639766387
2115.274808568805,-2910.3296874607927,31.50230062235469,318.7406302761518
1345.9222983972843,-2700.4110519291635,237.09529775100188,302.9563755659325
1790.9724694921929,-1323.8933302727523,34.427559844378855,321.09441236094085
1474.7112875864218,-2055.449160952426,113.9805966928804,297.31379580380633
1681.2193927559888,-2670.1289884910757,65.6597803549702,339.05774609392006
2936.2192941294948,-2991.1279161560897,170.64245936280068,322.0385307997639
2724.6354397909627,-2451.935004180889,20.927625728662747,317.489591510601
2848.323566852497,-1194.4541449724434,-0.07201559506280475,319.78068793488325
1133.4093718905224,-1145.099421041624,91.33011583060477,320.5259230087873
2985.717220056075,-1854.2567028583203,62.38619541447673,313.56744492118185
1733.6590292401652,-1041.988421231995,236.46160845417526,327.22541179518987
1031.5114162468053,-1324.0732018845201,120.8831206403027,338.4808136478103
2913.8811963023827,-1495.8917603812,193.7270498956572,328.082444048663
2993.6964768886164,-2904.6219999173977,80.54365537343371,330.4777858971403
1924.663716115594,-1518.0811612107937,24.3189467244716,305.68513886131984
2871.9905929016745,-1510.9575881640965,136.91769278299844,323.18142784618414
1009.0796390423562,-2193.621909996053,-4.769504526621144,305.9053221203848
1102.779344478342,-2981.921863312952,141.39151950054014,313.43869042202095
2300.591665229071,-2617.4783635306258,234.02481930985584,320.8803296480119
2513.5083734636382,-2096.7753717976752,-13.549391835626226,316.5550600428558
1650.7370834152748,-2060.209292666619,161.62626971685518,323.56212810221064
1210.2921920671358,-2175.944700763909,31.9913597354877,308.21742309955147
1717.7666824447015,-2344.8305943588184,152.4131181941694,295.02621050626317
1174.8501624135308,-1254.0930210901658,251.81131264507883,336.71893997597545
2380.9310931099685,-2455.051267623029,-4.058486983553378,333.7772524152718
1368.3603008728796,-2526.902561491791,105.80386753600395,312.9619509456589
2093.3275563155757,-1151.976062553711,110.09022841511954,305.9532515240862
2666.8206624978857,-1229.2887574081367,256.8529772130305,323.86236821058003
1014.2044397269248,-1936.2012219058092,150.63343368022967,327.42581069182444
2255.3152025970003,-2405.8771507959646,253.0501801522879,338.62971879055146
2957.0309172782454,-1929.5871160925308,25.764450018048976,305.5443905329543
2156.0508522935625,-1248.9451740429768,243.00335925351663,323.8990365048501
2299.9991316090045,-1974.5229207917935,225.51556956651947,336.49800034833316
1466.104353814691,-1159.7055477570977,50.25236816157256,331.0709164499868
1782.1403017970456,-2088.166789215902,239.84962167294128,329.04512028366554
2838.275159897017,-1135.9686449577591,117.80244577795864,326.5588660091751
1037.4714034488454,-1213.1801296071865,203.919992144439,331.54929108908846
1864.6041917891582,-2446.95408786716,48.93762216446817,315.2403294265834
2323.915932164513,-2276.8356833904713,75.77087215673357,332.1583786354611
1917.8802834106523,-2523.8545164633624,183.4912925504243,320.4941039216085
2802.756623455749,-1824.6216503179357,27.726707029063682,311.1854537834638
1503.1878890627659,-2992.543395509607,150.73075640897804,312.88351244000717
2688.6657498640106,-2957.362514376261,44.16343647685778,326.17556724417665
2302.757740702238,-1501.2574558911174,255.34371771871827,314.8335147855034
2872.910365508724,-1440.254607624613,124.7246319795106,304.1878907321114
1242.3145926643688,-1583.6051501052739,12.572861920003128,310.16936050578636
1691.4195462559094,-2052.3847231498044,178.4173814981151,330.9536246435541
2678.6294248123613,-2258.790792251395,237.48896794009545,321.8202575050964
1142.2338445837677,-1073.0755026658064,195.38777572472165,301.1192827325036
1445.940141345788,-1311.9579302366828,139.01146316559422,322.36053787679754
2976.530957038165,-2173.4846110245626,20.487202494234843,305.6580561972621
2054.897580572478,-1127.0310381968688,259.4465014526099,298.7979163389679
1815.1911735573426,-2541.339702613799,49.85657074040374,320.7093080377635
2256.923951212607,-2204.7515941564516,178.19708223237353,298.8842619488855
2915.98550177579,-2256.297547439342,42.60937678074849,321.83424728488
2816.1579176822324,-2518.1513041337776,68.26433539637233,316.11870511498284
1470.416450662664,-1673.3761270501268,59.82682025231192,309.4563443685167
2874.3704681975014,-1763.4474760051257,38.9585832610985,339.6727024829179
1227.2892485032696,-1286.4729067248386,135.4445894839044,339.93718433187706
2982.5833498636302,-2090.062439679987,6.117028694036794,297.9471619980471
1586.781737424559,-2765.187938728269,81.7461232731182,318.19729027648714
2935.7870611182207,-2130.1312208195422,214.75135018352572,317.51894883953094
2013.8191236006055,-2738.0002808182153,248.5135956546302,298.1103422509878
2481.7930439016664,-1631.5400482121806,145.29155905124833,313.93160728437215
1261.2048010129774,-2004.3795142454026,-1.7503834575272492,315.0561789066357
1883.1647761162092,-2949.1256753888597,102.32516663574303,301.4425219498015
1724.2447591993864,-2931.1007664001067,146.9594358850152,296.21047120530034
1280.6117124683642,-2942.18765829239,50.02838842314388,299.0279726850057
1838.3289523967765,-1854.1683105811767,37.09010236506466,328.41425144720426
2143.940084275209,-1375.9798257797472,246.30935290680293,303.9440083276713
1583.3247395182534,-2265.2884059471335,188.421054754409,316.4668990187641
1308.0850222169124,-1376.0483015067828,225.88670516629452,322.2804891009132
1098.4723506500713,-2750.9354490449473,128.54409536668962,295.21423580037737
1005.4196646476796,-1889.5902867642892,125.34768735286718,328.04833464230126
1205.9887580068662,-1323.6702120671796,181.5995584067547,333.5319583233125
1562.4105575643696,-1684.7523141678494,104.11138503106338,313.2238245523569
2707.0915940662317,-2502.7108522277463,172.19988972656054,333.93311127301104
1955.198392708266,-2737.586323648723,-12.575405401990835,310.3156934690256
1790.9250364971015,-2461.168566931124,202.28001046745493,336.1980339561951
2368.335974935996,-1659.2413743379518,205.37839961237242,309.3792748835878
1759.7960180190676,-1717.8447549248863,101.15454198916278,338.16422069096734
2314.2779840454286,-2659.1419075845065,175.2974977178116,310.6201938058048
2035.9880088508469,-2516.0522467378573,162.38683606697012,319.6092842739172
1218.6647395480222,-1713.089587315887,224.7818147349877,318.9749916076583
2004.4129291013037,-1925.9449784891917,22.458114034956083,338.07182203754087
2534.801927612584,-2886.669098926906,99.31685403654107,308.87984587597464
1477.0654424098393,-2609.401769649345,228.1630877479644,339.61311366595737
2686.3122401491873,-1540.8824215225777,107.07847727069792,336.11391070121465
2022.0078014937244,-1653.7727870376502,115.80805407959437,326.41132199734807
2742.782187074305,-1997.3931576911032,54.69969133265204,308.08244806143193
1260.6276882151064,-2101.7634082684335,86.11064424662484,330.68556201537666
1427.0438658422693,-2605.4082667277894,40.92796753496803,310.47013533726414
1823.931060725939,-1828.4682576794874,154.17200235697695,323.71513660360205
2844.33935250989,-1058.7921267628105,90.26846826960322,295.2457804056477
1542.4912199797259,-2278.6511826780534,83.94896207287192,315.37843638015715
1465.0322265266964,-1955.011985510456,188.24673430518698,325.5210075344838
2509.9929919150677,-1146.9964914375753,115.92406379042174,314.5759921226889
1324.0330785176507,-2398.103128685904,195.47956439819473,322.452184049825
1042.968605986894,-1227.5324804754596,196.84816777512475,334.69432038625257
1593.0773422241064,-2102.6269017378536,107.61489038284665,327.12342834391006
2136.6220515384794,-1764.263607640927,170.01704283495926,326.61990140094844
1518.8152476460546,-2019.6353164832258,200.59363881040352,330.1850437375337
1885.472827425211,-1206.0922136122538,56.21200467371587,310.907547081393
2516.599805872126,-1445.7143690039366,50.09365562141156,314.56873165899975
2961.838744675871,-1479.0094813197745,227.37178560033666,305.41431348671756
2206.8458304173923,-2611.700677564604,91.41878977599632,326.93759811232724
1009.1277455688183,-1349.5735149234888,39.719958246955,304.05957118361766
1747.7462871569276,-1739.5528504144754,243.92413885980744,301.79330713702234
1566.737260487038,-2484.5275978273253,75.72215841554384,317.95936269767145
1906.9821856690212,-2734.993396428396,85.42904403599789,298.3338823270014
2616.2375832890893,-2016.4548375004215,154.85131177046597,336.35271451650635
2059.502383955377,-2319.990523801065,115.64546489746962,328.16190590931313
2794.3022117938053,-2580.9438899070406,162.5311977898855,306.81820085733574
2165.9816859762554,-1713.8139830642094,152.55455657198826,313.2867469664652
2351.5781661032474,-2459.7349120528893,183.3330535692195,320.0605109578591
2585.436044592473,-1344.9066929539608,24.869902345694136,296.17898144589867
2938.007253862633,-2039.4969268076607,181.57662196570928,326.7394358354679
1943.6274882026207,-1445.557308214789,205.27311823240478,314.27671263823026
2784.450995732027,-2809.1091643989243,-0.5035191722568086,296.8692009592641
1312.0530521692363,-1655.7802810953535,60.52848217966205,333.6823835546957
2224.7683878427306,-1313.7669724855923,116.1017118705347,324.2381296323016
1942.9851447949497,-1104.50382206659,257.1210063308187,320.20300849119155
2726.1297751834572,-2813.6927764131296,38.790189576356354,305.85057637263964
1169.6091727232692,-2445.9353681475113,-8.398963613746492,334.84479428195874
2575.3971121450672,-2609.869787880378,89.89527321512091,323.49673377441286
2304.590454876466,-1075.928165745149,41.567076309869634,335.5371771615583
2720.438341006485,-2889.934282967399,114.52167770039588,336.5749256436885
1745.8732860423966,-2828.0788570236027,4.808612108880951,298.62096273196386
2106.3403082387695,-1967.0919296966501,148.40999413197343,331.6122959444027
1297.1098361033994,-1887.2363136970562,188.4648596976792,307.5181980743896
1257.1938923098146,-2161.163421159101,81.04465280396607,332.86472644572007
1102.1771936623734,-1176.425919723763,22.28427178107382,301.86728748828926
2556.5275966017157,-2385.849121191234,228.95772734539503,304.3209540538315
1146.3797612551932,-1339.5106730744674,12.646436278305263,332.17957277004245
1131.4277737855402,-2954.8641395436193,183.0077304204005,297.95312905378586
2405.4869544937237,-2986.70913218892,150.02503969789137,339.999220525243
1521.5830973025581,-1933.8996467288248,71.01533555394418,310.48260441562485
1703.3457289880866,-1755.1854278772425,115.51463630402677,307.01571747389823
1674.6686091327572,-2166.271054918924,-7.389866597726611,305.1943405868556
1225.179102247251,-1575.2460195425947,65.60733839198548,299.901700533292
1848.7924644234038,-1514.1006979758927,33.27191131839016,298.7634671416958
1269.2079560583202,-1997.7419337026772,13.988925850080705,303.97091254887386
2115.669119067348,-2110.5916874538543,62.97338689570377,321.6331961719523
2525.163365680284,-1671.2903926307902,135.200864505215,323.67176333673865
2354.655357429343,-2380.7453007646664,83.08327793056205,324.4322082087659
2771.4876063489673,-2618.5497898193903,220.36349517638615,314.72553701717624
2704.909190431195,-2060.082321591285,176.08337409386903,299.0651578677552
1423.2277513256815,-1970.5513359441243,46.76392682399988,324.1193470370167
2559.9316136479106,-1933.3512357504746,133.70473935470275,316.47486301607535
2044.04139342187,-2904.6086423289744,137.3904816838401,314.5457953670119
2776.604771491823,-1036.890318369194,40.6889359578284,321.7898852313865
2216.134657696716,-1689.2031716291276,51.320259946867736,317.5735595754155
1351.585170140473,-1826.2786216037314,-5.581813296150576,322.0865246313926
1989.16184241353,-1661.280363100765,190.39131915015588,310.43655006765096
2961.716723028064,-2246.5887747763286,63.578894963088956,330.3919509657474
1032.4152862339847,-1746.1526706256948,134.8857983262356,332.98494557340575
1680.7055522175501,-2894.7711933622736,192.73181728978244,329.0390136770733
2174.3601820280874,-2345.8607004138653,174.80879391230496,321.3447602315854
2082.3140890772593,-2319.3725340356677,91.05413399438773,311.5845250837447
1390.8246706522907,-2396.7402142528567,241.41286846372128,295.0137545078776
2268.0004484654337,-1027.6497692670048,76.17366713621361,321.0033216935209
2917.8410841076757,-1882.6760499502911,205.22884370185903,302.6461525354482
2815.9535028508526,-2256.395181190548,114.02790186571173,306.2936211559703
2346.513780554777,-1718.979390425925,106.2383669978437,301.71577390598594
2334.298501391142,-2449.545364362814,163.42011705784228,298.8471319757041
2731.946545963525,-2768.6937570815408,154.51270765302866,323.6477719450986
1388.5318624240324,-2660.786579352228,49.91297159801195,315.27744626100025
2400.0220757710254,-1617.5795392731725,43.11269365543886,299.38893383771625
2154.052450176858,-2122.923177716321,64.53857957562708,329.3444282390903
2065.814314956132,-1049.0819085872533,113.90464350054131,336.3458669466021
2500.752968443722,-2250.261907132991,244.38690971025363,302.4252893279924
1388.8831522112046,-1880.3458901669933,228.1771558464613,308.10838673469215
1335.8478642605596,-2626.8994587953302,24.606783642438778,310.8021182452039
1327.3782266650499,-2055.4240892409466,131.5089311933168,306.24591227484535
2614.902501184905,-1229.0196149517947,28.02046387243128,333.3345309319111
1694.550961546986,-2932.43402212635,107.99130036173528,301.895990754758
1835.5680111233087,-2503.9950200928783,55.473332605196305,303.8668405583259
2406.306836615793,-2582.5616700046894,95.23039058079694,319.8087824512848
1713.9852745019653,-2071.3522483009224,57.431610726136654,319.6084414485551
1820.779778829499,-2885.53264948036,175.62997455436619,295.41438443029284
1321.1528360948328,-1800.6168068228612,226.31299456330487,305.7551518222174
1739.686452081032,-1989.2825347478229,54.88450560626828,335.68603391211957
1730.9795340745245,-1615.4839334035184,85.32367578343049,299.3373522609487
2489.907612408686,-2586.1211511223555,10.470596846310496,327.4365100415486
1347.9410618946474,-2193.6318340583803,200.2407050396508,296.54699131083083
2158.606975126326,-1303.4682120753446,68.07494031328176,295.3476067516901
2452.6855517894437,-1836.3368283463137,68.07522031343619,307.0369147672501
2459.9864506311724,-1124.0485675886955,122.17562336275287,305.02978444821633
1900.7962974932857,-1484.8246779515669,186.878906953177,323.2397143339687
1969.5244965359607,-2887.494667210823,9.585965539439268,327.03243907534943
1531.4116587074,-2293.051937231757,164.59781047837913,308.83323722508425
2143.7768056159166,-2107.314363961123,41.59000314155096,325.34974567486864
2103.58506549541,-1355.5712717167414,165.54499002760969,333.772888123212
2898.9232705719824,-1124.7589258502896,74.16917430603065,297.54925668565505
2450.9249687527645,-2752.922441945255,37.58085560185684,326.0602313655222
1730.7206553438907,-2250.3241497339977,-7.327445549980647,306.3946812495426
2372.6842872424277,-1397.1032460205174,234.08290635037756,305.2372211035465
2981.0615275714345,-2019.6166459014498,136.1762813194836,318.29116859250496
1558.2586145024782,-2778.7635367324583,200.86769505168294,332.7055707404763
1497.337870305302,-2044.4571067392262,222.44903475157847,330.13912561701216
1672.6087130872684,-1122.4195703932123,48.439554448430606,296.0330868724327
2384.102981059852,-1143.5565967589023,243.7011365339099,319.02124825730186
1987.8820469133639,-2473.1023678440506,50.54255446463941,333.6338093047923
1503.5508567642928,-2529.2753349089353,53.689602523609025,321.06536508704016
1076.3136927385513,-2986.3643914395093,32.388397915240404,325.30919802728874
1011.0720562675012,-1808.1948525067794,46.7249318857031,309.28863489903654
2995.979085646055,-1714.1042390291925,-6.802434929925841,314.5963788354705
1075.46466774111,-2121.86460962125,162.61736719099332,333.0219346220557
1406.639203002587,-2933.95493198378,59.08190833949725,335.8163065343288
1666.9658491840858,-1872.3900616869535,178.92130256048912,301.92636004495137
1639.5088562009587,-2994.839000987508,26.091761064155634,332.5814118931636
2412.023511976792,-1586.623206952548,25.828089109889973,300.937637257637
2910.1157299715837,-1704.6962412630423,145.06004769325747,316.90038454462837
2701.5845456871266,-2450.676730465181,12.962882637991996,299.49686827506224
2771.3501364933963,-1537.0275456882703,82.24433204106037,297.93032400138196
1358.1803979641581,-1890.8666383846219,253.15951012389513,316.2090886534394
1560.487482841863,-1795.9927425368483,96.1136077908938,339.76532788387635
2240.170988587968,-2555.1869365367597,15.58135502698774,339.7399590495201
2209.3510954647445,-1028.6411067445795,75.53763550658664,295.7363597370952
2900.2067132305183,-2757.9304316301154,108.14379653245956,310.5481027528173
2687.0094647477463,-2529.39783890567,117.03149771429455,301.4397905694296
1016.1620144318683,-2798.108807836517,57.01654907337131,300.2471406868879
1897.5200793954286,-1489.3813149010746,205.74215271898754,323.7071721045646
2228.6927356538854,-2161.738692201229,254.59283019150814,330.72304369160213
2451.532049319135,-2030.5016760718813,0.45854661850512635,316.7409328799164
2900.7937651464154,-1101.7141348644157,192.0427891151765,328.8087722157249
1320.693229332829,-2047.1418485670383,179.9691521541297,313.9085693754282
2597.799631613707,-1144.3655331355599,215.74141781329908,302.03496865517906
2128.3774636734006,-2976.4789850202624,47.83750429870336,331.82028527125925
1443.896293779235,-2478.825365453775,-13.333100397863763,335.2593023973455
1647.1804001397718,-1043.0512821872574,97.07402991236745,295.67001997039955
1268.471130283261,-1201.2864982456588,52.205095866524886,327.8798735386005
2576.4743447372593,-2979.3294761744205,39.104291759402045,327.3473850433278
1128.2669794771684,-2190.22168945038,245.25509670542903,301.59819411320893
2574.0755259041016,-2992.582521676047,254.67659618589568,326.60827435030126
2631.7268791455535,-2857.85475101034,171.88150024864544,338.0406905509416
1505.5152855757729,-1406.3396800950625,1.5238962794276247,337.8460823251813
1158.9761590080434,-1152.1160218004525,29.409089916978907,298.78445177000646
1458.7015884481136,-1543.5858432549041,43.81480677924973,339.9981908676807
2934.139217539513,-1419.761562572925,181.8692345566965,319.9990138251904
1112.8856336169538,-2541.21041000615,120.96143477594586,300.65738782539466
1704.7452371187042,-2824.9421122702115,6.966393503229696,310.8272803562473
2717.9978899403063,-2755.2630732154034,187.60539412984252,318.0992690570549
1045.0703968800347,-1391.729386466424,28.642555234034376,327.1237677668178
1672.7824789577694,-2208.6627672636655,145.93620801088582,332.4625050887249
1229.6788957768258,-1407.1906055185932,68.07939358983444,338.0677598334184
2724.438514616715,-2794.282019014924,22.17771742178755,307.87937693373203
1273.0500359554244,-2827.5004791737033,258.33234799275033,305.6953422110236
1825.4477707934109,-1699.2224778780496,39.91478663773551,325.57174120452385
2261.587335248153,-1138.341022837576,-5.967206134053075,319.59374548014245
1240.7389624563725,-2963.9017089407307,63.206998108201205,323.1190174522548
1977.4454084366575,-2416.280320583991,106.3688725749033,314.6978654451044
2055.098681566931,-2853.2793496210847,257.40045201801297,298.27256908671797
1364.9140110539104,-2413.7995850344664,7.346740152925239,305.2771101166893
1682.4438125465724,-2392.1844189143894,129.06625809213537,319.11749472481137
2355.1962497985896,-1436.3668376002743,22.080784837290317,309.7513037367394
2516.526921808677,-1073.6021623827571,11.529930959016522,305.65965624169775
2554.2489801129523,-2832.826461500254,23.689233849803948,322.4246821275363
2746.3181364678694,-2150.7903502728873,122.55955604761323,302.92711912878514
2785.0405701527666,-2328.0748350796107,27.697281308818418,302.25242022445434
2466.5643454755054,-2903.3762014713334,136.79844662827307,302.9581427666142
2809.4044654026748,-2836.1904784671174,141.46095907261846,309.5490051454677
1636.382849730781,-1135.982954415985,132.17139529359676,308.1555221096373
2082.698587865534,-1061.1228372032717,227.07666019109146,323.13412441045
2482.191960554438,-2974.5775881619347,63.217595480756955,308.8988319298242
2384.3181175351483,-2305.6529968520285,197.5197639152816,303.74076460219794
2406.178029984266,-2755.4884093129663,252.97913927705014,319.39911987619
1196.2480616028686,-2842.1913183300235,198.1951052719642,339.13854432940747
1056.0276495188402,-1816.0920676705127,107.06726626367613,302.9034387264409
2116.012637244129,-2678.5495109878766,162.09865561305455,332.05779526937135
2911.3427911035524,-2038.2826866122468,95.14997661519723,329.57955853513425
1205.9152243196309,-2757.2565841663736,21.477569148260862,322.63794799950597
1717.180025263799,-1039.266674834387,48.124267099596494,309.72621697403457
1871.5728889935106,-2724.53754021458,256.6496862152597,316.49402929662847
1069.8367679043643,-2736.588353882029,242.77663777419662,319.1626589956878
2320.0217003433795,-1676.6672627783485,135.45853318959553,295.0618541720413
1632.3966364102544,-2452.3339569964555,185.53559138936325,337.05991160408513
1713.889304041964,-1179.7661424002226,173.2076930076015,336.6290840948718
1269.727363030256,-2115.407877004048,108.43234072688873,305.7122753810484
2023.0739212108242,-1351.5063792531753,19.91353660736906,309.81286209021926
1155.7605607042224,-1658.2444261954433,152.97239443364526,337.74392212886534
1729.606372843554,-2368.1480736651,192.23114617582362,297.86385047599185
1195.7553667247525,-2834.2307438813214,67.91095483365211,318.17693619848023
1842.2565390156046,-1708.079782980578,200.38314869610315,337.6503897033517
2982.5727513542524,-1267.8726786849732,222.4577034769532,337.7185626044687
1146.0813538332948,-1424.159213276901,184.14860441687904,329.090805327141
1157.1557145870956,-1604.2846491659643,150.78265142143024,297.78643692676906
1320.1572241778044,-2363.4208847118375,182.0768390969786,316.42925311323916
1968.245965296358,-1327.2029868596462,207.61893855614701,327.8029729409606
2191.899568098811,-2301.0628932460972,207.5473368133784,337.63987639435834
2710.5245557503713,-2728.636601938888,-0.04955493660343002,327.1479618584294
2339.854168880938,-2175.5672630742038,241.02114226195835,322.48276243637133
2686.788456397392,-1187.1302160171067,2.7653638817055004,301.69231130014646
1655.0885919545476,-2313.001986406999,179.7904802320119,297.9415047272891
1634.0531345155332,-1261.3595821547315,62.017973061303465,316.21972674606525
1723.9715125270234,-1300.7012737155553,77.83642049541527,296.07978047371057
1562.3227653597974,-2454.0749828303124,20.025402230540834,310.11281030442564
1368.6104370175149,-2523.053236484314,8.818859793079195,310.8591817614641
1780.7032968775852,-2239.953727273457,244.13177456771774,302.0256463044342
2945.683763356755,-1717.4565281777836,90.14951038974162,319.05084539274173
2485.543039968438,-2610.889398090965,65.62725495664526,315.25306724478577
1654.1211743358795,-1015.2333818924153,89.92876727874747,325.4036360836699
1032.883735335706,-2753.0924922880226,250.52226378609782,325.42418629571944
2934.3006387229916,-2578.2505733699536,111.5455542858087,310.72235612429444
2434.844868327885,-2887.3329731816793,38.44573913808383,320.45056741343154
1949.7896794036774,-1224.9649799556582,144.9248977152538,320.658252689264
1513.7447034504141,-2301.0186905067017,232.76009001739777,295.17103732803236
2178.944166623132,-1189.574953746323,12.482807401506054,312.8626432140561
1275.3850684370861,-2841.0772023577056,-13.028932268890777,337.3554323648142
2959.106823417932,-2219.9202232355283,143.26829072429797,297.29635443799015
2365.8539127321606,-1993.6646367288051,17.538980355757893,311.8867870106726
2399.342168656667,-2075.4355888039527,76.84011070893713,295.6199873311522
2511.9980103077582,-2533.20016970858,149.26574956720825,316.0056422804721
2584.815316523822,-1645.9018848341104,248.2008762419486,299.38644470328944
1050.0345386569024,-2936.762408750549,152.69546676534034,330.49409920698196
1681.0176749763064,-2911.4219835128943,89.75096276685846,318.393685139409
1034.5338812363061,-1329.9937706728867,92.87454612837095,336.56466221435704
1690.8230626482537,-2150.8090062369797,252.85662715763732,329.130255730686
1444.3321901151703,-2352.3465553390047,200.1502725824885,333.5342827211973
1649.1212485849442,-2509.783598230296,209.09674150150593,329.4235237582443
2600.624953769545,-2274.128814042278,138.42120083817034,311.0712406130639
1347.5091877691968,-2107.141172733934,21.510211326007536,305.3108655760712
1601.2139559103657,-1299.2796861677705,247.79787300052226,318.8104270073401
2420.7001985313073,-2513.338708108775,112.89362979717963,315.86675593967914
1782.2622351336522,-2386.015954526853,47.36005237624663,322.1021600042584
2067.7206406220353,-1593.7886898093304,114.6693598782935,311.6155337333048
2435.201585834883,-1494.0092424492636,4.698053913484646,330.5018711849204
2747.565820019902,-1671.497453651175,131.58403702529637,309.41729531420134
1472.812884673402,-2452.9465184979153,156.5542437057703,314.10734380081783
2111.3995727731367,-2634.731164037377,79.43958002881361,326.13746613823685
1030.1468920764403,-2020.1041237620288,248.3439928895778,334.7326718845787
1548.4898225122656,-1499.4403868954369,-3.587598813823087,325.63413750262106
1832.4039754170826,-1995.841763035301,160.4025118523627,324.26175322545646
1082.2166156943974,-1775.8872547178767,233.70173488283436,326.191607761698
1497.0212912080983,-1734.6388310789027,62.707337368253775,303.7264275699443
1075.149548064706,-1294.4621881066357,31.29009746108155,301.67415987333806
2840.989550081529,-1236.6441675051876,0.023270845980144728,314.12956374059587
2985.4878668794813,-2638.2731380450587,167.13072420619847,296.16927823111234
2757.9060508394273,-2956.4988448962654,209.52518135009362,295.92641001329696
1455.052471326674,-2204.8063705159534,44.460827670106,307.6501430715586
2025.2124269908816,-2057.780032483277,207.616655262974,326.1425972321126
2750.708742177538,-2019.2666011465033,129.52845294618464,314.4606664949366
2219.0183366054143,-2763.0712651215986,140.91682138672596,314.51672036029714
1153.1839922820734,-2586.5167971841483,-6.681068196850276,310.0883791375491
2063.068128870314,-2809.762335222489,-10.475645808102147,312.30317893183485
1236.931524045283,-1677.5022669800596,149.27209067578715,323.20343067562766
2228.8070538139345,-2749.632639021944,12.896257715845437,301.2328389300117
1875.2569904304478,-2078.0519499532766,167.75249159441435,332.87838022537375
1109.8762171787491,-1558.5606333885123,53.991886861045685,324.5479234457357
1387.3845093488067,-1495.1600492032298,76.7647807774265,304.07432212264
2290.672178847614,-2442.5844821170112,131.9556461507474,302.350438344603
1187.4744749605486,-2980.336804059029,148.99512124370096,318.7872347156001
2245.859496715745,-1030.5477752894762,202.8524670249766,301.60031666006506
2196.277078289734,-2949.9055105892467,51.0036061401144,330.010006032276
2649.943207806802,-1166.5281235640505,252.1108465215769,333.064533008309
1043.6258908669188,-1119.0269070248303,190.72707793630897,319.24457177763344
2184.7346715174117,-1860.197957222116,142.8712709676721,314.5180680098388
1671.4524903644806,-2243.632663730075,247.56302118087132,324.39985407647805
1660.9977891083204,-2114.7349466074784,165.9959482200507,321.4815435805981
2038.0183772659184,-2154.8322958875387,159.11350163041257,312.5940272143975
2889.86428071843,-1355.8447206901378,230.32081657843563,303.35772561735547
1861.2161217571252,-1555.7574009985908,181.60943709704097,313.58818206960217
2334.911728243849,-1382.9382394137833,55.813748339673,339.8725279343483
1573.2890455945485,-1044.9899149042326,87.96784830197508,296.8516794191359
1978.9119248492168,-2870.4314438552847,1.5269164894256129,337.79691174517495
1243.6314671931073,-1986.6081017535967,6.336655992903701,317.36914243909587
1151.5606812370913,-1168.840338412216,224.52858974525233,326.4809046089917
2143.556843798588,-1859.3429758268492,82.23995509466995,331.9788341690137
2173.4408873471966,-1755.9010198425208,10.343656588885004,328.5951107556659
1885.5058195840672,-1375.9065760295987,184.51393156396887,295.4746247761347
1965.8491582745391,-2592.7478039759394,13.206610885123972,305.44052482535403
2788.6014236094243,-1207.9970427179173,100.09380009677953,312.35057438058703
1001.8985404175166,-1629.4744284458322,237.04549988316688,313.72723788914595
1605.4355290424564,-1494.4374085777322,107.82818872434044,319.5874825970465
2396.4844744548827,-1069.9105784294084,93.19191358472592,301.8161942960896
1507.7686085569294,-1452.0197144024667,88.8862820437638,339.85512973211405
1885.0413378924623,-1539.9056573934636,208.2426753672761,307.8167067312881
2312.839393348595,-1091.4860890893137,194.85843646307464,303.3576422308385
2972.0881390536806,-1426.60657712091,4.190233595003644,324.4471956636647
2640.000053747239,-2721.5917494137657,220.388757891682,304.09877025381576
2162.5442513223434,-2997.6047944815623,125.62102271555884,300.15617737403016
2458.414559845063,-2235.3724820930083,158.29182468346582,313.41104504628305
1710.0774341601066,-1147.823580252958,93.1167466698947,321.40583981504454
2589.9248241134114,-1568.3485291453535,-14.997030569418891,304.17779219437705
2650.6827493291776,-2031.2915690646528,133.98726752252134,336.5193372196078
1083.3846002158286,-2464.331770529578,23.34553843475149,332.04413605491095
2313.9073188537964,-1472.546538938196,197.1799182679081,310.49521270337215
1210.574173990365,-2990.5898475103604,234.76665022863946,318.4148643468641
2405.0760935390977,-2122.5845501283698,226.90850611652817,309.3879299552123
1495.7841768093222,-1626.2024103117642,236.19731606510513,307.29627002637665
1322.5140520415866,-2577.249059672411,114.33642912102124,329.70395798850836
2466.312476691989,-2716.796816582265,106.44728498304856,339.40566576103805
2961.031397933185,-1857.821534367101,54.0226497221888,327.5061107499047
1571.7361177632013,-1203.0174051836989,224.52073913927455,311.90621514547735
2752.0383687386643,-1315.0418713791314,49.5095756257642,307.00743548485246
2379.6917230250447,-2171.2191038958736,0.08625354545278441,322.7254720767132
1664.0957381058104,-2780.0463616027823,62.12930186020171,322.7902917022253
2496.4960740000943,-1321.0722716667808,117.1096988692126,333.67031638264956
1766.362631301898,-2789.000434688422,157.19270585765378,308.22390417007017
1104.9026117526118,-1119.343756947188,117.64241403658022,312.2528984649337
1205.8357362571694,-1302.7060399416382,189.42192015560087,339.9104946033709
1005.198714503419,-2196.3798322118646,5.277768401566583,334.34228805289405
2262.2678666943843,-1280.2536291953022,-11.031377178319255,302.1973572534313
1853.98534712755,-2786.989215977152,-5.7416179482287255,295.01856634037745
1886.0862323196557,-2434.5243425116296,51.79229282619954,317.15621101088595
2633.591156543027,-1008.162987304883,157.19011847879955,314.99972593954897
2251.6621826142255,-1526.557087921309,117.22129674381634,327.48401336334274
2616.518306501006,-2460.783554710084,70.9617736287699,305.2076157887407
1719.3415988314787,-2044.8668480072415,58.3517411620232,302.6590506948481
2459.562114628121,-1068.1927857466737,8.457538269679901,317.3163080408773
2075.5897480626168,-2627.7508980120515,247.2107344567807,317.7254376635559
1989.2358880407821,-2190.734502258134,252.00044598076857,327.9608225963092
1462.3253768336008,-2671.0379769611804,70.8237736049479,339.26901309459817
1073.2147236487633,-1720.1732954304493,57.71598467496699,300.9310411627725
1405.7248738821404,-1096.7503896231408,49.10311414254156,316.4101477898295
1428.4397854096658,-2219.7046173822127,135.99798155843663,336.39852987990105
1507.577719764593,-1844.1736675566196,163.98937807849308,334.3474282114039
2753.8428488974814,-2697.4524516998886,-9.437583136087316,321.4270749842265
2392.4280285865298,-1663.4133138003062,106.20998025933491,332.09834993678356
2252.222873153452,-2642.625379322452,104.31343398682755,309.78328897987524
2769.833492483993,-2037.2478226131957,-5.9110134498806985,332.175240884211
1510.5753307128039,-2671.6072853512874,226.71548195076457,295.505644977608
2959.0772917470094,-1927.7482654530802,4.560675339852114,312.7754583679326
2071.1296756830498,-2904.790915098862,114.85496234351095,332.0789904042869
1808.0492880073223,-2226.9893619368922,210.51094622035245,309.2735541177724
1825.7330317121884,-2063.6130505973633,243.0361481196726,314.5148209657993
2245.345502930919,-1708.4671531970832,68.88415189504674,330.2693846505425
2134.7529703244663,-1386.2254157557898,158.90493547410105,312.1188143990305
2171.1510385756646,-1277.7405182198368,177.9944137777141,312.49122894885136
1309.8361763564817,-2027.6100028048222,32.63120034933841,321.695538030349
2947.8929366262637,-1454.493578091509,74.38704629118418,328.8687893903911
1416.2954064578857,-1271.0888718981191,200.2844059775769,329.64645950003614
1340.0516917302689,-1095.023660466178,30.95061004418359,304.0444626614238
2352.086044544868,-2064.144657099804,139.15923452420049,301.61830063139075
2082.8198170583773,-2745.0593447480715,-7.346926996170875,316.7260072030843
1902.0697405313704,-1162.167576763941,185.39900717659194,323.86348373397226
1889.9590170407403,-2852.704458043401,123.98849373538982,314.91571513403505
2764.3469567587563,-2236.900063530204,81.04713095662879,328.56581345450655
2110.235697486357,-1008.3104574328149,188.89560995991275,304.0224233829359
2160.8027942011786,-1845.8986627077907,206.98011772717058,320.7497414401605
1061.8639388101037,-2925.033026252113,83.18034990710025,303.7106858078943
2632.663577566766,-1488.4897795544325,46.82988373179607,305.08764005731757
1132.2451836115158,-2019.282107479028,-5.599887798204945,330.4504014058792
1132.1658913012075,-1612.9273868569276,16.435403979786482,306.3225315152693
2230.799767108754,-1710.2155220252992,-6.664474910173443,325.16035434031835
2367.451184903909,-1683.8938380599143,254.66288703421446,317.9496619928752
1432.361428349462,-1727.5086575284763,50.65724430753281,316.1014226683256
2928.8621763140172,-2957.1928193461918,92.31819270881216,334.4813964778176
2470.4192462685687,-1736.2901671307184,218.62999201239316,328.244053483055
1278.4294284348314,-1438.4623542374159,24.22819412446676,324.94889855513566
2322.750681072366,-2570.231599125027,178.07191229670937,312.72052792770074
1609.8270718519323,-2888.096686546525,101.80088325266443,306.44454759635863
1564.8629755850354,-2836.0269362684744,74.30041122812123,309.8047960083946
2157.938851889243,-1237.911120435689,24.947962062427408,322.03054204771047
1867.6418671731271,-2227.986763899904,137.18564277389467,314.9460557106112
2933.2806371526176,-1055.690173316643,143.5946217930398,337.59689630448463
2015.5950325612125,-1710.934935372843,23.230791367195685,297.83574681728567
1467.3990975751062,-2527.441205262109,204.43878467855168,330.5959219744382
2476.6221514396784,-1107.284422259292,42.52602030232693,325.32674934375194
2985.711269669502,-2282.5861287906846,184.8740472447278,298.11123324455195
1292.1020631330339,-1365.6594841794429,51.36744013635831,301.8452922924313
1524.7099863242954,-1060.2574825151917,169.686451281843,328.5741144336814
2070.683868897811,-1229.7834824148676,71.69854023641534,313.4549310734151
1624.6144110180967,-1335.618774932415,17.036146909775454,316.33420250403634
2876.2862733791426,-1056.8672227965565,61.33198694720116,312.69319422379135
1887.8191239043394,-2253.042089348726,105.93338920445139,333.31370590996386
1585.4420238022662,-2969.5278906033705,18.489761492884327,339.0205437272443
1354.2763077586005,-2173.4738373258824,245.1594631202882,304.3721974703608
1851.92797027384,-1597.2751461271482,171.15863519064717,314.52830139021177
1462.9183116909396,-2141.093485605906,108.8362782434377,337.89559498100715
1106.1002168928148,-2583.056206493821,153.68834495973368,318.3947387360879
2658.2159920211657,-1685.6039155588296,219.51019646072626,295.55608435940013
1583.046050533504,-2313.9450922196274,14.512816599243784,328.4877820325208
1566.699898155861,-1361.1809986533717,-12.241757240178817,329.4064628934261
1642.294055122275,-2091.3189552537256,95.01413750877263,323.8947145543345
1649.170071534566,-2714.0221265594323,0.37986653638910894,304.9482408724351
1001.8827670971116,-1346.8074931280844,5.855139756419618,327.9706240936684
2739.941300598237,-2399.4178192244804,120.9076990203821,336.5194369453287
1336.987916959342,-2365.5615490006444,26.632469210552806,337.41145941974344
1978.689020109825,-1655.37620624222,206.55907992632586,309.93257870148574
1769.6822891951892,-2704.3856921712545,180.28369186791014,332.99344024777815
1978.6994063873067,-2735.31257420803,100.19674582209079,301.4348769173324
1404.9577210272769,-2212.941849944781,150.58756927532576,308.34842572839517
1472.94748267436,-2551.1476029546284,-13.649923452334637,307.23542457630873
2785.941924643249,-1665.8080588862579,163.7505832365999,330.18341731135394
1403.395238654801,-2359.3493217340924,92.97642925420098,332.54472319857194
2520.182651922786,-2947.455463716138,16.739482608759324,329.95996958750715
2997.970573956439,-2690.8575658150075,104.16373941102745,300.52281460985347
2306.7936308681383,-2766.1579115122304,144.63077623510983,312.9429519378744
2966.953872004949,-1530.3874252782844,175.20266337313853,321.9320326950968
2114.3634451864555,-1866.5986602255432,252.98045086820224,320.63916934629947
1702.536119099877,-1830.2320099264796,8.371889219074884,323.3066786438071
2789.669605453233,-2504.9473146934874,95.87043071297838,304.06741827350567
2557.435411663622,-2636.799323821183,163.35475967977004,313.7149127924234
2928.6427042181367,-1185.1454654966014,98.7720971926107,322.57645194608284
2611.3665956720697,-2973.8706195752843,238.2354905465124,302.21845192407517
1407.2998081815279,-2066.449376142385,31.549351368032106,301.761921781794
1039.997209195215,-1475.6242639079912,70.43190103832156,311.54226634546353
2320.1809244036967,-2983.891406788575,236.83804038165877,334.3309540572085
2296.2268106759084,-2805.7589291431345,166.42195161293023,305.45560530840237
2624.092583702933,-1820.6536449558928,251.43563192601,308.45472723208337
1437.9330724319657,-1867.92451559291,47.76417156688205,301.27374092597046
1338.487041332205,-2753.021267335943,254.76871662984894,300.75680984281905
2407.571096605089,-2536.1356523785375,202.55962674358577,329.3162447979349
2928.249782317029,-2180.5586442183067,13.474893267162312,319.1296297047352
1457.7396452501423,-1323.9243319121242,2.2691837242220245,328.66538274512146
1406.5520727071823,-2665.6162025167796,13.453979195142118,331.92722497876
2013.1285476898045,-1368.8998612232976,57.20105051344514,312.4949404924042
1673.7181671490955,-2551.177708436324,140.97787650646865,299.5625795250131
2794.8926846961303,-1927.7560280826135,59.68842499662422,308.696474647799
2983.9531599710263,-1055.4548499626158,-12.13846836937344,299.1313405004278
1147.5902614914007,-2917.7120713592712,49.552838199405656,310.79981856409836
1415.8368983906125,-1329.9776779441381,149.85811474012786,331.0902235337553
2611.1083083952726,-2885.8333845897587,-4.815079107184822,304.15619904238685
1902.3666524657135,-2999.5145466340373,29.998204298508263,296.23487693170006
1988.813595610418,-1180.94700677637,235.40523107344345,305.8896028841128
2973.7163768874707,-1941.3960320729282,37.07610129582737,335.85476089677536
2286.3825752851217,-1843.7997485487235,-7.912860499573763,298.7901298512884
1468.5713604158236,-2764.6824152693875,50.94327759113209,330.83819872511975
1890.0208213008395,-2723.5963671581044,35.00558917871803,299.28348749311743
1953.1905497162288,-2592.7778610441355,173.57702239247578,300.9119859477802
2442.341866674902,-1310.6365090383888,119.19544759103923,300.3531972177739
2227.7570354870622,-1231.5069138875347,50.7456596973534,311.6420629886266
2330.725419462247,-1379.9852562489843,33.83903040390833,321.07229964779344
1373.6057706700158,-1561.809663440466,-11.902501038006625,328.3316677709518
2375.5067401046936,-2490.6876266482714,58.88174038904714,329.040678005974
1671.7591584153602,-2208.595523497495,143.4193880613043,316.16237501223765
2612.934094178878,-2172.4136832161557,148.70966823830557,307.25019683129364
1293.5302766597692,-1716.9980453356382,103.89056436390409,325.07321988401617
1053.751186028886,-2824.3977001142407,10.279446144519575,329.25813562895894
1741.671379169692,-2306.8013530369103,20.73982850385425,295.5036265211435
2701.1485918956396,-1832.9538831341388,129.7882930340944,313.75243327836023
1253.9062573520325,-2281.22685677814,156.2433679374492,331.76865234559136
1898.7408708025678,-1391.4166493047858,110.25300321696373,303.58144041632744
1202.0666767126445,-1199.1556810451202,2.2432279557717045,314.8289151994235
1712.2990536715802,-2348.149673667471,151.95900044152725,334.80433500368815
2287.159022704631,-2748.1239751252897,81.01923439281816,314.98717679491835
2691.205827058422,-1965.6949527139989,78.99921668523983,318.9488235301909
2994.317339023141,-1410.6772375014743,258.988852993237,323.5013215337553
2718.264779501036,-1469.680089813719,146.06623214545576,301.4033172862661
2838.7911096975513,-1140.5822788021173,240.99695860927218,296.2989341815124
2776.114760301801,-1553.0920006216406,126.61784313659882,329.1381158641693
1089.6751483700298,-2635.929476027516,223.6265453340676,298.81329861791687
1165.9570099673351,-1785.9014103295463,120.63207908992663,314.4924357669368
1478.4213956910144,-1302.302732074735,32.913795205373546,328.60624339473975
2192.274906860608,-1986.3805486863066,123.16623153973899,306.98997260346476
2000.5830301575818,-1296.8342161429441,107.39995831028784,329.64658722391727
1898.9037515189611,-1322.5624368064168,251.05065774966351,338.0933927189416
1532.2711399761704,-2736.7152931715746,80.57186818389256,313.16384742850005
2813.7681154355223,-2850.3270790207616,154.33279005545072,318.09474923976614
1087.8761566120797,-2086.4153909581564,121.25217458364116,334.5598647554875
1604.8959808569466,-1069.6227919273454,-8.79015011764131,301.72801393650707
2203.8384486433506,-2020.9979213520369,227.90813159572792,295.30823694203326
1467.3326920720006,-1869.3514477388221,55.84687479938776,295.4635463418421
2651.1200155110455,-2877.124822769267,144.47183363531042,296.88831087105734
2091.4672710903315,-2247.1373557274474,23.21227377723593,331.56744391267335
1851.664879621992,-2634.5631772161655,130.4395196352079,309.4400543856511
1975.4217529733032,-2288.5911612426708,98.75466541217048,300.0180642423507
2161.4671472936243,-2181.250227998361,71.63141399013158,334.3744286893464
2813.1121415207253,-2501.2842254740663,91.58493870078725,295.89870825354154
1202.5440539247493,-2336.5571095876835,245.88490490913875,339.5601688722995
2013.281482977059,-1228.1003979240504,193.58513485742793,323.6156190846871
1704.0870009725809,-1398.6460969481036,140.97759622686073,309.36923133546674
1690.9132200070287,-1516.7366358223974,3.714319946088807,330.4896364570199
2364.104734130612,-1283.1478596677432,54.6479183100609,339.86625304753613
1021.1399452222665,-1756.331310120007,183.87205896567218,315.8593946967928
2382.447511746049,-1270.7468421029178,254.29053576951873,334.17849819910305
1076.2933994675411,-2552.664655159333,223.7544718525228,334.41915869917415
1711.9717107088704,-1867.1436004510822,78.31776144461654,339.85741686897666
2589.179106988615,-1596.2776496309311,-8.713225031224368,308.6227308516514
2326.1879510432595,-2795.3914589281544,27.73457580780014,299.0782684520536
1620.5342177605667,-1197.461900620929,83.27309915082624,302.49777833340084
2285.968521916935,-2696.7216726484776,23.985977393532032,338.01630175136376
2559.122197310944,-2236.7592313284767,221.87271850768394,327.7188038118137
2472.0340799522983,-2276.593492467645,108.65455371933601,319.9392640268981
1016.0374079656145,-2844.9684934422685,121.99814526715403,334.0628996436424
1100.6031016196307,-2406.463468059948,223.95845866100103,315.97415918129366
1259.6748645694631,-2350.487317970458,150.5792548654965,323.4444421160768
2615.372117346885,-1783.3566624217012,172.95483243943363,334.5737251599415
2549.1128227684744,-1800.114585338656,111.78973009891293,319.28706757484275
2123.5939466720965,-1194.9397703181617,106.22332143837734,300.87136785491623
1822.627332553503,-1781.6026423838928,172.8677779461215,299.1525297645962
2126.6577878631047,-1821.4890124450997,77.01333468550793,301.05849629433294
1471.1974836445534,-1663.5455302820187,65.73098226095709,336.04758873176604
1800.3609310135867,-1441.5912127787471,202.5632618242876,301.79654452576835
1269.4645307971093,-2105.7763041938906,15.050501957229237,312.0720672667481
1134.7556874519273,-1546.4844539356654,93.88256863919756,326.6122591693409
1588.113495657267,-1139.1896746387793,198.5221875418362,299.76671649515043
1540.7045053378783,-2402.360254689482,80.84023047413402,307.25705652318146
1090.2157839318447,-1500.8079823996054,-2.521560073842405,330.2654582684311
2395.9571940347223,-2469.970733462507,199.51934801035944,295.214281054658
2093.2624874576572,-1612.883772715918,60.24028543064284,336.6902566620429
1202.6854296366478,-1726.22284765739,171.68995630274455,309.1361400568448
2094.7791278165914,-2321.0443615274608,251.33291937756695,323.43450338528464
2567.1471917462395,-2598.5153944782187,216.10515583147688,312.4046038719873
2023.3511969832753,-2198.905699270108,-1.7209370196760503,309.25481843998284
2243.7796749033882,-2891.3945858700695,120.04327230761191,337.30392840171027
1442.3688366906767,-1468.1470173520547,205.2420052681603,318.1298912171481
1611.0400527231752,-2086.788731101145,206.0125720552361,305.68285240174845
2130.930561956301,-1981.8220122123782,248.69663307138404,338.23152368639745
2306.3829659386147,-1136.7093827841338,80.52585168954447,338.6626538151678
2977.10492346689,-2296.9963577042163,10.847336190140336,331.7411883596753
2502.8701589926955,-2827.560032634654,-11.061564530486324,325.62726697979815
1853.1591211088462,-1012.7197003266162,118.81957026622652,321.42872926453515
1235.7063056509803,-2547.828204270321,52.17764411616389,317.5727789617297
1265.9661931508685,-1299.4044471092338,156.15081815123654,310.8034044899629
2165.1032499189732,-1089.7168721884914,203.66351359191856,305.54718199288897
2236.170967837131,-1176.660623323326,21.22824788846639,312.7251865424599
2189.1780880194938,-1345.9663150565125,121.11885227437332,308.85984747891393
2526.549894278849,-1514.9060189069621,17.294264967318753,325.5203767042122
2636.9027468519653,-2346.743428680529,226.10426631660073,305.7156978024004
2893.237654260503,-1871.721210619642,47.145977172757355,296.9943976785187
2861.935810287103,-1148.7602202557391,168.21709608560693,303.79426131438004
1285.7109387448986,-2261.297836127015,196.43116519361755,311.8946099071232
2402.1782457605004,-1073.719538873633,242.94651391871957,301.4458432557891
2355.5948336020087,-2578.236321615662,178.61536495485598,315.3556903093033
1810.7889444988368,-2057.103993722414,156.93551353271502,305.046006446953
1654.1207411843884,-1289.0698348795327,198.46840032610285,304.5315811224852
1999.1828017252658,-1343.036138309842,4.361571375249113,312.03713625544134
1472.1316765303732,-2312.919629874771,197.07554421833657,307.33664488821694
2515.1122863831097,-2723.545977488923,148.5623872640336,300.2494886646114
2828.083419072551,-2640.7835566200974,-6.546948572352523,318.8967029940975
2044.4536199305346,-2919.6273376827335,238.38400917340388,325.634962701446
2292.3986009858227,-1436.0719976614412,119.87568029700557,310.84040619748646
2987.643114925331,-2082.9646925355637,62.6514576344298,334.1798276769114
1043.9388914428823,-1593.9429212898904,143.5959916734932,316.7231454111552
2466.2826738562035,-1916.3983658580562,175.35059679907835,319.36283834179034
2703.827181890806,-2708.0100973204285,10.82878666832945,314.3156916859517
1688.8425330672196,-1236.0243116356166,169.21919494177808,335.66899228415826
2592.8485660355036,-2943.8504605218513,25.872382170422142,330.64237471117264
1766.1306700440805,-2675.722959072367,247.4555177518463,328.28716636915993
1354.1711654369014,-1413.29047177576,185.34137336654987,319.536863001485
1116.1971412654882,-2865.7290848459124,127.81278116628198,331.68735513810367
2378.4130022831732,-2686.327667347337,196.92774218581118,326.78489864898677
2708.5818340448923,-2341.9190373244282,190.061264035259,310.5115008512029
2817.9277112351747,-1630.0243653283273,0.7171437833637331,296.9503497893707
2297.864831677103,-2641.2551262860406,111.80713178388177,336.80382533831255
2360.2035075426356,-2504.2884250371553,81.69197286096765,317.71612798470676
1828.7764610500863,-2068.5241422962818,86.97581777469311,306.48639045962375
1058.175407076082,-1550.6063381613446,-6.886837814916799,330.02197636118785
2059.266729006603,-1294.9472796358807,254.2737913364345,325.3149595954323
1322.7249125460085,-2496.9830708377176,205.58897872125328,333.1702401450813
1417.154380084342,-2250.33503167607,39.18858669451784,323.4724575443976
1593.570122112037,-2529.2283968612533,209.30648090306227,297.52053331800016
2522.953510848378,-2072.4522064617095,130.42985083523283,303.00778166176383
1723.8918675544126,-2672.9613200933177,35.32779145662225,332.4651328306906
2881.8511370010297,-1338.0078636842447,165.1718071384458,331.7585286796111
2189.192754394633,-1613.7045886975106,148.66566621367045,338.22900222340684
2772.106158259935,-1283.0743796723775,189.57844585880017,317.3753470338518
2028.4653466568002,-2609.9933021264274,201.80473058257863,307.145603276659
1709.117896739394,-1234.7038859229829,245.4729412197185,306.38819149072395
2293.740110619581,-1811.3362293589128,208.44319282976164,325.49126619745317
1811.8482689137436,-2121.1186887394915,5.868820479130999,338.9340699567374
2933.8255934555114,-1827.426030917185,119.74593477783228,311.5868052398919
1009.6115989541705,-2991.149729647058,67.75794017348116,328.4102374191555
2659.376161604252,-2557.4623128148014,85.30861791755233,308.8479486575554
1099.879021213356,-1178.8585362239548,193.55358742325998,315.01348301916477
2315.1816500695586,-1339.398743375413,70.3178949068233,318.7895343420596
1460.47995762903,-2249.5556112716895,60.242862367269765,329.19696684124017
2321.3649884463066,-2377.3866431742654,191.5014744189955,331.05517986228165
1429.4621691775274,-2706.6232986398845,59.0624555459672,297.16060800973906
2992.0381386635254,-1885.8695585521878,-1.7322485335631868,307.636343317432
2229.7723830349405,-1888.1145078574446,71.06090900432594,329.0326847388116
1454.9081498453354,-2373.2681372759353,184.48720698210295,321.0386726677269
1838.1930936538229,-1033.2332240645433,118.87724510549933,331.10054432959936
2350.6835747792334,-1945.5046890267113,63.483685620967606,301.1598749044867
2318.639143563584,-1576.7757760057475,80.57715301592485,336.6914019287924
2215.9182943416004,-1301.9074885780058,105.67958233999175,304.15829119509806
2830.8251362005703,-2521.1729178323294,257.5418179279122,320.0582088171814
2144.730320197224,-2286.069104135367,118.93804743108291,304.0939188293908
1476.9044289410886,-2147.676463040577,137.5160253071932,308.62216999206447
1463.8806523933833,-2647.267509463146,66.41098179245647,302.73982036420097
1211.1544888761873,-2067.591137645566,51.77836557846483,313.82219916223124
1415.2559774036406,-2290.0980222107346,167.30823963101292,335.5352926238428
1835.7879474138026,-2863.8756521213927,62.34947586777227,301.9625181908859
1269.499381706608,-1159.03273501728,166.70804150858783,296.55936943995476
2967.780357324302,-2043.1170121028204,30.684639085393968,307.0240976893714
1715.9142944623168,-1397.0151366230248,32.728665689555605,311.38673815585815
2828.3948601389575,-1867.3339622201595,110.4419450768293,324.37884232105034
1010.7764511112864,-1908.478244107436,50.273897959178385,296.74185213373346
1153.4569619546398,-2098.3158255669236,31.789046377020426,311.30728404077746
2123.1638794204664,-1597.3954956838718,108.81788045578546,319.3934373181055
2903.523553795845,-1639.415761546475,201.345746370707,301.37265893355465
1731.4189812551795,-1746.7369104341553,253.90670236055905,332.9932224621765
2128.2378928675307,-1633.934069404295,166.4636348273609,295.4211174143235
1448.8679254943393,-2690.478708465993,181.3010611919395,325.0727391153355
1496.2516712210856,-1193.4661689622458,213.904681267988,338.9219701822386
1463.9929193408798,-1505.2281536349462,246.67320335014875,300.1649453525324
1895.8733000092209,-2647.2646552935166,79.70499387633485,298.2439462027784
1505.650917563081,-1015.0081305538326,136.35250506130927,295.6366550015725
1077.296998638977,-1713.4022333802723,155.93848895854453,335.4048365510773
2763.3783776789805,-2956.7011486442793,137.0635378112155,324.08841479742904
1277.6986477839446,-2254.722704140139,158.43522565790707,317.78723645960025
2431.366719997835,-2361.073682376136,109.55854251639549,297.61474821186385
1968.668394144362,-1155.7179012301594,123.0702851349103,307.97638188308423
2208.556798595884,-2704.946606563628,67.16386394265852,305.2937041854775
2839.579060864447,-1509.4971143225084,130.33467959423484,303.6590551636357
1230.9279479854904,-2456.521498648007,-6.684955187585901,315.0035061703986
1735.3344325404962,-2326.578767781577,62.67595437199675,331.82489770559715
1936.4008338874507,-1517.6475829437252,140.86687492734703,338.7738803055836
2537.9046227621466,-2987.6640906730527,79.69598225723104,334.70180129918646
1497.1406286780552,-2292.0911758012617,146.89124146363662,338.5841253241859
1354.9344563320685,-2082.0584426264177,79.36975582298787,298.8662010170713
2978.974031291765,-1224.4087648364307,-11.268711417442113,312.0285700142633
1341.6826795818365,-1473.0997466648846,-8.486828073586771,329.9858436225305
1219.852258299786,-1626.4296701282647,68.92046538127431,318.4478883726977
2263.167907168007,-2155.9190811262997,43.20995210721315,296.080999303523
2695.4638081752255,-1356.6499790555672,-9.058243009452998,335.4161460509655
2307.3510349056296,-1451.4230954645964,61.35618118795068,306.1509396732857
2037.0353459441326,-2515.996929430019,29.790077673474535,318.9804356647606
1712.8258984664808,-2582.8385908440187,203.5035903520428,320.1133854731515
1102.8908576385088,-1743.036709521417,151.46929355512785,311.80378446874084
1799.5400349428585,-2151.834018670717,123.32577855008364,302.8154478352356
2965.6352605475195,-2009.67949957657,159.59427758434703,330.1750706651778
1564.7011951033408,-1276.3757543511988,140.19883422394918,323.7117219145193
1555.6355790351502,-1181.9591596268288,76.59618913012396,335.15653401736887
1723.9892962376678,-2236.99488218452,110.94754319786499,323.5503972542474
2094.313571851002,-2143.08874082679,156.71016971568528,296.51016231593906
1287.9646000549988,-1856.058140076674,108.3852950587611,304.62955238146657
1465.9632614046877,-2870.383122261666,11.164917047172011,319.89784416043983
2409.0530223364935,-1595.4277089054533,104.6584819275814,313.205872357514
2399.4588555455593,-2606.7735002829504,145.04676103359662,334.01783499025896
2860.802307085095,-2683.4237948397754,135.06924835230066,317.616504759803
1761.056375715631,-1197.2274618785732,95.444120770371,338.47195551703135
2190.9734563996835,-1393.8582221547258,21.159713799891293,316.0976200256281
1542.324432848041,-2534.0056194555236,64.46626433443637,325.41046530349286
2515.863906619931,-1124.8776483125525,48.09858594226982,307.05641690337075
2736.9289498491016,-1376.7981865568158,3.443764321193985,333.5807206269413
2218.191042268152,-2560.195921014348,129.27256846237654,313.62911433075215
2708.9166046785303,-1763.6437263193072,108.41348213963404,338.2520251735893
2375.2696262000604,-1336.1602343980142,143.27446895217352,338.1135557483111
1330.690187446738,-2046.9680201729238,21.682510540912602,339.10603776110304
1918.5665955239165,-1975.5076906800396,98.43043751780797,301.31123089785325
1441.6863360946031,-2132.9262716908356,249.04738494082198,297.62185575783985
2085.6809714208102,-2586.2910294724975,189.62926862565828,338.2164813232385
2763.6926153849904,-1256.5266090143791,153.57777166318175,331.1885768827965
2990.0996950361696,-2507.654427784355,30.83570954278462,318.8567438655845
2170.505284550645,-1326.198681698703,133.32346690813773,326.15280975535234
1777.800721961067,-2226.9207937804076,10.456276972138951,338.6638921277433
2687.6364430295357,-1729.0302458545561,235.01783140228497,316.32481564314395
1646.4701702357943,-2569.0133745082185,188.1685058386411,319.24586837681784
2148.3571168633575,-1881.1397510578352,10.556289479381636,338.3150164249988
1587.4612459589212,-2104.180039215541,208.67332610463905,326.37782757560046
1524.1518840933384,-1806.2749700682002,88.6353758401881,320.4659588382955
1316.1216422471543,-2920.8394658291754,-7.545031586283932,307.26841852773634
2741.396013095566,-2060.091785166919,145.2055083254661,297.6391167803026
2003.3669066719076,-2347.5136533203913,246.01343546132318,335.53795553312136
1336.12011073063,-2572.80248923253,107.64428758868605,336.9788422718921
1808.0430192914569,-2985.6260384792454,27.559795116632465,336.6898275540838
1218.9743914671797,-2309.6388130605937,189.86020310483815,339.13783800372516
1784.0569390168716,-2532.524779737942,24.602883571545092,334.6456702053802
1390.5532443058614,-1550.8577322653969,48.644169644921874,317.2499561769139
2307.2656810339363,-2375.327865701485,140.58146469778896,334.4300168450882
2464.716769851038,-1857.9364185934696,4.749427236076471,304.05289969327225
2732.64336981227,-1952.2599278822956,199.44925077454664,327.4890198315744
2320.080167807382,-2987.802153947968,28.689083394512373,300.8140198183719
2087.2851489967247,-1370.203352601791,92.58055803112538,334.13531510033096
2037.8594512065004,-2361.730746494219,192.12560289287237,333.3420341832858
2047.1194142646314,-1061.7553858623737,219.4586605439765,321.3018854872816
2496.4575165201454,-1665.1020000142573,-12.38040061574609,327.41624250275686
2094.690408520922,-1004.0076738053854,111.51718389262209,316.0420441350937
2793.0084289876413,-1086.3005243170585,259.4218310313669,296.84112808602174
2074.9434021924494,-1528.4921524413674,107.97042334574716,327.23500281739075
2492.396205790811,-1526.4728148123245,239.22818646738878,317.9594207667843
2373.6836749439017,-2218.032380282091,178.14728289537754,333.72590403543296
1928.9382010151498,-1203.1578841121752,132.22920113849077,305.9200308408371
2837.0822323608236,-1607.0740808308524,1.3648588029259372,328.61231472706226
2598.2937014309373,-1800.099507505252,10.509656078193668,323.92313452169674
1689.815989176841,-1730.5575662833264,31.216424535276907,329.1218507241039
1042.4813577346727,-2517.2494795551397,61.839058718813945,331.1486983264676
1186.6713293177224,-2631.168572737946,143.37777987729348,307.82223197764625
2779.146456274083,-1367.2524451227712,250.08668894226872,297.01991450114326
1362.2473366195052,-2561.8106998861317,178.63318864459583,302.55337817037395
1798.7107809818995,-2710.533279371289,50.95482436478797,319.07970209668457
2303.0721714496563,-2698.576442117535,67.22476493668096,334.9961290651455
1672.0211027560053,-1196.500051527561,185.1595512672653,302.78188113866634
1788.7337993394358,-1572.3516007720348,125.53604112367702,312.1205868479067
1625.902731898971,-2599.7634409465422,91.41598984642374,298.03833063531243
2196.5880631505033,-2573.2473587928325,229.0327272860736,335.55554259881023
1877.5448417332705,-2784.4394743526245,72.39652462595875,326.07264123379514
1616.9912575232802,-1279.0945905258548,48.5640415195501,300.9402865233435
1624.3173737142656,-2572.515159128111,105.55247632790953,323.9499912812917
2659.51090506523,-2707.5162861719814,184.28025708154772,302.4247607232217
2863.447433184542,-1096.46641485873,80.37467917614222,331.5825420797647
1851.6068773852771,-2068.899424010387,148.32755744170984,300.19003113290546
1145.0878395980264,-1147.7405762413075,-4.4152922476977,335.2276984513286
2358.417024255821,-2916.2343125139155,184.94319481064136,297.0923109757366
1801.444620967577,-1904.5266329577717,29.147040293078113,304.9271614246565
1475.537852546052,-2201.0942313014048,49.013650680947336,314.9991961114288
1008.6727367174964,-2372.604978116724,82.90800781130339,335.8673843913245
2376.3656280410332,-2494.701286006264,216.93911655497968,316.6246051827295
2926.7085549408566,-1376.1112242344602,104.72431707830079,335.4700181353387
2327.935574537739,-1417.7505178170913,170.02848556336278,336.97937658839305
2655.071695835815,-1249.0824810243462,193.98461731040834,314.99076362783796
2153.5022565541585,-1841.736079385622,96.89906874551484,299.4761317806085
1562.593873924993,-2332.657341248979,98.56189630071096,315.3690238742297
1786.1523396409239,-2195.043817313237,186.81162565237796,314.6981593973401
2354.377970864456,-2929.19604256953,183.81354117229876,312.47506866629465
1817.6776125250808,-1171.0428950456765,142.27348778893958,325.6483179208139
1426.6802885868779,-2283.3150122058328,156.06280468906132,312.87984816323245
1793.0146139218195,-2249.394494916989,101.68849248607177,306.17565431116896
2791.8206315694424,-1627.2073813169432,39.99233808938421,300.39823970784005
2418.9845714585144,-1112.538887905937,111.87284014133402,336.14871725519214
1429.7257723078212,-2361.06914551537,55.30191517210413,331.6331044243942
1567.3021618061869,-1387.5082779312793,93.37702622539578,295.8736565555942
1261.454727637935,-1583.834662024336,98.6849207099484,322.5670785531812
1686.0555001909,-1221.9404720227117,250.12220386945683,320.57430541333747
1448.7861029481453,-1843.1531425785531,164.72643445733047,324.8901513954698
2800.2788757554417,-1331.5466187526797,51.16094402769512,331.54506210869346
1828.6991866298877,-1624.9629027436292,65.24214703005507,317.9228354869581
2864.7998889352248,-1812.1516509079047,250.14203812771683,313.7094434095481
1171.1303348346507,-1268.3759664054767,187.2640405264506,331.48148241252693
2732.806102147146,-1753.8284020860997,108.26110961723106,306.80331018145137
1992.4131903043963,-1575.4715681409805,11.23830349180346,330.9855843955707
1332.6740490539069,-2526.6291008226476,-1.982819376492154,337.69958970501597
2968.4862026570254,-1490.6200875587906,127.37080327653229,334.74811019596564
2049.6729727721795,-1315.4908236010183,26.511275564541762,334.7355826573053
2924.9380897378137,-2119.1838575622996,250.42178406664289,314.49592225482706
1614.1723032510436,-2396.1464792263732,5.576524476543344,323.4723907750081
1672.1742044230457,-1259.2151082561445,83.67924105207805,339.57342365400615
1946.6533317768456,-2229.2546987522223,223.8691474760612,326.2133097555903
2056.6553200352178,-2954.367142793847,88.60243803322342,317.0518851380828
1365.9633879245257,-1912.0188282837407,223.47721860952237,322.87037215751405
1723.4088500343396,-1301.7913382706454,135.91185631099668,304.45774002623966
2585.3024870375757,-1212.6480635804535,209.34721563931078,338.4596950023427
1877.5414706486567,-2433.53386126197,136.41267565814255,324.7346253195561
1257.2669538138598,-2699.399708534268,60.62009985578436,323.3200345675716
2936.3725667969156,-2027.5588616825494,210.18037738814718,334.424411428695
1995.8071747836364,-1041.1398590731335,176.96054972906154,300.59924400845904
2343.3888366252995,-1023.5504943192439,173.39614547511437,310.57241651698325
2556.3751361869777,-2848.365675114981,-0.2937486905073836,307.6622718320067
1030.7786770162022,-1753.1371180618612,217.60295593920898,328.5198187959368
1015.4950601791642,-2862.268662382286,67.05067729623521,309.2372743266213
1190.5677207909287,-1580.3746675397024,102.88610831428637,326.6833310647142
2924.7597440305935,-2717.550955051393,221.69395640771958,303.0630219588082
2168.7644540020724,-1020.5813290255735,211.9519702852367,336.22959396735797
1985.7306097713617,-2206.1532972677783,28.123248914429695,310.2223787837488
1613.5541715433928,-2560.185908741106,155.91440470674186,309.034502316689
2990.2771332430475,-2539.522073408157,116.22142713255732,331.1752533857291
2051.9853187977415,-1353.8508847040578,52.243061296800036,299.5394345903268
2897.016532070129,-2637.748678445121,207.8463239547801,329.2689610656931
1389.6226401235522,-1831.9190868438038,237.9303765138554,298.84739925836004
1294.6427665758133,-2030.939431660729,230.79477830796952,320.84296985892775
1187.529516527221,-1779.6343811196991,139.20473770892403,339.4164183244116
1282.395184337547,-2459.404327464949,59.87309907021543,315.76132755871845
2994.2230123592117,-1006.9568327906618,31.136954555906698,316.60340918488316
1215.3491342226039,-2576.359298121635,196.18731216679092,336.75103893754124
1044.746308091516,-2353.7623439052486,39.96082558985582,331.8275848391186
1756.841809969771,-2569.3111407149104,5.651947726755079,306.68972549000773
2095.837098354883,-2637.513870210695,159.63869502415977,327.0297035223758
2345.315078710395,-1059.5934084766898,73.92135581795341,323.5973357095247
1644.3692470156716,-1618.0970624740667,247.11591550693691,337.2735359003008
1831.8300109464035,-1202.29455544968,175.52451032326346,333.7662405187809
1749.6242729202595,-1512.8786867765182,16.813353845765626,299.1021668860886
1127.160327007155,-2032.9539498345662,72.56692133077269,303.15322684732416
1634.5432019978498,-2750.753216967814,27.875057342785524,335.3898835707289
2656.5965883092467,-2844.0768222689308,45.76300994568555,318.54707789453147
1247.7937009263896,-2329.151808269894,234.32610000846333,309.41991532263853
2367.419191497359,-2622.2930862874573,56.76216075956363,314.8123719559213
1092.17050044401,-2533.8819075805104,204.7075851369888,319.80813363485674
1680.0168468601714,-1521.5435764210945,215.73230224418958,332.5198746935457
2607.982205298488,-2657.7792506349556,225.04812474019496,313.38490124756913
2538.763508626558,-1432.7486829429786,65.69248337136601,297.49283929773446
2566.5516146824884,-2911.4428812716824,220.44559177893936,325.0651477199888
1150.2381636360637,-1502.379662331179,34.26806336523178,296.80628192828414
1971.2013518994568,-1293.3486206657337,256.0217375481699,328.24697596026914
2626.9171291209104,-2375.967906142375,30.06122298520725,324.5877975445271
1228.9169398055365,-2734.6881587749785,204.13569498550783,297.11467180483703
2552.170104030204,-1287.7379935305944,238.83512588917756,324.25688314033516
1063.1208341504573,-2581.3290184344137,212.08396991601336,330.49066765120233
2482.12043560927,-1447.6208191172461,226.87278813870216,311.8337853654188
1736.9895156849848,-2902.682940513219,147.6896193583293,299.10760698354363
2176.0025658052414,-2210.369727306633,237.52448331617725,315.23267958018005
1315.6884106808495,-1963.0950695476818,123.24493676709093,311.7438827269022
2283.048163744825,-2953.953025882304,244.51374688173576,308.3842458414174
1539.083188306087,-1687.9619527952282,188.9188804060695,309.6678350903882
1177.9253483783148,-1827.2639572329954,144.17118733130496,320.1481419412723
1447.9982856929105,-2862.810143163103,103.9466464596928,339.52305714256653
2105.1761144944376,-2009.1606012596299,197.34419232779845,339.7075565703538
1833.8006063636312,-2734.7585126957847,171.8703302427369,323.77159102086523
1179.828322984686,-2695.935711629651,213.6005786165254,337.02802850146946
2778.8834124890486,-2132.866203274173,123.04046879290237,338.5923270796099
2951.952192292264,-1141.393971114613,127.51452078037369,339.2572356031542
2632.718695514609,-2050.3579640610938,-2.0085441000519406,328.8598570752861
1461.9793944630453,-1574.0413450963295,30.158145454695394,316.0985550753418
1741.3050454363504,-1840.2961439515368,82.95918046222755,311.02178939833993
2141.567229641938,-2174.8263127151704,27.556075230275844,295.215996507303
1099.7903720905044,-2750.697039837233,256.5678954607638,320.0194487151963
2400.4807647644625,-2832.136868324504,19.426856526472093,335.8839694998142
2791.450457829572,-2348.370398719744,232.20862060983413,337.7489814824015
2286.6339598705504,-1066.4715068526957,160.14370938287357,303.25980537097485
2646.9932117164035,-1443.6402944596834,28.823858625588635,329.82612436282443
1407.8930954549694,-2033.1378079475612,-14.086307667524789,311.3934155553551
1694.1591208319073,-1253.31529002327,239.44327870910226,306.87012207299216
2123.2119815762444,-2370.1821979912747,48.85035003259826,325.2203011444329
1312.7487018936836,-1750.7621121599018,103.37297842426459,315.3863780975411
2484.315858794129,-1560.8783386203543,71.4215770831089,303.46095328686033
1508.6692040875369,-1831.1171234393655,191.41815967732654,328.7897223386668
1673.2567811068639,-1075.5605828591026,67.8399368361703,298.76100447740254
1178.6791908196615,-2100.1488730509363,136.6618386386235,301.34572298754836
1200.342306198637,-2038.5108079827219,-4.116484326357218,327.7557632449774
2419.925645476379,-2189.75124545684,145.1190306845223,319.1988733294271
2169.5454138371088,-2791.035786531977,232.62926689789214,328.2845603759527
1580.5977668016894,-1209.4138308651322,18.94079518980599,320.557936593909
1428.182586938307,-1411.457844020733,71.76596553852681,334.73936605914645
1061.3439175413391,-2984.404305651272,67.65741144086904,308.11549286521904
1615.1658527390077,-2904.65613935972,3.2788607589289285,328.38568905658065
1602.014831772467,-1454.7794421344815,157.14442398302748,331.598318028557
2219.256168155077,-1606.8231248530517,-14.502608255892758,339.7485841563659
2557.6466598926154,-1346.102290518476,163.08096876532784,335.0502912540644
1096.1915643199497,-2864.9542478433123,51.80316762732666,315.5152193504321
1865.1258481117688,-1706.8766945843665,65.31222143419994,296.0178709294065
2870.25056157318,-1753.1199798338932,184.9622838183267,317.5467617999139
2927.8982182445707,-2817.4218062252944,257.533529371958,314.68268142748934
1913.9615025330768,-1162.968627214802,17.344616190446096,315.87505967637435
1662.1449731583293,-2004.4149534374064,176.07351638805238,303.6366219500423
1560.8366316909783,-2531.699693477078,-6.204915346379266,303.5214449429562
1049.0646335062295,-2258.7053664436166,-3.472732531676721,317.60667802280256
1405.8878589064989,-2039.7924775444885,54.55623688398887,307.91585595624707
1247.8594617929975,-1847.2489681336353,256.93778063050814,304.45472247368525
1080.1286806170783,-2489.4267705410284,98.30100089378296,303.96429891169595
1257.4712737848952,-2193.5232506228153,203.6740819708801,301.4699221814006
2361.567439474707,-1350.605244684959,238.04970563241338,298.9388597604546
2276.7195543431008,-1231.2764760253601,165.66064913638596,306.46020846087606
1563.4043032416184,-2895.691796434253,50.321034839473924,311.0956034711964
2931.2683211572235,-2528.015142851874,50.04250476985446,312.6235123503447
2858.313090088226,-2730.22438139354,95.48909571388026,307.1236071226695
2949.4743564066844,-1482.5882768258493,-2.4887015171561124,307.2013471261584
2379.121305535372,-2785.654285272478,62.805250081625715,302.07445508886195
1329.4441496830034,-1192.7876051017586,229.92019164714972,322.839747285986
1885.2904969912659,-2475.1912178968987,190.7927039780446,312.72113798566096
1237.1335081154075,-1983.5991691568327,246.3838225784799,321.50930484662166
1392.9395486496264,-2236.379111788649,118.34539229055412,332.60074999342925
2483.4707513534836,-2096.5718756037377,151.6037519882284,317.4162743478499
2377.0101041554267,-1502.3229082776186,94.20979829109507,330.71173134470376
1310.6866741859342,-1354.1456872066788,227.28751340336842,323.56530043939296
1354.2596781884831,-2193.9021634943774,159.82648991009782,335.3561688714034
1496.0568568102876,-1389.8301050926812,162.35095873767335,315.41263529650905
2418.0627460814653,-1218.3037989591066,74.68589649731757,311.05126002878205
2105.6765656127254,-1257.3518808824685,83.26907197846008,326.97389864516356
2025.4523934248127,-2841.2640146135486,-9.648867921132933,315.8057818541095
1564.8726289423764,-2067.66692970072,220.65123927072392,336.66306117819516
2915.972276849817,-2085.85919040714,94.3440365281857,339.6123125285152
1014.9665711109091,-1869.1550203434192,50.70613576784906,330.3684103262376
1969.0195423080665,-2056.2982255381007,86.51440684586875,320.78211419915607
2318.017364993381,-2077.8784346279663,175.8877998426451,303.94763231526014
1740.0396841440474,-1831.2652830233046,244.41552719719436,333.86497264623836
2500.0356976817366,-1389.528168953402,34.34899218238303,296.2830465961014
2388.5210779006243,-1738.2037049890184,120.52553338940976,330.9375977142206
2750.154884398843,-1402.1690467262733,230.7917514712907,310.95741725930964
1810.9068009686969,-1849.9191232198996,187.35406995253084,327.71890760102536
1529.1281191966655,-1688.2834478547197,146.57935269628956,305.5135441445279
2525.1925556853625,-2369.819285464155,223.13087331079925,302.81408323975415
1459.6159813973918,-2570.2218344160483,166.27034774075616,326.37110792507565
1086.8765666461302,-2462.336062718688,152.16904719027448,296.36430622229386
2599.1186045362956,-1354.5042157953264,147.0539058975424,334.17571858684903
2717.210386140453,-2705.7497848110183,124.86855923619214,338.58479426361464
2610.8096775022123,-2797.5622008706778,163.73633080653903,317.6638312110158
1077.9105587164977,-1445.9816389189948,234.69487247613597,318.96287376023
2296.541518607313,-1441.0841179824195,44.10000285000689,304.6291651109284
2124.8086197618936,-1754.8642904212027,99.55346065451765,317.420023522467
2195.6763065098107,-2028.033157727497,85.4613006145479,322.0923308999039
1374.3586013826216,-1524.7930690011306,225.50932874673381,333.4349828657935
1372.2524584046128,-2563.3394288956993,183.7627176989109,328.1558064181686
1669.6073867254781,-1299.4922761818138,227.15342436872106,307.98661829071
1129.7959137935893,-2841.3425013549922,3.4272150244150765,314.4177745771352
1684.118936858944,-1158.7614840239016,148.8483543114847,334.3994911301509
1913.5490661620474,-2267.199009640733,114.95584741863797,321.13238958260087
2161.5963726266955,-1466.5849617763217,251.4587084108556,315.5159698502943
1099.6580287037077,-2186.0278256002894,250.15081993173038,333.19934739582965
1153.204240426579,-1599.0514051021905,186.85882349369984,307.13236217270776
1457.130161573553,-1395.7126015340577,105.0810603460863,337.0269267955074
2599.714308858189,-1635.3792663493746,6.040283847331061,300.20802205549796
1164.2144455113728,-1005.8372448712532,163.66019891249326,305.5693999322653
1373.4160879384754,-2797.9052100289987,66.45461307489289,310.8644569191836
2828.248240497134,-1154.0522304275587,126.31971424376601,301.2459652410693
1939.389535969105,-1393.9802921582075,211.661815443139,318.17650102189907
2502.582404548074,-2788.649651904021,153.89566420757387,337.87616343764773
1994.5747808344577,-2942.232614297491,37.25543133671698,339.6854340758727
1175.3625879333379,-1510.7007410196793,141.92035207856057,339.2651501504464
1400.8284154411263,-2925.998523973142,99.26068854798568,325.58147965683537
1740.541160458089,-1543.7007084377126,74.04727761416463,310.55310455234587
1572.0021918731773,-2950.8797334542805,42.051932175460315,330.8042231672429
1946.0828862063718,-2614.181260718362,146.3465947329389,295.48732815488995
1236.706116679369,-2104.0826760754553,242.71810108762799,334.5660829902104
2583.1212260178904,-1823.4698946137332,67.69710889588747,306.4125978450253
1340.6061512402503,-2324.2407446839675,12.696591631152266,306.1373142387402
2052.777020792015,-2295.7985291592563,259.77373696301004,311.78569015073526
1099.4249517589642,-2795.8822078576823,198.62119397768038,311.1339485889031
1346.8301333440381,-2159.348954985895,85.96999571810628,324.3165814969544
1536.3418886974428,-2098.8930768708196,202.980495953115,308.38563096378647
2896.3986246275995,-1443.2709887978913,2.051524641431701,304.2186535868415
1366.9433417132286,-1644.8200721042472,186.8788164246472,325.66276140163234
2361.3384166551364,-1898.2552659273508,223.71310740880375,312.85723426996475
2281.902009351678,-2466.330276526163,106.62141005137498,321.2181524777982
1044.1647322294368,-1109.1674147568626,218.54064810588784,299.8887096078009
2416.909574558361,-2180.0643818477192,46.33345820806179,304.72206631423364
1920.8221217045734,-2592.1528137943583,199.75358532892193,302.3223109884497
1907.0739471898635,-2327.4161249396784,33.03542725548356,307.9143772916712
1643.534538247427,-2628.2117326429175,120.02224384578327,306.74493308410837
1934.1328960654682,-2690.2309367857133,5.922606807666693,325.6206140459508
2666.1223155439934,-2935.0517873428685,182.10129253522237,331.4270741676961
1382.5530154406742,-2120.9709310059443,125.02901604204337,315.73507671381253
2263.70700118481,-2904.622438590778,7.8312749088796,313.4369379471057
1315.1505970936287,-2045.3952856476353,37.241263922853314,337.9107730420802
1467.051077563739,-1149.8818700224767,13.561071025191634,324.98866461573147
2278.024958036328,-1070.0609875071,55.12600581324486,314.6795769302585
1360.7431831329316,-2370.0407201669977,53.31765072738381,307.75748183201574
2705.0342893512916,-2891.873719376392,176.40006180886846,302.06055676212435
1204.7214123643034,-2607.0713072550566,101.10276877993157,338.7624928720195
2767.7596997226556,-2244.86029393496,122.42035154824819,339.626035306363
1988.625393579613,-2723.103010995953,200.76514132302717,303.7605334050274
2070.6299208593186,-1876.1123046264813,200.19368260061773,325.7963066202023
2421.3021972592664,-2024.2478626917075,167.9440151527616,332.39054119128986
2590.5479371549936,-1825.6247775380878,259.4596325192927,316.2370763010959
2263.418890677146,-1112.8142825134073,-3.4259884920706334,339.8341772859284
2227.065642091634,-1631.9736723056255,22.997989229349784,309.80852727195384
1613.104527794134,-2611.004099430549,58.051490440925974,322.3127570371142
1865.638194946819,-1941.20435559658,251.20880516802998,305.91278788512614
2717.630700535892,-1968.9779697240067,42.63502865840562,326.8384467988754
1452.3903545302148,-2413.8266623614236,40.01179718295791,333.4406647867769
1655.9813173267285,-1356.5959862412672,127.62216603171521,325.20400396342984
2054.977741141388,-1518.8167789408058,132.22011805771518,302.095641590451
2570.853299505696,-2200.4266556289867,-3.4814292368084203,304.33826959266383
2666.114156553201,-1411.6681821001623,228.7155696701011,313.6787955309174
1605.3780909337138,-2953.968677464546,91.92781219659553,295.61937968354806
2513.6659460505734,-1685.7699178763248,148.65486395671786,322.60296420067345
1243.624709829638,-1725.4786955563593,72.4138310929099,326.1722603440256
2805.8035587895965,-2216.7690601617514,115.31449401049386,314.30308020655025
2776.61274298252,-2798.6270797043585,110.18211074998686,315.8905716228239
2757.183506367222,-2141.1035373468776,92.88317874787917,330.45614942262216
2658.389152660269,-1047.5994067744186,-8.486985492717858,339.4939301875384
1060.5137606982564,-1463.4240720458192,251.9429139841818,309.456432627956
1945.8795585178705,-1092.5216992641876,146.73231326945955,336.05507248425914
1180.9605175553584,-1294.9682119411357,48.91308342088211,312.1191060640028
2464.45950808662,-1589.387228721334,249.45333712350742,300.709304430003
2694.0994117362106,-2648.252358753603,167.72593054740867,317.259717366744
1353.4066316834737,-2423.8435731016484,84.4707412088849,315.2151135642089
2985.0386811596954,-1433.8779338443846,49.88541243618157,295.0479236776859
2592.642485790244,-2654.9268573648496,86.83443816888848,295.95390193966523
2740.8299484267304,-2807.2960161198744,50.96795615136493,308.13454147360426
1525.6152340092788,-1807.88750773884,210.31479285211307,337.4069360418665
2967.095791957613,-1532.7080516809667,74.65299867764357,323.5463361584669
1117.2182168246263,-2564.3071027179303,81.6292355095177,301.4941295759414
1148.4464231656684,-1041.9685430477155,233.1608447159751,309.69271631988596
1203.6390350209103,-1314.8626481639617,19.246397829895884,333.7926029437577
2645.9095739953827,-1867.8721578420761,199.16634414373843,306.9897936917044
2545.696290378629,-2736.4923956009143,-8.38351000997574,308.1000257313065
1662.0127985087033,-1316.04462478399,7.083165139539577,337.86940013749756
1206.7587764064249,-2464.3586715667598,192.5363823601786,305.08204921626697
1901.4113486445885,-1737.678708609707,80.35946994206644,322.61725325517233
1148.7679512509847,-2485.1661106440456,-12.576082568402164,299.8739823453862
1828.542976567775,-1576.1467510700315,38.52567514545178,335.9422791857402
2959.823429556631,-2415.026192637111,152.92437287235697,305.99219653788316
1736.6653858288196,-1762.6578024233802,246.18364208342797,296.38026306335803
2349.131054449703,-1092.2628494351632,23.05906800768326,313.8250706578778
1992.435186948351,-1526.6255524630405,219.75100850420316,314.2965993006253
2464.5464024353123,-1997.3101291980852,173.56063409128652,306.7143343898307
2930.120674332874,-1876.6106097920197,110.80943599355989,316.3416578562628
2062.862663738145,-1594.0757529426244,0.7033297057928714,330.5331236771112
1833.866786415716,-2931.1988503485954,87.4467211794993,296.8766999826398
1764.7343229030644,-2601.5533488533792,65.00858492232287,312.16787911179017
1105.239939677475,-1979.0714189921873,122.65662918158074,320.09722431242244
2748.1365819587772,-1641.0765853063708,170.24825047361986,296.02763113610416
2379.681641743374,-1784.870216156144,8.301405180164295,312.7627106997496
1218.7964882730646,-1628.2288297481791,246.17257017085922,319.9063825631506
1126.8262738595374,-2929.230473620031,247.10875557961367,310.09059905961453
1658.9648697608209,-1871.0123929393267,-9.04724327013122,326.4988407329172
1354.376333502924,-1758.5416057016262,28.337041177807997,316.8847479095596
2792.3017319007454,-1493.204342549145,103.47119482100123,326.2165948082304
1752.8355610502153,-2618.4640748882252,142.5260737098835,297.50469281802185
1942.4745767990976,-1396.8335621922297,-14.483289036686045,335.89407421770557
1283.5037421375578,-2226.4853277404995,203.3480498859067,332.4599229937043
2920.859072669032,-2254.6084982484736,253.85122009834095,322.86060530050685
1913.6264904548975,-1623.6745000135322,170.13187364613663,325.77845868158386
2243.6805250968832,-1331.060522993891,73.25638335696988,310.15642816039616
1485.3941335766572,-2685.2982446118167,115.08428841872478,337.4023199218276
2484.1394429123175,-2949.8029908718913,55.06144076894782,338.6926927962236
1317.488396801673,-1368.864585931769,108.54689385076503,322.05296152897586
1042.760353423976,-1291.4280973553218,218.99039109582785,331.35898503967746
2335.058749651097,-1756.1885747939161,146.36752000179496,327.31888249795406
1217.6081848530448,-2459.2644533424223,117.30700127970968,323.2164363411298
1023.0467982796207,-2760.443504705071,59.416594640968285,329.2802227757475
2200.331674776314,-1787.3630511189774,193.71650484092683,296.45489871652705
2346.182192846539,-1979.5141303486557,253.3011561405006,314.82942653871874
1887.621979715489,-2157.81698153476,116.21066979503703,331.54875533442015
1882.7423036891037,-2559.54073987916,64.25725440015617,307.67337432760263
2740.7089833548016,-2478.1939071738943,33.30229782413096,323.11296657493494
1362.4908871281464,-1078.324125736989,137.56540015501906,337.6684281349111
2214.8650108369384,-2215.5900215857,50.204213494204936,328.3815435868719
1560.4756824343963,-1642.6455380993257,140.26388342794635,319.84622415301556
2284.53320889932,-2709.491960151152,254.9083645108292,299.9892778116297
1230.9825528906201,-2324.617106757183,200.29006789687887,328.7241473261961
1073.0088680085676,-2874.529661006552,228.45381468530968,303.18747270490195
2904.1152347778534,-2265.8487772598096,50.01249731576857,328.78402691664195
1714.5258388104319,-1307.7391359977325,59.90423029626625,298.86792985184684
1240.7707040602158,-2151.3334677201624,215.18922920783,315.56119048316333
1826.2651599284686,-2633.0139364003207,212.39449656938396,298.2359664539065
2381.3854657388174,-1176.2249437940516,211.2355018339594,300.07380660632435
1983.7655440066105,-2078.9232654719544,219.7364013259591,317.83879894214016
2802.640283529292,-1367.0400633114202,128.06007818315516,334.5425972436769
2376.9213604362267,-1354.5291493468465,49.32813684549697,316.91172927256247
1393.9054061637012,-2110.507511059067,177.51918994362438,315.38131584463224
2578.9016299406153,-2205.6461542746483,103.07277278650734,309.2199020533532
1938.8679502880345,-1192.7053215141589,84.63085310240278,316.46576972458377
1447.382228944442,-2094.8160482819717,146.82630488576595,336.14966572760375
1709.5490509481624,-1354.2770635827453,58.49232656566076,315.03205907798724
2281.874231360421,-1677.9192745326927,148.8921439456947,327.2225971876111
1381.419263480463,-1714.6843556998442,45.013434009850705,337.1926760621613
1434.2078398403623,-2515.99519066045,129.97224027025402,321.8774556228128
1320.5047504253798,-1775.6958743248306,160.65295817344125,328.1109184593773
2151.1601491185893,-2847.6565343780408,169.1110172537826,324.12835885244306
1869.978677672094,-1958.7110945898103,162.89243297993238,334.0913411363827
2982.737177321842,-1985.5807384390228,237.833361066878,298.6504196582338
2613.095493830692,-1054.1493553740345,89.44382296595289,295.77739079064924
1117.3591682429521,-1157.3222239509244,136.2425177429895,316.53484584704483
1091.6604805098145,-2714.383638168684,36.11529548911461,332.41684250156266
2341.735167216703,-2870.078515036658,157.75664967386027,307.65653900994164
2064.3311715182476,-1365.1660374815815,228.21635001975602,316.0877553641867
2157.6542871893244,-2688.5735042993915,228.23371044205518,339.873721397681
1604.6151224745745,-1468.818213268585,204.46764322944085,302.7170699330592
1530.3692915300915,-2263.951752225127,19.757517854528956,316.2666976864975
2548.725964687831,-2374.1582266145115,181.31558778148786,321.63866174383617
2699.4387214801186,-1810.7349232597176,102.62304214196442,312.6485826453094
2491.37119734496,-1094.4489662520239,3.739626280944684,307.3893479102418
1469.9516614840677,-1417.2383227484283,146.4025730839467,297.75044953328404
1557.2393621904816,-2786.1785742619527,211.4170289786109,314.40918718844785
1002.550484859416,-1031.598007726557,40.746781236041734,321.8516812949427
2034.356490384984,-1203.4833749684753,228.95195465427972,323.80068651387575
1598.5982569792918,-2890.7141469953817,223.71598206644666,335.9445258064386
1974.9371496189542,-2803.882973182396,65.43638353567853,299.17651378307073
1759.4257272187624,-1561.0758608644473,99.31441938271999,320.8344375159179
1546.3060616940656,-2099.3406202108395,47.54166200681906,314.5649259728164
1201.7363131012598,-2982.116598784412,236.8370630398033,317.36170410816516
2070.126586246597,-1350.6485206134844,28.654796315521374,323.2314843689334
1776.330933622034,-2993.2502313474224,223.52719464723208,318.8547858031791
2864.795560151415,-2226.830253617877,-11.592295228848062,329.7001527345372
1541.8437260206756,-1955.263614956022,256.37349141668165,313.37190715658454
1013.9311462732417,-2755.0544386130678,141.64160492405549,298.976863318117
2008.6550414361063,-2524.517282306554,241.20907306924937,297.3378760455885
2591.036904820866,-1630.9902027636076,140.32160647122845,311.80631821861795
1629.0383460450494,-2287.245843572044,98.06996596403441,322.59316093009966
2306.6305109266495,-1055.0553124444232,194.090565261551,334.9674064277392
1293.0846459190473,-1312.3471818891858,228.2688939061964,312.283455866761
2652.2663478125196,-2351.7069500841353,68.26989745138182,303.6977552989682
1621.528692889445,-1530.0374213941757,95.1173891900327,323.1964415215538
2404.466330167465,-1865.6510624973953,86.88157960282706,329.3821185673191
2893.9155958467004,-2707.3879064611315,159.66175612703555,296.1978843892768
1610.157660500396,-2438.6214669593874,252.82221170105902,305.9987850250698
2569.8980548634263,-1103.0677116894485,77.05742300103338,323.15958211278803
1614.0298361688601,-1769.0260346037658,248.6923293159697,302.031360806279
1271.0849294777008,-1966.038812989538,62.36563601094532,304.6300505362414
2182.739604866088,-2754.5556142780283,245.7261935707562,310.1253573501565
1205.6475141781066,-1321.9780177142989,115.93405645231655,307.95732274145854
2179.2202602237753,-2019.8757284428068,243.05098835977418,329.27496683381776
1111.6647726178603,-1540.8366089148735,194.24735915025556,336.96795474282055
1311.024702271391,-2660.524823502239,166.22752351073467,296.80188933081143
2165.9187719073425,-2311.100446571787,220.08375581456372,331.60528967658644
2548.0944191269555,-1248.422901439592,241.69085114479861,331.93135650633366
1087.0370589327986,-1838.8493653388446,152.57047801423448,338.969455987459
2915.8239605108643,-1182.7890218593109,225.42259610845485,315.00171175023365
2405.251967632642,-2900.725734107107,117.76748787820767,327.11353156093634
1818.1016536211794,-2510.96544179006,161.95346553006135,339.36920418522
1474.1582478480866,-2626.721087406254,78.78686634014761,334.55655181902125
1180.4227667143095,-1205.984488288865,123.8552333624483,301.2714553875231
1579.931035352253,-1475.1864723871902,165.60595760539013,310.8549905119444
1613.323136356862,-1561.875014928151,89.94885650893698,299.9252080501287
1907.9410639491407,-1398.6087604764402,244.49601804954096,338.23841566687094
1229.6256697397323,-2886.1497967326636,197.09642773615678,324.52092493859146
2962.3685118178782,-2990.587251611864,19.100113809212587,338.3851580738991
2508.0413434315847,-2623.4205459297054,86.25805633347959,302.6613925767594
1852.9096685726654,-1267.105081739427,77.82218891270183,315.72221382628953
2334.2265241074447,-1241.9313409020522,246.9997236034165,339.4850927343409
1771.96221885753,-2551.3509545811007,242.78675142277268,339.50963953891926
2813.311433236874,-1615.5233076564396,205.7437325697143,334.71641349919537
2471.429685837028,-1642.6570078938203,-2.9047244545161597,332.2941752909428
1820.4823128338649,-1755.6936744664147,167.50828264030926,329.75521874346657
2284.305900625756,-1532.1689876868825,244.50159699967014,308.0547016977978
1759.4834494198142,-1638.9499589123252,251.17877841475263,324.89121911817506
2257.1032847504102,-1631.981154889436,178.4805557830902,298.79548879070956
2113.1737805018106,-2144.774570205002,88.49547711396703,312.90077580891614
1234.6015417095277,-2480.1882728887035,77.32521240902905,309.81356304453493
2148.451275271126,-1963.5126235049868,127.23559666224631,321.7540593186763
1583.3201330496436,-2718.996153997158,137.27606286809998,321.62922190376
2182.449981003908,-1123.7970983274402,50.92826754518801,337.743435222307
1866.3436941610134,-1848.5621484482388,32.56723189014318,307.06384829269564
1031.0303052651398,-1276.40668528416,42.860917229117966,335.58805275244265
1459.0248316911857,-2948.748527495052,79.95343773784262,328.16260750308396
1530.0077311271757,-1190.1269620273858,187.74504970597258,316.6388243587548
1226.9593598020147,-2530.3326124798145,200.19901756833724,298.3178243094327
1940.3924477367536,-2431.089313698629,75.60566638636271,330.49690563267535
1614.5089481485566,-1029.2000067407498,248.4429664846653,297.4378573977487
1526.6470690955912,-2100.467898267864,68.34559470939469,298.07039652648734
2640.0763292990387,-1942.605267339567,167.5179437019606,320.0431687764201
1026.7247480762053,-2996.5291129698676,228.31406157526268,324.4518220177834
2263.1746105309476,-2959.3604046744845,183.97637942431595,299.01274438806973
1598.0776828902965,-1016.6501743292304,215.64202279662507,313.4679240456915
2403.6507571981474,-2744.5768329991756,90.74650798022667,312.1643145720619
1709.6501569535008,-2009.8760930170683,14.694150967307547,314.7830288414138
1061.4009446080725,-1512.5583246209808,42.943371352009294,331.32809267971976
1464.2598102343186,-2804.0239732071427,87.4515285547144,310.3347159465943
2474.5298869045782,-2068.023971939942,142.78877679754848,335.1372502206829
1066.052041669113,-1389.4759898034843,112.7642180922375,314.55666015387914
1045.226385351977,-1400.741398857624,246.3883153847495,338.9114597268525
2683.0335542132198,-2583.3147716506987,188.1655531927569,315.0047470397412
2892.3981413866713,-1819.9160912519608,31.995602851458045,302.1780630971027
1055.9310546953766,-1011.0271583803769,50.731672545055375,335.8078500682882
1506.206053843211,-2475.628692328004,113.50272623322402,306.8568909208277
2132.2492555924664,-1016.4835309325415,13.228594938895132,332.91715331020896
1983.2660799756381,-1374.3142393743406,237.42343421257192,302.75654342257263
2621.9843641039133,-1029.5485506161374,8.226868255655386,300.02964387731515
2345.250306389592,-1346.243977802686,53.485793426396626,313.91127378229925
1414.9301555239451,-1630.2873221884347,6.914013543210778,329.96818457277243
2036.40551934604,-2870.4299807853477,196.52481359767657,315.63872063042135
1819.8999480293905,-1376.5034770480772,111.70635441869472,315.04860363618076
1598.7979664188897,-1089.6001885676997,185.96205319046737,314.73576410248245
1233.600963129591,-2077.3292459462286,115.5020112947376,324.14629647129385
2534.2199096572585,-1902.1268632862643,174.56731859982122,299.82896609226714
2810.0967655816326,-1866.7726355024488,256.12240250842933,321.16563296642676
1356.6445494688405,-2906.5107510668895,109.51031092745365,317.1055642083822
1631.2275421432687,-1536.277262834245,168.9611110130665,319.5818388716381
1677.920923571971,-1638.3626169647334,114.34967922134354,334.7432187701943
1412.9620198426867,-1187.9445443634845,27.760082556583924,305.5144377357032
2374.7683753586502,-1820.947893673347,131.17208254768585,298.9976957503004
2922.3793362532497,-1865.1081007788407,159.38253273662494,305.45153117905517
1258.831119931911,-2130.283598960753,47.934636070302446,321.19221872448304
1611.196256340079,-2772.515058156554,-3.7789671974131913,309.74908777445637
1656.290663527526,-1762.7092343929746,29.466170664042764,332.49090304074394
2519.06613526866,-2593.5489492227935,139.09123752216345,321.2396239009904
2249.3026023833645,-1246.3670556767572,67.72479612417362,322.55998155930075
2097.211556363253,-2816.252744034359,71.36497813558924,330.91857542177536
1073.7985135695951,-2683.5940608306046,104.63561173100463,334.119688444722
1560.3358433721792,-2605.1771135089393,22.714781901871454,323.7680690245138
2346.328071765917,-2544.385433671768,13.584749653083009,317.5789513438511
2700.727640068502,-2669.8126678952244,60.55053412533988,308.4282808254919
2071.35240100212,-2752.515425853945,88.65267415407352,298.95277744979154
1949.1040375955904,-1042.1665354957759,221.08401589032408,338.9177374784145
1225.0567721555665,-2269.1408802752608,94.87850655528366,322.25561570759714
1963.2100133002339,-2289.0666129828405,193.3905088154115,314.7391068856124
1962.938636890641,-1313.39674934422,-8.466033317483006,331.2349730472234
1179.9574919238423,-2102.2219495006584,145.51452924060385,325.09251251826345
2166.1513305038006,-1308.3577099400452,35.96174679156637,322.7351037202086
1008.0781773240554,-1644.0609285220473,71.82067424867834,339.9648836315671
2168.0241294399584,-1042.3704865222262,13.297350188199989,324.35647810488746
1099.291423686163,-2145.1094901083857,153.54046135611733,309.55582862179136
1744.5290647519855,-2561.776888081624,249.71145472543134,308.6513982794042
2662.240542608609,-2936.6154584894507,232.4590024182245,323.8735771688605
1547.9459531269974,-1898.498646891959,195.5127398672004,333.96474996061477
2220.7208771091405,-2763.2823153457553,8.929893025778505,320.22264585706034
1294.48044625259,-1886.1914057134063,88.50589979543035,320.7953031128215
2470.0415519957755,-1256.3951768409454,115.17254648213941,314.3475496238549
1880.6569785856136,-2759.571586640446,97.79604000263406,301.40584874281126
1594.43758310046,-2342.0622022987463,177.15889643892152,308.0067354162252
2957.5262405809954,-1712.0515679039238,4.321314498125094,301.7501503359183
2238.002685291345,-1631.1424719228808,218.4959799363503,327.9668345646635
2914.5308186810735,-2635.971262689717,33.724753924851186,339.11866541791335
2017.3220738925734,-1335.7823584018065,44.606810317876025,308.1634045954156
1523.226144975281,-1569.713218594461,57.06197494587053,317.25289691219507
1521.8330656268367,-1676.7297401225103,255.21015099948295,309.87539570591696
2840.678212046228,-2942.3487772842896,92.68571952004186,336.31950407732035
2646.2416320927937,-1881.350796427045,175.2486052371399,306.63137423889685
2723.3626327986262,-1718.003303667786,241.23855563045407,297.15787678075174
2173.6376429352053,-2837.9843954921944,63.935393414183665,318.8143652246197
2853.8279254378576,-2752.6082017223384,28.496196836109803,338.14909836196057
1050.543903482153,-2632.0996448999376,76.90257173183238,325.9425255634606
1166.583607750864,-2393.1183602430556,125.97243496321153,300.35045870941576
2139.3372900462386,-1554.6907207200368,157.24874398244555,301.90397276288627
1525.7077630497897,-1225.0011893159276,259.2778548823391,337.86536498837654
2691.817205561388,-1735.2283540930057,219.75787481570777,320.00864921780385
1389.6924859039152,-1014.931928752891,71.43660407066186,310.5329796215025
1674.6858215721495,-1583.3574274665755,89.79024102126094,317.77878181148657
1363.7061510139781,-1607.877969607995,259.96637563899833,327.41047193625684
2613.961015648639,-2342.2036012920726,190.50229075288777,300.3005364846665
1270.2356685230704,-2368.3423732780548,116.04669574811032,304.99198454481314
1741.8383920826823,-2380.9634380836337,106.42876173215396,300.58842129673684
2318.6808172381025,-1064.7367940894026,26.87307944423182,302.79102784447446
1030.9996634322388,-1565.390949219251,39.35333636303852,335.2359861411591
2652.731716336908,-1858.6456182448287,153.7468987559812,308.20162044679415
1651.9328610135026,-1305.6770350164536,241.4660780847464,335.3281601137442
2918.0769340634215,-2664.6565634749077,127.12089593459214,306.8684123775944
1974.3857970614642,-1511.5385002769005,215.85298495968692,339.4305435449809
1258.9282677021263,-1109.1471131393885,258.7432373986124,327.4879414936973
1121.7528743006274,-1990.1561991916994,125.59676372793965,321.99871978541347
1187.9043937545084,-1095.4840787658156,46.3274323556482,320.3314481922406
2445.6470093042344,-1315.8575414106342,84.90840820117162,331.30530240509245
2269.0380541022314,-2542.317173999821,146.5791544394049,305.3801016757153
2671.2962677577607,-2358.3678607867105,65.80629957869978,302.3062967157926
1456.06355508268,-2586.1578151392555,183.6075037103715,321.97259744374014
1638.7743338557636,-1817.0492281177783,85.35737514995364,308.41959893772315
1481.9413145789317,-2985.8783949495382,135.14292732625276,339.0670979295721
2775.992170271059,-2997.3539203153427,236.09902282609494,339.376094139085
1325.722746219108,-1111.864326933932,197.47391873276302,302.8768820959993
2727.600656265834,-1471.1704560832493,39.36740164251407,327.0407974708547
2503.214385974191,-2281.0518021620264,134.76012919915559,314.14949469535793
2706.2399283103277,-1174.0325759407563,243.5078438001729,317.337241783949
2858.6168520528204,-1995.8316806565185,55.080787477981275,295.22918417210195
2157.4318450310493,-1888.3359016967372,28.823909768937597,332.45594719210106
2200.5604445617882,-1314.7713633551518,43.88169751573503,302.5084596228119
1450.2408058548272,-2998.7067423510325,244.92732795658094,301.3882959361708
1917.3198081273272,-1350.174238424932,131.79529366067777,310.2308480754517
2988.291847745835,-1449.6788351733787,5.924829378438094,304.20394509736934
1849.7192835295627,-1233.4729344062291,-9.553795206124665,301.7510048975671
1040.0808775912094,-1409.6515985774677,255.4108408389789,296.92808263657224
2502.7101872213143,-1559.236384620042,155.25398361766935,327.63292975645936
2457.951687966376,-2853.179094961087,33.26335935490492,318.340676312505
2475.4213614550263,-2641.1910472620307,65.22728722382091,299.32223547006834
2262.516007428079,-2388.910639592752,123.16681900171986,300.76235646958565
2512.0837887920843,-2460.4116376574525,94.0502413263278,309.09306122958867
1790.0605483582115,-2082.5054577188757,108.28537036982465,307.3606718247456
1736.0139806970285,-2573.5005114905825,251.47347545517323,319.33555640660387
1943.8293040108588,-1661.9776254148867,21.50890385440158,306.5849867997896
1725.7470349407026,-1197.3611322466895,222.12721464775944,297.11350511576745
1782.5866025118173,-2153.129799569935,21.87476136093931,332.9813844008201
1258.5945713138651,-2662.5496834849832,101.50707534309655,299.9517649393887
2658.146804768233,-2219.9929768843012,38.21046882264983,297.32128440296384
1567.8590229847123,-2351.8652445334415,219.04094852276964,331.8522770356768
1795.7967096199739,-2565.8009184851917,232.54608424221627,322.03925105914885
2075.6403692161157,-1126.073585765711,30.2249327446425,318.479051620363
2444.23292548746,-2354.0521098324716,84.5106526222774,331.8549729466673
1246.3987462703947,-2722.6964585676164,237.62600132270856,339.22200803823125
1526.4053574937989,-2704.774697138511,59.76205623178559,332.9059676213614
2625.899164758345,-1592.7645313426003,188.46238062045546,333.92702555215544
2803.46761332265,-2873.871760589104,37.6678444642883,306.4821389637743
1012.5302647334313,-2442.5060795962318,-4.629234071303717,319.049364731452
1918.3540941939325,-2530.887848326148,128.03313414898233,303.77387531329464
2151.0823896233196,-1787.381880670684,227.20680541958174,307.1641656332696
2422.6744806898528,-1419.4891425597805,258.46392896734096,298.98286026084986
1877.8015560488475,-1620.0551301319026,210.44113454919835,319.6228481008604
1090.19925840822,-1223.4378317997446,105.89918338018065,339.56282637024236
2056.4350245225487,-1168.3365443045677,152.30658988835174,330.10022282705256
2357.8591734715183,-1184.8770126264735,18.542249610462598,328.9068626254558
2214.173149743473,-1556.800520495124,119.58245069008882,296.2548054297252
2068.865191319428,-1537.760682918687,48.93878399708622,302.42173180392837
1545.5147530457898,-2708.0277922552978,162.39952014900516,307.64094643883436
1480.6326918006669,-2880.8939026179264,107.927158006349,323.7956772438043
2753.9180627428386,-1588.8591731255904,204.3569061258061,313.78459962979593
2757.809852512253,-1415.3602310939286,253.80859142974077,299.62288005994054
2608.26292064856,-2803.991583894533,201.73692657858547,319.9248146584855
2730.950999766265,-2388.609077540072,201.3381054303263,304.7258450276573
1253.2120224089224,-1137.2041671942284,79.4154317903126,315.97959452197176
2318.695336429809,-2846.9165442290996,160.1796962846226,328.9462142342318
1410.265792054092,-1101.4959595453684,179.85398251629138,337.7076739816393
2031.1271949249472,-1019.4156467333707,-0.028948997218680717,300.75512935308615
2135.920590063384,-2008.5303356598406,185.5292439334745,295.13697378597516
1518.4658008585707,-1761.0421581427954,151.83493853980704,297.55804077926086
2287.187466902732,-2106.6472531746826,165.95758780180742,309.94154527482254
1475.6779482699453,-1308.143209077809,17.184909746418782,335.39810197665355
1134.7601791803315,-1174.5776932090987,221.23261549240914,335.074246446722
1850.302498366186,-1628.9345853322009,105.95969534034975,335.71392141490804
1712.3542544005977,-2367.5951357626072,131.98901865828873,323.52748830391465
1156.9428616131247,-2971.064360932405,226.11721802509533,325.59314280352385
1971.4365699989326,-2264.0421589854445,123.09484594147776,321.6455751064551
1644.0740040064052,-2567.856800039879,9.781196686308029,296.6705319729379
1257.7026143321748,-2937.664944330661,132.27261323146797,326.1625502879556
2627.563123945062,-2308.72010481537,221.61007755447773,305.33671912559646
1319.4294504938678,-1093.8525825591735,157.72674572338278,333.6176132582314
1574.4285157549743,-2858.825983624673,154.86534381959711,299.86812608657306
1793.3959462722937,-2244.6527453885055,54.22061979997396,302.75130634999584
2035.2061452758296,-2257.318113473292,39.78751650453465,319.90292073112767
1152.7393515250426,-1523.038228759194,33.72567944006037,300.8977456881665
1574.1132685533926,-2030.3651528519404,235.0903449726555,295.9753358020812
1425.7007524893468,-2125.417232883392,95.17428839835445,338.3418524539959
1159.660384970613,-1244.4323831344998,102.9202675919836,306.0416983049087
2385.3326848071083,-2015.0365117478734,157.99349253677548,304.51466241687524
2327.9090843706244,-1187.5696422870833,-4.186709387038746,305.4936242573548
1401.8836149533252,-1272.151881455291,28.23524694159341,338.6001364625949
2264.59258512793,-1470.821353166995,75.82982208990721,298.07869744081734
1195.6229558757673,-1867.8937877160192,231.86343937808854,309.3898112933811
2541.892301116655,-2557.425715537557,236.191364468137,296.02632003724705
2551.0319161601783,-2221.9019205111044,253.74129836675752,329.32520257362097
2789.3676311447334,-2507.658701031658,178.68995921998874,314.85410675065697
2211.4138719203165,-2133.410749957562,221.24343630792978,306.59223924816985
1853.0079138162064,-1796.809367520696,13.891635267184864,314.53676957910835
2243.6883000595008,-1638.8866688655285,169.94754801860012,321.35653333469577
1442.2973546034204,-2426.8522201848573,137.0816996612183,330.2173078283101
2203.585460015407,-1710.2654355619945,223.5007873944237,297.73136018045955
2948.1233365759554,-1344.1890295680546,175.29239628988674,321.51831700021995
1159.2875727192122,-1520.0879835098274,213.03487392464692,315.12993116368784
1092.1952132204724,-1702.3205667295044,58.28776860423548,323.57849325751636
1216.721986454675,-2461.1609078651427,231.70996187289526,312.935227614088
2229.5936936719127,-1109.3615658900214,3.4985257420968416,295.4123658262837
1191.8671462253735,-1344.3204173567253,244.64874899597572,330.4456674374478
2120.9720122790436,-2171.467163904269,116.99988553000571,325.662567739303
2951.110202545221,-1572.5350145299567,3.338058649057018,297.64931588537155
2632.429688330607,-2693.0777681299123,174.03293005609862,308.77232812049874
1208.091598484083,-2868.8534835268533,165.46021955728907,325.34078900828877
1895.0981013871153,-2621.1051652635133,55.31987935693002,335.4747843824831
2898.4586932781663,-2753.271432853523,133.0032991605809,301.5287770779055
1022.502701297763,-1094.0727999540427,82.65841638783728,328.5778222631219
1198.7849300827636,-2384.5066773180347,213.592313641681,337.11532613289705
2781.4626087617326,-2968.3179678278657,99.60093220880368,308.5607201171922
2143.379287208082,-1136.0364301253733,183.3135613662214,338.54340020462786
1588.648837794969,-2751.6736395780144,197.43115322439837,327.33318057501225
1677.9198436930792,-2886.2837904483126,54.801857835728214,320.3809443267622
1932.049694074185,-1755.1689591726033,67.88701643828546,296.52577558583687
1019.429275000262,-2393.5845420461824,184.74549207144435,322.2053913019926
2845.892861068961,-2089.1800090106804,-10.218522844060317,315.85774990197257
2738.6827629663485,-2995.1369055725904,74.11753311305655,339.9407695104343
1551.190479568237,-1086.6921353531286,195.4513676084723,315.6416306768979
1447.4274112443818,-2431.9918202851204,55.946131513213615,326.4394876616483
2641.72057903717,-1079.710120226907,54.82455729379126,297.67866235614656
2402.268631867617,-2949.779994670261,221.36161843500602,314.7158630754437
2817.6165189141634,-2198.9389257092785,167.01780403635698,306.00495003785505
2782.6707951390763,-1033.5715506473448,9.472910544812645,310.2283650976109
2373.688062287143,-1230.2370446910832,206.3042755867954,324.76252732746605
1914.9366332725508,-2166.2055180854536,183.5375799582632,330.5121147812221
2361.7469850404386,-1375.1005382322667,95.06749944766207,326.70434787827617
2728.6398906879317,-1965.5252610117873,83.77166545920808,323.97280575280456
2044.0751002344903,-1631.2987156911531,144.82601013144995,329.5085211856099
1257.8240363276593,-2235.0060951522487,151.75083706625384,335.2653764459092
1292.0648393945005,-2678.119760560508,192.51615877153765,311.59569814524093
2423.8946141689635,-1607.1716968366495,69.53224800313278,330.7783411685792
1823.6046355877102,-1554.8826341227166,234.28629452273313,307.1681630637114
1591.167460780744,-1002.4169156201251,217.18522675240646,324.6700116221443
1530.9065150526462,-2881.2107877691355,243.2456872822653,312.2909133441155
1441.4338386580744,-1183.5358207274053,39.717476262915596,314.3755839761204
1743.5650894614394,-1119.263039423719,68.62828812632837,317.52044754372776
1678.0810941901013,-2297.2025811230124,109.08064177381257,326.2458580220397
1937.1757382899484,-1255.2575189533106,124.0549101006466,299.0865815768075
2977.8483298835918,-1084.7214948310395,212.01333741032195,333.6021020802826
2327.4652237859073,-2810.1999893009097,259.83446263297276,308.7509950473516
1190.498221586855,-2171.4131984173855,240.73222920206757,295.7355310554562
1204.3257083099284,-2297.883480782264,192.7641948000591,323.02929438764
2959.874510131692,-1795.3861919969947,80.964216158639,302.4048410878016
2129.4179605738714,-1082.2721159048383,138.9489565595082,337.8922512088303
2328.0684277279543,-1571.47888935444,19.796988402772662,303.434344505086
1649.8993217667576,-1766.8414405230926,28.368549524573694,326.64553561452806
1439.9898583108923,-2313.7104929579327,180.032567775604,298.1185538459996
2740.6002107927716,-1170.739176797986,89.31963834935507,313.5959157926019
2184.9068968686097,-2753.8611450009266,124.05053978205058,295.904610388199
1225.728713516832,-1612.5379799847885,99.8106285652115,332.5299872600777
2544.81418478918,-2880.9787972195454,136.57087311931372,317.1391234162049
2040.3873604916782,-2086.889098500386,23.1811325013338,308.0976628482113
2911.2358591895427,-1827.9820722046175,-14.02679090369354,330.66308311456413
1690.163510686048,-2656.4968958974277,6.036225513212482,330.1407507116283
2281.798831579519,-2300.4097946865577,110.8560695412949,336.5557291488646
2819.7693544557096,-1363.516021912463,170.33665643309365,309.99280229167215
1000.9375200069724,-2434.665466502667,78.41272739591386,310.33093816538707
2052.8763466646033,-2673.7998156323733,73.90957936066847,325.7491882633294
2452.241909092098,-1814.9577411120968,74.96122325048712,315.52420577510946
2406.2707739167618,-1210.584800761706,44.043207534265285,336.2168052452227
1593.5443023640323,-1176.1899194137102,42.667761936034196,328.75874627485393
1732.828212326925,-2581.7623460937684,112.89810507341771,301.07849294210394
1036.0845463224705,-2976.015592955649,186.73117747768114,326.0441416682928
1216.8523876757358,-2715.7437521854536,134.28614622498978,338.4596944546452
2296.047509168133,-1474.1382337750815,192.42740600818502,334.0502453414773
1839.858301897339,-2808.9139678982274,64.31741558029204,325.5949009821403
2344.425120519494,-2511.5034864980903,218.82704352477276,336.5776228246384
1784.0424673946682,-1586.482354193895,45.020718972559486,334.8996458940939
1716.450133675879,-2805.5000377730034,129.11024586783273,335.4340784733204
2696.4444375379544,-2943.3635859882966,-4.560787250557041,311.698081929608
1095.9659405224209,-1114.9673199715623,88.55759325855047,326.29698020377555
2072.077229463749,-2195.6017349636463,226.175631744489,338.3428309780236
2688.16114488138,-1464.9105020879574,252.14779592271856,318.7575206153895
1836.4134607272667,-2281.912264874145,94.33373277708799,301.96816040559463
1608.5669469621664,-1508.012636943044,56.040882364417385,305.3916638550477
1648.5824855144836,-1625.1716049626311,-5.375279252396471,322.32849923965034
2204.2013802220245,-2970.2612992223585,147.08732242496617,302.63381187771176
1127.738435802364,-2624.684685364244,91.05608518668194,296.72228031488856
