X (m),Y (m),Z (m),Temperature (K)
2213.99074291791,-1899.6580580070863,234.5143211351676,309.14761825696513
1425.0880222055828,-1432.773057872134,66.19125341570373,312.7688769975548
2112.486290738846,-1885.935255722449,154.80482879319845,313.1917719044156
2515.0908915310783,-1054.0270658568043,171.7458212537984,328.31219434253
2646.1461525980712,-2690.9691571520616,253.9310019191335,306.3840450224435
2903.9897642699534,-2471.4656127420067,223.7292654588615,324.53656184941957
1592.7462466201443,-2371.4732577586096,29.567126098559044,303.51259578421997
2279.5779656284167,-2346.709905506443,10.011940263864137,310.06790163978513
1694.9767259390424,-1147.9357636135276,125.9179452678795,299.90346327672586
1224.9710342359094,-1081.4686592963988,231.67196228349545,327.19218834500975
1689.1438773004925,-1480.9806480167497,175.51701073658424,330.8832355527508
1547.6335137681835,-2278.7762939840186,234.21864247357232,315.9941116376088
2446.0904410044277,-1606.9366213009707,22.419778502387878,320.47789871311966
2673.49003395596,-1479.5802545349648,191.9763320539773,321.1685369860169
1785.330249825282,-1948.5970835350884,216.57031223883206,298.7087065280751
1882.4207508729562,-2743.827618830792,241.78676885383578,302.8975627847636
2591.371376552128,-2976.5774491809916,241.77286152018252,313.1317047849264
2205.2349488010964,-2888.090874924085,154.8790218183339,329.09762017614037
2268.0563528832326,-2821.560198705879,216.23277261922667,303.16677573046906
2672.494157270732,-1847.2955155602135,103.3912297352474,305.74399632160765
1498.5774599727383,-1547.1792622620517,107.643878024194,336.92701729162764
2784.1336943548295,-2312.407618131925,122.6167185477185,319.6234223467698
1093.78028771743,-2232.839289558835,27.0413899902151,301.60890377860227
2096.9509680647343,-1775.7531882786582,93.81406493255392,297.75359095197405
2127.8698991340416,-1074.9094557537514,193.86953442375997,329.1899549412709
1273.7151922749495,-2595.0658401206097,243.71632735427067,338.62389198835126
1475.6385795045433,-2599.018316701807,179.1890104823037,310.9145726551165
2324.8355507145643,-1454.550200179443,179.91043065097531,326.0944922664472
1954.9385492474694,-1510.816989294547,22.711224793613475,312.30163478128566
2884.0919010373955,-2924.2226217943057,160.40686635216574,325.70030636169605
2799.3902999179963,-2766.157709386618,58.795862356858294,302.8546025247112
2260.9953024987426,-2103.2685916223336,120.33367280935042,333.6489105132057
2392.6509270332317,-2778.556067180156,16.297408597004814,297.25033050956034
1219.41437297241,-2692.3624247772173,87.44295968987498,312.57417796204896
1060.398056453861,-1539.6255538131686,249.6441626788087,313.0964829856242
2100.9614803023906,-1428.527151871826,134.50511898910472,322.10653313656405
2342.9566540310097,-1596.3676348961862,32.122429527914285,295.7168344405371
1355.735375347363,-1842.6788233825364,228.37584179326214,326.0862251726678
1329.3131134615228,-2407.012486791853,184.52506245720588,301.41403052219727
1588.2149709342239,-1227.7117763105625,14.303263426623875,301.09693114758
1994.7074810014628,-1670.6441927796254,70.23021295910135,319.52865587397446
2502.9493126944017,-1472.3983803031474,195.87107482163745,322.0450181857267
1040.6209446351177,-1907.818009584732,226.96183848630304,304.45133841824645
2950.7003250487032,-2001.4217751232623,225.99980323381723,326.52041852336464
2634.477716043162,-1594.696744129038,71.3598460953584,315.48537999994693
2834.401181071834,-2916.3807385426758,185.49896832138165,325.4119525985128
2431.205884133714,-1934.2764029375426,31.66704478211377,317.3935654512456
2291.6038699146907,-2615.921919233753,53.22372636996772,314.0598806735404
1179.2270083656556,-2964.746559674633,54.838567500956884,313.62202229134704
1649.1261047879084,-2039.9025887156404,204.21432023420002,315.7357570038548
2218.690084888466,-2025.2813354604073,238.21207155010867,304.93569171357
1946.4214854737957,-1900.7979637540288,156.77783268548976,330.5319688530032
1363.8470487128202,-1093.5375598234307,-7.5588537559603015,327.55467789084884
2947.389468124354,-1828.76234819991,139.7273535557168,299.1837850634028
2331.951398059279,-2095.2517834836244,102.2468770011836,330.7358021468064
1020.8233269615048,-1188.8130914092112,220.9921732945498,325.2122360871305
2508.590983887351,-2333.376750052259,165.7112371235369,312.2220967348906
1439.5490840104885,-2225.6050977766813,146.36152735957555,300.8301371976602
1434.1306811542922,-1811.4719030330352,15.160791040451706,298.8464735622093
1313.0963748664753,-1813.7948638557546,221.15287904142414,330.91221310405194
1099.8021533310518,-1564.343170503991,4.592174225053956,320.3957990527655
1693.4295440270134,-1744.8943258658223,141.7592225306293,300.4258425378308
1832.6621595803197,-1629.438659894762,17.83038645931373,302.3014648973788
1882.1017416352213,-2531.9503928218155,103.36585842903189,299.706463166483
1488.4112346377303,-1241.8235228590759,48.88612528352225,301.9366334661813
2322.8590882818276,-2912.831086750913,155.4492284748034,310.1390369624231
1023.6842998127364,-2897.368366117339,168.76086175536636,335.8067563107121
1666.1489790868013,-2141.011134561801,28.967395172456975,308.6547336715806
1030.9338237617715,-2173.946334515877,27.07060322603894,306.77155216755745
2826.36776840321,-1108.5157896598632,85.99496900337635,326.6164780393356
2152.730981704093,-1603.0081760347737,190.47493537731086,323.30086059130343
1327.695221023864,-2482.766025631194,55.802240033809014,325.4995099816293
2996.3535541297524,-2161.3355647795565,163.5921981431532,312.3133165077103
1742.1564330623528,-1974.5779778077078,249.0143702625126,322.2862729468233
1180.3698163083477,-1890.8181889354587,46.091893362082615,338.3783901980149
2343.058023366775,-1888.0243448646202,28.80051988826073,306.3456486028713
1221.453889854409,-2769.01780903866,20.014254301225357,333.3491781698345
1728.5381066938198,-2132.3005234164148,253.73877966360698,332.2964659653448
1796.6836337348398,-1264.0413648089534,200.2012156162936,311.6949382226645
1878.49876244323,-2045.124936035772,223.33760007383853,324.07616441808494
1972.0924797661216,-2981.6042092641483,113.67431249224492,314.1487710279529
2355.7389042801724,-1906.9935905330685,7.90482127997716,314.7989960402896
2901.6952805315095,-1785.98889951794,93.37469705268836,324.938874225331
2043.0531741273574,-2911.4183987690353,243.1240070058265,329.5708701121673
1071.5452052767407,-1727.4895727616333,17.47907617505212,307.1221078601816
1039.0472672797227,-1089.5438430634108,87.60177799666936,296.2097610697909
2007.7592055202463,-1203.072097996671,59.77129564565317,304.36890887193385
2533.8150360669356,-2477.600933810148,44.980676116976994,308.6317877157117
1505.2697493614712,-1426.0130857007034,137.63836543415286,310.17438555539957
2382.260018749638,-1077.3546498570051,254.15628235724773,302.622658861763
2098.9750571315335,-2161.7293898841995,219.55226962759045,296.28976748784277
2409.454588957343,-1525.6381960872798,194.66738213989748,295.08293548575335
2518.774184555325,-1486.3849717937005,39.49221323390212,325.11283145932083
1296.1577771949717,-1073.7716541453437,118.710839571853,299.3453691845048
1902.988661765235,-1067.2790575587103,108.72702387506698,338.8491312344343
2263.2924759818106,-2324.96407545018,207.32303153337236,330.2222155430916
2179.2909943886652,-2431.9630188459237,250.99910354326778,297.1386689933228
2941.672889847465,-1088.355860845571,0.1636850428982619,336.5725665299223
2792.331187196735,-1258.7037024279314,167.53809090493098,317.53025141678444
2959.0018917013504,-2368.923027208155,150.80025675417494,324.797387081441
2674.8210934130702,-1000.6769719801684,163.53819286966234,308.4446508155081
2760.557491041509,-1780.0917336775324,156.18171455685038,304.4230051316691
1892.9098277431258,-1703.79066432771,190.94962173606538,315.7362664392004
1194.4268777373227,-2591.3000848138918,152.7281593736121,312.9833499646147
1869.444121680599,-2090.3098590515992,-1.1439120325559529,315.6318670331265
1868.0145706645396,-1829.2936178931382,108.9103525957786,314.4921010655099
1597.1435284219178,-2372.5084141020848,153.8470625562158,307.7163355845467
1022.9454845377568,-1387.563609404228,137.01389691619988,308.4076285362759
1104.4881578137665,-1437.2138073602694,45.31126184896971,305.4156873030995
2136.3634226739173,-2892.201935224933,231.61742894307432,325.94855918695316
2275.7141707197584,-1785.1247453196588,3.4478811643419824,308.46664124554945
1813.8008265605677,-1468.6619097723176,1.1275049960427346,302.50001410567734
2581.3880490049687,-2039.4556004390256,231.75903134978944,337.0694029049481
2174.7500289656755,-2730.212202745128,243.94756533478323,314.95003007765365
1535.1605766312011,-1047.6094228751797,210.9699911651396,308.04710141122234
1776.4291517285933,-1331.7059102524763,93.35556648024738,327.92778742467016
2325.712027807286,-2829.3130611397705,189.90434807094235,299.63611593159425
1652.5908640045814,-2533.9632791497725,118.04467135897903,328.4421606610843
1318.8166056871275,-1706.9505290428383,170.60123680567554,336.49147236566796
2321.4417057233286,-2030.9594086719376,51.9961825938712,297.20553827792736
2914.3016683681585,-1110.5892267101913,91.32933007655929,334.1136630617824
2446.1851313720817,-2395.9151661896476,255.05144293828056,326.8727224095844
1005.2253853111621,-1230.6968474681782,249.0010777371778,334.9821036024414
2251.0221204136005,-2747.990709000607,72.72810473421848,321.1014498217857
2391.7492793090114,-2910.4212273036264,130.75452961272106,314.7900145964815
1644.6382761606333,-1652.2193572538433,50.76909649513796,317.12097760115796
2232.3899709702328,-2109.1871892689824,182.23024074295824,305.7110525554138
1407.5687338306368,-2148.9364748337953,65.62336621693831,319.2669560871704
1576.1296600820383,-2736.288976243141,172.69823976594296,319.7431673775427
1543.090647779612,-2281.1730622588793,149.50911136834793,319.27153440291016
2012.2688279614372,-1669.62085439802,115.4729354393063,301.74511919245583
1070.7533289520918,-2959.4598627720616,145.95190586582672,300.2837922523245
1618.9690029695744,-1152.1003204289411,221.47972572881486,318.9751576859915
2322.06954721918,-2417.3451592766496,107.17954331999664,327.8848271684062
2253.3853920087454,-1926.4404008125757,182.88370008115558,295.4847691056691
1798.8347525765462,-1676.1511245280713,136.83679947587737,297.9162055952191
2546.6416739355236,-1434.3768343107636,50.164157923546114,303.2648696172515
2834.243509203065,-2939.3363494811865,20.569068874624016,304.19485323540323
1878.929550403187,-1603.845578953072,235.42375535771257,333.5829690380122
1778.581567787708,-2395.630731654317,192.98881157082423,305.44404667969906
1182.084160798473,-2438.3649599585387,134.21452497997342,299.45848354167083
1045.5069303237835,-1742.6595868768911,71.02752721994743,304.4061931860393
1566.8296330545284,-1714.2795074625592,49.54912368736912,301.8882007844917
2634.572010252752,-1486.2173846148225,20.317248101794505,309.3047399857979
2577.38725151965,-1313.3852595270987,213.01328710548015,327.7625418097487
2107.411721734253,-1317.9408351634881,221.49248768265534,339.5349239639101
2840.649415850167,-1754.4988551178449,24.397155892688637,298.074463875846
1547.4940011183235,-2499.8544897080537,70.45357978662769,329.336013152086
1689.369479772059,-2088.428265299261,-1.8034973737156381,317.8821198052628
2850.432366953327,-1218.8368651537144,209.06888388577968,333.64659510085477
2468.1130201929363,-2885.5703212394765,143.03836482260442,338.3411813906026
2668.9774468479504,-2695.416153208283,178.55562433129674,302.99458868693387
1040.946596859252,-1599.8084664577043,189.38906826623696,339.6382517301329
2971.844864202757,-2772.6254293121506,143.67511653199546,339.02520527063984
1089.7720920756237,-1970.8945387620847,-6.849084203463619,328.6859322923298
1245.0391909164175,-2396.5471391646615,74.03398174311796,333.33836536139245
2802.3461865693653,-2519.9069164631946,-5.359718228196945,304.6246306573824
1881.2809250254004,-2632.788650794003,167.5882222106476,319.24248668534705
1529.0505365193458,-2587.6129327805975,132.74354760954736,321.42196475650115
1938.053718691057,-2036.933106538825,192.5595023516701,307.19901995927927
2948.1352962349997,-2753.7785607140722,149.81602840856675,339.1727175777409
1375.8453579481793,-1867.335047470734,96.19151218970227,302.4578158898084
1876.3990448063619,-2287.6335983968524,178.84694011063888,297.5592728614483
2791.8203897050334,-2546.677062633393,235.47166670382498,305.8985105487539
1783.3303745119722,-2794.7834249536,63.17092537502627,336.19048802652617
1448.4428026023932,-1688.4434665797105,195.42295132258548,295.787754996517
2351.381425918946,-2098.3205561945188,60.19734677349959,303.8410549817285
1489.775397700948,-2288.499633950939,180.52619791890262,315.7686669673061
2073.626275104824,-1918.408111591283,109.6580722451739,325.9233415959284
2082.4175183102734,-1877.8088440833953,237.87780539342035,321.3217050612015
2143.736730221357,-1168.5394832307447,231.89848557144649,307.4666441390293
2226.47392814114,-2395.958471313772,61.57525693984239,297.39161476179856
1409.6690473240865,-2164.1169805719196,81.41802512154334,309.85853377904124
1221.956602823797,-1740.40098730932,62.19179977940573,302.85209194175377
2171.507639068526,-1964.7210223185662,185.4315781094617,327.40957019674113
1597.5287590020143,-2390.776318006372,60.467766190208465,339.6885698796964
2223.8288001390797,-2084.484282746722,-2.7997062055160615,329.1573547374724
2696.8588405984055,-2086.913094008728,72.08943205869805,328.9218479462471
1770.5676237092443,-2872.9919052608366,182.11213018411885,327.40971629673794
2749.7681452579754,-2014.15250572806,190.3758912985561,337.1707556355272
2700.4316447382853,-2374.8690481094545,234.80771145375888,310.5547972484007
2625.206456081815,-1874.6494513515613,33.909228637920556,307.47008042323614
2149.4621317678057,-1238.750935832128,35.40059054056919,322.21922661668907
2641.6251210972205,-1150.2761200383873,172.42038439741233,324.98670263711045
2743.9695453398954,-2839.0966161005526,232.12261432830923,305.5875934760633
1358.396607541256,-2947.336477496652,36.97434659533276,318.50560625379285
2624.789056367448,-2710.830794888146,2.088304282795125,306.00369661865045
1447.307556398717,-2948.1293406174814,253.66706705466328,308.53842686884235
1065.9686569340004,-1094.2570607763807,131.94789650669796,320.5359811329594
1404.845423997606,-1917.3434891548295,164.55476516542825,295.85418587790025
2385.113842669176,-2326.6397377690796,245.86169540873294,336.11052402919285
1216.9882008698355,-1682.6479274793635,34.55249927542171,306.5028374439513
1665.5768721600716,-2415.255734836457,172.34663173414285,333.97402287552
2180.938693776019,-2108.179931742603,189.32957939066617,331.3397767517977
2947.573529410475,-1985.577812905725,209.8517632131684,302.324492158001
2952.6417466935945,-2857.8633947874687,49.7519989854851,302.50164671544644
2163.0811753138387,-2502.023524419372,185.51640860583714,295.02189255465083
2721.5107897227645,-1437.8657089584938,175.3076908438337,303.9257183599347
1784.405910907772,-2919.3914571903288,89.38005652440536,329.3272139843378
1614.3962597874404,-2211.067494591959,175.02047724494832,300.31393139329055
1453.986458734114,-2450.097761695768,69.50244160696752,334.9522179324523
2737.1266219453455,-2486.7431178020543,248.38914494961045,327.11391067131126
2295.8147934868766,-1274.3653072913728,19.616623500497383,312.6320114168645
2104.5609154857093,-2083.472989811542,240.15654789296056,333.83700206897936
2007.2084639890948,-1039.4660012724537,225.407360760514,302.3434740814104
1705.5029282447508,-1568.7581716977372,151.64478845985906,305.484859514376
1610.2206733390296,-2533.462450073708,224.37530951313522,296.1752109250869
1920.833274829344,-1524.5992520911902,55.74716938904466,331.487206655051
1873.1506235752995,-2518.0016398963535,33.018278808564496,308.67510109227095
2102.8982321373646,-1051.1040865800157,50.27155964595147,310.13900280884326
2423.871867077444,-1453.8329223537196,14.333055865528795,302.2017880488502
2317.6351640282714,-2951.6753124451043,216.83040525536853,339.3120953007451
2032.63141167103,-1850.5136241701057,131.03013498390902,336.66608706290765
1706.5891120171596,-2716.425012295037,42.000027690742904,314.30113245073517
2745.1507660464995,-1778.687811698619,55.77184034995673,306.34625497291495
1351.1449348067792,-2709.221041101961,205.97823259791525,339.4622834490581
1283.4801480610035,-1217.4963790338359,46.51596815178791,322.33074681113493
2557.005363327621,-2746.8183559899753,54.68567977140356,313.95504965922714
1647.3810195578562,-2335.032639019165,163.40292398887226,326.39416407321465
1918.8853487616313,-2317.9060606736384,30.83300592061918,333.3328634889851
2527.813795593694,-1825.966965618824,38.3913693539219,317.6343500803817
1982.6956970668546,-1978.8325888934137,-7.459889344408036,326.11836391079044
2562.1498074952806,-2824.455193309088,167.39764697044538,329.3176513757327
1541.4605648375627,-2328.3938252256335,244.8603179811729,318.6392949823779
2073.70527395161,-1948.7438875603693,255.46961522251365,307.803387467236
1855.007837057816,-2085.5752525150374,132.8817346480788,298.02263948617474
2055.982502325438,-2421.480754723527,94.98414616696985,308.43773363890205
2854.4805991420017,-1133.8935713700723,-1.4683456295712443,335.671751087754
2948.2379397662608,-2797.8057976264436,-11.985068719813441,335.0241280930887
1212.5500537219236,-2989.796715553698,26.97073724200554,313.9288620428849
2579.6763469887933,-1478.1138856826583,81.04420897644002,339.7140112981169
1287.1340838993838,-1449.0687512447882,247.71978678152954,321.1796372799118
2461.306455298828,-1491.9279512897117,192.70960726765009,307.4811443203733
2356.0430950366613,-1498.6951944966597,181.81733731055195,301.05515248767614
1461.404887671866,-1865.3999512703153,146.61803716920124,311.76184985064583
2745.6310732133174,-2084.8657264117296,20.807954209094724,310.42367336961473
2494.916890544492,-1090.5948002122839,144.51548429892486,335.23048627635467
1654.803762072702,-1567.6473260824046,206.66477677181604,326.1698809249638
2973.1870669825203,-1508.8375559410078,121.72261813249207,328.11975237836583
1656.7674748639424,-1840.7278366790079,155.60183431570047,310.99082120825256
2943.070230215445,-2373.5755513014396,69.62689854414465,338.55161127347367
1313.6444677867769,-1673.1340468251058,38.287260167993225,324.87642778551344
2901.1331761253114,-2906.4302007040505,216.20351404803105,338.3496964644871
2343.629799248052,-2168.924341536861,151.51622949434972,314.85191305909683
2495.250503043042,-2996.7509462747253,230.58978920561574,299.4889137710944
2752.7867628665645,-1777.649717392296,38.15633065863375,313.83104986342704
1114.781589214369,-2408.7457070500404,72.29112641644348,311.2225462563045
2471.4877002211288,-2920.5536261877937,168.63910414254502,331.66328560261786
1173.8338479426188,-2946.3386166656383,216.68656855625795,313.52874974188956
1275.2683097291263,-1170.6533365350112,122.45573185448481,308.4642453897299
2985.5684841292136,-2592.79663141383,-12.564322878047378,327.39878754442265
1381.521499109294,-2534.11115591734,-6.85494562350306,309.6583860365752
1706.1518281290982,-2299.166283362537,48.45858564064681,315.683891152798
2489.5561662178698,-2231.145742949936,103.02084450898181,331.73278503179876
1548.0063381251084,-1381.181027369049,194.06973654684657,310.4010950409934
2737.4259767287276,-1187.8207172708342,140.4192601852596,304.793569838031
2485.1430936553024,-1107.2689455410202,196.45816461785012,308.73684877552927
2133.3189864164674,-2780.7384638084736,46.69791275606379,319.79554150121464
1601.0182569698782,-2629.270427726095,19.320655529364053,339.29999823600315
2436.8247805053784,-2634.475263674177,153.4101696306149,295.6670319164169
1548.9569148824685,-2622.7930306925327,214.89177132480538,331.45846739652933
1667.9685111890772,-1372.7357158841721,203.29566982969246,329.3629109636493
1190.2245735552315,-2706.0265474272237,-4.096526596634604,336.9529618915056
2548.0682684879343,-2002.7101082771678,-13.450861833364971,295.40796114986205
1468.8692828541748,-2614.046104952904,218.70047767700115,305.4216795599008
2822.1136381783726,-2359.2844114699656,184.30383219219632,317.6914034559139
1597.1709781016957,-1901.47074245381,-6.620760699748466,329.17167788697253
1404.7454499095293,-1530.4994423021926,15.78264518931228,310.81591122693607
1424.3110096678718,-2474.6196650176626,190.43629770762539,327.11220144062383
2977.120983067791,-2888.8055375711365,113.66516033689277,300.27867849603024
2325.358148129062,-2765.8212033485834,109.80475748056519,316.1072635858149
2210.10149114657,-1560.9512038951316,171.05118815947986,336.79255883590747
2684.453208323682,-2290.0520787253977,120.30473350618306,315.10505350656746
2965.597228287349,-1548.0113617819832,240.31909750676988,297.1330224197905
1679.8391544782844,-2372.099073845086,53.30136291718891,331.75305557223805
2211.671059268638,-2329.4611665307693,178.071713447188,323.27947673979486
2636.329495120205,-1280.0144462599683,144.6428060681893,307.52924672178904
2216.6676029363343,-2939.2884608626673,242.1544132290723,309.00579234501635
1609.919561390282,-2436.242970268085,117.19941323280767,310.647061543831
1632.5251264375406,-2875.062140808735,75.01621577140736,299.33896232036363
1833.8926580709604,-2495.4189427037472,208.30581262460439,331.34233651241243
1951.9980772270187,-1258.4713052718027,210.44382489310195,314.87602223016745
1356.6691571101874,-1165.158179088578,14.39968719022233,303.02373553914776
1012.484516329426,-1704.0984979666832,-10.475516646760733,299.5284438972543
2587.3776387110975,-1930.2672584478705,223.81620605896276,338.3648520425344
1613.5515261153464,-2940.225511088079,237.08455919306377,324.60067368953565
1751.9056347930814,-2886.134817789287,127.7901686887545,301.2430131828918
1838.2281990759338,-2082.6627391411384,114.92824224764402,305.9849542898632
1278.6444914740694,-1090.0915176828291,52.97941001540268,331.9460337667648
1639.1317823941436,-1567.150400158188,149.06696499511548,314.1463776541121
2580.1448507344544,-2140.826061614507,140.220922651416,332.85415382120163
1065.7914935211018,-1577.037373131793,172.85502716011325,297.2648990856547
2504.262210612589,-1886.2411454346495,82.89595649402,325.8769277311117
1620.31644409266,-2720.6868589905903,164.49076760873945,335.61688769610805
1094.1682395815092,-2820.3473473486583,162.596537234968,308.6138501103233
1997.316594622644,-1118.0704004168645,57.31738102599553,311.68622162706623
2672.1031763963174,-1310.250221963336,0.8026863244781595,302.1722822117317
2878.7414746793474,-1850.9727462390815,190.63114910104085,331.41859047762154
1475.4396547560652,-2345.274574556264,198.43924292979807,317.0385626400256
1608.5853707991823,-1603.2371137724726,32.928872864881725,331.4094934098474
2850.296069042973,-2598.5048069089225,204.04107296422995,301.8602780701455
1232.2183087851063,-2826.3469894342143,89.77537066670023,308.26597312490145
1270.084300121705,-2712.8048161490256,250.56996716241298,297.04658362287205
1830.0737665984,-2046.289267124505,119.06196182831093,299.27441245136174
1057.1357434282947,-2626.384644589938,259.6941139841967,302.10247639021685
2858.3957632726397,-1054.1974102281445,184.2175136069486,316.87042055251777
2916.3234317887436,-1343.797266787721,228.03853318812472,319.5454008020413
1844.354074383612,-2359.210800144103,109.46173885547277,312.6556030053541
2581.3163632062137,-1412.1184965840357,83.03038757064934,313.193489193874
1615.7700810317228,-2878.2240260847234,221.84358189618618,311.25176543991233
1908.6654975649685,-2847.35228416656,73.00217507998367,297.29294305650785
2701.2506797000374,-2432.4210706499,83.43712492719595,322.8357823563848
1316.652033561053,-2430.437697274375,194.56935983196394,336.6466074330176
1569.931455863119,-1539.6274779045464,161.32208759230383,309.18296225402685
1287.7149159258563,-1856.4813048052413,210.91058234950546,302.8158482436743
2718.6588540287107,-2890.2033635710295,150.41586883777825,310.91967007926826
2619.27561518884,-1049.167687786428,43.997071299608095,330.7309363599834
1229.6905421288209,-2431.7315206534563,-1.2833436675403327,311.7528884921786
2216.407804161636,-1598.4512905847714,225.15682517990317,336.82769616583386
1966.28641984336,-1233.674168168734,204.91576292807224,306.35044237084594
2160.621854446896,-2879.4342416370832,26.634069030181386,334.92654905353254
2787.317129543301,-1110.4069148034919,54.73861909806503,310.42716556407345
2545.6348669259005,-2383.9258893280357,44.525195486167966,308.6577272920877
2775.3095337461673,-2551.5629236989566,21.728475564025523,303.5253870024801
1035.100167327307,-1047.7994971880476,138.77056153744928,304.25698336726134
2351.15884795681,-1357.4052340782703,172.99589109638927,320.76227263131136
1011.665307868495,-2320.540836383508,41.752784442869036,329.5672907953833
2105.920643230482,-2722.1874126977445,6.0823111289136484,302.135339735097
1923.760647025564,-1946.648850240828,156.50737610825936,297.6319181292321
1709.5855077546787,-2470.7674121558966,157.2515931232068,320.8668680859571
2484.0596081044414,-2357.213042463664,246.93663514737642,323.47278419349914
1159.8373415790213,-2707.418533478466,238.87904141233804,305.3885392046586
2828.5616264833343,-1480.2042098693223,160.52133434756357,330.59922042349564
1372.9785238418453,-2692.7246839859954,161.40425130883298,320.93572211739655
1220.6201026474837,-1259.1492207911401,258.0265382280968,326.4703516002525
1414.7943871592038,-1441.2412665254842,228.62022041584237,313.0112306697177
1869.591427850297,-2094.9244140757646,4.894855277701652,327.7966301536391
2128.3372135907416,-1251.0869070416188,53.202783337664556,308.1279070181878
2785.9357578109216,-2987.338320128043,9.830951968319695,311.0312708471869
1320.4756502118244,-1707.8350000404685,82.56022975161,331.7346960651776
2657.51432917686,-1777.2455058067421,49.70882629267382,339.8125532536706
2569.418375437621,-1248.606265847101,204.6947682694183,313.85477094050384
1604.1003793355135,-1670.1906584457179,213.38692910923314,320.1799049146477
1969.7813293348886,-1537.927776746363,80.1513539790741,302.3160523151552
2471.4286440914916,-1290.4518002119185,215.8060355192056,295.2764833326419
1467.0854817118416,-1633.536031383752,90.23910136547708,329.05188631704766
2720.634163310212,-2028.551552649406,-5.097652796272387,313.635519579565
1212.1810994371986,-1714.379787836074,175.57205813290557,304.16265088847865
1739.2709583467094,-1703.55956310232,198.28018148066704,299.38303445028566
2034.0595211926588,-2738.1328717692368,161.20915755080156,315.1370701486545
1010.6276970144368,-1708.4581021264053,21.27654578178236,317.03108163408274
1425.697233138042,-2701.939795852996,86.71139855668868,300.8240666914544
1335.5196238017961,-1965.9687657823436,252.11570299522464,320.47688296082987
2560.50742231834,-2865.3571834613895,164.56222267827025,317.6922851039899
1156.2051547253382,-2581.604731288401,176.87493878310863,336.421595525514
1502.9759097783424,-2013.0717752731855,180.60973453555437,320.27071048196655
1904.9534155758563,-2765.2585548447473,98.28570187542917,338.58876395684234
1280.0232892536403,-2006.4773224743317,140.06713967707196,334.3604624279068
1384.591817938204,-1690.5045938707365,135.91167769527172,324.0383292318968
1181.933203528829,-2019.9135352102649,180.61933546531517,300.388276386122
2616.2051590222395,-1397.3735331883995,73.7608938103207,316.0899271510544
2790.2661556516546,-1173.8124270412934,85.02480143093372,339.5031865027345
2805.512937337119,-1973.1712406976496,129.4819327851489,307.6884673818896
2721.5553694167347,-1250.8545770327476,60.13747741721788,303.99436815968767
1933.5976033261336,-2736.9362058782726,251.8414152661718,307.65460888486035
1917.79847884753,-2399.8880863997592,161.13205330522274,338.0260008266827
1338.533091515857,-1358.1244221770291,35.14784330145969,317.2823793159738
1322.3156963587653,-1544.076847899105,165.11528444387852,323.94043091853456
2740.730198815363,-1866.3440104944227,199.42114666255742,338.4491462574758
2777.902900977756,-2724.0394525412476,32.454602408924515,322.4514605783537
2799.3157091180483,-2718.5945764432577,185.3990706508955,296.5258360180043
1324.1177651297699,-1343.2095915319537,103.23278741993795,312.7659024883212
2475.8184034505957,-1347.56047921857,168.53166934676358,322.2543794509797
2468.2017563914837,-1089.2871094077718,-5.950635053049696,321.14583100523066
2637.595719577154,-2892.3459828459463,66.6668022062198,303.79743651326413
2540.02273547543,-2090.6016513858267,79.30443909074754,296.0291889876622
2156.9578682205374,-1339.8631891166328,257.8370453510184,301.9977082130544
1563.62872528659,-2955.8306354810275,-4.052356693795648,313.878349673347
1340.219809785747,-2829.9479510620326,157.25087991120415,330.1242346667912
1207.7380523529016,-1090.5137803806545,182.12441697829993,295.37457282019926
2001.4646390145094,-1761.0420769135794,130.58329834896213,309.0453634706895
1786.0004227090212,-2111.3650923310097,78.28261545605486,317.29681780251605
2496.3550612996696,-2560.772997273914,257.83695208993123,335.65458175167396
1148.28692311253,-1430.6796769273878,133.69092333025793,334.92316932562
2718.5125605669004,-1014.2108258071678,7.042534102495939,315.1491356900938
1093.625920259934,-1460.4349245872706,24.253353205537863,297.89694075555514
2708.8848187626454,-1567.7063144855993,148.85498989413537,296.0264345078264
1969.0319637957077,-2421.2106792376394,143.52117225624585,319.95401443214195
2011.0910661851685,-2671.123467882854,232.5718499787371,305.86523555250545
2608.490873988536,-1604.8107342728579,237.56838168212937,305.0932942995903
2229.625054067279,-2504.6892850841396,256.22072021775386,312.0925996096231
2301.037470882779,-2847.0666939710663,115.867098062835,312.5068235341234
1844.7606641664065,-1286.6950005435785,116.90545666646221,304.9599911249034
1295.251816451455,-1042.8473541351718,148.42602672962826,329.3752363259422
2245.75093425035,-1512.0855305114815,107.16433478196782,331.0370452252431
2950.9645423509137,-2931.254066790988,-12.838077149454463,306.45593297189345
2276.7728983406923,-1108.6600220555893,-1.417795509677548,310.5157169473816
2414.7307567785056,-1364.7375937716467,209.93503580177077,303.5347572225643
1470.213727533847,-2951.1897205368814,226.00701797442898,306.1858675945051
1178.0391781407995,-1984.5840252281093,231.12516690962542,310.7517231094542
2982.9063540357374,-2690.214806421592,-0.3459445928896834,328.075735498913
1300.599570295784,-1268.71411175397,251.64373890045312,336.7177119006413
2697.6785576044604,-1676.5402681924438,221.66223370309743,337.88328154036867
2446.8519047673362,-1795.1637040847165,206.32514136420033,298.9733864925708
1336.2089767078128,-2809.8201126398417,104.61377209540235,330.5901229673349
1509.3938537965366,-1107.5199701424185,98.57862748879425,319.1780984804318
1381.3808233846926,-1250.0158566059818,122.87598135492098,332.05040352658716
1568.9794775204869,-2038.889970384171,174.02241943656222,306.7407122604482
1969.0208675646459,-2411.930841141603,11.15588161445002,310.29903669403154
1144.185819995367,-1783.1107016898131,199.22523990094223,336.6350700637278
2645.3346808449114,-2235.6319030400514,146.83988190403096,322.96880420137904
2413.390282662349,-1593.0578352445539,15.674131856113938,331.0580126865536
2784.094839346453,-1960.9294765882375,248.53486242273874,332.25878839416754
1376.7922595558055,-2086.686898128669,125.9894832516093,295.1584878911005
2994.3632126009707,-1530.1673486984625,250.13985797619375,310.39509673483633
1988.0004659997107,-2134.7015726333784,96.2365601087832,305.5289330445845
2269.362665181873,-2635.344272131722,6.1601168039308405,307.9936092593955
1408.2621517759117,-2290.565129976703,169.46126360551557,318.7791549477206
1343.1651025489914,-2409.0143823885114,141.3643685846211,326.89631466348413
1241.2868253401734,-1272.0144887844,49.47497958659612,322.09998715764993
2342.157111416397,-1220.862189352181,123.88573847039552,323.9197261668173
1783.4822037985145,-2925.324864451541,11.201483122511306,327.33666665343407
2535.783865544099,-2351.6300201109657,129.03529610347462,328.46055581213284
1456.6421582233418,-1970.6538561220568,243.22419968379387,300.66686846320823
1070.6944311861157,-2319.7183546639335,201.3308561799381,332.3688459012435
1263.5596275749149,-1294.2422987124967,36.87924965152138,298.8478197766598
2186.4137317311424,-2948.716842753522,233.9991484726551,318.4761514798792
1283.2304781441867,-1951.0661041969229,54.83969366704498,334.83684968537284
2047.5381505120224,-2707.647942998031,200.39847083580793,334.3181427864067
1378.1118467776373,-2819.609624780761,191.74900968798468,337.1420152087814
2740.017148839025,-1920.2790059610609,45.72384149214993,318.10449468878824
2046.5012719954757,-1537.0426332366885,-13.159449121712925,327.0071239420006
1455.189723369444,-1713.5936985768674,32.103434810002376,328.47146694226
1288.7480090224185,-2405.570380192249,-2.885924192224749,322.74893090801174
2292.0557189727806,-1787.0191872845353,148.77667009493965,322.65732149472205
2212.5515163240343,-2870.0267400291114,214.31078731286385,303.3134578607951
1839.4626570843825,-1796.9428901354286,258.27532137420104,324.2166977452032
2293.3325495238287,-2719.1545688007295,223.44432557553978,299.877270895681
1318.5162941923386,-2800.0248318793388,138.0652285073447,339.05711619762275
2295.4049983263544,-2810.7209340909453,184.11299173776814,310.24173315482506
1955.8044791672392,-1239.7232961112054,106.58916719319618,297.7591090322993
2716.0738959515534,-1797.9908481000496,70.45071792912283,296.29978156729436
2401.673236145511,-1259.4500463406887,24.734882347215034,318.7589355750424
2414.9857857661627,-1958.8493414959057,45.67748829566448,318.0543425232199
1960.0109971099623,-1829.6916178337444,158.8701125279434,336.919025703809
1251.3083593350452,-1511.172454855817,24.39564291311082,330.2780176443854
1524.560215210223,-1489.7017200885048,126.93087956948267,325.66150944318593
1097.280080310921,-2625.2666956967755,255.52859179820445,328.39518159415155
2842.6511307826377,-2708.9028114122875,35.61912545000839,311.98137673672323
1865.0653881735348,-2811.751809129301,197.5214056997924,318.5970236908477
2578.769098586148,-2019.0444577935,127.32287398590202,303.19982827526036
2518.459715270199,-1195.9746462071853,154.36682537155116,309.05301671776897
2667.8424372812315,-1226.7336354120935,18.32626754292007,296.16433095669447
1757.753635845033,-2995.875368975643,22.550919306838566,327.68312916887055
1864.0263235246302,-1908.502177938394,74.94775791382185,315.5137456069629
2315.4058930530136,-2633.068717334678,13.397104398520241,305.07863086124587
1775.988281288686,-2387.44210639757,55.564144698821565,306.04372909368965
2606.656702843695,-2327.9096394298786,26.797899645309315,308.53382427664934
1267.1238262329366,-1354.9914801466439,21.52984580596832,327.38180658002864
1268.0444962094903,-1151.3408784188975,236.44229610981105,312.0940313029022
2998.5554407652935,-2995.781795936765,202.45979133347538,334.4231994864107
2280.5892694828162,-2657.470831719129,154.3802726041614,332.41054983618864
1581.9834590617818,-2851.922356910975,-0.5691156485538649,333.64290828672523
2104.227744271763,-1672.8150657514802,174.92548273935574,302.4350388847439
1858.732229032823,-2544.0245303781644,227.78585181576582,317.5219041412519
2070.3898346580045,-2732.396113131092,212.29596477926353,302.9199463642293
2030.9289811506276,-2258.567127069429,9.905843381873005,297.6934920001027
2024.1833693331753,-2730.136594054901,246.947452849122,336.3473382700674
2458.593503837266,-2465.591269421325,0.5217500176350534,314.4827971067059
1813.2198716885778,-2207.618921487962,156.57361903455035,338.1187756168941
2362.118038344008,-2794.5347958218617,54.904885052097626,296.30997325818777
2426.463361789184,-2669.238689646295,53.08588335740302,315.33371397066696
2952.4248283295346,-2303.5438809536995,36.57763113948973,314.7032587688585
2527.678063158944,-2634.7032282018854,48.153536468064104,300.6786890345298
1625.5284667242333,-2019.8631235300948,216.80843275666902,338.11123308075895
1764.572179857783,-2747.327205704336,97.79359425605264,311.92169535775315
2351.558122454464,-1577.831561951719,173.21652886901245,337.69113667380225
2710.09664971181,-2034.8251285854917,190.62030521347234,335.3263150180857
2074.305916499864,-1192.3127625494574,156.51650419360814,310.80094649393334
1142.3502568250456,-2830.5885055615563,246.80729010856373,317.2358957586384
2433.6183917722574,-1669.7402788608379,65.79473095772957,327.76853390570216
2587.3617121613875,-1873.588921978945,216.2251847982249,322.52466826999
1496.1626971357243,-2959.5684182498176,184.81863450787696,311.9677976520604
2243.335430057102,-1639.0024262723919,57.907197572273944,312.78570727700077
1934.4696987581935,-2622.2215964615575,88.87086837788661,328.5132388753425
1123.7667013566186,-1166.6800707953266,176.0816366840977,319.2482866927876
2879.3424799239237,-2000.8743907644912,68.58778618987199,308.91344924185296
1419.7234831816218,-2484.657410813391,242.5446228675297,316.661494548923
2147.843221654389,-1392.4995555420264,24.6747496146224,328.4163551532527
2847.8509283036856,-1421.5976554498618,49.70092445831875,330.202321414297
1621.921864169081,-1825.6045418282215,80.53650463698021,310.0443306105373
2853.714269919379,-2792.7027057574783,212.02066356410003,311.7819772007454
1217.7881400138763,-2825.1886236179157,2.4222341399378635,300.7496441809277
2027.1455660222941,-2711.1852451061877,154.7796180516771,318.54748514408504
2713.949691649923,-1072.950375820217,83.2800289717519,314.0779790098714
1398.5161665611708,-2105.2703669205607,132.49725332607773,313.07613417877457
2873.933932992413,-2973.850703585735,8.880390682281032,311.15488888941843
1174.5767491393756,-1741.2972235446373,191.47810669999126,298.50320719279046
1875.7548584843244,-1984.1944867911905,199.05318464408626,307.293196000167
2866.398332299573,-1805.762243834659,-14.988162564342739,329.62901702058053
1592.2209096384777,-2298.227834102223,182.42146407567083,299.6315517817869
2177.7467277265428,-2596.4749712123094,59.729668941210235,325.98167267291365
1823.637435463842,-1203.8553289419915,35.0462314533336,316.429156960813
2505.512901866938,-2629.4298979120836,98.36119373932023,339.9200470265027
1930.1769061268396,-1503.718121321901,124.15382055306765,310.72066308422086
2181.5349785961225,-1341.3023538931027,93.73848605852777,313.28565780522524
1044.84830873047,-1732.5153159232204,217.52229010585873,295.3823029103486
2975.1833968579094,-1856.361776133055,54.96061536464774,305.63092012022423
1679.173594443991,-2356.274369287713,187.78461951306988,295.27458559256223
1147.4726748171338,-2212.665937757967,180.77442131970102,317.8565225324771
1637.9529526840784,-2077.336170450604,103.50644580118953,331.93668595462896
2491.523513101788,-1658.6391607696983,185.0214221514666,308.4079090449527
1410.9830159634625,-1765.097546973196,59.4063076599531,310.3975003723399
2066.1800696766136,-1938.0121002842768,165.42148546092443,328.764153091212
2777.4146655406153,-1228.7689565334724,58.65362805940477,295.9860206241375
2969.4455638846634,-1338.3498202174785,120.42813493377395,335.99265132237616
2620.703778959325,-2607.8775429233247,241.57120860284783,323.5289001470504
2233.920123004656,-2970.461217235539,201.62051621781447,339.3341710663392
1530.7721782957683,-2927.39966296922,12.78800634648007,311.2386126431197
1294.9257675678937,-2336.7353392926843,10.978996334568453,310.6782834175176
1360.112483921082,-1253.7685017668696,44.958568665983876,306.4667604010942
2452.049792612143,-1531.6990047711502,86.51638325092631,329.21407599261926
1720.033855031306,-1059.2694947777782,35.5682526371281,337.9767008344662
1767.8887268020562,-2424.767681436196,182.02549908126858,336.9566758409244
2785.2010127712147,-1362.5333611306837,24.592120821805054,306.5478487484982
1871.1614900114118,-2514.824263184714,183.10125419455557,320.787683931315
2716.2638852966093,-2648.3039146885817,46.671914150146044,324.03120239788905
2813.0155681507413,-1015.7943420802324,9.318308584492033,305.7184978872658
2927.2211022528872,-1144.5934453719462,41.277965826902516,306.4925436442173
1904.759144869137,-1033.4468091713413,-9.963424983301348,313.3569998188606
2933.3287963843163,-2186.1526047128464,4.307214484853681,337.2102092220267
2909.282100608836,-2420.4955188595454,68.3434630278239,301.2644394616875
1881.9929569168266,-1033.577994906584,32.46732387055915,300.0861502993149
1810.477181002892,-2499.7150283639867,167.6452305131415,297.79980435448243
2165.0297035779895,-1479.0718014333625,39.161883019730524,317.4884452828883
2874.0459869664965,-1006.9499194533323,87.25744895007894,320.1213889551777
1072.0633635156307,-2638.215621729232,131.43799914274862,320.99651242751725
1437.1352651461698,-1061.7356260348233,214.8577660379884,330.4302229604475
2316.7124821294733,-2352.9556549927433,43.72324052570046,335.3390580241689
2886.2671490391776,-1791.9378860215922,71.11487253846555,310.97945372732494
1751.8346398607669,-2632.867658204361,77.65364652087197,336.89006757934567
1342.620652525885,-2147.4629766538583,-13.388247622493765,327.6609024386272
1280.3768327230425,-1453.7649462786408,134.00377257727212,316.2877772093695
1351.4604390793918,-1002.9340336264338,230.60769318253776,324.56852966642623
2997.368760440275,-1253.962450398863,21.355338115460363,333.9374124950547
2317.073216811226,-1902.001415998853,106.93522723982026,320.92358251304705
2955.495525341131,-2669.502749913913,118.71678815305063,319.1291823760935
2593.6541088738204,-1735.9757577160665,21.964113544460588,319.8552861270215
1038.4860369755145,-2883.0756866504507,180.75583883171655,317.11595618238005
1713.8572342708849,-2140.8689886418347,-8.908636053896494,324.65897568916347
2681.0012316299853,-2105.102662901637,146.5480897757468,337.2855434992128
2608.3133046448947,-2716.2706021260933,34.34762725289079,329.02637399952346
2424.144947172804,-2776.264794130834,84.68958095431266,308.1697097954272
2561.1975659082204,-1146.6073992715624,35.56537960995225,305.68176329233665
1964.123576240234,-2903.873749375376,133.2504503539071,338.5836775711213
2201.502597476253,-1846.3219967132047,250.40156206802914,311.4202142378125
2167.7849907620052,-2165.8087212256487,98.95860355734648,331.05851890051565
1235.131518662731,-2527.0107725192715,127.40370189191694,324.6031741141312
2181.425020349876,-2915.2347836104386,76.00709188280213,318.63255325329936
1268.704081119728,-1535.1553393886138,70.69655221269566,316.0669307947533
1559.8384694579215,-2455.3277442576227,244.7075476959098,316.24240440164
2499.5035934057355,-1189.341097010579,2.8552572040177395,297.3001221887924
1125.101112893878,-2695.4652731226597,159.90073902644454,325.5331795902702
2017.43871185969,-1459.2361247769165,232.9416496240195,331.6334550545421
2819.508778443065,-1721.0030112603213,121.98927509529133,332.4311156368082
1468.4413521039148,-2196.87335898514,23.857525932608667,313.8439498184551
1223.188307220946,-2213.89179540255,182.3751376096115,309.87355904898715
1586.0845140525093,-2357.525255079463,14.04905670986691,322.99502128041655
1370.043106385855,-1198.923456702435,214.79917876386895,296.1107264227063
1718.7585564206174,-2232.3997662483625,176.08831777511153,323.1592089291081
1121.3325738817616,-1229.4921750349745,45.06975248244067,303.7543988680163
1166.5607712228439,-1343.0881108949566,200.31023072608085,300.14957802711297
1707.7218271896377,-1832.1870424883577,108.1214240160596,323.24329373210776
1350.252615365171,-2062.6094056734864,63.68824163465737,326.7814156327074
2714.9709695966267,-1308.1244897775634,159.72657947662898,304.3065152220321
1660.428874129786,-1893.8903998860726,188.64831150257172,303.6330755365023
2726.6869335641986,-2005.0809541413569,221.65965841116113,310.1083274349976
1860.7229373822397,-2207.712602792393,224.85598489863034,320.2430302651744
1362.4513564349731,-2544.608043205568,60.03893251006936,307.9655285598617
1743.8322133671386,-2453.1565797823387,76.84496963043192,297.7251791788385
2730.301154818033,-2564.5100144898915,103.38865523538139,296.8311154395366
1689.180584905731,-1015.0168251918735,56.021495667169816,311.3210401066625
2060.95364071322,-1469.1654770104396,152.8885194881909,326.2596016837042
1952.3329620641073,-2548.1508881385425,72.37459306764693,316.8100883948108
1922.8541807571964,-1818.257205924101,89.2619205065388,299.3549251396078
2635.6761879803353,-2690.1769380097194,211.68365284109683,318.6622127548326
2832.387543918968,-2349.566614751218,199.29662055892823,322.0233665454677
1990.2934293868134,-1332.6915970955308,69.35614772279602,322.3066758227664
2048.590477809148,-1732.1666415538439,77.89751589195234,296.558948494218
1981.9850248172716,-2796.7542495464895,106.74608999792443,317.6769426791515
1019.3901099931428,-1528.3109773297624,97.80283619206266,299.1697525500291
2638.121026704936,-2221.695901677387,10.357723321257154,339.6141773413494
2333.1725578081778,-1132.6377692805625,215.7205959984588,318.1297019886479
1325.9756371753454,-1467.2748022025473,42.54017825099054,300.84791239163053
2578.5456314503317,-1542.4092770602172,135.1577393961354,310.7915996724668
2612.204271356478,-2792.8791332234523,98.73833505448087,338.73781058170874
2359.9678983404447,-1435.5553903304035,237.06811368239002,310.67180885708575
2929.2543293298663,-2380.5658477355137,259.1010277783556,310.01413690114254
1381.7647937952904,-1178.3709711968015,174.3187972345276,331.39991377160095
1767.721690170823,-1620.0270397101453,125.24677224038757,313.21693588036334
2045.056455840889,-1327.4922399240008,227.62109971773376,309.57660353813526
1172.4104425818873,-1092.5835915493383,185.7902200968393,296.7589279842654
1716.649433092723,-2357.7611875582284,106.75928932893073,330.9591007574612
2309.7078312111457,-2288.825366891053,103.94698414691148,298.70849173675606
1660.6638257680247,-1468.455461054623,195.15614979541465,306.1774880565047
2233.9486258094776,-1074.1135651027325,126.77039684833568,302.80057021302963
1518.3016655094384,-1084.048909300587,141.76900288630512,320.4999851096758
1763.1649132523216,-2129.6442028730403,119.48878047628284,316.5922052133971
1576.0109103816944,-2402.004453637697,216.02358654551173,307.9052837810699
1213.354121766717,-2284.8213514561344,19.13612536191014,320.17276284449866
1242.806109511369,-1418.4395147138916,158.00985669152905,333.31811475762515
1498.3282300369683,-1120.1163339862433,226.3839928994374,313.364104834697
1216.787927329796,-1934.7516454296072,178.40931130239363,308.4291819396989
2939.0772870161204,-1714.2971463436318,-7.221878572274693,327.4489564525838
2795.114703472992,-2777.8315613053232,7.380763472869486,320.22956585964005
2586.364120949781,-1423.3383206483609,215.89510010109038,330.9849934642908
2051.7213294393105,-1505.8434130953294,4.0541768885886995,326.73875275509204
2406.23111174715,-1333.2094267381228,135.92134483385863,309.59707389884665
2682.063928127563,-1912.2563928840448,-6.968049259045181,316.2755002612226
2278.0697850781826,-1961.2316113205281,0.6824619197992785,331.24627946809096
2750.6263670260196,-1252.9696023810004,63.24223502658526,333.7062075158892
2838.6547188948507,-2926.2872074639527,96.44544043568132,298.40156097510305
2848.1220349192704,-1137.4475786074158,50.515875778517284,336.14006750249075
1317.7326082013303,-2317.1247634456176,24.575657821276153,319.73352346596306
1264.392807178202,-2520.8495422068095,190.84703291478823,314.42233110310696
2683.5561499416417,-1280.739084317635,182.19487947015878,310.7054325534621
2274.812537798888,-2079.378411390351,184.2354787102328,335.72179196516555
1828.6718251568227,-2555.086817150811,137.19149926354157,325.82913732064793
2391.620874706466,-1455.6520603857516,46.799476756598274,308.3693208680621
2627.4367446141005,-1289.197534339544,33.165500764570616,339.55193910725
2422.4844445598765,-1095.175517443091,82.1667708950162,305.0760408920533
1889.3572728849754,-2688.9235293541124,109.45279723997152,339.0414805325232
1254.3205881339932,-2955.267232474524,236.20034083390132,330.1232090372563
2206.3877184083385,-2081.32821407922,105.6230676726162,306.88869471389233
1677.8755428395668,-2587.6260023099126,187.01271755431813,315.6553957587605
1060.2427043323669,-1967.6268494530773,29.679018686095255,307.1267403655222
1391.7843231012541,-2934.810880602929,242.03153493089337,308.82246552825904
1132.9404374975766,-2372.160616516575,257.5408110143242,303.18344228555975
1897.6525445647621,-1990.1246074124124,115.91045164295662,300.033536442373
1257.1091008256635,-2209.911826774811,79.25428733153355,314.84143174136466
1153.5998306957208,-2334.177257461985,54.42542053998335,314.6439453656127
1519.5970191450447,-2683.8089866131468,17.082934431196286,312.4031060955725
1242.194256210227,-1453.5259893614627,0.3914506229085539,313.7844611697509
1850.6613900156244,-2819.5088702666344,259.764284812018,313.084303825917
2860.8276267839587,-2615.0875228723803,50.20291768614446,334.90618656856213
1864.1742077357885,-2122.3628997364394,163.35103419170838,336.62357506049125
1802.5605498756026,-1224.6191415058227,18.480512885667714,318.3174463877526
2368.2848559677823,-1591.2746011243348,232.05632126768737,320.2192803835322
1783.2901930824514,-1199.9630255559555,63.6092158900326,320.02312742716805
1551.8813552648683,-1542.535557320105,175.26971132767585,324.84947892878483
2325.1734587472565,-1428.4352379313045,122.55766508466084,309.4899515378683
1346.718048533349,-1945.7903093068398,202.34765493380328,295.9496447331638
2888.112225476624,-1233.3435039861301,54.80631833646548,296.16498156588847
2897.455521152391,-2895.4193486224704,200.4732263160918,309.35081924516254
1119.245328007549,-2435.7332776599014,200.93354899350092,336.80168617525965
1699.65135859738,-1628.7337103645084,174.71253424936856,316.7752852679456
1595.212058639328,-1487.8805373890464,149.56664385951396,318.54701017596085
1048.9024858222522,-2231.4539937505533,-6.185428170856023,297.42939366624825
1396.1487859658864,-2059.627796448119,233.66336124590993,335.97503990472137
1860.7583409095478,-1755.4794104038403,224.96209394146888,308.6109505429032
1556.1076427412058,-2083.1274066990445,167.40676920522597,325.309112415892
1039.6227067069601,-1576.0349761933032,46.22068119264877,300.5774273388143
2751.7554364137222,-2336.024722275491,-9.764906914359766,339.2814549679334
1445.3883012908295,-1045.9726540730614,9.206710636472671,299.176743724487
2380.642243697494,-2224.3932435652005,82.58423080195352,297.09746061873534
1668.2949883286692,-1258.789424804211,26.146529855913947,311.27671109599413
1532.5710356255918,-2444.2534356331535,152.93454596904493,297.9842244535463
1275.004628533449,-1424.9715075663605,86.68877442023016,304.31498590331717
2569.7275976765327,-2082.64154258472,125.5195966902196,303.22719111511384
1878.0545878151324,-1933.1870814065878,104.59740297022199,299.6858641526492
2277.9122172745683,-2419.0536409362126,-10.40523321252012,339.5639953189586
2727.372339356555,-2130.8482338324216,231.52025641960827,336.23190812494494
2498.203802588653,-1868.4989163433331,138.25738867427708,326.5988405366047
1686.808481341448,-1561.1897859259554,39.85743346048289,328.6400250000634
1914.533248369949,-1421.2126126121716,46.31510686693139,322.973340299737
2734.885988617237,-1029.4227187931824,146.32568387949846,320.1168072895867
2874.438448244475,-1228.5398862541024,98.01898431790244,332.47489089619467
2333.9044954758115,-1364.3988851377542,34.21293819047456,302.7697535051148
2393.5609442484406,-1121.4688315352635,45.37782997342779,299.29565059381713
1393.3005025954228,-2111.4971891592854,193.630531407512,315.36202483619127
1092.0312095586803,-1827.4342161299492,141.195031399044,331.97541803587995
1936.614112068225,-2047.6872956781242,208.45738790732727,336.4578268171316
2999.5928652620178,-2516.419305607176,253.7580834837732,332.93378567226125
2745.6673867914005,-1486.3599277396274,251.68025727122534,330.8892921984534
2253.213258540791,-1577.83657230441,24.267527169558505,305.9672343289766
1812.1235806819893,-2666.072328090587,21.613168853430707,315.75259706079197
1935.2048222998574,-2452.3059468869646,112.34866655738765,330.7825717503821
1664.3282365593202,-2967.4390044316283,209.12193218484347,334.30495600774816
2677.30870943653,-1577.3851747377562,98.41378452553415,335.0673722197771
1441.086683393356,-1902.6182839994196,7.969849522534748,297.2493442750335
1986.315009866965,-1428.6353993075775,135.08294466323935,327.32832277502337
2267.3454761166904,-1007.406129021768,-14.857882497581585,332.6245878570204
1652.120141111704,-2351.1852704696794,12.007898722904038,330.91626603191213
2838.1982681126,-1082.3423520033987,69.65497130612984,331.45524496259026
1671.0008426634822,-2304.8116229192483,174.58750360045337,302.80235320806776
1536.3095338060964,-2831.0265852440716,212.06051683113708,306.84950864352106
1178.7730950016874,-2096.654677084264,146.68368300788322,303.19842226318326
2000.4659356352445,-2830.4337011446805,209.08719319045093,330.7680358726254
2615.194497910502,-2328.4421368044104,74.7642421069983,315.0177420719483
1659.3862906712684,-2281.547925446965,4.663630141374931,305.7100830531666
1143.1990228853765,-2391.5377809474858,-2.2678565461854703,334.69460035118766
1494.6709755411123,-1863.5165998703542,87.36258162017486,309.6098852479324
1469.7778301400544,-1963.7099487869582,174.0378583362974,330.33911186806563
2205.507494213458,-2399.683011408171,207.414564718475,327.72552842733194
1271.9542687792134,-2613.02605182771,237.99599713475513,335.9295817137274
1751.1910748614123,-2674.214866461143,94.48205134459751,306.7864960210787
2177.8456034155943,-2889.8658985754587,90.96712496448563,319.53629547955506
2197.9706587242063,-1252.3902750181137,27.56214272735229,333.0820081938189
1240.887720470384,-1259.1665605051378,196.53728325235122,333.20467081753833
2607.614469874138,-2509.6965857649893,97.77065596534905,330.36975227679983
2590.658973786979,-2319.2759615121463,55.17608319251275,336.7054384664346
1936.1327554550503,-2371.334074048155,55.805562053269526,298.581937355832
2719.9110399484675,-1851.8249084922143,195.75466320652302,329.41999371242684
2281.540276696939,-1820.8802666752467,178.72947963760058,302.26121381733105
1239.8212796660296,-2956.784951152736,76.82776209529669,322.34916824034684
2034.16603657489,-1934.5098275171235,28.250678295380233,307.49131175545267
2780.8108192908167,-1471.6854857339874,76.13692276081284,335.0901943584945
1642.0321572264352,-2785.483344491069,204.71053069695293,332.11885360496757
1100.1721580554631,-1578.4458612314345,191.5933387846289,308.24026150373106
1078.581350518712,-1485.4826637610108,-12.754807800171545,329.92403502473127
2238.927982182786,-1475.554474761058,45.1486087572732,299.4811071588109
2949.6319887096406,-1033.8134969782714,188.9443869819076,295.9704982488052
2716.435404166731,-2172.797980806789,67.02304842460921,318.305879187573
1973.7623769975505,-1202.0415125429415,111.41996930131079,307.2276144304661
2136.4563563654756,-1255.346988249725,29.727397583864963,304.87382262279584
2884.9745357838965,-2588.6783405020237,24.117680585131417,316.1907314867766
2599.469918939747,-1311.574106656475,49.87108256027889,298.55720172502026
1799.1476693918407,-1070.9306153590078,170.23940018213892,299.52028833125996
2653.352740432814,-1005.8951184157322,111.74007549919492,325.69495381971757
2682.1146103016395,-1087.9093845468908,119.15604645538721,337.76093746549935
1073.0861642359635,-1818.2140253621938,181.56871676661382,317.8926998694314
2969.4346963426724,-2837.71848707162,116.64203482303978,337.9517333301322
1155.9241687370543,-2834.7597590045216,138.3412999587107,315.49794155343477
2509.8288166430093,-2092.8954953294883,148.91524817403476,301.00866662002613
1281.0306109610422,-1768.0230772619595,170.1428506904805,313.3485395299899
1061.3115160098291,-1695.262898315388,250.3033289904742,295.14406273355047
2533.289488829201,-1197.956975252991,259.32215490179766,331.64413855514164
2752.652017439771,-2718.3764130984882,16.104289096191764,324.708626104459
2195.877024630271,-1544.7411715223186,131.0502226164599,312.60810838484184
2567.703079005025,-1579.1371551662505,90.62083571064025,336.3063301560086
2389.6796857321992,-1339.728963404839,99.56278347268199,311.3995517268214
2805.1769203786175,-1335.6239346653672,192.03147479541312,317.4093909196384
1153.5507354092083,-2875.8127680354573,206.3110302050682,324.55130406454333
1417.0056756949107,-2911.8633911061743,259.67879863824027,305.40182202188095
2298.1367860071446,-2411.0337182166427,102.40921445207276,334.8100927801403
1059.4865063092557,-1689.5813480626693,99.11435456289912,335.30402128731265
1228.6581239336983,-1320.4668932419527,53.08969473790336,307.3620914088593
2200.18381791895,-1791.1872457267318,-8.841464143034548,336.2535356012539
2622.7323475671606,-2469.764904696075,220.188775538282,303.00908183292233
2130.3387408690746,-1123.7959281765998,135.5496780625916,320.26998600237664
1275.0205673481094,-2615.500491991743,54.1398997814257,295.4753001772174
2792.1221665004346,-2102.9937546080364,131.4813602323774,320.28350997997285
1697.8855665325707,-2683.1226449609694,251.93445836757115,302.7100830022264
1991.233027736947,-1932.4138894210846,97.58164649377028,318.61116927742546
2962.163985898384,-2042.8681966489653,196.15861410668873,326.1680739022846
2773.4125341815125,-2357.4060025774024,232.0606885482925,304.5735047411786
2001.76546695681,-2342.290001008257,108.11504665595118,296.31409992306897
1924.8334829554678,-2386.4640285823757,161.83889481659733,331.8178676901233
1504.1632103248098,-1323.963804407639,208.32370368423742,302.70920679010703
2522.1934471115537,-2945.891282056809,116.56636811545653,309.75773006004135
2874.3598186394556,-2754.2244381427645,73.30841531931566,324.4498355553857
2750.658310412542,-2661.7683834383715,218.6775078179178,309.97286560784664
2844.1019958497586,-2410.2279807399123,98.192449498115,336.607742538701
1871.3167702935561,-2034.8399123584468,90.43969016233912,300.33301831380356
2515.557146689328,-1021.8318202466285,196.00913332839542,295.365115782284
1004.2193813132205,-2812.7463660915746,238.92389302230492,309.4274638666901
1434.897354638271,-1647.51364701493,13.473832058212441,328.28915464103056
2139.786679646067,-1319.3099447309205,178.39285767733242,326.7448570715958
1927.2008556474748,-1118.9625613371343,93.5025130581744,321.66143834128377
1185.437124085931,-1806.7876755450457,145.46232658513142,297.51395757639455
2620.0504375722676,-2107.7224961155907,-11.22113120728458,329.4928645426224
1702.795612504304,-1655.8038044994846,99.19081975148826,296.05760694543534
1080.4562591494782,-1224.0060362835438,172.49837792569593,307.5598744435275
1220.538961686948,-1853.4049718848976,94.36584079850266,321.0312070680259
1554.6920814936057,-1313.1062050620928,51.70874046918786,310.9015471056797
2917.5228549299036,-1966.2665256173561,63.04664420157307,310.07406827488103
1432.310620151416,-1911.2842728562166,240.4252969589841,323.7964263429732
2349.8570342401713,-1748.3727320603787,140.87258261416224,328.05304404457564
1664.3397733873535,-1362.331024534443,239.7919116919542,331.0457076447662
1642.681580253487,-1954.6117143436654,141.9743928283834,327.7185344351999
2860.933524768694,-1562.1133686141927,48.80692715278106,329.876848514511
1074.705056289404,-1631.4690481381967,-14.511121228729913,339.2077729115223
1200.845435752098,-2481.1260373096943,130.11285472368752,303.58416546199123
1208.9473310223655,-2080.959414278474,8.880507365917435,295.2130346961887
1402.1030499921237,-2128.965889305988,142.67777444687084,298.03656106033736
1318.5191724403826,-2474.9250435230147,130.81740571046856,328.2493961393624
1169.4636293636017,-2891.043815471966,41.63114176016705,300.34328002249816
2021.8962403268742,-1278.7768494445695,244.7416908118576,317.3194665481232
2080.8288249155908,-2778.0058931214985,257.77468787541903,314.8366914692689
1871.0913753858767,-2978.569430098326,102.3576796923382,333.6129938943383
2612.977158035944,-1273.9008289422538,258.31750622499305,309.7982815753867
2200.5012881172142,-2566.819768188737,13.93672417569233,337.9970483413131
1439.9873700540256,-2474.294050918534,161.7516851339156,296.0777071341594
2627.801855717427,-1014.7376956921364,-9.624687004598465,308.7357007602896
1901.8315300799954,-2563.714136220587,123.24958159025704,310.26013689594186
1028.927063560362,-1165.7481358689552,210.44897194616203,295.3820174573553
2723.9580767531124,-1108.0473564717513,197.74646353038307,303.8709445759387
2906.8944817911497,-1046.6345133637938,231.30979037239166,328.02341771352036
2994.6599476848032,-2404.2022576684867,-7.867730606814295,333.20677713812813
1593.9493530499685,-2002.8893983000394,222.94736155521167,311.6174126498236
1138.2366950627584,-2674.371767091362,87.40331562320702,328.33264785251026
1232.3934011236452,-2955.775555226574,24.46207190102983,301.098548845589
1341.7702427741267,-1291.6012042546838,197.51027122146994,301.3134878834016
2790.699435510034,-1673.4852216501572,25.972632313772223,314.7585291049378
1574.6007397618484,-1888.1974535022164,184.83215101278915,303.15834597332645
2181.045701218054,-2502.4223616444297,211.78834748166324,317.84623542145863
2413.8734503297587,-1728.2822676862113,93.86684012090029,338.6572119023876
1905.3665668847134,-1183.4748141171503,58.66897557128537,324.9167486743208
1452.7380347474489,-1840.3323771352957,-0.6125418717152282,300.58672071348025
2848.5715686604663,-2421.4255830161646,85.66496417436443,337.43802945111645
2169.1324106033735,-2341.1289004320133,64.13558470309877,299.9478362933649
2201.9198909686775,-1504.9080946340953,222.84811714814464,313.15432807998434
1372.9327504436503,-2071.641056106905,24.115380880705594,302.2122525657279
1865.6651754050663,-1921.7076713556312,225.4218269943118,310.62371240408163
2741.282571292165,-1457.5616135291111,62.38732585871287,308.50590930186735
2343.5182726368575,-1654.9283964069896,28.924940955333994,298.50017893467333
1786.1351503086703,-1408.175577086408,131.09359152746603,336.4436378950127
2326.6403830328973,-1256.7409810242218,124.02622007119734,318.8247969682625
1570.4932593809954,-1379.893756193662,220.24804876756457,301.4646522636188
2995.6221864648032,-1150.1657939418474,3.399628831967604,304.98334057375104
1450.7782653797622,-1451.3842698321598,72.83110182016371,317.41942903275964
2972.93329496124,-2148.6666258306755,35.293257019203054,335.87136065296727
2382.0135600697877,-2691.515824225472,178.8595214520352,297.0740939417924
1201.4411119713122,-1522.7402639405934,112.20483596768321,308.0819499467855
2949.5441363906452,-2169.1251129456714,127.04846283103666,338.7659714331593
2638.7446081683624,-2488.139577039137,246.27557130743344,306.5206951748171
1679.2885637823554,-1870.42505129452,66.64239049150845,334.16090011130194
1686.6560002633182,-1834.726954738258,219.91519904148555,330.338355862122
2140.9314079610294,-2121.659225263281,186.53461624100035,333.5077071260943
1255.6910079440431,-2267.4389810290304,119.87517308822027,303.130286910297
1663.1317398555423,-1166.027089432536,212.85168068963256,306.276534719459
1608.8925349483884,-2647.384490254938,64.78729865659103,336.61672724511357
2805.0067651303116,-1351.448322445674,213.74738260265576,319.67929049248716
1556.7178248633377,-1785.6134336708785,97.32279653677945,316.8494247361752
1849.3960571202051,-1322.8623079782549,87.37749252458688,303.846339548726
1806.3232054143264,-1330.4486652323603,106.79606117687298,317.2334992873333
1465.2783576961858,-2545.5747307190754,130.10587230100194,336.906606219177
2396.8968507981526,-2832.8828462571546,145.97790608200782,306.44688290121707
2449.5264327291015,-1416.3987076030412,-12.294137704477745,296.9719857445915
2468.2042042537314,-2318.778697116225,14.299853395907505,300.75542017695517
2749.7567756482376,-2574.564024197003,213.35075448020265,314.21986889932407
2999.448450406964,-2319.496573487566,182.90129037630865,308.757398780034
2691.897405839088,-2939.9495520979954,207.11492355598057,303.4793390533799
2562.68965717069,-2161.297819135558,40.293812730156866,304.0644515862119
1087.6365002797195,-2206.576915877163,-13.890422743243239,337.71272718732536
1451.7417417862298,-2587.893006751874,215.27981740549524,314.485832632621
1849.4579076428195,-1048.0849976052396,-1.9089059162717614,317.91542561414735
2231.8463324521917,-2502.428795820287,118.75863770146563,299.1617242031203
1259.2912288255525,-2235.7387599979934,256.25397162301516,296.2759267327452
2092.5616712840874,-1414.9249097800591,72.52380449160806,323.2619306893372
2331.893024545125,-1357.5029087096468,-6.400849770543491,332.8450114358648
1044.859415269547,-2179.3938931365506,177.06171645908833,311.6212745049203
1036.7614921719264,-2885.8342623543995,93.28583293739425,299.426364629014
1869.8439683960073,-2380.766977552702,96.7667581465361,332.4605978389892
2178.5905491951444,-2369.745012735007,191.9313577486144,313.2100262338923
2133.155353563395,-1832.065475847052,149.44565975472435,336.9009407017232
1190.8910128729299,-2832.5617497880608,30.88093254137508,307.72432358569625
1550.3493698790553,-1513.3312387475141,31.63171691385807,306.74849031867836
1102.3294093403406,-1979.4969382399265,133.4980056538808,311.30111403297957
2460.9497993235955,-2904.78635204403,211.5472083695442,328.6920730721227
2759.6116325636976,-1673.5215523791662,144.94295984506152,304.55130868859453
2710.00004540221,-2190.520955868001,2.1803227755580323,301.7452373509527
2622.534582438383,-1655.7008790537152,123.5147086466076,327.02146818475654
1456.3949971471147,-1601.1026172203738,88.60449873843878,326.171984907572
2538.89399581986,-2057.4850530057074,138.36835441715144,333.62407974057555
1583.756661261782,-2074.1904111796475,156.30832594397756,330.411649993238
2686.032936540809,-2585.5376012098227,136.4071238496594,312.5989818770044
2457.702490504207,-2300.1155213654265,11.866721460646499,303.2236525262443
1288.0159390010858,-1032.8042418489179,44.382107314551426,324.3689845043123
1931.9226336312097,-1290.09709092199,175.74802254256718,314.74306554276086
1573.0816094238617,-1185.736748394973,47.99653374727509,320.2647427690895
2048.0361963940777,-2186.7439809593075,225.631898465934,329.8226483054322
2050.140316340434,-2517.8089868067864,49.49530381304257,301.1103647659523
2300.6446371306783,-1696.3116802191955,59.70377347092372,302.7772599611066
2058.9562618038267,-2726.668752977348,159.08308649364457,317.54014894313036
2350.368500777628,-1695.8990025488613,27.310009535237526,296.8506202522329
1795.8120306356627,-2885.689027897708,161.06383984157068,313.93369785647485
1519.7286971334934,-1725.7947159033831,6.539993878958825,322.49337431797073
2091.519160277664,-2795.8484727425407,129.56241901690973,301.31658113116856
2283.596916299535,-1364.1635740036788,208.78607709457876,336.6098867615485
1749.9517466533844,-2252.0306522698947,177.58808179171703,303.54062199658154
1474.0007981364467,-2275.9725125527784,40.95839270504181,302.8939317923049
1299.9304414205922,-2002.0041183449125,90.91170859889411,331.34087935734135
1063.5795155430985,-2989.3916077513895,11.339801029519677,298.45805357747275
2675.215440464678,-2358.2412768531826,3.756060958334679,328.2634463006523
2123.9138409437064,-2300.9462367017995,119.06809502216484,333.8047641950182
2846.2958794925753,-2720.864476801056,239.59331645433303,307.46615679264403
2002.7572493446874,-1300.009421690641,136.19731285616803,319.3145234762875
2237.553295383427,-1717.0814007929994,-2.1975743319394763,324.67354290004573
1853.8164647916135,-2834.553348233274,220.3979315029887,333.50211701188465
2085.6565479671926,-1075.236773411649,139.70551552496062,311.521354595597
1035.9574752141414,-2525.3611882789173,-7.894536961335544,309.29781071787403
1217.1531452037605,-1818.2015138255215,117.14935592413693,304.12211280587036
2739.3254531335897,-2422.617408617894,12.893915387143949,318.3246576745495
2869.384078714984,-1716.4699240229427,-5.420847340943489,325.3611083464375
1930.3906197739022,-1515.222097313515,148.64588656478608,315.7835219997156
1931.6928769871165,-1237.3027222104422,72.325358759994,332.6646507590113
1451.406191886522,-1476.206470752168,98.42926878367551,296.1661384325028
1215.8585946938153,-1032.549004119224,239.04692118811852,315.58207972184374
2052.044274222684,-1521.3812677577328,94.13663339652486,309.92419363813127
1159.2527360013512,-1219.881875196881,119.63531297141867,327.7488553860087
1295.320107505241,-2391.9849972723523,64.14664015458183,324.23053971771344
2288.971493376136,-1328.7008178291298,37.28185653484718,303.2082993895341
2672.2436925612287,-2797.9215269755155,-14.259965077538403,305.97982251007136
2954.3883487253697,-2442.2787875575177,255.0111384953617,310.97950538762865
2940.909722964644,-2414.748840015297,58.449980088227264,310.6903128422012
2598.5322956378604,-1017.6061101556136,169.8696447914719,327.30570446580293
1411.4292465455385,-2364.240819272538,203.14833206672176,330.3729217280466
1786.8469529307226,-1565.1408786370146,0.6184269919510399,328.73730401079115
2323.598774903152,-1999.9619037924904,94.3551027374555,317.230725623061
1662.407533964894,-1488.9400500184192,159.4880535822998,334.5996105221933
1573.8803419088886,-1413.0329124514012,195.70638018890187,336.8641590121996
2309.92081678237,-2044.4501624084492,129.60202250828627,326.9868298150459
2552.565564441586,-2577.2282995394753,6.93209926305849,327.8511658243686
1876.367682738312,-2945.090497667466,56.520160891184545,331.58901142161153
2054.3126404222994,-2608.6140485840124,60.617815765497696,334.83812123582175
1229.3218325173507,-1000.401792932239,222.99424530242894,305.03579898391183
1876.1039325292925,-2138.338158671146,82.7472099382588,334.2894470354732
2256.337660501386,-2302.30114522546,123.8530139734514,331.04379543584207
2747.832848268358,-2445.369248484995,180.96083145598928,308.5031672750307
1244.3814152688021,-1926.5818015615416,5.732037169611818,300.0887266275933
1150.0704133034715,-2617.246761659291,150.98978497332186,306.6328187984343
2225.5938945480175,-1369.6238354627537,137.9451886684109,295.34151897314183
1822.6341656524219,-1952.3252717820715,175.92055690152225,323.8582255881587
1564.7887280872437,-2297.1252185056246,231.27124712769964,312.0242651087285
1777.766956203113,-1065.8322088866373,112.93987364516633,297.17480297750734
1978.3030650368796,-1810.0105810636376,160.8691841181137,307.60569994307366
1955.3070050857368,-2171.9259675758713,147.3484901234065,303.5035912913518
1744.2682679903962,-2572.232926209671,167.3055845270125,322.90903818895504
1411.6897880956249,-2521.4317134813773,146.47104264551157,309.81947175929264
2773.0955474610655,-1968.89035800277,186.29506551063642,324.15461745254834
1797.309173511932,-2123.8987070783623,82.45952614882084,319.5724338157373
2343.3281627725964,-1464.1523010143878,145.4332732826009,305.2033946828556
1934.2058876917436,-1016.0558720373072,38.532618764619514,316.0377297362937
2094.8902620336466,-2923.5694626355244,200.4117388079407,333.2251307848624
1398.6697191448256,-1065.188704980186,116.09217956242722,314.0505924641295
1332.2237515224024,-1849.9511169926482,103.6144837402604,323.41309987646247
2380.7659945133573,-1543.2025408717907,199.91182488145984,332.3076701699273
1078.49210272353,-2058.3236586015973,183.71775166641,333.63122526779705
2105.3188802399304,-2070.737488939314,91.58436868562504,311.4885592527607
1052.7105444876518,-2698.185818201264,119.94664040186547,336.3238454707865
1070.2124859027122,-1025.237779878333,72.79073840916193,319.994809608554
1485.249796422182,-2003.2477320661687,227.12671624275808,337.2062339397224
1675.5328032286345,-1047.5145881658966,172.28835682192164,335.0192090615752
1362.4981023377945,-2104.830563992712,0.7991673064696414,312.26153146293274
1548.6654093299185,-1683.71453368909,34.96429876321714,329.47075414717534
1431.5533681679594,-2710.8084002063156,68.0015736104596,298.7348854353419
2319.6354107859133,-2166.02494776728,47.146240655231395,328.66380031209326
2451.784874331286,-1545.946199787202,121.73256805118942,295.0968089723247
2699.0122028706433,-1508.8020228815847,89.40198955515072,324.6930807903245
1378.4601047840022,-1844.5256703576863,-8.735145514280433,329.9525667831162
1713.7414168562032,-2577.508223811205,184.53173364271387,305.07260470227055
1468.1419767332686,-1393.2292489115093,11.043766133023457,325.8134663730394
1914.6670701982105,-1289.8964936623797,172.53270969443258,307.4275489830404
2625.845226092708,-1717.8691406275188,178.62790489340048,323.45339926348305
2978.4095651042935,-1920.4365320607856,106.5962842322194,331.57879977146024
2202.5441815917065,-2658.299884445978,193.02002363138743,310.60389638290536
2137.093928047706,-2127.327710571468,210.41952881305195,312.34800374684244
2476.4946356578585,-2918.074877049856,201.9672522239553,298.6142644603438
1211.0330877580784,-2780.916592497565,70.7337338628087,331.36906675775543
2248.593387863276,-2233.4303140377124,225.70633665242462,301.47531036650923
1651.7633053101893,-1983.9531609582916,244.20843129290108,295.24817767218883
1950.1996353635025,-1681.32857805277,101.8539912828751,307.1657782731458
2911.317527325741,-1605.4445483239451,173.4768300009022,315.5897751608292
1058.3728064879901,-2712.077103941792,185.37793080161893,325.9634554005206
2356.637123022313,-1215.6367247148512,182.6663572189987,302.10172218337476
1236.3607951885074,-1899.1686970129572,253.33417379836544,335.4601205922098
1850.875412013866,-2698.3923339128055,59.058947140058734,301.0575558112219
2282.7433823643587,-1146.1255559995543,208.35828140364626,330.79273511266155
1199.996936680825,-1168.5543575454349,132.4494802854138,312.14717928696933
2768.078893926082,-1931.578471176785,186.0441174237409,307.4641520397673
1407.7954123223262,-2914.249152523357,25.64787546168659,325.64432323168404
2952.294175923197,-1933.9540673806328,182.46208076610378,320.71111156163727
2448.535727799839,-2959.74684823036,231.66566056306783,330.5353252699012
1578.4584355277352,-2411.7200268931683,172.67499922969068,327.3227918469117
1416.7597748889993,-2124.359582854965,77.0660418992614,327.32172261106547
2557.0159352492847,-2073.7109440915647,113.11000687649053,318.202007373724
2708.6909910149343,-2299.4343745029364,173.52303755704986,304.7057904911462
2001.7153597242223,-1443.746958297117,25.46157161587591,313.72866446411456
2755.3689215664435,-1887.6743125432931,58.59112327995493,299.72925573870856
1102.2032967453201,-1516.040279285312,66.78155893829532,339.4691105800838
1305.8489867840037,-2638.520428118783,181.96331488433432,323.31568887264297
2640.5406689673127,-1130.5792169672418,239.33599112831416,339.64179399001216
1287.4972559610342,-2127.95781482262,175.462762705473,307.22366549486264
1154.605658351886,-1237.225845163033,139.25650298587138,313.84473823374776
2866.230258293527,-1042.570559254134,236.94507017911704,331.0307079472899
1655.6858916132865,-2094.711323771367,9.503542427759253,310.72268696171363
2664.981212733651,-2216.460772498776,82.81639516738475,303.711597745458
1893.4619222110382,-2467.9924867825375,94.124514844479,329.5529356525482
1395.3130643198094,-2027.101054220577,42.57398862998462,306.2027448366119
1578.3670464933302,-2743.7195773074673,171.16866784333843,312.92271163544825
1812.2446322013907,-1302.4485795731737,22.089040881015684,332.96343708248014
1342.347125859156,-1476.4106219953544,31.001960070246774,330.13247480065326
1002.0782636429661,-2900.3876191364743,-9.370578934896571,330.60712034291623
2584.395875824902,-2670.853142287657,210.64593696054777,332.44538567866226
1533.7714276552051,-2515.9064372215807,24.481947156568268,322.178956518022
1533.4040480083754,-1798.8956574728559,-3.9433818212758016,315.5395624908261
1879.1275675400934,-2418.9010220772257,65.87056609694707,309.5065252836161
1547.797218502868,-2234.5024267554104,229.4138084405348,313.0043020075602
2733.650248479619,-1950.1946442726346,-13.616172649140834,334.7138318823462
2148.975541910896,-1472.1144817833488,87.67271509172456,300.64605174846486
2866.9954802639318,-2954.181332446067,245.61390230392146,325.9909227931509
1508.3165340031237,-1214.86682461391,70.44972143203175,339.5645203503864
1082.381072167639,-1137.520862449412,127.27187707080995,319.1911074322421
2231.1541489246683,-2881.3141959713,35.181736985883,303.7145271516755
1621.3680081482257,-2165.6657714678645,238.42477967507543,323.6066752648587
2276.6578984713065,-1204.3929364826288,55.7213961329181,305.7048047624531
1252.4893294911503,-2423.7479303669975,83.97638834171751,299.5954989310074
1528.9314971776666,-2961.615643458094,159.62788235904273,328.91332892357565
1408.5179568580625,-2468.3900622689903,226.68316370847765,334.80977394702137
2068.791583758886,-1933.3806436506184,-10.275416083053274,322.47404933093384
2463.0535779456823,-2128.303284612325,137.67101547092872,328.62141647451045
1644.2754769566181,-2934.8650867153324,134.72598690874227,318.1237656786578
1731.3394619723913,-2041.1246792071975,129.30332209703477,323.2145209512285
2989.3597551706557,-2772.17955345145,69.73117592099833,312.7496958461789
1969.870716499266,-1150.1769606642654,117.61764893244612,302.3738284051794
2668.0094511481993,-2071.584575583773,86.06236794129522,332.4095422919978
2119.6529548931067,-1171.6180684514331,127.55565037021074,309.17702049595886
2219.8486342945826,-2908.846817419875,50.42025928467183,305.2117094068374
2962.737096432252,-1853.2356043358905,211.21092922546526,315.75890096771803
2313.6911088082843,-1607.1246859277028,14.03099360042572,336.95599059938706
1150.5089183771008,-1744.089462516155,149.66112794861024,327.3401875763777
2371.49688960951,-1094.1960849978266,184.75138086991902,331.6065481698716
2889.923611767069,-2731.7379482195383,8.462833623415424,328.30882859012
2922.179257260377,-1572.9616428784095,99.96113597474337,311.3318871097434
1431.120961808974,-1972.7426166259695,120.77658783226639,320.5007601757524
1929.3614285300332,-1762.7590523163399,14.411980107223997,337.76449194715894
2778.165676754464,-1586.6659098920127,-12.478348216459292,326.94268329067864
2705.522993525373,-2888.8180204080018,113.37249886492654,313.1338407495633
2730.799343904742,-1695.725044890737,156.0153816379461,313.3874690576706
2010.4943878365816,-2314.312158710899,229.1070125709236,301.25757649225324
1879.5980255437257,-1169.2574800413809,-10.2024812846485,338.01991426318733
1337.9605970355,-1805.7913951565351,208.85124452291242,335.95546069667205
1710.8702263859166,-1116.0441559425246,-12.717262764940202,333.294333088644
2754.5278496446563,-1243.9624550880976,255.63784706550206,308.6719501080921
2102.4868264679826,-1779.2332283264407,143.02656112510934,323.1426968358704
1683.0611980474587,-2582.243666809213,222.4444398143549,321.7908487642952
2968.3039444910873,-1887.0040389807025,214.5905986707473,313.1677862593091
1009.0516284397193,-2710.658988228674,7.5746022663477,326.5555696503789
2829.8459353248672,-2073.7825946567286,41.65986514221027,318.5918648191831
1965.2561382123813,-1327.3786474506296,90.89311126107022,301.88651100532644
1082.5364496549635,-2113.0236864409894,61.394056213938555,310.0797553249394
1992.4395067070614,-2483.7840876998985,194.74867297166105,325.11465709416575
2555.8161204912885,-1264.8961249192776,153.25999323316032,297.2176559508009
2549.4138545502797,-2426.6216943793306,141.33106925050427,295.96862203935103
2385.6984595871927,-1628.123938466704,-10.496044614203417,310.35410772476905
1682.6850265104526,-2360.9410095941885,4.503745538832902,304.86245153589954
2654.027364821302,-2200.539012566822,154.9220625659996,308.26766553045513
1652.213269359766,-1697.7811083079428,9.159734142354395,313.72260254874897
1656.438150667267,-1280.006932001198,100.60587549203306,323.05645146566536
2458.6826080185556,-2289.3122678223335,6.56479988036428,312.209779582401
1366.0637092869265,-1566.1466236359142,230.74808969574352,310.13167496155444
2481.4536732836086,-2285.3440447576445,22.01713491664936,329.91229444658046
1245.527332171619,-2844.898739749847,122.34102541518246,336.050301758219
2217.443911346184,-1936.917933675834,190.0981488621557,312.25554214508395
1134.2367708284837,-2518.5138348663427,173.72192826393058,309.3598336222921
1396.319158036073,-2681.2012160110617,135.62383552850378,328.67555597254074
2839.9746937931204,-1702.7761449708255,235.24360720348358,309.7244587065079
2865.362814535301,-2091.338204124372,107.3906039527892,319.33970071879713
1130.8299761612548,-2937.300801965262,112.20399316807952,339.41552313410864
2790.5830248958646,-1435.0214990169807,122.80631583898978,300.8053358806213
1933.8695364908474,-2026.0335779065801,21.766130488945564,338.6213608931951
2337.3397517755757,-2596.6879519172153,62.08283284209996,301.2297091028934
1552.7660446247262,-2034.0192921649632,210.69135341648163,334.8144596468137
2775.5904501527652,-1875.7532262532245,107.94656039539875,301.7430538947501
1655.9917333035487,-1277.801302076745,131.783775765016,302.2159117310063
2956.3989756236506,-1353.9827689722904,142.4450025753224,332.88266896218045
2327.710374684874,-1341.6000768654062,188.46640926937536,336.47921603903
1358.1550236744838,-1770.5784145521743,193.62371021251937,306.802646314803
1677.6205166288905,-2850.065125458015,250.97452395210053,318.6556542059594
2846.5662252551483,-2927.1924233859427,192.19265549652155,303.68796207889363
2393.6706731530917,-1963.7262205141358,-1.4195042437234182,299.91675098501196
1975.7061762252274,-1635.5199420848103,253.4564509784717,295.28915573686476
1109.6019919987496,-2327.6189907889593,223.7906384295043,313.90965311640826
2301.299532838181,-2871.407730549878,-12.696902963641218,307.57061906306785
2485.160938874037,-2385.6861685474128,259.5754347568759,307.84988127580476
1853.8273083723839,-2943.3619035831007,163.03957817769344,310.5138661645116
2374.1778171777087,-2899.001902518032,181.55287917359254,329.5022696101768
2749.3599873451103,-2409.7719856618382,242.13758707724867,334.61032906148324
2666.311092565304,-1163.6986463967417,165.4365539418706,330.3471015513755
1690.4523321017714,-2319.148157776236,166.08129990423666,308.39795814303824
1708.740764083118,-2269.9753636945934,61.48107720502168,324.8159221134984
1577.5763564557897,-1189.5580963261266,146.0266743574972,323.06110830080377
2638.170196890901,-1540.2078474186712,50.24401911503031,307.4606457052727
2407.861767667954,-1072.9751184774827,18.925960424790823,339.15448061575785
2382.985039485997,-1599.011549551844,114.63976884278341,311.3398929467882
1249.8956789093388,-1275.3346564794822,214.11898978811496,301.48410207406147
2658.733436148405,-2892.0389846913326,140.6006664070372,308.0940942394171
1200.707144451462,-1581.8578968542226,181.88270473366538,333.4924056399511
2512.461664256258,-1531.540929790617,72.87189202873797,315.86061680581514
2648.5327985481536,-1874.8992352014443,128.13469664565986,322.69158274930936
1219.1283320395833,-1093.2843494517351,24.335337702459164,336.03452857537104
2606.6843631579272,-1296.6343903377137,28.562852733024826,323.6527758836142
1087.0015024342256,-2582.3128125355424,194.17657542185924,308.3737302236992
2421.434426434402,-1864.536373307195,200.18851287815988,298.3443353167342
1131.074905959046,-1115.779539426235,164.88801665026327,296.73118697776897
1474.874142238053,-1575.4616094020237,144.91480274936217,336.8328806817441
1042.2500663230117,-2648.804041956068,176.201780417006,332.40294120678004
2165.925860668115,-2762.081628033062,165.96650906522467,314.41604487750413
2230.8492982069374,-2875.749628749117,238.535624331813,306.84952443859237
2360.980271742814,-2787.9915783469673,73.4779918931075,305.08086823174045
1886.2762511544306,-2840.3652020464815,197.97176883384952,303.53177071574834
1708.0613022268635,-1867.74964137108,176.51116310752903,319.029628640872
2690.1954274189593,-2933.607171109266,25.86932460165864,322.6663871226768
2082.997047697243,-2240.952461297926,108.75884608409213,303.9416471023514
2864.8544057430363,-2979.8506771880757,62.143497314220824,301.3414302872865
2826.1314666359467,-2882.167851736904,156.8946082063124,333.8461723117417
1965.0885945282153,-1189.9900099375725,227.4871130153695,295.84375043954356
2208.246910089015,-2794.900086081377,215.03736656122805,308.99738376316986
2210.3449730668153,-2706.3649830762483,184.46524930776712,306.449836048816
2607.223330160271,-2680.430752564861,246.0730038944281,319.9584761016617
1476.9943122066356,-1611.4363061012953,118.3029278422851,337.33450774577767
1503.003318492285,-2336.9908185807326,48.475517685877115,334.326035511506
2941.8515222729907,-1677.1827218292656,120.14381889622632,315.85734756801423
2998.7156506106967,-2576.4390568171452,218.12672243461896,329.1025511788321
2073.421600554611,-1183.459838460126,111.48217770389186,322.51288458936784
1410.6060352750958,-1776.2398002133036,154.21253555680798,328.2702244917201
1449.498322893504,-1919.861596202224,130.02152726062945,302.76514662990735
2772.571200463597,-2833.6723095981765,206.5260522476237,303.2047590477701
1481.4964948443119,-1080.9711096600481,192.54414648676385,315.02651003152994
1797.0972868843123,-2178.43659999619,124.82979142053537,310.3517483998249
1303.7925521444727,-1035.9526264582569,136.49746846641568,335.91505267862004
1616.9021659312195,-2897.9500742835917,210.2074864469411,318.8801528900727
2258.6715274734725,-2271.273928396712,210.73398023838362,314.9973565783839
1827.2294597068803,-2097.333824033113,199.4984140731466,336.24412915023197
2178.443954111653,-1018.491373914577,108.00627377614755,339.22611351972324
2689.272866847372,-2240.5491393341167,80.9095456981351,318.1137644362367
1048.1904009990517,-2055.2945743279643,160.58898005772812,339.9582341037402
2875.400641924304,-1975.467962631012,19.12768925083698,299.22030823664795
1804.338054512925,-2053.749642369223,163.4020805189794,309.88462879620783
1887.6903672330595,-2759.663153159825,43.78985518013494,300.75875735456725
2989.0075349584677,-1623.0287392955454,43.071572299240934,307.1914723401899
2914.9532524833903,-2228.414388250292,86.52388735442184,328.15724751599805
2044.3782415268436,-1721.1247336605434,132.05955917487424,302.6666684130365
1583.884556328439,-1186.6087361417551,183.29792803620302,320.79344533750856
2832.8442267820196,-2762.1983006654746,190.21651233746923,297.66171585172157
2761.9568108260446,-2227.7092809445385,90.70757164328371,319.4437099100877
2557.285923016235,-1260.7615095294668,98.1697754582427,302.85028640850356
1322.4484426257236,-1772.0865388241532,68.2641591588933,338.8381465825647
2173.5398035263815,-2707.531077793641,84.79945255512497,299.57640375474705
1701.4799435410227,-1046.8446334753257,181.52112435793472,317.98960240365494
2821.256787683599,-2806.0500669483595,48.570784061966776,315.045430129617
1283.0104785168746,-2144.142890964939,26.45463789524411,312.81839115679037
2713.9228465721635,-1909.447474490917,169.45314117801388,302.72728272653444
2972.245344228855,-1720.5362706245187,250.73124744641092,296.08178506077957
1834.8107944361282,-2018.0016694037959,70.6865436315885,308.592272357014
2062.0734942258514,-1577.282059464695,61.01621273856368,301.6098620296383
1985.2526364109353,-1474.336658177854,72.64860722898668,297.5689550264008
2805.7360184240088,-1045.4196535925769,41.40777821168551,300.1301109518932
2968.5805557469675,-2710.7013082037747,26.394624572673358,328.8058318390864
1812.431561366971,-2933.343107008962,79.75983899368127,309.030674198142
1082.4151050297717,-1025.000942717264,67.98536576546807,312.1124564195894
1874.550086752406,-1253.0855726063303,226.75269948225449,326.31323768024265
1519.3503875843112,-1729.429215814942,84.09431226765905,306.9480623495434
2157.6353469982746,-2709.7142881066766,140.29872848645866,332.3737067548848
1593.2348748116567,-2899.819419986681,223.9682930777853,320.6975896220561
2161.056418218618,-1534.0074990404953,156.21603189982568,335.54477497747973
2821.531971259902,-1908.580929113537,24.554992546992267,297.91104136376055
1689.5353530312082,-2639.558432052368,219.62165647237856,329.35222555868575
2962.8939063349017,-2598.407631006838,32.45942554250854,299.189866405214
2696.224036945967,-2036.6542452853914,186.75279987987255,315.17096391452793
2972.1102040043857,-1826.2010159875067,55.17932040114978,297.4141741948142
1288.2649421063716,-2718.6745005150074,202.09538735837,332.93885057254545
2254.408965381122,-2274.1871327193785,-12.73189979969788,333.57737730913857
1645.1423361333814,-2224.3548967859397,113.66583432658359,305.8776881798469
2466.054870848254,-2127.781759052475,38.960987877391,337.98793224165604
1034.9901555492083,-2372.6125524548816,176.66047244717356,339.06803928067296
1662.837405382088,-2477.2409334490444,41.93213533650221,307.96809613678545
1049.041941180728,-2441.065850561765,-7.054269974166905,314.47499129012414
2315.0074622208817,-2410.616033234711,15.659898380212937,337.3413036980057
2155.0083023507855,-1512.34570314341,172.88549203509143,315.92908796073084
1169.8263342754256,-2229.0286312842045,45.94066942982325,307.1132290238629
2578.116816066732,-1095.900967974163,184.88933514519977,319.4134512313592
1093.1566804573538,-1498.176941680599,191.152738952714,297.11017705644315
2768.85640299605,-2984.078156620044,162.42309593088592,301.2847873800734
1195.3211395708352,-1034.8351179535523,34.15039152550627,297.0307433334942
1450.9887562476,-2681.84474522648,47.43335649294264,309.40952233621596
1478.527643115429,-1635.689424482531,93.85294171264404,314.6172440793277
1290.9378985748335,-2331.477820028871,116.2559183218608,296.0890482277101
2480.26678997005,-1673.0861203290124,55.053513092922145,299.88332871164647
1148.1423893273736,-2111.8175577584043,175.60443966196766,316.39992071904294
2827.835490120882,-2595.3885540005053,38.79114561985669,299.6733707547537
1580.691331438753,-1746.7023915315683,-5.210603214552151,335.53944795183526
2389.493773528765,-2720.1214329489267,183.27604092512703,334.6022865777473
2244.458830792464,-2034.2026723414824,250.5082778557217,332.6382016647845
1160.5158345558384,-2072.4374306412747,12.404414247428317,335.8571418824357
1457.7859095543367,-2021.584923655552,63.086369765129916,311.9462437098136
2102.256601241039,-2989.852283962737,177.74691409926467,332.61760568167773
1207.004874329515,-2512.8484340052605,204.08772092921325,323.3856462987555
1959.9484004387486,-1004.196440476617,60.275859133248346,319.1163257282842
2306.7702743821987,-1158.324724825758,152.29030281403604,324.9516332973858
1599.3060250520277,-1723.7434525925523,249.45076507381526,334.14950340041247
2017.9207564584053,-1893.2900664309545,27.452591371979096,302.9635181623695
1882.7849360207292,-1652.7694702795663,167.9861446067173,327.74041629248364
1841.9108441579694,-1637.6416066395327,190.89685943146785,337.75975471870186
2569.4179625847332,-1614.3666914672476,235.11550840853312,301.95122697037783
1670.2097062036655,-1558.3550368398967,143.282126548715,325.5424626197704
2333.1129212671667,-2282.0807216119665,13.56007069476739,300.63599304506005
1408.5940035876888,-2640.741143842659,68.14596837434713,338.4392059968881
1325.5898399138687,-1871.2305575283922,99.84531531017184,314.359157585961
2323.248763262375,-1552.6614471422683,142.51939028814002,307.3380004093565
1258.2486271705857,-2060.2755121191553,26.78848217514443,299.4960086744029
2719.2853133169383,-2032.578209385067,179.5446213417017,301.29543639624615
1074.2263164223946,-2586.583497536686,1.8767223925528747,297.7139435432605
1644.6814004987841,-2998.568114401666,-13.925823234926686,311.26720430194314
1256.4905321226406,-1651.8948537527435,253.33104185542896,314.23364339332306
2306.417759682525,-2175.725280578676,175.81222670605376,313.6179499948651
2368.2816107596404,-1732.4110125459315,120.84090261767167,311.3774448078814
1988.3874182584307,-1308.9561324756432,42.471315970014864,330.2513944982867
1116.3316470455643,-1334.2253348768575,196.86856440988632,322.3218577277971
1763.1687226713211,-1041.2291142912234,202.3832392596228,338.3521178148988
2307.580153260552,-2636.598749878149,201.98037077816798,309.0709554825653
1496.8042409376071,-2518.8746074008695,225.7746513843355,323.9244695469421
2908.74920459511,-2868.3676636421956,42.56869481674734,314.5402389180642
1617.3232692412644,-2818.3702232482137,107.96190314424882,331.3580815183703
2194.5378221989095,-2877.421868764977,184.97926321260363,306.4771845904209
2822.6714525582147,-2598.9777531863897,-0.6445353819189901,304.8032065591531
2293.5229947885523,-2707.6894038130336,51.94479262879334,329.78894026029184
2692.091767477792,-2310.7287574283805,205.311358371122,307.34906183619313
2032.5713616972519,-2782.5586273213976,200.88333987551985,310.9762827316603
1715.5200534973978,-1568.9471097648607,254.41678686399837,300.3984517706487
1080.6168557289107,-1240.645535038728,21.928217459588957,297.67324430145675
2901.9112424570685,-1569.8465731390518,72.4711300348097,335.2521884204057
1866.7178690487517,-2547.02059702912,-10.611497137355142,329.6950966238466
1427.8114764090212,-2138.3521784237246,113.69492629663256,326.2411108950666
2289.835754355079,-1139.087702427486,252.8065297906969,317.40560725721673
2353.8198744451374,-1032.4933388106529,-0.3334038132786681,327.26579243341007
2273.678159624709,-2568.388462100628,73.595753531212,338.7147744606956
1379.7652086059684,-1232.615807623166,139.85208905934635,299.80679497339406
2869.801278937781,-1525.8172609599505,219.1706342125425,337.45651899684657
2509.1351875014966,-2262.7172102092604,252.56560507143433,326.06959721940257
2747.8056510069337,-1416.6962775638067,257.4521498876088,338.522663400861
2624.9609368329184,-2062.0942996714034,223.1274106364549,304.00007009949115
2336.5958877124235,-1796.3545527693695,2.9079698449536124,322.63184980849775
1119.160776017148,-1041.090208154039,211.91157343725615,319.0059027801695
1996.0072142387862,-2939.436845999637,46.450779196395885,321.81778134240795
1807.8712480934876,-1947.9371672624004,232.2983851475772,300.4585844123348
2393.017687288446,-2125.2558051938386,-2.5836641062857026,338.0325008890202
1995.4779363697266,-1072.8869825842528,43.72959613534643,339.4640709517819
1620.1894629320527,-2261.5469587437947,83.05692806443656,315.5614506533556
1587.2087344679207,-2842.5816357262925,0.9452687413588592,301.702007603766
1659.1839818298972,-1891.9548540350627,142.41097868688303,313.89212712191517
1804.1273098239262,-1139.247753273473,8.056505278309029,297.73384927402236
2529.6559930437193,-2007.9648477661199,16.72860328244497,338.6546141100174
1748.4592976471527,-2203.8437898194416,154.18509376045466,328.99527403252995
1738.426030124347,-1826.5774157355045,217.04247429983494,299.3976279209775
2715.255652269482,-1514.4072521282521,190.78708433146187,300.5327837254043
1090.0439381415204,-1630.6987555400137,-0.2730045415756912,308.2480570807928
1765.2367832830419,-1583.5150790646387,242.10436179483958,326.21077491950314
2179.56006604682,-2181.7138626432165,219.93881786150484,298.3173090756894
2111.6132913882184,-2295.5873473745046,98.69054831285182,296.9118862735142
2353.669577058647,-2193.76076473967,206.4006125023883,323.92155723173113
1847.8824794451107,-2906.152503753482,106.79843857373388,326.5805238596066
2629.2737067311423,-2103.482014840521,159.82859837799353,316.88953427708606
2963.8289452651034,-2710.7928290699506,64.79005937680796,302.68008018426355
1854.0725212289217,-2379.5456153117375,103.97381781756745,336.2663018257282
2937.958279806617,-1955.0301672872301,136.35750521187143,332.2555200405705
2092.5847610083424,-2061.4411706942005,54.66982098918298,309.01105062513255
1521.3402673833632,-2912.9705215322856,176.54890651992145,335.6400691813823
1380.0629415269868,-2100.29316713893,174.81470244016748,310.6996057297078
2270.172454198135,-1311.2753164021235,82.46611168166467,335.30347625978385
1216.0804017342552,-1708.3486518965674,-3.2584692745019943,310.6286531973819
2274.0172819700533,-1557.3774941187426,121.78016194723926,314.5135833387935
2548.462610119411,-2100.258128373943,192.1378112152992,296.96659394422824
1118.3446701028072,-2872.8720077944727,65.80490139047826,323.44599326030624
2246.147177089587,-2721.484460333409,167.49115721067767,324.96984742663244
2787.097620135567,-2681.28543555852,250.76565017226108,332.0106756881912
1348.5694658846328,-1883.8856727133632,238.04478123314323,308.7873640296253
2492.925164402048,-2766.6170863063858,228.17898100975597,307.64174026695565
2423.1703459778814,-2956.0643214066977,158.4395427393749,304.0559408190528
1059.521653808523,-1143.7318756560253,72.37766236720246,299.973632564881
2467.388444878106,-2760.5469165676977,106.82895811193416,320.80594507063273
2868.208522201538,-2745.128282488293,133.90558447481786,295.64049616633326
2734.0316059555726,-1099.93956909361,174.0353844341706,338.9270360628219
2569.771969174174,-1024.721094857919,201.4132018459227,323.0922378078097
1200.8916206215943,-1346.4690540851645,208.84816921190335,330.24898300208633
2354.201369029928,-1552.2029577922053,79.40947032585511,299.2001611481783
2224.9846779128684,-2407.0583058303587,37.39052983759842,297.7961588357512
2427.7100210513895,-1971.3219713085405,175.55369362693236,335.1286588067293
2776.8308257901153,-2080.4921645822283,189.9194917910636,324.0580248080407
2057.869937387325,-1452.6209524394037,22.888450786577927,301.0140083908704
2021.6314462520093,-2945.70399285275,122.02382353133126,331.0299357228657
2120.584298401902,-1202.4505650738981,242.67513050435048,336.68107530024133
1153.3968146094894,-1274.4252743405693,232.30405196685712,324.72082483385856
2949.146366357617,-2271.645373954133,133.28150750895477,313.55178934999117
1648.3536069500035,-1433.264532991309,24.774677050066394,331.02003799449363
2811.64364892083,-2959.6048816212774,124.22805043591907,317.9131846823073
2051.4870026573685,-2095.559824452803,223.00582556350219,298.19863071832
2802.011736599543,-2923.9668707272426,28.453638372856823,335.4865057319539
2827.068945035246,-2499.1704735284798,255.13492693559232,335.42598525281585
2970.8451528337196,-1872.497665008519,188.81595619819447,322.4975696669433
1335.7731115436234,-1278.3936721539078,133.36101171959243,337.55358428289924
2170.2450559367653,-1292.27983237165,207.64202390807202,307.45239588603874
1812.6176319599874,-2534.738125599678,176.5328475174541,339.62151156786126
2962.545871079506,-1710.3692125648945,137.69819302451094,302.74977882316875
1364.2355227071184,-2748.653941198626,93.56579302863048,324.93607639579204
2860.2099530141263,-1094.543039064182,23.32410036644015,313.9793537801294
2930.290364827928,-1757.5743530311224,91.42228826109955,321.65170089818173
2902.05148426512,-2905.889692197287,114.5924787529905,318.7318158397241
2217.2914169663486,-2500.5799734199045,141.6271982126987,333.81594896432387
2473.384281589274,-1998.2217631623655,-1.0591866816825863,314.52990989206455
2548.7705705534536,-2787.7019154661175,141.1557854120784,319.7668798390085
1665.3673221230133,-2953.7171818298148,205.95854994712698,336.38831320774324
2940.959238893033,-1576.6866941506778,163.8969037460074,306.72059574027844
2475.315613039849,-1724.2432935634113,232.5134393374047,306.7223402900743
2231.4528144318565,-1412.2407543622417,98.07971964281768,332.63682307476296
2458.602355975242,-1326.9676072466611,156.67374655173552,329.46460301959473
2521.0075554830055,-2560.929801450907,13.597768269091837,326.1950515498515
2223.1512702330574,-1243.1272834442602,14.46960830481634,298.17547317775126
2237.7730804148187,-2874.5448547896826,227.37847741458538,305.0039492716101
1323.538074024863,-2026.6424062134467,128.29116900089713,314.43714579103096
1240.3200528052453,-1003.2125721324496,-7.109844104510915,298.436261373096
1248.967189483962,-2539.3616541201413,247.86277160985765,307.52085233651763
1357.4993582479337,-1472.0819986428937,141.50041948210824,318.82669929368774
2459.7110886053665,-2710.613581907142,114.11721961194488,323.8951527864996
2084.7329160592813,-2289.625775038117,65.34417484176916,301.4049594424613
2023.3986267756088,-1414.3264681946378,-6.369696016022067,336.1774727235682
2598.1203432036546,-2723.933844181988,35.34619638778703,332.9417077568949
1197.6618263756154,-1992.8551675023564,147.20952803736537,332.1516267116737
2665.5132237426533,-2083.9810542848018,211.40592922390817,302.5326296190758
2159.7123855847667,-1298.1212178014428,-7.240649283989118,298.6807893093186
1282.6301113004808,-1248.0266083036527,75.11133174160673,317.20603586343293
2820.3363320947055,-2824.819246776937,256.41866105973355,308.748480061915
1743.7309774840182,-1516.6547106227736,33.48883458527064,326.1837416204203
1045.347638319136,-2978.8181320097,171.4068179778591,315.8364700842581
2046.593073548376,-1987.6930665594195,100.93091972867462,297.5391192586593
1212.1565274468344,-2989.477798688872,202.6619287833174,327.4819001178991
1988.3727479254244,-2905.624163864275,183.44664876631592,332.54678564668643
1840.7804935931458,-2830.9209147916895,70.79424146685899,309.3038678703594
2975.506029714016,-1735.375005158986,188.35669926184548,318.55893673770174
2529.179924535299,-2479.54259721604,4.888909521990357,319.32842093913825
2991.1774549157044,-1997.3824194855993,66.90461335657501,302.857106043866
2928.259508452287,-2445.456222551076,94.48586346087043,323.9515660362432
2736.9262248011732,-2791.8486581029283,223.39130494882536,295.3155339432409
1654.3680756152858,-1356.6280696209562,34.6928471922332,315.1888663683585
2573.8685295736013,-1163.8889574332486,4.891072108217756,324.5334769852399
2203.4031249026884,-2170.925037345395,249.26288051410722,323.51475924935767
2119.558469396531,-1896.0324575483198,146.10782784596776,321.80653561660284
2217.522868509156,-2069.214267149861,81.37944460846758,314.6135618308338
2535.5369053566924,-1212.5671169909515,64.9050717991575,326.1985191273151
2741.171202618637,-2030.0197111198565,139.9585891080926,311.90105900631283
1323.1931068347994,-1046.454898199669,96.69989300125557,319.30550075083704
2129.732181231505,-2469.067808548498,185.05062038778982,312.67941079433865
1130.80128253436,-2297.548368548062,33.89799118674752,312.62469528319536
1303.8744396684065,-1640.81380441433,83.74284956003763,330.7592397412368
1559.529743387563,-2848.2305741005243,230.13701615990203,309.02229373071657
1125.472987454951,-1414.2735064281794,58.06494262753307,316.0117073873367
2631.77016766645,-2610.785523491589,159.81306671437451,299.00658914180525
1831.8611705165567,-1620.831963802584,194.37739904550943,315.0156922370007
1956.698621362252,-2388.7006788134986,32.25663028241807,333.1359303304773
2280.3854409236246,-1742.1985768035627,187.71643337601452,338.03909511080093
2167.321743702689,-1028.550220461513,28.564923148919576,321.9184187034885
1446.0597841094025,-1078.6570424374818,244.00694341958786,333.7979788530321
1231.9492646505896,-2681.37494410419,3.9911320123278458,335.647176558276
2265.2120866628784,-1100.6919715920565,97.4098850856724,312.51309093120483
2138.9345406667735,-2411.0400705262873,67.58233011492362,332.7448100721578
2919.542495967075,-1606.8698908034849,77.90254757305551,333.68082206702434
1614.187178308226,-1308.3697132746381,240.87465890844743,333.4245193012952
2590.697000949005,-1663.2684436829265,-1.0243198348079634,320.35604959040086
1869.2099960663813,-2568.3051580602732,243.6674778633444,337.3704972351124
1127.0929420946234,-1969.477262894201,122.34925292427545,320.7923793771255
2112.2880433593314,-2597.538909492848,47.724528122813666,328.36184701926527
2044.7526822100363,-1152.8874799342,193.86669588029355,325.33569158421415
2518.483140576878,-1331.277329925856,43.310634250217745,327.5780403302071
1289.811429700608,-1801.7038345487595,165.04259952229887,307.890534584033
2819.411537626376,-1599.7339609384785,66.5772136129222,328.72923360970896
1364.8021077999213,-1195.0407152442,198.50976568643722,333.20068570930476
1998.2287836887365,-1106.1842072323284,186.24594214457227,327.43343487288763
1212.6691831618089,-1587.4516841947786,124.06064488126822,308.2369125627891
2066.9821046240686,-2264.432962630299,237.3249652823775,326.7163289116013
2419.565556747523,-1369.0890644504077,111.02493905299103,296.2298027545894
2676.569944315488,-2223.6903863452426,152.2091434346109,312.05156185802707
2080.3343083192035,-2619.874129978527,14.78652490160744,336.68383235845334
1044.007838834262,-2410.480236912432,195.4580491075944,328.5458477160594
2047.934598629214,-2474.392229589905,61.12047924589257,325.2888334210503
1064.4313036573203,-2447.9359938457396,90.86268963624097,300.7591485730583
2221.8314940127157,-2774.823211957898,11.839200803188398,299.21293919635525
1698.16723654734,-1032.5519328166326,244.63515023033892,318.3032046247173
1238.30984826995,-1532.6078059381828,154.34755694251967,321.57490532552544
1833.807488777013,-1888.6147587538542,174.28020713190224,335.6479902279629
1808.231741991846,-1433.6771216013985,-10.365676351779724,316.94539445557086
1741.560024986979,-2354.2391321204796,166.84427931311285,303.50534987460776
1220.6139054445177,-1067.5496314474938,140.09659641908067,316.21189123980196
1556.4117099767968,-1996.289874186393,215.68301217354409,307.3684340931462
2202.607488115252,-2122.2676394177356,110.69588979287248,295.80736589750387
1404.8710296874056,-2093.6297449744843,49.539011885641244,322.60129392240293
1101.2224351342807,-1910.6842966937484,-6.196525801004698,307.3545042278342
1125.243230858149,-2978.1184541225352,237.9742709947202,300.5641259268806
1229.9306465154314,-1518.4853033044255,78.35586397179681,296.78023393826317
1810.5519357326982,-1213.6247471657944,-4.859125243373736,337.3459317486555
2523.281731276052,-1022.5021835744753,159.33724664795542,298.5888160351757
1279.5582727310712,-1659.8652652020585,59.76841739806822,327.078524780699
1889.5082351269336,-2294.7486563420935,118.42001602360034,300.7156336179867
2226.0655286682722,-1676.5221520328664,53.82377367292317,295.1595429287698
1231.1319829331574,-2315.050428544132,131.6499247980178,330.4148674794801
1108.5641840149372,-1750.2854311972594,146.70192031902477,320.89446536606994
1196.659221963373,-1363.584035541426,167.32267252201692,323.1828573079622
2657.9512391703574,-1062.8222265030242,21.756921100556802,303.3778691664082
2076.185071557605,-2406.8254775518612,114.69883242108054,339.130610769193
2833.967814624808,-1827.2637793155718,71.15250146848597,329.5738962398729
2789.035897523222,-1277.531817191566,250.16398339013347,313.75150342688727
1698.598809918833,-2814.863604023312,67.25100692967702,331.929928394526
2400.9020001705676,-2840.825409453705,128.5560126779746,331.64796239796794
1749.4016184530751,-1011.0531855885424,153.870109684573,297.51929618128577
1266.632830392174,-1886.8296715241434,65.97266925528201,311.46631272064906
1688.9526288755,-2418.7206136715176,48.25582459006512,333.3322643024727
1627.3071694474547,-2456.3313099604097,94.75097973941473,326.08517119104783
1408.1278921191372,-1719.7407643100012,101.09345756505954,335.36553413309395
1743.1897765320648,-1594.1110962539958,-6.452614156871634,316.92349333523725
1194.0551016714226,-1504.778039214484,29.90166986746702,324.31284577396144
1898.54477951852,-2370.575494106156,57.76452301537505,321.37412381542083
2233.6224403461906,-1900.7654225225174,25.58721724649199,320.25590283869786
1154.6851156334606,-2830.5572979030644,18.397273194411675,301.1174206562282
1605.7380918225786,-2363.962506737452,37.8574667391312,308.0731208883644
1853.9356093647466,-1254.8356935148088,229.98520005646864,309.99302532973957
2617.8935359366897,-1307.9668051752426,46.7596197487673,312.7531846505973
2074.1032026890825,-2989.295841991729,222.94431819932865,302.686101028918
2472.5733029155717,-2874.494750741209,186.533876572941,331.65281266935614
1930.9153459755619,-2914.3757276374845,154.31253268566806,313.1524336204633
1307.2712377179287,-2574.9616258115175,173.21298450811477,305.6325720778777
1331.5442712391146,-1661.1019441926285,100.57850645075297,304.5770428191422
1238.969272499611,-1667.530430541268,33.32785869987733,327.5439238696696
2422.8329572887014,-1095.2205641694436,158.49053766180793,314.6676299416277
2296.620487943772,-1222.5658647054543,15.293057807896684,333.2995119475978
1654.3609053195164,-1132.4280889011134,171.1205388749595,295.05245453605284
1140.779853078421,-1505.6676855765609,79.61621093385347,301.2459782070855
2307.841012149366,-2549.7267592527573,16.08102769416735,307.7147985226964
1782.412993281086,-2402.8034456586333,213.86987348285743,325.9079277629429
1776.267254484511,-1035.473933689308,163.87846125187752,321.30062071676616
1401.7531564421079,-2099.5244474004617,233.18421782156813,331.82857371049414
2021.5267781527482,-1758.9394260940194,-1.9706071451468024,327.4164057105075
1497.4783482270514,-1898.5224379971962,-8.937064413119415,295.4479145546107
1724.0071319429373,-2754.4587631389354,249.25065346652627,315.741301619556
2760.588105425507,-2857.110990093614,55.098054199696605,302.31627045387273
1625.7273400309402,-1874.291579848695,51.21075420070402,326.53606033093655
2411.1840296882356,-1748.9640703116877,202.8061386515605,337.2774944702318
1988.9754037732482,-2182.342278699284,-2.757875588309412,303.63233483483646
2266.242349470841,-1580.3921070195288,80.0589118720009,298.37764650469836
2928.6923356907932,-2543.4321175167975,189.95206833407107,333.62878146662376
2113.071525855723,-2460.0203553465217,173.0305491219254,312.7248739827677
1799.3151172126586,-1775.0705001000617,210.2745008772318,334.6646094426309
1281.8959412396187,-2856.3736470960857,64.0478100209516,318.5749818701665
1348.8605666162025,-1969.1094078337967,184.30049941269792,309.1260188845902
1808.8239559722142,-2889.833694878206,205.7738501567264,314.8789675945133
2067.416567547205,-1156.1867329246832,169.74819881266197,297.6728878230149
2962.951478079763,-1773.9796689108132,165.79581866641743,323.4126528809492
1751.8457933738036,-1428.2861406009176,96.14691442354743,327.57446194932857
1556.7785263628234,-1495.0522939233658,179.78897907514013,328.5086231465589
1614.823179588565,-1409.620593033025,134.63881953382722,314.01640183612295
1804.0972294397952,-1057.9762518023426,60.59946373420904,314.9673812690279
1701.705277870291,-2826.912269720984,0.24922025899265243,295.63179165962674
1281.6186306801505,-1748.3817053061912,52.04886608959757,299.45101173761617
1681.657125784931,-2536.6441906860273,62.719140442473034,307.84005038615373
2152.6706628749,-1518.5641429490743,18.491615349986077,317.6891701192868
1736.5562403637855,-2480.2122055004847,177.2548228409821,308.85542677818586
1699.9653531407412,-2470.0416931759046,21.959289989342217,327.6045924477878
2690.508411840695,-1457.4021198136734,127.73155979964974,313.5702967705604
1491.3995845562204,-2681.7729893443475,75.39686725522134,315.49831040738525
1367.708960555702,-2889.5860171843124,51.46271574036345,324.0579218193005
2606.5306506625475,-1447.888276148719,177.8805055471745,296.82053494011984
1834.0864654587685,-1268.4574945923493,46.542049510537254,310.66965971958933
1762.1062690462304,-2906.570485773769,121.3339110694406,314.948778540982
2372.7161113320353,-2371.275996382086,249.82101469361623,300.74568037118297
1465.1443190808425,-2879.718958856686,58.029861219027936,318.84273531768247
2900.90449365315,-1357.7136158831258,80.17642279735514,307.0877394278268
1239.2058394867622,-1615.088927890573,46.42391954548738,319.49209777956145
2081.0794084917065,-2228.328435779985,75.90907218154332,336.17619821418947
1485.0292082196806,-1203.669052802697,205.5431634280354,325.466025270321
2036.153728861244,-2734.5488207209723,60.53407563218882,313.2364716706893
1273.3586158214498,-2735.186332696855,22.174929373873795,327.1587735716879
1678.8268905761647,-1443.093018036985,64.36887335813593,328.4779981453482
1376.5051433421295,-1901.8020065121957,93.24473973682562,300.0318090531724
2684.841977890228,-2523.5907771696393,93.01132203855087,314.0869606595916
2803.9142037935803,-1201.647743010186,93.62435968466535,321.68018463263996
2293.6390573745607,-2462.8657946159437,55.30169273774895,306.8479619195547
1947.9232738663486,-1409.8683155318001,185.36476959596067,311.9601283048557
2439.3402231238692,-1113.0759860575915,172.76787465009957,308.43525033700416
1075.6308602233903,-2045.921548791177,-7.191827847657218,295.5866019427425
1421.9649438566355,-2427.1488540733976,66.57797586310738,304.0979943173664
2554.5646520546325,-1754.3973760718698,12.45362946105022,337.9410158328724
2226.431587568697,-1238.4681392098644,89.21395337721252,305.3592143946962
1006.1169686571676,-1437.2397591325769,25.73656013440648,329.43934388847225
2230.2648547716317,-1205.7710191628241,94.01255607755428,336.89468760002853
1337.1988662789627,-2211.5951790765607,209.6454690258491,327.2935759416224
1757.191998357829,-2463.008928621407,30.90679509546686,298.6942618070712
1849.167803497869,-2489.379832098671,118.77365707889908,311.44021699659635
2643.969346965097,-1620.0994189558398,139.96295371427053,316.13224684695393
2541.220394288661,-2757.9866817293846,92.23500127831646,328.26599991670787
2874.0302632539037,-2223.460622053213,254.62976111300515,326.2896430431948
1409.5348366017838,-1666.5630127771094,39.1738430710759,331.5396076770616
1635.792332559872,-2439.3319724490498,134.35175210570694,296.6539961642596
1614.1237257744888,-2452.383015110765,253.97658824319865,314.51825644072954
1932.0456877899096,-2414.9291321667793,172.14762825317044,329.3574309465101
1343.9001715748702,-2910.5422486020166,146.69977199843973,339.0761913484815
1334.9907050916986,-2341.11036540236,176.78552753298976,303.00433787447366
2444.3899316346838,-2686.673131839998,228.5789814912984,331.6919372343663
1234.1135295122444,-1170.1475825689754,194.78904868460117,321.54692023947035
1263.6442415276072,-2987.087211297692,212.3212921755626,312.4146180193847
2459.374075392155,-2052.1102201364515,186.63940317115643,333.715664209314
2755.2860852706344,-1555.6594841770122,173.6813694995693,324.4299376191664
2769.0173182210588,-1620.6865350547698,253.3060755156825,320.5927299814092
1837.9092945688012,-1893.8578802651655,99.4497217981376,302.418958696636
1797.6483053176412,-2679.3139386336434,-14.496231119233252,319.8096785605108
1432.4559201998782,-1856.3512510270077,212.3494410249236,330.9048401366831
1411.5864001795537,-1936.9331894014535,134.05499562090233,296.4515889955374
2339.168074669703,-1580.9591720360688,73.70671003763468,334.7937041650812
2322.105127019232,-1008.9499161928504,233.55495394559617,300.84686300408606
1300.104498745452,-1562.6152247134899,188.02222414394774,302.3668556663714
2822.6495195194902,-2429.346998190129,182.20855783135434,332.68755180784626
1937.453037470631,-1533.0306254085456,-0.9941530033825678,332.45003994848474
2948.210224435158,-2869.8013840502967,167.9855356948832,337.71712910595636
2413.4136588386764,-1593.7876020444508,138.85575312320802,329.8428566962528
2014.3612686651136,-2551.898826881517,241.68057789520753,328.10826601196567
1779.2509254675892,-2972.4141485126333,14.475851644853769,336.7126776202852
1025.0950575250663,-2037.100401204973,188.48736615431955,323.15844898334524
2955.6543485734287,-2849.115162356658,211.43399781429787,320.33319154626446
2913.214345051745,-2827.1350379683436,66.30448668449647,297.5466923682489
2037.105640406664,-1089.236744139593,179.27101803999514,318.34001236079683
2545.9105270369464,-2965.995929998437,38.78212064141499,331.3479050398104
2156.618668979756,-2582.371373424095,171.98329405418488,310.7698076744697
2110.180102884331,-2311.8296115202593,136.60865264049238,295.72393501990024
1921.7295144148138,-2741.2566781871756,256.2050451511429,339.4120719711242
2710.8895683556602,-1804.9921441233894,180.7852108630581,332.6943293225647
2460.231325940117,-1350.4899810556205,208.5144957552964,300.1379924808747
2751.6776163944533,-1203.3856884993459,171.7884024006754,316.3393406781623
2923.2979778833756,-2207.529170771286,242.20577487122966,306.68407107037706
2743.4888070383786,-2048.10109316617,255.89354748743108,318.13212259007497
2962.198890970181,-1418.454294768545,189.02775863209126,297.2521685709025
1341.3728381271333,-2846.886457400027,152.49383315822843,308.41178950613516
1678.1335608631166,-2222.531661478143,2.138567742761399,309.9083811790229
1757.545323508417,-2074.812810202787,223.6317450728243,314.033860871148
1451.1715494625248,-2030.4680939454215,161.2072155343331,305.80249322949
1496.583067298564,-1644.9058945033796,212.1743541700797,330.34421638949146
2231.0484226944764,-2991.9316490340784,52.64569906016666,302.5264922124694
1730.7065201047499,-2766.466486310884,83.05255059204893,331.45537416386674
1245.9385473858633,-2162.7941145439277,107.10832084090373,322.2928220816919
1256.2607791154308,-1209.7490995823084,235.6384620097222,311.70671312679184
2557.815833438278,-1742.313058107648,72.1433474120684,301.29714265945
2313.456040975292,-2250.8383083671233,81.5437380686969,329.6797896272101
1861.3054177975039,-2292.3478703916576,-4.297543052823524,310.172360690171
2645.824376351386,-1399.6280986738461,67.78572247257244,332.01364976154315
1090.1729865365517,-1724.0161119690479,123.18319774865824,331.6349684658581
1435.8418444735705,-2320.4040460790757,217.19056912591682,305.76692765043543
2598.9554880695273,-1423.5337446415692,123.96495873633862,308.7467787689889
1626.0188596940588,-1548.2055021644924,16.393237753651064,326.04616137586174
1443.7119176117042,-1755.3557960741064,215.50304367823122,322.56452638353244
2019.3981732672883,-2474.4462165550685,184.5821687335542,305.5653646530358
1108.082559941266,-1932.3946439052595,78.87436795897396,324.5008271324853
1677.9633501290173,-1907.112903814426,161.79374865384358,302.1047126610771
1861.6673289854496,-2189.6453537343186,105.34474243148726,330.6278449350143
1786.1055110461152,-2660.646280041148,107.52247099297311,310.54389349724994
2344.064022836007,-2845.082088718707,134.54911821831615,320.2369917365983
2518.113322833194,-1956.3937333924407,187.79612339447388,321.16499432792097
1752.2769117786593,-1786.6763082643047,106.6628827975773,321.5483368623044
1938.401582120426,-2087.6603373382204,210.2797416067113,326.14073065569886
2022.3366711545177,-1126.8969816769231,199.12706674087696,310.03130231129137
2623.2358423134956,-1485.1894352614133,83.31550910760195,325.7874897972165
1731.4804912037753,-2279.545108219821,227.2564832457164,331.0886182811036
1023.8725161728563,-2635.483471317684,161.18010949800384,326.2143819494022
2284.4795736147917,-1364.3509374303708,202.0971938346123,322.5160426433233
1384.2684941482626,-2885.5504433236038,64.57557599487897,330.386531596217
1415.7791992628775,-2646.8947002862924,222.47207647976356,333.23748175297766
2881.779290862215,-1565.0131487856827,-2.0340237902873213,319.34011563540105
2660.858070856241,-2021.3569303664995,258.52286078813074,320.91378048271196
2145.5937311891084,-1175.5184826766108,32.53517681220203,297.3259769368649
1661.4969765595831,-1791.648569152428,67.21972170725995,329.53423902175996
1305.362454999186,-2275.7384657490725,254.21439689946857,324.3990481383953
2761.1556626847732,-1879.0044341436108,127.15568357221971,327.57772276714604
1010.7297438762379,-2282.7729540947703,26.900232336965317,300.1495430822306
2144.8010690437964,-1688.509454158116,42.27536307063917,297.4270294571771
2600.5377542191673,-2571.786186115096,65.12468658333151,318.1474545876383
1049.4655029742935,-2374.4491010737365,180.48361017689854,331.8603925258452
1513.2009579116561,-1512.5771869453827,17.398389189375365,303.45342327090384
1677.3209486507662,-2311.3663713119704,-9.296888271525123,316.6614502328141
1266.7701240706656,-2840.0277086802334,38.86747346890292,300.14760808240027
2209.939185401101,-2397.2620358468203,36.2460797581407,326.56808870249887
1434.4343450426559,-1691.170959490478,125.21910089243201,305.8419841019568
2011.7447555333665,-2143.9423166491392,154.4189602812115,318.44220969053663
1993.333337767453,-1316.0128617920689,231.01079165745853,298.54681575159015
2131.7380733954014,-2952.884252466579,98.05844521698502,301.7444285980587
1371.4080951324293,-2500.615474467869,168.0442186209841,312.95165653388847
2110.1723741597784,-1796.9105445429836,10.662672537541102,332.93089257111956
1768.8546151417308,-1807.2727300878005,40.042874736362016,339.20831136941393
1709.6336914885364,-2809.3874668440108,146.28474178158095,300.1785956086136
1138.235319248325,-1928.9708915452584,97.10833180925191,302.5900234789184
1403.9409314783131,-1554.101579430492,30.350704581416636,322.29739375615014
1894.5067564696324,-2972.274435328829,-11.489978282310668,300.9592213189197
1057.6875128061513,-2560.811233278024,171.13848332910845,301.3125127393168
2001.2303195059856,-2534.158943995625,181.10029152206297,330.4414529406163
2968.906847847612,-2573.7333033279738,189.43013944422003,317.95626766847704
2607.945236742553,-1564.2365535754814,-0.056852085965426014,331.7706004239204
2154.734670805562,-1596.1331194888248,126.68599640182154,326.91873716083495
2535.946327574336,-1750.1590324436856,46.25645496693902,320.5734472822354
1302.9420049151745,-2492.817226743989,56.46794592665715,307.48197961598225
2010.4127946987082,-1297.1594997716675,176.310833530227,302.2272123985882
2810.363453065316,-2932.4312182687286,9.56529498781833,325.0037337676086
2765.842702668302,-2450.4884639717225,229.19359486071266,325.3324668486678
1519.6271534548214,-2606.9956652378014,160.16438384934708,296.37309333992687
2319.8336236225714,-1851.9560330075303,163.48635816741688,337.8226912671868
1254.4671586722998,-1928.6889621334974,48.01830838865517,324.0487174628583
1461.9894381381957,-1855.7700858216836,43.25746013982946,298.69309332905925
1999.9069703142134,-2982.7658864574473,212.58134071093818,334.6988647439118
2870.4827945750394,-1534.6187821734716,185.14225408653547,334.3415618154899
1577.3392481942083,-2217.8889169883532,204.49266631479168,299.44875010935823
2424.1857697149,-1617.6033434523229,101.53041698064658,320.4292049080843
1187.359860486055,-2825.455779015753,193.10266990124035,328.96313275334944
2329.0721386331115,-2068.804468224617,208.27698158367664,295.18270628199645
2821.7017925112245,-2528.513836529788,3.852683036798254,308.05231849401906
2679.0031200666526,-1900.9890155169292,126.7021525097816,334.13770290040827
1871.0440770883597,-2629.360445500905,253.9114572512388,333.3574868480935
2998.9733552867146,-2773.9967293261525,110.16095860702474,314.9118658530372
1897.1605323183908,-2281.9561540432064,237.2744417102964,336.8880858219141
2796.167048655817,-2597.0050886898584,224.84836594839263,326.11606232113365
2153.690735466176,-1000.395350683624,203.32089338317525,334.0959388964956
1010.9703544587755,-1357.384256217005,69.53547409833725,306.4554488268077
1080.2187674630557,-2278.716671232324,41.66618436606655,304.15431107790147
1721.9479853002103,-2507.7131369803656,50.985246795632406,330.24454835461177
1399.8399918300554,-1793.4964810352317,189.91001688721886,327.4174658460794
1130.88013642073,-2961.5758417250445,176.48287346737263,327.7070088514022
2643.0539740288405,-1981.322577896566,258.8293889574634,328.94675351194746
1019.6655395415521,-2182.823810876304,49.679725384127735,338.57994985204186
1323.7842461208852,-2300.022989140036,253.78839948623522,323.33054322978364
1407.0080361956357,-1749.3052024526805,204.3544948779478,309.9470727306403
2282.213258875684,-1755.193321295709,232.94978986652274,333.798419454398
2396.964244931064,-2145.58941875641,172.2172155296909,318.4187467316462
1512.4979501360235,-1065.7348660871028,252.76329434953357,313.9814456281614
1749.8748329598573,-1082.4808317577513,224.77103240233916,321.82894922992887
2612.585088211261,-2028.4467670966224,175.88503742139827,324.3273021342078
2927.971100884924,-2680.6629851643374,133.7921041882454,332.2899308067521
1220.61360649891,-1946.9323417128624,51.66031568835393,326.3054290898049
1911.0849917241972,-1197.3047725802091,163.8936300569605,337.00225276627333
1204.8095723052454,-1445.6740784804188,244.4903501133099,311.81069951084294
1418.0291032728105,-2976.909132584376,-2.8976307043167147,302.2286955544449
1922.7608905053876,-1445.6331660342503,27.992189454283192,295.2949634178929
2310.6725815124237,-1926.4329791719438,107.53612122169082,300.23985161104434
2741.210040979866,-1065.6144462227808,190.67467032577386,308.13535104026687
1089.1082401733777,-1112.064056176839,100.30420695929108,303.2773564427938
1216.6992270442142,-2986.6705873793603,16.21347415689689,317.5365070812312
1339.8576363681393,-1218.5529603023656,43.09804486827655,307.2730224022703
1882.1694472087631,-2694.272888800531,209.1429404411586,326.2148110312796
2451.904837435758,-2683.873393027945,164.26907552228695,308.8641410535731
1929.9524689595821,-2023.364544680145,87.54247805182577,330.2827465398832
1797.1137162758152,-2722.0572543225458,192.41173336215573,333.90304268617837
2723.7964379055056,-2092.4147596011007,174.61787023219094,332.6147577481837
2161.4254176768427,-2547.6661119886685,253.5884742402647,333.7593400322723
1898.3840463335628,-1275.3976751900968,160.78012206503962,329.2368359577629
1407.4035907097905,-2341.17161378287,2.8514917526684087,332.62841737062274
2141.5221352512626,-2887.9321937541267,255.72022544594228,312.4773583109349
1166.3215658646243,-1949.853001339408,11.946245318909678,331.39516591966793
2320.0435510351276,-1908.430618572509,-9.526979806669114,339.88114287973303
2766.4204146468765,-2347.663254020084,76.45457002342069,319.15156466328733
2996.316735565827,-2781.658789066882,231.03538230855466,330.2737325903624
1364.7432465966556,-2766.925069565398,35.10990396287372,335.6355767337808
2313.0611356407335,-2014.5902987196628,-5.7382554171716205,329.0394320651614
2335.555052218018,-2389.21807567158,39.01259953952985,297.705029545168
1325.457760001629,-1487.5221066730676,87.59625144979196,321.6708124506997
2884.8006939658635,-1962.1569130246096,86.2580877630904,315.84430223882714
1434.7416439946091,-1151.2591135404257,43.89500484672668,314.8124089879644
2775.8891857129693,-2113.00745388387,136.11575381442762,297.3590624415254
1422.9839704186847,-1495.1085804037957,-6.589060151437888,304.2518694059264
2439.592767725043,-1301.3193137587834,248.53051011761033,329.727077792639
1275.497283647358,-1760.1684638071217,79.97939037887201,310.458325286628
1169.6441527638408,-2363.6075567455096,222.97190333846117,332.459035416847
1002.6018679008434,-1678.2231762297258,25.750429298971227,300.33282339306743
1934.0006524257021,-1720.0923150955286,191.13500641185183,300.3145276289904
1978.0960090746485,-2702.6055023839904,73.04352708776837,330.26405050055996
2932.8634562198854,-2437.130364950499,107.08086272157894,295.34542145758996
2877.6583185378113,-2925.233748168193,175.7407535362233,328.42627195094775
1877.044547150242,-1809.4132095277162,14.459438199428313,309.21855149945674
1631.9146162559664,-2597.5802133848474,5.399913887799258,300.35645802342566
2324.8486978716955,-1770.452012017183,-4.37778539056222,313.31800176210106
2967.0562707352124,-1060.5086977544352,156.89249714754786,337.78746223889857
1302.632130729801,-1225.611129852917,159.40797204398467,309.6214329613763
2763.7325375029027,-1131.8335612863912,83.99589122476698,318.98878655452626
2242.6344384683016,-2554.5188632002246,136.08042450205676,334.3862776460827
1298.4386193288462,-1145.210715675826,147.10302773849543,302.24815577732846
1453.8178547739262,-2541.9953935745543,201.94415258329732,296.4054691133233
1993.579302271945,-1181.6005982842967,168.33962205247735,328.5112616398196
1577.156407308137,-1954.0378116119186,223.60194196956346,322.196077713821
2583.323170927145,-1337.1586918956307,5.830217705875732,325.20075260416115
2256.2939422984764,-2802.532083554932,237.6535319338133,331.6817784949549
1178.2576794054658,-1704.2932005797186,127.93108153502621,308.0132110503733
1955.568155153907,-1360.6977723580396,208.88587954292862,306.77847940758954
1741.8132227500328,-2170.9808809207893,194.2018349528679,304.157583711126
1700.766208795803,-1107.8416756955885,26.727087398042237,322.76799152361093
1018.3073809816525,-1086.3120563593593,171.78292053325274,302.2771336937387
1620.8062907121512,-2477.884878602219,-0.108126667917114,328.73451861647385
2836.4291645480153,-1703.4663176120691,196.3022534924569,312.1886309758195
2205.448701411944,-2096.876956097447,7.1800844546253195,324.61919177547355
2322.5740730239604,-1988.0452663276496,84.42979663201619,320.1682760839561
1897.6243579823577,-2824.7831015285074,142.56157542541223,339.03509911038884
1376.1547802510015,-1128.6055971753926,61.72421002158637,329.07661566129735
2955.7182532642155,-1570.9748912083085,216.959112097762,311.6486910077778
2648.7549942224496,-2032.2151868652022,199.0721052680194,303.1560804291153
1847.5598263682682,-1793.3414896061001,116.6135870348925,300.14998017067364
1062.4931623341743,-1280.1191286849069,208.3407170776307,298.6185404908507
1791.2585136798248,-1973.2617642414064,169.01166047999502,339.54416738848437
1453.7798348059423,-1399.6434861117266,225.52036726285084,325.60692024330353
2718.1881174532273,-1712.2083278171617,47.20899944488767,317.791538791706
1182.5350807723435,-2053.2755357628535,207.45112467543615,336.82374155869786
1174.4137482445399,-2815.3023714423125,52.73293156652751,304.0884540762897
1327.054155151317,-2742.170804952506,82.59678842713286,320.3510191382114
2144.090730347846,-2324.7152739828402,70.87797246006294,309.8780041147359
1800.9346467576786,-2053.203909561529,73.94077523650022,311.2170077020361
2958.0152430026865,-2162.642022525845,107.7005436566017,324.3924807924617
1466.3783062715265,-1782.682427952063,102.14712355691681,327.2807735338981
2704.5493881614557,-1705.6469718502092,83.41445734787064,310.24135929579666
1143.1943138859153,-2362.560894610591,3.53345501009359,295.5605165726995
2796.5974404534,-1807.5473904928017,225.9054577716766,339.5972988024207
1109.0268520401532,-1397.4277073612589,134.44094877515758,299.934753816042
2907.273179569215,-1409.013684662643,59.86718579361758,302.923379704513
1505.7912082924138,-2729.1172261754714,217.53067677594711,309.3417236295799
2981.321059338169,-1360.361814223164,21.474443291736293,321.2877395572638
2529.227466484625,-1672.2719733518213,242.87785885758706,335.08837216160623
2841.2326494859003,-2992.273014055006,28.103019894682888,303.393357360581
1440.3440316260517,-2933.131464674307,110.72161639447832,302.2992332193453
2419.7553348565125,-1673.8505617646535,250.20669980975015,337.3426014371746
1680.822455235367,-2563.3055539570846,23.155058931908442,315.1003801544689
1831.9772338949097,-1120.1123704361694,160.49584099752354,297.72717068292894
2460.8023335972025,-1614.567124010375,92.17668280549796,324.3766601034546
2299.719134644013,-1279.7884620303798,146.8312601867143,317.1632969918607
1286.8908488949246,-2892.3697842161027,180.58398188805987,336.4921348311906
1094.0813650676946,-1386.9509760768574,-11.523393992374556,305.9049813472918
2115.117953077962,-1734.7197602651718,205.68468200052345,308.01197508585153
1617.3798827753894,-2184.579533177685,-0.11057383424675038,304.6475111622457
2064.503134605293,-1817.9183193106358,0.6087458523607054,306.81491008081673
1500.1184359098015,-2991.3965458160856,56.69420823273502,322.85983266740476
2550.081217102418,-2183.201177005415,144.33509398653166,303.4697413641413
2663.7910980337056,-2551.5950726440296,84.98685446816071,296.2615090372978
1295.7951922290206,-2919.75577363717,93.41852650107018,336.0850292874506
2832.345079110861,-2270.7818391005035,-10.55246941617703,337.4963344860346
2847.781259156978,-1828.3705114113925,111.87216157451009,307.5147171671298
1020.3662532815367,-1677.2078545285488,75.04550567835437,328.12505125036887
2393.978265597376,-2845.7549777397358,50.419223016141714,332.2217780219272
1557.0173163494678,-1222.0569084906529,166.40110065079566,329.20091354239366
1641.6932906084521,-2621.090172479369,191.56838598122664,308.2282311158032
2805.8810233160257,-1654.0176887444088,119.55445364031283,316.66977187567466
2519.0119071936324,-1169.2349393241584,214.4375836896255,333.7515156190674
1104.8194553702692,-1918.6934203693081,-2.1814212179060153,336.1317489391755
2854.3343393690366,-2023.9212860804487,115.62144450354407,326.8225700675561
2810.8288507247544,-2897.5288446064706,258.64609844728204,321.25248121766134
1923.3759024984752,-1430.98994898245,54.98484401649665,315.5864959635456
2871.9193629295332,-2871.236900370423,241.35679657652815,336.1892644874057
2527.39118160001,-1572.8847549375564,-3.608486384436855,333.4619240513974
2331.0047923156135,-1503.0882129125985,-8.704779973097093,311.1586583291561
1320.7240903146937,-1304.7336029397748,235.9062396837733,330.9132899305195
1616.1609429879927,-1808.4090565732022,15.411635148766596,305.46218737581506
1637.4604972772795,-2879.750555265742,181.88590609669225,301.49252993184047
2036.6200043863287,-1391.6195612156455,98.45113011841339,300.06393946494006
2928.4041935323385,-2910.376527553209,5.622748795636873,339.3068126209862
2681.750827844986,-1983.1375099957443,-10.608447569600425,323.18683292163166
1052.0458641300095,-2303.3922749982944,7.670976241105571,324.30567102296897
1402.2281769203405,-1179.1641491056084,167.09328730356407,327.9175857164458
1090.1110951864111,-2498.9907534740355,244.53571715502312,332.0505977013473
2592.4077684313306,-2190.701356100902,44.01353461733188,335.5629936252575
2681.37402975219,-2368.367619665963,216.59771456790074,328.21736063382167
2551.489368124092,-2875.060905552862,139.84132535013663,335.9891796422109
1570.903535822754,-2756.7746159590793,228.38365625394414,311.6376670625981
2020.7978381909143,-2154.2177252725505,254.535368950598,338.769323203752
2002.3594026576043,-2003.7474643433584,22.503697342086333,330.60803306504425
2537.0008278245377,-1546.3059046909793,58.199318717709176,338.50057175572795
2883.6624207325885,-2748.6544049519266,167.2181599123166,331.23344902115304
2160.6202039546124,-2195.5722780904416,17.708690408846635,331.22835604490894
1821.696640944634,-1603.9165395329946,112.57291339516311,295.02994528583486
2545.900594051073,-2162.5692238734528,239.72738246805906,320.50857546669954
2339.1999861771565,-1449.56353728479,245.93201928377425,325.49947746722387
1802.214857689723,-1026.196820099704,89.50379363647326,332.9574771395713
2629.4296406255035,-2554.468627511143,92.05178418134265,317.86012724296074
2442.124051865085,-1358.8001547792585,190.3258212613703,327.88247742851354
1043.0466737815555,-1948.0532654652602,216.8873069609446,306.0908422472266
1695.954044028962,-2118.387976257135,66.27945025228759,322.8580518976433
2891.8316664524327,-2077.769584304801,190.1828231559887,299.6072821439614
2627.152294307829,-2940.91455960726,255.97227410450046,327.474762067567
2468.938929623908,-2402.0953594709526,123.10390882993664,297.3158590594658
2972.7797105789364,-2041.2691272868428,137.26818550716624,306.7019732258336
1565.5974070856662,-2113.5337942006063,193.44163710602524,310.50419735551094
1967.5507635834392,-2621.0927063227286,78.16073968703249,336.4604924657454
2491.280451423826,-1104.3293565522779,228.95622874622345,321.41129238356064
2912.2853831554353,-1511.5663386051772,-2.1414200529621716,334.43317377777214
2947.104168333649,-1863.0121793116184,111.82368856621179,329.69423667761555
1456.2923410066721,-1564.0203904106636,109.49064118158444,334.02694064074274
1785.5189027949823,-1093.5731003928247,110.06534969464329,300.8021633385623
1700.0012731161728,-2822.1380339294983,252.08242685059696,335.4452904895747
1092.6182028760886,-1630.343872971754,258.89510400757473,297.8375219851853
2214.0898069748173,-1035.2016604904989,124.88005521734613,302.649638274048
2248.365891637104,-2215.7077272359047,215.921778597405,327.88643989459524
2210.84336361884,-2411.2254744670113,161.94210150368858,307.41079399241283
1004.9908604171218,-1008.3981319199881,33.05426595146427,319.2774221410712
1297.2038523450935,-1572.278958584915,243.41202099538378,336.7341215743684
1884.9796289616447,-2968.3719768291367,248.07137645371841,312.07316752064077
2018.4060463068008,-2908.401960666601,26.737155824211612,319.54748138172664
2645.620471594618,-2405.0320661187707,43.76271726241032,322.7835159191622
2090.452261724946,-1183.7617619761975,172.550402964041,314.08083056139463
2575.432822216906,-1155.9642014908052,187.35003313438344,318.8922822607463
1536.3083131544636,-1297.2201463622343,58.66153468805709,331.28585907256723
2207.497957775018,-1982.662794557932,171.35939049342147,298.7627516666967
2512.6356821048466,-1327.6847403022286,111.44209147417213,336.9667833434806
1562.5567320186544,-2275.681125563488,42.979977730769754,327.2425705870403
2509.1072678307664,-2058.9319019244017,100.25477340858225,296.0404833554732
1385.0511880140018,-1991.1145143149402,244.82430321484406,316.58491080325496
1032.337803751087,-1981.80384050892,174.21638557338002,337.4128979743942
1328.5303940443307,-2079.2815278884514,-2.2287506651020372,305.09320038018495
1924.5699832226192,-2673.4050499287537,214.8415862214396,296.2908583261295
1739.1045233545017,-2025.9956574293662,99.18551526991065,311.9001067683707
1818.6480998190536,-2519.320494101897,46.913885336567866,319.4589216462881
2083.342183535609,-2618.4498243428325,177.25347060990038,317.5979525965021
2792.586930340521,-1087.013004405233,70.26800414869632,322.9473354863724
1226.1457126051928,-1817.8478719256611,214.02692640233616,311.2024662735113
1118.6663899552389,-1997.814952825826,133.25485308407787,325.47143408949194
2812.899820202576,-1848.060433847885,255.3792607772661,336.64575815193086
1739.5097013656623,-1799.3243775341957,202.58952799566052,338.58753901651
1618.204759424485,-2776.2509765855407,69.0074740266627,337.6646425317644
2535.050414570163,-1482.2731544192834,-3.0252548845981746,312.79985747297235
1078.4492751064256,-1036.9993957931786,252.39124083986286,338.5616478618691
2886.7572746091037,-2740.3584906102533,28.638375266517272,305.1218022364635
1798.153291414029,-1499.1738816819495,201.835452471041,308.7251732976446
2525.8182653243066,-1509.6068116766041,186.42204999719374,316.8149438950494
2782.179465915628,-2757.1603971592713,-13.598439090645334,308.12716172620327
1268.7991838761313,-2913.477692662992,23.38444077941579,332.24402109662725
1810.7790649473855,-1304.6395505740227,71.74977504836784,321.19648511789677
1422.871714558561,-2400.4465480198032,198.85105955296672,304.4507595654717
1839.5052057808366,-1257.5577555982572,231.39445128534106,319.6872784576105
2711.456853426329,-1767.5488657803155,-10.554737073487264,337.8385036539055
2749.1076188217576,-1716.8099473875736,18.663482347298867,313.4840723321516
1903.0309758651522,-2987.614643065102,103.67292118581092,326.0443279113799
1108.5009784382107,-1511.0747629192265,180.0532279024676,304.11110652004237
2889.435532236479,-1283.3490235294455,174.75250656781398,310.5409427304528
1050.5445408618468,-1287.3343094784714,162.5744040475277,325.46482495069154
1435.37636654259,-1083.3745638131163,103.27998553762784,323.68328338925204
2441.6049293450014,-1338.9758295301656,117.10986404725816,331.74435980281885
1622.8833263795486,-2188.366259438446,101.39523019191616,303.39402972814895
1576.6832188051503,-2494.731886348882,253.51443225660546,312.8637899579759
1219.0212392488313,-1801.1070479950713,26.32821912454105,314.7276640799229
2119.4195120415416,-1005.6755656164116,38.485246290534086,338.48624520211234
1117.819113014275,-1401.399764243534,21.170154093783403,316.27114033578914
1227.3930838624046,-2700.3011566925024,220.7726712823346,327.314713574023
2667.489293437366,-1300.3869276868181,141.63620638070674,311.42690463282696
2495.499621816135,-1791.5511414138787,155.87079420093326,305.49259941008904
1690.9382257344828,-2824.6342919372,16.16068225452799,338.02977970454856
1120.5738765348815,-2275.674689669014,-13.802220014884522,305.86699088681996
2704.7522776932947,-2858.978594362434,59.42296840724859,302.6252028988603
2756.3369583174845,-1495.735050981265,-10.75066720403072,312.80609801936885
2581.7557362833463,-2724.4248804668177,59.93912710030352,329.24308644168485
1126.7615739869616,-2263.0359767644295,149.63441905921135,299.4535367569829
2314.9709662299656,-1694.2833505236567,117.01296029547956,305.1973830007903
2695.4707829254567,-1221.0813766557876,177.8997769754023,338.0832029599338
1645.398470878542,-1569.7147809438413,11.127419176286303,337.0609066743393
1254.7787981068213,-1943.089912244095,124.37179641193131,327.93587999871517
1805.724720789298,-1307.6634456228085,245.5599480732223,301.115593027607
2038.5434909197813,-2440.512059906773,230.3924602370143,328.53963541285543
2723.361507825357,-2310.7364696156956,-13.594420712228082,336.1850343075617
2677.442470191353,-1595.6478790795552,153.485233723873,325.4513782012563
1673.6375726386266,-2504.9021339265128,42.92054346721327,328.9152464814436
2495.165432361834,-1998.347516563822,8.744112789786389,301.01363991586555
2388.5239169582132,-2479.355326686483,97.950888876709,322.15991520138823
2540.750356338058,-2448.150587794423,195.13866515545976,320.7985888169119
1014.512474028743,-1891.2129162916099,203.53580220772446,324.8012832920511
2621.1125385129444,-2752.786087267473,195.64915133992062,325.1674473354666
2572.3162696403724,-1040.331274524789,192.77995327062365,309.19859303364325
1659.3518183154506,-1593.2536049367816,4.076033385862608,328.34686388048004
2356.9030211689537,-2529.0826957523514,192.64386661416202,334.35276632477724
1227.0136215865978,-2221.0733488690757,4.573199610165677,313.5817394335354
2129.4218888959213,-1407.2875675472826,8.748209622852116,312.7463294730208
1341.874865070687,-1414.3630764170382,199.97677387474843,335.9992699529229
2418.7576446466564,-2897.27144891169,-11.911800598867003,295.6175536986875
1230.8866411819763,-1302.6737729151307,-6.764105651258172,338.3992729569051
2776.6208494938423,-2328.4089850677683,89.9148782543359,310.4317992914239
1330.8822607723512,-1927.1239780809397,71.66450395437782,307.79204667244346
1520.5151143154721,-1016.7564950642652,-10.375279008705881,304.3760982953088
1232.7648548785912,-2514.4674938371827,117.53503812634955,305.7844654300007
2455.8885138864453,-2050.7759205722455,218.53229268820536,324.7213712454491
1714.5531346108924,-1184.3899174150074,193.9706123014499,318.3325244305509
2002.3341894433709,-2662.7066677338944,99.8942887206457,307.0382232600517
1897.3819032653223,-2481.2843811449247,129.62316335175026,331.7565926688254
1588.2314245140537,-2496.1580484014703,0.01026034055450964,307.3599439925111
1810.9348903455375,-1710.9104302814183,62.184573241152876,298.9291569745013
2170.1662821961427,-2363.6040622609235,53.83995662112531,334.5389561994716
1640.7681774207826,-2733.7261183999735,256.3767752405398,312.1942084489429
2917.1207981137236,-2098.5361422912683,146.85652235824224,315.6077363051881
1391.02562978856,-2649.1349240312625,149.67647987456652,311.083990515556
1791.9370553775004,-1904.2798340848617,61.66615193024195,327.7222558095753
1772.4063240329594,-2069.078534985145,175.5195600318024,322.5111327421109
1034.94841642967,-1273.1682776824573,83.89022417472177,297.8504969159073
1120.875898858778,-1965.5878058261787,241.52684957636853,304.7171606270422
1977.118509852024,-1057.9869145668686,199.87596027404572,309.757476146881
1013.2750321366337,-2369.7202805978195,177.92867824676614,327.3843130490203
1946.5535796983058,-2367.2597156549236,177.63615484339516,309.28790326473427
1607.7683429857946,-1251.2023334179758,179.96690269439978,328.4991238076401
1528.777801939796,-1554.595458789431,68.37914054242954,298.17664064636523
1897.0648731117662,-2877.3673424513936,230.4358300859776,334.1800691502993
1079.5134322838016,-1852.5006085477792,3.7581620368805027,335.0654932396079
1852.3345816008439,-2239.225659268084,170.16069163030002,326.6747359344627
2736.060579098312,-1642.6151565348896,113.7983383386742,333.88894049442507
1637.585873667268,-1009.2442857919609,105.70690167639823,313.6450192833673
2315.625523639852,-1136.2363405608032,129.4081961610058,320.8164597207911
1040.3938008096877,-1314.8101274516912,23.725932575666427,301.26450706423924
1790.9999782920274,-2564.8062449279405,159.84702425124996,307.81141584869886
1046.4576835373834,-1712.8239933155724,143.0185402995573,302.16519556673524
2640.260943958737,-2987.2032958327063,134.33020621424896,306.5840019123925
2102.2197866797987,-1470.8912616812063,146.596423266338,334.9492477143915
1177.2377609248933,-2631.550686765855,36.385583715411876,318.82587730058844
2435.652615045695,-2048.870239034006,235.4176191182052,329.8622455360179
1544.7987780173426,-1682.4645262872702,119.80532148754622,298.1163388002633
1684.6615042535545,-1514.2987007127413,252.39107138979404,322.8295082292077
2191.1073936059033,-2449.515053248655,91.9856916171106,334.0967876395974
2226.155092074322,-2522.1015222664537,13.834916618483085,307.2410139061175
1471.1084884960815,-1599.90078120452,75.77284079870735,314.108223536205
1016.036486044349,-2954.277364421349,11.310783232393327,331.1198740122297
1196.1446874924702,-2270.128532265314,108.19314926014843,337.2458912919798
1069.1995178783775,-1166.5227800057214,123.75827687601304,297.67200755807136
1738.38477695246,-1840.9647465422265,66.97910020661848,322.04366551040073
1354.2893064593225,-1749.2175723128325,119.1462345009196,299.66372201837885
2884.0719616338247,-2764.7043813028204,189.36235660731046,303.1094197459548
1311.8554750874036,-1077.8368324246715,171.9230119346521,321.28123556131624
2921.663781503693,-2294.673139818473,55.79830313077626,300.7054757462091
1546.036220212038,-1151.317405005337,183.51523233529505,308.60423984342384
1771.165843833499,-2136.3657820453845,70.66323733273046,311.40975110290873
2399.002853774296,-1743.759506561471,119.97342588027945,316.3746559121515
2314.461340847027,-2181.680742020674,20.39897476680794,322.4466680449818
2985.1912584588745,-2381.3699170633104,62.790487084416085,326.04115300970005
1009.1465657277687,-1835.808054975124,100.31404969906244,322.35628458815063
2561.8762248077187,-2010.7217618431418,183.39009914336773,297.9044678346841
2541.8990661613207,-2244.925449594799,37.97446190601489,308.78174098376263
2090.6493879652753,-2183.192404514976,-5.291853660360614,306.14549147582727
1477.3383605692006,-2213.65912276598,222.97198992090324,309.3750963280091
1010.2092618485166,-1481.0494350724414,90.6893168088126,335.02625838994135
2259.154681038447,-2993.1659184404884,120.06537681193151,326.95341984429416
2496.0240276346444,-1563.7087806976517,70.57601013591241,320.6512771415834
1708.6676926791731,-1378.876931661265,90.02497812715124,322.9340741242046
1323.973494676005,-1038.367766063211,144.57782267228615,337.8584958689896
1733.2772429279842,-1917.6594696515494,123.64640253974167,305.7797738813628
1613.5620295737583,-1115.8451805528996,76.96567811376583,306.3760005650882
1872.4983317632173,-1178.0287078691063,195.25228753137384,315.9093191785932
1308.821051630452,-1421.5531808376547,209.20603965832862,338.5323266218038
1608.463724918292,-2483.690241046077,129.91937106540823,337.3119650659541
2490.5164556805858,-1655.7180556741264,61.97727192103967,337.8998563401187
2426.8451440103904,-1549.033892718319,51.300742078663575,332.77751654222783
1339.0014003336014,-2184.4251240028893,201.27482986297392,299.52347665791814
2721.7671409481795,-2611.979028782506,16.216520817101877,319.62617207937245
1481.8770698550416,-2997.798775694209,256.6859590452952,299.1557175174778
2792.90289782361,-1113.3028220766046,14.202073306549703,302.44080104996084
2317.366321303104,-1933.7697863966025,174.1290949965099,299.92607408660984
2162.4390248397285,-1771.5980115118066,193.16283056258135,298.91886130152665
2765.0126017258654,-2003.3085973223756,238.97640736442236,305.66586454367314
1527.6402670241923,-2601.164020898745,213.55044029626114,295.55283118185804
2544.9140163430725,-2196.9556123707316,96.20827246670088,313.29221715746655
1917.9314754234458,-2737.94026093524,64.76785336731434,336.4777889897108
2714.3858913372114,-2183.353192635393,49.86185132350026,295.4285403326944
2815.798235569868,-1356.9240352439613,222.31812413976573,310.2307606037619
2689.3448795160357,-2303.750834104193,167.59886982879488,335.1217011026719
1159.5850003470387,-1282.4547432032905,64.43034926670992,324.78982093236544
2576.06742297718,-1118.706220336613,202.2295207565437,333.82375043484706
1258.8804517300182,-1301.3427101190882,173.25242980145003,300.70221061678643
2522.9191385481035,-1510.5353633891236,246.1853183781538,325.6405840006569
1578.452581456174,-2608.933463611536,62.716033360022834,310.96814031817235
2766.4775981507323,-1549.9587352994038,129.66682460508724,310.11826981315545
2252.8286678450777,-2804.6838264808935,37.28551742854878,339.20267632033284
1140.5784120014819,-1155.2192394124017,235.74906764697556,325.5386490302622
1811.5419124834352,-1458.028452470717,140.47861689020598,304.6402958942123
1855.72838334661,-1987.0193696412202,217.97126121734593,308.1579190975378
2012.559615372249,-1667.5730794062201,34.01063246332888,333.25202345993637
2403.7752307604705,-2186.8907563882217,221.33020541441013,313.62210116139113
1042.3055105121282,-2695.213539517927,59.930324290427734,307.591440871926
2516.0885772203164,-2223.926485302868,188.76483643547408,334.17061959445664
2940.5060933895816,-2313.9414029464615,128.50451589423582,312.16514766817016
2937.8962975932845,-1236.7274614395158,187.3206086712942,336.9869301485037
1543.5021774788597,-1731.36956629317,255.73390739099062,337.5991908027633
1722.1444729629607,-2300.660690903349,258.0294745386216,308.4264310364344
2106.370223789199,-2027.8798875716307,74.71220201335275,303.7774263654278
1622.6768335232578,-2277.2815178106575,69.07591153375856,320.266544898175
2662.7542205068467,-2842.041268346074,126.28997654568869,336.85725367152946
1558.8740523849046,-1560.4352693518194,-13.699159732643968,331.52327593370376
2815.9814568231404,-2930.2668449831654,155.7904698471465,333.8312840519921
2825.22072710543,-1314.0162401276618,114.66720106746985,334.4410972940582
1085.093546637227,-1905.9317080986186,201.46672873231526,319.95798925358133
1879.6440075955838,-2414.570139946421,49.65184223986337,311.0525486320362
2307.1646694163264,-2298.352095046558,67.64381920947474,324.36614355707263
1281.926866857836,-2716.403850056414,254.1513894631264,322.38236548392035
1792.0770630320628,-2882.487759177413,4.9892760674354335,325.75723925421147
2810.8668841430817,-2147.398942170471,57.35952146732208,301.6087938562603
1114.7718494724227,-1720.3327967888595,110.70068440772224,332.4953073066782
1478.3604521079872,-2146.8936257021815,1.2701011172794274,336.5860331443036
1650.6014537128021,-2477.3372969444986,100.9022588300949,298.02598502912593
2805.900619111784,-1902.5271247942142,167.56933170058662,331.6966130504555
1342.630134677625,-2895.805609680373,200.49003792315767,311.893718062847
2961.6670025338267,-2865.4561925874764,51.99557549907331,317.0439663827523
2150.044374991331,-1398.7675799743417,-0.5288393982812636,305.22972987271595
1051.7075794715852,-1001.449266701421,123.83165691694205,324.7824967849918
1142.966115892355,-2686.3658976324655,237.9505302435406,296.72002365018636
2361.0762955482305,-2834.7400872200124,188.6965712252879,314.5035170630392
1653.9533822034691,-1926.9086125315057,26.81245142309765,329.2492788613739
2777.5735665028797,-2518.1063978326147,61.93544892881033,299.36608676792554
2299.2849631047175,-2557.7403985221204,133.30247661975966,335.0193837599994
2347.33609681123,-1384.815525054418,243.14297601055165,319.83407219353705
2493.769652337186,-2325.912325114468,124.54701182132445,312.97631771728516
1696.350026588886,-1863.8444881451644,9.723548521766908,310.7132744890194
2910.8568521190737,-1489.1698541086027,150.8999294006854,331.56199430203753
2992.5619973462217,-2059.305028427245,28.12816542118871,325.96320347064506
2698.7470289084204,-2142.583245749199,121.59574949556125,332.40971147529024
2736.5274956593016,-2367.281521391933,-7.752211366524875,336.5012823039088
1385.6835179003517,-2863.5982315734714,85.37330736760606,321.54394559178996
1050.0136599393397,-2897.564912797034,84.52310339310446,335.7444946441697
2769.69857344889,-2627.2867279593265,4.812525709111181,329.7280742838148
2140.8914951812244,-2589.177362030018,0.3604286588459402,313.1994220666839
2838.5145277508645,-1262.277046422587,97.33164436888936,312.8794146493751
1456.1530727643653,-1229.4136926695014,246.23258116404457,308.39404875218884
1248.4573305932545,-2295.1548723647547,29.357455609045658,334.2884643407504
1773.6558832594246,-1864.2759841536881,171.84208407631778,327.21802613538426
1153.5816794985944,-1863.3523518112283,222.26664329485652,306.85996797498643
1208.354269610753,-2131.681702081652,89.66474366783078,338.5039165495028
2903.9229804523457,-2279.301324471903,134.422836628326,314.8625030610118
2339.272288196965,-2114.8491550869585,85.55000825984338,316.04258262579333
1243.9109924043748,-2180.7543917905587,133.31471363685588,313.6708311507499
1501.0962107529926,-1108.2077058783436,111.73856235927202,298.1661535205852
2315.5626437510655,-1047.5907666040926,211.57710987759907,316.47298172823264
2857.3941470360887,-2040.6133218269713,26.82280289883625,320.44257596084697
2400.03297608093,-2454.4580178445676,182.50960118323036,321.7273926467246
1885.563562216988,-1770.6708847006435,111.3629252135435,329.9465479900266
1318.0892824182292,-2230.653398061469,167.3810546570986,297.26364284447203
1736.9223259647733,-1250.180707748329,-1.9756703203591215,314.8158530213236
2409.614388393097,-2121.5672784351427,92.74236845325022,335.0232364410499
1146.6907421682527,-2138.846855465652,4.780651913339373,332.582259327163
2862.379586708025,-2168.451177233861,213.24170676461569,337.2806072316369
2340.3093753065104,-2910.632296734308,59.43035677359171,309.1100738242848
1694.2341433243923,-2366.0159429937976,150.70197896222487,308.49111803236394
2722.0717424588943,-2407.900458876271,62.30883252016268,319.9359348587386
2311.8602225868535,-2833.433305845513,178.99151031223008,320.84751162375545
2715.2221490480842,-2352.6146920781493,81.14565131273682,331.6882250223076
2784.367192577837,-1304.2249848736803,251.1739453092851,296.5004355052223
2940.5092021837427,-1149.623340561955,148.54882572044326,315.35251404848793
1959.2956731480065,-2931.3187979919867,78.70128211884459,332.81518952822034
1826.6647953379236,-1039.6290055973411,18.85149698756097,329.5074364883879
2648.219656185543,-1508.9188885729882,242.0951489177006,313.03133300832286
1934.6880086244228,-1418.0391415936292,170.28482674204105,305.50558190649167
2209.3464092851327,-1078.8668894299215,33.99703490152303,334.7963749485258
1210.2210345650317,-2843.2651246421706,254.5201617067815,333.58235532099116
1660.9070888305278,-1977.117623736694,157.02544958613913,330.39088347585584
1053.9362452710222,-1280.0866710398016,48.506915634458636,305.03502127128354
2111.902600886253,-2834.7178606091315,215.18499347629478,304.6473199289379
2182.288464881267,-2343.113205178487,259.01738429334375,297.4255433070536
1979.7176782932813,-1368.5044009539286,29.37336439169581,308.5657822758113
1220.186808262075,-2714.6879252031868,103.51749498555066,307.7064646877686
1882.3522156004428,-2145.445269243015,62.2270752655634,318.3072453000153
1735.9098804638065,-2480.1133090126405,96.49564014346116,331.7229166801091
1238.9059473191808,-2182.3019441465935,122.4049938235957,322.39817940880545
1404.8702951321238,-2332.6946714195487,40.53901106381883,328.47344652086787
1152.7687920679807,-1972.1616096746543,88.66234002777082,320.501112035314
2344.957701923884,-2586.164129067435,126.60179479592972,325.2457065209683
1288.452363329339,-2060.4887764666905,173.71899851685194,332.9828738244474
1590.503454418037,-2892.140059466231,46.442577618681796,297.0977540126614
1660.3616811482552,-2195.4513527263825,15.671413487002177,314.1105435435091
1876.2060705899326,-1371.6058894265282,180.30052018053325,333.4205937301604
2881.254920064178,-1406.0044252011264,105.90893647746215,295.7327121350238
1854.149379493289,-2598.4389869174515,76.96071457346426,333.5472320894314
2966.75910614218,-2304.222861792583,118.4823723575991,312.29213971569584
2854.012008293954,-2253.3745593202666,251.28816494907318,307.58612012721636
2761.4112070880324,-1679.9078188922347,97.98984095231083,332.4343485086013
2998.4223839616316,-2529.946464408451,10.19488772227039,303.10639289573743
1776.0561309917302,-1665.1514300759495,31.976877304426885,296.19248001090625
2927.5440513191224,-2989.9644794986953,209.13379519297607,317.63433980596386
2375.7159145763017,-1303.6135669475711,8.453928089145581,317.4668218242524
2928.0370241519786,-2131.408475357055,56.1122505235667,313.0550400394099
1385.7466781427343,-1820.0327785333218,152.637990567262,301.72252741409534
2026.9564234687748,-2540.477121538753,221.49049231192586,323.12210425357
2192.966235566889,-2681.1840474712117,104.82482885280584,299.67878330401317
1271.2272588188303,-1664.1092098642,150.54700228737894,336.7614426043693
1927.932918921451,-2161.22420721725,81.19323174466774,319.5609673812335
2253.3710659020458,-2836.761778073089,225.02705459617542,333.746139616009
1237.4231825583297,-1907.942654196103,258.3359226673955,300.2276445562569
2387.059839928774,-2001.8541676065734,83.96214567530095,318.09902681205955
1003.2937479660999,-2363.7278667753194,190.7767262712169,304.3354119388956
2500.974858190776,-2602.966880691192,205.34712843981663,306.9430001686013
2878.280418209065,-2694.9158961005664,109.86601545288397,295.2123324310188
1990.294202734724,-1479.1155409426776,28.42926385210275,328.93533738401794
2260.995799371164,-1270.9107954169212,227.76815240691712,326.1878243687248
1613.7792841936916,-2632.6578251091005,24.164242013984534,296.655576135762
1649.4005851142208,-1700.1782779863572,68.80880908841401,325.6362411408353
1088.6483301117585,-2515.6887532405067,83.37822070404248,297.8686658002959
2319.3372991891533,-1263.0383420324117,86.80232136798827,295.81226225854607
1270.812234175384,-2935.260820546287,59.73667097147502,300.4386503944884
1939.6784227772534,-2857.831668261972,30.02832558590051,300.5514629243336
2112.8464095604877,-1655.6991159972135,257.7503345669678,334.6684820727607
2737.8159699040716,-1353.7394463601545,196.37234136551928,328.39188856918975
1824.711069064418,-2059.0763567005047,195.1694697084471,302.32946224829783
1092.2806936786715,-2397.9847489094973,164.14116039735717,300.901028572712
2506.84723785034,-1427.355069677716,191.87004166000452,298.97702617322034
1355.8355280089295,-2567.4084131093155,122.45853212597595,296.465467182988
2112.701510853587,-2428.9903253879625,250.20590643566265,319.51365787584825
2046.1675647944546,-1717.333406404097,190.29058288286657,295.213837263082
1647.3012153961245,-1589.9735957856196,-3.239300301774758,326.3833982835203
1140.860749178828,-2370.6841437505736,29.85641791609715,306.5286688652111
1201.4752048181904,-2578.1497224753293,110.90620922483647,315.34359475875317
2831.461748306199,-1035.5649871217988,251.5232446409596,326.4723758716037
2184.3379594406074,-1039.0260066110532,144.10446344289463,316.82584794949855
1178.2114705046251,-2216.5003500361067,168.14664592741812,299.6656607398356
2111.6987632679125,-1619.964702645874,132.31313766448943,328.8912639262556
2348.097508231382,-2627.104692339748,110.5152698134315,307.65406026676584
2090.070080880305,-2016.6211059312966,238.2466569388871,339.14250247973615
1162.6678463175763,-1091.112921723099,171.19788454448178,298.2362643129476
2995.759211064659,-2730.023561370487,31.10406212407254,319.5958033253896
2917.6400792038985,-2533.5381895485225,-8.087676388315014,315.14197395165485
2597.854278900677,-2583.267435469968,88.01532482801427,312.5830123340937
1028.2514742709077,-1111.494185607356,96.0455393095464,336.7371027439198
2551.7818527645495,-1530.9864139381125,22.584443191230058,334.00831152401304
2728.516788704018,-2425.6811773375603,26.047187996855712,338.14641936866525
2807.4142366456153,-1462.5896874061866,51.55511090169428,310.91571435570546
1980.6380998018526,-1818.2217270599267,13.124500070806977,307.93398562721734
1519.1829488262802,-1927.558891503405,88.49727448446318,335.9058619188986
2473.3530051039415,-2606.6502979074053,211.32088359044008,329.77230431016
1314.4838486998094,-2024.3667364816301,74.04744318489236,298.1926054324857
2938.193229123136,-2701.8476560213066,246.03266159742964,314.17922447212663
2210.1461864192815,-2594.5070445489155,49.153319669160695,332.75437011289085
2535.601345327399,-1782.5693587824635,67.15482621414476,334.397865291755
1204.19113949901,-1236.4057511449998,111.86140673232471,318.80474783291635
2639.1151389360516,-1469.1981232673172,236.69073583289676,305.7337295559668
1906.3489414077967,-2216.4455781976612,125.03682781381468,322.58883809949225
1839.9215576401944,-2311.4919650873144,245.00694158774155,313.5667160527409
1176.9994858240627,-1958.1304205879278,16.53380595020627,339.35353120747965
1353.2816101843655,-1788.374753780303,60.08101395319183,324.84541336651426
2063.8316748888396,-1640.580494527683,231.96743646278455,317.00305626221495
2368.369844728162,-2347.933668722859,162.6584851072551,300.72650940511346
1824.3081082666522,-1636.9466713952247,137.7484678142261,298.5939573420592
1916.243398469755,-2699.801512015455,234.56643014263466,313.74869084504314
1290.4436496043609,-2418.535611644821,93.56193290561679,318.9080004782062
1298.0286180187131,-2561.8086811979306,200.05434665221205,318.2951528116849
1448.322121341099,-2312.582686245035,117.98257644002945,335.14733129417647
2633.647360438953,-1572.3678184397486,142.40779021331062,295.81835421515507
2585.5910572677485,-2534.229621315717,114.14554979355913,306.9469309689718
2693.9113345939813,-2827.2720099475514,-9.771724265061488,297.67815436269984
1488.4980872484823,-1784.6195466927995,94.50616267299353,323.2470849034927
1758.982405567539,-1534.5327595059346,161.25269679932563,338.9348478830939
2623.4966953145877,-2558.6525993069677,62.35570761899447,319.2545656325914
1495.1296759541426,-2115.283792940863,159.92503316145496,336.8650276354902
1501.8346236728898,-1893.2967818695715,238.24542749708905,321.7800346716586
2061.5569443876093,-2207.404306318887,67.15548378050462,312.3120245615726
1725.5819344849117,-2481.213020893739,55.17434111173762,337.62150255162004
2296.5559871645855,-1637.1159456628945,-6.884568228203115,311.49717296149424
2349.09724217552,-1649.0317240338609,186.189417495167,324.0026771586073
2179.0988225971532,-1150.3395120409257,95.98591562261625,322.4865118747943
1557.2627539063083,-2105.318448573461,19.708459791397686,306.0241699624343
1119.3831045016361,-1728.2381159239571,69.34685082549845,338.18381041930496
1281.2872231495555,-1806.7273620724677,69.50070769592327,295.02788625037346
1519.5361631571307,-1961.2202776745125,217.5715741203311,300.3310133542893
2298.4499240098376,-1216.9996925811818,42.30433066498381,310.8775636512226
1889.2601619323925,-1091.2144863409083,101.66913165201927,316.66074402793237
2047.0976501744524,-2406.085728405826,123.20473974496488,334.4432664569603
1082.289082517319,-1181.6643504598483,42.7196764957127,301.72762491393
1131.3328351456635,-2921.1293460003853,11.160539975726554,308.3364765648972
1698.1250493842097,-1364.9456222396911,138.06546165865123,310.62104754852504
1394.2093000324555,-1423.291789701857,8.249063135206,336.71864515044496
1135.8021390008598,-1991.7665315367778,33.70701086729889,323.8813830038843
1186.709296147646,-2854.8688642409834,54.81398370279595,334.00650389010707
2355.692834296595,-1081.0762068533688,73.64016084228615,333.05427500211806
1327.126851014761,-1141.705784907738,53.967134625066905,309.72479430293436
2356.336815378299,-2298.7106949237686,23.675638619740823,330.47945937688434
1204.8025096980227,-2269.8835915545887,31.92324469036017,335.3585471394063
1599.6270415156987,-2579.4666731648385,127.41494733006601,311.1565387830568
2462.382708995694,-2374.50450543653,-12.010490930169375,304.3461354901755
1775.0829923129822,-1560.7581663733233,-9.762693150274982,324.60804018276747
1338.9721659947168,-1489.5426706988603,184.40031359711432,334.08835838168653
1286.9077131425859,-1553.509139043072,200.23345292534427,316.3118732999592
1885.8002093573325,-1004.9850465170143,154.2980249115065,315.53841711924923
1499.8082379214802,-2430.2398737636504,80.7111903792837,329.42440657774546
1450.7426928880454,-1957.5005485121724,133.7106660539642,300.68337643081776
2327.3258723828367,-1193.9542165085993,10.237074183347012,322.11416428678245
1054.7470136286947,-1881.2983533330332,133.75507696053725,305.2534862657508
1170.9435911288958,-2365.1207778637945,20.15455131053985,330.93444551125253
1469.5511848028104,-1411.6834808084766,239.18351244450946,308.306980803447
1884.4837396804114,-2176.7473567076527,133.56739451085497,337.9473535418893
2673.916289246049,-1261.528555729639,91.71560504961023,315.7249435180839
2893.8983086351213,-2822.081880689953,-8.781109623113348,327.52862581098316
1299.8262056985504,-1891.6257215579521,176.7703657572754,323.69694198428243
2498.180866272166,-1111.4675860649627,106.87666757921039,335.5828511357629
1408.6242984025994,-1478.3672372705612,84.14924102882595,339.5227353109373
1197.0849553187354,-1292.592255131715,35.21384315698881,317.01772165815083
2351.3061154064662,-1869.4190666969405,22.54481126790528,303.14490519509195
1622.9111512506786,-2724.2389659452647,197.27149668782184,312.3096233984695
2197.4915394787095,-2937.9859550795736,9.29448761009946,319.114855233518
1106.2088609337313,-1650.9105625747877,5.997105907704938,309.51140400812693
2416.054796290963,-1275.2038570839527,198.6313614275794,297.2577201259233
2630.4389796257146,-1662.1751711434795,242.52616567321473,300.5533947850997
1199.5541875575748,-2644.8700178152276,158.04369969910422,326.9607570323443
1648.310719917142,-2992.2354705242324,150.62644475813838,296.5805268029967
1649.5648698841328,-1888.373519017124,10.914624978475175,305.46403410019286
1267.1567981579265,-1074.858686529903,169.47577386515562,306.9810808133205
1965.0980124991725,-2938.450919717463,-4.450476970858686,301.72043959249805
1389.6495524637155,-2054.378659445264,199.75157301187718,327.0545640649702
1009.4397764327388,-2553.934439758777,106.42992780386587,309.35156438773595
2694.5313141520555,-1710.9833690202745,147.1058741611915,331.98146453370737
1169.2218047852296,-2364.959704100333,50.014696727653146,308.8694372503411
1457.3513414051033,-1449.903944389851,40.231620276046606,327.55379363313745
2250.028049910464,-2661.5770054618347,77.83352999021237,305.6570680045145
1579.4695595585438,-2870.3272504508222,207.18571540482228,335.250753227921
2887.465750901207,-1791.2753091373409,35.82023094851443,324.03829069367555
2466.91556712487,-1668.839197480351,87.40965291530146,308.7446328073514
2022.6454384922301,-1089.6636058068966,120.47888733810979,329.05818306719965
2301.507456858686,-1778.9441834067932,202.9492837262397,309.5694201737275
1353.8419157837757,-1477.5458304645988,193.48526993120925,330.5311754835685
1279.843072238567,-1605.0805363234865,69.17771113503173,302.00211064503077
1216.2294025311498,-2784.002965191622,116.26966503506023,317.3717204317372
2665.555546180669,-2740.6458127859482,25.07927476608262,308.2084594913054
2302.1823813474034,-2373.300841226074,-0.9917859733254133,302.8499384713087
2225.4463570962675,-1485.4798994063863,80.67346554237544,296.7257924002019
1317.1622496356574,-1591.5182087508895,-13.416821990665515,338.1900009042502
1492.3718710980634,-1843.9207838756238,200.88264831548682,325.6197407863387
2016.3395522985325,-1107.109490382854,165.16972091534515,337.74025964011753
2131.6707888309093,-1584.1559479435507,63.806698925871586,326.8952153819307
1435.3689806584803,-1731.7235132031185,243.59459121736109,336.19305326683684
2003.561761013468,-2546.9093262961646,201.0566349319487,325.028060906665
1238.9462154840946,-2185.5232105789323,-9.470756782507689,315.17769574970083
1142.6012555143268,-1071.8717016017779,57.885554114826675,306.40031474753886
2116.026146248303,-2444.963633486843,196.41809670842704,299.08419089795353
1039.041013731607,-1245.5726800054056,169.83935325841415,304.6131208407704
1789.3816750476874,-1182.944554053223,226.31420475512272,317.2251599093799
2819.883381144133,-1880.571816724905,159.34002346581465,337.3841388718772
1019.3848625442432,-2120.4079004603377,225.91378028439604,332.781560678853
1269.04876249052,-2613.6103801407526,207.82870378175383,326.0848777437558
1505.9675490935958,-1448.439475443999,30.026101881473295,310.0349844437043
1894.307591723586,-2542.7450652968755,29.495272054299228,339.63676036774274
2695.021008150811,-2502.8526127675245,65.38477216901055,314.1817958231501
1170.8667919357638,-2365.4580680941344,206.0509816649179,318.4259563432709
1543.670646197201,-2230.5115920913627,225.15198798219893,305.31240351682465
2132.5341057745673,-2767.5786085810023,227.40612325762976,332.4846664767266
2768.9197520225002,-2984.7199379817544,221.05826764611706,329.89248144935124
1682.6260949176124,-1159.7421354314365,32.92620285223371,337.37308824498007
1471.5757918128347,-1436.385458826693,151.83592055130572,334.55562144677367
2776.9558064760568,-2223.489783568808,-5.814751138310374,338.9174480650928
1333.9492237462168,-1103.3933754765421,124.41581062723802,334.31180316658066
1772.903199541477,-2024.7131072488773,239.1546000972121,311.86009983106453
2098.061961966797,-2911.4434536643603,112.92430574001175,320.2744117646081
1912.0530241876174,-2659.9464783786048,166.27032975487697,327.5166230065567
1714.5610608055126,-1000.0755566109447,104.9947011356984,295.602094302249
2008.2857965237145,-1993.1340219483077,208.7536909092111,305.45117503115455
1777.2246175593732,-2773.6183363084892,27.323529803197566,331.82127433209155
2540.234162500302,-2442.4827754296452,19.80188591026397,321.5310259205481
2706.96166660405,-2355.211592005055,113.22881094065687,313.7337220892696
1671.217119729149,-1773.9986101715979,216.26389510547904,338.0222585467715
2807.0511788413705,-1724.2602006342056,71.92074945320729,324.6334350890274
2587.751790974726,-1690.716489373618,78.70880442599892,339.16810732010856
1362.8079731157059,-2572.395558643292,18.111256452102616,332.4155350030393
1113.0994564732234,-2100.3174045159017,128.12871767728234,335.5866376092232
2903.5627827545386,-1577.415853688577,69.52735157327919,299.3876485351647
1025.039701332841,-2332.7362625627084,120.88613805883526,338.60400194391264
1260.5461869037622,-1442.8301989098659,166.80398971887854,318.80882262310735
2569.164341992571,-1151.851005282797,256.67577220377683,305.4565786781586
1086.054164754251,-2301.657956816875,159.47255322039595,323.6681416276867
2343.647381050144,-1109.124426421659,134.1867932229688,324.55242734601904
1799.9150652541593,-2208.4266823429507,195.97366039909042,317.64724856026606
1989.214337952718,-2463.4933616857793,98.5875046997207,336.52192510358765
1154.9648874628776,-2169.065994785269,222.9627601678215,304.3957915076969
1299.6556430803957,-2476.486547797631,144.97697945661764,296.4078530429694
1597.7755317735364,-1933.3717651197207,220.39759467599168,333.25060900951354
1337.1647919089935,-2466.169954462729,-0.5305506903718697,338.53048121311184
1732.5631890009072,-1647.2119506335666,122.54430319221493,333.00474807504935
1390.6727060165726,-2399.9147894204903,112.72732926055234,307.94281209653064
2500.829236989046,-1105.0957064412705,82.03260812341524,335.86045810559364
2682.8100041186217,-2271.106819990972,122.54058474691684,334.2540060559669
2195.5824017398536,-2977.335523488956,134.75300996717863,339.23465808250677
2913.8975897381197,-1863.826712695406,57.185134200425296,295.15132503035284
1139.838408186677,-2782.265238798494,22.087574884704786,333.93170157216366
2486.5862716872307,-2453.999353837011,28.009375546332123,319.37559938585684
2315.9218901890335,-2982.962975396059,108.04335819473876,321.4780689909726
2211.468041493519,-1139.6741954741085,249.99817000782429,318.1411582728349
2312.1933110631217,-2391.1412707401046,194.11651017503044,306.8406232125284
1186.5036322316128,-1367.412208152365,216.24503053580995,315.0666757122706
2103.237373229042,-2404.826291378019,38.31422481239284,325.51791089818863
1378.409539814797,-2351.1688599637228,141.76791171261462,307.80009175202196
1530.272002984584,-2183.003496058567,110.53607527671659,330.0176803265404
1305.641297452252,-1852.8687953622084,253.69981855325182,332.1864787195016
2008.2985253086194,-1777.220593301469,146.8356719346027,334.49118022452024
1756.6989210827721,-1983.3165059931812,143.24462757468598,302.8343403308816
2521.4748783385958,-2131.417499886049,50.758851124916674,308.224301533765
1771.5604222215502,-2717.930066569463,66.73167060331409,329.2939863789468
2272.2660079386415,-1038.7145803266362,45.03918360229821,313.90675879070164
1387.219396047144,-2243.7732061324605,152.10709413002817,305.8482080723814
2480.9511072610508,-2295.415522127969,100.20437872361673,305.5552614701901
2200.995252790961,-1004.8195850805303,197.40119121437033,321.2312302485456
2281.8409547773254,-2021.9473989557864,152.87227322616857,318.6335653559254
2598.161508492919,-1076.435864550729,17.719076339803912,304.92187405008957
2434.5718817688385,-2364.5067124624634,230.7439788940201,307.7212518380663
2340.7461468857164,-2337.06471483944,185.96469486221662,335.6901488442895
1603.9561292276137,-2643.445628142091,225.76491133232042,315.37444415744454
1905.732637105716,-2382.2111532126764,6.420871802086776,315.80609911750844
1575.5770261011662,-2311.4039760797987,85.4901985993506,301.6837767259654
2724.3489130577595,-1323.3676196794802,241.07848311501647,297.0851134118217
1217.1941747880844,-1820.4800749499034,156.08343474332247,333.101178959178
1931.5819974549563,-1195.8690422794082,75.51260206273935,339.81185759832437
2091.5916529330584,-1175.8389167327778,5.557685652370907,324.6561741596775
1027.3309561298402,-1050.7859046511023,113.03307046917774,327.72310230706364
1333.357559502786,-1388.8479242623703,-2.2946973163206437,300.5058960003225
1573.8740643311548,-1970.6750078803277,108.01571750580139,303.7061159877971
2775.935604342558,-1811.7799161147173,74.50609838186185,326.282669437479
1200.5769898393235,-1567.0968640267897,105.11118983661459,309.73698250971864
1257.2347403707315,-2471.0305071566663,8.802825322060812,322.1206871175501
1818.0000658682766,-1255.2691086089442,80.31591976429698,302.90459171045677
2628.7974532091093,-1991.4178304878556,159.8841723072835,318.63959056876877
1063.2219783604953,-1716.792464346671,223.9399300341703,328.9373384128689
2230.913601253905,-1977.3440154756017,214.9486705594103,339.3049569350319
2502.9176110249437,-1809.5236109598382,120.4423882521906,303.72840420674737
2192.327319350266,-2115.55884233436,36.080208692621724,328.071259308078
2578.9426773597197,-1589.5920908687017,184.44446761856014,328.4607280820571
2070.3769151092006,-1665.9661031328308,139.90744151913287,298.47742719779615
1477.0822753512016,-2612.817355654672,-9.304120188220628,319.1913886908691
1700.3606118212551,-2614.354630961922,188.5114577885889,332.8670089447476
1281.3106425968147,-1684.9546043650334,165.56483824819242,317.72720549027207
2723.37936187654,-2248.412062724791,196.46030587147126,320.84379487239164
2919.738012717198,-2731.1331246389445,206.19512022079752,319.4691075565982
1004.5268352301808,-2111.5090313796886,163.41886595207944,316.4244549207178
2501.604440885156,-2197.8978012095417,211.87770755347083,323.46770038474267
2604.2042202142766,-2733.4328333739904,32.22830610111133,332.5778498339881
2963.5454840756356,-2258.382852925733,73.63216722710884,302.3307904716074
1940.0757982391956,-1603.981389775729,191.68690399180184,313.5793009283679
2036.8081191029269,-1975.8458399478086,7.5919345836505165,336.5999569183971
2036.172244677253,-1511.974890693931,14.137116026331071,320.6920498136317
1396.866861801301,-2171.3834792992175,46.659287730045406,296.75868746205913
2557.973925614853,-1835.4624860147671,237.7779379088958,334.3521351996371
1210.5303209847814,-1252.7977468361894,61.510078444750434,302.7601607023166
2027.206393189061,-1577.2617089770993,228.99589417724593,314.1017394299281
1686.543336403262,-2975.394471545881,244.14091196554148,307.83121237790897
2542.390151007169,-2209.6863018996514,75.5316651973546,327.85572765623283
1918.7337684411505,-2397.1001110200687,216.35448554205266,323.88322143549016
1537.9310442822336,-1477.1458353429357,33.2180799754807,333.37219322867105
1757.4979892009264,-1800.0015548622619,177.16000093121528,323.7745068854928
1286.892284776877,-2051.404194008366,19.540705892767775,337.4340500468601
1810.7138839842173,-2209.3781982859573,241.3382673038828,326.105851894939
1980.7928833226392,-2819.634652265834,101.57019617576432,309.7168643566982
2363.9829765799773,-1829.0628101129937,109.53526904595527,331.9860239348255
2708.3235557621274,-1724.70255558749,104.0422838887748,320.65194396534304
1572.521044340095,-1568.1777680119071,220.79553200061966,317.449745771356
2592.299328154635,-2042.1427995588674,-14.669503042192451,318.3193920907995
2252.3139497847505,-1654.5733710065992,12.789007504302422,326.34702957470273
1458.07241180004,-2058.498228601551,226.11751568687507,303.2776147659362
2632.2699676733037,-2997.2670437181723,239.0010917881109,322.1593890304628
1015.2919174527091,-1883.1101968196574,197.00560001049718,303.97926122657077
1873.9893660524217,-2796.6998454917084,58.81925957485427,304.5566792324318
1754.8825322406997,-1182.507727600239,189.8783072244217,333.4398762124366
2397.4523118858483,-1503.9695598718201,27.293321355342947,311.3745665686916
1688.7186250187256,-2632.6855285298443,48.56482254308983,309.18516116935444
1715.987638341413,-1733.421550043714,228.51430497619648,299.4142393499042
2245.3338249847866,-1048.738082431096,196.10478130053247,324.0914737475493
2841.636671573985,-1264.1559065521149,92.90916359939392,319.02562054703674
2826.821115049226,-2850.3400994678523,230.45038893512842,295.9738458576344
1214.1478670411793,-1787.0736295435888,100.95567309688201,312.12056516644316
1822.1561439913912,-1268.699174640834,25.605314555570416,315.36711360357504
2917.776242585601,-2694.242696980725,1.216277052127083,338.1507351925699
2358.128806720164,-2033.325456949502,195.57648457682575,306.0660314358438
2665.8914399640503,-2161.1662907946456,180.2432269921003,297.5495587782131
2669.019823558672,-1552.6951665942054,171.02454715296966,311.9396618915457
1994.1464203076744,-1561.2293824152478,60.8291331589067,322.55790874005214
2386.0232312542635,-1775.8782007980474,184.69785742693526,313.78714966481647
1173.9684127262517,-1058.5956146307462,64.43898393424907,306.6574532132806
1491.86236668552,-2545.9023535666897,13.66364970870329,327.29389590396437
2568.1026084990913,-2032.940763743151,50.06289132726209,315.0634679420574
1372.7326990910447,-1253.146264626218,28.6717075324122,331.0314182737825
2162.938949722603,-2215.8391108493133,222.86804603425495,335.95333481836116
2036.249955086037,-2288.644291518234,217.37265476155704,325.6165572330109
1561.0929971514054,-1121.198005174937,92.49670909799426,303.35455857188475
1106.8289421350225,-2436.495666949918,86.67173852100862,338.8518099913117
2389.016772949467,-1833.3028050864625,131.90865019573258,298.2871938067344
1903.115555670759,-2809.145351915598,255.1757666634129,339.43118350320617
1093.5126644861277,-2566.8272915146126,-14.775028038395755,302.177302106409
1264.7778614446534,-1535.0611040487186,58.89827881582889,305.38193566493857
2265.2734674334547,-1201.8598472726492,122.80194082939926,332.680611349981
1525.1815301902436,-2662.0384711816077,71.06713985083417,336.26603658772467
1186.9603526078279,-1174.955929264003,249.1795147743681,298.00468097552096
1337.3883345260945,-2653.2614064181616,8.742838881150387,334.3520065341785
1930.4811923284344,-1779.070722762576,59.17166578654039,308.97360868872613
2486.044954949059,-1692.4065256798244,186.99928313087926,334.20644569806046
1172.9365210647252,-1462.0704871597213,199.12443208875655,332.58813181581036
1606.0203013917949,-1959.2469670481466,149.9590435110144,339.49951712597107
1851.105403462208,-1285.87817240795,105.14704090345661,338.9214349059842
1411.4352406460453,-1985.2317794321175,145.01394701012285,305.00566711820323
1832.8635676477506,-1567.020794432444,78.5072300244993,310.63820894846356
2375.2767803826705,-2777.7730401551257,-2.07890614360039,298.17207554443814
1334.8228086586423,-1096.9045020289848,91.88071476003421,336.76161168737497
2751.470731565404,-1884.7880560858973,121.11241753628977,313.31610623786605
2149.3832699298673,-2562.7375771581383,207.2395321707334,316.2418778509646
1235.6477213503697,-1639.9016022784442,213.71822959761946,313.5666275584861
2717.2683855369764,-1095.4072035967124,115.54254926542916,313.1426309506885
2022.7783028442054,-1424.5688594442138,125.30955925125059,301.8819532417297
1642.814823513353,-1172.6730805688658,171.28444849362967,319.1692615967121
2948.2583631841644,-2267.1798654653517,161.15710611693567,338.01560752885973
2843.5409287292805,-1555.37690244913,143.79953783841395,322.3930021279193
1145.1173526581952,-1804.1460957859847,254.32357587894728,324.3753847392531
1466.7871040638904,-1691.802115269624,127.33815585104813,299.2021660414581
2147.5157815503426,-1451.1139310969656,62.72748442571856,329.0622289381376
1497.6197074828767,-1100.3820955593567,155.04081319289594,327.58270000724076
2648.199410954943,-1729.2696900505107,78.50018721224369,318.7182015945632
1708.5391473512427,-1767.8379894703683,3.1291308713305988,335.22331192896945
1152.4922176814011,-1081.747877812717,248.1582476551368,327.9209844106057
2158.951283628775,-2710.1324761602805,77.4186675776277,330.3114639870611
1949.9599030728855,-2181.6165161607964,23.001080274520795,324.81576142287844
2477.478755433753,-1342.3442712048418,184.1179908760519,309.1130317171454
1681.9112308453352,-2591.288088503112,51.58721977264297,303.43353470271853
2759.3296761593338,-1036.8677341127668,13.287850211307063,313.0811884342372
1985.7238281504792,-1447.7416708633605,19.289277228148713,333.98570381808514
2719.140150702647,-2632.598169953318,148.6105062007306,311.76032513847497
1307.683842817727,-2082.992947017367,254.276456335876,331.03953758352975
1170.5465251986911,-1048.65478963619,82.42708783921289,323.57475972673285
1039.4715961643442,-2625.964474135617,121.94791106119948,318.37973218531033
2212.087314787076,-1516.5273574805544,67.86648664817265,339.0528612674853
2849.98468464084,-1473.1080345882633,200.90582056349578,338.0699658653213
2587.421117344704,-1243.8553534323935,85.12430693983138,319.70490539698204
2023.6418384468784,-2284.718704929056,114.1864526824452,334.5184970672376
2500.8919864442455,-1162.7911427748315,197.56461735897895,305.2820930741603
2643.340385646561,-1496.458981208329,68.28463125465385,295.0302111525383
1029.1606245427,-2640.663329433248,15.370344768595935,301.46541847699814
2453.1310635192067,-1706.2329147166906,14.110808573037517,331.50667834435507
2360.6985017306456,-1502.9954519682433,79.62451364539753,328.53522282900565
2325.7499950386527,-1232.4397617141867,180.2594196114073,314.99124641075895
2894.3374810142022,-2199.0514961465215,31.262208353138426,330.19245867219604
2335.137433471369,-2796.7855445394193,76.79514945683998,308.92076834867424
2742.8046990986195,-2406.045817551245,186.65162976529885,321.74893074848865
1395.6736929848485,-1153.6580570875326,127.37969968279145,318.9324020853738
1069.6519925602681,-1566.1746236320553,133.86720601434746,332.81617658438574
1309.3410825396743,-1765.4428296679112,69.89412223096822,309.89697310864415
1497.4698803816436,-2156.411185725242,24.21652847190672,335.87762115634075
1890.261746224326,-1987.7612707410678,149.9423080423723,313.1811996172154
1715.9698641931707,-1967.3265621766493,129.4217572627132,322.92765033141717
2792.769813027162,-2121.570864888097,73.68620405404987,315.74428070819636
1144.4583147973535,-1901.8078476727876,118.38297617910987,298.5363943027305
2086.7838611026973,-1070.5257075168229,60.03567654120535,305.96737575666157
2276.9830080650913,-2628.901017131946,16.552153811016073,312.1025085830857
1032.692164665306,-1718.8980902151718,-6.471047104918169,327.5720310569888
1553.7785297617788,-2726.6069694004987,-8.158787093697494,316.1581901759821
1994.5876516655794,-1217.0036933996073,180.76495441093851,331.28727533720684
1417.2579529986467,-1725.286895109832,146.96264933686336,314.19444112537644
1701.1971986106216,-2931.6242088939125,114.64546331158542,327.27556366992167
1523.7108686492304,-1280.6406994504725,83.39565070310633,327.6622381737926
2847.946846904118,-2525.2406372712812,126.42678770363793,319.6812402210719
1646.0650137153657,-2549.5740207316003,52.64629003960616,300.5882881422538
2514.7427923598316,-2892.7129948350594,54.32655756553943,305.7241501897918
1194.1171328359324,-2444.7212112941834,71.19398063247844,322.42899982614097
2776.154186677585,-2157.1038109794304,206.16908374529066,298.97670961575756
1422.601378434243,-2127.875535435842,150.8034373756169,338.7466246533765
2719.7329016982844,-1175.4871949379367,93.33925529074635,338.9927797665937
1354.9818162024153,-2247.975963194706,139.31902927937386,334.08829049723204
1927.0296390852832,-2659.844086033342,48.41713316650701,330.1292567588099
1833.752748155194,-1889.4367034430516,159.76328203549866,337.41510124350623
1888.803721111835,-1449.2010467099226,117.69019113866307,331.7940429814079
1946.9768694933346,-2324.8298505297935,255.59808853479996,309.0992196503183
2648.0345959253004,-2376.4258291717274,215.54633165670006,323.7136693920991
2723.9352987707334,-1882.1187454267233,27.92971263068428,329.28102770436413
1908.9651021365735,-2785.407501549968,205.20874918230396,337.82238079027366
2938.3634766805462,-2329.2333875839095,41.534596650538205,335.28419665153024
1253.908571344625,-2312.968093464854,234.55325033842047,298.98962827995325
1735.0987705187458,-1596.6876440919727,47.216447543287856,338.3298115516596
1311.00885169015,-2195.8158837703986,5.4299041943215975,323.5439150052275
2120.4631625027087,-2269.3858982945976,206.24634904798972,330.6110606984685
1152.4224977374101,-2603.169320028618,247.53885082337922,318.33110234843133
2213.2959599188025,-1829.982822739917,126.29608449571171,322.8329200099215
1578.084145359213,-2407.7175478528607,111.00053911039863,299.717004569516
2447.1737633197054,-1593.2185277706901,-2.465045693674476,328.5988293506334
2540.4310096943746,-1318.9010274918746,100.37076314774555,339.50249479872616
1335.342573612737,-2941.6648023879343,138.51433112437235,338.936211591465
1767.2321307648976,-1252.526486321503,31.407281849134023,325.9764484338723
2835.8834994906115,-1496.5848192885837,31.685144562073567,319.97821413461133
1818.9778789991478,-1365.262101326896,147.19899357184022,339.1198445547203
1821.8512047670772,-1586.7290789410895,82.31193650031094,335.865919434801
1951.6971694654676,-2650.0597538361553,237.62784573461764,327.49842481927493
2011.2421122928417,-2365.0315158447706,229.17476932245097,321.48373259621076
1904.7642325496683,-2474.1331203377385,14.812236402750724,306.36918189575
1368.114815918859,-2693.478294258518,215.80392267985235,306.92930895071896
1429.2688765553362,-2579.468747512905,43.96017269969809,332.8703776314919
1406.8951995064358,-2496.8151064915987,167.39750526847172,310.5612244522981
2599.545523044574,-2047.2080033840252,110.54682316995823,309.8245672417117
2465.691373488079,-2133.4293882413326,258.79883425828206,306.4838464054739
1120.2949835691468,-1661.7513913700843,109.33819193476798,321.3948169147938
1034.6932056117143,-1247.41658228368,172.19137575297583,298.0376377946739
1259.6640331044437,-2944.2929950035523,106.36104913116219,330.399694762967
1286.844976420984,-2578.829042049524,123.86968262676606,339.888455616417
1340.1370734170673,-2754.4812043912493,126.00403429355217,335.5545991045452
1321.2268168421504,-1632.757715519538,202.5982199403877,336.17540728433255
2493.9044246552303,-1232.208482608397,99.27593835771809,313.7019987040967
1476.149361885381,-2217.575672689856,10.27345702276433,331.30590956762614
1228.1175806920921,-2096.4062224793574,222.71533148290362,299.44434580801766
2592.8205267707535,-1091.4208527781823,-12.701220171770137,309.9815727515374
2554.714182688317,-2572.8362933364365,143.0785503703308,303.1919213678378
2979.420408265607,-2987.5183047645164,41.56606318034104,314.395243133347
2149.98572494586,-1866.8671449746587,168.27181805766722,299.57868457354675
1550.451093083616,-1597.2257233295138,103.22737045259325,325.736891730832
2357.717868144421,-1886.3511495539142,69.22981840043815,328.85128333069616
2883.96366417385,-2628.1977766013847,27.95272419198222,312.5181285444859
1495.7946464969357,-1119.174781488316,191.5294292219006,318.3361810989492
1244.949223406215,-1731.5433029352423,-10.274696481968618,298.65743816645266
1517.0538054515182,-1282.2207482770784,240.17494995329605,336.1866941464474
1340.416337236893,-1552.394789510425,166.65561097397102,332.2717842293212
2065.5722527381017,-2349.5663569482626,236.73341808522477,312.1635963867454
2740.39033683913,-2696.7699409538986,220.99574606677407,321.38464761783115
2217.9277105824963,-2382.9289906976273,-14.942302004867248,310.5154718398909
1872.5103237669416,-1170.5256258543163,123.56362841053308,303.7054360184946
2234.8087009071587,-1230.7444422425358,119.47554235841568,304.64871579746693
2011.0962860621848,-1098.501071050677,91.91943698969219,316.2647241625077
2745.5829468568613,-1264.6610865950383,88.91851339452428,319.35297069078194
2397.8995743967216,-1305.3496827180302,171.11630902408442,299.58264202982417
2951.0249959651937,-1459.9539856349909,-9.70768369783405,331.82767404628515
1354.652754618718,-2608.176342539433,126.71911227948598,325.9793770855427
1730.9654691728101,-1906.0728542375741,155.8516260672267,313.32911927040936
1771.5714498894974,-2976.0863196966584,14.868273408260784,297.84047655026546
2046.3832523746987,-1669.0924531411752,226.58190626363842,304.1206527979597
2427.7902821117323,-1860.1172025903422,167.74464747054355,323.2461223522267
2308.1670004168855,-1359.7193663775317,168.0778621493186,318.63406716803445
1982.7096082882454,-1225.9939263620024,236.63487220034358,301.31229905353285
2014.4418489828581,-1633.4017223163814,228.43656041001248,330.702864605079
1335.0322948938995,-1943.5529401965075,124.2679607698889,312.2436631262514
2419.213410917546,-2925.3973542002705,20.37289089439269,307.98343890057674
2302.0425035133685,-1665.3314562663013,228.02002460956655,295.7554117158928
2184.1112218900203,-1894.2300333983449,62.47490098788404,329.28791789772777
2659.331563532961,-2644.2294735641763,68.42454501057807,297.1819864117049
1222.2203592748851,-1708.9520745710113,228.96533889070437,333.80269169747635
1607.6837979184165,-1309.0429794537154,221.02471588522369,309.62737727509887
1378.1230211316756,-1404.5868736252678,73.93817876147251,308.58058866196734
2137.8703227574933,-1411.1653209706167,173.4218939593236,335.43252584200064
2795.231171402869,-2928.5432790066493,38.119363116073345,330.7997824438166
2370.97048676967,-1513.4110947700913,201.6909082684952,307.9201760996522
1839.5501776298165,-2481.545591741163,-13.948607911772408,332.54370024183095
1930.299970223993,-1141.9714007190896,123.74574428800537,336.807765615483
1325.891806958083,-2163.7243456676815,20.87786283464004,312.8309961579356
2747.6286769204717,-2399.2252122171058,25.493741193123263,297.55310765664035
2282.5711991885064,-2333.7618057110476,80.04796524767505,316.38771438574514
2201.0973651570657,-2154.2998513470457,33.03893043728647,302.9714557462678
2408.9860195687256,-2848.020401030158,112.97619924722011,319.1836511658442
1650.8176359603628,-2894.6671536567183,161.76281716658565,310.67789655526127
2610.9004157517534,-2989.554721045095,183.7673806559506,336.8916384478658
1691.971672633687,-2171.1893561102956,49.12577217725459,321.6948153419215
1067.2687749419779,-2117.943309791379,164.87296391203498,304.9070617694538
2763.4547982692848,-1776.0306047568936,183.53705739525705,334.9106828113282
2179.7436203365405,-2075.166730589134,91.54320729011074,338.87677597884795
2533.6400646886086,-2461.0098182382635,54.35651326209732,320.8305128633262
1153.7385604051356,-2290.4359994478377,0.15020146454389227,319.89678166632194
2036.44485899233,-1017.8007619663806,44.30857395303069,296.2883850441928
1545.0074093432418,-1625.207613782343,123.38900349088337,313.1374644794891
1581.6335633159183,-2434.6967564786164,54.00905207494621,334.2198921139252
1045.8947326760272,-2329.9488981065347,147.02883580466397,318.95963434174075
2367.7599884404935,-1138.6972218388241,199.28093624579978,307.72904114995583
2443.5863699725705,-2874.413416601186,22.012512613941915,309.31814832310465
2410.5816238389584,-2354.973680518103,127.87914386313162,298.2985508449384
2138.2933399585227,-2971.007976786989,47.175493687029764,299.79676287910587
2503.3318682648805,-1185.362811014348,143.17164955271986,326.52720410075494
2090.8799025790067,-2783.6776732660237,106.71569388163755,297.09719146140395
1992.6941512141802,-2292.2129465805933,85.85688581176365,328.98146889680714
2981.011692562779,-1330.697053859124,12.253614926674544,311.06248011573865
1206.8378562527255,-1001.1912465235255,115.09931173246818,311.8272258801526
2200.447788029386,-2473.2082283219033,162.33240721689285,311.0088969881142
2431.3510861659565,-2475.2394490193633,52.32253981675264,333.4883691881548
1122.382923078248,-1530.4290707765274,246.1489599451009,321.3918154913695
2792.848017867948,-2509.283939317456,248.57849699261857,302.08252674126584
1710.4241078130212,-2360.087891887981,220.9886858560691,303.6055782547581
2250.096337813563,-2784.0985434742556,17.776687682812778,331.91238749632123
1395.8409385848634,-2802.9167831359705,229.49214902396625,304.6861762971224
1137.30498377235,-2811.2361618225723,246.93834951848606,324.6531482399789
1616.5789447788,-2520.6157250134015,100.67014183762447,307.950856183287
1575.0643541520426,-2071.7033739582985,41.67386561979679,298.2108083904429
1413.1190219431414,-1151.5014815419024,101.03958043979894,303.6432048967338
1344.266427144659,-1796.096976776973,7.901216764360786,336.7254431382014
2461.5453117265233,-2705.1718259921768,98.8964806080789,310.9865008781103
1109.9489009365232,-1842.0947170680838,238.89800866212138,296.52195406485055
1081.1950313413008,-1897.0436224032544,172.23460797692672,316.4640471845483
2761.8856345843137,-1316.6592381134305,21.371621206579853,304.44771279625684
2605.5974937077053,-1048.2227611032388,102.18143357553139,327.7899450271241
2151.670312043572,-1885.9226750680682,-0.8753892922134998,309.35785200189565
1437.5500195900354,-1017.1607760016959,49.49109238183891,300.3764628487836
1446.8119347893426,-1901.6104348654308,120.32955963885203,295.9125268361429
2911.489233025552,-1005.990494701719,240.19055637151777,332.45173987815775
1877.5334058609487,-2497.4289398855235,239.77092705624284,295.5843821655195
2029.2244799372506,-1227.6696114827544,-8.787710243806714,296.6306499408307
1693.064911424841,-1733.615479020875,32.042661277821615,327.30877475125385
2235.1061711330926,-1233.363586534829,98.36396296882198,321.9944195109243
1404.3973008005592,-2026.2879293648755,217.49680298229754,337.6010862388773
2400.3671968420076,-1515.2334743693118,211.0376434875461,312.73151808533254
2929.01935678276,-2911.8198466469457,24.28312781811828,330.6268884952709
1669.9879436663718,-2158.3873206055828,202.71129111560236,312.0380792290737
1360.8392909592826,-1384.7304133119387,202.2559288605969,316.8203162314426
2063.654344899208,-1540.05505407477,106.7350096159479,301.76834087447054
1552.1773119753755,-1450.1356057909745,76.54269203205807,328.4884097606716
2736.0410489872434,-2605.118573385665,39.88720765050235,336.01083081429744
2630.121217981768,-2249.120928341071,12.035683198008272,316.45178878844155
2911.587792732158,-2615.781204677799,39.93929915909803,299.9988088532728
2186.7924730056593,-2634.6603487742664,198.56436319405265,323.4752028101969
2381.863750867611,-1847.1853161128342,126.25851043973313,329.83697280401327
1625.5247951708652,-1260.487357393034,179.44916338708762,332.2830169042254
2828.6429158172687,-1966.2168834884424,105.04223841470437,338.42313983751717
1866.9763509574768,-2615.1488367101906,65.32748191904967,298.86824863121547
1974.8365382249324,-2069.589790159231,32.78334996819286,312.57338172623804
2394.7270462263014,-2154.9656687474517,129.606400395273,297.3307325370673
1036.283356702498,-2754.223200855559,73.48699197146055,338.5266624540123
2017.842969974302,-2186.60903660402,208.5344009514186,339.2617646549597
1054.6365337050283,-2432.9437409309735,29.060137990938536,336.9433508434292
1434.309806469499,-1253.7734736008258,154.48601893144087,331.0047815707105
1007.4048113163003,-1343.8913773748764,255.1627963726633,302.5567234430357
2317.8617069935826,-1072.6734926119748,-13.484994295044384,338.2855106264797
2122.911283352088,-2622.106217291924,172.5281170694717,308.65278482811465
1436.781699651341,-2879.2586419538407,202.87072969985027,309.0974296933349
2463.809155127642,-1136.6874905088532,203.33618094377263,310.35811591938466
2803.073781044848,-1693.3171584904003,42.92764492271689,319.1011182212268
1706.2232485560207,-2566.553299218698,21.010375578055104,314.55498721235153
2774.212183716048,-2042.323600891888,245.50017440541154,310.3510328219781
2594.695237651295,-1567.2698223587747,60.36295242850805,301.04987689746355
1534.0418676936997,-2628.827726240439,231.96870395171132,308.0812230790791
2735.600305716132,-2284.3541861186395,181.13892838858115,338.3765117571482
2397.3321900326946,-2833.919481564776,30.21488361324399,295.91206114125674
2679.2653214897678,-2001.7664624588397,162.6480613302589,331.8418144420966
2271.8120994307255,-2107.4417516686435,152.11682097887217,322.31747291134127
1185.226488091162,-2772.0138860776333,165.84090929837876,322.3404960145739
2775.9734090765123,-2426.390197061817,229.07909395301684,315.4427854506705
1797.1399004930681,-1403.4600739660739,0.2657000668579794,310.26192314106413
2007.2011209166276,-2477.504229381276,133.0764256047295,314.9652580397029
2685.756255161486,-2330.5452076248557,107.58803520834614,338.3743578509724
2393.2166888777533,-2634.489956695835,98.26299906780234,328.03519442862995
1972.936902004822,-1890.4707315757337,189.68260696431778,316.8099998524119
1063.9739730495512,-2898.2358651413674,52.640715963143606,309.4074411446407
2401.396517286603,-2482.4065244923304,20.17741182159937,298.43024166792094
2642.337552820187,-1729.9396986784684,33.082161340182864,315.9814073194852
2471.9233030300047,-1840.2901153418718,9.089472886369727,323.1944616977203
2675.5025175082674,-2436.0550616135124,4.421872708571726,305.0149663170914
2916.276005816446,-1858.5618459498958,-2.25148283602247,333.45046670062356
1661.4774293615158,-2802.7215124894383,123.6641315148425,330.0670043090995
1799.2185752423327,-1570.3607250414584,22.410501621395923,321.8082635938906
2871.127196465349,-2497.188355628228,187.57309266323568,333.63750211447933
2522.200937789166,-2552.5989664634603,107.87375852907103,339.84849766700444
2798.893460841963,-2407.901205572006,36.80422019793586,315.398023952373
2806.1903989110956,-2499.6242642231155,160.42676691606533,330.26157926138166
2412.8031191628006,-1477.1347000600813,194.0689803652952,308.9652086031189
2159.5225004019367,-1583.4499888007638,182.53855327377485,296.8596019010253
1683.7122927199819,-1379.7219864920412,136.00594887660407,337.03415952895625
1451.3356521588328,-1374.2343781210814,123.09066983844903,297.7289410793956
2987.9503316202763,-2897.0755894331996,193.2534419434546,334.60355257205435
1623.6030984073695,-2052.7391925480624,258.11734566075694,298.47655762305857
2180.59582655982,-2519.8975042819047,253.38567593495014,339.05559857394775
2187.035361618481,-1708.369262291299,119.53091880826176,295.16911633956164
2221.694936441256,-1189.4351186952324,36.0242764049045,317.88247267737296
1414.3812434040726,-1716.8279846768855,215.54564751011205,335.8484502576026
2903.692107442278,-2331.550341796167,158.0949918083776,320.7393153006193
2473.4490317117243,-2808.013662558876,157.820042862641,332.51326673961194
1261.6756362083386,-1641.912232895346,224.1522450915321,329.217862375807
2104.626169724007,-2194.863412999465,193.77417356161078,315.1945264099861
2683.5212406714063,-2416.833471948038,103.20605287321317,316.1873434780176
1753.7923833553364,-1442.8032935297308,86.8622547733353,303.6865304551631
1325.5837995849167,-2478.5397843096275,113.0122737428895,338.5778721389052
1834.251179542084,-2964.157592075317,189.634132282905,331.3616877458463
1687.651365694086,-1283.590978371305,76.98792672442457,319.3377143264596
1004.2784724869123,-1720.572159344336,47.66310125998771,334.91582913312567
1430.4600293397482,-1503.8480300401645,72.19570918353035,329.34543266250154
2951.712121338618,-1919.6008909047355,39.026664749087054,316.89798148839975
2747.052396949687,-2196.744411677093,27.7886678100026,331.5500504919495
1625.3688664822953,-1471.5283330571215,98.81208619254318,329.7271701476661
1012.5130883648075,-1594.4170240982828,143.5792322550865,295.97773799783516
2520.3360330229443,-1832.101598535415,223.6943350138726,296.14850724337964
2066.3767165243903,-2317.082814020221,200.26014963660424,321.9735678540352
1935.7251860551335,-1162.1107123516047,67.21197329349363,318.3332941267387
2618.803947179763,-2768.87676917265,58.81492508549631,302.2324215219259
1594.0820385817692,-2087.1286154859895,220.54196781710417,326.52278834377205
1938.870375718338,-2265.8336596661334,100.80368927687852,333.96953033279226
1976.9492339577391,-2079.2729065541816,142.54868898940626,301.6763459319373
2567.2507936401526,-1625.0588841897732,116.52691958889375,300.2349782729163
1996.6282057996095,-1151.163646869346,179.26620974045758,317.1016267721734
1455.2778142025077,-2791.7379280181663,110.46391488441319,334.2902440287029
1845.097301654785,-1815.3632973361798,154.6337055409503,300.828159989526
1621.8556948616765,-1270.3007452045076,28.110925246034462,320.37594885915263
2547.9648876473066,-2532.4597175621902,148.01817801851118,322.48170295942333
1275.1490825865662,-2915.383844219188,54.39678213968736,323.9446290671031
1084.6643014852177,-2806.741384110544,-11.899483831052695,323.30018335646474
1546.2286232839144,-2820.0726611327564,118.23280571182275,326.0286064887625
2295.6111427904007,-2359.712452567518,153.63908210753374,300.0808244895137
1462.3944541535625,-2725.3335614120324,31.29453528108884,324.46654060438306
2393.8267844048355,-1957.1285868577627,225.31510773358275,307.51143582783845
2524.5661237315535,-1263.0753167407006,31.596923864625673,332.93915616513897
1847.5312277567841,-2647.5228422736127,43.29200990367854,326.2734046601796
2401.2741711387985,-1016.7982668577029,85.37976779373614,303.89714719410875
1829.4890192607236,-2187.888566584929,44.99325600248856,318.9989606821027
2744.6314429508952,-1992.6783951980249,114.62207167766553,323.3404165123087
2556.5766055788063,-1995.730904923959,159.93633446704754,322.96714674071205
1319.5110806658213,-2217.537241845951,53.4739019741065,310.6523987538189
1629.346664538654,-2998.676919369862,100.53419334139669,334.694380862556
1189.7421402945215,-1684.2654906653595,158.06716472946715,317.1934585785735
1957.9829497654205,-2426.1569568600416,-12.560637591476834,334.6213518589417
2462.1827802619564,-1001.444988906818,179.29810418323683,298.5325683239696
2707.0894168084574,-2990.7878430660353,213.67418007927918,314.897731710903
2568.2923125492284,-2570.829848716123,162.5163103432837,307.05988338249165
2718.5790197273145,-2981.873035508798,195.05184267619856,339.0447860605653
1470.73742078799,-1290.993691088299,200.2821540685548,325.321724790753
1904.2231313969974,-1074.9897738371533,129.43036080909022,304.1556867209973
1295.2932262978225,-1243.2934234427612,91.0302524013377,325.2201069683338
1582.7449499517998,-2899.8412456815668,158.54122397999063,306.2414708927643
2804.0477363230093,-1089.9808223654409,63.54906133880304,308.146066401985
1974.2276825936547,-1810.449815015261,97.74032698048664,330.47438350781715
2289.0516187266157,-1085.6271476878258,205.0690071652063,320.5248159970374
2742.446643113499,-2718.122043054015,86.53513009946933,312.6862727026808
1955.1030177688567,-1653.5464878831685,228.29315542435324,303.3229873174049
2053.368604875833,-2287.952123209034,22.985272583718114,309.08431758441617
1739.6712851709194,-1337.6411891270566,190.3852887677036,315.86174831468196
1354.634423594172,-2249.1513821272847,-12.45239752403222,322.3970830327809
2585.8544442053108,-2199.942496487324,-6.737507297124246,336.7268507740098
1698.2198151204948,-2829.94965579066,194.27509940447698,330.1997651407104
2280.6255696799476,-1939.9274549600013,183.25267318977643,339.1418935300383
1757.2396248001728,-1977.871996435696,83.29872672569986,333.14244420984534
1724.3197515886566,-2082.6707678226444,-0.2559034069324042,311.19204364249435
2833.7336600854032,-1700.0782520616822,223.20058976718317,326.4730187303177
1596.6009220099754,-1284.9045529671398,175.63601359148223,327.9338088013268
2813.328149229639,-2817.418122061148,256.08060086856557,312.14404614542156
1619.1164273166346,-2804.696914230925,215.13999721989097,320.17446738872457
2812.359184215492,-2723.8423439442345,60.61281389179561,338.11655930999945
2989.5689969105397,-2067.185006581649,64.50717855111691,321.5581854640094
1291.234640459175,-2238.7724687225314,78.22683810227885,327.8320665371505
2392.2339320097126,-1950.70582972614,33.52750725334989,324.9065987839043
1488.7086961859986,-1542.894390158449,214.94972764119734,322.886324413636
2635.7117148477664,-2167.625160587848,5.6137845190938265,327.5810445352048
2662.7261137051164,-1356.793909923818,20.214507001480015,307.95115192995286
2969.8586306792704,-1909.2473405587411,-5.638260190245676,298.873606548301
2204.6425176771463,-2751.942969293506,222.77127895515662,327.5446545174785
1997.1362393397783,-1428.027565596219,24.85852060878353,335.9638350467998
2871.2342875593545,-2653.1387572441763,207.96833287612841,327.6146871861803
2493.883782741335,-2335.2108932786628,180.68048779364347,321.9022114328615
2595.7371159715703,-2604.9685307084746,3.760392776083904,298.8659822332918
2353.341547715734,-1773.8373374985556,137.4077632139668,328.6094844694057
2771.058569182789,-1480.3198337471424,-5.973393237601222,331.08829599672333
2040.8356381429846,-2925.013201854335,108.22717074501226,339.3114104279275
2036.7036990285173,-1009.1580697609995,166.1979065466972,336.76291036724047
1971.5181810887539,-1055.5974431637544,73.93174094023625,312.4668417900742
1555.7807313525898,-2749.4261037429856,111.15132234030145,328.9600962233093
1315.5478239772979,-1007.7027976689842,236.3355429766192,335.34169468255357
2320.5729513477254,-1317.0582777754753,163.2739032454521,297.6286977390288
1998.8883558267416,-2463.1037335000224,145.99911154879237,325.75191190444843
2000.2572637116245,-1452.6233265716785,10.987293986860479,312.42737716915553
1894.393396359725,-1475.9480070877894,48.85525677197979,312.78407201342884
2055.4394603208384,-1775.442127579639,43.225931257706684,322.55939288757895
2527.8741402580727,-2091.568191153896,117.05467547094463,307.03854979865423
2581.8195322079564,-2510.057197637099,220.46526850579994,309.41639168554036
2724.458250887826,-1374.230204799773,66.58037622614331,335.46937961877876
2709.455088209789,-2380.4948623855275,169.95366224735199,297.2569563431003
1795.9765364656744,-2844.5496638339264,233.3834486548371,326.20403443801047
2215.9630863252173,-1463.474470171325,159.90101163866728,315.74339734858927
1862.9371469218436,-2719.2215639555843,67.93067556487763,331.05510990205363
2154.7550890822754,-1338.6739374281424,249.74680427893827,339.8920047425344
2218.610987037141,-1437.8896542811228,101.37558880237641,324.07410938026555
2454.058253854715,-1339.892402696172,57.52452563868118,313.4464978217076
1121.0377067596892,-1363.360665437692,224.0267277693086,330.0023846258017
2601.860495786502,-1224.6510642890173,215.00114260883262,305.71659984877545
1659.2997673189511,-2374.644534530551,70.14637251770624,326.3219155675766
2849.407838118549,-1888.2757615398077,200.48484674763236,330.5186490923813
1472.8549808640514,-2001.3251973762956,7.7726083858674855,319.23976208850183
2204.060381579093,-2531.9073210233623,205.40781972686867,300.44394234989386
1813.7312612033315,-1776.6419470138571,97.82634581696904,298.4492551164191
2112.446613355027,-2059.797479586354,106.18193414586071,308.19802481073043
2361.868664909818,-1777.0276911667654,127.2393801739006,338.42351477726925
2810.3785579603627,-1218.960401448971,195.12167109353595,315.552587614266
1641.5053078565616,-1243.0537281945053,68.35100108801218,329.4306899049747
1650.6282436002975,-2052.408536363376,246.4633602473058,329.5829094676743
2834.2750766610634,-1663.1382775109766,34.71462526153268,302.4581953253497
1579.1199010875218,-1869.4654544821801,221.11616632076098,329.33040935176433
2459.0872254700553,-2365.7707092210494,129.0906569366191,307.43773296811656
2320.275553838996,-2918.85003167925,66.35649218345641,335.4460997099978
2285.13470031573,-2074.496681023391,145.95550173971975,301.98474610956305
2902.5565411996813,-1260.097924304202,161.4617228259676,331.2299642319888
2587.1024907591973,-2008.0054099036968,246.01604505068565,308.9376637402807
2470.559469685777,-2436.6163010910677,107.42113905000481,300.4729034997675
2196.407197726057,-2200.6929424967448,226.62185689775495,326.4760436063192
1788.626752453903,-1349.5058419186753,60.66024521003028,336.8735161463531
1606.0502171676367,-2875.274507518021,51.695480111154225,301.64637422848625
1581.3536121315387,-2582.5617130622795,178.97107415594857,310.4733340547091
1217.7718576722777,-1850.0595753124876,12.94263116874799,299.9776572767496
1371.2403635718326,-1470.4079598119495,218.8268709950374,305.54716924033266
1971.9408325314864,-2351.155676292626,-3.93726933435363,332.5972956971486
1540.2911710803176,-1468.3213582635888,-9.366622260498946,332.7676089380863
1556.615123235108,-1911.5742956103325,-1.326044289037224,312.21978749899733
2312.4962561235097,-1836.1068188225674,63.91554788969245,297.95139564040863
1658.7263337799118,-1720.1591244634842,257.5028423664256,338.01187539244165
2689.2592217543374,-2478.898952549446,-9.297737079215857,322.26471185375004
2989.432810331857,-1043.3547272153648,29.64683707022941,308.8981885427461
2611.773936843144,-1070.2558470376828,196.1554986430219,311.3485849590801
1617.603654836184,-1266.5143186135106,220.69347362167488,303.22830037416895
1802.9871725618464,-2920.704488188432,19.876309053983483,305.5114424969955
1885.9015536243257,-2955.469925319251,154.130432340452,311.04826288209466
1600.0088899029597,-2650.968274110227,48.16209896458652,295.3400239940297
1841.904273316896,-2876.8511781958678,257.3452263971202,328.93375489519246
1810.8178613658893,-1387.9122115986906,246.8156954021959,327.3237002742719
1384.351129938684,-1115.6463319004567,-14.775362552654101,332.648694460687
1660.7795321258745,-2515.628153772262,2.7439939986808355,305.4755427378789
1571.431894144985,-2280.935864631082,110.64672697196575,334.5845041712205
1071.7664920822353,-1310.1589951702267,238.06039748951395,302.990775276773
1459.763821019946,-1415.00828128264,225.22421035045227,297.03674199254465
1812.2697076402933,-2243.959400498407,207.24475813705072,318.5237780319363
2475.3488017193395,-2082.8385239552367,98.43539045285299,327.0647583963796
1079.3278869435665,-2336.435671400722,-2.285318978188087,338.40076668501985
2655.7838682924566,-1262.7443861090244,-2.9208821772571447,312.6352952362495
1563.0146073857682,-2948.5359879523503,181.15086081394614,306.8659041051639
1474.5154543044055,-1944.2740322780912,15.249304339008859,324.0715543121936
1954.8796724839376,-2555.2810709561877,3.8426020880433214,333.9858259467344
1204.9258257442398,-1836.835884605936,57.050399078397376,303.87964669014076
1160.1827307814979,-2714.96603308587,99.71271037157386,310.84102018161497
1998.1280157123447,-1519.8237765767599,188.38173127816444,320.13338647245064
2688.379407541881,-1857.2071147264885,219.5547950066556,329.436303149594
1162.24098837567,-2549.9730995782274,-9.01516878957208,310.3930800353427
1433.9914057308606,-1275.4325823880142,197.9402047957947,323.5792292565157
1901.7228657475669,-1188.5232140862206,246.45443158463297,304.8457557924416
2639.047019831686,-2328.608661493909,253.99811476393074,338.45548572521847
1448.8340208705604,-1700.4009512868904,-14.569238457805273,328.08351794709193
2087.397622175525,-1175.8242045679367,168.8405576531762,323.0453199380491
1052.3582008417818,-2162.805127576171,26.620086700174028,306.45323181978114
1245.7605177638666,-1456.422178228079,114.69584323050327,314.9522369828581
1866.5131598931966,-1091.7544961007522,170.72378399527702,334.33797242562457
1239.06301917314,-2018.1939708941811,139.97282568098123,328.378219242193
1802.826520925277,-1146.6044359751734,181.3545814952098,324.8266989293782
1952.6915870104294,-1129.4378975528134,1.517586534711878,312.25931566115213
1463.0394897373997,-2947.0588834987684,192.98460997772523,295.4927348853176
2364.6184133114284,-2666.514817919185,253.06350870785872,321.9738727740302
2856.1465879003918,-1997.706476791164,143.91152374235827,339.2199749169156
1541.9595525750133,-1265.2562816873826,26.103515751178413,335.44073819988984
1065.6198398342904,-1278.502600533915,17.101059241883235,296.95272125373117
2983.2691695087055,-1075.0892749687139,129.36865948413543,310.2363019512396
2311.659983409505,-1499.1148796491768,176.51973401148996,327.5928649654678
2422.5699354535955,-1493.381930964552,180.32835213958379,330.96575038233226
2936.0396098529973,-2023.4571765723479,76.84748414175745,318.7776046160885
2439.0496867498014,-2919.3725070019223,25.953689572757185,307.3675198679067
1643.3956545756942,-1125.8430272368296,188.74489195511424,320.2567135065069
1040.2694460032099,-2612.991495538663,210.8308767122492,298.22271648645614
1879.1359051587806,-1538.876325826466,106.04741673067393,308.96323929530803
1719.185746185682,-1542.51453389468,-11.108582428241531,304.14308577101934
2309.990803528863,-2823.8086936540185,231.1233275100083,320.36882410895635
1449.2089700001006,-2525.6838352152454,15.239976788942041,318.92086715702857
2413.04443611132,-1900.3426823324348,110.862116761547,313.337568247277
1308.4124690996969,-2366.935015894659,4.857216530724003,295.57392220645056
2143.542021659894,-2422.6295546094143,75.71287876065577,296.33483498376495
1556.9098473288768,-2695.718459965533,80.9381696943074,334.2158293331261
1436.589848318228,-2517.6592849833473,63.76256494337336,312.2510889397794
1449.9385380579738,-1535.4440989597883,59.982054623503814,304.56260146298695
1436.458111525104,-1348.9969343078699,106.07291791749796,299.6963859245872
1170.1425349090296,-2017.359016285739,201.8412281552205,336.4791004772478
2278.768732632124,-1277.7763193783396,240.36020616646144,311.07603800476306
2267.7097316787567,-1291.9253494846996,107.08027962419266,313.9146659052539
2278.393824400583,-2378.602277708497,248.60753613000315,321.67470691384653
2809.6657661932804,-2011.3406262260737,31.873649697125252,333.6757808503362
2475.8139638472967,-2154.431608582848,193.52173017591014,335.2021335539136
2617.196797308685,-1062.8912999657412,138.39029329963086,303.0321557775714
2121.905797080254,-2909.967606153815,186.94330124766213,317.5463841750619
2006.8378014742807,-2739.8662027346068,134.31282447425448,322.0836930192463
1832.1505492002177,-1916.1213054315667,257.87098332196507,303.1436560324827
1940.0873617420334,-2819.395163278493,164.21726231307068,328.97446803505073
2101.4128432480056,-2442.4164127938966,140.15242017822953,330.0071276138943
2057.7533608422764,-2729.109993002865,243.83246021961565,325.20643438021733
2490.4970597789998,-2242.930830470352,-4.839614781638009,308.4127293268391
1064.9375583975363,-1672.9100525287977,84.78162379288312,308.83407790607527
1776.778600669726,-2845.4970562329463,70.9347602373897,311.05485198538935
2481.8506056810597,-1679.7691711086209,155.01598295083124,296.2210726689751
1654.1536973575485,-2569.8676439607198,181.05810778114275,323.0820059687478
2187.275622396777,-2244.193946736967,13.160597628406002,311.53656183409515
1869.100039246245,-2868.0671134890645,183.73553099833038,310.86542339679386
1850.4344090433258,-1408.0957467944406,131.52384392597253,304.2050333183713
1381.4154479961408,-1679.6414540021228,159.15253294422195,316.8521122358854
1368.9510859302902,-1250.5977303407005,30.616067169060187,321.9540965187553
2857.5718400897504,-1552.9793105697295,121.56282374742193,313.66837657981534
1544.6504402701296,-2408.8322544413813,20.887819497344772,319.9993040887931
2044.0573530175552,-1077.6635555080481,143.2426685799979,330.64728767139917
1973.3414372391508,-1921.973131490101,222.9297524144306,320.39019616508153
2079.142191116257,-1788.905028688705,166.47485134540065,336.61805956113267
1974.1370696403717,-1324.1979584416817,81.80856122455795,323.51215996991243
1099.0949864883971,-2286.3312657743327,153.4476328603734,322.1889152746419
1498.8554122734058,-1808.982659269346,191.72272186304625,329.8610556517998
2679.9786407164065,-2599.98902015397,94.50640258879787,302.9887611928515
1788.0076698891726,-1112.6041058275277,147.6339388698357,308.8878835956351
1122.2979049374162,-2862.8526898902173,23.266007221665213,303.60728976734777
1808.0509081871733,-1258.461727079148,7.715056961482759,331.0885776412867
2396.630943754649,-1195.9449224937523,150.30197821236732,303.94358623306226
1164.4747279802427,-1216.5677904058368,18.950420290724303,304.2568784754541
1608.4314986020142,-1268.276422631755,3.3750651403099248,308.74698795623107
1413.5034737376163,-2277.463794529213,79.44826049670925,300.7988735965714
1006.5760881996022,-1181.7269360434077,12.950259330760638,295.36001147511394
2857.6555094369487,-2079.5522598077323,181.84687865659336,334.53006552404725
2552.9633600460775,-2439.7737848248603,51.89464287381777,331.53579715651
1288.6278777798639,-2705.1158586909696,166.75506729539686,338.47197678565226
1492.7966963819076,-1653.0795899560592,99.52090377362363,299.9985543776219
2837.604759525334,-2605.2285413402183,109.84473705212564,333.4308763397517
2024.999804264765,-2859.44207484629,62.152926445236844,318.5279389971681
2956.1270362127425,-2866.868651330809,193.03152118963422,336.661613084804
2545.4485692424423,-2392.022202100702,165.35003366299006,298.79042269415834
1493.5200595507574,-1223.9612055270118,242.09155620175846,323.687604455122
1252.7863324385075,-2572.235426551685,232.10601123775467,334.56799220610816
2208.062823743715,-1642.6738171764607,213.77855240815148,310.9952684974978
1229.8384264179733,-1458.2142361979243,183.63630711479996,304.7497283450416
1706.2717498075433,-2572.3196721498193,141.5718250862351,326.4385904883384
1586.8691341526492,-2011.5343173809501,197.49976037943384,312.68076028010955
1874.458123130211,-2302.859751671489,175.7115509419022,318.1848415556204
1388.8164813429407,-2431.2223235811302,12.292617267597567,323.1389614616591
1725.7183689595972,-1418.891140359967,118.25273573955388,325.3465956340964
1035.7535446321779,-1216.2437416023843,1.8885167565775305,317.00127032631866
2434.6158032597914,-1443.7098865608198,132.00987480564862,307.34387896932026
1240.4442946054603,-2426.4489277506073,52.67780103828828,332.81386563535085
1054.2632672366024,-1108.1240562005057,211.11732657028404,308.9514573199973
1174.0257649466569,-1883.4805463367945,116.47094345273638,318.97935712569705
1790.8339333475374,-1089.663304880653,60.23009394960752,305.63785784839723
2690.255349147219,-1924.87219241003,-0.1435247255645269,302.68402073364683
2246.3990581382013,-2019.623788700162,184.87572359520482,338.3762756554432
1823.5980726677774,-2277.035679025746,233.71660658579188,301.95243148884293
2118.2477928107187,-1249.1038617339984,47.19231555452063,295.15376742652995
1318.2912657354154,-2950.4974405098446,242.7223542666186,316.78010250492474
2059.445205873353,-2144.2310217355994,40.310852182683554,314.0747750376363
2860.1240874484383,-1573.611035551188,139.119592911354,312.52506883794854
1037.428422564612,-1358.428285308939,87.016986326515,297.3925810805609
1285.7983900989084,-1466.280630477974,75.30466442454122,325.70562453085523
1100.2762433085945,-1546.4225114150136,109.99918396873154,319.9844525938778
1567.2237518969769,-1949.3671663964744,38.4250863160535,301.6099749454828
1519.6466330885091,-2771.971668366604,238.89691364516742,320.2555749000922
2177.5759681013706,-2434.820749175236,179.65930049585947,301.76655172864946
2734.0423212023215,-1434.849960104994,5.863990469799923,339.1729243516859
1413.7434985471277,-1835.3958749674894,205.6889568760502,307.25409437001724
1424.8032605414246,-2865.4245742999165,225.84860606859073,299.9508991232419
1630.3821240041834,-1178.2814319965364,173.68489674640335,308.2543248187809
2702.207406333164,-2757.1256966952565,0.07073734457332925,339.1644827320174
1611.4284650511581,-2169.836663668486,185.73419803203976,329.36592590194476
2358.8008300216816,-1500.405768341894,65.02225235878652,303.46655962718694
1887.9309404198125,-2088.791603660856,119.9423764087785,300.83319705409355
1238.549223291014,-2356.2539322016873,2.922536924520781,304.71952620457785
2081.569132915661,-1111.3421921973654,184.18764890149694,311.05220478624415
2891.850247588023,-1335.473350810849,70.62750138784361,309.9832698088286
2621.8498722830873,-1044.873974225699,71.43666291951293,321.10831606688043
1445.7768743846111,-2385.411252429718,185.59204043864872,325.1329886194132
1736.7656456237405,-1183.885333360405,57.59573067701071,295.80047278208286
2253.1613470001157,-1370.1245952217985,253.20924251907962,334.5646109776591
1500.1338650194175,-1119.8775589621596,153.97358428112116,312.55206382062033
1908.6481289041649,-2171.1016802931526,235.69017297193398,330.0478633244779
1703.4144487208662,-1985.0800206310005,152.41783295896974,329.6226645509779
2782.784279600742,-2709.613960324521,36.38105033933859,303.6676393211536
1127.2656283965391,-2475.9664849046285,152.6720297750197,298.32048182888394
2470.210054204462,-2402.0338605729817,220.9223315253395,304.1968486224676
2326.2016223796936,-2678.9115788356116,173.89476634950904,304.1987793127942
2300.4122343448844,-1596.4490884526344,32.74001620722654,319.1767661694937
2908.4743358443184,-1814.2341407649785,172.17359665053203,312.25838353160407
2475.00862381726,-1320.909569986403,-6.714941647499963,324.50753926408566
2646.0196375569008,-1098.0485984448833,131.60925307818044,304.27604848330367
2892.098427346459,-2089.0941512109425,110.5818710235853,322.1515411804692
1955.4285604195534,-2477.812777584701,238.59574021366836,316.34496340131665
1331.9713657526063,-1624.8060537245835,131.85529293783787,322.2017693321305
2262.1089592590133,-2469.255742305877,218.5498681882357,303.13885841737056
1553.310867509464,-1296.5254236252551,4.053993702301096,313.25835575220395
1831.8099665009904,-1751.867664567484,137.45459016942118,329.4309245656978
1021.1511219530079,-1051.8899225409386,164.62330840402453,337.96126600293604
1470.563838219282,-1282.4718092456665,180.80512575254028,323.9621649824592
2237.9211924232422,-2328.9132108591375,230.18384732425127,315.57165055233025
2347.6611895128553,-2954.075437571341,250.36897632609487,302.50817723559413
2330.281514465926,-1555.348023183478,13.192920742625159,312.2946144207268
1276.0430132381243,-2643.538827716222,58.40501123603816,324.20547763104054
2748.3673188786697,-2294.602795965221,147.78898004997552,302.45492050277176
2450.833083353368,-1201.9826521508155,152.33836039524314,309.15243635608886
1908.3355753499252,-1648.862122545867,54.92897453164673,302.81536930518587
2961.3253804427136,-2681.187064092809,0.5891788476849449,321.31820058229994
1727.4906891468931,-2624.9626654967733,257.22831531010354,321.4620380905976
2398.5971829870873,-2071.755103831475,212.29431144957974,296.83448155438697
2168.376091164312,-2742.99602491407,91.87523961493392,326.9931703097276
1150.8590886869742,-2367.8006548535986,230.75115209105027,329.6569542570388
1434.5941488467492,-2380.687140265585,94.60270572751169,336.659438277788
1162.9451859147005,-1197.5673465903926,185.16111889974042,302.03117636083266
2798.2241802783083,-1488.689719084002,202.44298685801064,295.0832833943305
2256.9386945030287,-2530.5636823764776,222.0268742781157,299.20748508545864
2645.4264132503404,-2379.0796083735913,217.08089176618682,320.74416802916073
1272.8181355566644,-1177.9428005090813,181.6844374511242,339.40421217788105
1762.2417381805546,-2456.2886403362454,218.09972745607678,310.95580407323195
1698.8643691332336,-1012.3300690910319,53.525751340734885,321.5616536485736
2776.4453541090825,-1826.80073115747,3.964199163249358,305.4445095826378
1236.5645268394721,-1262.7053975034241,34.65569029715386,309.5628891529803
2284.3577196483457,-1185.5445438829693,175.20407405508993,330.9430287792821
2500.3128951396257,-2246.0020497513897,98.4727558090462,304.61519667091557
1480.7662670503971,-2196.599829315821,224.1811629117458,331.5746579422067
2985.4968390834847,-2537.268199740266,235.59986935307245,326.314630169952
2643.1756354859463,-2791.058932180322,240.61644242176823,327.72311819270385
2060.8707720719176,-1542.1216455027807,82.06743606729312,314.6927260186574
1899.3328915982638,-2767.9204422108937,257.83373306925733,318.88866126929634
2367.321697764458,-2460.560762106642,239.99645225326023,333.4588555105579
1653.4090935430947,-1319.4139191379825,258.8328311738978,308.29544162383274
1645.7802131724459,-1539.7902658458554,77.95492594285724,322.5301570779503
2981.927501172743,-2217.8705377260376,246.2632061866513,317.3516483977512
2961.2597139340596,-2196.49415672833,25.346833967031344,335.0506555952913
2701.7415863839674,-2546.524693540159,191.45191141621802,304.8338506965589
1534.6355283469543,-1998.1261405199077,30.859202784859548,337.2269409778715
2117.7873306953456,-2093.0447046270115,4.764973272330103,314.79655591764794
2537.690122645732,-2253.927128872473,18.126899662414083,330.55644411181584
1432.0183852824603,-2399.2355352355844,214.3672483808362,337.3593603864755
1520.173559531801,-2560.991598477841,196.8055619695053,327.87732723132325
1216.6647145884804,-1227.6428129311028,184.03006649666509,311.66662946864494
2519.7959312453286,-1903.4777306905642,197.18536337202977,331.53041203923385
1265.852166497159,-2162.2891390825416,18.388964581212022,329.35985711721844
2747.5619458586953,-1924.294563543658,16.243345053714577,313.99824603903653
1855.7707210276312,-2446.7292624170877,89.6984606059479,338.74235424226504
2512.8356277391176,-2661.6723787270507,32.74066612194212,316.1192710475982
1129.3162648229518,-1338.7615401410214,255.70158574179607,311.0820791493133
1156.0565055999743,-2043.8824660931996,249.54217878150638,325.3412206794095
1290.4023372777247,-1292.8249405115337,201.46354825112218,299.24526085296674
2586.6519855931674,-2475.41208309185,86.6162211837363,324.26508451768314
2528.6740968294143,-1355.8016790100653,145.30725778246926,337.5268821829239
1515.8098431010035,-2290.46087709769,205.3762721696541,317.4849400924942
2857.302032861308,-1848.5205338211326,207.09748936772763,331.81391001616015
1680.8589818870034,-2591.919802603047,202.27235426384766,316.14392430129504
2784.446341070759,-1848.0984394052605,57.42877465631513,318.09307424150217
2957.3465663749403,-2769.3356821903135,212.45137545852697,308.3148319374068
2469.328821892782,-2242.1082926362596,189.61122814531188,333.64445768343234
1792.7840914616263,-2495.9831780723284,39.933681396822756,330.87848337912936
2377.397044730628,-2093.8834515797794,144.17577351738262,295.84657877192893
1302.514282562851,-1273.1906287384045,31.07411659619828,296.9540159600233
2558.2692040275692,-1967.6859284437537,-14.58381425470915,306.11976889600606
1899.20411474346,-2957.6883402335434,242.80332008647764,318.1621587547577
2868.1954676666537,-2470.3578830672104,255.3664979855069,315.52809153454143
2694.369689829893,-1092.3855804073485,237.80518584855753,298.4427027924342
1120.9046739560981,-1912.2629152783823,156.6053064622248,331.4699548138138
1880.9608565256208,-1099.6663086707476,70.93987544178354,316.58107142618246
2802.3592808479098,-2991.6479009308678,88.49447216365017,339.33835864419825
1238.5681409533602,-1435.930019852618,-9.479082744251699,321.377180146188
2983.519232002446,-2520.2314116096513,-8.532397437133024,318.2734451430212
1970.005998322029,-2583.878447097646,-9.677032589948093,298.60822782374817
1326.1104373225444,-1700.0438314044397,72.02822992020977,300.81105704184665
1949.7592559018176,-2572.705293599988,129.1670231062298,307.57746729206764
1056.744885543381,-2189.7387257863757,-6.545829550913252,326.6471990824568
1661.6345410001986,-1103.8779798590583,153.7421807820456,299.8569505293163
2336.7337973771387,-1914.765075882428,98.10914262682222,323.40416822579806
2935.0203662510417,-2449.2844885551967,167.42422061773175,338.13286728096307
1141.9499671252486,-1770.690378701899,208.42922933433252,314.789368645463
1144.166366695042,-2319.1877220944634,187.5987296728019,305.1237391950023
1242.027322616434,-2715.9990578049014,152.51879879404711,305.10353435676524
1035.5255934405486,-2878.8000368639346,26.745884616503965,322.2690504092765
1688.6005481510006,-1465.2028405708224,155.69327036600683,336.40729948738215
2016.0971470633153,-1622.915872356881,211.705537422898,329.08437437760153
1012.6672921117791,-2863.816597328957,109.47650999034039,335.6949586686741
2453.2187680804,-1491.257101928078,11.102652521301508,312.4520832904721
2684.1357257534573,-2691.025502072464,90.74592651870552,322.624793850946
1203.0975950422487,-2330.4241321999407,114.14973364017447,336.1437392305343
2009.949939173777,-2823.4304075893842,113.36162900075644,302.7008448268878
1989.7650972701472,-2099.1695090203775,224.0182836378039,323.16846659303474
1516.0687531642493,-2078.44053220526,27.123828571063818,329.483048837576
1906.3866938022222,-1174.872290660137,113.02561910298934,304.3233351478659
1481.449710649127,-1233.8740861635345,150.11347321212605,300.4834360102183
1537.1383047977383,-1785.9103205683007,137.621211262716,297.0623690944209
1876.3768715270967,-2030.9116752372765,251.35666809281423,325.12184645771686
1521.0717375968893,-2665.023977260207,258.2522800329017,337.18261879306596
1099.5826527609547,-2757.821687204926,10.218883066388596,313.72241714559186
2055.6741314326678,-2007.801070287157,82.86062130775431,336.68384434149954
2217.688717784139,-2498.118711865104,228.57883270588314,339.2164104292465
1050.316174886433,-1616.436267414519,96.44250764454578,338.8785634668168
2000.384589044531,-2315.7946343511076,207.61124860518527,295.7960764891416
2222.2600137179625,-2368.9611821279086,118.91635132935434,325.3865528601569
1599.200011446986,-1051.4788313617814,159.18887794980367,300.9307472918334
1849.2524819836226,-1717.351468991629,101.19313098198974,330.244512464269
1997.4186026525151,-2070.2918410863167,243.52923248234788,323.4342180452592
1497.02501522976,-2689.2477966232714,105.07028634013709,306.8145630851855
1120.9795709036691,-1123.3413262955505,137.44204857836098,307.15843980582383
2816.378428887827,-2662.219744639337,85.98005954028508,338.65310025561314
2508.583581565673,-1754.1131459324151,12.154139046971313,328.27429736220245
1693.5068681872635,-2086.28183369092,93.28548976248916,302.4738612184462
2354.24941504853,-1566.9971931887972,19.402323357400952,309.67075394940844
2651.1102212930773,-1391.1454376207453,38.00350629852903,316.955892232609
1268.959696615298,-1834.526428253082,237.14609239824392,324.66439889665423
1958.9173343136517,-1982.9656137009404,233.80439144769375,319.6516497885113
2515.3520669171094,-1750.0672886821683,28.123104819105038,321.7162004686121
1119.9072792269778,-2477.0848408087986,76.52317270878908,320.964015608911
1939.0037315276627,-1355.9182145583434,205.63043066353467,299.54693522693185
2088.7579130213144,-1551.226947214812,140.60797634069849,296.0515710334639
2811.764421784214,-2997.6352850876356,203.21850372366916,302.86824455480354
1907.0961830647966,-2572.9333138728625,48.12906978353266,317.31762043474225
1353.144886382862,-1812.4019186702226,211.62742085132498,337.25302108823155
1140.2455610687189,-1332.1169743570138,204.26046177319475,295.97401600754125
1623.0224977430862,-1199.0000805088935,124.0012323246192,297.2570230107866
1655.2472447676614,-2281.9468128329418,109.2415403176513,315.7986458883945
1260.2347710483182,-1508.5719175879894,49.96027126006197,334.71137053750556
2500.96740155692,-1209.9176887703557,130.38483150235686,322.87874325348145
1941.1640354569615,-2627.908661238894,236.4400002181881,305.44083810761947
1903.412762591901,-2245.0589934894306,182.04698519451918,304.4495965240298
1515.0581600720752,-1051.1043295045117,163.4615536076086,302.1822677886272
2808.9666044441083,-2367.519842981271,193.03166753358914,297.17807129466024
1836.1668132970367,-2387.496264830049,95.62986534508006,298.22999200243447
2620.4993210925977,-2918.819471649583,235.84713215086327,333.96775808479424
2110.4546468339677,-1771.2555374463732,228.9418308725421,317.6894881565762
1564.1821045258266,-2047.60266151232,111.14565351310705,322.55028300517154
1748.7250315177482,-2626.744956314411,228.5585039629119,324.568307954144
1383.1016461719673,-1411.553856792145,211.4615367422284,325.6392349729328
1998.9761004679829,-2226.7130007488104,171.10629289102985,338.0233220974615
1690.460814436078,-2154.440783446618,35.95237921293375,318.64707545738736
1044.2377684269816,-2238.9111481725954,35.48272232274525,316.51781157902786
2717.192022984116,-2066.7347125531824,136.94729614938166,329.67161565302587
1705.1887932289924,-2945.7678983005717,199.47570118723587,332.70949386108185
2532.3395448266924,-1795.0312304242273,13.03028529432132,309.4794054666035
1359.1274136811394,-2146.393521220219,133.1789150783666,322.6277369263622
1374.2696413700025,-2187.477439835286,125.85614942364049,319.88913524395434
2348.8760755382827,-2141.2873433340865,101.83541191050583,327.5672456485472
1510.955020211206,-1506.914340659186,94.16973193500831,320.4078410361584
2993.52132699184,-2494.8519702607655,84.86686446141783,299.3928226394916
2256.744889157849,-2427.064055274293,212.21025637016436,316.4549903547673
2346.6083686011834,-1905.5718930118112,126.78425165410445,303.4442027304002
1564.584421631294,-2630.882680982457,202.69364481286163,298.10495276444004
1244.2628919732451,-2626.087801748088,177.6497553669619,309.51452867479446
2657.2213982784765,-2527.46898522329,0.8781429984425273,338.09680371082504
2422.1875894957834,-2984.3764383038106,50.555747067922084,337.36132336949566
2845.7263988203686,-1693.9406690587766,1.5800458665707744,339.1990079759683
1492.9651892016398,-2750.683000640868,180.1100764189562,332.94122462765165
1021.7629764825163,-1768.5958362776503,196.70028254717323,296.2183774534935
1148.2877846594606,-1375.588834978293,110.79453383288974,300.6178852591555
1217.9390712010577,-2844.0577103684172,-13.727665590358459,301.3610687032541
1250.9727246013526,-2180.2272015777735,256.8605709408284,310.41773627604374
2731.814544917622,-2521.445899871856,69.45665143319414,339.2642751497742
2407.8937613689363,-1009.9114824803123,148.8899591128262,326.7858173465341
2963.5298037716734,-1321.2131275599363,201.8155198996496,315.0281578555451
1246.7288731102526,-1491.6265892932986,212.2956491665633,328.31219829856957
2877.4195477658905,-2463.1595821452293,222.15063316374923,325.3393703495752
2432.0128901603384,-2815.9935683298845,243.32025226838186,315.38021168072856
2777.881994552349,-2734.576941657807,48.2675915403032,309.71210473124506
1713.4558846030175,-1757.6979372800727,175.8326593649989,337.0228859263324
1953.7471455669474,-2376.995970269344,253.53123980164736,330.9282463067465
1585.1514220914005,-1622.0009939558636,161.71453626403556,316.0917371948336
2554.8799511584257,-2291.063435647875,222.52841801714928,326.4134645495086
1665.8442325842743,-2908.4450444411195,84.59681615181151,321.0417936215914
2250.1649770600734,-2152.2738048428428,-6.700027093241907,304.82487717922777
1013.5554282090102,-2410.6595437141,67.31514461287773,325.3597074353746
2791.0918467437887,-2500.003870524901,210.58025964732002,308.52160700728524
1830.7400940119905,-2026.638772563325,14.765838028983001,307.3999323782793
2665.244006134448,-2016.671727212909,16.160498409821386,335.6711409414453
1011.9539945024613,-2663.2497117130238,127.27048375093145,301.39660093688144
1151.452131336665,-1624.9767883251213,-12.960296550944287,339.22433066801767
1076.6019899533387,-1186.2225140914286,217.50782950067943,315.25278235472325
2387.704149085357,-1725.6250885223108,238.23147057693245,339.83021879295273
1169.0041992616839,-2026.831003854928,130.91871036838663,336.5722163709412
2178.258995922095,-2686.5857535826703,110.61211909841704,305.04577160967085
1987.6004345886495,-1094.0432719947894,228.46438034887944,310.7399198129492
1869.1695323539107,-1059.07674164966,8.253495512406989,311.30595131503577
1636.7144039243246,-1345.0295256486754,257.2991674403654,297.03632341734755
1449.2754026108032,-2630.988279674002,222.02658787445588,335.1242655626501
2365.600047630993,-1741.7487361909657,46.79653350419189,332.9713905192947
1659.5259514736263,-1396.5952125458273,160.0717047766539,338.5866677673838
1710.657929182155,-2365.608939735917,212.34762078894693,306.3353954903349
2793.9582610436773,-2116.6231863417606,68.05240242276169,295.4948935809746
1742.0120276705825,-1422.1568748563805,-2.4010446576030056,314.5135184832764
2080.2566335159568,-1756.2705741859106,186.30672844527584,306.98780458143096
1171.9896668078745,-1270.5064344413504,42.597578514293986,305.6929895031177
2441.4061436873567,-2662.7337395904947,62.28906631631989,300.9230965598508
2118.1842930259018,-1570.4004262179915,171.15259902484732,326.88486076944776
2587.4028048756268,-1890.666840803061,-13.242297003873283,298.79133378125186
1659.8447193286997,-2530.486047055845,181.6863206144451,332.57129929523165
1558.3299962554995,-2672.9124035546783,143.9697280151459,339.9126431772951
2816.948829239009,-1743.4606329054639,48.28090405632393,313.7506837669795
1834.9924635359396,-2991.747473352103,-0.8060979248354947,321.73972045766203
2919.425027312539,-2469.820230709537,119.88738133576655,321.0692434930088
1827.2508087437411,-2118.077400550187,16.129479525836057,336.0612990444472
2456.5896394119995,-1567.7164189629475,134.41822149659635,297.61341723987584
2866.4422184110963,-2747.2015705461085,81.20537550840652,313.83742515035925
1593.9046836921987,-1697.23606211799,25.082144722443935,300.6509300193549
1600.7356071835152,-1628.771849071915,163.75012974722642,306.3535049321309
2217.664021261622,-2657.0971941500156,149.9295265453119,323.0787049287545
1578.995574628055,-1051.1174652360041,255.73976598294547,319.2057641033677
2219.695254138951,-2735.404440507846,134.59151604637836,302.84185081248614
2840.8795963504094,-1686.182127150669,205.8926743152754,299.7934842414301
1957.4259171966764,-2798.095476454622,95.83412933685509,325.19760324850546
2171.877513668437,-2858.611959461197,168.81904714631233,321.37640423329964
1217.045523504433,-2235.894466507402,255.49862059793497,319.59829437326755
1015.4838437574614,-2865.4514553904096,17.013575847832804,307.2374261509984
2134.165153197924,-1369.6291548299787,27.380447370201445,339.8734939289625
2857.336019964177,-1817.9058394183714,15.679869211139334,328.2858443163288
1591.8213872632928,-2409.1644997910535,3.8207095563461735,302.06322141053556
1629.9291618548114,-1969.6344487382514,168.32340590648576,328.81378656078545
2501.8151662325695,-2277.6976848640343,137.57214384944513,310.450114258237
1630.9310687806046,-2660.8174991964293,90.07147394964876,309.3117419503111
1592.904384232796,-1749.2593035327382,210.66269640703513,297.4290133652348
2030.9702436726175,-1126.05948503625,185.626087674642,331.4507849839514
1685.9669011801827,-1577.9858914792028,111.44666450999408,312.5777565756945
2773.9217665310744,-1002.9563849400201,157.26775218550722,302.7513833023696
1519.3789313156974,-2814.1556905989924,-3.7862034193198753,311.44319387032874
2542.473363616209,-1570.4223863978525,139.84440956256427,300.0568309094376
1346.199655855259,-2796.3562079180892,112.11347091736766,314.2014783342315
1238.1714712623093,-2779.641107081614,59.74778202805683,312.7577944730927
2811.6332703298176,-1985.5179328662357,52.15898469551641,333.40338433001745
2360.635488686179,-1799.453280413959,-7.760023384623843,300.95529173465485
2788.5381203270017,-2547.1142106109564,203.74446273766125,329.1873994009048
2200.7890988817135,-2603.2985895531547,71.458639026465,321.88332287841354
2399.5160083373275,-1455.5906225200151,246.79614386246288,301.2926382983926
2690.93100486294,-1619.5624707433833,216.92728538192816,326.0496579217756
1679.8548275383573,-1042.8367642079982,51.08682404021718,322.3049220599262
1946.6128301724702,-2465.489320764823,93.41634475113261,337.8861110141808
2205.2983076797036,-2553.2371136788306,144.0327957053308,324.802169635276
2262.150650175964,-1634.494643465272,63.95287758044908,332.22691559489226
1978.124971046172,-1848.9660647087153,80.41180666518312,337.0626733698216
2088.149008724907,-2056.8208217113133,160.44133757632068,315.39607678477574
2515.245177922128,-1867.3343663805672,11.235478661781332,313.1657124815025
1574.18641398916,-1764.774075142507,153.83626210533114,309.2767927253149
1469.1238192871574,-1096.2624728568178,258.9818366437122,338.99623110878355
2324.4874462338266,-2979.023274072877,220.10675537006531,327.9310670447725
2892.126647572837,-1096.5085465995085,63.5665726708815,328.2950573045827
2116.2138211520305,-1259.3692587212652,68.70051689079293,315.93996177674444
2978.997257611736,-2397.8050890874324,159.1888970179169,307.7953290677562
1073.547883641525,-2365.5221353463326,71.89411116806899,331.2248388768811
2782.506267097602,-2982.3766474546783,38.274591988669314,335.4061866603952
2006.2906869594844,-2386.646048557762,56.55000789084349,336.1595501099265
2871.704923085118,-1077.1730831142372,83.19345889130467,328.38534992268546
1168.447700567495,-2465.9087360193744,94.60710751368282,309.0662184356715
1806.2608407368355,-1075.220841654512,211.52055964030697,298.44421118072455
1798.737085305414,-2047.7004811708168,2.3722218242696727,320.1712021418676
1017.7335441534667,-2427.13738804023,-7.806595305752546,297.0755494150267
2011.8142263451496,-2974.5184625523034,67.94575311694965,295.54579530943136
2713.8144108789575,-1649.31548395108,248.35132924329542,326.42744436778713
2060.620012989345,-1942.7597729513147,-5.169171658744759,302.68298688673974
1423.0137437453882,-2130.133543256884,239.64953582870527,335.28867583368583
2638.904777587433,-2708.995218676471,171.10231985886978,296.09687147747013
1889.2220740642852,-1988.3147676113558,-4.513784601474569,339.3371947341835
1211.907064872089,-2395.72542420381,182.9366591178952,329.94746662652744
2114.7159617280254,-1883.6211078472402,179.09863260769336,302.1207723233777
2269.4723979600003,-1466.6525718876064,254.16449631684475,304.889002311403
2618.16539953789,-2683.0872472567066,51.083640543984345,332.50776361292895
1556.2987225622492,-2071.0974870151963,124.84111132166817,312.618890571006
1234.0588072833905,-2907.332547307634,6.003423727069009,314.4051779474318
1158.7250152587567,-1627.927377172526,227.92692004839526,331.2572214009911
2182.8432273960025,-2791.369565139158,184.24641653438562,329.94267636869654
1112.350141938841,-2525.5531192587437,20.68231798082227,320.9783738765917
2911.143857103274,-1986.079492188867,-2.548218377046428,304.2837546608547
1827.0954757604231,-1989.8852078840073,127.11553406311324,315.91321637707205
2339.2631170975988,-1191.0455698328076,216.84651781485408,315.76731125609354
1832.5612205396583,-2427.96071949384,103.12655898608793,313.6718421702601
1269.9846324861314,-1560.5079614895208,174.74170912938138,304.7012534646597
1947.363622799844,-1960.980068597605,98.1892375390242,303.32318826915036
2194.2019999806334,-2034.0173682277577,151.33251094901468,296.5909601045843
2744.6851624834844,-1498.0868691491441,227.22322497266347,329.81363753100214
2783.887555068946,-2370.2149623624564,186.105090161069,328.21521763753225
2516.7076252981906,-1584.919667279522,154.1618707994254,299.5507331814647
2872.935587033616,-1121.046576835161,241.86471406161957,333.7280623854394
2638.6252161189277,-2380.2341609942932,86.41973474462617,318.16071667438285
2977.6013699619243,-2359.496864844709,216.792368626114,330.3972176710483
1952.8260203146856,-2341.6462725858096,1.7487448113068353,324.86694811430846
2916.503152904316,-2873.9893218020084,48.165934415880756,317.6559927319786
2996.033423366573,-1323.378150038113,30.567934223408486,312.90914243165025
1317.2356483381188,-2834.341455713662,41.48641539932555,301.94697617740593
2899.2581125777974,-2971.060919628164,85.28896277932238,296.392334052176
2706.4275054611544,-1541.1549755458616,220.62614876315996,338.81615843778945
2030.7826464466582,-1651.1962437641973,103.76150968572189,329.9735510015678
1917.54347816079,-2777.006712660455,236.62154656186263,296.1434866965829
2131.3761379284324,-1900.783974013162,91.3239729711589,329.60248893644837
1754.5396605087078,-2701.037927576846,163.32027425870282,319.6076676078317
1923.745081860174,-1740.244994857106,132.3568258281575,315.9043982000495
2027.9457181684193,-1856.7414489581372,15.96641133436053,317.5704114777003
1335.2175669107785,-2509.360738660418,246.7626156526601,332.0116514884509
1499.8731965665856,-1499.750828509187,237.86772484180707,298.3998438396793
1490.4323786464668,-1984.8104589126328,53.2767978658445,336.7694464110001
2388.8328013794107,-1733.214635241781,137.38218372382875,328.429136532572
1112.7933009013293,-1987.4967796629423,148.2404615375995,317.3817598396765
1828.8346046363831,-2237.025399218827,109.13702680415913,296.7019187460648
1746.7373245460105,-2231.1383727870225,212.5641205205545,327.2443659425685
1541.0508002019114,-1602.374919492562,138.53136773149683,335.6792829190492
2510.431776510294,-2956.1520694064516,45.34868437577586,300.8259699365302
2384.1564262126676,-1632.7093365621702,128.16223774496518,297.37053575983424
2858.5995339042806,-1334.3409063832464,196.18808249675905,322.64561396700566
2924.8215494109727,-1721.81524557807,202.58386960427768,299.36624839360394
2114.0185511601794,-2350.6176510454397,57.29105134916786,336.3900543893963
1479.712201504052,-1006.8181275748238,24.950622444407628,307.85341498565253
1837.6232428850396,-2631.159476100718,138.91469786754843,313.1247845764229
1095.8444370404814,-2789.028734778096,64.7538847151324,301.01346057320166
2284.9949153946104,-2342.3154184441096,248.16516134979372,333.11581474043743
2011.7135955512576,-1547.2623864788782,194.9214772037822,321.517475552358
2206.340231080205,-2338.5609289654294,184.65570083553592,319.3597864096966
1538.8508789124967,-2013.9393905851894,253.27465552589734,322.93257755588576
2948.9127868490823,-2845.297819072347,126.99295517970273,332.5895168838168
2533.6038024170566,-1412.8585763003603,45.8250268902741,317.7264676787655
1187.7119074467837,-2729.621562293161,198.80433219468893,310.3824379694011
1127.4438854588925,-2211.697598204176,71.62307108943692,337.8335342814804
2706.0397913249208,-1630.3944332952178,127.27463128894115,337.9854910906202
1382.220323490176,-2883.2880878733604,239.78480516418534,324.2667999440263
1951.5858261539447,-1008.8003624019502,155.1679651160157,320.16139621063655
1254.953828215721,-2085.7981895581856,150.3952082687442,312.5344873020182
2777.3360158389883,-1011.3475450254955,189.147503264523,313.9682214166768
2094.544504268707,-2151.5477211076295,205.91669625223238,323.08822559093363
2983.736300531442,-2457.2468310518134,18.978640679387986,316.95826882703943
2165.792400909056,-2470.2948962575438,177.3375620860106,326.5592468143072
1631.2865112723339,-1195.7894467006804,134.2482615446393,300.62534257708273
1080.5280895736921,-1182.0292937249196,167.672714377895,298.3007226889083
2160.8973001598597,-2237.919639364623,113.99695446590502,301.02450585723176
2688.3099062321007,-2124.6036318774677,128.70847143487373,306.7388572634719
2478.9127213697393,-2291.1215594824357,256.29824921173434,324.5668862085167
2610.2074065851625,-2226.1383137234816,-2.9189430860290173,300.57719989239484
1876.5847789386462,-2188.823562320543,9.251909335685529,324.12941048488426
2164.8422796224495,-1109.9758630656345,111.6183797556051,315.12951417335984
2053.313507454235,-1544.1037290320728,11.420484852196104,299.3880664417645
2106.21813239519,-2091.1156334824905,192.1408959254073,322.77421898482424
2701.2656369930155,-2475.076058538089,34.650692054783086,315.0523186510404
1683.121148350476,-1135.5747793617907,201.9821112452892,298.2191062137928
2443.226080982213,-1958.2522392094907,16.936599997001064,298.4095021457247
2017.8896846496375,-1532.5493398133788,32.89685023436583,317.3833880839431
2740.5127452032198,-2192.435723095239,27.776728400828205,307.00426148460895
1942.9798103836122,-1491.9143809376556,150.69239418960709,320.67334494831056
1021.8350424020674,-2798.1684238904277,251.83302653556274,299.3864702229498
1644.3031634079493,-2942.2437365493747,157.8543368280972,316.45854629942596
1906.0707904232604,-1316.6076581440232,149.9183568402348,339.15474511186386
2361.6334229853737,-2552.495200260904,201.17423960274098,323.5405781045998
2737.30280416064,-2085.588180428328,158.06390234851327,322.2429818920471
1435.9978134854355,-2690.789525442177,163.50334099613008,308.42284397542295
2986.000892612573,-1959.8600421012695,113.19678186620891,320.7149520659438
2164.2087717958184,-2764.7069601929766,228.12606195724473,305.67289074905585
2152.005606088449,-1394.1887799510991,141.48121245072758,318.92697249985565
1183.3425074030624,-2247.5211490684787,212.64576609417793,296.5984312187397
1255.9572335048438,-2832.3712200717623,138.0385648781959,314.82232764428284
1488.1651141341113,-2478.942713358236,225.69941474247003,323.14517077308216
1503.7215742230355,-2319.4830996849805,-3.81127291172678,297.4206763487764
2449.861593199539,-2346.589306677709,174.73395446380295,328.87901492151036
2771.2558707730277,-1492.6508455969918,118.61674759106347,338.74329553529844
2192.324459870917,-2536.7095579588267,178.58953230616223,303.26269512165885
2541.647992832487,-2046.0457066174276,191.36494478614597,306.7422659966377
2928.8649060285884,-2381.0303714102242,44.292314673538776,327.3708050308063
2587.3739534508472,-2358.2270045647697,179.5389171859187,296.8879658216529
2524.101085327009,-1038.71549379303,224.96560167333863,303.3557302003425
1458.583406257772,-1333.917656476536,-0.715845749783762,332.9680077793354
1021.8072261084277,-1483.1720637079595,58.95434834926618,298.25865562731957
2766.9297796841656,-2406.6982395338364,236.23149703852852,313.8033529106679
2486.006384789278,-1870.6954359920765,223.34226140720614,315.93084504281546
1608.8999262536452,-1845.7139780746563,22.674103103024912,312.32928308329775
1632.7111087546564,-1902.4920733693307,158.31574415566854,332.21647503953005
2432.808243988534,-2315.0017558989166,193.68018864002218,317.49121594455266
2614.0040639372846,-2108.235434648195,120.81203264875603,300.95375668886567
1836.51568018538,-2767.1518565909078,255.61031015136342,296.1940640134252
2593.8720225820944,-2108.2135739824607,236.5970661120196,310.6320017687178
2222.44035819388,-1011.1285498085517,83.4784606324087,302.1622954307563
1764.1352463202775,-1396.3325840875912,34.26810788666306,333.15448981795686
1401.9016131170345,-2019.128087980207,75.8221208114865,298.8814440712159
1705.025941083849,-1437.3201727592693,194.2915854707247,335.149063294339
2808.554219905887,-1219.5357261911204,246.1465945727204,336.8934750877959
2004.5368817291883,-2587.83618911596,242.19459101917602,317.5307544349245
1575.103539757767,-1758.3423312210834,34.73317352916486,310.7318056561747
1174.829471048195,-2329.9445894553864,180.47519254547848,320.5541441806957
1745.7505370998006,-1393.301311596816,143.98372472602233,307.6795971455884
1406.3976538501242,-1608.261225199121,4.670906597540334,333.4142499227728
2189.1624002212457,-1609.0532407668347,20.969240280992707,304.86424224922195
1608.3485914164987,-2463.7455606801004,127.21025682293049,302.18405059077406
2883.6249338715998,-1504.40630759484,159.09659801850592,300.1467857892892
2967.3629227173847,-1719.7750977636297,140.27344896665264,332.9345385208638
1739.7314604594926,-2173.8511553321073,90.09083499898559,339.1168336811211
1361.6639177090888,-2562.152154477409,127.66551936950276,333.6263348933483
2173.1701497832087,-2614.443651166416,179.99313337293367,323.70769400965804
1970.4354287266137,-2499.859766945729,160.8927195710368,317.629622567849
2532.7373286953784,-2742.112733195633,82.26683736556065,322.1316475200581
2884.115098634561,-1860.0385282830057,55.62634484515701,326.39215800044514
1318.2648388363232,-2393.3135552427775,7.782131945877566,332.04421245982087
2649.7489355006146,-2081.154830878474,223.26650933234316,313.96070772023955
1362.4633710414296,-1991.1669875008301,11.410102398597541,300.17612444193554
1904.048383152764,-2602.0816795110604,165.0068677722775,335.3027200176618
2423.4955694503024,-2349.984217529849,158.35317481801764,331.41208137879727
2598.829471071428,-1750.2655193188273,7.307249372715194,327.63862803447705
2827.24035680583,-1016.6758605397933,26.545708889560267,307.3584224624308
2585.1138322584748,-1381.5323653733944,259.54379504771384,336.3187339265505
2076.764732069545,-2128.603024610192,76.44456908453066,338.10418707133346
2303.151807732038,-1608.4334752737516,221.10703856960632,315.49073126134135
1330.8316229373997,-1374.3712332807143,89.45703931908974,315.36980352967964
1197.1909862279972,-2099.7547976630854,72.63055122982173,331.3923054374201
1793.190767133695,-2351.361665378138,153.42782804299068,307.4929330088816
1762.837781728927,-2828.7493923369766,56.95482514641682,304.57288218084483
1718.2338057984334,-2416.022244569539,189.89747116159003,318.3829784468682
1818.8174201188301,-2429.1187862256156,9.242463990977573,339.85676092436944
2231.672501624894,-2619.220983839654,125.51349641538883,328.7049288651279
1807.7346776865966,-2795.1756620497076,183.03951312608365,330.30860027491923
1145.1600371065358,-1455.8125381797843,-13.91965429276,338.76050465538617
1609.1142990092621,-2145.535841666721,225.42210511318672,316.5282111449542
1187.815828082255,-2437.634731942719,259.5752064850404,310.01316743323684
2303.978094497424,-1203.8094873490934,142.21322624125563,335.2900167020322
2694.866969840086,-1410.9900015596122,246.846424562786,297.252036857121
2270.371478299841,-2002.8482695089338,53.2991708021608,327.087255262673
1327.412775244594,-2873.8399858360012,81.44150103161324,310.97579688439174
2398.156442850762,-2018.0403774870524,171.92081323661967,329.28458178756495
1541.2947917304316,-2445.190314408914,134.35250496262287,329.7537658118566
2046.1178273087485,-1653.492756596448,-12.95322490263504,339.3083918753569
1950.180068704191,-2240.4498507778035,136.8332526356386,325.98327177829117
2395.1814018058913,-1200.2694641146031,117.26435417162605,302.48036748785427
2600.6452995964573,-1127.789218814994,129.55129025671894,312.52769397907235
1802.443459528947,-1594.6411842333976,92.39497870769755,305.8791516632653
2137.6564988079667,-1660.239852299102,137.5597520784912,296.3976712950828
1656.8716564851977,-1381.7145329891482,28.956545971811387,319.4817044061832
2379.2859725100852,-1142.9462226769078,221.6546189972172,304.5414206108557
1273.849147866346,-1871.0027292417674,186.30998851672703,302.7923534736483
2086.5384523922216,-1488.21140798658,101.59310888583018,329.01806075008454
2386.2705639693822,-1128.247176515722,33.31476382759409,305.514674600325
1799.519323219906,-1358.8253060108293,187.5272254092747,317.6493691596977
1922.6574568395417,-1136.5369790440036,203.6646683788673,302.69225892235124
1129.6322816116917,-2175.528956005491,22.8773362363601,296.07017466993443
1702.1911846873877,-1744.661863962325,156.94908714258645,300.72813290620456
1906.2890111597007,-2903.611792153856,48.24002298589278,339.69213209437476
1899.358214222388,-1810.603694221391,4.621824684302155,337.6790636086826
1660.0354689431554,-2288.1816107422937,82.07654001221438,309.2501485512156
2163.168051648803,-2662.0899526043468,62.40610446665869,318.0894945948612
1028.1719189075511,-1404.3161541530487,89.04622422468573,326.1259311775205
2475.986827126806,-2998.674401262881,259.07002655985383,327.0729419175622
1921.5887825400132,-2944.701023631659,181.43257633796878,313.23691995598045
1450.4852172501687,-2622.798699477066,90.11488637272242,335.91571717270745
1516.6578834639267,-1142.8227848652432,152.88380293118007,336.95112817853993
2866.3211522090364,-1094.36554235126,113.88893012418683,339.82117336191675
2556.5419041612736,-1098.3555344854403,117.72415725741072,298.5711840235153
1329.0713910962772,-2801.8273266577894,78.8612053093656,333.6598829182123
1261.6770352508308,-1184.5952547450063,112.8086251152578,297.6057194834932
1231.7658616425063,-1146.608239559618,34.37689348800089,311.95718033972526
2634.604690433981,-2307.3191936494136,43.70824053792779,330.35582693387425
1961.7409201590883,-2233.2766239710404,126.86060589832488,333.8767861604023
1598.0459743655174,-2573.19814218499,167.70856533248266,331.4877139805483
2076.1465268683187,-2033.1083566786099,154.80489991182085,332.8940674587865
2941.936606513277,-1104.774683785753,38.53123375039128,317.7241323670388
1083.933436582475,-2106.4254826611655,204.3885502878322,338.18175232064084
2963.1905217670014,-2270.2759427692145,16.705347056853984,323.01006244499774
2737.062605869278,-1104.2097454885204,69.43787737323109,316.01830012712804
1430.421246018695,-2643.901094692333,185.2743481768996,298.85257673253403
1800.1180511181792,-2042.1881521210514,186.69793406820418,296.6738400629771
2775.865323131193,-1823.9659581218334,175.88782635305327,317.76575471893005
1233.7758789920197,-2725.8887552538968,239.15675913728083,322.2294377885138
2780.3433535164804,-2621.171635505195,48.84084890344656,318.7419529714142
1778.5198010818797,-2267.783448199832,151.99067204465229,317.2173160873616
2100.305219397974,-1489.2201128850575,251.64233842988642,328.789867178423
2496.802504835896,-1925.989200503341,101.50082112679252,333.84139557957366
2205.6477020472857,-2499.974476670426,20.618707431670536,304.4422439864618
2242.2037847310803,-2132.2994534952363,155.64177726190061,310.8166356539709
1292.5763296636824,-2095.870408140091,146.4760307298903,334.142145429559
2776.2552838167667,-2097.6361391840637,233.5269016651699,306.6281550650221
2368.848177273418,-2807.0886265012555,196.68341871325313,300.291627903167
2561.188025368444,-2745.7076911385643,162.06117441961402,302.59675149668504
1457.771243355097,-2663.0817617407765,223.3887592409679,332.9171801195623
2267.7975656060225,-1923.6991486345203,169.52707709797932,311.56089803756566
1700.846717657807,-1424.9720590943018,227.58351542095588,299.7888694864085
1458.235931368127,-1188.3744278494858,210.42612789630354,314.9940192567853
2876.5281067846254,-1394.4096138415675,155.51884687964758,315.78490671239996
2141.7850088924424,-2887.6755809260117,222.5514255173887,330.23143613751256
1619.7728969342666,-1706.199987563481,110.51837759773775,296.8994529136932
2260.1312089614844,-2629.702086220742,31.02158903687925,313.67474923039447
1548.8461552138303,-1270.7224600010677,133.3401047115502,301.2347651675715
2549.753076534682,-2549.869003563706,213.44273921323338,311.61565029250653
2971.2670641377913,-2488.7186902775925,161.7772119383194,338.73764866323654
1776.397201405673,-1645.3739065812247,75.6941185426903,311.99067138026226
1895.3906468958953,-2055.764166866218,255.52318672702455,302.6881739597065
2225.4721562474933,-2489.857007272301,5.873676592107859,322.6617541734984
1248.2634875597191,-1660.4185832963901,86.42521728911275,335.2343979665295
2988.8925874470006,-1497.223013413615,247.09980466568516,311.50201315898465
2316.7015913169507,-1600.3344223414856,244.57506769153844,305.3711316627212
1616.728734076194,-2743.9257247154574,52.248512753725436,315.75991650057205
2471.022605838125,-1220.1478654959437,243.619230872625,298.28544032582045
1348.7796822063267,-1902.8093582879658,173.4836341247197,307.83534559105925
1408.1729161450912,-2336.970662596625,-0.21370362600634607,317.39939270282105
1641.6572538774944,-2241.1625285949,48.115802112694986,301.1967202566497
1817.520095413086,-2895.85157419618,245.46965453948565,307.38413416494717
1240.6689163044873,-2889.842900161569,26.22383315772315,336.8228772042139
2518.8113147936674,-2986.520692834031,134.02091602454018,314.09496643978866
2052.1045854271506,-2216.795652229966,152.30079829481883,337.02941397402725
1487.4433247135676,-1708.454475532698,221.6508960160755,310.099755819315
1362.829375686039,-2054.436396155024,3.9324746557326478,317.4192582156549
1310.2013599883826,-1209.0072922905422,107.73073867101294,302.5835070582488
1075.5866364420528,-2743.27609877871,134.5672514068852,295.4587485684866
1077.0362893446822,-1886.1379782934562,-14.231091226605377,296.132133611197
2250.880885310742,-1601.0108113363613,5.397348389283337,337.9123775026424
2190.098041681753,-2412.2646995632585,212.90373900689548,339.0366947907468
1456.9092269896657,-2118.126273590501,27.879741477789125,330.73373706671237
1292.5526086499106,-2006.4502025219506,185.7393337284765,335.36806463339497
1055.4273381316802,-1963.4298230663992,228.40468206677863,312.0472450069062
2416.2668081363317,-1523.8467053338502,82.92600694125065,311.0377219209268
1251.749202049761,-2373.8761598599667,178.64331034267101,300.29745530363925
1646.4742875970808,-2031.7754981199264,17.749336357249312,296.9816546001666
1673.858254565103,-1485.7399776380098,72.93358787528791,333.1780227925046
2206.68495462832,-1200.178238267889,174.2162204489299,306.45368584123736
1137.1243513449638,-2773.791836101498,215.63059181856147,297.0564815461575
2586.3782652161876,-2238.9065552023962,163.4556442785228,316.49613987656994
2272.7922108733237,-1339.357081161721,178.88730996522025,307.9043739562331
2120.1740185950275,-1979.7901244321067,224.79717758726264,330.99863408430565
1575.938120433796,-1544.633795165607,-13.579188249788888,322.28068846370905
2930.643838785718,-2094.5001146025393,116.02555703834332,319.1902459085329
2872.6081861648845,-1844.502536204265,71.82372691996387,305.6745529424917
2188.703523443145,-1182.794792108771,6.279563178171188,306.419216014452
2564.1892014467476,-2078.609637239589,189.92298915036326,338.8515339762845
2221.4727029065207,-2728.5503977961594,41.06510158227298,306.50009149554876
2772.925776249045,-2952.801744081351,258.84892829413826,329.9508589420844
2948.8327702367083,-2701.87305682524,6.9236150630358075,323.52845546057426
1069.1308704644346,-1195.6214765778116,155.16745728739915,317.3802694950632
1454.6774852704136,-2824.3690937855536,74.90025283709218,295.11562017085885
2034.1951911782164,-1482.7712526066732,13.672642864447763,300.8682516275417
2344.201322744604,-1451.9366706147994,-0.5077263604322848,316.75918181013566
1232.2204726622126,-2223.471536323079,93.14138084096116,326.2657652993249
1248.483840950342,-2421.9096095213445,230.77775496423976,323.5577113861724
1779.6639072102892,-2619.230741760437,50.630736699429335,313.8280215017737
2405.863740093445,-2132.068564369404,61.20564779116617,312.2149913033692
2892.519471098384,-1191.8255606451496,253.65980871623543,298.33680367857716
1605.9819803029418,-1221.343659502087,164.2183287405693,316.7184093887288
1128.7766494928735,-2992.3577795548913,114.79318531872528,311.7257404238282
1761.3339325921925,-1911.8892056783895,129.64036799275578,295.19781626395724
1164.0372141808286,-2361.6522247938465,129.98542812214498,321.5756262618968
1335.556726695781,-2671.9294029221746,48.237076351786364,327.1068131515507
2501.311352108663,-2915.7949164184874,9.449267794452805,333.1710599633036
1720.1337407405758,-2631.781039887681,91.30351764171391,305.2462456054003
2979.57860884644,-1511.1831664297006,-2.7645842074697704,324.28788846179674
2282.617992393657,-1419.5901886531751,41.17933428623973,326.53675471834316
2967.745770659599,-2094.2323233451425,100.29787048851041,326.9099994868421
1978.5911330882518,-1989.7540088945557,99.55767787967973,303.0605892140039
1669.0688053658296,-1357.1735853524522,72.74695046634365,312.3501572177927
1841.3015083112555,-1738.3651543010908,23.79313663460743,299.59626304753823
2448.01193959261,-1136.0686935300678,243.131704250677,332.77929713492364
1575.8511256422476,-2575.4713007718815,-6.149739606622958,306.00212226069453
2955.3176895565,-1754.9297693969743,9.310345793623682,303.49822252455795
2814.890244637918,-2630.0807161245066,142.12835869583924,323.2896078917668
1413.8872115115896,-1732.2604651331749,66.75126130345133,333.4818761628089
2099.260189673202,-1472.2163841827971,198.05018966959375,300.04009585817744
1707.4902544788501,-1685.3575044222355,242.45089119386068,336.27596757845185
2296.8727530820343,-2101.1613611966463,64.57103423464477,336.51457531755835
2473.6797227465972,-1150.1911336729802,34.70653296480121,300.69045491082306
2678.453619365736,-1940.2330488882544,105.288869247758,327.9397827683195
2953.4565436178127,-1138.828966901705,7.971851499370118,318.89921512504
1266.3552178408604,-2744.285144705528,239.07577917408796,298.83611999705045
2711.7824637803283,-2220.4505075125353,105.22796101710301,302.3595732533973
2557.938323519785,-1127.872286295637,47.850524911577224,310.24577510525876
1643.0687284952876,-1138.2319023037655,77.34443094742491,305.5920878056305
1076.2478363503753,-2027.5252394299878,80.06429194146861,332.2857962265838
2725.8179303521056,-2024.3142393161434,168.12206449187335,333.7688765639641
1602.4622796840117,-1466.1783665586336,254.66549002418623,305.6304525417996
2473.4659284636127,-2255.430921376154,87.70906670378064,299.40058635813944
2189.0814272531316,-2861.2123139344662,82.08317633748126,299.0683148853855
1192.445851141577,-2439.70893789767,90.38919056750065,298.0073424268449
2653.506004702993,-1579.481826604351,194.00899839400265,299.02111133863076
2573.375900301457,-2203.224529036378,183.87543183205548,323.725690877218
2164.6368272790046,-2422.929491922212,204.62015756269335,339.30385112791265
2707.112598514847,-1051.7528321062675,0.9511208455815261,333.02937069769695
2448.2949943936283,-2732.405617927745,77.25777136031155,298.33128648636
2566.926754290761,-1397.9584878018284,-11.836846850283381,334.1276986873907
2224.197682537695,-1415.6744803328506,256.8233024449194,312.41911896513693
2915.9507947487855,-1702.8237707559704,20.54988932569175,309.2510242398777
2094.723104035942,-1601.5943804521535,3.132453488440813,300.8518331502046
1885.5916549913748,-1355.8514959085942,8.950228332055893,313.36791388184184
1146.1921305315675,-2911.9767167873933,165.2264635723399,326.32387278392235
2775.716840744245,-2578.416125911865,95.6115157702773,316.9851629427642
1720.397536031075,-2776.5484623592583,234.7141755277545,309.88425299442366
1866.0557690948604,-1114.6302192311919,-5.003634230199767,314.75901001881056
1349.904114781988,-2765.5624674607093,66.60106110338555,308.5391733373077
1357.4901733740905,-1854.3438914362362,219.74861356509194,295.0180593455317
2936.0384387709732,-2114.489741274499,201.52454665221603,301.52735216133857
1611.338714040887,-1285.4324372746348,-4.040650362214823,298.4096118403121
1431.340965670604,-1800.803919841254,73.52768725569626,335.14235895051957
1373.9542181369964,-1530.5596924235163,-4.029965268132663,332.74454709405455
2959.0229608093714,-1845.001289504457,73.84428195957337,325.062432101422
2625.5408659382756,-2663.73908180607,223.4519240993339,333.8764652869154
1650.7084990106232,-1699.0306469175646,68.28303927626409,326.7143944733996
2656.064783781935,-1130.8387684565107,117.12033178042014,313.534454868899
2855.255538615109,-1527.3117039137994,254.81488336265295,322.740578877575
2898.418661183479,-2006.9679665137191,47.80474893486242,331.81626048805794
2434.439592541019,-2047.0556419193117,6.733557333480512,301.8712715087479
1814.5527119390226,-1506.9440542787988,58.89268075708756,298.26826556485054
1948.3027908060442,-1250.6876185214455,124.84753041740612,332.74693834029864
2246.651894134818,-1474.3416469412382,167.62878578382373,311.0602366144071
2991.5474507774406,-2890.7976454175987,67.66498527445837,312.587153964624
2726.4638616891034,-2277.199639984674,151.30609287433504,316.01132034370215
2981.7382085498107,-2877.593198028812,200.44086173826685,302.16011628561705
1675.3250048153564,-2905.581597260086,90.95406165514487,330.4752294635783
2982.62859707026,-2746.1488118691655,30.479488897073317,302.4432047549725
1986.9414436719194,-1041.4443385892137,119.26698899095453,328.25608349561793
2976.434818921963,-1366.8077545496199,129.7276717378859,336.5688555300428
1862.8684833476086,-2344.3451671113785,144.3334642286959,299.95935844618066
1400.0796060019293,-2619.1715499239262,7.1162034044180515,327.8211719161775
2351.5420853181395,-2371.8698319524483,1.0191534732784397,339.3270741353231
1505.8591142338553,-1726.3882324663807,237.5689496501855,297.1134203717494
1144.7006192342635,-2150.370207299066,86.41641465594415,308.2123701810954
2116.2013699640406,-2869.6286463952715,41.1639593788299,325.75291460963695
2520.7084775374688,-1930.455934251109,10.545524526064877,313.0267081927492
2495.6790544500623,-2675.2581309572574,23.78583078305269,323.2339887009016
2611.335334098356,-1697.112070676925,91.91826624231462,334.95255511552665
2059.9388536350316,-1667.184467193532,130.85487788230736,314.6940262247699
1065.298291698172,-1246.780142711538,46.90575665477717,323.98810669665716
1734.3881921160887,-2184.4531457684516,107.802142543344,308.69404819362205
1225.9458350610594,-2793.207931632161,216.39327541175078,301.3223317193114
2482.6387702798816,-1711.3608020938186,210.16811540045313,302.922490226717
1511.6025209919649,-1365.0952340117833,165.72307232366015,301.81438093659216
2478.2616944427914,-2910.543396189556,61.34269979996789,339.68778006933974
1101.990944989457,-1764.8185777640729,135.30395544365962,297.22769003815733
1386.9730770901408,-2172.2022311217156,256.2976506341445,301.6906763652977
1646.1602312484624,-2459.5489707008373,99.66234158088595,334.6712714326269
2216.362923112827,-1222.2215738142918,86.55050685774378,313.85883310824914
2383.1758837121542,-1989.098553125245,200.20253307205317,315.29374329460666
1822.8083640524105,-1349.2683155635243,188.61839930257005,301.85861695444396
1109.6919268343815,-2446.523632151928,85.6924429927695,296.3232206506907
2943.67637373423,-1216.5453875181558,157.70535127870778,296.03476737006287
1361.61753839773,-1646.9445014118085,3.3845427978257128,311.28701294310895
2996.754867141249,-2468.8818266827725,237.67072821967653,306.16712358358967
1264.2808665592818,-1005.7233479956194,230.18125812159255,333.5025342203652
2194.3416529554265,-1308.6709331966342,-0.15117157575416407,327.089858372271
2211.44243066426,-1900.8518347573824,6.945931084181357,327.17458121142573
1779.0044051082352,-2554.5350039636273,93.67430382787128,297.64115945234244
2997.954009792078,-1579.4167183536326,20.72756702409697,329.56268657996714
1319.8553918413324,-1440.6531381345897,256.7135057889572,309.059090453453
1331.320549064657,-2896.4073077280636,64.63527415632365,295.38086825711696
2404.3621556256235,-2102.0386248449477,25.371517366781006,297.58527377657833
1757.1081520125458,-1841.7200938150922,111.29650756622368,316.9119950537368
2218.8103809070285,-1228.3715148207164,166.92869818723645,329.99315988151955
1016.9266959026982,-1320.9020117186972,12.501335154439861,305.77150916517286
2739.348168693745,-1290.0081941799194,4.9607024191072036,307.2374912606877
2389.3145815293237,-1950.602430423068,193.2893731869499,298.6337067405894
2446.596297259999,-1839.4039710275006,31.87488827339525,335.51468934490094
2409.0679938870244,-2309.35983171225,235.0238119691377,307.4199826772463
1056.7596400642021,-1331.651273198096,64.10227546135567,297.81150343797856
2311.2073101688184,-2026.3944262746181,32.386865810878916,332.3330136921253
1155.9968717002828,-1140.765224897861,219.66326029831907,304.364847039292
1973.7530355362558,-2313.258241877651,52.96508963817624,337.8086759667471
2265.834139266991,-1818.277159792697,60.877413977848235,330.83533563527646
2095.151445447045,-2088.0593324339843,169.01745013357672,321.85043556386796
1844.4875983882127,-1537.297229984514,193.85948376561706,310.4754304778675
2030.133958099178,-2507.229040307394,245.01233840289518,335.42230402794166
2079.94818787023,-2180.11816303905,224.91341334525742,333.80100910105864
1020.5660854444849,-2317.625122544895,140.1530475732938,310.64050398321893
1414.4354134376608,-1310.2585626384096,245.68991899143504,323.6389334707395
1483.8718275301112,-1315.142326767069,20.5425170241852,338.34025212683434
1865.4115136050896,-1454.9402359050628,232.98410785113927,336.9650242863435
1694.4065930803047,-2062.6212261067094,23.491926174624567,315.9882110031034
1518.9630537120202,-2950.8862086474287,67.22752624602018,312.4986179413231
2705.0241186723024,-1211.85169774737,201.0198871285125,317.06533027623806
1209.9124332219026,-1068.7192126096147,211.3014664184555,314.6429256176878
1948.4577581527737,-2140.8060053012264,229.30609625184883,317.16526410447335
1584.1363081572554,-1918.1653396951651,114.7637235668617,314.8095786758349
1764.7805117092207,-1513.2352073379795,215.59800508123465,337.42411778788016
1554.7141468921752,-2285.2061321845695,160.52274283605777,316.32640182690693
1713.2594089353192,-2986.5168601609785,176.09321471473024,316.3177212235667
1194.8804181575238,-1076.8606350047774,50.53339445230921,330.2598953817469
2930.846449120176,-2142.3657662302985,213.05867478377598,306.8486687327687
1331.2513647375863,-2206.6550045000563,135.2931721673698,295.13789392686897
1571.7264282967362,-2399.0856632625605,-2.1905652188841085,317.4407576341432
2294.898609411678,-2699.98840478929,24.7545138599433,321.88788643006706
1019.752897911302,-2694.728438653512,232.7829637974502,302.4288558979385
1839.315876812052,-1953.3449064173524,-13.88735328683238,305.8477665473718
2104.1898882351334,-1812.880228134559,43.063675122239964,314.8014869924625
2286.4631792058976,-2197.2352803117537,14.315467235509686,296.51260202837733
2457.9997096060097,-2718.5314114685325,4.1715044924867115,309.2817407435496
2150.369464095865,-2695.905537104831,107.37704447142158,326.5702466575012
1251.1642994220542,-2187.9888908588573,235.68025274827926,314.50756169088334
1575.3821661740635,-2949.8376556388707,-10.123522108326078,331.53242628819606
2901.0236332288605,-1510.169433349745,251.71509142776688,304.1108896167959
2670.891222398165,-2389.0468639489673,38.92833960680339,313.5109216732802
1388.3525735344956,-2418.381328749666,157.25526806071812,297.01875448311154
2887.549855062582,-1737.815431303748,79.28156323007072,306.608446228304
2684.22660031339,-2006.4045307255615,108.48276353580174,319.048272412559
1574.219066813554,-1505.047941586261,176.38769607151738,297.57265465527956
2378.0949971961386,-2593.4673449499637,-11.977101689506156,328.9361066166489
2513.9041819738895,-2820.8181300799743,178.3192909060703,309.5859589559777
1630.0402858845705,-1741.5566654421955,252.53759387095545,329.3146372523451
2210.4207774695487,-2456.8513395315294,122.71520228614406,329.0299023974335
1076.99155897108,-2438.560308451918,158.54186076515782,328.4667778961802
2702.94259102668,-2582.6631349488466,239.71461792629347,324.93440163395564
1012.3298667494666,-2673.0912980685325,43.65028265619809,334.74892866209126
1295.0981841964108,-1764.3236308565129,213.6022052505468,321.5855235255845
2797.5944777998166,-2898.6569370508146,-12.175079015831875,296.6251634143172
2905.487367593236,-1747.2860542999274,95.03297203142165,318.4296967485486
2875.63344626438,-1693.709770242001,124.00328091607403,313.5660916308063
2137.6908466725117,-1281.674659765487,-10.541931412689754,324.6136502901828
2812.94173944264,-1996.0226016066047,155.72647430537927,296.6577288389549
2669.9466556527905,-1984.6033957758086,257.24311155420094,306.51418275315825
1327.885358970493,-2133.509948429774,141.29454358644216,296.5388798687929
1000.0328829305472,-1381.247480807499,95.19211082878469,299.8825109423386
1072.4457204122077,-2871.957556700405,236.3620276458544,333.9166977835368
1901.219384035087,-2587.0636421334716,168.30719050776452,319.3611224129276
1349.5756443288142,-2187.4111499955434,48.69381491076785,329.53898158168073
2783.684027145867,-2662.272834644016,259.21800814452024,299.1635799107412
1334.64993268819,-1629.8712964203964,170.1300002176007,326.8575899712106
1940.4801099221586,-1271.8117733983083,166.84422415607034,315.27595870873796
2619.5227865219704,-1993.8153900071857,106.8166984147217,302.1754142162164
2889.227091754996,-2102.451649160104,244.26209090650678,337.4493259426738
1643.861426595925,-1203.765077321491,205.6747956205183,295.7208189318919
1639.2748126776246,-2274.102334847658,32.197962287624954,312.12303276286127
2924.6544446929565,-2095.1022409590632,106.94333466603175,304.47770310995105
2730.504443973653,-1349.8488819222557,127.05102138004906,311.1339895938424
1482.6189151661686,-2277.289786920782,151.83622362626664,296.15726460125626
2970.163306718692,-2918.1466688360406,141.22927600524824,318.89162751638025
1058.7123073400523,-1409.5169652561651,81.02422592462894,321.6892234200572
1107.1297465248058,-2276.2041364044435,175.9052970043629,335.297506896337
1673.0622082989053,-1889.7455509497233,48.14720946639404,304.3359705973816
2320.35206816722,-1009.3941763322566,35.91148854534843,295.5766665544412
1541.844163692381,-2812.056157998284,180.56346516618058,330.9540613822308
2523.5657567641038,-1951.5828934001647,97.40568251240224,331.92533251767395
1211.636817526223,-2183.0866027511756,190.40313387080005,337.2904424694496
2807.63845119262,-1371.5368143111677,49.787603852431275,334.4853191859516
1092.1483027143383,-1931.7111106705465,217.48955314298345,297.99492842259065
2283.8533644897925,-1004.6884899824677,96.30698019259935,323.4017470813744
2344.778155199149,-1918.4123070741177,54.05860467215585,310.9987567563356
1743.187048293908,-2107.9418949988067,229.625313232318,302.98242854767375
1201.2462872999765,-2637.1736240022674,143.89056202865356,310.75416154507224
2657.7110816597856,-2124.8053459543107,198.86087004897934,307.62684960819115
2534.675409847144,-2166.70893839272,37.47548834143839,330.18628651804886
2067.6832170971484,-2873.3796522630446,17.574513490102973,320.7044336610079
1981.9787266798517,-1570.6668968485048,254.95911695788703,330.62745068539965
1957.1960766282964,-1441.597831713784,88.69458924427524,304.92763019112465
2995.9756436475905,-1969.7079850083817,144.47543012791223,323.6702017582963
2493.0849073400123,-1565.8367009178987,32.01839487737281,303.664169288925
2337.7268090972816,-2806.7502147057507,215.5149085483714,311.03870357706256
1787.0447269221704,-1692.644948337207,62.11854290047049,301.08684971218884
1998.661319704451,-2175.82701938323,223.70937065995344,319.15917758728125
1461.1051459458986,-1534.711468178153,222.87656141186451,310.94184598309073
1875.5840403997518,-1420.2543377474046,101.40033358084447,335.7282644101899
2379.898984999144,-2746.772228327231,256.3445218080408,318.83244737623926
2564.8753299936466,-1268.0996839113839,61.46019608080621,307.52436266621544
1009.9802364909441,-2563.222552534464,178.89042711346156,295.53757321786145
1883.0257256255427,-2760.8797518888805,235.16041634524376,331.81655743967383
2019.2843654834762,-1607.8925466703283,137.88537889157664,312.10634785551446
2066.407908511327,-1454.903195312357,182.39231209534836,325.1453439428887
2992.9948040705676,-2005.359864798597,77.56592777669303,303.1924181335834
1598.4790956892446,-2779.9740756688325,60.86202823742474,296.06457636143335
1488.3799974428466,-1944.265041979834,149.04498316208077,335.3121161641781
1546.2692337179483,-1968.8030755562238,178.18475101277738,321.7850621861705
2337.561340719727,-2984.2788781849604,44.39472054798929,297.04099884946265
2305.5200764902356,-2235.0180663000806,194.78375422250318,325.0314043264533
2960.999494031359,-2951.140805990793,39.53191672404168,298.3075118570666
2520.779102573668,-1722.1689288786129,233.06067872594693,310.751249169891
1092.0363680964135,-1491.7028497390804,204.53095040676092,321.39680458900784
1647.2894118389536,-1996.0457110744128,58.40950211168598,315.61424197532244
2397.1440181955613,-2090.0068596872434,-10.494703101285333,323.77484925134826
2298.5144606670933,-2143.4485347173113,194.82957952514437,320.0000918210099
2311.4997091683385,-1106.2739686747918,123.02589913048416,326.198922030101
1203.1677773135352,-2489.3763360749526,0.13269253646362067,308.0009190607785
2400.41493766694,-1693.2369237582113,64.48180880782569,295.31182908740067
2959.01887060055,-2469.9798236588504,192.5868682752672,296.7280306981673
2343.022439032724,-2681.8661769925216,124.5623672275535,316.3087058238278
2140.0994888936375,-2250.818360128349,-14.699714823660864,299.30856511739705
2629.7116835847582,-1242.1379972419238,238.84891777830586,317.40430033835673
2359.741260671048,-1613.7544240889151,214.1811241440615,317.16723279201756
2820.8321147984398,-2654.3590392187057,135.0092088005419,305.2764962189754
1418.35804448157,-1779.1302495517627,5.435193781861944,296.5277219617018
1043.6251014830302,-1176.4069315170505,157.98126133115917,308.87358351547226
1890.2744275216091,-2069.6770653162903,6.848890943500411,334.29050671884715
1697.9535258481687,-2010.5588156880488,167.7882334194287,295.3646598712377
2861.2933193826075,-1680.5621353599859,85.98529483468384,328.2523904073121
1263.2263189439823,-2121.7787511008473,109.80934169759365,300.81039262523376
1359.3411935313904,-1543.5795207359968,257.2157624692833,295.01296806079193
1143.6579130209204,-1242.699276521777,169.7767590825336,322.61241451514013
2847.128551032447,-1731.3235142597862,23.425887138515563,302.29929275696134
2813.6158710410205,-1393.109310466785,52.03103203129143,319.3770399784521
1326.4214821508954,-1132.3135056192814,41.11529225837907,298.9872085695163
1886.790811447409,-2453.243511765124,45.79173058750947,303.7540702772245
1748.374167094808,-1131.034988119135,211.7841011784502,337.84288853289945
2422.872176847171,-2627.2313265964294,227.6750378280738,315.2403067122115
1907.9202588711933,-1096.0991909639274,225.42321995515508,326.29781252806
2703.0771216451794,-1198.740688079814,93.81770115864745,320.0644555677892
2589.619574608235,-1911.7971167758426,143.87698117863397,325.312129243867
1008.8992973305435,-1511.7976558176138,228.39913896475954,337.6169760678289
1257.8523014048121,-1735.7254993610195,82.13946344926865,316.3348485161544
1551.3933640998798,-1513.6003712356962,150.98656185680673,324.93890325576433
1092.9942716804758,-1857.252561571565,-3.478158240813576,299.1347649589133
1502.619591760047,-2413.044268155287,237.11101806077008,303.7439800668554
1165.955436254593,-2185.250997204854,142.28213146088527,314.16632776329385
1744.7511172270144,-2289.1408327448407,194.89297113275038,329.07028612422334
2454.1889362908796,-1905.9319658942145,-13.002075234358996,305.91571620209686
1921.8408609379535,-1936.0637692156656,231.37765544755973,334.5800565093959
2099.0199771571315,-1059.0992872379502,138.61052071054354,313.27746242969476
2448.2552427770383,-1035.5357748566873,0.14343616700101158,323.31275578988186
2650.065946586883,-2589.77622852637,148.9031742801043,309.0921098165288
1289.4414019930355,-1625.98960757902,245.05926153509955,313.54025270871716
2433.005452795015,-2418.7042928936307,109.66278492448775,303.23649779769346
2427.080654855634,-2884.531657091546,41.406846278214395,339.1752261715188
1250.9877028615297,-2136.5077467097003,170.78997543503218,316.71999770729633
1969.178877126359,-2671.437890815707,204.66247713069785,296.9449201960418
1021.5620990754093,-1184.068215036573,178.49757189380549,328.3115193418971
2333.5881036091528,-2791.6763876047803,238.46868338969202,312.16206103831627
1249.7986902372827,-2862.423578141274,61.75427773399035,309.21474528132353
2113.0511025681944,-1030.2922980230683,50.367471332128034,331.89413077328106
1705.457816510822,-1556.223869579411,96.65692819326789,313.602774270557
2493.5158665658228,-2026.2603015430143,29.334161429478364,327.48517752607216
1992.4903252544404,-2432.4094253903295,48.686459608702364,316.30858383980546
2948.194246565369,-1515.728999159255,152.17291010332738,295.63482855266705
1269.026525376363,-2489.19527629444,119.37020861410701,312.997788044015
2066.978152607302,-2089.4264548202036,207.71482758318643,333.7052331331336
2047.3281178510658,-2899.8615744606686,243.98844637919314,323.6623896601741
2580.765952575138,-1948.793513749256,17.938559867172664,327.82399815091617
1528.7499770587788,-1492.4700946314013,-12.155933327972319,314.7459484735458
2743.696625673481,-1469.9129796521233,136.69230393599702,321.8966432923664
1133.6709361053202,-2954.881194039427,9.517803316657439,304.2021193186808
2579.73010788044,-2068.2487420598104,112.87687478463837,296.13315357168347
2682.1194860990336,-2539.2816505584055,196.07504626827273,300.37039808343087
1798.9963936816569,-1860.8676386827178,103.7878962635124,319.99309246907575
2117.658701416397,-2238.1533720047946,209.0927215496725,323.10044709926
2190.0845635575383,-1797.4781476639278,194.83968457989093,306.29842320928003
1727.7331278553645,-1744.4283360354632,18.648904839027182,308.9303534698206
2561.184493918157,-2331.363307043139,10.524852601703618,312.5540316246532
2190.513146760485,-2531.7566600780274,176.11531334821152,328.1811188990491
2785.4408667670523,-2872.5307438777854,71.8335535163423,319.21573274140627
1640.8082375280178,-2432.0097419951167,109.252674655113,304.3480883758085
1611.0920717320607,-1140.706535860181,250.6067578858436,335.74253611727687
2146.2807934904376,-2666.4689929166275,157.2103226595538,332.47739213967947
2677.997638548548,-1061.7879821544655,198.81484123179274,326.5700077676371
1956.20314954563,-1994.5092173438184,153.91904125044405,324.33673653562136
2436.7123356870234,-2401.7760508311158,20.96570501249891,324.87902223579584
1219.5976084649196,-2200.9460703161867,207.7893049443524,311.2638711388621
2248.236615500891,-2137.0278980806875,99.13993481211541,333.8467081911744
2996.6215476535103,-1239.9075787452261,57.75437672834626,331.18169122391635
2862.450341372707,-2935.7242761269918,30.56241358208181,334.47714867145396
1887.6143668947907,-1385.0861653080992,2.766680914600226,307.250444768616
2599.77899455195,-1483.136596712748,61.72641783931799,339.57866515591144
1901.6831658601473,-1669.7085388638839,122.44671378286316,327.493619320472
1648.965006724357,-2105.960131687914,172.05594009332782,323.1091189226901
1118.9591252346352,-1938.4252968960725,-14.269452157957542,327.538517507803
2167.4553913284108,-1931.0237148137765,51.071368487119514,318.18892554343586
1635.860019421339,-1790.3858340847646,222.27784956259276,323.9900870118179
1820.7747417483033,-2856.7942292038183,71.28691660605753,330.8311263636354
2989.3454303227227,-1337.1689667485139,255.27616509814175,336.6682409459391
1101.6159399394644,-1018.4994616271267,208.18100343223588,324.09712193805115
2018.6919743933513,-1048.698186567763,179.67609957579043,335.7364993212742
1542.8034129858188,-1038.784092353436,232.90775323524107,309.02757727142784
2445.851291207073,-1876.481178780743,185.92002751682108,333.1778286968285
2641.545772619198,-1104.9824217220137,48.89742346388013,329.0801856996638
1204.4486180230176,-2450.4147594675396,161.68585771330712,296.98421181950613
1088.779615755964,-2647.530514094836,161.67105642882953,319.43278424678783
1738.7977247133667,-1281.8065067338027,83.02822244021095,295.1087116306342
2833.32744452942,-2746.9071424159265,136.38554621562108,321.51039698284706
2288.510392748151,-2437.445756091942,113.71820476084665,297.9463643170581
1056.3552302364283,-1693.4192076204467,218.81757410785144,308.73655945929585
1650.4359793365893,-1600.381803390935,117.47271959017172,299.97347503472525
2778.837049050137,-1695.0094680112984,5.520336452195398,317.3040180039201
1499.7263572830511,-1451.4232450475115,30.50926643287879,304.5958503702517
1947.3385487450496,-2114.91183005905,42.362815079950124,315.82690071710977
1168.628350247037,-1668.5392951654298,-2.5941327000021417,310.4806522023463
2782.8193914117483,-1792.4664743611672,238.96530532470808,333.54214453627463
2477.8996089369116,-2608.288863328981,-14.489349311717252,297.41711359082854
1087.383161415634,-2187.3541672585206,187.4277349617409,337.5969037741162
2701.0178392208213,-1243.2598877248813,112.04432288788908,313.8635571375944
1925.5974602626757,-1180.6189525646892,118.83201367280944,324.1680996727779
2068.724145394758,-1272.7601786264327,237.0314147672877,304.42085738992876
2772.5887526060724,-2730.3593353698166,224.7680979229671,335.5158175687781
1976.2744309903705,-1601.6204526868673,160.53609447136336,325.1640920200758
2919.0725179922947,-2748.0866736696607,27.556747347977527,297.2055803734058
2130.354295037666,-1849.7232541219935,231.04419148468966,326.72745263533056
2073.2372726797294,-2444.308148386621,133.89843199590933,330.8232000545657
2392.621778270067,-2476.046671423947,21.39157922905271,321.1539023315977
2251.4936228022343,-1252.185537639029,121.55721414333954,312.54564946277475
2120.2405707380926,-1192.9947242772637,46.69683497952316,299.24792449576205
2798.575222072268,-2373.9483390318924,126.16241893485034,319.24002649645627
1982.454740470286,-1010.394919282626,177.93737379618386,297.35062788978064
2474.0898313719367,-2586.423461899293,-9.775779836292346,331.02672589098245
1144.3373383734456,-1630.9219010514662,184.21217172284565,324.77348520419014
2769.6349577068904,-2962.25114994691,159.0858851450448,323.3037224252362
1007.6691256485948,-2887.917686422018,148.8017515847226,327.9180745579346
1240.1704523291182,-2300.3951793474107,-9.768422095124851,311.43967707807263
1349.8103895066445,-2498.609154041248,165.3940383596717,323.87022705893577
1028.9522618532087,-2880.206173716335,3.4371039988727787,325.00634448194296
2539.0124007781724,-1161.4039004336546,152.73788156280054,331.5259281874453
2879.399276556549,-2872.13808173055,61.74980879516548,320.5320854347714
1451.915919046221,-1506.5099309442041,111.10911327799926,321.7969220624009
2465.9926991452867,-2144.175314354519,255.6462568068269,332.5688386254674
2526.017485486942,-2246.3156213823345,76.66621209281334,295.78900268118997
2658.484486110992,-2366.239168254918,58.15852380092049,337.9528768391115
1361.3703273253204,-2917.444229903333,190.3391294177278,314.90421498132577
1691.839676948941,-1788.1555726422125,-2.9718783981129153,311.0558371529899
1924.9404447030224,-1678.3302572282234,135.80849086511327,295.82713200755086
1893.7625881269776,-2402.1121354332145,67.38251652498357,324.0401386943383
1237.2174709011242,-1869.0153639716268,115.50500995687057,328.5348939299779
2606.8009923708896,-2863.910526512502,187.7073666839365,333.90182237353054
2207.379260479078,-2990.4010216456177,43.55880723682028,307.5877498830185
1352.4654868186167,-1388.1143249054203,84.18754760933932,320.07665478637824
1607.324389052678,-2721.870203724748,63.30711149803997,295.2857218757718
1043.6670821492685,-2378.223479137646,3.343685920320489,330.2366407773215
1612.024852856192,-1762.3214169402952,143.14876997953596,321.0298384015385
2891.022078394903,-1643.5299028404345,48.96201424216729,333.9758888821376
2974.1345380224398,-1759.3688141374857,111.66126497459402,322.6491912687093
1495.0857192152544,-2225.340351277656,167.02223871907034,324.13152932456705
1471.324518285433,-2017.5425235465777,79.10580781344609,322.00406891464905
1139.4949729839711,-1497.0484923029549,141.11419383798375,330.89166671719556
1394.3103762705507,-1211.4772836686882,252.73542779287914,317.85958641320394
2039.7987578400398,-2333.9248790105576,26.95660021111101,337.35441867155373
1127.983741106866,-2687.3938118746787,146.64770202495092,331.30035299333787
2095.481494756916,-1530.4781579136875,254.06764524276605,310.54856363131586
1096.9544905674827,-1238.781208559477,26.692301703218682,339.32685240642576
1184.2034111744015,-2420.400564382962,121.93606512268647,326.38856350295475
1560.2301609011074,-1317.419965477547,230.27618549445404,317.86605295030887
1681.274669846281,-1523.2249083209285,253.40629383044234,339.16685632020983
1442.038446271187,-1586.3124821529912,101.43613106170754,311.6813660181959
2091.1436014200544,-2271.5625528588625,175.19411744896018,298.71280822662436
1103.8662976621133,-2371.676285403357,89.66669031163593,334.983203875173
2229.7498487166613,-1655.1461259433213,179.66018674925232,318.8922304596077
1565.136993373047,-2218.26770519756,155.81136165569566,295.51698140771475
2743.5807241654516,-2802.001919040072,161.8635132385314,313.5144096591332
2153.7222590900374,-1445.481466965057,201.07690135393491,337.3422273891729
2209.5462963427744,-1244.8092497342336,71.06896415679034,331.13590332537086
1702.0844372050647,-2034.2253617944962,21.603551463306246,331.3029803951045
1544.8636683328068,-1349.4697216451846,58.88263159896934,337.57773703603493
1918.2131134485262,-2697.7898373508892,-12.988991663220105,332.6763045485246
2923.9377726415923,-2932.0852600993803,175.66988938671486,296.6064208886347
1483.7220684794954,-2285.1238298693106,51.10001336491659,312.33766240418925
2510.377738093324,-2249.6931593907216,84.72157663519364,309.88837059594607
2286.042075551499,-1698.4838611196717,232.45632709495757,302.73811990265693
1795.4580414582715,-1341.67936495407,57.77192498180425,311.186832811263
2378.754168253741,-2043.3408637681064,89.99202631050525,295.45545451145983
2549.635252163449,-1211.619702505453,13.94346351338309,320.31177244062985
2031.7358058194977,-2149.7312742207832,171.54634842026502,322.1522212694259
2440.6149125667935,-2790.888767936506,108.10259666677955,311.03276805677604
1487.4493788941554,-2438.9554552115465,67.10442965586583,337.4304424139967
2816.4600177743882,-2941.3101490395575,186.02055648766878,303.75434904773806
2764.4524865433555,-2261.672302855127,58.95788913309636,299.81332774923914
2207.6037064975117,-1803.0075256370044,228.21205883374938,301.3582952813322
2482.6108870563558,-1580.1817253527095,69.7410966771723,326.16265240830637
1646.2356466747242,-1354.366120579158,253.29231619156133,327.4327671547006
1580.9220671120067,-1350.7180965264386,-14.045640638436225,309.0690307403884
2791.4562554230783,-1439.913027720344,12.068623979827493,324.3934094113133
2592.9385960389245,-2626.5659559677515,-5.3512003325584985,309.5277283839263
2431.4151366003553,-1517.6142004263418,234.3213201424899,300.0234528875143
2489.6851413891254,-1396.6036404746042,69.8470568199588,318.8518291651341
2341.3146439937946,-1093.4922366678666,30.112147743279813,309.02664609699895
1758.8875067703407,-1483.310366098812,-6.243639950822464,302.2150171935977
2650.3897541946208,-2405.670126348891,55.48883145963842,317.9898625558944
1203.160223901363,-1347.3603258981764,58.055450809928416,330.5976088848473
2097.6932004889586,-2746.970206339095,92.70729878070365,302.65678461399557
1217.3246606844598,-2536.3205248451754,145.52529904660892,309.05432091227044
2479.2670855883425,-1885.5777832063861,181.0688133531519,302.3731856530155
1144.2643470510136,-1237.0048698841963,124.00599616612351,322.9121017941467
2358.5580454352903,-2865.8478421681643,167.15328787521233,302.6569787775332
1516.0320757256077,-2120.040760287314,145.22960365908372,339.9321954779034
1965.1090326309718,-1218.884111158717,109.81903886473222,297.3259434440566
1190.1719423646448,-1982.4642439907825,159.0944925587968,318.1710631642457
2965.00162536819,-2149.2571032657233,28.318988349044695,301.9981404271069
1534.9710393959417,-1271.6961565402914,234.41650319382825,320.20869325855404
2775.345095730067,-1482.7686386084367,231.6900556670846,326.7285775869312
1532.8209978370269,-2620.6514782941967,142.04966819054582,313.8220262708959
1772.3407306266017,-2925.2650702317856,-14.950821646326265,330.7869007917751
1688.2378174013666,-2175.7656890784115,180.50640353101505,299.29476425717326
2434.911510652951,-1865.3559282230165,190.5621818284772,303.7109122720522
2733.828004473431,-1657.6916764790176,107.20002797538119,335.7087680096688
2494.4333557403106,-1462.7898553753248,91.20365082301431,310.54196725915
2699.511753423607,-2098.308175196675,65.40105932083786,338.4352691134021
1595.0021686397538,-2278.877741812419,146.9653964010339,312.27816340027323
1183.022814095848,-2218.524194397551,26.4506140240073,298.0444119842539
2537.461803293979,-2468.1850500764135,2.930578066287868,311.0809471249815
2745.0809381219997,-2058.5793832171585,9.21612190075263,339.0462276633129
2211.519371875663,-1392.353639611783,100.56780467477023,337.2899094769975
1914.6657462825183,-1968.7505907688283,248.17516961017446,295.14391370680636
1825.7024566038826,-2646.7467008420626,50.31144287027921,317.86343965459713
1967.2254117718944,-1949.6627992575243,234.8085598517295,317.20712083086556
2931.771532781083,-2984.67608946617,50.56750523027273,297.41893816040806
1687.6971389317318,-1395.0213084656493,3.2863945395857854,335.0261506669599
2621.2686014132596,-2981.414028011503,199.40034357732358,309.086331824357
2657.346830529603,-1556.6809579299409,236.3623399092609,314.3878669682249
2598.2133047759644,-2723.083671020628,236.26823970955547,323.8745616746868
2397.3195979053853,-2159.454647974787,201.06327353972017,298.696688979725
1405.6972064881159,-1453.124219165046,100.395073003717,339.946361490454
2794.021168077513,-2424.9352253541865,61.86033200065535,321.14472203186943
1711.7397433941064,-1099.998810356476,60.19982983021055,322.9721880987516
2574.9166540798833,-2171.755217934194,143.48542379586152,322.35302656548015
2811.5406109465484,-2873.5115565963233,229.46853962395116,323.806837284498
1435.1654695823943,-1184.6989050866891,176.83191028273407,330.2009588065626
2223.4960081839477,-1553.7655400887422,115.48522770525429,323.1738420031507
1142.7390547097448,-1459.9087619038814,-6.950980299356591,313.7519597713532
1715.3433332070163,-1761.420015631217,36.032999871292006,302.62889553363493
1073.6435167919283,-2406.7884603487882,203.27026622942444,316.8920741941456
2461.372162054774,-1049.8031119257016,48.35388512314785,321.94195820677317
1595.1539267833114,-2815.99011394747,219.373963609015,335.69584003972585
1895.1372509222929,-1166.9006159887601,65.15313208630019,332.95502342941813
1344.7041891094277,-1760.9161670928909,199.21094564671725,331.07551723427423
1016.0475758279968,-1909.578172833785,111.5499479567793,315.811429430047
2087.8261182513183,-1210.7321920991167,134.6443543690332,307.57187235086263
1951.8220082359146,-2257.833627364699,154.91157455964864,300.24521131889
2238.43841936204,-2763.444702143061,-10.444020484887151,338.5767246048004
2767.579522118311,-2669.5231081184725,29.862248337019636,333.3233205285926
1764.2991233789398,-2589.2873310604255,61.16671955239015,320.48533319138465
1768.3998117555443,-1216.9577151759895,146.45050560387648,296.15979379683773
2706.6796536228558,-2424.5400108262697,155.53508213487848,316.0382131732613
2337.398260831069,-2203.1419106621556,72.7043880440764,335.3838317901984
1920.3795689204069,-2732.558285866961,166.53793605541418,303.96470933497363
2163.5580885186496,-1903.4623182654163,238.77861861848618,306.21805769100723
2321.5692767086157,-2385.7190452367286,-10.675585592573528,337.42740039041473
2641.6209847413943,-1509.6183532187626,239.2686787669218,309.8144681077469
2159.540436663092,-1775.0857998873632,132.2725840218485,335.23190563954154
1595.6504253084613,-1971.7141707641356,216.48215040006912,339.9199322880522
2556.342020236403,-2417.4885234703247,12.933354362442696,335.9433420998893
1523.3129995463296,-2098.4928783319274,152.68948350058292,331.2456812439997
1898.285194429668,-1859.4770849866459,245.0245981271235,298.3008767343526
2543.5886835483225,-2571.3162525498064,117.21637506397602,337.03101500037195
1335.886825806469,-2380.0404643545794,193.71343147713873,310.7405326442369
2955.5367098409674,-2308.279501483969,104.162531181502,334.35577119935107
1442.5421456328147,-2346.8341747578133,74.63603074041379,319.3142191832088
1822.432969202698,-2163.2536692070166,224.71557214590814,314.56089616977965
2493.1368643655455,-1115.2894963806066,198.17776596341938,302.86874942198955
2641.591942429703,-2815.097156072787,118.89974880603154,306.98741988933887
2570.036354573192,-2988.8680951218253,219.2834510844478,313.3357166148401
2021.465101491412,-2013.8374364486174,29.609328426886286,322.8867344146407
1862.6364182811744,-2470.777935260005,165.2161131401235,297.2673626885278
1907.178199789333,-1184.5095886477386,212.11526276184014,325.33969309989914
1217.9542691322156,-2398.4680193918684,220.0589697790516,336.35717269652764
2139.45730722032,-1947.1506018617847,246.8179810735582,303.13370178446667
2016.3438564028074,-2328.515978279312,250.73149459641786,307.2121215705566
2751.3790613307974,-1924.6710573924981,174.83023212519458,299.3920846312455
2122.5858252804637,-2970.1119976511422,45.26220256018692,319.80861266891503
1154.5459744802033,-2381.058180190506,206.34220902636804,305.4052819451494
2286.419961940145,-2901.2301620703224,170.05133057598857,327.1616039614306
2650.003723296457,-2038.5357517208004,147.82106099947293,328.1983102465098
2341.4500517417564,-2698.247882118207,192.6325961528269,314.4455738121392
1913.0546552334308,-1991.5135373127682,152.7429337585974,302.2661339803384
2526.153370834128,-1840.188272171798,160.05269615677074,324.17414073614896
2651.0906384161044,-1543.6826697988386,128.10870597423838,314.4850390357339
1087.363857847339,-1328.0711775832187,160.49644847537672,310.9567758663055
2491.1975914073428,-2027.8777368529927,168.18950039512458,332.9632621148575
1791.5948166511698,-2596.559101986409,232.6227979101092,333.6373115926712
2544.1058129255043,-2037.1437517585687,212.08004459022743,331.67124736784456
2191.382576481408,-2897.6876967738303,213.49140896580062,300.8987667970092
2619.186429659897,-1020.0926888097006,157.08402202636773,304.00514518746553
2390.461996311902,-2951.033192255495,252.49720388279803,332.19015226401734
2250.4908093163494,-1151.1839593757072,46.2869157211464,305.10715386799444
2839.3553163310717,-1626.627994156411,136.49660665077823,303.52646652728276
2116.642895941287,-1190.1819901068666,58.88391329906162,321.74605545741787
1555.6407151488024,-1019.2915759249352,50.47556470728729,304.92688925023515
1725.2098445828485,-1354.5483591728946,58.974946215806725,315.6962220534683
1824.016624337109,-2530.2109612535337,14.41500862319677,339.2571226099456
1232.0293573463696,-2228.322102136592,57.18363982106547,330.85578260198344
1463.4138905131285,-1544.1081598549536,121.97392855523651,320.7842568641805
1978.525803760937,-1693.877678653839,235.28119592740558,308.1488562343078
1786.3208308216467,-1024.7336583272613,81.90200121882857,329.74012041534877
1934.389525251552,-1957.5509242892917,152.50059555126677,331.8892996317493
2961.6565404652847,-2558.258900204767,121.09088271225986,317.6231448086985
2482.2596506034033,-1741.6931938752014,-2.4108385074727483,316.35130291113705
1765.4684995307543,-2895.674336645313,153.82807257846872,327.93158012569734
2152.6439727060842,-2617.399888210547,217.82706740160899,308.12770489782935
2216.771472913788,-2216.916898712345,229.31649079806704,333.45274157266044
2953.8502389117893,-1166.6975575533938,50.83161986268148,312.2084617965735
1510.6628406081913,-2934.693775303045,151.41959881427596,327.940387896386
1485.8377752486192,-1080.973041944973,49.87174357612591,326.18599078588375
1468.4993950096032,-1326.0868150349884,44.50210190085071,330.75480672015493
1939.5114385562765,-2501.7991404345703,114.56659981988358,310.76646672871215
2247.7687223092917,-1639.7014629139474,190.04895820539838,300.1426810893038
1601.9497935340191,-2543.425606863634,0.07266446938271187,317.96829171694424
2077.2928058528314,-2900.2288149702817,-4.056955715873531,304.3843627168526
1970.3324714029322,-2639.978364517829,2.528916615333028,324.27373209638404
1676.253567815895,-2907.858710859024,120.00563222306312,325.187907411505
2991.390723914898,-2871.916249436348,197.42597825741763,322.3875180726859
1995.1082685884903,-2506.400342613808,3.1536692916455458,302.5549187081149
2566.1226061381503,-2943.766515563513,55.42063640797045,329.30423225526675
2948.554595675866,-1672.919368176396,156.5337249276629,308.7621615148494
2907.314967562065,-2250.8912865065863,160.34275284130914,327.3772604938334
1064.1642980068666,-1747.8512207432889,160.8887442768948,336.27332534810307
2204.3622611088463,-1057.0539066480287,76.55440564829912,315.03123853474887
2638.645953579683,-1658.134789060653,119.46336874548163,338.28196948800576
1958.4618362085264,-1423.5787760532073,259.9115875631494,317.44898168823624
2009.818893614441,-2407.8493767390246,220.9569196848428,315.76005762696445
2793.029050539986,-2286.968510311108,155.1490772503762,307.51041230955667
2477.348029541191,-2687.0514603919287,109.037178870466,337.4565469819825
2858.561405804601,-1790.8889365931136,239.11106531708572,338.45210090151016
2452.785073484485,-1601.0235804166946,96.31936169826739,338.8347959018984
2249.2102451332375,-1495.1650858814733,-9.201253580803504,316.8367009765634
2054.2679118063957,-1590.0051707743592,46.65802521749083,322.2979961802915
1535.590944293709,-2157.951802585637,199.29300927943743,311.1202400700312
1839.464529092645,-2116.4681786079477,227.76932944806157,328.0478344606661
2705.6059745302573,-1092.3100012725122,222.88909923317877,325.95277196121026
2238.076888614734,-1292.672766526453,153.5907777112635,314.8181941188695
1072.6407934539923,-1412.2973790670042,252.4022316204419,330.2296645947675
2967.9614890462335,-1742.9893495459905,232.6578586122012,339.2885271406448
1636.8574380900109,-1695.691311939544,115.5440448210096,300.43411953789825
2958.066405915259,-1990.607306046931,110.0705541549927,310.5849572306027
1105.6381986956792,-2881.441043805164,239.25460176807985,322.31891830871035
2269.8208265945505,-2261.2366516723287,119.75389640572396,321.09217179346626
2676.409375932565,-1782.5120895555956,-7.844860085625719,331.17121111847155
1187.3849528584274,-1576.8876755811962,-9.958535444701303,328.38401703312263
2483.2534147336974,-2659.4165119050144,205.81089419617018,338.7952575238591
2126.2662264101073,-2628.243650209878,178.1566742059888,332.44555157124404
2911.808536279802,-1553.79107788444,203.30249879648505,321.7839659374242
2710.673520605162,-2868.4654441478556,176.1553232772026,324.53029234659033
1933.9786218031336,-1043.3109697077093,40.03652977985113,310.21038413695084
1916.3337995634442,-2232.745098161023,149.28988885227918,327.25289185489646
1950.8986677539174,-1472.975553759523,92.02888090987014,335.9353965179541
2794.9817897613025,-2303.9951641885586,35.73336537917559,328.5286603890118
2163.3412973779405,-1480.7566581950273,190.35692982516505,297.612938533861
1045.9241845663262,-2531.4366839188565,41.10606229346306,303.9268401645134
2133.2965025005806,-1124.401837867873,170.02502606722302,314.6594150065123
1252.0961371353283,-2437.115226379627,-2.089089800289127,320.0768750147571
2819.9492592014903,-1395.5820284415486,158.41695099490695,335.722743717707
2703.586715380179,-2789.220057070432,148.30546207437743,319.862420276202
2929.1231568332305,-2756.9431737639748,20.41276467773899,326.3643851596889
1093.7173977689451,-2456.1697244989987,159.8720433975641,315.82386276687265
2535.238433307376,-1168.0315100055045,58.300195893979975,310.90804333198065
2001.0108992068651,-1117.4824007871887,58.32680771345319,295.67995355564346
1803.6253300128942,-1863.2441760432885,179.25135912938833,319.09734691154557
1083.858357173869,-1893.4476037100421,222.21854907900533,316.3218193893524
1266.6935736661658,-1298.2138098626097,185.32386936405874,339.44016715874767
1696.1085126354888,-2540.0525862114487,-7.761977870460289,329.81261927020887
1669.7703374129705,-2288.6398885466924,21.30289862573008,295.3226992704269
1497.183934058495,-1829.440647473519,38.650226007253075,325.170704015722
1985.8624825150819,-1663.735075675775,13.302871946787196,337.8342630714738
1421.1153098631619,-1222.7665932205477,179.51722563259005,325.44248619468107
1188.2722000784156,-1976.0820518544856,70.49034745550733,321.0349310739964
1401.9146931387872,-1483.423132395095,114.29585449442675,300.29796606777813
2410.8936613030705,-2525.5351230206493,13.3164322906954,319.1745187016817
2541.209602644151,-1799.0943254768179,157.2036219928534,312.31021357401625
2549.723540944645,-2560.409728355012,13.592242228329066,304.4874955743802
2363.8368541688833,-2810.8689202066207,222.20316436197217,322.9544075556135
2044.9656095002829,-2254.424618490577,155.3129163551115,308.01508940834765
2394.68729901839,-2915.1617441984663,99.95620519753871,317.8482473264354
2807.4388238023835,-2414.74637516289,98.2048560348896,306.35551622520234
2379.812750582173,-2476.1922309370684,60.407698490507045,338.0509598079108
1915.9517569751292,-2378.3287721616216,231.04737264926132,295.91699574332347
1453.8598420379444,-1600.0440284535784,15.571442041864174,331.01115489884967
2058.7321719864403,-2062.343407836446,-12.3472398173135,319.544191389081
2498.2793436475354,-1662.921664993979,22.920044169167177,332.90741149254063
2203.9431921348896,-2465.9357144073983,171.19140316254794,322.0792776341771
2240.360663723638,-2609.6207712702503,43.926914554575504,322.78729538593427
1685.0876395606397,-2278.7896083545006,46.978162434663595,314.63704635963506
1747.1201344883366,-1621.9419577509539,168.58711835427155,295.88563916369134
1953.2992919369176,-1684.6374103376336,67.97677958707521,322.71607175666486
1238.9985815233276,-1547.9612627257357,63.48403915186039,313.56714942160806
1766.7264338394034,-1846.35063181104,-4.569785497127111,337.62316480501613
1378.9473850446193,-1993.9158837230075,42.71550499264513,301.16291836191044
1347.3230063163617,-1574.684639781464,0.3647596464909295,324.4586955486957
1167.0980661145181,-2875.4798383322945,42.443666796174156,319.3572015833264
2155.6801427627806,-2573.9853357500065,212.28631672880906,323.59690254093437
2294.424374035514,-2636.486079591641,74.02497576629725,336.18141052722945
1577.3287826951325,-2964.997085798829,27.659959339761436,332.8387721817425
1286.8431222683987,-1967.2270373416666,32.97384613538081,322.7358877543064
1026.4311140066823,-1758.1377486001165,55.90231991281374,328.7748889446069
1455.927932729546,-1504.41702303037,69.90785912843783,337.2270023098673
2657.118889248919,-1046.5235776279344,32.91441494919039,308.7514633556885
1789.5092785522625,-2801.8920521024056,188.23260307366002,329.20078566978
1388.579610781372,-2860.352218831903,254.7217489961207,321.14563150083836
2611.571750936706,-2171.3115177383957,164.71763757344783,295.8133604073125
1562.9567196922771,-1196.1680208064345,2.987690253504816,330.20652861961815
2629.487145558152,-1162.7049420947808,125.972532537051,318.81953848801953
2788.2297988562004,-2568.005290268557,-14.17507464149456,319.8078650943835
2530.9311538118773,-2563.8943896713254,58.72791444412739,328.47475983428404
2189.5383611427656,-1578.436582298243,10.422188455563564,296.3137747250189
1167.014423512768,-1880.7202905884358,112.44208162874493,328.39958837297667
1200.311667602377,-1187.3046966272398,189.7622239147931,332.96059368334363
2718.59243456113,-2787.172246114712,47.08926027341696,317.9431959145616
1680.939735089455,-1476.7015719501082,211.93143160008105,298.016104876638
2160.196366892659,-1569.800636299716,57.56311916576669,317.50601607430787
1898.9311785884074,-2808.939481826175,-9.928824841726334,305.5474649989613
2509.545186990274,-1363.6694873693252,23.682644846215887,330.16969362093613
1238.879515780794,-1401.1075031944179,176.4773536215829,312.8316501939618
1787.2478517680602,-2381.125914829736,72.8661320806871,320.92986670400865
2513.4622277578565,-2893.6727090387135,2.674682708830222,328.67554414415787
2328.1979806974423,-2361.6300844946245,52.441817524380994,318.65082870439534
2938.048634220937,-2845.744135964494,75.58797466729204,331.46537182981075
2005.9017298892227,-1213.6275419137237,-11.38894982989316,332.04334777523866
1950.4145691175252,-2526.555882155716,119.80796865262701,307.6284184767547
2190.5221699644762,-2679.683249362507,14.150329943741994,335.95970734254047
1021.3190111479205,-2328.3307353270134,35.99871125923148,315.9928513137947
2836.716086241603,-2264.3788283084996,-1.803601348866657,307.15163855925863
1203.4982414689593,-2062.184339719717,168.87625667746462,325.1542989929968
1667.6747146134226,-1341.9116645554298,97.67794913169251,304.25012969775446
1186.053632401899,-1345.971532400808,258.8147384293704,314.71671004647317
1124.7883624797755,-1560.201190975476,225.2276721977706,303.80298647826174
2790.9048612372717,-2804.12372714601,156.97118972946018,296.0076884326003
2259.1197706974635,-1604.9992674341222,73.76422539999722,338.5011748541089
2735.925097843807,-1645.7275004114351,3.7066823217420968,316.59644449604735
1981.8517362722455,-2253.9094813523734,169.10469029432548,321.22358100805104
2152.95221595156,-2039.5855716645976,147.53687420879277,296.055568577341
1300.7580130359179,-1724.1311420463617,117.04106773839709,302.1205689228838
1612.8908554325012,-2687.3642842942468,246.28707832212217,299.5308519437119
1609.7016776517862,-1217.3706835717082,4.602546085982205,337.28620508861434
2683.627841577621,-2016.306002200864,165.8925535441224,313.8136701780917
2662.9828268399856,-2669.298345295908,193.28321220758733,307.7075106486603
2327.5750171928703,-1012.2641354282277,189.91991435687402,336.0601527826575
2968.604318480436,-1241.8361449397273,88.36962505228786,338.3170854253586
2856.5309269437685,-2676.080058209134,95.3657552234135,321.29163975149856
2678.793219475867,-2953.403909652725,235.48271148298718,324.81392544873376
1102.3021522427437,-1669.5705091064995,240.56613117933603,333.5173617124016
1198.1807851675396,-2196.8531993282136,105.98076277500007,302.09290365881907
1570.969947963962,-1203.5291171915082,145.57931572779572,337.98428338469387
1934.7258899247975,-1252.546293491961,194.49293988709206,330.6085069955704
2264.8959400069043,-1038.9462217118505,127.55211576168338,305.28010313083684
2752.2281443044776,-1863.2664544464367,176.69075806526482,334.7955403774796
2458.125462435464,-2677.0870826220334,203.44448189612203,322.86834063944065
1293.5917084541738,-1443.1961817682463,29.298909641211935,319.7389394175525
1082.1327104496181,-2744.828689621879,-8.065040684222103,322.0321371294807
1032.887252072634,-1159.2524262495149,217.583536090929,298.16759370942873
1932.821238417233,-2348.5275834129866,209.7063049391759,318.5484800047002
2394.1068796606824,-2073.287134070604,248.90593504950152,313.1387237144555
1063.6875847409322,-2908.01984194441,160.92513312092308,335.5663910190624
2069.709478813325,-1071.806072756239,168.73514139174662,330.7445621929769
1972.9088424932415,-1770.3217707190938,118.7437902458797,303.5968648491137
2415.4776627240094,-1040.6428150887866,62.92585186085495,315.09846502348734
1437.4570536951776,-1860.6966098429962,121.52004048648266,325.3303901167185
1969.8070077632299,-2385.1942171657283,28.035261765419214,324.92744863910985
2904.0430461673614,-1607.881837990876,133.24017786856191,331.39438604999293
1058.6128198099996,-2783.6378905038405,211.66800565706058,322.9196685311269
2287.4685700070513,-2264.4641906956,116.33715058517708,335.42524854688577
1461.8677971900536,-1625.7078390708762,217.95266534137744,336.27950902182243
2812.8447541621076,-2491.5065527964703,205.20040543802293,311.4708178674324
1157.7324352165747,-2951.6257871456473,43.18816776209056,295.5706697230513
1550.5260887982197,-1739.4093026154617,239.23467838954542,318.9417424263604
1976.7295218680429,-2522.966237101048,24.804454737317215,310.06967228725745
2166.1926269242736,-2708.6726884824775,187.4929401163635,303.19169642846504
1070.2630624983005,-2492.8927869810987,208.01322003919907,324.49542791976836
2761.3171480021138,-2705.592243593406,176.68865340983658,325.4290649248254
1305.6515289957038,-2789.779027974922,234.77963991522418,311.7326668461493
1067.1130048026512,-2077.5570718829363,164.61469979442052,325.5354079226001
2345.3406683911862,-1265.4633110893533,15.873518073497394,319.65789348696387
2793.828271351138,-1886.3084333096556,192.1836276084387,320.0438597555328
1873.730996549984,-2161.39203180425,236.04451288356552,305.9004227167052
1023.2407084156374,-1400.9618235827738,237.3887024055761,300.772259190202
2908.4219426927,-1294.056754493265,234.43209953903863,295.4921974433379
2023.6472639235549,-1496.858010646274,73.52991504549493,334.3831851205182
2016.8768396324244,-2008.1303961007027,161.71617138779058,334.79403997288154
1367.4858961882842,-2407.625469470844,152.00557274267703,330.1520133111904
2827.261792173712,-1675.882257828374,42.94195118791524,328.45553839595505
1109.8461169050713,-2652.2640198720533,-9.435607115125396,336.99840930247524
1422.1202632031832,-1392.1486452161425,207.01516520494155,323.5308506890439
2185.212507079448,-2180.778525261845,167.44386720898927,321.6872983815138
1092.7347108353538,-1763.1305478392205,164.27110387533264,305.6214030472978
2176.7145180957136,-2332.9294291151573,15.183971840148242,307.6187099322807
1598.3019885255426,-2554.6154658732853,159.7844396191095,326.2173051823918
2160.2640904179348,-1272.486520708784,179.92243375168232,310.45624386388414
2441.720452356227,-1013.1792782259351,79.93679614270798,317.97838263280227
1265.5525743743967,-1985.4368782436318,207.19836022896212,328.41674962040236
2236.234449343189,-2180.4013893589986,128.5039842369676,322.4821331725482
1562.5231128392957,-1707.7032144335367,1.5599953571572662,336.5267575578066
1776.9926341274036,-1425.547167979734,184.6258545148646,325.63530694136443
2169.730870903909,-2506.2738895771895,57.817891482416,328.73550383564447
1878.0137013138428,-1530.256931541141,249.5023552655752,310.4724689008607
1873.1439387297482,-2746.498328424612,39.41433677067593,327.8879385994802
1375.5762482772902,-1239.3800060748501,90.34227677919455,298.4029661178788
1367.1971031708501,-2821.2975576193867,74.64340381364545,336.25932532990134
2174.843817385824,-2528.68917956287,108.70461763346852,324.56602359848756
2209.646642948309,-1408.347085337508,123.68665977070353,330.42347926514634
2082.1558044615604,-1945.2108763455656,35.858400951723674,321.3778834784683
1293.532418946607,-1386.7662761860672,58.53021004255935,296.4958727407121
2627.131880414529,-1761.2715802200032,104.5516885164793,336.3417581144846
1962.9094757796433,-2326.3270234812753,0.5327734704555738,308.6214094339391
2942.1366577237077,-1069.481343076888,143.2869212874524,315.72576950076535
1628.5403362329116,-2562.345847673695,257.82193165564524,329.9608511098504
2395.374135278535,-1109.978136778644,3.854223131513322,338.8716542915247
2449.3920460944855,-1371.5316597780538,172.90144221796783,316.40740529437676
1099.8686891925727,-1922.8312899500688,195.55776359828832,328.5044966489372
1871.7145672803454,-2091.443313590462,231.85009911263927,306.1061013467262
2827.1573238074006,-2630.9332433664886,26.73874669442654,327.51346009355433
2653.359773698966,-2316.041932261046,4.972332850501097,304.28741769462835
1889.4056827821275,-2454.8233174308957,90.3650091136549,314.0463885233659
2917.256107339994,-2167.401093202032,138.54789896349044,296.4441943879573
2843.910189684676,-1464.582636551428,82.03373632555758,295.85576446604006
2055.3046532574695,-1360.93137146845,239.25832982150345,326.3737510483377
1701.062598527597,-1774.1706735596529,248.91761824581948,339.8525565990838
2453.712309621326,-2301.6342355087263,259.1052380954852,323.6384053776254
2204.2113465380335,-1799.6054554526631,-7.554390307430645,337.9917610949095
2334.5751819771767,-1783.388057722848,57.09316393356984,311.26830432533126
1793.4283092002752,-1751.747152086518,207.0122363978065,319.0786922082177
2100.0754180305303,-1821.2260084130155,56.844484334559624,318.6090135517562
2048.126312725415,-2797.954758871298,212.5923199774402,300.61668399992703
1888.534440338538,-1650.0174025757233,180.1978618153518,314.26855536862143
1726.0451969493786,-2002.1945002260077,36.68298631454011,314.7503689275934
2681.4249226637157,-1926.6935094461562,209.69645261243298,299.7699955365596
1035.5695872199537,-2353.742507840707,-3.6235063649332915,305.14232324210496
1838.5512067788295,-2522.6315741852804,76.89582693253031,313.3483256053532
2188.19238909073,-2119.262672873333,23.529334421580053,329.05704363847263
1656.2409726032042,-1089.0458911504033,18.14457090192076,297.5845711020125
1224.5176323273918,-2572.849946083262,235.91221272018336,332.97761300230906
1736.2521056329356,-1068.5867891039334,144.38640481572398,318.7228887386758
1211.7386065691685,-1943.5444525021055,71.18582813374634,304.09917694082145
1637.210559024549,-2298.320155397387,8.109800518522341,303.080521428733
1420.8606364176592,-1110.6803186775646,105.60028822165019,311.8086102133212
2366.925003855691,-1552.118771767992,82.83635045559184,322.3613434377654
1356.4609884732986,-1226.8165950153266,116.8528451339017,295.4801634606732
1642.75166388858,-1176.15594988764,18.183459698158607,337.11363731093087
1733.4701831166735,-1790.8009103845993,147.10599851900736,323.648500001514
1823.6368360679837,-1660.8138323582782,107.33292474753894,311.0377909006554
2892.4238061435963,-2879.1592472795405,76.58908497083428,303.8046295822673
2210.0601495700353,-2804.9266633578673,87.58098119746363,305.56593328081675
1605.9847120876996,-1216.1378074849704,19.592158347309635,334.08245213780435
2046.4709699525824,-2583.306785818104,152.32736135742584,337.0498152618052
2833.219691440844,-2631.308637791236,84.41726997123526,326.35871785057975
2722.616389141511,-1703.3170104259186,20.118047469537515,312.972353491124
2867.3305536155317,-2948.457065873307,-14.844444166927806,328.4764855314486
2578.19147538952,-2336.970213252891,126.68629938355795,314.7425465037061
2162.6899050846596,-2383.3922904221163,204.86315971685022,325.2185313794652
2289.0397951921186,-1540.9018310667193,106.62006150892832,323.68307300795203
1357.5942430361324,-2719.0150436825834,47.26525488761042,305.4800189070296
2585.616332588819,-1572.3296520869808,144.18932244914566,319.5008719306228
1279.3595060793357,-2976.033692144939,-10.555503783604633,310.03359300308034
1559.32803658254,-1750.970571507829,59.45355713288885,333.76871496432483
1815.1087069735695,-1359.3777152877399,209.36929781235614,327.7576495565114
2501.41168725547,-2615.52606634928,27.750586518149234,310.6943058374641
2090.8720440321076,-1395.46473584952,190.4178558810961,328.5009083795082
2392.6544809521156,-2982.5831231588386,148.13797005062946,296.30027990997877
1607.452829177369,-2877.5690373567722,7.784302461943941,315.3485020386902
1762.87032707339,-1020.0177927330703,50.911388471797125,329.8003474713501
2396.6771074698217,-2049.8683668522544,124.80654754620679,299.9349425234272
1986.4142276927182,-1763.4082523686393,29.535042798049126,313.6307597579542
1190.4620142759386,-2989.2377015061425,181.20064743205515,324.30257054595387
1723.2280087148724,-1165.7322777935217,33.54477866690219,311.1296451238731
2905.6150613076375,-2385.539304422748,58.61790671877304,299.3923813504767
2017.5544440054446,-2136.7850297504915,140.78559912370494,330.03277529703246
1282.6581901618956,-2211.073565048969,155.87126444532416,299.0881912127864
1488.3148910515895,-2465.7037114772684,232.74271010907688,335.6871014889077
2401.906924670072,-2086.889124329459,178.1521106661337,335.25780482455696
2852.5239114829747,-1514.7788786134215,74.67808689053389,296.77338821225106
2344.204940822926,-1446.676630242692,26.004850393790242,302.64021682079664
2092.567437643701,-1967.9771947053396,13.499619022684978,325.0675975557508
2905.4613497020837,-2818.2949339824063,113.51614434602766,315.13094922259245
2523.5837792619322,-2710.0102007287846,142.24239372407465,338.33622333234445
1692.7629631084806,-1571.026187916862,193.16592588717515,337.69325331777605
2007.0620393935646,-2703.965066527003,137.11892853299761,334.00186168241083
2644.6718964710853,-2925.4802591673174,195.04021441806626,323.13773447141017
1476.178616207452,-1893.623323801911,199.244633277078,324.30835808141694
1581.657238967463,-1019.2765055255209,52.20104917143874,311.8109488499564
1811.9349144184744,-1573.9133713732033,21.441915904440492,304.7779495247915
1918.825438504657,-1885.6439892580836,118.84135906631593,318.279853444546
1198.809029454212,-2026.3738840418014,68.86120100022919,313.4482561681213
2865.1361486826454,-2172.2380088935492,45.40221482638311,305.6545782672006
2315.050026858248,-1629.837584061787,109.7396975605507,333.07548438038566
2443.3719091888242,-2710.3585948954087,8.049993957359906,327.5683207775922
1141.1410772284348,-2858.4567537776657,194.3895350752135,334.6881392042372
2241.7069586757716,-2561.0469636121447,86.4256144361715,303.0645824860122
2632.136253578884,-1592.5586217922319,123.55198186157534,325.2611060926245
1875.6356841981788,-1411.416527845658,35.2673705615042,337.1378330832539
1664.935510415161,-1269.2349850300754,91.61004303573449,316.61915278203
2526.125001811625,-1803.0926105724855,168.376121718975,319.2322030341754
2109.1677943256154,-2296.5162564511315,53.11862057355577,297.3907645262123
1306.7137742703128,-2069.8141434569648,227.18828113393346,333.69516551244135
2781.3651139847934,-1775.217766273635,97.8224943426306,322.47247563659397
2275.446864578047,-1280.7131422769696,132.74571076066488,300.64167493249886
2486.8868153786075,-1392.5488857370476,128.27069213037726,336.4790674700455
1328.577765549328,-2802.294222285036,100.74373295738424,328.8554556292961
1571.3923003297205,-2827.633546006704,166.4196490610288,329.9465797067411
1858.1001525477259,-1964.2198460877921,1.5912235711076157,331.7280258334319
1798.661170272398,-1714.091722712177,203.18712214920095,308.78130320642964
2397.6139499150936,-2195.741202012061,189.48586790463608,305.2473294746493
1089.016991962818,-1904.7286755568252,111.36324491180203,299.0869522333896
2888.3385560290785,-1396.5417457697426,55.08739772177114,329.4846645943179
2666.203656040342,-2907.20957764798,229.60166786386424,295.62291523097963
1985.4436401154703,-2211.0624617051694,248.8495040924754,307.9705539656318
1167.8970221471143,-2821.6785108647873,194.08477134333972,319.69010508272953
2052.463332339653,-2841.8803386613354,5.641631330257425,317.0889766945939
2596.3265183972144,-1324.410461085408,54.47622601038147,334.39589828274416
2386.139150455824,-2303.343487915924,90.0408280648671,329.1733475262927
2432.0851835000276,-2323.1211730899463,245.058982800359,299.9463829934145
1210.861314769135,-2147.4468748811323,24.13603158958778,335.2453701843793
1862.3495577173098,-2556.9702370491464,49.04103664990933,335.3201468666694
2204.643985926716,-2064.3962092443326,89.43106461223708,332.4553767379469
1246.7646734385526,-2075.378632425696,32.61454664957437,309.86723796602655
1047.5080120510665,-2969.2583413149423,191.0400877832653,306.7453493083259
1787.0776141207293,-2351.0494457733157,13.484532523177293,336.4403531379198
2515.048741143569,-2311.0516240511297,182.9964685631413,309.33267537959875
1694.3597464762097,-2484.3688728923707,92.22415532317149,337.7700987540458
1970.2660846652439,-2364.771739280344,4.424586014976242,334.5252633647901
1020.605812227751,-1890.6785539846394,252.38116231857492,323.11507251946153
1265.9039385689275,-2542.376623480413,81.02123815815098,306.8462977298805
1245.6154775135187,-2877.532325387246,26.650229800945603,302.35582238116586
1304.4192526355805,-1490.4221241631283,110.76574388605168,303.6870434777336
1920.2893327509723,-2175.2345141119745,19.807837092769077,326.0399695252828
2820.9810905222075,-1027.6148364942264,208.70261972968956,318.3294731688305
2373.4298632845216,-2863.6170611650496,43.44346917086622,308.7891075552768
2421.999711525046,-1476.1824965196213,104.50920174298643,337.7398822390364
1011.36418670414,-2975.7080713832324,228.4550136376248,324.63647533662987
2845.257071310677,-1901.6812737157204,-5.190896061936135,330.74156471803906
1215.020425444518,-1886.0451481395055,187.34394766716,295.3319479770965
1400.2720533429858,-2202.555858533078,186.05169457958203,304.40454808073923
2163.575929970604,-2783.3156531951986,152.4668281806881,319.00539446460584
1463.1077616120713,-2192.053135331913,92.75063416796283,310.0217262326574
1322.4087200727015,-2316.5064126974567,205.1784609556929,311.8831351543871
1923.9663098733754,-1631.124318487045,128.12357993654433,322.82795332297854
1600.8761491883138,-1829.6356540964528,214.94780355141685,338.11252319781926
2000.6702331864872,-2195.311228650044,62.30442143480789,330.3034264941618
2530.8204035774597,-2189.171729249296,102.3520578131788,338.0839022513076
2304.05362050697,-1086.901591046943,43.504176377273325,311.6440886554533
1308.5898279204496,-1004.9331477169435,185.73346254509335,316.6012242383505
1985.440070306062,-2990.8407936127733,179.82184480460262,298.59977010185213
2773.8495879991497,-1116.5561367071862,150.33671626449592,332.58323896691275
2014.6352943501518,-2019.8315653931056,214.78847257585514,315.28783491153604
1846.8955490409355,-2802.6574902646444,165.25250444683536,313.18549093739387
1087.5337655176704,-1565.6350782158493,-0.4615396883764866,331.2129154486239
2500.9744464468395,-2857.396327723516,235.69072598453326,327.44953299212585
1943.0351874222279,-1793.9516769186205,75.91289324281041,329.768989999425
1436.7940767981904,-1009.1066510259386,114.92885060019373,302.257323143043
1894.618422499432,-2936.2516007992344,56.610254463086164,337.4313015591756
2892.0483186266597,-2997.090597066613,249.55807008043138,318.8648641749924
1526.909967994023,-1776.0022885966382,55.218075452679656,297.6894985601795
2243.265472166609,-2542.0073671552063,152.22567612703477,334.1937665477895
1289.55868419117,-1056.3429306101757,156.25539497570392,320.5557299206425
2966.3080808161767,-2925.732439418956,7.452128747242188,339.4255123450587
1034.2226657403137,-2468.6188119236876,120.52125743444552,296.01158206311874
1676.24653336021,-1007.5095720328131,96.78516563463062,331.9347138706954
1052.0040828389285,-1002.482614427839,27.498274564185017,317.7445481048193
2925.3471674491493,-2282.3790273212803,157.5415244318077,327.0751049285026
1673.4346439476394,-1330.6343241214076,250.0390067601508,306.83565424137345
1923.1244370888912,-1686.3670941527644,96.49974471107343,305.3170225145348
2280.6225370622824,-2420.144020221225,188.13221643890375,309.7740051973878
2961.7647546587204,-1772.3414267932594,213.68401346743198,330.8125817288444
1252.0717661109695,-1254.9259193839744,187.80586529655756,299.88916074083977
2267.3897560780215,-1545.4753586834613,148.71806574298918,332.63962803557376
2757.123372008982,-1378.1763690288344,114.49747599510249,337.1423421093509
1900.6328128141918,-1744.1559941202106,11.484426694640721,328.10461614195816
2949.0266164774694,-2294.1553772090083,241.18843892718934,319.7435228783909
1686.8239235693954,-2395.198891026688,96.6241706387847,309.94324117045835
2393.1706931922395,-2304.0395753262687,89.8444706396652,300.94441398128913
2432.1442982260314,-2014.106849017846,62.3329854416577,325.7205338216478
2725.7325182045065,-2462.5841849627914,57.222041223896255,337.3687819546345
2141.127031859847,-2136.328863999938,208.832234891812,303.81146259583124
1264.3323976422769,-1960.2748697580491,160.60955370171433,323.7838383089072
1270.650710915457,-1131.8521327652181,251.43100594171307,332.7073066643495
1418.1462430355305,-1062.7667087839434,39.6898257490552,330.7462407899299
1705.9489393665401,-2637.2942234928496,253.84686616690158,299.4400789941561
1091.7716566438366,-2945.8420468770028,131.35130771672817,331.7554713964373
2062.0796929821777,-2383.441121358964,252.17340345662512,324.34877022837543
1745.3702671781716,-1852.2463142914587,-14.059163427682456,316.20700494159234
2390.9036920933722,-2037.701982728744,207.52909095261433,328.7318816391132
2152.695730498609,-1518.3364153285115,56.112689867776055,301.7461378628762
2076.57796557114,-1543.1439532647244,167.17717552829322,321.53665228558157
1908.9818874774705,-2613.6207116563,142.61538296499197,337.9215247944688
1328.958408634549,-2731.5873413414415,206.6195342773018,331.81825066704175
2555.259216340833,-2552.647271647534,41.56074009138198,333.0190174253933
1449.040621670667,-2454.0164006079253,131.35389995199756,325.5438288869693
1243.3861290892837,-2324.5244672394283,232.76166245733407,310.05544500570676
2760.377831463329,-1341.39427459867,69.4957752182262,308.43384493672966
1932.021564225995,-1464.933719699883,106.36337473539504,296.33512196126514
2275.2312298048937,-2291.302731700253,-7.753214400695352,302.150812944609
2212.513986998143,-2981.2630005368223,157.67562621034,325.27036485985
2947.3778649352225,-2465.1935041880447,20.516990357620372,302.4032829029738
2196.0374357489936,-2420.8393885371806,194.41352114989803,338.5614794673322
2291.476453256968,-2791.501751747706,219.87281220619158,338.0329402557942
2988.5842397108736,-1933.2741001433174,185.76410889045474,319.1560921799024
1545.669891739214,-1953.938761684581,0.6247283519542872,327.5514430710338
2277.5978290685825,-2996.164814132049,255.6834647523151,323.57637433199994
1517.986195648883,-2515.868550244405,90.43327013635015,311.0563928150798
2073.585147279123,-1537.505491302953,101.94947473503022,327.20436430985524
2435.0153248892057,-1229.7127301119035,180.55048412883195,316.4390892198872
1877.585516047098,-2342.807612476083,110.86695689604808,315.747006405147
1451.4867125889396,-1084.9397962617168,83.00761231198997,301.28742301466576
2294.198270372831,-1743.3269701120978,191.65365190236244,306.8575937324614
1998.0056931004206,-2058.0641455822006,215.25124084000404,329.32828498377376
2566.2545514439716,-2939.9513250116543,252.18791901938874,307.24559630645916
1447.0265037651961,-1094.7364669032384,225.08910121793505,315.20779183841006
1531.6455707781856,-1344.9776488440414,150.79231572616493,322.91241931727853
1735.718892238706,-1597.2526940514106,50.72821543067778,323.798077639954
1005.6945818816267,-2745.102834924761,91.85043601557759,328.4358454747747
2098.6916681857365,-1912.6045365994003,103.36593319096043,320.4779584850505
2432.739208310118,-1822.5117532709278,11.82176153006796,305.51949903696266
1441.2664028485055,-2877.768697125337,57.07148701326771,331.48166067122867
1168.2518401287007,-1170.021198480175,1.1895469125209956,337.00600828544884
1567.574724551674,-2640.509493138595,62.28323491167903,311.6783109528459
1654.3703677990152,-1188.0843363595015,165.50910217566368,337.7916240235287
2427.870046533957,-2469.758511005737,247.45108327076724,304.67240757245594
2298.563454269429,-2432.4207043138413,203.39059014744615,313.12715016831925
1746.0191850135063,-1413.1101318431536,105.11092562165521,329.4355480407901
1680.7943625491898,-2921.6099882360536,145.77332962882141,305.04225598911114
2240.0073595539634,-2523.281047967752,16.35390923868013,318.7371662396664
1771.1528924798895,-1352.827137350053,70.24364713970927,308.8435257410235
2861.2009593453613,-1864.2543673369491,230.98086138701484,307.61579375207475
2736.1763612324285,-2914.6765899169623,249.3475860533461,319.8129711972028
2778.506763786864,-1830.333798119053,110.00367393924637,322.71814906027566
2519.234037464811,-2168.0068654156685,119.83748518171117,302.5748035953055
2872.9367721648714,-1238.600942300389,166.0537318124501,317.06108400569076
1485.6463008093708,-1631.0807928644058,178.66366758498728,310.8883467383966
2491.3789697501907,-1822.1728115648048,255.26064545194492,323.857056227865
1457.5026729267795,-1618.4718613523821,-0.11217620001172968,299.483721797944
1908.3777576920304,-2967.5658103826318,38.881205044295434,300.9220794934146
1864.4446927435254,-2147.8556512767736,92.94169522089419,320.8533805545338
1880.1327906740853,-1160.3765329721766,180.38481104879827,337.37444513008626
1113.416794042948,-2939.039920935461,17.075529096686516,323.96056039879977
2196.6129432122916,-2015.3472473657614,22.308589386989617,311.9385832197115
2710.4122218146704,-1242.7885481101212,36.426682168979454,333.34725163545374
1628.8708420191579,-2707.055288403694,192.40853914977106,296.7411094611669
2229.6756861535305,-2366.925634856201,192.42460751613686,301.0492410283262
2580.7710257093468,-1573.0404957096957,205.950818248535,297.5385789446847
2443.188944726041,-1933.763889869365,210.2118001581418,304.4337777237246
2059.995763636145,-2010.007046471829,14.358709284819074,330.4861792764393
2583.209987135203,-2451.6827737121,64.12547102034694,295.1427005778064
1933.1837334132165,-1494.6326888916522,259.09421083262225,312.06556383020956
2306.3555652905497,-2738.2656034607935,257.53642118473556,320.25620521964373
2810.3753546500293,-2066.5138283405686,74.81026238398134,328.24273897350497
2029.4203546280896,-2768.8576754978926,70.69629398127796,320.39859809643815
2813.6063375657186,-1584.0633059508987,114.476159158992,301.47417241153863
1469.086010460664,-1869.195753977089,36.00091568239688,327.00876966403297
1695.045018776617,-2746.1706966362985,141.32043403873067,328.5183703642699
2513.375643656365,-2311.3204409407263,45.62522060418921,310.45114760477793
1326.0511704164996,-1131.4601131731047,150.54949738083158,323.01087578955344
2083.9829491243054,-1559.1796647875444,146.16231810119524,309.7092249356148
1975.8857218456396,-1595.4781564953412,28.806798971187177,322.568932145361
2542.1496245259623,-1277.088639785821,141.27213059070502,338.673241494045
2058.346173456067,-1720.1450002862712,147.033163601919,298.4422238539696
2176.599314381524,-1068.6158903662665,201.25164259503015,312.76238114766034
1027.8623372028003,-2020.5896674423393,60.75985844309314,327.1279564294957
2605.0955558474116,-1197.069425180389,176.04394251587425,322.32534789432884
2535.3780872352568,-2930.7883152231857,210.66525901075727,306.4918039554253
2373.9586658574776,-1513.8219261210088,62.159222293850235,310.74972404521674
2040.6871598134437,-2443.0213907468,243.49676804380942,329.5582615447819
2659.7821660383315,-1314.3041594954752,245.61368781183296,338.58470054783544
2738.218183958201,-1440.7425964246397,252.56728152244813,296.1755963941008
2244.4480823281983,-2003.1789137081662,217.00750419242,301.5087689759554
1011.5759729751067,-1654.1653417420857,193.5578149832781,296.86941055438564
1838.8535979817552,-2720.0221863851916,76.43754198757914,334.45753207634203
2538.7776859009527,-1297.479631380068,15.748574278899895,304.5842378116404
2002.3418244949735,-2909.661229437257,125.42598877889324,331.00417646762145
1846.9316095310783,-1442.0365659009396,159.81201896984,304.90852630994465
2885.9409505938647,-2273.498379092124,38.53517873920138,338.49381345692973
1776.3348530217704,-1728.5263170132444,220.46641953072205,322.3041914623434
1603.8635959223195,-2999.3304492549028,61.86201583006631,328.2070996750761
1614.4566429471615,-2473.8513171071836,93.94646956535051,321.79294884291284
1646.2572966911894,-1674.0428434943753,227.55106711553455,326.4616669478414
2628.3850534929747,-1665.7411322231048,116.59012298296471,312.63975300682904
2211.5907578340775,-2159.24672539472,57.719289633011314,335.23649366289
2542.5149403856417,-2653.775289670368,210.1081816444631,297.74762921699084
1241.0344927565604,-1275.926768531673,159.42171529926298,309.5152726883329
2554.7140167668076,-2608.6198067932287,157.35465160195994,326.82594667405886
2918.799882084887,-1708.0968909230955,253.5586538500645,310.2964965917019
1322.8989173470954,-1006.3698731086622,71.87212174844463,304.14808130085333
1664.8706613091688,-1172.2243256797944,159.3027749654671,326.60799678675596
1549.2061571698625,-2090.5547158559375,208.0016803408528,328.60996980999755
2564.6258126037737,-1594.4149802467368,216.71656728150774,328.0069902072901
2421.4402613435277,-1534.5335024801075,70.55701489109748,316.11491905571717
1831.3350504005016,-1426.3136395249228,119.94837135924178,327.507052497594
1952.6114877982568,-1314.3243002918061,143.1417693820361,309.86819401593453
2509.8095483998613,-2333.7642820226292,153.65440410226168,332.0701220322152
2906.1212184492642,-1591.851558041837,155.83297528171923,331.5086971824285
1147.4319830587976,-2429.2929518221345,217.9056441639447,323.23467424484113
1000.9592171299583,-1103.5949565085473,59.3216933138135,317.56432378205864
2759.662303258087,-1774.4131648324096,111.41817999640725,336.40475148344854
1240.3367918914212,-2958.9500733039245,-7.60726789918679,329.47566951593694
1029.9353805202757,-2067.694209085363,251.11570145031618,333.82372770580105
1164.7918732753478,-2703.769405016639,95.50743736063485,337.46580127200804
2296.278924364805,-1326.68698715978,-11.871839095828918,323.67891586657674
1247.4069086445784,-2870.8524962790907,168.42000290181898,337.03938439612455
1272.0866638876337,-2906.4341299010093,85.12335149313635,325.3621474241152
2734.318850180874,-1065.3798072045142,110.3103103048834,322.53331446353894
1167.2540029126453,-1804.4330477479236,153.4709188894618,300.01388390144524
1971.3110540792559,-2158.3017247163143,32.90383515208804,308.09806072059666
1617.6415291438368,-2549.6348801923905,183.4626206740389,295.15940192316884
1656.431883180257,-1310.075572368762,237.75423128671537,338.3113589069344
2548.7843612369375,-2945.9127028336284,36.13579615567348,310.1272411221882
1138.959446281102,-1487.6306664100232,115.21658876622584,315.8409173413713
2946.787109398595,-2060.5587911515436,155.3137716695718,302.0071581560107
2410.6305647990785,-2701.821406486774,8.774283254011301,326.51356433551945
1445.036567707774,-1038.6619873189063,74.39589206469189,307.208623870368
1391.6982794476476,-1218.073141783767,248.5111817304247,314.2214506589944
1550.7393027099668,-2805.9724449960936,34.03540044830208,313.1914608515753
2953.138760404551,-2613.9097436085367,234.6058976948906,333.35026812676693
2336.577576708006,-2239.8104699336063,38.30925842947465,314.74899260230814
2387.0323654308904,-2139.393977374979,118.32084265420355,312.54240226639644
1031.2302255631403,-1840.829145803343,124.90989762950178,295.96628421340176
2966.613690073435,-1285.7083191003546,3.9458009979395463,324.08223144098974
1303.4196634863713,-2443.9178637546784,1.8619667497230914,304.25949716807247
1719.5883764483683,-1354.769050009506,181.7814437592701,333.0572572060208
1260.7241701562698,-2282.055588138106,166.3343709847467,328.38788649633244
2763.810646790197,-2423.2241697499985,231.72757841563882,323.26094703995915
1008.5880671857585,-1863.4214804539372,204.26581104668372,301.2938427194304
2126.4007543719345,-1570.9116908285275,206.9680159589531,328.69192856370404
2123.71368444728,-2275.022500529085,36.334419145135875,321.7166136809547
1588.7176452375056,-2481.071002035186,125.721456156383,321.1390424730549
2220.2792143453585,-1249.0535773141503,154.61176767094156,315.1529459505374
1054.8565987840325,-1844.8036999978847,78.06224496567464,329.5962525272802
2709.7620385244395,-2347.4895645608485,13.077111649300317,303.08649151348584
1946.315428103457,-1774.3637848472927,223.4615609526763,311.49014094148595
1821.2244419764,-1281.2449633824242,202.8484344441078,309.50888780582585
2271.0569076274414,-1275.722327872554,7.11960916956679,319.51173529197484
1137.8188304125963,-1946.9974205444505,104.565736834044,296.96433031297
2657.101214147543,-2227.005313599733,90.07022718936905,304.40438935975914
1674.569658702209,-2958.8627537702373,124.3125912292497,333.67737964674996
2868.494236455997,-1009.4856613056311,214.3840670425735,298.08491796145785
1798.834222839319,-1195.4182598074246,60.778128025883916,330.0710137868456
2469.1799686331824,-1556.0411645127901,231.01279051370955,329.0762554797435
2242.37229203114,-1436.195225335236,217.68347357656558,302.9895679859082
1526.7997131067132,-2798.273578940791,24.64319068584711,319.9613010354744
2832.428056999936,-1267.358504326187,-2.6331999256578253,338.8463636571747
1432.8955318788526,-1196.9905766583609,211.9154115725989,312.28351021924306
1094.5413217746884,-1897.7710430501725,171.68334756568822,306.6975356065394
2251.061822039277,-2181.9520982211716,42.07765756599652,332.4606907708866
2235.1217323733026,-2389.7885012229517,68.14923137800417,310.7333135243125
2699.1124931822037,-2041.4135243462797,37.768385826763925,339.8006637698581
1877.9367109613167,-2360.552472815355,212.56129196069665,310.06987243264234
1985.7479528717477,-1525.7524683946124,64.54114873643186,311.8163675463973
1827.0197814374324,-1535.7824594212366,153.7421952219961,319.65720662055986
2101.6937249284224,-2647.312577221375,152.35663722165373,337.5742595260874
2501.569773614285,-1894.6541439780235,-12.913529988743065,313.098719282403
2967.3054188545457,-2901.147749884962,104.65505759685932,297.6130691720177
2872.1095383206,-1479.899773527898,33.11741686922558,316.6143308246099
2689.999189757399,-2540.6245009979802,-4.582435548562481,321.6471139804776
1161.215351530595,-2865.439506967779,1.9242689403951942,313.35762170666334
2393.2419583307346,-2262.763159491298,38.618699246268505,321.07298420462683
2000.4265358695086,-2574.6933963123897,82.16091705369837,322.1576396215006
1605.1317850641092,-2725.0737053725484,257.46693484374475,300.3465785870832
1589.203910319834,-1189.7601537668215,43.70508016243809,299.3462642177497
1423.5035846169826,-1389.059442096146,45.697699531275475,319.21326049744874
1731.5917765127338,-2309.253302235864,34.097990631614174,317.62994604978167
2329.2491313873097,-1306.3791593458034,7.296196696211627,312.9027026089121
1416.2229001569872,-2507.0298598893532,26.842281325258654,302.4657687953139
2220.547751397379,-2911.087707364578,210.41655669490135,296.3672914266689
2638.167351748705,-2902.137749699299,188.7768414855219,330.18581243844835
2457.867445130447,-2078.6129557257077,149.1791959590546,335.37185633489236
2963.58392592544,-2540.420767056823,25.34003525274737,327.46002662945654
1447.5160277322516,-1984.8304942279788,224.31913816800883,324.6421911098459
2916.454748713383,-1275.0831686120885,38.72715439807871,328.2644950299122
2197.232156113605,-2513.465556311995,256.11058610489437,298.27196377416305
2932.7513105616135,-2300.815702607816,256.34298873730904,335.29856264496993
1470.319837242564,-2496.922492703536,123.47248324659711,339.8982123563921
2750.681662793048,-2342.538890936626,48.124463369323244,295.5481403128238
2190.952192016819,-1417.5244854848368,18.57788652934095,322.55508477084425
2934.8740718082354,-1038.5696760929864,187.6033124946866,296.8715279460918
1981.5315019457778,-1290.4907069480248,95.76003250799873,333.00651218729683
2026.9815227659606,-2077.9359442408763,199.64390293329015,318.0321753314252
2883.4395709100972,-1652.031637479289,207.95343196588271,316.12920386798123
2269.4392088525838,-1847.0792664078606,193.4358362483379,303.23831563800013
2383.512528672278,-2784.5563482088046,-4.729688098556007,337.783036108366
2705.469058490411,-2297.9367219194396,53.49530258860649,316.7233376440224
2140.8568222678446,-2523.479093588441,48.73446358160254,295.1554013885596
2408.0416392566153,-1740.0317305350761,36.66581089273722,298.26280004670343
1649.0483727578069,-1133.2776010524299,232.6564951080495,318.05727572444357
1454.3337511478649,-2646.2056790990023,-5.672217300671184,327.19630420229646
1594.7714748191383,-1680.8773461506337,44.89885348633036,313.12547687031326
1470.0987850026645,-2803.4875736108115,53.113968287786804,314.9448557070289
2649.4307180258247,-2719.9252972592985,257.75181943013615,329.3413310083043
1857.760402847457,-1573.975115885649,79.95246629057017,323.3774877152484
2305.796447869187,-1821.6572600148775,155.86300580347432,302.24533721184906
1571.170235885515,-2100.6183196932343,79.8960126792208,332.59960601037074
1272.1720287093992,-2335.502266989532,217.27409441775927,324.0817434192617
1888.1268473482771,-1871.9208187426534,236.72280064713294,310.12229703465505
2231.619312686294,-2455.2058507091724,8.8776700272517,315.54252141636755
2607.935627828536,-2285.129590162336,196.1766588842926,305.9614234062459
2320.8654899016938,-1716.1200153686514,69.01652702409055,310.06502910576694
1650.6769246286444,-2551.665823348045,-5.879906909084282,338.27236660169916
2585.1623848010854,-2040.1261429164858,160.47840688540623,339.74109172027113
1929.3821994130017,-2135.7746007597134,58.45731749815826,297.4077425718239
1754.35137490889,-2107.935868555752,177.20840556976293,324.42938385053606
1593.0753209661545,-2936.285917048982,126.47576168814007,317.0381804291427
2978.9421480228257,-2444.4906291360403,37.71080057147318,305.7916184713083
2804.7660551043427,-2679.3420564028984,128.34534752918213,320.4107371303354
2889.687700401103,-2847.9865726149824,81.18362347894181,319.23873131851997
1953.6046625596473,-2689.6328561254136,143.20933561401318,327.70771422602
1142.2755756216218,-2738.0893515833122,165.48340859846255,303.2516691004909
2124.6130788631294,-2955.8086232182904,92.8171620592662,338.7439303385775
2805.0264650056515,-2515.4171776891717,240.8687770029511,298.7765718986498
1776.876076758935,-2510.6671936591356,184.36541326168503,339.6324574999208
2980.0247263333554,-2703.8972475743676,130.96486835521236,339.34437804985083
2878.2828355905085,-1975.8995631951636,213.85651063167236,325.4618625817338
1932.1210805931894,-1149.165095671922,82.188754099562,309.5956110084459
1272.2550666120992,-1539.4217784805062,199.70336487942168,309.35254338397766
1484.7619688773077,-2474.5076479862432,56.69821439252982,324.4767730037056
2462.654281352209,-2517.9283818614986,183.07254443944953,296.62633563374425
2186.042210786626,-1144.4433639919027,223.27312474840932,313.8835778891919
1054.3078316671517,-1220.984134067633,227.93269219908592,314.9516016433007
1221.3948314652519,-1080.3803838456247,187.26555870846815,323.4674654000865
1076.9361843695312,-2959.227126322774,34.72416428622934,315.69916269434714
1263.228531458118,-1191.9804325637263,255.77420542843862,318.27512694429305
2693.532342697062,-1438.2460855800496,144.3839979350506,306.98391018664313
1817.077146405541,-2324.9854461670316,141.12160091756178,304.3920673678759
2715.9173801014203,-2671.685784295587,109.88044470083817,316.617153518178
2739.397072334541,-1457.1604485034704,-4.776065502501879,320.0226630587021
1439.3912345511958,-1935.1905172744866,195.0036016947441,334.469041044388
1406.9927847343583,-2707.5537389002643,22.968168167408194,321.18572229408517
1268.8860546561211,-2134.6626625273593,132.69114085451773,339.26302128706766
1401.9414857571442,-2772.6520066726093,240.2617661733096,320.009427053711
1014.5225442904451,-2854.047483745369,251.0542714129238,333.35745229284606
1494.8031906485685,-2054.9333873553196,152.58938050947611,305.0437256744042
1401.3238185182704,-2830.564623255783,259.9963603699682,332.97881430920773
2023.1266386068137,-2366.0392310183847,115.42695767650616,325.6663895713025
1550.051788089344,-2279.931255109652,246.23543029426872,317.02962601244786
2163.483221652971,-2237.7845266906616,71.09009308768815,317.8560251387287
1386.5885935902008,-2388.9175108954614,-8.029930943622722,333.1364359446386
2743.467178669808,-1274.9690299046922,233.5958982458619,333.36755610161845
1066.4301392968516,-2064.2952737232717,62.09950420554607,326.1448869797619
1250.0211386403407,-1332.2888131426685,237.86094710923496,307.05668829127836
2654.817257597081,-1618.4840399287664,175.19068001290714,312.7498473259897
1192.2518157970112,-1510.3807208031678,80.60673352010366,339.0392236715035
2042.4561166000915,-2141.8768226357315,231.76998753917982,333.75071040151744
1880.5120608707784,-1279.2870235981886,81.04447177658332,335.29237796910064
2844.7931404550795,-2105.454574645659,21.023309228307376,311.19048801667606
1658.1852635952885,-1013.7929511125492,157.8387697284978,317.21758613617214
2161.0535563949375,-1077.5391343341041,48.413404585470644,321.6564658216815
2172.520230838838,-2303.200700409986,79.45582090936848,304.43734769803484
1591.914528729625,-2343.0393614280374,243.44872728563934,326.7315381048398
1389.859690861107,-2139.0461491087863,86.48318370156443,296.231773637552
2423.071795337984,-1785.3099813247584,226.286322402207,339.2919106428536
2570.351013444892,-2705.733015745141,115.77399469102286,322.5837678429942
2197.3615316941423,-2716.463196564755,31.621715823792883,338.49650292370154
1392.3451627364996,-1512.1666137054413,237.54153919378916,308.14716836409053
2768.9219887481113,-1255.3630104736924,118.43121983673129,320.89824816533985
1293.001597390473,-2682.927037539612,243.37090451555082,331.7352907779487
2949.7693227623395,-1339.2540505656211,141.60191396802747,297.2324056308306
2647.7910035389787,-1197.4600005514656,251.74228099419776,319.49902572573757
2423.6743254418116,-2412.8316058401792,202.55286780100403,301.8892451406521
2854.5686618727977,-2461.6917550631892,250.7898923267628,311.12056039322687
2886.656270046267,-2256.2019607110333,17.572337212298812,311.13241821758606
2835.21857179331,-1782.4895372191618,221.5019328603141,329.93553062899247
1096.1378488220246,-1343.7007087417146,245.73593006042262,331.183578177763
2044.1567751701057,-1639.3510820856475,-12.629618687804598,304.13995961842306
1593.6198784158282,-2822.9333609864375,50.924542598794176,315.88854289391537
2572.3050175262824,-1387.5112709858684,48.44189663374477,320.0336965346781
1774.901579785543,-2388.183094001832,222.9059944252918,315.1335175288929
2001.367319019234,-1744.4679515857897,131.1515637527056,310.6541404245763
1353.7195661457224,-1003.890721799459,194.22926631809514,328.3174277824929
1526.1144944960406,-2783.726849522019,114.45390633251287,325.71586201910753
2865.582597390346,-2243.868207154515,257.2301009751007,329.60718296395066
2212.821692472299,-2575.812704874209,56.299120036236744,307.9581080512345
2214.5621529693753,-2705.505379223247,59.32479736560373,308.7653879256052
1526.144089386388,-1556.0028529843678,114.63431162224725,321.68063162089476
2860.1966447890004,-2987.7961170536164,88.9036531976502,313.7808138548948
1541.0217374934616,-1418.8902162666532,65.14925760636373,335.13094762963215
1965.792060989733,-2238.0170321081814,233.28396425680367,322.8454510918176
1998.7041366247931,-2032.0675737990173,233.91932475835029,308.9440388732694
1824.7855189592767,-1410.5826194131328,238.71394193179134,318.13402297295954
2549.4328093993668,-2959.4541803167785,114.64262513975916,328.6243677458618
2326.5817889752707,-1061.9901481398463,149.56338974880512,316.7777917367029
2780.7750771551673,-1615.2125683845031,173.31634954010144,325.05167078905055
1717.3084728326526,-1073.6609626822178,156.06720598899253,303.8940010673308
2074.2542971900616,-1904.6937805097814,229.0490671202711,329.99466317474156
1542.3422433826559,-2949.329826842863,190.21709035663065,337.49579495912997
2972.3399322693085,-1979.879494034165,47.00739040616975,315.80151591736416
2375.932210942523,-2408.147754225533,57.053623385940554,338.716406564546
2256.4072007583986,-1348.5331418454568,179.7439210293941,314.18239315044474
1689.3987408832559,-1563.6791405831602,65.57181245501472,296.4107971680564
2491.818709947831,-2341.0431658729103,135.85126857895906,331.8035265139816
2507.296263999461,-1378.1143774951581,175.94237981129413,323.18468218738195
1538.9947956848207,-2289.2532341983165,4.864490332533965,326.64545740195075
1793.4209511605723,-2391.1588887268413,241.7626232793561,335.35119066610525
2603.411044276104,-1527.1094366950745,7.581307921535242,320.9239691393209
1040.2357257025135,-1297.3841422963292,24.72342003557562,321.46508037027746
1186.4478505350528,-1515.7670248576642,20.532826971530973,327.2822297555231
2682.574768365321,-2492.912612262691,95.71583063769744,324.29658231178166
2570.5424082604077,-1676.737113484825,111.97158281122023,298.62382529609386
1655.4874309412846,-1738.0573769796767,125.53201341385778,320.7888399046398
1278.963478733217,-2991.6318020992317,-13.826660429474606,326.5122395822073
1541.3758020563748,-1426.5828815012994,50.62592468231453,311.2589594714834
1507.4974728383058,-1280.2650005864182,167.23050938099087,331.63029876763807
1265.3591932575387,-1321.4780130639497,236.86487757595253,335.79126320421074
2181.6610755130732,-1059.218252379152,119.2877800450965,332.2029589321474
1519.625387559895,-1499.0032572376022,187.02313720114768,336.33685664569884
1338.2931930136015,-2718.7338790032513,111.13248614235833,300.57387458650095
2032.4825935712254,-1079.8121592608045,115.04674810159992,295.5089282452795
2120.3576197998173,-2119.6305538213937,27.424113170828058,298.20496664219326
2601.0159625692377,-2660.903341089938,-0.13757164894580143,339.1536317653818
2439.6317900295953,-2849.227853975858,28.472695338898063,296.4216302446512
1067.1741435439378,-1551.9763774231244,41.70950501844904,300.7989096808469
1165.853441238058,-1221.374086828622,134.50809527909243,323.25692251734046
1121.3989707213457,-1551.6141947218593,126.47988095641355,318.1932569059473
1184.5430858558111,-2128.4114890368555,174.07780786188255,326.40909125803904
1091.297872631525,-2389.279188082339,78.99144559395202,310.07949018361217
2702.7993583955163,-1599.7451643563697,36.11570614073003,299.09416451487607
2600.9937400023437,-1360.4600223495174,117.14586987071738,329.48697825537613
2123.69768406521,-2406.2849640961995,139.5122135084003,334.11357438217703
1597.5862458265424,-1560.166626464845,196.7405074821204,301.77224863667806
2817.7108397486336,-1886.6606950402338,155.82080949715373,320.23040870989274
2346.888898442142,-2394.633970589014,3.6231995395752747,302.19358218661733
1385.146720976496,-2141.4609985642187,147.39036859231229,305.71704888044457
2148.643214799838,-1830.854933584635,159.6793883229122,336.47764986547975
1338.470479211284,-2902.758364967816,196.03352765069687,304.68742313421205
2529.433099090622,-2311.635848803099,-0.8651245748166794,315.1414019699718
1714.2129690983465,-2318.4320048872796,0.5071704144769029,329.08244502529925
1892.1054982850465,-1423.5650552407485,66.17110835937646,322.9485587772519
1638.3260828365305,-1766.7126040576559,145.46621380232125,331.4055538278417
1098.3835810259138,-1703.5622753383193,-13.726464635345485,333.9997850281195
1309.5234417417173,-2981.8855677888205,109.06412653232984,320.1329346798877
2040.94197850085,-1423.8175164817467,157.59836382856741,335.8041150385073
1685.638116174027,-1984.1327469696087,52.497070645148185,314.3692538535659
1826.977464974959,-1430.806182211508,135.97361356479215,303.390515789223
1176.760409984109,-2477.8708817111246,155.63599488010155,337.47354409182464
1252.8124662702758,-1794.7979755052477,133.6284227270046,335.76745590084477
2252.4751822712233,-1521.412379556225,55.74254090963862,317.74360072740484
2649.669817727876,-2430.167861314697,250.90676244211193,301.5451141243345
1434.2204204251398,-2691.9654027086212,117.75793343969448,331.4944214575509
2009.7701614038256,-1193.9594084248372,125.39364035568082,304.55766862731593
2947.475763074741,-1553.3883298669762,172.26742697636485,330.2162826460821
2143.413202733127,-1014.9542330421723,99.1008431746377,338.95703099686284
1234.8941166045097,-2817.646165636544,211.09347005954635,313.9173828183222
1383.496060537598,-1062.6838808592613,100.01765362041289,314.68856359739675
1774.248700208601,-2968.2569843385136,93.31757269955037,296.4852185992178
1158.1032879431123,-2419.195032152939,210.55157312522772,333.1018300566153
1575.8797294206788,-1261.8223838648805,125.37820348476592,339.3469455418205
1730.309514528111,-1936.897024436112,175.98893611312465,331.74966874804386
2931.2101289290154,-2803.6479529482936,155.8209413082502,328.1776466935163
2000.4146114842324,-2116.763760464728,139.36141183672314,295.42296332920597
2629.9934835124495,-2625.3647349951816,257.9193697260698,295.1969786190256
1304.387162848184,-2098.5754921406974,111.44438197360401,330.1538174114089
1838.3398436739556,-2986.384387226025,146.04935410651876,303.2156862900121
2612.0134115014794,-2280.6640969385217,244.28245891080286,322.47005909106144
2516.368653336227,-1437.1069092480993,140.08763393612367,339.71474832105315
1669.8897617206712,-2354.410012778664,60.82847125003401,338.46929878120557
2668.8376692486404,-1432.0834114093034,139.71042278301312,324.7663100375256
2921.578586493809,-1743.41326185451,227.97962046527223,314.1513865643743
1923.6000334814687,-2794.187315072577,247.85383539028618,314.14826136449364
1623.0756317894593,-2151.709645972113,118.62698394545413,318.1232991750401
1907.8357166885335,-2547.0075342845157,242.9812270035883,335.57684696038996
2618.4229491829765,-2060.1357342752935,46.85287346909322,337.70060500380436
2879.598243315101,-2736.443274091684,-4.321206859229962,307.1029523836622
1538.1961582209979,-1218.3734475411693,89.59985019033435,306.0485037378441
1915.289655368938,-1180.1024133895266,89.77591573209254,323.98802139744265
2218.1676997856484,-2101.9565463773097,204.58795104238126,312.60271080355227
2069.360015921921,-1766.5082258929945,-13.056556476057654,321.05456051091977
1681.466609865384,-2894.9438467173886,143.16029137600268,305.9087508967431
2413.229381667243,-2043.700233510106,54.55826092002157,324.0679431865012
2849.639637254176,-2907.3252787357774,50.77542625568297,306.18461494238056
2218.4748452161202,-2655.288564233982,153.3824158325385,338.5661115802855
1925.125116538739,-1142.611162564441,17.193313875901232,329.7248675863964
2887.4030691553626,-1411.2762099326942,113.55275804227585,326.7483121267146
2118.053476951228,-2107.2887389759157,230.53757150706363,332.1200928853649
2910.785559889462,-2183.405068361766,111.79894806255264,333.77612884774874
1929.291265222684,-2805.2512325028715,256.67761436915873,319.20714095410017
1855.903692653393,-1642.972642838851,163.78608311750293,333.55109064105375
1621.6644518353346,-2502.1753910675084,192.5540849489014,331.42377805607333
1758.7576665707647,-2274.4005400931887,229.4712246908016,309.01466275812635
2338.9141236281025,-1310.5734896145761,167.1914627368088,336.51838645510264
2243.3938224204035,-2833.759062212059,223.57503477911771,307.5371107908969
2322.8235782889037,-2212.220851138002,105.43775426481383,308.24711697402313
1617.0602528731433,-2558.8800877235085,243.70451852266746,300.2373655724431
1857.7166781384594,-1369.2476402671102,57.54374076380111,308.1449829654091
2309.8572127212437,-1902.2287568088473,181.26401978421623,332.06452695497023
1912.880638832164,-1706.6403858294302,55.382619062789544,329.24361997143694
1828.0509012704267,-2725.8437466508212,78.6539251786153,339.75457346641394
1960.155576698082,-1203.046458509631,113.25950437611533,299.9489691047262
2296.939561978229,-2131.833248011137,-14.404211568881449,320.92269481357556
2502.769568602881,-2305.825740850692,257.8963887937515,318.2367563314099
1846.0381175869882,-2742.7227233630206,103.62773580018792,328.9096089246954
2531.8836800102818,-1607.1079034728991,143.65999188204398,317.8739807699836
2570.745282173021,-2048.081516789123,228.02392234692772,296.9231788345694
2830.0955461376425,-1674.190416883015,127.89086979973308,299.2944388026852
1113.5982781973585,-2954.173318359414,12.425080990337928,325.9623157683146
2289.868958064788,-1848.5090748352532,175.21897878345308,327.96388405290446
2672.543125472015,-2283.6591371837317,10.415966589840892,302.5866043394082
2469.6495971192116,-1157.3682258465467,112.24115627423983,299.3259823456824
2611.3452555874082,-2234.2597240704104,209.87315989661474,321.2699673034127
1234.136304971101,-2502.996127616639,95.6195937007459,320.3936128254091
2382.210463276184,-1180.1320606523477,83.13544711365978,312.52511182788214
1607.4112739497687,-2252.6540362011146,131.4314292100302,309.40107406350074
2070.9470306450594,-2566.992257292013,104.01781985136779,303.5702078149544
2040.388873772121,-2066.4626886004353,191.8038695909058,304.9947865057254
1992.9435395957335,-1384.2093940120833,194.76868188682815,299.11327269420025
1023.9043904478997,-2538.7158476866234,130.4259267141026,320.09813148514934
2328.3449623604656,-2809.9608566914653,155.63994542953392,310.991265777096
2249.4367452845718,-1727.6829932622936,44.03421346140939,299.9184357020001
1782.1117962922688,-2116.2337853881054,-3.1423750165055058,303.1100045647178
1081.1867323983104,-1910.986037927559,89.08635569392766,300.5792557134466
2257.7947506646565,-1433.723131457595,30.372862707646895,331.9527962572956
2796.4179633983968,-2151.777875787756,116.98359930458227,303.4604064545382
1506.5997274070726,-1651.0283784097164,73.50051573044455,307.7109209652808
2903.9954107946755,-2817.6950280575566,36.352185958127706,300.66427954873353
2179.2518222405306,-1994.9243072019221,39.3300147648365,308.7381989182471
1664.7377839729932,-1083.0075015115563,68.17796120218114,313.14555744549074
2966.121569427328,-1668.8843815027135,136.29948925646698,324.2138436799636
1137.9418918174692,-2156.9837448673397,124.61548397460629,318.9459630706456
1578.6838600064814,-1151.7193064482806,58.63674830233113,310.90517904024887
2891.0365804287812,-2473.0453663352087,244.15808088338048,298.0274836297306
1980.5101420971985,-1761.8319257737453,20.648822642520777,339.26176575890736
1983.6621342825306,-1724.6034488918706,167.56919323983274,306.6603899992822
1156.8780208558885,-1345.4087563283329,184.49544537461475,314.8724154253752
2694.037743794085,-1469.8520557102077,182.65568150403135,318.1412975381995
1434.9197998817378,-2820.91423210832,188.17465337003043,308.3492047135563
1679.811740379655,-2865.525400779394,54.163834850732385,319.93704280948367
2883.7491451809165,-1628.8703382244253,21.77507621926224,336.44981104837666
1154.1984185547508,-1138.7995134379437,175.44912141072172,334.53176692696127
1598.8412317834623,-1357.0122805354001,107.28568539436442,322.823812429504
1943.5455221441875,-2854.663411809478,167.5781831353558,318.12804756796095
2422.8099259766086,-1424.46641090394,201.34943446657115,316.8089453118756
2163.7401015083515,-1903.6922048341291,8.094960003974883,330.2811908056163
1713.591956152575,-1351.1508049713132,144.56876969053383,295.07209193760553
2733.3720910641373,-1378.1569934579236,129.82659760507033,300.9562565552732
1591.159330522006,-1397.350476239961,37.65351160245295,310.4174920304191
2210.292323047671,-2298.2916906642085,143.35685776331573,330.6031029240213
2224.1298415770043,-1530.3564411306604,22.264431736527847,301.0254236841972
1195.2290349381622,-2839.412206679745,20.672224029315558,324.96052364850107
1598.856182010317,-1901.7033862871233,88.33293654347813,335.7696164016295
2005.3398547929119,-2487.7565890028354,160.6508931893415,335.8366033677663
2392.344167237621,-2050.4447262643353,97.03582125971825,328.67647170753867
2250.685844412431,-1146.066469492292,-3.752265879135429,313.3523077633393
2796.3250534074177,-2401.541114454208,238.3242844236152,337.16890146705026
2011.7300385178814,-1805.7021688775264,251.20850352361026,332.5264883079659
2454.2237587384034,-1027.0530216094296,57.238865786085825,314.96430629725353
1915.2747400489163,-2711.1248976998977,225.16058567375353,338.7501077720564
1043.4314572177639,-1721.9564182496517,83.53790120906552,299.24236577102556
2624.1930977389857,-2249.039959281704,113.85043826717606,316.58048943201993
2220.0272050186104,-1220.4257481387888,188.11427196245603,310.5813917408634
2033.9341623550429,-1810.475091114206,147.89293826034486,299.5231973162203
1226.4302834321736,-1748.7689177681702,45.953937632038574,309.11580298624074
1417.3613617117057,-2484.675439168523,-13.975312103487678,334.20724225473964
2080.595962068779,-1825.4075362736446,-4.38348511472751,324.7527802994555
2852.4092683283725,-2822.5752350010503,206.08795168949754,332.2666801133705
2561.1460246736733,-2013.0212660551667,35.707981313184355,308.66439656767335
1672.355760017419,-2786.636782102378,48.8397553888409,314.4105417577953
1320.7158635485484,-2381.796547780457,-10.960763867178603,318.00421917225896
1292.1538181695332,-2374.031329694094,152.9107754699335,325.11544155677086
2372.52027009379,-2645.015987438336,186.61315563228348,337.92380711522515
2247.565956806431,-1083.539529509715,120.07176574683555,306.4131323488585
2518.1026649059877,-2071.7473237980716,91.241533863269,322.26259196517253
1803.9758529792161,-2340.427720875422,102.70492026507652,314.105919637295
1818.6823475024185,-2138.6866013547324,112.5765696671305,329.3993166635476
1134.5872341099403,-1609.230955462,0.9968383680882251,311.07252585572945
2614.957467108322,-1365.796486253532,204.77342047422945,330.6770863844634
2741.116142165236,-2664.5354769355695,54.26267294642106,319.35803037424483
2637.9629433453506,-1623.6210095752042,48.8648526568741,314.93101234918754
1629.5054264717573,-1702.814292870748,208.75638585771847,318.66842498043167
2870.3604037480522,-2603.1584537207505,-13.264654180695974,313.165030256459
2730.50838542612,-2407.667917736304,122.8487253969358,319.7906489781909
2817.2116639921433,-1091.2083111593522,238.93212399451352,333.994005285816
1503.3326479253856,-2361.3493024253694,243.43076438358383,312.0385123958927
1695.2366412184306,-2752.23271307471,12.437703534706575,312.6550990480666
1794.3615448295784,-1772.3789835180273,165.36814597941185,324.1707293098125
1527.716975757221,-2815.82513881578,106.54727219560029,333.14359929515496
2545.267517424876,-1758.0917447232096,159.65747146566474,295.75816313258696
2762.4007449915944,-1404.1176610841378,211.73834999187417,316.5414745168139
1751.644722360915,-2611.07694259386,213.45981968176662,312.64050664268626
2384.931057450206,-2334.5518087270457,49.04709406705871,322.3677966723909
2668.335506946147,-1102.60381974036,127.4195550398671,308.235351071206
1870.4004536357781,-2858.4430906170164,125.15976539109249,301.74914817429095
1679.7014232705192,-2792.051397505097,-0.7378200142565099,335.3770208476027
2529.1579756221563,-1699.4333603867524,224.79725470848228,296.2287589968633
2188.7323573752237,-1592.099896298033,45.00687108846056,296.0340941382289
1920.0258837337649,-1637.0739476245828,87.8295175764633,330.266034889328
2273.574175719773,-2247.017257087809,217.2781163478656,295.72772749886315
1648.5616962816587,-2775.5304394309533,3.65520643339012,331.0022813948415
2680.4065961423994,-1965.128616082878,115.40334370727822,320.38998408298323
1318.754497833279,-1260.3930263758898,197.02970223511602,301.6688311895836
2160.018923144521,-1052.333745337248,247.50843946017358,311.5069932750172
2098.0546447983897,-2169.233871304478,24.681156187715622,322.21538598431
2511.5869195948035,-1604.99209873553,28.329884295240817,303.192463855219
2557.4816602764763,-2178.627596638158,234.97553200495312,332.21624240014523
2386.3080781307995,-2984.85269411847,166.92289336048586,305.9252330837577
1057.557194992599,-1432.880684731883,252.5148348920178,309.5843713047034
2718.4811236764085,-2315.5418199038877,184.88581174322522,301.66222216743296
1467.4183815476565,-1913.1659296282337,241.2021719104735,297.3684267020211
2718.5089035621727,-1276.2022332153408,255.44716033931127,305.6289011618186
1271.250725080281,-2800.032225781989,58.62189516747725,331.26391215909194
2472.625568877992,-1788.4747324309226,20.17191879070525,325.74033344502396
2585.8728355846806,-1794.3568352837065,125.98715270637493,306.7394930275183
1897.5752324580008,-1677.872658635588,97.7406637972498,312.48057627601577
1095.5047176338446,-1001.5061097836483,-2.199598658704824,320.1135845484766
2616.5161181911108,-2209.9038924951947,59.56193138108118,338.64621914356525
2937.751446652593,-1989.7494303079943,172.71119849221262,319.66077775187546
1907.687718448266,-1781.4732742293515,-0.20088822714572707,331.19344942726525
1785.7972058166185,-1501.5944455820572,-0.04205638012458657,301.07336831723023
2311.277144095019,-2209.202163513985,74.91814015200735,298.2336412810193
2767.835236559255,-2968.1662239784346,47.100472877666654,339.2348175534022
1226.8038013321288,-2690.7869088479997,209.83723540845628,311.65198850800783
2389.0803559935252,-1629.6632135031227,208.7032797144344,316.9275849318692
1101.274057763355,-1888.975757353933,26.59877042706095,319.18995795090444
2826.0945052163584,-2925.7930028347064,255.61763480992914,327.32323779478696
2859.4587304426814,-2556.8187616184277,253.3518851036069,327.83240950288865
2001.9859856332396,-1882.4002014316177,107.5070820690243,316.3205535818938
2649.0061085111006,-2904.5483211490055,21.611391841230976,320.3499067529229
1498.483823819084,-2703.445842961916,121.15862811771186,302.2800451875601
2955.5873658725113,-2345.4964868482602,256.207970460518,309.3939430432233
2348.061674183101,-1680.03503898725,231.15296689943472,312.2072574946932
2126.3540415481984,-2975.7477961183276,79.72566202277903,298.4286631996786
2454.967628428164,-1401.2461685056542,76.66847867551256,323.57513679789446
2693.5993002359573,-1064.5895210542467,61.385224898073204,315.4607522847489
1381.088058282654,-2525.2969261087505,191.1034026831927,336.6180921217773
2302.745177400745,-2424.4015192640104,51.99558295211516,320.81098990091033
1710.217341586701,-2239.397800556421,43.76003793697763,328.516549623781
2331.266112087822,-2901.6938698532877,237.79557889352458,328.4915743967904
2819.611399004707,-2571.8213679429005,231.47353328490394,331.2856768183058
1407.2240090926957,-1285.8119533414201,144.08669272513973,316.7887146411441
2199.1803040814666,-2767.476901954167,159.3744460441519,336.6678700127008
2390.75971266297,-2282.2869330036237,74.64632067145509,296.6323212835359
2846.026775499129,-2708.118455533728,98.12596109061897,305.2403146587982
2656.8902735483634,-2324.6411140167,29.156917137805948,323.1830455630513
1844.425636197193,-2503.5834847786286,90.37567058545616,298.499352677528
2478.7435878639276,-1278.7442284574386,217.2075892075954,307.7834922447537
2095.8358425800925,-1424.9218098088552,126.68291599636825,322.58655781240947
2542.565837864695,-2290.0124674946574,125.50801666366311,297.62228750603947
1248.152633593988,-1419.190544241116,14.537399501182634,317.35278063745443
1315.3882987562906,-1167.0835496550735,164.38383314528403,300.0349138643039
1391.7142083015142,-2105.6925534303164,69.26417297123216,298.61894624044993
1819.3042945654568,-1009.9844905664559,226.4748613154666,313.01485824114735
1995.3000747721826,-1366.812237784566,200.88008098071919,317.76429726845095
1143.8192486055395,-2649.5577900698822,206.22656776979144,309.8040433633383
2157.6300393952506,-2718.5822176572597,-6.381381323956514,316.08041085989726
2642.984037772233,-1503.3439612106517,-8.607123131922881,332.8123965710165
2968.647616073885,-2600.090892087171,3.2198198095016473,328.6618927871861
1339.193975112125,-2204.1760776400843,64.98928652247784,329.4285508789747
2634.2745313455607,-2582.4441912658317,125.15976587236634,295.3591514101974
2816.284035866699,-2617.133577236504,137.72997780383565,326.95472088229
1710.6993403109714,-1377.524289306417,104.6252022783145,336.79541864538993
1698.2860985554114,-1147.9950922781597,-2.4528581393964473,321.52792611534556
2547.853568068283,-2390.6789856699206,186.52511912748992,338.9944433689438
2065.1695487649185,-2769.5535432259526,50.89487435521454,325.0121221070561
1707.0974128796538,-2166.5419156302382,41.51348666203048,315.0353554328501
2504.629073893133,-1448.9173724087236,230.4831527806525,299.49466731974934
1106.4603085969293,-2801.358375052663,129.11571597286863,322.78480832098444
2751.923308510427,-1895.209109824879,108.51509880742992,296.7713927842298
1808.6619672307643,-1791.1460024052008,256.7086432687937,334.3397464670715
1981.0993922438397,-2023.2581553934613,81.09418827738978,318.12605297362404
1750.0618700199393,-2379.2671563556382,140.17713980088786,317.2746841350131
1820.173368117084,-2597.589915864062,36.16842889191614,336.3562279799528
2992.7971471016463,-2224.4184466475554,-10.65467767621308,328.1863642617675
1627.2814285257782,-2582.2115443159523,247.49064154260606,299.0908055544034
1796.8692019000373,-2127.967549505269,-13.757224243015612,295.1098211306391
2987.751384963689,-2061.993395061078,84.81150922331831,324.4095042468131
2200.949632249047,-2164.156176212172,185.54887388473048,295.0367948273696
1256.2648839647331,-2359.2733491443464,148.44189271933553,311.0850814606067
1736.4912596071304,-2313.2325901565337,227.95321487326052,333.05846285731707
1091.7198951320215,-2933.0389611608184,208.06102169166442,337.91028152432017
2025.1300514285738,-1455.502993580283,164.88746689167806,297.51738959534646
1983.1779606110083,-1549.2473379968974,111.7505234623121,334.81432107759133
2290.79236455354,-1338.7702658544931,185.34263716244334,308.0655384734475
2476.3307581927565,-2590.5626557580504,30.479514685349933,303.6037937936799
2374.4929767652156,-2154.1052201464654,11.83026242801649,309.66128736082015
1171.3282621243338,-1707.2997977930222,248.06694506804814,330.3961417828264
1721.98466744185,-2374.1887002187505,240.20069224803186,308.5733429319652
2458.257290432527,-1881.7656799780664,107.12032523628577,301.34115260298177
2178.616657062496,-2522.2581935890107,175.14055965877716,325.9176088527721
1705.9275745797518,-2421.718871342833,113.70558663981191,295.7909275560211
1788.764249479466,-1890.3180519048856,81.40143653208004,335.0881539669171
1188.099411642158,-1272.4754618406596,154.41062869193297,336.70632713317246
2126.742951630108,-1875.5271429373504,174.1926052500334,304.11244178253594
1209.6729694693606,-1318.2610415185075,102.34962858060713,338.3762900829127
2829.941225151393,-1335.743521594957,43.56252775640632,320.4687362554958
1100.146115094043,-2684.4072014590984,106.82384663192438,307.04585068327253
1746.4156404280825,-2256.205256224692,28.741533734476917,302.11171109855064
2969.60189939286,-1049.797771197699,68.89484278008038,338.8962868918806
2420.1603893756155,-1853.187017011134,106.84291917454541,313.79874495471665
1001.480596738604,-1839.7554776857971,33.89265961760249,314.67472982581967
1419.2340656721576,-2598.9920023949317,155.2318449913568,335.0650617978172
2603.3185137984665,-2239.327684321217,243.6473987170147,321.94254817041076
2182.384952495452,-2500.899450518685,48.27809166245668,327.8345260768317
1637.3317469737935,-2836.153364062199,-13.883949352120485,336.5795830477671
2145.8761132730183,-2569.944991822112,61.624421090774646,296.62516985764717
2264.6701234434663,-2487.388412527953,21.76651149505804,323.73798162272396
2396.749929310983,-2188.547479017488,-10.804229584903558,326.32480108025686
2835.760966146289,-1800.6972410480514,49.02857320309303,300.95249475066856
2903.8733616972277,-2495.627446998874,94.36842689746983,313.3531830072108
1871.1073367439444,-1145.566219882136,184.3806046407601,312.9083832204006
1479.9706152314295,-1578.6211928508842,-3.5817491573649,334.3294088846393
1366.3122739770945,-1665.9380918695779,147.47737877620966,333.08897225692914
1771.0260083632684,-2539.125260036598,141.65669084336767,323.9682334327662
2457.177707362688,-1425.483594697577,13.539868671868405,327.149055712672
1038.0862859468943,-1706.8824200100541,64.0423530332006,305.03489357576484
1271.835590949303,-1954.0767713476846,88.88859709349859,320.6386514826404
1502.5751553357481,-2874.5341052241624,109.51675674160266,329.96242989408006
1373.882733451287,-2564.140783723746,26.330425590715187,301.2765748513976
2863.1820839897664,-2624.0384240034796,90.40437577219338,310.50548626635214
1905.2247797649356,-2572.8607475252848,238.8324353598877,336.8863154290163
1074.9805196169536,-2138.7509873688077,63.26605158461041,313.656021987182
1981.9533193196269,-1965.742966842858,153.0458194836277,301.5514047326874
2305.847890345006,-2410.5573167236707,186.08551628514098,308.16322528781063
1207.12083655228,-2434.6273979334637,104.72800482990873,333.9632733580146
1221.8295735965444,-2417.500338141072,138.13169715382506,313.6895657924039
1371.4253092896483,-1353.2061022284859,-0.6335857536892675,326.636896221235
1990.8863344039107,-2975.374455236646,83.1386080774662,339.5744098082734
2752.9295317779943,-2437.093438169774,164.46727280064113,306.96133727898956
