X (m),Y (m),Z (m),Temperature (K)
2904.803201060064,-2020.9105676700065,133.61065009175607,317.84297730607926
1974.1425142006883,-1218.9957044578468,148.33581379007538,337.86917873874216
2380.710707302303,-1804.1671633668834,215.63825829299506,329.3864060332225
1842.781095001883,-2571.9008723793454,140.69060804350642,327.915344531668
2688.835520396711,-1337.7920036925161,64.7189417344983,322.702429411462
2456.2907328145993,-1453.9559203392391,120.02469403581532,321.50052036486244
1355.1732012061473,-2364.8344376252053,244.70137405859117,302.68977474765836
2618.618124257362,-2125.560339750881,131.05284402168925,300.56044011216886
1634.060306559397,-2787.794583588646,153.62131578390097,326.89354664611125
2577.2285344165275,-1991.356808336995,203.69175588027912,317.9733627255836
1759.3550067237397,-1435.2498640221093,22.57410189380971,296.77695421694057
2328.939369963483,-2778.8800950877458,151.31774714698008,307.91110932552965
1790.8104327097158,-2555.8242091568436,83.47641192607728,298.13690760309845
2652.4010049045264,-1486.1895910924654,111.61481651126626,319.51539246110906
1806.7539891069453,-2372.5604559436674,125.47832938343507,330.1690338743232
2832.2636198985438,-1716.687634060238,136.60583550794325,304.6524447885399
1737.3850388551548,-2167.692999769574,10.211981710816339,327.7543620060218
2026.6475650720427,-1406.586783837499,2.631318849949036,324.5005642273494
1469.1947823618905,-1287.2429984109046,229.72804160831683,303.21079478209475
1681.3261690876416,-1334.106067985572,220.66810185678264,318.66692993066164
2846.027845457584,-2615.842548851324,96.3082792179763,338.2026818641635
1147.5770723040682,-2657.223088670445,193.96578570168506,311.9707245282296
1751.2363504986467,-2832.6171694556697,206.67564097477268,313.57453593360617
1452.514113482765,-1001.6505950726882,49.361596158128165,309.7825391366056
2578.311169186506,-1159.0739522309311,95.41363712622129,304.8699025354608
2235.8401138966,-1706.5171505247563,119.91426664137322,323.0730380410715
1308.960389652701,-2847.913006582725,44.61693276088252,305.325672809749
2856.775434555707,-1102.115309334764,66.2831074737089,300.14055941173444
2705.4980254946167,-2335.174232616731,222.20236773644828,334.75462006864694
2305.013408655516,-1834.6527900941066,117.03702226320092,339.07076980357596
1331.179584419827,-2758.144937697176,1.5714779907644925,320.7267722286398
2668.3431294439806,-2059.56542863033,16.717493577098786,318.53510752527006
2017.304631220705,-1371.4097612073538,4.079167342110971,306.5162849918529
2669.147355746206,-1708.5325746300184,33.35090902839368,316.7154586602389
1642.627339414753,-2502.5997846748005,226.46057152131087,307.59916988119653
1479.157440772166,-1734.6530548566466,90.22877565216639,319.8100110980015
1786.090251980308,-1982.0670486379381,130.43330820266758,298.64257686889965
1548.9509380444624,-1897.6798046508397,43.881058759380394,327.0345732283051
1760.6666909898747,-1082.289571855764,61.407988071241434,315.4282181976047
2318.390580559042,-2540.5156736858153,170.53825352529836,295.51586659393564
2174.885461320685,-2190.4956444504414,-0.7003105466255803,320.76586656734577
2470.96861661368,-1362.6519741336479,46.51728834860662,329.13574996988075
1977.9231089378877,-1321.6183340440355,214.30214094483696,295.9600822451506
2768.6931102282206,-2411.8682289611224,18.937102058404733,319.08265260369615
2256.2563985129127,-2025.8674471130062,10.314429642379359,324.45295643792394
1599.6136294862786,-2014.632206849216,73.97473657304155,330.56853806986544
1792.7431261035995,-1293.9932152379322,38.010404298072814,314.88793424148577
1223.1063086832341,-1696.2066646804556,146.4341416552023,320.600824302044
1670.9011662039434,-2220.493354016783,53.74151965350575,304.86461149280905
2314.2999185646786,-1738.929150909598,85.33699695046435,322.8567699232035
2077.5809557209304,-2093.0099098943456,157.2736202471741,328.2858578466587
2281.6347017424705,-2158.7013394032565,166.9591779300022,318.2613547904629
1623.100757340174,-1653.6140999839922,-0.8840247027851618,313.3217546009836
2744.1222272936966,-2304.9963629699328,16.27723066105425,299.23948576191435
1675.2009079922873,-2502.1904541771232,20.648407228337582,333.79139722719026
2789.2800303637123,-1388.9498293511267,162.77185645281085,339.2318229527398
1536.7281903925427,-2682.238390847627,95.30307170500356,317.5931144197539
2589.5107790446273,-1745.2112550938557,12.70372017629228,299.91043143830166
1414.873179568002,-2359.1375397177235,247.5049570814586,336.6490978088105
2026.4550614184486,-2855.3018115777977,145.67312468365046,329.7274682263577
1823.157002314782,-1504.8493798174873,106.7432302103563,316.60345011422663
2644.272515359682,-2601.309591902107,6.8943905365036535,310.45670410832327
2426.5510190333653,-1989.7877887745572,247.5276269015526,330.0969217732562
2442.394389158213,-2984.652263550534,197.29804906545476,329.1386302866693
2225.468822597805,-1101.7050870563953,44.747342036861326,311.9842271304246
1943.914977205582,-2813.6102189212806,179.4122235470343,332.928229793314
2086.749410823928,-1740.8720289400835,202.2777716984204,298.65684578468637
2826.190203362282,-1882.2352834641774,22.380066771365,305.41814469990624
1808.6304906102087,-1151.8561751315412,106.23608629200379,332.20905611901964
2132.97583860919,-1289.2497037979472,-14.632531466708201,322.8777571636108
1934.440207836743,-1657.4667890938013,-3.680347171854642,306.0759442044979
1957.928039158494,-2431.396891578869,25.07799973960465,330.1745398517238
2483.564044937405,-1615.768572006719,-10.988282491564728,303.3378343107755
1320.508289278187,-2826.328315837835,46.93366253458831,313.674022556502
2008.2546496515147,-2725.5587054281955,79.41095924137076,317.0310499637408
1979.577373429861,-2928.3382408552993,16.11047384267228,319.08103716238054
2315.55900701226,-1303.8501434772907,137.44870673195547,333.4901138799616
1134.0322695557475,-2144.4387946614384,112.7034220423185,320.1398992875294
1263.983790961504,-1834.9649935703032,237.19083776089974,297.42484790652713
2663.6338241173594,-2799.6009801805703,141.84231845734814,327.08018938164673
1718.1328719854614,-1792.728546941742,146.2745473851154,336.8926010999657
2232.5791822255965,-2367.7477235044626,183.961109109302,305.8150952276811
1458.5095735665097,-1818.58904839938,122.27466952152355,335.4253265687434
1477.6851617632171,-2718.5181063278405,-12.92365654433991,299.6033272510256
2964.8729888449197,-1186.3542061922017,26.308388772623836,309.1045297794739
1253.3160695269519,-2091.7583490909165,153.080686059691,319.456326771708
2537.629284087532,-2018.3178769282683,43.85939457083931,335.4919310526253
1027.1354645781157,-1187.340232402163,219.7037058155841,305.8828541918564
1989.7387826429099,-1669.2003927829717,196.67412776905553,320.6571877665672
1001.7612893160634,-2628.900236316162,82.01611718830354,322.52317092825183
2421.9264504984853,-2905.8100813783653,168.0198487875677,309.8182374366915
1829.4109965305172,-1847.0814086380049,40.0502093055237,304.4137376716818
1986.4871707056277,-1432.4119088260456,179.71806137535938,316.93815718682424
2392.970470363618,-2901.226699311525,30.33903742345285,337.33788136432815
2376.630431328209,-2408.310238292629,85.51931591854483,308.3113571219391
1294.5037888962258,-2078.8155816269045,218.08669104045035,329.81927666156264
1444.521457561248,-1318.5895161284643,43.95336541992909,329.82417925727736
1703.1484297674433,-1136.9422526563321,89.99085425211129,299.64503480356416
1865.9244104401885,-2032.0327337486615,-0.01738089856715952,325.28579591459
1124.1256141485135,-2548.9292061901406,21.88064945573295,320.9368301240468
1543.535793636219,-2424.685533066485,121.04894714860205,318.1180998639228
2990.0921034003013,-2858.033572293231,203.43214356488764,299.95457362667725
2105.1412946214873,-2743.2245013044985,225.8403196763419,318.5500302160436
2397.981603517792,-2957.1823158511074,233.0985358214068,320.08271039983043
2736.9252558675244,-1264.0880860403909,192.3154417413644,314.71165725078276
1039.7677329640353,-2066.340376454789,190.87251548750447,304.6748085630861
2018.5806366735992,-2004.3096109148569,215.04499138084628,333.7122300929674
1391.1442181022098,-2619.720817038902,155.5172056129104,333.17210839110726
1578.014544857563,-2641.4828454227845,17.49405516461524,330.79398846849256
2598.448160468428,-1153.2043370865572,-11.739404761762396,305.3543969335452
1019.7402116558227,-2653.697920785862,31.377012852645173,301.84258919289215
2235.146168509976,-1121.8260358245568,155.54727254552412,336.87681821071004
2211.568814683428,-2084.680584396032,49.980667743149425,311.3000718969012
1207.1575719944042,-1595.131932375356,148.98770400945747,307.03730422243115
2101.3919201322833,-2074.816513521655,220.91337363366983,299.06531723164005
1651.7994734867748,-1215.5985213556044,60.41033184550159,338.83663344675244
1172.5998813244119,-2030.9541036097005,71.21048427358778,335.04774198706724
1327.3449190541792,-1573.0968971429613,82.02911625032247,339.15930366842684
2121.5862050499163,-2045.852878465208,198.7438067093736,331.07644801192697
1402.8306874887785,-2493.9697770398043,70.90028344892447,326.20903407401846
1521.075297641797,-1412.60609574055,194.15874938149764,315.6777613681171
1892.7401793695342,-2056.8989073551793,164.98992699142804,306.4453645665193
2301.4226907022535,-2622.554476894239,46.9791391301929,310.9315214987786
1017.8609668839223,-2521.4352627125854,4.2114894339547035,301.78764020320017
2226.4391939355705,-2253.2953615171405,61.55623678892837,339.59836729185747
2330.6609634397764,-1884.7384876969898,171.4716687983793,315.4131272702943
2236.906225709884,-1407.4430381008576,41.16137306326427,297.3213869038894
2734.6998593609346,-2203.7690821224824,48.89748348568553,311.3513516686588
2096.2643463081495,-1493.3978009494438,25.18760820638709,301.0957902605203
2305.2748238015693,-2125.1317783344207,236.09215536626593,337.8875954811785
1556.519291025306,-2300.9175053854137,-0.2668034396289247,327.2695116946261
1775.2225727808,-1169.2275997837178,83.94083195220513,297.21038914078935
1038.5305017062603,-2070.197076045799,147.6813838603484,296.6029244751938
2702.197060030867,-2835.512556445717,150.60773250390378,304.28414189965
2500.711699252429,-2754.2240570350723,90.81351970800952,312.7786834815552
1452.4158561677764,-1849.7475393562074,184.11230588109683,337.5625042120851
1155.359080058966,-1498.6115101976955,141.94738604001427,295.99224945565413
2922.8615485052496,-1735.5876119006127,254.85651608129592,322.5557983669513
2171.686093990101,-2553.074045760365,197.62307068753475,303.03270402979797
2459.4464159994623,-1849.90236970743,149.8823990366794,331.4422265939814
1078.8343133348517,-1321.5685234714488,64.64540496296858,298.6107946235822
1493.049196424336,-2260.5995536540795,97.33201610688114,304.9060900762549
2387.567730270359,-1343.665833035235,-6.458866637650516,323.4757551818944
2817.698072664684,-1530.0784149390338,139.852851549352,299.3088444016936
2982.422927406721,-2548.7203201598813,115.73243770688697,298.15288418850724
2535.6949440558874,-1335.6504020145383,27.551092800431498,307.75599272712304
2124.810980262647,-1938.6403084733597,96.93914537332527,302.93849412680123
2620.604298873536,-2193.1211079437862,235.65007259978444,324.4515716818952
2835.3778446669453,-1265.7813189333178,213.65795721022553,308.9335225147248
2059.6177254089857,-2701.078673023398,26.66306323866887,314.89456744872587
1165.8973071486616,-2165.431918308884,228.70383338797038,314.3560779247742
2305.8588860575805,-1372.6573215915582,-10.683344093837514,309.44789498472477
1656.475741277231,-1538.0302878489333,73.23805897737502,300.6407969122888
1818.02714968468,-1297.0194056555474,165.5337273019409,316.08106317008503
1137.6616073206026,-1925.1225716941601,12.433641268494526,304.84096610522874
1743.6851545420002,-1663.084628552583,239.7377650208405,298.0294674635916
2691.529230465735,-1149.8391409239928,205.78558400179193,320.6572091524156
2665.1332933018384,-1899.0718663152772,-7.353664491172313,317.27320434051165
1242.7775290781656,-1648.0510957489923,131.08842441455903,335.8598328091531
2986.2129797513508,-2875.1627649108286,49.802813902934915,295.551183195646
2380.9645920091125,-1963.0647995423674,57.30504596680042,305.97370997917045
1761.7263777100893,-1115.7312375810297,-2.7993030492742914,336.47573917208035
2447.668790684849,-2091.9371213476197,105.82983560681387,320.69266521852563
1733.041432008456,-2787.253292709086,21.039042619958202,330.1363790912792
1718.7511068425429,-2666.514908398739,153.03587052815348,319.82023617287325
1182.5182723407593,-2583.0416687115203,6.970665235665933,318.344241571797
1824.4604681819758,-1332.7105348903367,225.1466978771308,314.9387925308547
1614.9487099535172,-2979.698416193816,257.77930244038225,327.87713773096414
1471.0542031344553,-1388.8016898713224,146.4959264771878,338.50176882073197
1843.3545396979262,-2771.9052190795824,134.5730926913394,318.52079243306946
1766.999020451095,-2480.220976457051,38.12062795202041,313.74496542255173
1686.5330743008838,-2672.635664054785,139.33242271062787,297.39878722209716
2569.0535276096234,-1313.891722216339,107.71139168046584,306.14386950361495
1737.3607158709603,-2735.6079194274,105.73115540406796,317.9247163854303
1496.6388074373176,-1639.0857261644744,-1.2888221210153628,333.7650263180707
1537.9513132092377,-1170.3922962138927,95.0066708930335,298.4439831760214
2025.9584875719406,-2589.5325482781054,209.19264281578546,319.46304503511743
1631.931020428387,-1890.323262258961,137.80033871423242,322.70018211992306
1093.501933628719,-1419.7419070209328,201.95406044676008,308.2236122225313
1021.982087964965,-1302.7279770118962,33.10976170310316,319.86243760003856
2523.801491698402,-1391.077917413442,181.07993741770517,339.3990497817151
2702.6941248006033,-1971.7464485026508,140.5832877478297,307.6651490703413
2665.4322877166733,-2017.9535514036038,82.58364319128285,301.5602399384541
1513.393986952261,-1880.1365283859282,240.27743664755445,300.7481840569086
1483.7906338980026,-1825.5106637302808,102.13311818419027,296.6694471499464
2866.216836711616,-2421.608969824808,155.78935290572954,321.6462760626049
2972.522956532755,-2390.3595461090413,22.401781466853485,319.20394627039093
2488.9998331816914,-1401.8508644778885,36.40987722374227,338.89511521596506
2035.4136402612864,-2464.1159558737027,160.94021913169175,339.67442026032705
1096.4677054146673,-1367.7873992671302,200.71006086306906,336.48334141639907
2531.9247550153323,-2613.5983361710887,5.4415614709684235,317.37525701647957
1592.7370771436408,-2739.3366057796547,208.7438402022381,330.0919009976958
2805.654719433199,-1996.8221148677897,4.546758054330777,313.37279761637103
2647.8113230266963,-2074.920345309791,62.79532531213637,303.59210431695703
1663.987975187696,-2428.4251903923105,3.1710244808591703,333.1181170264666
2194.2089319758966,-1633.0524872902497,219.85433306892733,332.60981278125473
2418.9818167951316,-2299.4161969433585,53.333774999861774,316.82905201542735
2992.0884721168327,-2665.187148064176,63.596733142777865,338.2864643091558
2001.2635471484361,-1260.0462461009267,243.0819285505815,300.7425561591507
2188.9629561536167,-1193.4283298679675,29.04588264285009,305.80010963500905
1402.354138269471,-2416.6116883467503,76.52439742767842,296.7905386202536
1642.94070314165,-1216.9605616334518,160.4951855511767,314.3085311663583
2215.8756421798535,-2308.8186370381554,43.006351401702865,323.71884234307373
2244.4985912948337,-1062.4713476347918,195.05375560608059,305.75783792583843
1454.5170291622467,-2208.4095939692293,175.25653552329217,324.036449134863
1838.0579075569058,-1286.1093325441677,210.63123827457306,333.7590194278376
1583.258252999203,-2297.7741758845937,164.2490312730851,332.93443474273636
1176.0192413723705,-1168.134353319019,35.674159639092956,329.4627827224059
1210.3316471540345,-2498.3313589474337,74.688916768051,296.024534615409
2632.998497349974,-1502.930222672285,16.61076421152778,329.9653454901
1681.1829765391149,-1275.9974737436485,199.3378387360504,305.4906856480281
1853.679759935037,-2015.1463226679582,238.05174215433536,326.58208965319864
2276.7475313565683,-1877.682227681676,247.59193413790615,305.80395851416756
1001.4954741612536,-1251.7239902377391,239.99804816446803,326.04094587008876
1767.5300774924608,-2486.0310828816473,134.96532611321246,318.399389662619
1533.6289338696524,-2710.697693049661,147.65356474814848,317.7444921193179
1235.5675964711716,-1985.6088613718484,189.794576160878,310.44267264775704
2239.593674466622,-1480.4048842470986,182.45651558449242,305.40814058423206
1016.9224386813466,-1289.1617280720202,111.10889079185084,334.4679160970727
1706.9388104221273,-1242.375466596753,183.69107301175328,312.0828142948726
2949.8656052955293,-2247.086121287019,142.9496307031817,329.9914381845449
2650.93230320889,-2280.327242941917,29.59917398066394,335.58155497980164
1313.7303545777263,-1438.6778451758012,179.68993303959724,297.5925546920291
2101.9754907041233,-1413.339604734745,214.94060176105205,302.09808048253706
1860.0192279836529,-2477.7951948060995,151.32800728803815,300.18016094238305
1815.1270301820991,-1251.29595010469,95.2539622215817,316.32115398897804
2796.223609225638,-2651.1560533463826,37.31910985247321,313.8873614076387
1483.8949629164315,-2771.954635961363,259.6656827474901,338.69637348213104
1179.728558262259,-2461.1857882222157,120.22071385178026,310.0367135197708
1515.5413015185563,-1093.4168507029278,39.48216036011067,325.78387060918885
1945.3079970984545,-1707.374155395221,233.74936047854686,336.7109235241785
2210.6583484387697,-2954.4754540825966,215.5753906191494,327.0022007340099
2339.7994977842145,-1568.6774287348749,206.48435632468923,306.3898671463135
1620.6479409078083,-1944.5153464345995,4.926048873203914,339.6328614561439
2775.191190265411,-2482.8031681146435,245.1679809334559,304.03130264086417
2145.5865478058067,-1652.7809418103172,54.531955666569885,326.04136321534634
2611.8164890709268,-1810.9520089123585,258.9074120036822,319.0835620972448
1462.086257464783,-2532.625135083501,233.30648829379814,301.15979381037886
1878.3393709161935,-1475.2231812795292,-6.163813362444735,321.60547237260255
1379.4100839211487,-1238.8780825278247,6.164139028210556,339.6978101280155
2745.0671536773466,-2808.6591469664313,-7.929253081339339,338.8793398005562
1573.9654551696751,-2988.416965204288,19.551055746996617,325.46509181666164
1950.7771509578756,-1324.5818433643592,-7.610718770649833,308.9005626688105
1955.8793296227393,-1849.852641138751,-6.8109015598740505,306.031742067218
1897.7147546394137,-2654.4775506542637,138.6434950518077,337.5071778456757
2996.8838682958294,-1659.722395192076,191.24040781869775,335.4174493436032
2953.5544241625903,-1939.457438500058,211.8682683756641,306.1011008052646
2605.0337536866155,-2874.734113090332,56.801967031935604,325.13054690643446
2574.6594926523426,-2070.8270075290357,-12.293076417924816,330.4627990686483
2396.505303947157,-2032.7342835234522,30.2037521104293,300.40575026397755
1990.7086770507772,-1957.9302251005702,86.19550231119763,328.79741354930906
1749.724551618781,-2865.495678855148,3.8237084036014366,334.5556513120158
2429.9045973584193,-2713.852844371201,121.02597355075775,314.9471069700848
1281.5690743687646,-2756.5487641304394,81.82276175507943,326.2060322496902
1123.987124678656,-2608.9830785234276,43.54032518122807,309.9484746228102
1868.4951750250098,-2266.459711081351,102.96652135474423,309.3873614396286
2081.6931422000885,-1338.4774758658118,184.2539441652357,326.9902055036605
1130.6693753759919,-1628.1231992194894,45.07128145647024,338.67995693651915
2894.0030695221926,-2577.350356329617,103.59692444287484,339.6203415932006
1827.3563221574673,-1392.9844495993584,140.96572650257465,296.14444947946765
1702.4020085514346,-2152.9467414787937,245.1782723131542,310.49243688463133
2747.2159157252354,-1745.7729391497755,105.25705220045971,305.74189748479523
2441.9763700418566,-1480.0498025992533,9.253630127516303,331.4702221233822
1553.3946885802434,-2181.3911493885425,155.89494126471854,325.2022209401297
2159.7170450257654,-1202.505837764902,253.5653369088564,311.57576701347966
2046.1268489097554,-2425.015757345709,32.49136603430139,316.90618924037904
1844.514927284038,-2344.7012352723427,10.807012947149722,334.42852492811517
1468.1849885308354,-1174.6935234440173,113.81307869455941,318.5218030044231
1562.898925667182,-2559.482618585058,76.2987463345188,312.4007083505331
2177.3039436315876,-1900.433833775932,94.32563101136839,325.3189522559612
2062.947607495057,-2402.457900666193,165.1121420654178,305.86764051555184
1320.732264245638,-2968.840567825452,187.91398566126986,296.7096974105019
2973.5545201724963,-1647.0583847940532,237.48297227047993,313.3574894159696
1494.9037209001815,-1101.2806809704903,55.547332759064474,296.5886398723881
1879.3658987648569,-1901.9141768575814,151.4491265633381,314.4843536506702
2096.199782461338,-2537.759955529105,15.653860070445504,301.6833784324365
2628.8063451490793,-2771.3013365332517,206.67789048490192,298.83374755406487
2403.8604640302824,-2458.676415437676,209.77250415554775,328.55292674869327
2329.4159527548145,-2073.3568437755503,-3.1950321277270106,334.6016235161959
1479.076663446535,-1544.8601954822368,94.2790394979591,300.05667460883706
2079.36560045218,-1610.9737407264909,229.344619579254,325.5477934365474
2267.927963791796,-1475.449813789637,7.112776705132493,307.7809533356389
1961.4256346499724,-2022.0246199210837,6.657551850883326,318.71014844457534
2671.2142662715664,-2874.547039323585,176.5179844967585,295.10779492930675
1349.9847208486717,-1618.0739317530797,237.36022429387577,328.76182681304664
1122.157391124168,-2782.0245281069374,21.542744894811015,337.969723726718
2498.4362357152304,-1992.6645475398082,49.5870719851619,321.3428967165772
1022.2564641765166,-1201.4512067288003,209.01008243291994,301.8794480510838
1227.272048461645,-1091.1327714310228,76.52684254704133,315.74787024496266
2113.1775448730677,-1400.79203878727,26.182526810464942,303.68854014577647
2867.2524179089833,-1377.4459949486265,167.26777552609872,297.83616972010583
2213.4916033873183,-1558.9589382373547,209.8718764421334,332.4703110500931
2403.672037591912,-2646.2196666537307,179.89143968969864,302.6329782350893
1799.574624028572,-1521.5146190742273,209.86169657157734,298.3631282777499
2885.81194861365,-2406.661311382834,98.05716354373052,332.09416226337083
1380.0108233777632,-1712.318674924926,129.22714701328331,332.59151816701353
2787.784866363243,-1745.942795324389,215.17183397948983,335.22465910477445
1427.9658323596332,-2573.7960432673076,28.902559367046067,337.6241326808048
2819.602548218568,-1478.7296227445513,2.770885717644404,337.89737138128567
1172.1423700880628,-2533.695765300452,42.84391494708671,307.05662170959664
1196.2169504933415,-1457.8123835114493,84.50491642989903,316.6163391478101
1649.2814484199203,-2030.5019695167302,91.94971113814348,325.8043067343941
2328.69612014622,-2848.2161759222818,58.83778731511384,334.1705986828653
1081.329757683419,-2909.4464819851532,148.5564271440477,298.86236762528097
2768.325764382318,-1010.3598771479076,238.73089330644902,307.6037293874188
2474.9410353643234,-1568.1879497986872,68.890243897675,329.0563485875055
2277.6287301192992,-2046.6392727511893,238.37808704611257,334.2647476410571
1879.9691126913112,-2462.9566747972112,66.59839027771098,323.8915047471978
2204.5820509741643,-1178.7490045286916,159.80731399453902,300.9554413152989
2781.890854738829,-2945.768284947549,-6.689612152328683,332.45260475440705
1953.7024374583696,-1613.0220357496503,30.793790037934052,314.64773697228804
2035.5210109830841,-2229.4343534148215,11.252183376956523,305.11306508355364
1217.1242522902583,-1476.6196795783346,107.88709546322795,299.6419965130589
1892.7916292415466,-2766.1046380305816,106.21335018378217,317.1861120483886
1820.7864125372766,-1950.1535906075198,141.30217281617752,301.2061809854627
1685.7152366624696,-2912.0171121013123,256.47795380242377,328.35965781724326
2749.342372237208,-1811.1713326609906,101.66421620742909,310.8316288410052
2835.49811251591,-2908.6048379937915,34.74189377302401,310.8206124573812
1181.0323943265116,-2110.1219327664453,256.4819358887136,303.62275787722325
1988.7510744138983,-1158.3486650475202,71.47577091090453,325.5834436107155
1000.8642621864177,-1273.135438926239,73.4032656769639,313.6305725652789
1796.9961413748858,-1341.9328558013701,58.4610058154923,316.53653992433897
2527.841420399761,-1203.8040291494049,102.1319064408534,335.5633933928313
1311.0345717037087,-1767.640420459439,87.49423000712872,320.6857109605609
1926.4536650048578,-1933.8265227794473,26.033238726974517,315.18110622381164
2815.533726385266,-1958.2569619064116,121.37828450402904,297.8121618149161
2826.381957378516,-2165.488227858708,90.96634173671251,303.87027324677024
1661.5191674453704,-1599.9846317193349,71.58412372997998,305.0056780534187
1164.0500401902198,-1543.7912020053566,165.83892178092893,337.8924513500422
1432.421731583992,-1636.5672734272684,198.0139326977175,337.74652082035504
1488.3386811149187,-2852.5235679009047,105.8527458867032,298.45748005438134
2681.9210684048485,-2203.032905975808,212.32339012120212,336.15035915977387
1993.2994093520063,-1481.1844061465542,95.91157495429104,316.27614574950667
2295.2275132325863,-1536.5716599046966,49.097028276677406,303.6271422684608
2245.946365977703,-1404.6169072042526,244.17559628087815,307.1866751035271
1954.3286294534412,-2599.306663848556,90.14246441362525,330.6571467150004
2846.878279081043,-1872.8662765776699,13.98819458830511,333.3941756463363
1802.2997360093464,-2771.9077606175174,215.11817503420536,310.4578612090358
2256.1070108569484,-2911.7980863115395,78.92213512283328,298.26183812356334
2357.263737824168,-1676.1402333305857,34.67380086273148,309.3130180967598
1273.7479948399307,-1787.9745158033284,240.49937115287642,309.55750078796723
2041.9478188893293,-1982.599609709734,100.60510143948814,331.5088183992095
2524.810826029484,-2377.211707661794,35.911279665600446,295.3882886880712
1350.176841265127,-1589.576785046993,198.43268932110988,329.9647454131728
2408.098699917211,-2956.523448649587,254.82164098538254,325.4288864249434
1085.1584265298764,-2503.298808189964,171.91592672559537,304.636639994357
2343.941397876355,-2768.3075279863233,85.61294987699254,336.0866042910964
2636.3649526527224,-1821.852500857278,60.64244197632236,296.95625780374843
1210.303425796658,-2813.9311537229805,146.05298996034418,316.79649502729444
1913.1940072258221,-2907.836273316396,220.8499024857396,330.57519386912475
1505.9734575204293,-1282.1475620583603,4.208359100485236,334.1292399390762
2297.7805287442698,-1476.4884378494876,228.9605795766252,319.8442739163596
2398.6741258003403,-2013.4873246782704,94.32314806148906,306.9256865875756
2579.639754696771,-1811.427805923346,-12.629189639520783,337.16485295991475
1665.4768829424695,-2147.780789474793,55.741720074085066,338.76908405830085
2990.093398015538,-2402.8773768582532,65.93672980689685,295.2915215599641
2650.3534666214096,-2830.7409210443807,126.51436719118587,310.45521754619705
2109.0372575776328,-2988.68186587008,6.716356104911753,310.2171029770493
1963.401328032084,-2364.0981706129037,83.32318070887655,327.54360244117896
1317.1942343075896,-2483.2246207421194,127.15202174897684,307.3756082706549
2259.179029884818,-1655.1628213846618,16.349083439115212,295.7183255528202
2736.523907558015,-2040.872946077316,173.08026785993817,303.39746293721316
2886.882463752943,-2568.0824298593825,210.60988083603596,311.2987788442275
2801.5775675690684,-1267.3611782820592,59.794908118734,332.9081794010902
1734.5336208126678,-1583.968823303718,132.3292481319756,325.6281647895511
1645.6955127691974,-1222.6756427104394,73.35815316761607,312.4793860399528
1219.6396104177593,-1560.0716880420775,235.68331212670458,328.75625639956036
2635.529104453397,-1642.1820787256088,133.00107122547837,297.6475431841691
2134.5383657805405,-1610.8349038580157,119.68293488682593,337.5355569571711
1592.6245009258096,-2446.281318121655,252.9917780186426,330.9464578507349
2399.328318844424,-1279.570322096525,247.6111382632074,309.93734154468797
2055.541231244301,-2595.5494604824175,74.94895969384915,301.5841006524176
1337.124053500906,-1256.277137538957,121.8475517563698,326.06123120293586
2445.2068217662036,-2869.5754851669094,57.69922041246164,331.74795584677844
2436.563513271916,-1031.8638897833628,176.42010274597922,312.7929935890828
1640.6205326825689,-1777.9626453176315,67.4409332688053,307.630805556317
2910.693413137996,-1436.9674773120103,0.08395178924733848,331.09799640176783
1528.0256740172126,-1962.7624065620205,75.28292856435596,335.81569911397935
2865.857071777484,-1496.3976148121394,-13.419330870952482,321.1336772944294
2622.123747873198,-1220.9806575083767,79.78013431485707,327.43265505950535
1200.9946151859426,-2718.9263208245666,66.12600870413718,311.7176300886483
2733.8817439839167,-2185.0530090374396,213.9790078854658,318.90765940840816
1669.253856901033,-2387.7054459195856,0.7797502797745732,313.6232575857366
1841.736486493328,-1424.4647297107192,85.08163017389522,310.36108669524253
1697.7476856888347,-1246.334495332719,125.05428639936616,299.8604220736447
1054.5277942528585,-1457.157232169573,179.36942570364005,325.66222635733266
2147.592982549034,-2272.1071921724642,110.25099692863104,327.1998062038097
1276.3695095134235,-1077.7356974126508,174.60025528099962,315.11734058895905
1137.9759574970592,-2730.551829269833,183.7537388447454,336.3832546500892
2893.2786033114057,-2607.7017427367846,107.03768638139567,327.88934928196346
2558.7996051436876,-2783.8736993396897,215.4229952366023,334.69211735807943
1921.2378745644837,-2513.217194626993,69.6411362749976,316.98266188251387
2140.7063039555983,-2964.818712103785,245.1413942141026,298.1893415924655
1994.1527278917308,-1378.3464414449127,0.2355662621623278,299.1240642483444
2430.7334743199717,-2069.59899373552,225.10034162907442,318.4406220579021
2205.6287282377907,-1233.8282795969608,212.98574496777348,323.050335383368
1995.3170637130006,-2136.4599603985926,162.27289497986447,303.187249773189
1902.1460957962142,-1357.2161626624065,43.505645856227844,334.5069933240737
2595.575133057642,-1315.7676504995443,27.770422154883754,313.65015101620736
1116.677690336268,-2897.5663458460076,8.441821429943019,323.1208021715188
2467.928189559558,-1947.4883374637593,133.56838414644193,322.9989191660949
2335.91794149793,-1028.8292089930248,202.33898189432352,325.3394353389338
2006.2901229891352,-1851.0306732434492,63.98686314099862,321.02895054898084
2813.4155841961983,-1851.6899621006116,186.33657256310832,300.73723713016517
2528.7313994444694,-2984.968766936613,9.324011680647992,312.7397076403606
2848.8698609074972,-1655.9147123957964,223.18532287419228,301.9795534111599
2229.961559336904,-1354.2902964684313,214.43328327009598,312.76829323927615
2196.445752450779,-1847.8824389569509,93.5687506630386,296.7287450531933
1386.6240325907766,-2753.1331996401955,36.79953081806797,310.8876234781995
1963.8972407372198,-1693.6683653132516,77.36282916720549,309.98375745248944
2424.1655780133506,-1475.4212205970225,191.06870391055034,333.1385033547092
1250.2757484914614,-1447.0651122953016,99.31160977954923,331.6788444240405
2712.2874427220395,-2453.7248616309626,71.15253326178858,314.7881692327909
2015.855065268551,-1541.9787596035376,16.689977086830076,328.8533576579621
1402.1149495878822,-1199.991477099694,231.3952149505099,301.510790014839
1347.667493734086,-2937.903682391875,204.8706300888451,327.1564457179461
2811.467384901329,-1702.628511622316,81.1128634922919,325.12422941243375
1836.3905860109203,-1134.8823571820067,142.23621696129408,327.86145234744606
1478.5864562951492,-1231.5675125847952,19.70301316954844,315.6421546744492
1772.5082756922195,-1872.9445100126463,116.92024874199382,306.980537793617
2071.7979794395706,-1664.6963702794956,118.157415993601,317.85586017442245
2292.2723788377243,-2090.9857063644304,87.88088724106618,304.7155797464308
1129.695689894479,-1545.2709618455829,234.77904665634924,332.5311345496343
2473.798538105216,-2998.501882205634,59.74488789191453,314.5199589428275
1195.1725767432968,-2470.094838503136,198.68777791388476,305.326503666327
2109.3550241512085,-1703.901043313915,93.59498414167176,309.73562177742997
2466.5697867041854,-1302.0421196155555,23.395603915366017,339.26420470696826
1755.2352264727124,-2356.32038019921,44.63692944873836,315.08947888287634
2117.4051845151807,-2866.0445395133197,115.90960151350006,339.9586604280316
2770.407291560952,-2439.0756433548563,229.26013589083084,326.8892390564458
2298.345035340152,-2731.1973236601534,197.7282463334858,312.1046329795474
2202.515967067374,-1186.6266273572548,159.57536205665102,307.83234512080304
1044.5556633882131,-1568.7137449302368,73.5077049386163,313.1202552100724
2801.6302874770145,-2566.0259842759747,-0.7229570016300819,296.4017317009191
2329.137541279638,-1698.9958724448754,184.17320192339307,332.08326069039003
2741.9524168775015,-1418.3256787589946,82.32810145335004,329.952018168405
1959.5228627725214,-2462.9104615259794,27.695917998195206,339.0156586769097
2281.3529446538187,-1376.4189831973088,13.61895615773231,317.5904916932482
2443.9444555690147,-1232.447867007042,74.6778361968551,312.29861000088636
1365.863324576983,-2238.7960368939093,225.53602023926715,318.70019051026566
1622.9742885214991,-2297.5355281342154,156.45307262902762,333.21795197809143
2009.2728432512195,-2790.601543152408,140.81495707657538,298.1077025672209
1895.3302265356665,-2640.8707804186856,229.54266912357934,330.77009508623644
1166.1367203622983,-2913.7828868547203,57.52898522518748,324.62293630228544
2868.120004928117,-1672.1823314417122,139.24506720755028,310.5797015929014
1820.6775139749266,-2943.1383049941865,40.01653998513365,322.9882933302788
1024.961061197428,-1726.2479111542889,39.86993853297742,309.37182097140425
1163.765944608276,-1823.7585776567048,99.5520757476269,329.7371446104409
1779.429313732363,-1311.646562007901,157.1275082142359,306.5247771765094
1061.709120701659,-2625.4899176243407,222.22614595886307,328.8011174290788
1523.0299020974196,-2213.056636935284,23.669721101433844,307.5045492473415
2535.648063974757,-1114.8594173973693,217.0391761485986,297.31408518279574
1342.3974640658366,-1885.4483153840486,26.787048473655624,298.7369654252716
2382.4793410234533,-2015.2198994560429,60.666614199252706,337.6493753565437
2241.255773108771,-1382.0329251107878,37.60688454729062,309.34184728025815
1901.1103826936455,-1065.1043310017883,173.2106650959527,301.87406406405194
2467.337594588443,-2014.146930507391,166.23294563329878,329.1393728827097
2124.484770777246,-1023.1371975292789,168.2286812441012,319.5232905685328
1777.177293859475,-2346.127212391785,232.8100485386308,324.77035708839304
2176.8446398108254,-1412.3483941587242,78.9715919088078,322.8511576729282
1059.0319854064521,-2807.293235352557,84.17418217737897,320.77754112002674
2145.3040528764914,-2363.5834162962446,199.8834032879448,321.36756393829756
1175.8633450635268,-1123.5928491230122,238.50005678546634,308.9506447165338
2725.1797180159306,-1553.726945392628,109.81012470710996,308.07613229419655
2827.3329142821403,-2483.707388890258,190.50368426125533,298.1191023057905
2930.8290535097485,-2501.6845911679384,98.06999277192294,297.9202879847591
2041.9240711706386,-2180.2962285607514,186.61658222311073,333.7790593736476
2523.6118349746075,-2041.707839895376,209.7292203955712,326.02146863165876
2275.1624216531927,-2593.380727234243,220.93584098474687,327.1307919620556
1238.1745499973777,-2375.1880816840403,120.09303936854863,301.84004991788686
1175.0128206297074,-1263.9051943093316,96.85947499120682,299.4844537759451
2948.370524404268,-1302.7459044881048,178.5644734306564,318.91897181446575
1683.775094084676,-2717.1244905863723,202.55987410889674,301.7980334656921
2074.790797662266,-1476.7881337190388,130.11843691483483,328.3861791419255
2070.3336056190574,-2753.820029190567,187.00843791608557,327.93319504811296
1207.5009165408585,-1540.8980679823621,209.6424998553895,329.5040872606287
2740.7654568830994,-2228.3033391923127,-3.077364359299379,326.9688678047398
2062.6939060400764,-2421.87648049602,125.92648305101929,329.31329167887577
2708.503963251669,-2533.961710424878,46.76115924812655,338.75787932583796
1416.4083819848477,-2448.4600726333556,-7.016946799440877,311.4562749301346
2534.2240025710707,-1475.986891753711,113.97662917453908,297.000141432098
1303.9487860728832,-1288.465599465503,197.1912896796188,329.1281516723375
1165.863844884706,-1084.908234363364,160.878465949244,335.79702314835765
1581.2829401063818,-2301.5434078670546,227.6340606554637,308.1267543003455
2016.526514130228,-2687.538193269154,21.58686349826148,305.64560907236506
2417.6813516518705,-1422.9944267717208,82.32433145083438,322.4143638534167
1579.449023168488,-2004.7354450237544,201.72293255715073,328.17944091862944
1730.7279658701532,-2987.736338697558,240.7461692897848,339.16238496948256
1138.5193055180798,-2553.1925549504153,121.87336183957356,318.1054181596614
1928.5558003830574,-1124.4074356187373,82.50663313371275,316.8113946679708
2606.309188445757,-1186.0111040426796,155.30923541386042,327.862494292598
1237.6255248781495,-2067.303062623171,87.75273916653371,307.9001272823254
1227.4941257838502,-1325.6458803246464,134.65391039131384,300.16438889583935
1087.1659880377822,-2354.8937267789843,144.39083623432492,332.0346549687055
2317.0210591532623,-1640.347509637006,161.8188176603761,317.07854408751155
1729.4740147393413,-1720.0121245076098,184.2034335339252,327.51269935494975
1435.3865566216464,-2211.3868945027784,217.4282391723242,314.05251851377596
2190.1873274010763,-2099.887798408657,116.56804992423429,320.6652012999127
1182.694360785791,-1500.6134781966828,186.70881761410388,299.2332703621358
1127.8113166287308,-1585.4467961226248,77.15554835816918,332.0659866794922
2313.2026509753746,-2065.6777556151437,31.35181822674121,330.1193824127663
1923.7055418196392,-2063.5076696854703,167.94007167937548,328.7419790709872
2301.5222906704257,-2701.639490174236,59.66118255424087,325.25066086564397
2345.5552835149874,-1363.7411898302707,208.70843514363006,304.2656807779555
1245.940313986209,-1102.6434088598517,159.55183304675114,315.7836498432627
2968.450702316757,-2366.5974591974086,140.37341395503867,314.10555999413367
1917.6304970285662,-2771.2603123531417,176.730882298351,299.29237883606663
1709.1527076924797,-1808.4342868998194,16.121805541113165,329.4912879304841
2517.2881140479712,-2544.3890450457534,141.23824203904266,336.0955988723939
2738.666150158436,-2447.575847646276,62.42861583046343,333.03336300988985
1224.1177547029397,-2079.2433742235744,227.24510953111246,297.7394081847946
1476.8952517619828,-1314.3444923296931,188.52487448479516,332.0694936227203
2803.4684082036856,-2277.477597410733,10.60921524212565,334.8385199079436
2562.672506047432,-1541.8508101734637,133.27480325523325,316.14924793277805
1105.7056558677923,-2510.4085769912967,95.12131598853941,330.71939039081155
1109.821678168944,-1082.5058784048022,130.69171746756587,310.0193332834964
1979.1016678433693,-2783.961033113783,240.32151556481887,319.1863996669871
1737.5493007697064,-1964.85495012243,143.95729973561956,304.0610876713201
2661.281085230547,-2779.0777716376438,41.20191128204862,330.0218125249162
1067.5983246349306,-1537.2708571832668,-1.8045084328254806,338.2884592557896
1786.261986155197,-1294.1551910976211,37.95245472578659,323.3511440492414
1261.2347141883392,-2289.810753252862,251.10593792040328,339.3807568335458
2792.8964175151928,-2755.612552602145,251.78094954921283,319.6749723636619
2914.5286950887576,-2949.6882149665857,126.46820696608484,325.13306316349866
2087.2801242942824,-1071.8719502893055,220.52073099748884,322.69108288864425
2531.523255072322,-2315.119112919536,22.50933691547604,308.21801289173686
2342.091595741942,-2414.947066021999,15.442137427288777,308.73514118975123
2157.6635301662654,-2359.95370200651,6.010761200105669,331.8472692718964
2881.8549551006968,-2666.2295265626844,31.99997560242587,298.5628602218988
2273.2317668591377,-2272.7515768523203,33.93444540595622,331.5017603439978
2112.82625878569,-1410.9283172309324,174.78801925212548,316.43040148332557
1696.348602686758,-1997.9380900705105,55.97887293160552,337.8363813141497
2920.1457259124845,-1184.4798380606253,111.45146890895083,315.31832776922664
1054.9130313643755,-2202.401460332944,246.52229674836474,310.76071667337976
2554.362650459242,-2853.5538336974732,252.02268025012972,332.36543326528613
2239.8579008707397,-2307.9204349533184,207.9963094655665,310.8388231939239
1249.8572337245253,-2880.427651657248,252.72219605132523,328.18041838622577
2286.702545786079,-2620.175615457897,121.80223558897094,300.2125626891511
2624.741465694085,-1633.727585745917,165.8301845132866,337.76500145056565
2810.992309577941,-2630.156945145085,136.71308220844267,311.3190804131395
1578.449520920288,-2119.304509313868,19.40596029945865,338.4859214680548
1930.834898376266,-2908.2059750906697,145.1697223426933,303.28250421904886
2921.236825732434,-1700.6706442695836,4.964408738867455,336.00126928432246
2500.7515201103133,-2681.436211229516,161.8379440248163,327.52373039003754
1334.480895722551,-2288.83065757887,191.1289448410833,310.1295793772701
2610.9188757323764,-2169.3712992882383,235.72543794773898,313.0191868183008
1667.1959115836357,-2864.3509902770656,126.45920521720251,299.34494265483823
1573.0426826843454,-1325.3034807449023,244.09134723041626,332.09492276608205
2196.1646689762847,-2155.0467024707777,250.17600210595606,316.77896667128056
2372.653376726278,-2120.190269613304,15.991202134705699,330.80993125547707
2547.070090158174,-1092.7653632674499,153.30828426691326,320.26879478113904
1231.9579752378145,-1036.9804062050323,46.91288669639249,329.98074255202346
1740.8838340984696,-1964.3418834613603,78.19736915909063,308.02493475889474
2270.383359815526,-2021.7716329722807,33.00610525664797,304.1384138267927
1000.0651507335388,-2735.907465200052,108.22100846152739,330.6222460245242
1141.9879355594553,-2434.410386973081,17.62216493441649,333.39151003337736
2519.0871125225376,-2999.9542701137984,34.465438541508064,314.0950583134614
1239.9776880591317,-2892.4644943904395,93.60260630819322,327.0043564474671
2213.8197287393436,-1882.9737369504146,210.1132380924362,296.25319841861335
2209.534394328312,-1075.6794938314974,-10.62995501738949,296.8044994047699
2145.30947831904,-2893.720860824234,201.0416351696335,328.6491189377564
2287.95992439021,-1876.983980956509,188.86267660487127,299.8167519990335
1623.2341470613446,-1700.492926568845,87.06701731464409,306.10980037497325
1618.6967111708113,-1050.759866608478,140.94234130110505,302.50514552900074
1305.5133600774323,-1774.6514959075,41.08030916013252,325.7334881203855
2050.4819838421968,-2570.2190429538127,83.84885533194593,335.5805173190946
1312.2314409613468,-2513.516245451305,-8.115076965878396,316.69660605766256
2859.698662084394,-2892.9882715564045,130.2776760445675,332.74448569451357
2788.433810019251,-2851.9508136955474,244.73344544776592,316.9962276557196
1402.1123454985054,-1158.9779295557603,151.06322391475808,302.0863689522963
1020.4095574055796,-2404.913410153536,-13.178277848218448,318.5225089121027
2477.9725454246254,-2815.6396244781654,199.8799766861282,324.0061921968161
2976.9939797994966,-1815.4339485757632,210.74760754610577,300.76778885553625
2239.6723999332353,-2998.569653562428,158.62121451828475,335.36595953470567
1735.2163246208997,-1025.7722147008615,-1.8489783353663416,320.09271210995445
2640.3715401072413,-1129.2722249917701,104.30985444081446,305.5655997924039
2305.705027079096,-2974.298855752655,52.98514983706454,297.08183283056036
1554.6547606456347,-2341.9551455817855,14.266750145131034,321.3678214454333
2121.608155017635,-1245.564533324932,162.47163467994213,331.1547087899187
1659.0415708999376,-2034.1458156230437,28.98584433489156,324.5402464623467
1242.004961765581,-1283.914341458666,239.78799530425027,339.57424738487373
2446.835263878177,-2901.23254304809,39.16312385611303,333.12841321711164
1816.643208420785,-1091.3064829324767,154.0867678007299,298.8653011019515
2691.1139612156257,-1663.1370752375492,76.84834845494107,316.2713477221332
2036.7699437881367,-1271.2017458476128,105.37317768174118,301.2962833191924
2369.958539988141,-2149.921335598876,64.43238941899554,299.4903184114149
2033.5284115566888,-2561.4306844538623,190.1454879391357,296.8801174669955
1927.227515953204,-1065.1530160005682,222.75928443738647,330.33726613306976
2825.1174693281355,-1745.8665564718438,241.26954233799694,295.5295795879657
2899.5084901819864,-1316.20081217161,205.80038592412333,333.83801774156825
1377.2102320151744,-1188.6631539220555,29.17237395898146,309.6425670602035
2079.286682246495,-2708.363904317963,127.01238480568858,330.23863662793633
2351.670345042111,-2880.4348763096796,34.94881183678277,333.81687376976544
2402.0051259416064,-1542.1999843122826,240.64215505898417,300.00712364599224
1115.6652014957895,-1450.7651784025395,150.2344694536393,311.3232609230706
1296.8792948856926,-1128.8661135307366,147.62196360579605,339.0149394858429
1563.095835791723,-1099.063718205518,244.25182893155306,328.3536364348982
2880.444109533868,-1619.81771901991,225.9168287331716,297.88174936387543
2399.17472058241,-2498.0398294311676,239.97065178631317,333.5098764287634
2375.252162727397,-1099.7971185747767,6.751002779108507,321.7435819900704
2556.0485304031654,-1504.3369267734959,128.7725785219929,319.5833629402563
1367.1560627287226,-1148.1698655189605,172.34754174376545,297.63363306232134
1408.5977464351738,-1354.7967606487832,233.13046670612226,295.9751683845542
1739.3379723298876,-2973.397422244589,29.256282446325898,305.18278677685805
1249.0131984094187,-2429.445745016629,13.346049414846291,337.75151950919775
2238.6308512182577,-1072.6735197605349,193.4624884148272,319.0391105173686
2123.0251898356637,-2532.18269900867,27.002999027453548,308.54118280356215
1445.3230725476965,-1047.5210093787741,22.27232030238418,331.91631339645306
1888.9092510754347,-1362.3349151254326,201.12145506387753,309.8491343999969
1509.3445175969675,-2309.0846717495033,63.41537930493742,316.22883409112256
2675.9647202204624,-1312.6680587724982,173.52078552028217,298.20493940358676
1334.6696340086326,-1822.7695813415553,24.27995798045297,311.07940144180293
2892.520898864891,-2164.914445264375,-13.759466654127243,300.3667391379911
1546.8202274578366,-1892.9896644635069,-12.514123905127647,316.5689828393105
2172.463527188127,-1823.0510791231175,225.3998171828962,306.5955149638331
1708.9378853748256,-2558.4971408889046,150.94491686407,322.16057460644004
1293.1144271026797,-2434.050994509199,96.44207955832482,328.3154466723022
1433.8184539072772,-2649.139412790797,32.21265734586668,329.2310076158765
2551.1932916898722,-1535.6145380096514,199.30093479821878,323.44416179365027
1820.118894618071,-1569.5192876923263,176.750119519655,319.2444216581399
1913.1540067887195,-2891.729093961202,125.00395124370237,306.16775410547626
2467.215500759876,-1474.3136074586982,245.44133384824067,328.6028507718712
2810.977509710605,-1645.1959405136947,196.79257525046012,322.2793325180483
1756.2033503984576,-1692.9345495723408,238.4955331868845,325.7436179714458
2075.7741475874773,-2328.333330494689,190.9906231776443,329.7537599573594
1098.4190063056913,-1618.8358000842857,209.34869482060122,301.9722165119118
2740.9115531604252,-1452.172606297438,74.91750554065798,295.253967106372
2085.539191531926,-2329.066579257659,69.13469295615211,295.937501762409
2728.271158425722,-1775.9419785005311,91.84424668285592,326.28024138839316
1929.3839343674222,-2481.6924793617986,108.68057062630656,315.27497988239566
2285.0908826443983,-1205.609311554138,167.41139238279862,338.8147741528871
2976.1924142565617,-1287.6263152327645,229.17998549744829,304.52928881436554
2863.9300609674665,-1269.4022550182935,140.5139299146657,301.1841151012057
2436.327691930149,-2903.8743028869108,209.65084983402184,303.8714407086469
1082.7360663448308,-2782.1325704928577,169.72388815535257,301.27376981386357
2646.291787237731,-2621.9912703328987,180.47097049653001,325.71552515362356
1498.626576172243,-2295.052135225913,13.80589280510846,297.78913470810045
2956.677868079577,-1026.6387288741967,69.1791810233303,319.3149816296198
2950.314545178791,-1857.9884231638885,117.13004619794404,336.31927228417084
1712.983819650527,-1717.181800899145,243.37271711839622,338.7102969076979
1504.4140573283457,-2162.229134055129,163.67107092315717,324.2618324204022
2528.631194664741,-2174.219922914526,37.53403951688806,307.3622564125327
2516.0425432199063,-2758.7015375411,239.21986484993676,304.2684105706036
2039.083797341043,-1470.1302678329114,23.01722973703088,296.43582462594713
1604.5020450179632,-1241.0331030853122,181.27618724297133,330.19886237244896
2179.8042234264976,-1267.309360208784,60.40141363417462,329.21729018584097
2201.049178119917,-2121.167630171659,255.02492574688517,330.91553978763073
1256.1016689381613,-1558.3535010395217,36.02219830720567,323.3804233360995
2922.487529066204,-2222.8673944011666,69.07284038330215,317.84669952256536
2440.283889682164,-1819.4311840432454,-2.9097079033628077,303.12690675822563
1685.0195467586973,-2182.4728241378016,226.60676752162698,333.67417974486955
1038.672743816851,-1598.7593247246405,250.01369712109556,318.8836700271005
2439.2595335742926,-2423.9616737725723,258.26719862624674,328.50877990925585
1852.5735585059922,-2100.13439854644,219.82187135071706,338.2644125611245
1920.9603301536686,-1869.7415705547396,209.9201162397275,339.4888488931185
1374.6974983800312,-1150.3251952449928,190.68977897097608,298.93158079327895
1767.6930772469177,-1822.3921352928398,196.4863811885592,333.6626164018597
1323.6591910324141,-2957.2955919342935,29.826784584129392,326.84557379502957
2182.1165774738542,-2783.0253985406175,108.35792505431934,305.9681139317551
1638.3791510893057,-1388.8248180351932,187.154743387072,297.79872619134085
1425.652882230003,-2257.0325350872336,121.75176872567411,326.3776228143283
2385.4906292161977,-2160.693395708774,-10.164349636714576,339.0095625773637
1365.0410718718858,-2139.839782543376,142.4455975445125,333.0124557351166
1753.5170406259672,-2347.7448425766743,-11.775061625182573,314.01362956510957
2127.3057587742624,-2752.375793968112,138.73676067503112,337.9403171316992
2830.25036849145,-2462.370444128483,11.346496421930556,339.5269075437464
2048.4152245014875,-1713.0082275013253,18.177441311864072,299.96672532184823
2314.7446165336078,-2382.882343000284,194.5127675777741,300.8999122158126
1944.952683476759,-1567.188094610007,55.35127787892095,335.7749676066044
1238.8864747233386,-2442.4601309071495,90.02606273768956,318.9732791771067
1686.270988551184,-1720.597290495734,156.93361827380235,311.549327439328
1163.0508164156993,-2570.4717467624623,228.56563918938105,295.9131462537133
2597.2985306513,-1517.957199401686,222.73154901002164,325.0259759243663
2061.9874890679957,-1633.9147187699393,-12.451789247882056,322.0635532688472
2607.107349410316,-2349.502627303424,148.48569803342235,339.2923297018733
2740.5359009851163,-1683.2928858517048,114.4290365023628,325.4121159645066
1150.3797462325888,-1554.8421091238195,108.76986597343758,317.2934348814064
1783.3628808406188,-2369.3359890451766,30.408442660261805,299.5959559785915
2591.5407180396987,-1129.3530950242111,159.7095951885859,326.58028055520134
1750.68208670798,-2251.905358786637,193.54193981125033,327.33466834722685
2647.3061726665373,-1835.9989558299749,214.0136394544576,311.74215489843084
1154.0714602017238,-1790.079072235461,42.18687283282868,329.5194967202797
1878.1070455474996,-2160.245579401062,49.73507507901384,298.85339582448285
2548.8767614388007,-2134.431290744386,72.30203695297989,320.297275890625
2595.0154544663183,-1499.8797477656967,121.95360533109275,313.69848840214775
2493.2185978728608,-1912.5518253481014,85.3637448753087,322.67030879875267
2143.001543869271,-2107.9522112730515,60.20799459602168,307.1778936244726
2814.6847363988127,-2705.3581832449836,13.835695802603684,309.57791298750914
1938.049818810105,-1484.1922102732303,170.63858712563496,315.5119185068091
1589.4917257832662,-1512.6418311812324,104.87772522190154,327.2669772658289
2022.3623918441547,-2600.767884044108,79.34416372026419,330.85382167509385
2134.930039750602,-1550.9956537132934,216.20116550746917,321.48915524372035
2950.9832669084726,-1468.8843189291426,70.95679975531847,325.64676089617944
2276.3754729016955,-1538.5783718427365,258.9754411783835,318.3421547406387
1298.6319657017214,-2310.671423706044,104.76436378310328,318.0880322473787
2643.2222247965756,-1460.047596365236,55.259901731786584,334.73198010061
1374.0974654601134,-2569.2755499752566,83.47015171838575,325.44565362350585
2007.5159722220533,-2929.720953907962,201.9000853858073,295.7997138073822
1899.6581816781631,-2704.3546153112115,238.9419743582915,315.7520788595766
1267.017898244505,-2560.8443668453324,229.35732748647305,299.13346114938474
2682.4948801142955,-2751.478012795485,165.13811081286616,310.3823209657269
1142.760902157657,-2037.988422272099,154.04527826826993,326.5309649617864
2083.278191987757,-2035.24542919765,77.43056589574383,312.93534452791175
2676.1680856058974,-2175.404007258213,60.63636529254049,317.67944909836103
2786.6498234397495,-2804.5913449115737,8.714946832428794,295.2101408414762
2939.64413312167,-1672.1692063114574,124.96844119845025,324.2733008328073
1049.9267616061402,-2349.302307789273,169.6060855220966,302.4334376973599
2852.0287858641286,-2190.354196390402,30.85180225546039,314.03779410574015
2987.56320722681,-1618.0326946940183,76.17930461234488,296.44643211201793
1355.195751647787,-2977.155387831122,81.92397510722957,297.78203772950945
1064.4282535064933,-2861.0493172435276,249.01299094951372,296.3803635872722
1980.750283975397,-2965.682553646833,119.29604788535866,330.29016626657847
2970.4061222058267,-1957.6449208357337,50.45470629391163,338.74377768664806
2681.637509693308,-1866.4116756662213,153.05590892246832,299.5629912943406
1740.5599609643727,-2990.5436857224613,187.71633349542108,313.2493642109462
1352.8640076735842,-2727.9684277191345,121.16234516008706,302.58810824488046
1342.577665700347,-1912.5046222969868,0.766529201004559,330.48193356795974
1398.641671385834,-1299.3607066095506,233.68509568613186,317.24394086341766
2217.3900155214524,-1051.6277565173718,164.51215764659815,333.46508976687517
1702.1901245164377,-1740.0792621959315,141.4551808545451,295.2083089051301
2010.945368276388,-2988.4886373859504,218.17031623601534,323.9936448264315
2757.1072265575235,-1812.2890770196432,23.653730190348966,337.7253889660387
2785.144759081749,-2021.2141900321958,5.9241415258990635,301.78911801217197
1584.526925764168,-2952.816253667448,12.202583761172214,306.1836704565884
1475.6375051152627,-2431.607526240057,89.2152487003085,320.3015806222551
2055.46762386343,-1549.849776936452,37.644100917775106,312.23220901982904
1300.98907448932,-1804.745073194336,109.80285053926816,324.9468567054584
1342.947842023213,-2323.451107850272,150.89598427171168,304.4621572310663
2396.9816269607736,-1488.9884815347052,147.6197285063584,335.3524152630428
1961.3670806093082,-1855.4767585483394,213.1599034396639,324.1754307051367
2523.5402589299465,-2885.6495607689862,214.61138131556072,339.94966629381094
2154.4884356984676,-2535.1791246765742,44.19580958679016,331.2356576528468
2965.301533633401,-2324.145681974181,91.98427712601804,322.82552451084484
2798.1235722790316,-2773.9100466459954,66.81096140447225,307.757780632165
1710.3623447179393,-1427.8766596218657,38.29677649562373,319.9911312261837
2742.608444032847,-1447.6054915751818,113.03752386830337,336.9527444360854
1164.6465777152944,-2539.160662168885,209.31025601131387,324.3885393761523
1483.7361066668775,-1583.2719038650112,40.040083729368874,305.62249798394765
1478.1546169585617,-1584.5814097772306,140.56030581358456,311.30360845234173
1279.12653814258,-2825.0042881326344,39.691893741829624,310.30226711425615
2717.950490225171,-1639.2737738314552,180.27231122174132,317.3506528086803
2707.0828491009006,-1094.194292281203,188.76612845456916,299.4315122067824
2174.220745869354,-2990.0363978762493,109.45979897354178,308.26856504287355
1935.2045290094652,-1941.174019339751,-12.938759057747246,329.5170820099049
1796.508296954177,-2697.4911177227077,0.23349054862359608,322.4292197244658
2279.2154582642297,-2618.080281210957,141.33003227013188,323.7476619583833
1828.151007265274,-1796.5227374124283,-12.83344156618419,329.3124397658104
1218.1917258980106,-2074.7988433025625,212.62408634546844,301.89657127289524
1260.72182386567,-1159.4817087776544,16.822304668174333,319.92286867110965
2712.0624103286355,-2228.5773795837063,79.82320658187243,326.4060211149706
1423.788045130738,-1650.997534869405,207.73675224929153,332.6955206570605
2684.225985999409,-2155.8679234881733,73.00905226019108,310.4459865709298
1851.430242360308,-1563.3159013002153,126.11134450613574,331.3887823374147
1309.91561980768,-2101.520951086583,27.846044588366453,328.5135181007426
2983.8686381491552,-2524.1073419200834,196.10946231914735,304.24437367404454
1767.0167906208612,-1311.751965815203,203.20953545434057,337.22061542738084
1674.9439941552644,-1425.776495243739,71.69213345762945,296.2973898835617
2739.705721607928,-2382.0135976309502,106.01800843863714,338.2962818381769
1117.671125418087,-1695.7655419995617,219.5791795289906,315.4316015265901
1496.7225453440217,-1100.9533780840954,7.263302781233243,323.9372667693365
2113.067475859849,-2600.311666808157,193.7276602523622,313.5205313729059
2569.1450816139068,-2414.062728468553,97.55902653952094,314.3408670281465
1859.6613386007464,-2626.321419060352,80.33896436839898,309.18762152984056
2143.3046834030893,-2748.2316661163263,200.79022448557066,319.3401589223028
1361.3238888225212,-1507.3238304399517,-10.037291767706602,322.904495785663
2706.2617796409986,-1287.5796650517816,62.618301949875985,311.2120793350879
1388.4670868867533,-1731.5143032700682,148.16046768383939,310.0019933516541
2735.99888693738,-1703.6625838724206,132.39800784986843,330.5720498164633
1942.0605779413352,-1444.1863686523534,-3.7089970200827658,322.6554592406506
1499.297798442524,-1158.757596811436,137.13330104079992,321.9230000594693
1958.839983729386,-1775.0147993389862,227.6666592124684,328.46764580967255
1053.1019754141093,-2488.8555237814367,167.17843930366627,300.85186881304463
2880.515204217796,-2084.1550131645063,56.673870316986324,330.269924569039
2356.606731704185,-2311.6206920166806,48.90306860581937,333.9817544097559
2906.9187701110995,-1864.6755218715355,109.07933761182923,324.49456444931263
1925.745932467335,-1460.3324449260544,154.57391714437722,329.8910503519762
1902.1324032503858,-1835.4189165859339,178.97400596612718,303.0402617130425
2727.148570274725,-1369.9078249756606,-1.1349514684569169,296.71027946239417
2545.2512676856277,-1963.847474649813,231.756398048181,317.92670692697243
1531.9954677694923,-1515.9107733929866,126.26187197900674,314.23106297405315
1594.0775079760906,-2311.159231708553,0.27747502913731026,322.591967094972
2106.4649125085857,-1958.6428497597658,219.68285300432504,308.51369457064703
2920.593802638822,-2247.8114369226437,204.66390924122734,333.4145841282222
1758.8992795986333,-2716.540880914665,153.53221959603866,297.6180712726219
1737.9820605184336,-2901.817949978664,57.34775305144956,322.5170693305659
2663.2154396230458,-2568.9074744265336,243.21518428274146,324.40915598541363
2457.4629646426224,-2874.463140140816,11.50494862352243,307.6130381676619
1556.368512490627,-2684.2275806132275,-4.449021700124613,339.48475186520403
1710.5093481774243,-2688.7764036148646,98.32118558727095,301.33065235250126
1776.8818124331865,-1450.827146332785,230.03451437565414,324.6408780351684
2854.5103343259566,-1467.9628799050734,144.72900078746116,319.2361283482502
2528.779938161546,-2830.7964501924043,107.19055438338002,336.7302322855021
1457.0700079029607,-1909.7945342936177,-9.46294473051156,307.3514198719035
1163.077523262089,-1885.1437130642146,173.7796979669629,331.85762401197553
2005.6068868743228,-1037.9892748066445,180.62810569605048,334.2478273999871
1681.818579028436,-1647.967887555764,162.93363096047807,308.70186533112314
2855.2692601673084,-2840.6094193814765,105.80362591214546,307.5801291365607
2601.580409050628,-1709.6112856961593,-6.636549372256649,295.105330607349
1069.3979180280226,-1786.179134203782,200.33642934544469,325.81539321147795
2283.902972994714,-2038.9048781340916,115.11345004202283,320.48542617083893
1486.4170974840968,-1078.4234477468804,-4.317789677951714,328.36073701444656
2475.275952601541,-1735.9004605222244,41.8940608705025,296.8500406259115
2608.1395697579674,-2770.66372710643,7.164741390378563,296.21366155608837
1613.8863448740622,-1992.9382549913648,-10.769418511653534,323.52646452587754
2188.2838175137977,-1478.5971733851786,217.35726356718817,313.5916323070928
2144.4853756082057,-2287.694450332052,175.85043899018268,316.1418888180524
1069.1053567086558,-1082.9149074500879,119.76634279075245,304.63615494004006
2646.645871634674,-1172.4595186008842,124.35534563933479,312.06429437168197
1059.9487400111109,-1804.4011450081643,199.6607187181043,331.828339894411
2164.3706595170884,-2655.6520827315353,199.825743298396,315.9503748816086
2631.292111961317,-2712.791236173415,131.8598202365163,295.4050136460367
1071.402447591976,-2241.5632038730623,161.51048555749682,296.1874568633083
2735.0118133929946,-2900.463111318067,203.92207402969453,297.7269659763998
2338.4972546298964,-2512.002222844658,39.174737660964844,326.26830211921117
2417.8744702020613,-2938.9086196009057,90.28956100578814,302.87103074824324
1926.4608063054807,-2807.841734210159,57.499979874503396,298.6248708833223
1685.1552751317195,-1757.4794892504215,66.97496787576166,326.67361560094963
2744.4113891155266,-2956.940537319611,184.2024861610692,314.3565238433729
1571.4607913900104,-2921.6300615591763,240.98745112033583,302.0894219737368
2464.3553634458376,-1489.5267044698037,91.97358340981357,306.6587039870094
1131.7401155928758,-2101.5674228674125,108.95008092258857,324.98954881105243
1473.8339936169664,-2133.5306520446384,48.02911860357866,328.09539012311814
2120.4108796532737,-1090.9773606544193,100.30549645191705,321.72234183781353
2810.577844152286,-1431.910433723943,85.37108082163354,299.29961944998706
2234.1354413130794,-2521.2606898489066,131.40352539613477,323.84642779889924
2990.9758350150933,-1098.098135018789,172.58824290025308,322.9175501629813
1170.7180621482946,-2615.8572938237544,44.839049938986975,312.64580376281293
1454.515823245836,-1997.41812084029,131.50321593896874,306.5851104541574
2861.965591230378,-2386.6593313163785,43.54121167779274,302.43550847397313
2553.61419255286,-2944.9705862947894,76.95084097037903,328.2547628011461
2555.5359919492703,-1173.7199177389834,46.564007413770895,333.1400322127817
2686.7293640585995,-1072.6948255235345,-7.897969457718518,339.18385979915746
2023.5198843843805,-2471.3385828509536,18.732298788234118,335.2666739887578
1128.3803429043496,-2264.3410238161905,-0.10269144441430456,333.55507823658655
2523.54742497026,-2067.842907833916,54.91866932745337,316.3062631192978
1011.4653608637805,-2802.8289687056113,178.43980327698785,324.6731641554798
1136.9956986535174,-2818.5918767708004,145.64607334873432,335.4875155920108
2595.6624780743737,-2663.932436984759,233.47726861917127,337.1480548609179
1854.4888740340455,-1838.8942230470564,143.94608052958876,321.9488714003737
1711.127541978784,-2123.132885129407,123.60886794768206,328.5624757627668
1810.525388256543,-1978.0378949848607,166.74931829487375,316.56780749855335
2305.8525894693394,-1575.7751258670717,149.55879778497942,303.923921478685
1752.8701750215064,-2299.2197656403036,63.94901642625143,320.5801926140831
1795.703120296109,-2796.8655171397004,41.21431565627637,295.4857736632153
2535.5204861438165,-1516.6221043976134,70.62343651866652,339.44143425494434
2832.692794685921,-2541.820216970717,150.02754861410742,295.36959768675825
1293.1486695826634,-1834.3622904051479,209.5118828338178,334.7802967272266
2770.64750988176,-1559.6397272390138,24.93062819619154,311.0180068199487
1924.7458172001022,-1489.329176202914,166.4379838960179,328.10528835283424
1618.009932761077,-1401.7947085739195,159.89547359763804,327.683957530649
1327.1686984734984,-2385.2582551692417,-12.624605927626954,307.36369483386204
1382.6937859488582,-1372.3888794755885,38.79724678716209,323.8460262498147
2719.012326412982,-1227.4747989417942,136.58379471039416,321.92944519608596
2803.229341477499,-1886.2806812583467,180.16730467865142,303.02470423602495
2968.7918809103694,-2075.4391136726517,180.18206602101822,297.35600731007776
2013.9502570652662,-2641.972998556963,116.4745125889273,331.2219224918726
2956.148209353012,-2594.746197054701,15.921103595682219,308.3307588281975
2496.6354201232953,-2349.27684155176,136.2346422704069,326.29740274915275
2576.2798600681544,-2720.2383639825402,33.68370367029875,316.9438394483074
1103.6999411879333,-1826.5274554442406,143.2796726219059,310.52960930059766
2313.778002542399,-1379.5944260946023,-0.6681509059220971,303.2548012137702
2516.325765751653,-2694.181218904302,33.821134889557385,317.4084246619052
2474.4020043589453,-1950.5774096089424,108.15668859002842,301.4497777838652
2840.8122607072673,-1762.3311100456765,12.694195032629601,330.9296860618226
1297.660631486103,-2148.64505489842,28.229061252128922,313.2233718781906
1758.3673741335742,-1180.0502221716515,230.8694730530684,313.3674434934035
1573.1435377978764,-1864.5167511024958,-7.3922745537890835,304.5029511708586
1972.919350536441,-2202.835902188061,226.59950199861436,302.800416056154
2494.1776917293,-1408.6259786307642,22.683755850075258,299.9966956517593
1489.5614816339698,-2190.8336108615476,183.5101077323246,303.1323769610669
2028.985439758989,-2850.9269913822486,80.34382957949092,297.92849070991724
1374.4155742172093,-2894.369960166464,47.94426834704355,297.41649956910726
1510.0288044836343,-2617.335832377227,246.095399315701,319.17237394839213
1119.7509074233521,-1667.537907820961,45.22719993168039,324.7211286754306
1515.0510758921105,-2010.0999957648742,121.07222154756013,335.3418023763054
1800.2607019899542,-2031.3779275418783,178.61795284450312,327.7554401161066
1126.5675308166083,-1439.6860536184797,-2.0344651608387867,309.22627841823737
1739.5718471674786,-1871.420759769667,191.08433064115368,298.91865563409635
2520.4808294156282,-1979.2935767011961,14.020265440162074,297.11281316208186
1379.3202805123908,-2341.3505026960484,197.10183314263872,324.9736279351679
1820.2236768782636,-1535.886736457059,240.76174238870135,338.72610439568825
2700.8014324341443,-2761.4043406706546,110.58679811533644,330.0889065337586
1518.4122126301272,-2705.7996078754877,-13.437972324294224,319.83664628407445
1705.6177993073857,-1511.4890956660402,3.1796358198610015,328.4307556066691
1125.947754323051,-2889.3987197997644,101.98284496875533,314.7031966745541
2374.0524477738363,-1072.9010492103823,-5.853016053267202,320.0380163078231
2913.227156200042,-2742.2684840593893,184.28391011118885,338.3002685507514
1636.088747463044,-1891.098413206327,213.85432871310687,320.59086748832334
1940.6921441559898,-2286.63803367356,109.02140949977428,308.7384923395789
1128.1772257061796,-2071.215162693616,17.780076993731456,324.26085497559416
1865.9143179933621,-2171.1950478540275,10.795807531228856,329.86667589481647
1532.8418339174395,-1508.1133698354236,82.89963761015328,309.6479616567458
1343.0336419504988,-1409.133887666385,-12.628071454685212,298.5862129566294
2304.5235223596533,-1099.0270575986901,114.1547352672614,303.57211046138747
1811.0677756621835,-2747.3383097520195,-13.615414868757787,300.5438666642376
2935.7804240174455,-1141.3393441481362,178.6340174470752,331.4543406861958
1781.2593401544127,-1656.3906411225623,244.85606494140836,314.85345623021163
2207.9356049075727,-2578.4828831361033,122.06843479680626,320.919039840305
1184.1767580081478,-2783.7798329674742,111.26491137162029,317.386136713466
2147.3358590779044,-2500.044702559998,45.45546777602177,324.13857998070546
1962.138733130099,-2678.402664836658,259.6263460858493,330.0658385213005
1078.8910517871714,-1908.1625318628476,185.353403439309,331.18180114696406
2059.1798318098436,-2699.0967807247457,204.22591888730534,330.20576105074156
2530.892162193435,-2445.3527718100963,189.78474610415753,327.962053530759
2053.99918761602,-1443.8363405340344,190.08926274391263,310.9485701685286
2932.7527637291164,-1448.2898922759177,218.19988814712764,323.35261823884315
2056.9642714836395,-2889.2780732752576,-10.823089735767013,331.14381464741
1232.3891326308008,-1171.316927349565,258.93715479969813,312.4740651228429
1072.9706237249588,-2238.457462076352,12.252339761376305,311.71089804586376
2955.830076991985,-2647.033811492877,227.0735045496188,332.21966004552166
2073.9149482826624,-2318.559450433312,180.66735739641504,327.30284115054314
2043.2349888426006,-1522.2709252043542,219.05140735298943,335.96892533200304
2873.9026036328514,-1341.4947496164893,101.19223190595793,324.32182810927867
2481.4940680917753,-2812.0831633929597,192.73024340318145,298.73494686331543
2987.858440087827,-2285.182783970432,17.40050668586091,308.3652301585456
2247.8236967029557,-1822.175922836545,131.7611609186962,311.12822239826136
2003.2485473719853,-2827.6590849604954,-11.668680050296143,308.81062645635376
2573.2992572653384,-1485.878445293512,-5.135532427128705,319.90640098474057
2846.6520182930517,-2046.4680306085493,92.7426376047607,322.69129218260866
2813.9566922935624,-2490.276075789502,83.2590179614376,327.88161254382885
2904.9354079344075,-1120.0880981192956,153.9108003086395,304.5961748745629
2279.916362779333,-1913.6811407564285,208.84932397091933,295.9256158951243
2866.1752457686343,-2728.5434653110733,9.241933382114961,304.48276575006525
1511.400358515415,-1392.2784318530835,71.85715408025482,333.95679736316373
2668.6160886769558,-2966.833316997413,57.5112377086685,338.06814263984074
2446.2975229475687,-1951.3089883784357,40.99140584491926,313.2385706227519
1813.2970937211403,-1818.7796812689362,189.63898985475822,308.1405687188683
1667.229381665004,-1633.5323586122431,223.64413552428408,313.4413898846629
2714.806051887322,-2106.4293853953604,92.62270495346955,300.09379269760734
2673.2043050973944,-1041.2393943534194,4.052192965563595,299.61630822493396
1927.9120808309417,-1020.52431145172,90.34494510577544,335.53209541392476
1550.2315837438487,-1256.9506416084193,229.1003510193885,316.64953973083453
1696.1918209442342,-1780.9612791857983,199.5606877256617,332.8245196864696
2945.8536338257036,-2739.9677509466655,7.646353693599757,330.60001711660294
2975.456043537087,-2345.2811237708693,191.1458497388625,306.45968897010164
1189.9463997667726,-1437.9081608942338,130.25782287271053,298.24020935471515
1258.1354610790088,-1188.0703672052684,220.2413831536594,314.71477714777956
2388.702031584994,-2992.140194010163,220.32997724080866,320.94202171716097
1444.6212756695163,-1471.8916941294895,27.63981588975585,331.25006959247713
2306.5306370541534,-1528.857032011906,179.63816559371892,315.7753043609911
1727.4415884004334,-1667.6042951807779,156.47179035847753,324.12785805723564
2248.6548023774794,-1329.6024979569772,187.6305536695643,321.51078669097325
2482.106569512344,-1347.1373199415948,-3.8242186643412097,339.9279118853204
2855.404754146919,-2748.917777778678,253.45568637776444,301.8041704166193
2653.422958428485,-1102.240647509244,154.40785042005524,303.86959503054567
2878.266212078216,-2924.767608278185,240.70037244152772,315.18270840331263
2784.475535457219,-1240.947608335909,48.341578820587394,318.55536776689917
2395.4105777028344,-2972.83462851603,12.726317178446465,312.0071970030348
2736.8538029973715,-2196.811323321031,228.4109147674314,327.35581598252924
1255.3846083996941,-1008.119639540658,-0.5345953679115283,308.3093011577182
1948.087175706829,-2075.4210814959297,-10.422035093410237,329.4640537257691
1709.2683003985585,-1033.7674500926983,189.82427714164294,331.51601511979635
1052.4106688309682,-2884.957087068481,100.72558145009158,318.5020688399642
2325.525343498485,-2466.55458647735,241.19326115888475,307.691562631137
1046.502279177016,-1972.6545649302466,114.67017437499211,332.4628547134128
1519.0822002013037,-1556.7367608709876,97.61120396821255,319.8549205566431
1097.718427978238,-1827.7281086157657,49.13518273925877,297.8933919906409
2946.340005635162,-2705.3794798265535,-6.120580562257347,299.21250851670754
1105.1347673998912,-2901.507655972006,65.78058342339234,327.6764191044269
2778.409173277392,-2658.2214177215965,51.401273925814834,297.87307339620173
2499.063040629203,-2222.621829608327,251.13896211333872,304.350182222073
2605.947838091181,-2338.0248834791073,255.01581919617428,298.45331965482944
2726.0610361775107,-1963.4851365222044,148.0176377388054,333.60376514403265
1709.074104534739,-2041.4635092087697,82.88219699719592,295.9078919454407
2414.197253587423,-1973.274172381653,106.14874461992667,299.943694051595
2203.318222407504,-2390.9232990398186,36.37037249749129,324.12605405423454
2794.9538068903157,-2210.653091528498,117.4091023323547,333.75868615569715
2092.3270136405836,-1619.9680879624973,247.90432128799455,328.75782479512685
2150.241388190966,-2328.0938258025926,73.84086268002545,297.40565867508906
2327.6570582766703,-1138.6097380937424,224.12480104314147,330.4365321396192
1427.75082941514,-2405.6821356973865,42.07636548143573,315.1343388923746
1475.4723554072812,-1564.888294686784,233.36797353861502,325.5714737304031
1550.4127220392588,-1241.7119946919383,39.972590760346804,313.45987881606
1049.1910526568495,-2970.013155065826,171.79039697979192,304.1897639398535
2028.7477746919838,-2374.7487426983453,220.530987633109,305.3010731403255
2250.3788185496874,-2439.2192736438515,85.56949944327826,305.53831171247526
1824.3002543237899,-1818.1466623029169,-9.721711929136044,305.53930936419005
2642.4915834281674,-2239.1960000922263,35.68705205461233,306.7766784054354
2384.411074269714,-2965.628399867705,129.63072402477692,322.83194859470973
2138.463712409989,-2388.5476544360017,-4.57125277655758,336.45823522267636
2516.7073147914543,-1519.8995818119047,180.15344476416453,310.95071573864925
1492.4741441635172,-2486.052044076008,-7.237757474064138,312.2663505262018
1512.3649592989013,-2658.731842971739,55.350103008779755,314.1208171348703
2516.8123540269507,-1925.9865127988505,79.54013646583527,339.42023528117204
2634.264566053723,-2977.1815513581028,220.5872462788431,333.0859153463393
2290.0998401915926,-2834.699783599126,229.2129615883366,297.612208215532
2006.42262040811,-1639.604245454603,72.59728563455872,333.93403919215154
2340.4722763142386,-2067.525870004708,113.5451589436187,335.6029024165919
2435.8373687578833,-1346.4399299855152,106.40845211160564,315.75069108222374
1157.9258291199826,-2154.1232646994317,97.44027984243692,331.90704940678836
2079.885540194561,-2289.136098277081,71.86554192734147,310.7370291993305
2999.9376004652886,-2058.129357500961,151.60425802776595,296.17999538443723
1890.8556311781185,-2981.897496281452,259.83051748419484,308.02282504582263
2553.069473471349,-2394.3569305321334,96.76728952979907,310.8697029462712
2164.203584864551,-1803.1718621655489,159.47309667471123,311.2091364061224
2753.6090418573244,-2235.6105043567945,255.84799412441652,327.8339882393854
2088.8444974766244,-2503.6955720951623,49.94069065774673,323.25025112756134
1366.6194783985866,-2936.726999716816,243.64347438532303,325.6860653933073
1324.1716045416897,-1695.5302524435406,0.6285320736860598,332.5634163749863
1107.4104616773782,-2803.7447209699876,86.30593192152696,324.6731552689651
2921.5336258828393,-1909.0674575287965,62.43416967434206,315.946074445498
1574.1587822206839,-1075.8498371344374,30.55184311663985,308.1510236103913
2345.0851121305777,-1868.4113711889906,111.74696160783935,330.6014155484122
1145.387987716043,-2195.0617777210246,208.40308174998174,311.4665586767453
2461.1020507419416,-1174.8136199077603,117.88149349979821,320.61631870705514
1394.9236628503006,-2201.680420122554,19.596103760895645,307.8745223533959
1332.8537242056643,-1714.531856098559,203.7940915579165,339.09755870924613
1142.0605129365072,-1579.0845972763052,25.6611133587164,301.07812967528656
1977.4655227917779,-1406.2943377300471,191.40753808308267,295.9134808761757
1558.2276752837554,-2047.37754109436,251.3923562766587,325.79535964232764
2985.072567647979,-2351.8384407336816,156.4907354459713,295.8387484801277
2215.243658865924,-1808.1233731811133,68.23351407760076,310.3747550066576
1717.1103789301587,-2261.17959344047,56.51840263354039,299.9959702930509
1392.974267260912,-1566.354120066876,96.10920690783492,297.3772840170129
1024.8775811824005,-1097.817886425169,204.0528330495505,326.30273036989814
2617.1615992732304,-1485.506010822837,183.462688233227,306.4674006614956
1645.6465417638456,-2608.042026794104,247.3719783800795,306.5080215749216
2317.979132821499,-2434.359768656694,63.646785168118626,333.98029850062284
2949.2968324176663,-1276.2832721393518,22.770513527294604,319.57468771209653
2176.7110755846725,-1411.3518564918052,126.98727929224876,314.76438444044237
2366.2498084620165,-2484.2863166470306,251.75999196458406,297.32682369764325
2553.1202107875133,-1344.7312682052086,182.66132230663968,316.5992302017255
1335.2985452958014,-1425.218633390145,50.313879548034706,323.2698053617734
1668.0816380684196,-2744.001679154708,146.53114739584214,306.9423720048789
2595.085623945142,-1889.532680375039,106.35623590893614,330.26204728339445
1385.7386791922002,-1407.8550227288856,81.78008558102805,311.10003909218284
2572.812203273269,-1599.5599295205436,230.63918293522002,297.4304120435658
2143.752797151278,-1387.2651281809847,194.8974560766639,322.92587640509606
1194.2591123890622,-1165.6552514189223,2.923721494354794,333.3659446444774
2536.2930868483145,-2638.5566439973486,118.09998876311829,332.572853756295
1506.3909549649272,-2560.6773960980872,160.93021246910595,316.9042353390168
2375.233709562397,-2889.198975539418,85.21667063114177,339.4618219645541
2311.0973016158473,-2368.1862082432895,55.40291483379147,330.02924781010995
1265.7217924948168,-1604.1423293641708,155.86032523193757,300.447711490876
2214.680607296496,-1545.7979500492463,125.87811361256226,319.4250235087286
1504.4833427385227,-2144.2653354591703,193.40481351088135,338.4148690647444
1842.6435263137469,-1779.092531111138,150.9367353250299,308.82156714515656
2423.410165233866,-1710.588456815285,56.05916673502084,323.29300935995457
1263.2964373996706,-1280.462712445574,191.72350092628037,330.00146009443307
2711.8488765490843,-2329.532586165459,53.17213971128564,319.5031029039004
2992.768450379127,-2268.116131329987,100.70436345689316,335.017144134646
1241.1815003008749,-2446.855062370744,143.47906344695932,330.1800226672515
1500.548735241916,-1510.6894693230918,141.3140445212271,319.7776301286906
2051.630656067897,-1971.5671590058225,26.10862724143181,307.00252655302785
1266.229467400877,-1433.659148384727,131.48119859251105,329.7699179858105
1969.8444613869347,-1914.0434829054468,117.99461289645907,300.3228115005266
1051.776561115432,-1697.1931937357663,149.12410345486074,320.4966270095016
1116.6189861719597,-1598.0507301997397,-6.6135260403669545,335.3602690332013
1797.5510988981007,-1772.1111404911258,187.6187297829514,302.5826538289405
1285.060485931554,-2139.609293913775,237.01624744188115,333.8328650338796
2653.974949053419,-2354.018999484545,250.10497287405332,326.2937271251818
1792.8176913907796,-2564.8598379877344,-1.3558586242602644,323.0625117191601
2996.8371172516154,-2262.9409832563038,1.6698848125129473,323.64170608766955
1033.9298546681498,-2854.6561536599015,150.87022059543702,338.5884294758675
2685.5470419167264,-2452.574564170469,83.23792384559431,339.21615605666074
1469.945817834173,-1496.2991213640814,31.15965857231088,298.1995751554317
1256.7494402827892,-1587.627163419855,152.10193828463645,330.97008047686415
1499.319088558246,-2974.2001429369266,135.12665161201534,335.13941795246706
2412.6385401023326,-1126.3252092842033,61.683154951204116,317.36856882369045
1919.895419705697,-1703.2047732968763,106.10685105556168,301.13743041286006
2609.465751705633,-1161.5348187983511,192.8090701648808,303.52957996037486
2339.7641341604867,-2514.9978205774523,241.667043284212,319.5997941709433
2618.9962632985344,-1509.3563041640314,238.4161144987898,297.48714811725245
2674.3739877349212,-2223.8261959806764,229.96320109854727,337.6341191525948
1566.1384745329128,-1580.7296907815787,112.03517289545366,312.6265888607909
1445.2264454054778,-2150.864498527298,22.298297621050416,303.0668398096855
2556.631764386639,-1007.9247065610136,130.51882934235365,302.5359135070698
2229.164194392767,-1081.6887118710908,177.44699437864043,297.15683045559416
1277.6426422361114,-2395.466153245223,45.09713224303718,326.1490086415715
1932.1006685050784,-1525.2426283081925,250.3879210096352,336.72268512009646
2009.8401296299191,-2478.4851894141434,129.32274295967963,330.13085184265464
1867.8851099656308,-2463.41086592206,96.69918241823221,331.6704783303247
1608.8694900411447,-1839.6834812564853,255.72167563525022,308.4489955749457
2331.043680203969,-2494.0998068226113,57.802537823897666,326.4972448749464
2819.5206293885026,-2516.814285195666,230.16851238730038,317.83755125274604
1249.0403585183449,-1067.7659096476616,77.77833190060018,301.70552549954965
2170.090469062769,-2173.3233783681617,158.53161249096408,336.55475722570395
2564.099040678263,-1167.641113873732,54.2528340001966,311.0842909934239
1725.5117921992635,-1386.3412870789944,239.68569747188243,298.95820399955363
1949.6871500038487,-1711.5771996120989,123.78258921814208,310.1663110380664
2266.7244260216585,-1968.99147311045,175.2466897271769,324.32768110837696
2323.8877513199895,-2804.7266916649633,145.42935281716495,302.8492321810227
1405.8204472138584,-2161.754650025555,101.30958397782885,328.1179716030239
1181.6362917107576,-2891.8067692602885,98.6696481725817,295.43257946528246
2407.1300377859857,-1769.5008984190256,195.39377445898762,322.11883712903455
1850.0298887957183,-2282.192671618284,-9.58962405504235,327.13330910982415
2499.7562748661667,-1009.5598355013224,161.42528279911178,303.24252143121976
1530.5690041840562,-2736.837223895719,46.06908905377007,331.41857057573634
2875.6455121629624,-2663.0499684766455,168.90086389020266,335.38853516219285
1153.8455587578194,-1256.7482541065963,186.15912225064028,321.78127622575175
1192.1007729202688,-1392.5765441069918,41.576107562102294,304.6122025438496
1840.5695929431222,-1990.8208996760254,164.49629980476408,329.62928573095644
2777.052499546923,-2759.9110040602445,76.95115390687744,299.9119995976611
1650.1712834802756,-2350.521053409934,44.69959857466257,322.8875846895412
2288.2052709795216,-2586.1947043614678,194.90143939097015,309.6889713967715
2284.467326202882,-2622.5678083561934,154.90347534297018,324.57811650753814
1291.8443744896135,-2994.370950027586,187.7394647840492,329.88852154553905
1821.2980632500298,-1505.760087622213,-7.429898001454324,325.6447165300581
2137.126939484338,-1844.5262185580027,125.86454222730902,329.79542876211434
2367.729859656527,-1487.3508180689053,129.46988227357616,327.7135441694474
1519.5509423385024,-1776.6723760416753,38.337091314201295,334.24173385461955
1575.1032616163939,-2788.3167658457965,72.86269227365221,312.26404944515053
2941.959883803913,-2716.860190433107,69.3580868216599,328.94887165739993
1917.4419258950675,-1304.9270319815216,49.58869931813638,324.7066602816691
2566.2554615395493,-1224.5569845751081,196.26310663823526,315.96834332168373
1523.8428950312586,-1956.6577887767664,171.7059354093657,317.3722738100541
2716.7276574731395,-1503.536181603737,0.4150949076698165,303.01612189837374
2765.4210484125247,-2013.862664401312,111.13956190802162,321.3134946355016
1213.9399328807422,-1827.5026247166836,201.42051090707838,319.12067315221503
1615.7824569055906,-2221.064429559692,166.110239548918,306.92976767551824
2742.449007258322,-1287.0928406920332,113.94992250430516,333.6386689249348
1549.9118353195222,-2713.9261268943037,235.07462268632727,328.54893395696246
2920.736709951493,-1905.4410555737454,174.01328671165763,322.4361465542521
2447.796652238827,-2841.209711391936,109.6365984749025,323.8567642378216
1894.9917796131645,-2557.7045729293277,224.91409367197025,332.9903399783946
1493.882044021043,-2819.6044632058797,67.02001588931495,307.72547226184105
2519.924186694937,-2564.7741608519837,144.4175383008465,305.30207973094343
1101.0576340122802,-1330.0022922503854,84.75979844325606,323.92054585364383
1317.8215373529358,-2680.512789845117,229.21911736165654,298.310551901648
2611.2139524098047,-2794.36358949379,-9.677726389229804,328.1282178085495
1531.5251040373616,-1628.8911329008768,124.19362087361503,339.51252014980054
1083.3442520081078,-2217.5221587272767,132.79009472454499,332.3241589211793
1039.785047657232,-1867.5052967502902,245.01032982894287,311.37394179754085
1832.9297633118026,-2005.1086575487518,36.36220699319446,330.90471656865014
2281.626809778319,-2653.5455665615827,84.84020536844604,339.2431720265494
2631.0231553362446,-2269.6136924921702,226.6598362561717,320.3285201245215
2015.166848066594,-1382.5320579261747,112.34104324644053,310.3748357650207
1167.7651154336952,-1891.048253599597,173.26713941771467,334.8500596434634
2285.3521535571613,-1040.010893602237,36.760140121281516,329.43887535077675
1734.3319078965292,-1942.2816077008276,137.20511729767637,307.2601830549338
1232.973788485772,-2092.533785076794,121.04477700134538,318.82629777974984
1064.0068381033113,-2110.141834599831,231.05042507066267,317.8739230738424
1796.5560947479785,-1365.0601222844682,233.96043344377546,326.69517980815124
2305.9242815047037,-2511.50005993397,34.80547640237176,306.2017508101105
2015.135028352881,-1181.174077760827,251.41219099431243,327.44645034102416
2345.6387915282567,-2792.096633311107,225.35044664020506,315.71893729671024
1419.4617797687922,-2199.7326827745383,-0.6069000281979857,325.4751291121532
1080.875552516884,-2244.6223628311513,-13.430205777857187,315.9747412053234
2588.229387105859,-1119.3518288567625,119.13491433353087,314.89065039892677
2644.280150577961,-1600.7500787304286,-6.128798636504346,323.7642545532982
1241.8252553614293,-1601.6529255711052,80.8503282729441,322.7232469914404
2780.241058695069,-1319.534897863143,22.95433902532656,320.43350927058583
2996.1346752594254,-2117.6636869198464,255.22567624379502,314.0440560580154
1978.2003383669307,-2233.274862355971,138.28974514096996,325.02714012279364
2358.4647916536733,-2546.666920563745,-14.684829816788467,335.1456032491269
2050.053936470933,-2654.174669819786,186.40143478650793,296.76423971146795
2446.4767874832105,-2695.412803203386,123.5758458955028,324.4763233385185
2735.727361359843,-2014.0125762449557,109.7337628391864,319.30306201153763
2257.8818203051082,-2511.9718922750267,229.1618808156095,320.2252894592375
2048.8849958096907,-1772.9030096969004,127.15780879208302,311.6002992791673
1246.950212729274,-1362.0007354243714,222.02710972289103,339.8328909828275
2298.184571077989,-1661.3896878801406,100.8206613208511,328.7601967016499
1321.8029253072725,-1187.8037425681493,32.68588787732551,312.9715725698466
2727.864547784621,-2584.461885400464,173.25844781788106,325.9777164726107
2784.40547488017,-2236.9424236462396,170.43738052781924,301.7474864162517
2080.0098202421286,-2132.887692999483,173.11113854036662,319.5575847864653
1463.447882232892,-1948.047975471318,95.869615248251,300.2267997784924
1697.4998185540799,-2970.386278968168,186.11544854885398,311.32994506111373
2470.776381586613,-1244.6967156481412,87.06976644891789,307.97282192550244
1425.9373770066106,-1914.4904773319754,171.94886928711097,329.0825663485902
2697.3640270836763,-2439.1914788993754,-2.702272556193833,331.7368620560263
1180.4337352585042,-2692.2501108044316,35.661588980570436,335.71678309158517
1876.4281391793302,-2951.790944271978,227.47326106280715,309.53824862942463
1412.5104859890591,-1688.4228969225248,91.63317670121747,299.7858628721421
2247.8768466483634,-1474.6733099244202,214.7623603830984,322.0979575864977
2337.5638615622765,-1028.156315100739,115.36184596191197,327.73916802189825
1585.3138094212113,-2275.3207043215307,50.3564583351756,308.1475738793507
1196.492096448164,-2547.0010557521987,178.66051971326004,305.6033629392648
2104.124169074341,-1057.8529518139237,37.34469056368011,334.00653245146134
2023.1536951836088,-2321.4189859638927,199.46071412099155,331.5071143075087
2066.7807749127896,-2602.5281411604874,148.88866078076524,302.45497275318326
1301.759437321573,-1472.736581897836,98.49192269042368,297.32723412958416
2024.8013281906929,-1585.5963535714216,99.32745541207807,326.25020470835034
1081.4952642163269,-2807.162687658689,7.027644850849107,311.29281351860976
1608.2396240136773,-1781.488783446942,33.01832799725438,328.75575531650793
1223.8538392120097,-2108.0956623106404,146.10218155767535,325.2020643173408
1480.2125831000926,-1027.9655079273036,46.83396295520921,325.4825348911225
2531.3195552771795,-1138.1908525101999,192.87084472020612,326.5182489556636
2713.2542252142484,-2427.990771494554,209.78656046670434,338.0834784777385
2502.8817272015212,-1115.6305915973576,195.51405755510595,335.25441854670174
2284.6789595780388,-2381.987705650582,0.7065981000270085,306.221331778091
2847.0607832970477,-2929.4185535779893,132.00271362397942,312.6689978266947
2622.458405626905,-1958.4245398198016,54.33233041963524,320.9788329893839
1186.5446951380802,-1122.748621812667,17.12345398858986,327.296248469357
1010.2460373888975,-1129.0306705000003,53.51015492074811,319.79962878167856
2685.6469746525845,-1008.4104065461452,241.67098235756606,318.8783463107357
1714.2307859133236,-1863.2517606580082,258.02767206446066,299.3872034747192
2222.790952145811,-1333.3842931735676,82.27997204228733,327.2138728292839
1001.1137878740217,-1668.3086702167625,132.23275902793625,337.420620607497
1263.146517538368,-1953.0128662509485,202.0573196627633,323.63018822722586
1723.3352922919205,-1803.1326571923296,135.82432681329277,308.48999617741697
1440.5109049111347,-1723.3194194423506,128.39098662389955,302.32454229155746
2748.5751514649055,-2877.4262792371005,4.587907854008847,308.64146938248217
2362.7062885363803,-1483.502752411028,21.26981144099223,309.9213965711954
1191.617872284935,-2546.6148355218093,70.52625372619558,296.28377434525913
1128.5789362188932,-1067.8699818563373,8.704917870098882,334.8970827070408
1388.5914033492463,-1850.7846320483104,139.45903326302607,330.510967359649
1848.130874335926,-2427.847323619273,235.8623528536053,295.9266136316801
1256.1944959618484,-1140.2339063311208,151.889370594731,316.7074050455151
1553.512126053059,-2855.9057089917014,29.084572442045776,327.85656078480093
1310.4948864453766,-2017.7639076043984,229.7633047672243,334.6775713360812
1287.4476291514493,-1968.415366869972,213.60447931322136,316.0672232336626
1842.7634256931774,-1916.7424752393629,129.12006521314385,317.7422754584647
2649.36944822485,-1737.018869558803,15.066567238427687,327.610536626369
2847.8865574797373,-1287.3081327425834,152.65797692573324,295.8730830873848
2413.1159634995975,-2200.6186218718353,-5.675746708660512,328.76974528656586
1023.9220631498005,-1656.084374225895,117.72459874262685,332.4906484216858
2904.865132804187,-1698.3529087593517,173.5675277509932,312.432004154425
1888.7382364264697,-2666.085427139869,-4.719635062726486,297.6956199202704
1248.956137829318,-2504.3995963225516,211.01783731221073,307.77552338058774
2477.458079764986,-1614.3938333927128,199.81889405398783,298.4789175026081
1337.0569896324653,-1155.7991652871,240.22112995358984,311.2496352390236
1990.9862555308173,-2751.6736736336247,172.12831826675395,330.9245355087519
1655.6778783778038,-2981.9111429358245,229.43030582188425,310.33416432261936
1336.1645067048785,-2212.8387468436867,196.86861010219428,303.29954609397333
2300.3187771500534,-1042.8548889388614,172.46493196872865,318.8470358344289
1822.6321825808573,-2505.056021211985,89.64668202740638,301.5902068833733
2673.7036996966226,-2012.5887448374006,171.39662531677453,318.48361486442997
2638.6870411332575,-2069.177803829495,61.02871341241753,328.7151910195218
2906.017862501949,-1170.0475173338202,74.12883033022487,299.0564145562493
1745.714836776764,-2503.7477011091137,138.6042757643538,332.14583969269995
2902.031061503555,-1305.2027715591178,229.31017840935573,319.71268387959896
2144.7348435601643,-1143.2279123776923,67.78760261598678,300.9843662820908
2403.073982428089,-1743.3326656092074,106.27028482693215,323.0627859499086
2769.192757472319,-2159.818637027354,193.37974319875482,318.165116862441
1496.3742301896532,-1020.7686150278073,58.35439778134031,306.3241739699666
2213.4830816205276,-2772.4072366528276,-13.656421579648896,331.7882152652799
1844.112063243114,-2657.2655790036542,173.58910366780822,300.9285946166838
1640.7125941349057,-1392.7270352656767,33.10286871996048,298.75660128348994
1676.5416397095137,-2200.538215429499,112.25012047599732,302.612465611577
2717.7252608752524,-1959.4909822880643,184.53934127922298,306.4750276875963
1265.9262452772032,-2163.947841648663,238.84915631929536,318.71170872136304
1564.6478660085256,-2458.160943414365,218.96089319247548,304.2702930600779
1433.466616028568,-2651.0955180279757,171.69923914416813,316.0909952066584
2155.429038518062,-1750.5151679285261,139.55177484924323,313.8374988899629
1317.6472478475323,-2727.617773677085,-4.167524514075206,310.12249967998594
1140.382809850114,-2152.6251666247977,24.48311367799306,318.01221762361007
2009.8988227795946,-1307.818759527034,223.16407630167623,332.4113101567177
2961.07240295874,-2265.01495852698,169.7338729518572,306.3852825068034
2048.402529811223,-1758.2127292809898,177.9622302625022,313.90887976195125
1265.1427209230237,-2924.2261879647153,34.28097631500255,309.786593337266
2628.8841215171487,-2790.267964466394,251.2225376660104,295.25546266057756
2612.7113404485317,-1139.566847671989,200.45689732580507,321.58138784022117
2967.3457921402455,-1852.4537353567187,91.87588821406929,326.75603699736865
1796.5286627216608,-2218.9031951328975,32.91896979795553,336.74764450574423
1658.2402157641823,-2713.0852113654373,12.679614358422356,304.5509541532098
2849.6143808485394,-1404.875797321067,164.72668938136954,295.5657897760083
1009.7686288565988,-1382.1869112485263,73.97046698030005,337.15224487171645
1388.521085370499,-2853.802381069575,23.556144597735695,304.794770054023
2798.3848494609606,-1331.169181912598,-1.1463317029469469,339.6339672620336
1025.4055905841847,-2964.734007655977,174.28232417004165,310.3571123253156
1672.837546618196,-2134.28142213781,74.29767865066923,332.85099725585604
2894.268298883997,-1964.7189266058006,127.1321769811019,339.60568273014053
2119.370702987291,-1218.068950703909,39.12683651290172,313.22121353739533
1505.374425815909,-2826.355869373066,44.97428707471313,332.60776875704994
1533.682722645816,-2755.02270524148,201.8013817418138,298.62076431512816
1212.7291695472761,-2875.245504660209,147.02129098544847,332.88908561806255
1369.4719118220496,-1917.261732143732,50.808799914821336,305.03943487355275
2454.917153642853,-1844.6525281343015,56.53067811155053,325.1642124418675
2604.6401427620704,-1893.1067609327984,208.27466498427464,298.55935789197
1629.4485243856184,-1880.8428919165283,57.3739943458108,324.46943183330427
2742.043615088955,-2887.8984691826818,167.43516761422254,310.3083362701318
2389.919824706323,-2988.4432509273734,-13.727117577164181,310.6686792279042
1916.3304164576123,-2930.2674492185956,77.55391934256741,303.31074419024054
1518.8796311637034,-1741.6375372805585,196.4189857842001,306.6218004010293
1305.610444380678,-2907.958501475897,148.19297181058428,316.81500868887656
2194.500683027781,-1021.7139263395693,-11.202516394139645,309.001693940707
2725.7397267797683,-1872.3331321604032,166.4703827947519,298.78494682749624
1575.4922205234652,-1254.460036779381,85.79242932026165,317.4141707208476
1590.245547165663,-1106.2658367595782,57.45376814536036,315.9885748111665
1022.0167728875174,-2466.731907076018,178.96705375193642,334.20898572011953
1349.715781142729,-2439.7178613085907,65.6396181262677,339.12802897060556
1155.3832827901933,-1670.0394135444747,32.359328993359284,301.3340899636562
2259.0896288533904,-1320.7740132407027,63.10778083329869,300.6655215346882
2470.569144708946,-2309.9492279098436,159.17821504489288,295.75423318887397
2048.066432371436,-2329.7616665601827,190.41814511767302,316.6772117957315
1286.9165641014608,-2491.1532574112202,232.2156072391107,306.0151481381381
2241.778294326678,-1462.729673323738,229.91980597946915,314.8281378540303
1802.6035739053905,-2582.8297915064686,8.127151089006166,309.36635635838
1967.2194770628798,-1366.8204446447407,71.18272390808387,332.2211160055506
1363.9985820809125,-2461.0935995400414,224.6060034546285,296.5881702460086
1444.8795573465125,-1543.6091146669553,200.7291841828966,313.15598620863113
1550.0173214700267,-1942.298017484137,-7.451927359160485,328.37481695716315
2804.2884688233344,-1573.7481221698072,52.962784326858994,295.4292811904213
2070.472822334742,-1188.5081071225118,104.22242405779856,324.3131089663814
2569.6465020865794,-2427.3330850539014,53.67471236920119,318.2522168100316
2744.7227667455472,-1619.2072208091388,246.67748446137642,301.28284987783957
2434.135749264269,-1114.8228955573027,85.46269383439487,332.3030481338193
2395.0922473938062,-1134.0883335581443,140.84166369640545,313.6743157453063
2666.4307534286745,-1404.5116314740897,254.72135964211634,317.69045756847476
1522.9746625025277,-1310.7909208522478,199.61624001854815,328.4272025761786
1745.226656355057,-1216.893929594385,-12.49632190202514,325.3049905053954
1311.2056274134975,-2373.3022277517166,36.361079103883476,304.0183364806396
2042.4376704295428,-1672.5882362453117,215.42775164305615,298.313597006477
1959.0145771388866,-1613.2883019031988,116.67094503563737,325.8019576292589
1560.2123683858424,-1430.5328982258827,252.19882774743826,328.7182179411377
2334.7456406504893,-2648.3634241312557,155.06022735244812,303.81169293552693
1252.1907999630275,-1740.1779928665503,54.15572155554642,337.49415936867405
2765.276073230498,-1661.4593519978102,118.34197375462446,302.6403501452609
2099.2592001660323,-1061.9990269695302,197.98677265484937,301.25868815939435
1890.4246315048235,-1548.7751087585643,72.83587383552332,337.90358909439095
2502.7276909897496,-1646.0216852741585,202.4049450962881,312.6260279252691
2221.5453967325475,-1721.192940991136,219.7807083345933,331.2524242886903
1163.5623509296438,-1957.964922548469,127.30231190870492,332.6871316318955
2312.072017073191,-2156.1198752180344,170.34280926303165,325.73397148360846
1345.746018121856,-1069.9115788266859,232.60583589302698,318.8576473771491
1897.9847330926532,-1604.0906351687063,40.79742571410722,334.0435145322835
1797.2030252260956,-1205.1220229940693,-2.1994944799296174,325.2365934537829
1223.871334238546,-1097.6797384314018,258.1617742326174,309.5545910424857
2743.084201916471,-2023.3256784219986,-6.481058835406904,333.66081322058824
1307.5992691237852,-1971.4593150485741,72.08079904654187,310.6275188708379
2085.773605105242,-1852.7807880567032,199.05458801510264,300.6026039979757
1990.4128759865011,-2755.1638783327558,227.14368888012802,313.9369733263882
2813.9366388939734,-1457.34456857054,202.808951321314,335.73003029324315
1776.2050095315756,-1801.6621076481413,120.96614460761143,337.91861106508867
1956.9918666373026,-2343.434832875623,185.51965779193193,307.0388717267822
1380.0004327433758,-2027.6352436227712,16.590213367938432,332.09528250322296
2689.4956997240442,-1228.7181414740483,122.51052498035295,327.2705852274494
1915.7804424292358,-1596.163936975254,245.04418779785067,336.63896715163855
1087.366368736632,-1102.6286876911868,159.48909953752462,321.7960972963748
2708.3561016795475,-2283.9419279118156,52.68245790486135,326.2070537729602
2460.079541767016,-1711.5464705246368,135.16449877924458,330.75645139481713
1651.7442156166655,-2436.8137557239907,212.2074785804343,316.11957847709533
2024.4549137641711,-1526.6239352493496,249.93761718127024,315.01903984087573
2739.564727711835,-1106.930356514155,183.68823568478626,300.56657991385237
2861.279616539572,-2504.2476679631955,154.11744968598532,327.87928632717166
2200.1436665825167,-1436.975652734777,2.343602851863313,320.7382936604624
1820.6748251676909,-2354.3364065900287,-0.1708370996488835,330.580707690652
2979.2752428238023,-2331.3726747623023,130.04190305484866,315.10778532947563
2099.8033019323943,-1072.4615104154943,30.621216708999476,310.27583830027135
1404.6797265976334,-2072.7266387169575,44.69793820897705,322.77307635510977
2531.010178411685,-2852.620664576855,246.65893411515896,300.28290006694135
2103.023069787102,-1490.770669308452,33.76441198695474,304.659220204985
2217.910104570211,-2702.0586268811107,244.07937210490775,312.08475371278513
2501.088050566024,-2132.9715028655514,139.96629983516348,301.28261666036144
1111.1537969259532,-1591.9914391848147,154.89767137126597,305.90442600404845
1776.8644067704697,-2216.6755899995383,23.95431553895982,331.95449106546636
1399.6298319973355,-2292.1090150363916,168.39857808029902,308.55315713010566
1156.3441013634488,-1290.9328688204957,-13.653438184850051,302.4924857235819
1266.670601420636,-1365.3390080007864,122.35604218809863,328.8477727190358
2505.156126306013,-1046.0952586473902,66.15992274986291,321.50744028087246
2989.948756145475,-1818.3896475440097,15.630202698791013,330.6274402358571
1855.420523255627,-1057.5101829952807,251.09940018860073,298.8402099148516
1984.454847905566,-1180.348292856145,83.55818029211623,335.01252753583316
2527.002292232061,-2876.8865063000258,87.47401325790054,314.8321203702465
2428.89593931009,-2145.66112940402,230.64325333692946,336.146618648828
1040.5896424694704,-2207.0353089474715,116.4517438256683,339.2608442243717
1333.4594281535642,-1152.4554702080063,80.66408379211775,331.16434778284906
1265.6712974710667,-2665.7406007491163,94.24053028211878,329.96917967092617
2830.0569364815146,-1367.0623383518587,168.9760903053487,305.8325677903238
2812.886408855423,-2542.5934165202784,158.6340927599045,298.69323749907807
2584.576730648998,-2810.7557263444037,29.12888002511403,300.40064029961405
2077.5669089122184,-1814.1189918899265,-4.7241175947180665,332.3542025046152
2139.5013226763976,-1542.7027225407717,116.37582801243374,326.35831687718326
2558.3243535344336,-1895.5199675319384,10.383538896824508,303.44611688560815
1647.9085731867049,-2423.9527488836193,201.6247771834927,313.361581997203
1005.1813736173698,-1630.5234442735546,255.50231301664508,325.77816165899725
2779.7503247996974,-2139.0403327449294,190.8536071458368,329.2642376662266
1364.7428173592753,-1851.7650707152868,57.017837542780796,300.6320640477719
2587.227599005243,-2928.734189617901,87.72001264086757,320.84681864121274
1977.8834289603847,-1663.839204432818,32.80328911162624,297.7069538977791
2232.661168576252,-1175.5097072820697,86.62518808016051,322.0694115920365
1850.4470761328062,-1896.1963488109127,192.4161630269351,332.2047682523086
1817.4875622181744,-1645.81461798186,9.171525323280928,333.3171893197207
2912.097263174513,-2048.6888770822184,1.379310824223829,315.2195285452519
2803.2106326752046,-1482.2556563996213,71.75111350604071,325.0691700686513
2054.8351990702477,-2304.553697900082,239.0361727936736,322.8110355744599
2118.4409494429083,-2405.4206257863752,139.29701236057937,321.47680570206654
2761.1570984743953,-1251.4996272235949,226.53838992250473,297.3508009840703
1732.7911043230647,-2334.320762762122,170.54533882153208,328.42259113278374
1294.059571295205,-2404.4698686370293,-11.304812975092084,321.4541305875042
1619.79028378073,-1681.424736240838,24.124910226203077,301.9898122495747
2462.102173966397,-1698.6758436486139,136.97586923506367,306.3186614468974
1128.1042307411124,-2958.0211761778514,66.33371216578044,306.4407493566191
1552.5310051505999,-2337.2078227722836,225.08376214498773,319.52747715724496
2435.8187986879607,-2849.1486787770923,124.21904979301738,312.9674528268663
2697.286874294092,-1124.4898470215398,142.56661300468443,316.7507330593626
1643.886508201516,-2990.662806609263,20.456892565239656,299.863590002209
2575.05367121326,-1610.8673485271597,194.55536082795362,306.8136961317946
2817.63415147867,-1745.22854656944,-0.391666192401539,337.7267063134534
1029.6004899545417,-2226.551261480722,223.51713784486498,324.3752278039149
2587.851267448229,-1441.6939760394255,99.92089485293542,328.2253241462422
2058.845108701934,-1581.6211040616583,100.37375318567032,303.52092945231186
2381.5169172026945,-2504.736048514175,90.31235595220406,338.05690915655225
1201.5377171052103,-2105.711539855548,105.01327839822711,337.4887269860488
1907.1866538534132,-2150.137461824488,243.81206310879992,322.8679155443389
1584.9026753329936,-1424.6339708977755,251.43142779311853,305.01403350308954
2181.229633419729,-2197.5801457232433,84.79682162501892,312.2097407274796
1853.5896699053342,-1702.780930595649,58.093594175360536,339.9464320251535
1658.8242636811915,-2060.475405320748,70.94770751686185,307.998249924044
2049.7443056317125,-1577.6483402643844,239.0785185504233,320.34928558030447
1446.3489563549797,-1061.4539414398112,84.61413626621363,327.7052422440027
1624.4199485646855,-2435.977048221104,223.87253527927194,313.2389009402285
1768.6689626059788,-1168.8042460474007,186.25568815505642,326.66047240830085
1078.218874684443,-1082.0761082283148,133.65353916714304,320.31493292784694
1675.2425946000867,-2586.4245961520396,170.1731930948222,324.12492516423345
2367.4858963730253,-2279.0674456318175,-13.651577042021646,319.0778688877085
1570.3959594190396,-1604.6116714454158,166.30760351948038,314.83099319138984
2827.3656283165833,-2103.444253581062,80.41666616414926,321.6074762127945
2180.7588090489653,-1177.1713555863325,168.57770943736,338.3947483789302
2022.6259832027897,-1641.810374432073,169.97455846883392,312.17646263875963
2077.666914889348,-1350.157371195356,248.8672200094087,319.3498437961306
2761.9286927763296,-1721.3459859068844,248.47752492276055,332.33204148379775
1426.6314561539,-1330.8132216268727,203.00817775789264,317.2826021337608
2847.8946848185333,-2798.806915433241,221.1389404491926,307.3290992053921
1562.91990958463,-2311.801312787177,47.07469651601063,325.6973456650105
1942.2059904149523,-2628.8985273002736,255.04607866985089,295.7785739188381
2108.465674031455,-1769.3772940886745,9.9705910956364,334.89191354850703
2772.7772723740172,-2933.935967676445,196.87652930328116,339.3428849851972
1784.237317773575,-2120.7061658976945,176.33655409994222,321.4513990397891
2913.884351593705,-2530.9262866577005,116.31386363730363,297.4678898419616
1681.385880097519,-2041.8096882486418,95.42620192177486,318.12165537051277
2543.0979691876555,-1661.0947720319855,215.75365119759442,295.8066564854855
2150.740047921124,-2328.638873458675,114.51614201070507,296.4866509431896
1811.6806913516375,-2019.9938350986981,35.26176406757899,301.0016029906614
2189.9781146120145,-1205.0579635450931,1.671503392862384,296.966705277882
1183.7921651608417,-1621.201259415057,114.13423736026846,317.62982157192533
2323.3466485626623,-1271.5115930773734,167.93183790847291,317.7856216307522
1520.927601735937,-2002.2407063846683,-9.509794550501876,302.4976000599415
1037.5661160654652,-1502.9355656916498,21.02461182967872,326.2962636975806
1059.7942006459537,-2162.0590803595896,53.57146068136737,333.1066642019016
2554.71603694246,-1870.5384161418156,74.730837659767,316.0568790005413
1082.5105453748552,-2103.1161880624577,53.02143569252945,308.7128336904999
1492.2764422464552,-2617.020927717629,142.75529452317565,309.1162562435546
1833.7973031310532,-1165.5045543169317,62.16228843339243,309.13351883279216
1801.8729282888876,-2015.8892611047165,246.07599362440908,332.78885305647987
1747.683268282247,-2405.87753236249,48.08422676611278,331.9264369730815
2627.3143404682833,-1106.597800468223,204.47945431198502,311.682272041879
2327.938012808023,-2575.1507600587124,133.48962820402443,312.996761370392
1385.2240347433203,-2634.326055681737,204.19295157049285,312.04873717353007
2536.33512075875,-1092.259465556899,46.899052175103385,314.2050578800817
2814.5171359162628,-1347.6971825822686,236.6529788990847,334.31124456139395
1049.0113171015964,-2948.3970100376864,74.51345838208528,327.8372924506538
1436.9801897272534,-1006.9391894197511,205.18579347786246,298.9174565271011
2732.5224662580194,-2302.0599225283727,66.99422576459276,295.1419543234113
2346.37177956741,-1365.9438872516487,9.107059847677363,322.5582443984773
2864.6270321668844,-2243.6103262086563,233.5439147798791,324.6795877077329
2661.20620781239,-2742.3872863191964,26.896731722216032,333.30492827496295
1336.7380752525,-2270.704514629676,22.232879662657567,306.6530086776203
1015.496554463891,-2262.5024668581696,218.84807944262155,301.3314859220707
2503.7846014430215,-1762.3343402678292,163.10921028798688,303.79425967645756
1347.9300680152928,-2938.0224891206603,255.9483009169719,314.49749169450956
1967.846172187798,-1421.9936525848746,-13.672495237342087,295.1712689138203
1462.1178864524927,-2255.0901171180694,87.25774329456472,300.12487694172097
1799.3609709002299,-2727.073511575758,104.60917569769803,300.3064949671059
1066.9643238039,-1684.008975411662,145.44859763321776,295.1561579767768
1861.8768699547877,-1961.3944228273883,137.93292008353322,330.48733184719015
1111.198171739742,-2960.051352065983,228.64005288944094,325.03513031375513
2853.2826394313843,-1039.258787544673,154.22642810052983,307.8883416420476
1122.715904941351,-2890.01146299562,134.26225580984675,319.2679031510261
1794.0657670133705,-1265.7976084441605,74.36655810591633,296.4106037414057
2638.7485835453413,-2744.721879811187,235.2373926445465,321.38411134344955
1570.339731256986,-1281.4908075377302,192.66591824229099,324.58532648544076
1476.0945315588456,-2401.6213919850466,216.02224662459182,321.20245715532235
2172.492039844431,-1975.825745256778,226.37628733059384,314.50143282515097
2761.294485540144,-2866.9390305340285,209.74889098753536,321.76692752810095
2299.476106083201,-2956.093984117763,190.26287684039534,313.5528583564435
1211.5613825136675,-1501.6604767514875,48.302126085625225,330.8651759147104
2929.9311689815495,-1695.995064034513,72.31420102437832,334.8795293790836
2294.243948136391,-1808.0340290862393,235.1116053024615,312.93995280683095
1382.9595341790346,-2262.449004272133,224.85538403462795,318.57559750487
2572.27580318733,-1466.1979689913633,131.0007186472275,303.5434834463344
1645.2936625724737,-1676.9587101183681,215.0311501569762,318.3128219147191
1658.116529957238,-1216.4244138936533,203.91407636534996,303.674460528188
2173.64479360535,-1204.1711737880546,184.2292726176043,314.0547407293309
2441.2466722158206,-1526.8976887948575,242.55786222851583,313.9395009096427
2961.794315528932,-1073.7834369785776,135.6963957333024,316.65168442331895
2873.672198966218,-1304.0112548750506,148.91382970095964,296.2656832678658
1496.3231151925775,-2253.2734225672375,45.80409149974881,331.618252445208
2913.2060553693154,-2090.235554488565,2.19916596293276,311.7647477408305
1112.4203511052078,-1058.032176437295,227.08554248360971,305.5136379072081
1379.368887141632,-2424.3305349640386,67.29858321796294,312.1006620512671
1617.0408478958725,-2499.582976453771,-13.361243402286554,298.2381779830503
1656.5615443791685,-2961.2262543525153,104.7794442130415,301.050855060611
1906.3921679829414,-1037.0495995525046,126.11784360587478,295.598583517882
1913.2571032197952,-2481.5431940204317,116.90350953113338,306.3126676421376
2577.996944824765,-1926.8467406209256,108.05131010845454,295.1702148943443
2909.3361896106853,-2450.2663421102243,78.03793837668984,317.81009985132386
2792.2339147751327,-2411.8755571207307,227.53189615945107,319.66619288364535
2748.8854047130408,-2261.19061705443,157.9496868267682,335.2794919605012
1382.1823727653655,-2010.4043403571995,103.11390693371516,333.4262114372886
2452.2099096828706,-2661.851475858475,192.58941403333745,322.83135733176647
1758.3324154109405,-2550.954646643903,193.87243379502985,302.08586843670327
2601.1767532987024,-1586.7384460488545,103.33068519894857,299.4539188424666
1733.3310045912235,-1286.9308181295362,52.473893286118354,317.1665649334667
2784.1604885922607,-2708.4888918088122,242.7549206256055,313.115855565541
1703.071221930287,-1970.8191692593139,0.8407370908155318,314.1987844354795
2849.779546187435,-1392.087403895423,193.46074079387841,300.9674185620397
2113.4660066609904,-1835.3952678259739,-6.76631187649831,299.0338557108852
1489.4982212345058,-1384.9619574050434,96.97391667268876,297.4272187158763
2004.0991927973096,-1765.124766854292,158.1289531343378,310.7287637534099
2824.021633103146,-1398.718496638678,62.39794065960038,329.61031021138444
1424.8646667246578,-1975.1219377563798,114.81946465432111,319.35281130110434
1846.3282575379794,-1655.3681596717124,32.421879367997306,331.8879413814989
1799.8637554368247,-1733.855840645748,-14.663479177390036,308.22793392219444
2811.299851417859,-2277.7934435716243,160.2025311841071,311.59821649376715
1154.7387910491532,-2360.254906081507,9.929175998856891,339.46102522319467
1717.145708860382,-2421.721310406812,185.3271945498144,334.7183026365071
1203.0002109385314,-1741.5513731048707,8.827930708120544,307.3000747873172
1358.38821670458,-1908.5205318416163,107.95970676034216,320.69585760523984
1807.361057832281,-1162.7026034516994,173.48264491421597,339.48843479866787
2519.3390486560575,-1819.9877393291454,65.41907884081641,316.65122608884167
1088.2611600855846,-2840.454496061055,88.19686667019002,318.21927318892676
1658.687106514887,-1429.7999230127457,-13.72885796574006,321.7911386280256
2030.1125405629186,-2156.8777999712083,253.28308104294786,301.09031800759226
1459.1620447262358,-2585.2614690415608,25.126708338902688,330.56017489666976
2106.947907890274,-1403.1715525359364,174.4944038043215,319.90750420518174
1467.3307261509458,-2869.946906714412,6.94909770251634,299.52255157712904
1388.8973243323894,-2688.6373920183214,51.08584274538491,331.3132476143143
1990.1785868900663,-2633.784524458303,147.2560265942431,306.3202898532716
1611.6352016627052,-1664.6016162382627,102.12983065426154,333.78377702346654
1548.4142518902927,-2924.569347094106,27.60984909570334,311.9733893712359
2238.8003413474125,-1886.8611916116104,-1.2295282935019927,331.9313650541725
2692.4350601057367,-1551.8386554788738,224.21956265658406,305.07549834448207
1655.6818469059194,-2301.3752910131275,202.43854188507825,316.5316098861827
1130.1791112210665,-1552.7511967482249,-8.15031293324947,307.0824902544398
2475.8477102998877,-2371.1597598488324,240.3429925443971,327.8312646163289
2323.932746186534,-1465.3184635568778,246.69134309086724,306.7241133426009
1170.0075359178302,-1901.2703362573736,28.61929745423795,316.02081561443447
2236.8007096424944,-1566.2860672536585,145.3453945521905,311.78347767747243
1955.9223974978881,-1073.5901705574452,6.902344190736798,317.6890458535359
1933.4277422441144,-1402.8512495058126,60.36774563448935,299.32977715423993
2586.068610409763,-2943.2253213296694,164.05927784422266,317.39533789959546
2309.2512408193525,-1572.2293409864485,57.93919250086171,326.492977789668
2332.7154201843773,-2925.1518240527244,123.89877208294635,297.1804881007966
2289.54447985746,-2148.5437885889833,233.9638692255647,325.64213222750925
1920.5694474709826,-1251.4043875858558,-1.6097703490440018,299.8043285700885
2598.348180750575,-2250.834747890467,170.60950740470435,336.3125807586287
2309.4099614762886,-2471.668866300464,-4.779684419840075,332.89617455813107
2529.4660208139753,-1797.4177477175176,21.413766558641747,324.56918883317724
1318.1381960303302,-2075.8054451433354,229.1585089051014,316.67641834863775
1381.9665375586007,-2991.3144296918954,215.79576373765593,311.91453731358575
1432.856104153505,-1487.8187023951944,175.02701523695242,324.052053773069
1637.7411847083908,-2382.557153664796,145.71219112909537,339.5067448815016
2608.2643937180947,-2458.3357241138215,194.16344127543803,323.4122719673255
2012.6666795373285,-1293.2392408313265,160.7840946174126,304.16859429169244
2561.637373464734,-2232.0233810921372,15.810431612386893,318.2336900961149
1158.0747665672457,-1840.1473580475047,-9.18538106574212,326.8387408600398
2551.200457146865,-1335.4703057711922,216.81963268293927,317.5065402822539
1624.8955731844596,-1465.7773064695098,72.26997066156855,335.87528167177106
2301.825636130219,-1799.8281181698287,33.73266749245381,303.3281039985378
2968.9825769497993,-2121.9103181328915,40.328255778244575,308.32893828733546
2116.634736065393,-1434.783157119828,81.95982359404881,321.0103575922018
1996.5137764026358,-2315.5421814645474,133.9902704302791,305.34977286374345
1205.4333489471346,-2597.6324887188844,241.23872860291613,309.280871184664
1933.826813650097,-2961.85143167478,92.27239514758395,326.2158140639064
1444.1272090531172,-1511.7496309426817,152.746069583849,317.85375468103945
2925.379968976019,-1978.3438807684438,33.838192477922426,310.7482391938253
1171.8750855365884,-1994.3001112951208,136.56835485329842,324.27468605880654
1694.763383453822,-2247.663372971458,64.39069824013814,339.4364061380174
2222.5946032105417,-1792.2678094366358,249.54318975501923,313.507463379942
1758.365597008536,-1831.7086796811072,108.31679509519194,316.74306613117705
2487.332337215173,-2358.704140083659,221.43692080141523,334.25114550156763
1188.7673205072597,-1767.8720688659428,53.446919024447936,323.75776178887816
1749.8609045070439,-1957.2065118380083,8.247730756450615,305.67094837398724
2064.0659918550864,-2815.8809629715392,24.428827492903004,297.5408638491731
1488.9263244255947,-2715.395477217433,-14.183127488049369,327.19127721541065
2192.186037909008,-2161.656986283478,65.31401381631206,335.5506272912939
1628.263639762467,-2094.158008029134,75.41534527519401,319.8846409057391
1533.3454614039929,-1692.9064496841145,202.00540685496424,322.4222883061977
1567.1750680903542,-1373.536133528301,192.69261069220482,295.74760689463193
2399.9987610183966,-2720.2371559580156,195.35276234256224,314.4280521396063
1434.1515352125366,-2127.222668374885,129.60295862179095,303.2348520830833
1494.0855507020028,-1833.894578186824,206.13093974716045,337.9505842448778
2664.711980913919,-2359.7649265613873,105.4846289906429,307.35813245400203
1918.3951020147103,-1956.1053217098467,169.24904665642495,315.5590378569259
2917.693885333252,-2186.6944701543607,-9.80056485591315,296.91446997431274
1152.5679779534316,-2409.3761498495637,51.072729366619754,331.005461146402
1794.0419160215106,-1227.186494862887,96.29791017613555,327.1459646018928
2188.064435677901,-2411.206743005629,183.27924928676265,325.7704507669479
2851.597414917142,-2120.680339267611,258.14124096791807,331.3404865480932
2074.7905497271054,-2321.8517080828237,135.65997532516909,331.7272603350042
2810.151261815119,-2817.9144234833784,253.02089916645264,328.95892576086027
1098.7100328973693,-2376.093771029161,2.594545957288865,307.5445080307316
1177.857840572348,-2094.956516537964,157.75860084550857,315.2975382412974
2014.9856484998434,-1117.9397146200697,7.999344792022654,328.90381175766976
1895.8437152333809,-2846.6291711896447,239.54571943642014,296.1524311269269
1048.2965812025425,-2027.9648504206482,253.23537219736312,330.47219222987997
2192.308574173793,-2426.5284400255987,95.89603031976166,303.40204042485914
2494.06565511494,-2538.7304306370324,153.21277838885086,307.148091426001
2572.310814335402,-1044.0528422249001,53.84525045894314,319.444974859055
1157.438592754046,-2249.715057965901,40.09275989635779,324.35519175802835
1996.7300408539306,-2402.244922948062,100.23107369216106,334.08787854130094
1951.9349508068394,-1393.8181199956302,181.42551505611507,302.15881244354694
1637.134442645965,-2486.7249562762054,238.21520051219554,308.9615296417071
1074.5871472731321,-2476.528095306578,43.49935693407988,325.4552781938888
1416.184218570119,-2918.123583200288,112.86213991116011,319.7998005390561
2847.8111040208078,-1291.2863283691472,64.22411267211126,331.8817993612645
2399.65041298884,-2743.5468135879228,245.53370062750747,331.52162141361947
2929.6064196157163,-2981.1413858113438,209.6870356920382,336.5760779190108
1790.6916155563881,-1959.4806073610025,177.436041753149,330.5506425521236
2938.432917898639,-2827.3002681030143,173.96514995695495,331.3649985496054
2845.8021354305674,-2219.1811674034084,155.88822077292605,331.66764548497605
2091.8692943499655,-1766.5792785981992,78.9358950296274,319.3960377400716
1459.5334369146635,-2757.9264000851726,88.98203531661174,338.0686300031643
2663.852094825276,-2562.8599203328667,226.44568293022684,326.7571095408879
2108.191950685579,-2151.105294599296,37.098299483350665,335.7785431637639
1497.6982184251783,-2162.874675811909,108.40266752382159,331.5265936593802
1754.2116250216827,-2918.0552044266897,111.03461291296105,323.4314609883359
1185.784373337746,-1921.952987660001,209.06333290325603,297.61204199354427
2131.049786839353,-2105.948665459039,167.01155445852353,338.01971483043576
2544.2223791237257,-1544.6765797638557,2.7358834001936643,326.5769534911555
1472.9979462614688,-1005.9830939122783,35.576694187788384,328.57070797037363
2934.910165703096,-2479.045353383081,-12.230341584296445,299.92964768680923
2179.963944318556,-1216.7481252483474,52.648303386760446,302.171143975159
1876.4491439750482,-2488.980611414527,94.33429187068988,315.7386607554631
1526.8288422826001,-1994.841726378681,47.54286619610776,295.0492380366379
1183.9587385222028,-1140.4568302109474,117.75354912167978,339.20099577143134
2299.87641377688,-2605.14610424878,54.05061460015264,335.44914324057993
2685.8968358372545,-1782.4384754344667,12.524378341789806,319.8825512276189
1918.119353547599,-2516.5590115414093,9.33831370086735,305.63524818978914
1408.9465497401939,-1626.9729454542112,53.77532160560226,326.4007418066845
1909.8226730779234,-2427.4191147494057,34.33985795323493,317.2818793060468
1933.6800048552038,-1538.0733695866593,75.96463636810303,330.7753628304574
1332.3108207279286,-2162.095493747108,176.73702513078908,330.09763795338506
1491.4181617926974,-2666.5604298549433,178.1137863312494,333.62757956807405
1432.962554138588,-1750.6771030158206,59.23278349486182,303.3185961415727
2739.153065179489,-2757.560144473122,228.94433960387994,319.86683102156945
2563.9513530517934,-1108.9246278087533,124.29091528342755,307.1940721417588
1801.148234150201,-1677.7810667100366,243.13365215659292,296.5565581595191
2996.0434314705053,-2838.766667665386,15.265757357426516,335.8321599110034
2973.5125970668314,-2235.934251856937,79.91957063839205,318.93252111889865
1182.3829821898087,-1759.4163591232193,49.999050807676525,324.60726692047575
1775.0462047283988,-1241.3017937180098,84.16137779503569,329.39606624148564
1837.380699016595,-1878.6261997789873,76.20741175320286,336.860651558987
1177.8343636138165,-2645.3932587530094,121.35307170194227,306.8614671680755
1644.916526015415,-2120.0190043741877,132.01454952678137,299.43788651395425
1396.4269184842242,-2532.712439333225,52.30109140863452,308.1027214689945
1103.3161080520654,-1971.4910786007242,164.02379179153226,327.86031264554384
2122.542722815035,-2120.145998979967,195.92266025764422,328.7935307022879
1934.6591269247288,-2798.009189234431,231.5358931513081,319.7898167926919
2474.9140546650815,-2176.747878696655,60.8927558402348,296.03979861872
2276.005326589148,-1804.1310496348567,67.35168341348385,330.65651339000215
1335.6651463737592,-2484.6220231454035,18.54334202181606,314.6576660086702
2027.5203165820772,-2809.7188309384323,68.25051565383184,314.8992443126885
1460.497211755834,-2938.436042233749,75.90084967902062,331.99316053588444
2961.166105318358,-2662.3432006591406,172.05440583560517,336.0330730781622
2080.0017297395307,-1323.4156668813769,180.28757336294836,323.0450023637558
1037.4017444638991,-2285.831303795875,39.54298319411812,318.8638842773477
1887.9829730227766,-1537.6817260370944,150.36398634291928,329.7870168753596
1241.0923283902239,-2061.9087419853354,257.27919352338245,337.21725439472743
2461.479938367318,-1313.041956171635,247.7894675837694,309.3511893202336
1167.5777189516857,-1098.2649171563633,-7.67139226981006,337.3711584015041
1218.1861304685813,-2890.6710934084263,164.09021116462335,304.90890357559596
2574.836006793782,-2314.107940718795,39.82755488531523,302.16944424129895
2952.3101963246327,-1210.5381275111336,56.41302299203558,303.608686209171
1998.6712777042214,-1575.1631338288405,91.80234271158807,337.10217288377464
2047.4932319604068,-1553.996789683215,227.84778018220487,307.6563999680146
1487.6397187702728,-2794.9362228657697,85.47428211101406,311.6374779035359
2750.0223289128453,-2108.5586038680603,9.327345486459688,339.81091537714747
1573.2943092121009,-2764.4844488929434,18.99034025841152,332.85729949228437
2524.9971609620115,-2597.0267206242534,104.29018891369675,300.76366682134164
1630.4198740504858,-2678.5035885096186,189.41484606575804,329.86272247821825
2968.423432920634,-2808.8335383339518,88.81758558444672,317.2574484763354
2909.506905142987,-1561.592005162466,105.41354297125135,325.07771520533083
1372.9571062265861,-1972.357071684666,4.036371722090241,314.0230194626733
2510.032458478916,-2686.249845520705,167.14073103790878,312.9087884417947
1202.3494741478632,-1791.2008772138338,10.983816443080414,328.7187825375173
2607.7580941824153,-1938.3811911193511,13.4672419752619,308.46990778995263
1232.7579506144125,-1269.497146438789,115.85739644605877,327.80104840344063
2123.0125333589303,-2741.3818420531693,-2.945367047889917,315.9624698762307
2115.0713680338567,-2190.0254811737514,61.82746182073325,306.79735872043244
2279.441859767265,-2135.7685793046458,64.02457683177443,318.5329674501269
2039.4351769139114,-2876.542802114456,207.02462897232996,315.8391786266677
2128.283265618226,-1239.3786559187133,212.16498656975946,308.7273030468989
2961.4246854129588,-1090.1333586759456,154.51687499239858,296.3259667118164
2242.158310113745,-2997.284007233077,219.84715442636045,300.1763551222531
1165.071180419309,-2719.839678626261,178.71830331633234,337.58952326078236
1950.5991718425307,-1982.0092932624038,216.71116157822905,326.49133852565166
1825.8667599993173,-1586.7138298685763,257.89780987855124,339.30876875632515
2311.1709300912053,-2169.234322443729,9.566919442740527,302.67144897447065
1926.9944414503827,-2031.244092995344,34.72036393431167,319.027992566502
2038.6783048107532,-1514.5656777070824,160.7388314203206,338.617298765071
1698.827591706826,-2038.4596933475343,19.86792262644625,324.7777845743929
2712.937217789552,-2909.513847759505,151.54629441563003,315.87162089567266
2762.118318760035,-2957.372137104098,201.74666223934105,312.3947465862874
2104.627771307119,-1591.5150823329277,79.40174686737467,297.25145722900993
1404.242441389723,-1411.2801981184414,249.20164150084133,318.05083513911796
1820.7991260825593,-1789.4046865139362,147.52977989681887,320.5292488150215
1240.838402527387,-2782.929215785846,-7.656444442306471,334.2465762331856
1861.09946307678,-2424.5833495008364,131.06459255288928,298.2187297737833
1866.296436369828,-1164.4615811314097,228.84651099543038,312.22791825741405
2922.330375331865,-2080.578249195947,93.53540778602543,309.231593699807
1864.2545205488084,-2367.7578162980863,64.27590697385386,318.8679600051699
2254.3817453952124,-2373.5110667462063,152.3835647648626,323.22089451209325
2475.582464480716,-2765.6128869442964,139.2749363300501,317.0696543474413
2666.460202605401,-1018.3188787679871,197.46380842323842,309.04773817441264
2394.329794124631,-1346.6762798122047,107.67890058855119,296.6140045824883
1140.9548446080787,-2180.653260645797,215.19171316999555,311.0548295337165
2021.9369271454193,-1957.5163705565892,173.85608297192337,297.43361713540577
1610.2075851062446,-1156.1625373549862,22.66184482860158,299.6610649841851
1792.9214694984921,-1853.76887283639,22.642576563566394,310.24786272641273
2069.1703983982125,-2961.798864788864,157.5643981887456,300.3432320441693
2778.7083981093538,-1584.7553645109608,63.70559118496287,321.27096414556416
2108.440020786754,-2497.5953894829663,177.93967821931992,310.0239027743162
2472.788899975918,-1462.1518823092906,9.794947217243394,331.2619282405408
1152.0863641721219,-2909.312719975955,86.02336584806483,339.28957211415667
1469.9126364639383,-2893.7336046861838,-7.422595858377443,321.9819269943238
2740.8871698761586,-1563.1978703391017,39.4533856962209,298.4223811352921
1435.312710012681,-1091.314954542122,118.08871795465674,295.81918677095393
1080.4286785076727,-1155.275747795864,188.03783353680865,334.1331397165742
2801.8359546417378,-1735.1769757207242,251.64850336169093,301.5010996170769
1727.1939543555327,-2296.9626800425813,220.35096592521194,326.28156681397456
2273.6321414000995,-1167.0855826647792,191.45845169136103,318.4566482262452
2501.355892943896,-2060.302603743893,18.29978574579468,310.1737252243972
1704.2430743034627,-2080.6048521790276,103.72502005938905,337.74886158407605
2166.9833423632936,-1270.5050565581987,169.29697788822838,311.45630552162555
2992.42946226242,-1742.483292690534,126.00322836656161,313.5213532083203
2127.531934843143,-1278.503954682914,54.237176881756696,328.41918169051183
2220.265223831464,-1545.3386379123451,60.69311378368171,330.88207418169236
2803.8478696603697,-2789.5285718568175,98.3117665700651,332.69896981810984
1709.5799477965625,-2516.8396413171645,142.64221038006033,300.8587127340633
2697.099163196566,-2911.901446306104,77.7605637693498,319.44789483189834
2964.0137886487737,-2081.784560437336,102.1191183092067,329.8868396305992
2038.6731731993082,-2299.8115176876854,38.98975047520944,301.20294896690774
2452.015387919896,-1891.8016766470412,179.0845745042857,328.4842531022764
2579.340847784518,-2970.8486406218303,188.45498302968076,333.6593442030163
2212.81743423455,-1366.186324308392,37.571875251960314,334.09225177429977
1069.612534096413,-1487.2546042805955,47.341518418817856,334.50116443437037
1437.4113237714378,-2789.7616913036677,193.65237759182835,338.6674678168861
1558.164373802294,-2655.443891741672,228.3221538052394,316.23443677984415
2467.0094464304166,-1053.4386360388635,221.6615044750364,301.13035276197587
1165.3109235718618,-1395.4929109120612,127.43163936512573,332.6396847176239
2963.5941141889916,-1727.4836319672245,196.12308086296488,318.1367361359885
2624.661716309638,-1616.1875577584372,226.27685723662358,298.68325524522254
1040.3233940144767,-2973.4669836569374,135.07895101168162,337.4807272301331
1049.368237993582,-1307.5491228973874,163.14803576643814,306.3501435224892
1454.8545871930862,-1786.9711847362128,243.42903433411976,323.79248480681673
2091.8847325197094,-1036.8718097070987,117.21912974254329,309.27972507151213
2065.5469995364638,-1410.0426215007762,76.06229384477652,339.9685863257824
1021.3648263859096,-2615.38748417605,109.80749053509173,338.89473808808015
1237.4647923303198,-2665.828811066327,-10.99360503746224,328.25359180013606
1170.4715898223385,-2585.438158442598,23.003685848453216,312.74753047256064
2064.1927339985727,-2003.1132835253302,226.7655701613508,338.18728176219065
1381.7391394868816,-1330.6228568611443,247.60869489192658,300.7487955843083
2613.3346537713333,-1616.7807728090531,108.58355321834956,298.2275751538415
1067.4207020429674,-1267.9875778093494,164.2723378931442,315.3004166074388
2449.5547466145526,-1599.777549010988,88.96196617795438,333.97938518172003
1201.0751647967852,-1795.965663179798,134.82383921518544,326.9903336138884
1311.0320625517638,-1272.8678027996248,105.22205646636269,329.506336375405
1960.4652105433179,-1664.1857433196906,195.3437670275321,333.39916809876706
2908.215375027717,-2162.7034557444804,46.850250778117726,334.4232610322001
1759.2532095745196,-2936.3130259009513,238.71555577384999,322.49594112980805
2324.8022615497835,-2947.1510476432727,171.32130768265222,331.3313078802752
2767.5711436593524,-1878.583644676713,172.3237599461832,311.98004695859856
2729.554910351396,-1036.8546367442027,144.5056187313216,325.82861419982595
2091.6639442547835,-2634.442431277282,258.20829908370746,309.5354506105715
1101.7650128877592,-2452.3615081255134,-6.696226472089867,308.5773038665369
1440.1458494021722,-2614.5522131643875,45.71610797086461,329.06432244010756
1009.5609232792999,-1800.3597366787594,48.18249804909921,339.8261425208385
2846.242236312286,-1974.8832516347443,178.0000013316702,306.839885990475
1698.9304692483502,-1482.1089899019012,182.4012480567772,327.59265300457497
1195.2116094951732,-1608.8435913504595,46.0753126589237,314.87578939186267
2540.476557635872,-2491.801886014724,221.34008313421037,314.51507556902703
1320.492535315022,-1240.6451423922585,239.93477444177665,336.9057761980596
2028.262608105674,-1977.5148680269983,187.04749303495268,325.3145374297043
1808.3155270319894,-1110.8410664500113,107.38926874489675,304.28860976793175
2968.1906159248624,-2848.6009738316534,99.46139113220069,321.8469768583306
1106.2833830212574,-1596.5269233828703,53.641399168277616,323.39240967409273
1528.3601191863204,-2847.8570598020083,245.17443299201352,329.0224893686168
2085.7269360142477,-1696.5379358562643,63.200707000324414,326.58806953031313
2057.964964882179,-2554.5896577645635,246.68180165471085,312.7289940945992
1933.5279796153413,-2086.610521392791,17.80774457412589,322.141573004094
2233.0084875121465,-2989.8088469622203,167.05180444358302,313.38465221512047
1624.4206370717561,-1002.9132129770571,147.5991655648059,321.6651740028425
1821.6948315525103,-2729.311241214805,199.52802361654315,302.14878201669836
2835.0323143534197,-2328.683301486002,212.4614175658806,305.9135816370205
2170.41803170052,-1030.2838203676415,87.53234367950571,322.3645737575403
2645.2623304484287,-1162.023605898711,244.32238629498357,324.7596433621292
2816.95867991022,-2244.6243216435037,74.3426386012556,297.76642386582967
2266.0070671870785,-2062.023553864962,-1.5355442156412078,314.42072626034184
1734.8798119999974,-2919.6502600362205,257.244660724579,323.4405219898208
1185.2353442841659,-1124.9343161643692,2.718500921150941,312.05718801239306
2516.0150062378593,-1601.1678871449028,37.93162519712744,331.94885244097713
2215.0366231918874,-1079.9052125734083,232.7801226368803,333.8424678136907
2821.9741663096497,-2346.789640970096,236.65181213328393,315.6176413551863
2926.3978392525364,-1556.674617452643,227.44337852826672,310.06705961258746
2260.4647491693727,-2664.650408216133,223.270681781879,300.289986793785
1256.123705483587,-2688.0520474648624,102.45633868540877,326.48356811836777
2730.9170002023407,-1170.5594843931096,144.30092445397278,316.4363073667879
2283.2973537633916,-1610.009564519098,74.98815604382352,327.43883851367144
2993.3947385191173,-2828.3779110223895,143.65788424506758,323.5972377097547
2190.553219026127,-2630.347896648966,95.21267780912817,296.41597967767194
2912.389450968956,-1355.0310555683404,129.30412664826483,300.6153423557788
1190.7386524401043,-1168.8679047433263,60.19587410036385,299.807311504286
1157.4094824010022,-2600.227075326871,16.706429060528837,320.6628775027338
2133.192296403691,-1230.1291686663403,168.6726586148068,333.0126296550113
1354.3111279816708,-1705.7160488123582,5.571171522555197,329.98172294012875
1882.8367451717381,-1844.4582558085438,82.73393027752914,316.762586976747
2699.5113309896346,-1113.0607695565366,142.11222407417253,299.05611725480617
2882.045464227575,-2050.9071941663497,222.155109677828,316.1778674959971
2981.858630764358,-2303.779388271027,84.77250361211185,295.21161612317593
2830.3565378488875,-1448.8791910399013,173.5531096792795,332.6685588544971
1665.0516532975155,-2966.0856913950747,109.85139380075505,305.3335927527198
1868.0664218967133,-1366.4462648780698,142.91347847520007,295.57007563880353
1596.8345223841432,-1893.551388596343,10.883630138694773,317.69149832029245
2164.6017216685013,-1368.773351546799,126.9369062797542,333.93341188714703
1256.331056303476,-1507.1020214484024,177.05823351396396,325.6988489882416
1720.9062497350365,-1696.8704686189253,27.406005337142858,325.49892162456484
2773.775206233965,-2039.2008087918634,89.69752697933802,331.53490170489823
1844.0015551938493,-1208.656250326378,116.1464971060528,307.0194927896579
2629.9611842346144,-2296.7715181577078,158.20387376376098,330.3817496920345
2835.907153032733,-1227.4822388387006,95.50635332510045,327.1631573741277
2057.4273856478826,-1250.6742563021344,131.27356880618194,330.10905126404384
1784.370684238159,-1378.2029353080588,73.44381290931864,335.3534272398797
2669.616100505241,-2821.2811838466287,180.81033506938303,324.45580733367456
1665.7873279241855,-2655.5703782826176,159.05920271743125,297.79374025555495
1116.482506944833,-1035.02535292546,156.20887800026074,321.14526076592426
1726.453863782391,-2174.6794246874347,31.169142877769367,318.7897176437278
2541.142302637394,-2237.13030337489,40.884341758164084,315.1156826257909
1777.363501100014,-1403.2295691732122,2.3179393498417973,304.9406195092469
2366.3711850826194,-2646.198891219605,199.4577538187881,309.01428059719785
2300.7641294287782,-1267.2336260911125,255.78360406157805,327.3915278485954
1096.028907140244,-2939.743110244117,226.49200189003852,305.0976397263364
2235.2722893125347,-2947.6198743260234,222.58084521620356,306.57121268408855
1896.4587470577103,-1370.7499688677756,143.47458302226087,319.46672544357097
2377.1832807057413,-2301.600863598396,215.23948930873334,317.23737039144936
1900.5794505230458,-1954.9397183407964,125.83660580952343,298.3908637243134
1734.6527353778952,-2838.801497251786,32.291517560509234,316.2358521262356
2043.938491333797,-2914.2208062377426,157.83177642844842,314.6858520727432
1154.9283857133573,-1543.1689617472657,-13.014560014031646,336.5841964533802
1105.4152550751978,-2689.6667928336096,123.13090296850027,307.8888511127984
2663.605441011344,-1463.8841897620362,133.76614237278517,319.7067779697137
2600.268924490447,-2203.9256367956114,243.36287089622,310.4019227546275
2186.2897186944983,-1109.80702072317,120.07410613284986,322.45023459944395
1389.2035429886735,-1155.2668445909035,36.27862630292314,338.0976698411675
2818.997561533619,-1704.643259397504,12.2118671954359,303.69201415352507
2786.2654502685873,-1465.5479015535839,172.63041831411533,304.98404958321055
2058.8296515176644,-1072.8392843442555,91.68835830193535,315.9130255976405
1698.5212525892562,-2317.148659377833,190.9083245251552,331.6960494864892
2223.95580323715,-1585.4818029737867,169.8198492255322,299.82926176599506
2788.9070391398873,-2581.2041164351685,154.10661959004406,317.92766254622114
1351.7031943541106,-1798.8006381950518,152.11169119405113,319.4818664709434
2118.443275910122,-1481.156718422325,75.652732300552,300.52818328725994
2099.8646418436883,-2153.9359007862954,10.732634981225917,297.7336111846582
2126.3816485540156,-2263.442917899146,40.36779500961089,296.82769208310395
2216.271478228572,-1700.7414294729126,48.00349220343669,337.91756795965944
1151.2930309697465,-1176.8750624324346,149.86112736465014,315.504770160911
1940.0268558631121,-2848.9190962398757,75.71725013780839,331.01430284011616
2540.1499051256133,-1819.6964509108711,36.90492686433836,295.1958096556392
2143.445378817925,-1474.465732297225,115.43035967721303,322.5915070815918
2113.0732519430503,-1345.2924211028364,39.62015164572451,320.6852442002446
1703.4039792776914,-2515.0903539077067,-9.969336981083504,325.1824689475815
2845.393848025057,-1455.7002157770578,171.75481336182048,299.71709055972383
2923.6445643041243,-1377.1867826814225,-13.424281329343577,311.0039776222572
2617.727437089588,-2072.3244108220542,259.82530139989797,328.50298977313935
2363.5951258071873,-1831.984774181828,155.6877314549016,311.7395418249127
1336.2444145939232,-2687.3930196604333,46.36189950845232,296.4134956564459
2021.381475303916,-1249.8136079219744,232.5162011157806,322.93496699520875
2478.3637484390156,-1850.3087648146593,53.43592026689218,325.53876693074574
2087.813318646222,-1571.0118256601256,131.95885059564998,298.5416832458302
1572.663961953514,-2297.259719287641,9.479754222587168,329.80154752563936
1605.1308563024143,-1642.442319103478,202.57346196089713,334.24253346153455
2792.2569568731433,-1134.983075431997,167.60359944207082,302.7374636589502
1584.5846566236023,-2930.588805147751,258.5206602935924,310.216591317542
2045.137877755178,-1777.2739477535918,175.61927219134085,337.2514599750307
1072.139390712987,-1462.336278267191,135.1530883184147,297.89659133556535
2098.3863684176285,-1149.0004549070397,247.3440802273543,316.3566681657678
1552.807439111929,-2745.29335835781,101.35691408399559,338.8526029897388
2299.495098642823,-2762.388143533149,33.17633113885252,328.5846365109955
1105.8296871620141,-1006.740471297514,-8.800612577057983,335.0242219162484
2594.0726988123415,-2623.0845850289397,145.16976608808696,338.8141877668364
2599.067160377788,-2695.13219699038,152.96201674231943,306.1483796057415
1116.5345777274479,-1976.9074752823044,159.57080332937272,330.3286937379434
1769.174771375419,-1470.579613362885,6.9402201816549365,312.6282625735241
2039.10618409527,-1798.3201916938533,256.27950088751976,337.16681456930723
1370.8600902184799,-2310.5548714636325,6.019247398944,297.930790086629
1650.1337877414403,-2493.7600896183135,141.73355393285797,334.5750830618909
1425.3628268596415,-1564.0866465215827,10.552020796872522,313.9643849029842
1217.5837459984994,-1978.6216135674783,10.226970089895946,328.12038407611897
2843.026012456645,-2195.4337448923034,215.57034808584507,317.4333420682184
1402.0247057509146,-2048.0927325931398,92.69840971083181,324.7395747886185
2595.180749132306,-2490.105093934655,-5.415530646839185,316.87545221219966
1964.60483904,-2171.705876333437,105.20866554884164,330.6069674263959
1879.6902189494576,-1407.4272180621363,29.62184803731936,316.5132752334103
2137.666503554964,-2029.09772383925,228.87782553720953,297.80050548136495
1643.5863908433862,-1883.0084908948115,150.5742564045461,302.223275385265
1526.9513604415242,-1958.7108751857515,193.40756904226382,313.05617898495063
2343.0433000852463,-2320.3572364916868,14.363988317592561,329.49406174179745
1388.0515494364447,-2642.8714827986933,102.40621540991944,309.04513499629394
2455.886181071077,-2933.769743515026,115.38636107678838,333.1017176874208
2819.3674862915886,-1293.638804343654,71.11006798711314,320.50087107072227
1583.221246254057,-2223.8350598401253,181.97910946216112,325.0965769809317
1679.629236566137,-1393.4435827261495,182.04811701721468,300.8796997166353
2090.4374451908834,-1109.3802321860608,127.35666386087405,304.9076823147984
2182.422321734117,-2434.1360033656383,195.33722691197403,310.13316949665784
1973.8612246259904,-1398.948666889083,56.510698611495485,329.0868027619988
1071.0644910404342,-2147.4103612148533,132.8729967160856,320.45827986233127
1588.2560255004344,-1373.3346523964312,160.76443451451257,333.82742939824584
1368.7974120325932,-2017.1637740963902,65.86295178596741,299.13841815462774
2276.08681074137,-2674.061120976462,112.51452313059274,299.70024793873233
1706.0764657221798,-1312.651790753729,176.45025654613826,303.8031882758608
2007.9330647313732,-1291.8666978060862,207.74480314550567,308.63817138924526
1771.3547143198864,-2162.989449007318,113.24100252895195,318.6589555205883
2086.9084256700853,-2441.980174127267,165.01864813584874,310.4314477880866
2560.2032325241375,-2589.9824180046453,109.61558998408655,298.4537141147837
2086.6993040798234,-1918.1681257912685,91.4394657927543,327.5700109527784
1776.6049560343122,-2057.134495101661,115.79104732895311,332.1999203346856
1061.2481812612473,-2030.430651716395,68.91742549599486,305.7863508379254
1670.129112555503,-2177.545902957406,62.94367745888165,317.94024463797876
2130.6677024187165,-2559.1760680129632,110.06595136622535,312.77721244321634
2447.802210998983,-2700.905420528691,123.68590534227789,323.1489022032484
2860.243596960526,-2557.9442532086955,63.06948932808169,339.8837249176099
1057.942524798353,-1600.8948092443302,132.62840986001876,327.4980560431063
2832.4442844246487,-1064.2283058570208,58.181757842130224,302.2582151425628
1735.637782897732,-2132.5390269172185,87.80916269643261,339.58461726105975
1119.1297784188198,-1102.2524039323282,18.671938187414085,332.3567511780786
2686.2475707825333,-2285.4008101492136,104.70462941082295,317.9599656594627
1086.5352340927545,-2201.271279845715,112.44311977345889,316.7846539769702
1010.6831791986497,-2661.346735383716,230.19225750015534,310.4034666809217
2458.407466827397,-2575.3218302886653,187.77698129230416,298.2539770353204
1010.4401336085467,-1175.0309904135543,2.9094832523115954,326.4664583049503
2334.914501386684,-2213.592648823767,211.08485410883085,312.26579183081947
1459.7092054598247,-2484.2418174755758,135.94937680181823,296.3518009667434
2119.3014149029077,-1127.6159886177234,111.62773156390723,308.57932175035535
2410.409413001513,-1170.700115871345,214.4644916438278,324.4425793997035
2349.918123022711,-2715.2426724568854,36.00681782775345,336.47054849612255
1664.2411044018963,-1838.9931303495177,216.77561095683635,337.52189933897444
1969.2219826379878,-2305.4370564686988,49.63756183618335,328.0609023964754
1697.6110119813286,-1117.336706481657,173.63721387122388,338.7378680943404
1775.4828134795225,-1092.480637844974,15.418475595952184,325.4920723359733
2543.572082940085,-2746.3997455122667,14.087355117412443,335.83397215339903
1751.6068034679508,-2833.5073330915598,44.43347892223591,316.5111438023182
2872.8929938042447,-1199.3316364632606,27.35424374498748,298.0405455855666
2185.441623403466,-2518.102070695944,166.37430802768193,337.40577156605036
1375.0810317241562,-2530.4284286676975,63.665790217602805,313.34895690016197
1002.2293619354681,-1777.3371797841112,161.53886374696933,313.1556425812659
1340.524105184498,-1343.1473150329302,234.0858444500278,325.13902059949044
2159.778024500863,-2991.0732643850697,148.98235115191397,317.2197410439421
1246.6697515658934,-2109.3930959684803,71.15997279656953,321.3739252747154
1673.8585987622182,-1206.3422951757987,248.7999105797228,307.03068334242863
2415.747259829228,-1586.830376102863,22.76215333476977,338.40506526040565
2729.3823383490962,-1256.1819586219613,167.17863985182848,301.54232661817167
2016.2981953055153,-1240.2585115622173,191.72184007930258,310.7892531995904
2365.577784470574,-2061.5185979550392,230.73305789097327,320.91661829656834
2068.8905073283713,-1349.215403385995,-6.54622391568854,339.12439809829414
1451.658199651203,-1163.9870088807368,170.38758891119215,302.55267132412723
1061.4385922774284,-1962.6561883014951,246.5595227070648,322.8876444797388
2048.879100943098,-2363.5029338684476,80.17804545662749,303.5536759506796
1235.1178903404398,-2117.6055562736415,156.10669472225,316.84950837074484
2658.4465781721583,-2820.7023794286088,87.2336204795473,323.11262142906594
2264.271813081531,-1686.779072846346,190.2379730861549,321.98844278735083
2139.2497404061596,-2479.7078676769656,205.25151188934836,317.31691542607433
2387.3253132478794,-2877.1382970908217,106.75310575725553,338.4735341727666
2758.0814249888845,-2818.7965017624565,4.443806625556505,308.8327576127194
2780.510073369741,-1746.5377735481954,104.37565889137922,315.36049269830204
2360.9197366781545,-1201.3859144525181,246.37074077416747,315.2064093958378
2061.072177344689,-2840.8788125505807,75.86374137006753,323.590035666384
1567.8215333499224,-2423.784536847132,119.04064658895771,330.59040672044347
2152.4699166561063,-2288.0786653137125,208.5444089776198,339.5127315110993
2211.733505837323,-2021.454805102288,228.01044592422807,297.11213444829843
1354.99953524074,-2012.6796843085676,133.99250511717895,312.0839570466905
1828.937817037804,-1649.9996187219206,148.0597531102092,337.89030185635465
2523.198652040759,-2747.0847273158297,191.8815955700699,338.5909960953087
2702.6004779020004,-2583.272608364754,17.457099661415242,333.25187425753944
2899.0287423659697,-2211.2007656957385,216.00929489369489,305.31799461830633
2549.1470420212063,-2697.022643263911,220.5266959333671,328.3047119040341
1408.9036029917038,-1372.5061802894131,-9.030647165430093,331.4191704389652
1017.5105238049442,-1593.0850971904265,164.274897091429,299.7971184842889
2542.1702100544617,-2833.91549410513,47.43054361339959,320.79690867925865
1342.2330980928,-1240.3535733509814,84.00261301851057,298.6139910374173
2256.3712763903995,-2815.2755720966134,164.60508112461562,295.9982962359624
2074.552999464976,-1507.6954206731389,-10.301200632142896,337.45019673690325
2833.2136448000706,-2652.498011964908,221.7158483374416,295.9265233032376
2600.716375654927,-1312.7192795385254,16.03082342145956,317.952328287714
2067.009509234632,-1024.6521115218627,144.0758541226991,325.4009676315977
2594.3647814201086,-2518.9743635635887,119.18486373928985,301.6789643680767
1377.3225342793057,-2230.949695013996,9.689186965232313,322.15648101746797
1158.5574154895191,-2647.9784663092955,63.11099804447828,315.959796245065
1786.58705734749,-2777.443851363116,206.11660743095942,309.15356843773776
1453.8600433219694,-1847.9363007267514,187.11777165882742,331.9872546153662
2962.4882308572764,-1307.8282329186864,96.20455302428033,339.1750601073014
2209.878024825732,-1536.065905370067,207.52868430874227,309.2368428361541
2892.5713503053053,-2024.8368185041375,117.87055929942602,335.06699212328584
1184.5139561359038,-2136.2285394862142,195.61033165721852,313.7916794278408
1834.9892472859153,-1594.8189046351038,86.14631800631558,326.3029528635163
2202.224832507109,-2866.816904477926,181.7822905716872,295.2024393025163
1083.4515021123455,-1946.3102322804125,109.13447030574811,317.5795583328428
2155.696647798853,-2392.392370698018,-10.373527372740053,301.4102152703145
1258.1037728299102,-1798.238831265271,12.221741508190664,308.8477029955953
1316.0312446827782,-1040.2394122410665,197.94374883468845,335.3526710528695
1684.3976603218557,-2162.7653965678255,255.16228001499968,333.8507028993899
1502.999981385986,-1667.8226515298652,94.25649461219545,312.2418181174536
2200.9397543010145,-1630.9102834440287,191.774957061561,331.7114650804227
2666.7444265075683,-2101.3286529883244,192.68185394634935,300.96262984598786
2470.751532072107,-2908.8289630821337,170.07992693288034,325.16893922237387
1010.2062116406722,-1191.7864634965138,40.27277160812759,309.7195438441689
2455.1673322976453,-2616.9621319568882,59.59292562723762,312.987770414221
1836.7958908462228,-2993.2832787611997,200.0276245937672,322.93668282071735
2311.9673475390036,-2718.7580262003817,238.93762802356548,318.15098293984244
1235.8977886465968,-1604.9140408372082,252.46503876182925,307.9277336895558
1096.8251329095046,-1063.414735912084,71.60606905858924,320.96874470164425
1693.324674609135,-1956.2271343884477,159.45550892199617,298.0252726569828
1262.145594327295,-1098.998591685977,75.2474709616911,323.21252724748655
1596.756096374589,-1420.4171967600555,162.7751494196858,306.4883694780158
1212.332147810362,-1986.6048222739032,26.051161082118085,295.30842765874155
1526.909299929404,-1822.8551483601009,110.67036405950374,310.066626764081
1852.3629330837198,-1422.2601185998549,42.935274329225564,304.55213378441726
2431.8216414929375,-1509.5927002440137,99.73507193739438,323.22359890923076
1214.0230729880407,-1834.9494889690006,120.62657302789037,298.3100784886865
1470.8094057957885,-2290.3165675607415,243.3632172168862,304.77254331397
2727.951596867365,-2296.5565742943545,214.14744815676087,302.84225594201166
1909.1645422120932,-1674.9024594896375,139.26024660512655,328.2133561369805
1282.0521424923995,-2043.698534454039,248.3289287532911,327.06656663104087
1246.93236121097,-1333.5318972956468,173.15424529388582,334.14892856553155
2949.4165816479635,-2099.0976512387324,143.0293530734899,332.5788788483977
1219.306596819316,-2947.268928868625,102.70740260320865,316.21689610037504
1162.2038993908993,-2471.5017461772736,-12.70181582452616,317.70380072182013
2923.758682955344,-1579.7482144295884,86.54308038959766,301.6252524466338
2893.473346586932,-1648.639262437451,13.783348039719964,309.96473606093787
1459.1949849384173,-1108.915540885083,45.54747198356996,295.994690399652
2790.4779177511323,-2358.133394441233,117.93583425910828,316.2219270028629
1306.262222908619,-2094.012100360801,46.400690090808375,321.65189890619615
2160.1122833407085,-1915.475203272565,1.7734693434777995,318.149950306119
2315.4190925317853,-2936.928769661106,142.3068392672887,324.3278225185137
1693.913853513221,-1012.5743837281357,198.1773056366074,322.407807877983
1749.1774609031017,-1491.2210149326181,52.204556901453586,312.4252135666688
1962.9168239633716,-2035.0873224732325,21.283268773797325,295.24127428723745
1264.5372862744755,-2353.5468065066625,38.22574080417329,320.1668514765525
2863.400912514148,-1826.5461180262512,51.58883721096264,301.0621889577484
2410.6000482698587,-1701.453797806054,1.4008977638676186,322.5539671945563
1096.6851581296262,-1643.600885545365,98.67424642723971,308.17598579557614
1858.3906046302634,-1768.3369523775402,154.44531572253575,328.21398101565114
2025.0475051987496,-2135.487154674046,130.8605940050434,317.94411592328396
2209.116091495157,-1106.8470909569592,221.71806780447477,298.5907122676006
1026.6789831140663,-1835.0912464746675,95.17890717293949,333.6546095376906
1174.997212250298,-1987.7789268629695,235.9004612110773,300.5395156636211
1667.164461697487,-2080.9348925036184,139.61961692777447,318.17488757770855
1138.4670773665405,-1635.7758669212444,10.975358936214054,295.29191838320315
1887.6102686321778,-2062.309403957581,159.76666930251088,324.90121217841306
1889.8471273013613,-2773.8547154813077,46.887280206567446,331.3142607828524
1329.805565222921,-2445.920400278252,48.11144786479328,299.4577870828807
2000.3780022361316,-2889.3939649699923,244.42208905360735,303.6320417134216
1636.1750557928299,-1621.3162990317605,32.37141516236364,299.99345262748125
2193.4964280973236,-1414.4961721261488,34.15643574995546,329.9330184411931
2847.2389758850622,-1608.85038555463,223.79995922305704,309.45649169266153
1035.2025500366697,-1072.8522185858633,253.19213932306656,307.7309476875369
2640.31360990087,-2431.724447566946,13.835018411871296,320.21267849043477
2379.151410834772,-2030.809260417821,-11.212762042690834,302.0688519222712
1702.0966677217764,-1363.7271802297275,136.027922545217,320.8909134620965
2151.2118577169404,-1069.7559099273049,36.58008379137466,332.52402996187664
2547.3490047566897,-2097.211056842379,188.97260255479927,330.68725924163067
1923.7557609916985,-2277.908804699405,250.92953490315995,312.36554222535045
2011.024293193449,-1456.1332303570262,228.9403395569087,309.5237682473407
2792.0833578564752,-1940.0724758724255,169.59820012143535,307.5494705961831
1488.8591864233892,-1905.9039151501734,226.36288098297942,339.4239950640676
1746.5639288839488,-1180.9107981474601,138.19543906225513,301.0254547616564
2333.1191771828085,-2056.9896482207732,10.678646612971871,320.4876376401098
2265.681000277221,-2640.9621072789864,117.11803352795076,330.9599021873702
2310.386227790918,-2035.916496358044,175.0919124740094,304.03520045579927
1790.4464663615413,-1140.0508914986256,235.460187969684,339.89109945878505
2807.2276330301474,-1968.4232956893104,164.14034447891436,298.9946512932754
1292.8965093503764,-2692.354476825223,33.612546378649306,324.5781687308933
2718.0335840107064,-2490.0720557279915,235.13105092183807,325.31596238889205
1566.4758906195968,-2545.680448784783,-3.9289771399149878,326.65233964857754
2207.9457261757543,-1631.148091859299,20.153702496136027,296.6393230793714
1904.7421556660909,-2735.5233053792404,222.13027169739277,316.86272864583987
1215.650043766821,-1761.3997973087123,114.95523541763635,327.8396768313069
2502.4324608403253,-2370.5085651677423,158.13650741774916,336.815190912999
2124.3700161127263,-2883.678772359277,133.1772524584308,315.65558324283364
2417.130277413653,-2199.3977042819834,95.08289274146146,305.95702860516474
2087.454397808012,-2403.243953597148,31.684795774093892,313.75685789186673
2904.193719345275,-2244.710265154312,-3.4328827370598543,313.3061201357808
2747.79536060161,-1456.076197851336,36.995608898081166,326.9347346719486
1335.0697240369564,-1277.9402994522125,138.5752771688255,295.4100474269258
2907.096675906523,-2199.431164965468,6.186470110144921,323.1065528911434
1769.1223180539146,-2215.6816856717323,83.87203937646036,337.26160341698954
1829.1108067040589,-1516.7610775343387,125.59358383020239,331.86313685352354
1570.146537626822,-1006.4085216543285,222.49524228502662,321.5957159665216
1898.7117044338625,-2904.0827169174836,9.122227661718224,295.3231444690542
1565.2935644050501,-2821.3363794656775,217.06591484733616,317.8401732199222
1278.5602963742213,-1505.7730949546508,77.81105505500472,317.5635275334482
1275.9309704913117,-2227.209349751792,227.4248676164293,332.0185936752947
1825.32028829637,-1894.1464701141035,153.86963483452027,312.2130174578411
1477.5989872676403,-2104.8875631950573,168.654378995892,332.5806282202192
1588.1324601192428,-1747.967326890012,207.27626101936315,307.95708263870546
2268.071128870499,-2398.2189515099108,133.6486261023171,311.06059869570845
1373.0564907457888,-1664.8307148931212,209.12186100056397,331.2400261732755
1274.6787982462424,-2048.9200756730274,235.3131298886486,334.0813021350617
1973.2267341449992,-1098.493610382536,9.72456705812279,312.0797115279369
1881.5695234418176,-1835.1360692964204,11.559599826600273,332.72488507739473
1179.974356789973,-2854.569714196908,89.57085775081804,318.52660731220345
2417.5132266997207,-2234.3554261144354,50.89600301903208,333.1091322113476
1511.5376509309203,-1535.2462380526465,182.01656465617546,305.2797593838522
2810.0979594913997,-2354.7230948794795,27.70473253475675,329.2887489462386
2885.0464016795236,-1875.6091574321506,25.509718759536646,326.6573520274994
2781.3439587757,-2778.4033459558973,29.648987372743655,334.9490249438683
1168.9679158695901,-2070.116381583119,144.685439581704,338.243431994468
2584.6610957133344,-1342.5577946736619,106.08537927341476,339.59114248032694
1227.0251948621121,-1683.5521492432863,242.45692524292292,328.86293028659355
1837.8707180723459,-2522.6307680787518,81.16507019643677,334.70501435858085
1284.3905282233886,-2041.5488224720316,195.91568585576104,313.7692917798172
2361.326094209316,-2325.0997596068164,55.75157084490063,323.37419198212206
2255.2697582660694,-1406.775611033122,19.05305548754314,299.97377239416
2383.9001202840227,-1391.523747257212,121.91233809852713,337.932354659701
1252.291196153769,-2241.030405944903,111.35992878941374,332.47322307329455
1738.8236877901736,-2232.2769017233286,-0.5742812728860152,318.46933195127565
1304.4095097818179,-1213.9121393295557,3.579105942730191,320.0727165517892
2743.455633483487,-1712.983141296058,219.5291273992383,304.0418691774502
1351.5034937486694,-2474.1660449003507,54.03479069911643,328.20965603893757
2748.0621495001806,-1874.6628953000538,163.72196114984348,317.21309841782164
2274.9963047478836,-1307.5167498334224,249.95431546909396,298.23483871018806
1294.355034963165,-1074.3841605045825,160.8766548255705,332.99454315598314
1221.1351806185955,-2334.4148327470925,79.86912052805326,328.7299810616692
1357.8199526653812,-2487.483181668752,17.645970190262886,319.8511798464274
1750.8862440736962,-1885.9076302071255,79.85481797302758,299.99059889429947
1541.9270332358421,-1759.7904319517004,110.04797762280661,305.02644500787113
2602.797475253813,-2914.3191384237816,83.44079309394475,319.8510947428302
1716.2597138317192,-2487.9843864413565,244.70334320538984,318.9544224859918
2257.6060785522623,-2635.5905408227877,190.29400276478486,302.4725865364415
1392.7061961473598,-2247.9131162652,158.26248021115399,337.80988692657
2172.9669977999847,-1982.4388583833581,209.74931829923807,324.00014287040113
1013.6920493559867,-1787.9341926828138,109.61644911955013,297.7213047178412
1582.3683999483649,-1956.527882529895,104.41399770929257,328.7601112523496
2815.552809614304,-2362.7613402414922,83.93982631592421,315.1340622043752
1703.7416083895398,-2799.1097210310413,158.73487925983503,310.5256320260586
1536.7346107332314,-1292.4235431274146,3.715973718183612,299.67770755876916
1685.2466630225997,-1748.8410852893678,148.82722609236953,318.5711257846848
1510.3625739654553,-2221.761911634265,-0.8426990904943317,324.09077873365175
1690.978767914769,-1859.0595988544883,253.3862442375658,303.2456828473545
1887.155637093946,-1283.7851180837492,33.03258237455547,312.4768150741842
1194.0661097673478,-1894.6821877610892,191.02528353300318,298.4597346906244
2281.0180988090397,-2495.196985454292,47.82311253086149,302.02630519289926
1995.6700622385763,-1233.1919801996637,17.02013183187305,299.9141619339082
2907.098014353345,-1687.974898876849,43.089328134447804,318.56873187344684
2500.546795119356,-1796.3373660894295,123.63435955730046,312.1673139201417
1314.8215334124657,-2024.3399610284177,-0.756324635359455,338.5266637031369
1097.0052396006038,-2727.9695629464786,127.45420148819801,319.91553637122996
1183.1869838009648,-1920.0701268015723,162.85775090780547,313.97333343535536
2433.808450900823,-2562.0398889805056,188.59789844903142,328.8943003602893
2843.0347279816733,-2061.24813640967,228.11529702508975,322.3787831938577
1769.0329379573218,-2171.417623517743,255.24091116609816,313.7132189329083
1298.0628670835274,-2171.822189690275,191.56918342166261,339.51309133414276
2532.486564905663,-1913.7615625848678,17.729192610909834,307.2743869251104
1674.1593949202402,-2839.180985381171,194.639968396185,320.4533232071735
2460.8925753468184,-2087.6846439786977,221.48368393999095,322.1886105944434
1192.6603480421907,-1220.8331921261408,136.6072000652951,305.01888779802516
1102.7137633356656,-2502.8506846502587,241.85229657432586,305.9837627918277
1552.9875947149171,-2373.5928839981884,-1.8840011676338229,295.1590157238588
2280.9143789557756,-2873.456957595559,170.06690382339062,313.5799810606252
1051.5559501771795,-2979.1041069046246,141.77106913821646,323.31499458875606
1416.253431876511,-1076.2727849137991,204.84821276766243,328.4317445475547
2969.1883122465943,-1503.0648196998666,40.53396305651524,314.09854606200395
1946.7199573233593,-1905.7621599182671,255.75880091306573,332.8777595606861
1912.4019278844646,-1543.3669140521952,139.85587192124535,324.70678552274273
2117.631351871217,-2136.2666295823847,83.0729781507825,307.6595113096131
2724.7833226410694,-1464.2162907318666,132.46364539658614,306.0727112496891
1809.2153398645594,-1872.7982292655906,32.45338745322141,303.2485157534916
2774.9135650943545,-1965.5215260409161,76.45229081730778,313.44217867606346
1040.7327526649012,-1511.3517270946631,37.511549281822994,333.2934137355412
1275.8562031428369,-1890.3260522026503,4.490612380554946,330.52068150880706
1644.7448134899173,-1029.1297890546207,27.901547152476567,304.76620944729416
1144.8446388925977,-2995.140181931995,246.81691622950223,330.8702455710895
1535.2178798338637,-2413.3928988886073,69.72969579925984,303.0385975392092
2241.570734820709,-2385.8734592471164,49.286298865745266,338.7707740988371
2250.8236424129186,-2894.9739245280357,-8.004496743238136,324.495539837551
1502.8529529476846,-2311.6936131181124,97.58373932289825,310.271949902984
1968.3617590704457,-2473.4805540419993,155.0542109734996,334.79841220432263
1869.0852327967198,-1040.6549144544904,230.97878376164763,295.0439526540876
2670.673332926893,-1114.716591220425,132.76942734426206,297.0280251640957
1508.08519758797,-1657.7795184683537,-8.902431869142408,305.10366880782107
1160.145147191876,-2264.4533289199735,-8.120135881106892,309.2324036145153
1029.9087152653283,-2553.0184744455987,202.22221643379606,295.0645533867404
2322.6656755563545,-2021.9879470105839,137.09823422029243,323.55842157021306
1242.828779169849,-1992.729190774088,243.45649790214122,309.07521363796934
2726.661158168745,-2597.7472287999353,-5.96854877685106,310.50291543687445
2389.030610017338,-2418.2068582119923,248.02650581961996,315.70764742717427
1863.957414904071,-2328.494695170456,166.6746825060782,328.1879591233444
2650.221217013803,-2769.2218323850325,139.1996200553147,322.7333523277357
2012.6306455454783,-1751.528403620535,73.16802752616434,333.6591950923129
1465.6575329620525,-2565.3455849228944,50.001533628089646,297.84661001480583
1641.8691061852796,-2381.6416498843423,183.652739079259,298.0351489475944
2949.8052819959744,-2267.18762939272,53.85482967011687,334.28550927551163
2534.4441211472013,-2555.1420868132473,-4.28981872954312,326.9382940182177
1751.435177757807,-2674.2949844778022,206.2207770568152,296.5767623000412
1596.5229879194674,-2853.187761362875,56.85029235620824,316.28294541965914
1446.9573748219043,-1342.451662546827,26.565094746053667,314.6442993497393
1310.298462977603,-2506.063389258188,235.70401650187276,304.6595451184246
1017.5558222734464,-2597.8856593488745,246.26591858617343,334.8448794350201
1795.3099266889658,-2767.368699748947,114.60818781708596,308.90615084483113
2494.671365190983,-1660.8287845979207,212.5097739073559,314.67455293091666
2956.6585302715216,-1176.0573529131714,19.079959111510433,317.2852111209489
1071.4150507333543,-2906.208077042278,227.66415168328098,333.0584068556576
1970.6899546591017,-2891.579718546669,187.5176039079902,323.2016335416393
1192.5079973168142,-1441.988088109713,114.87522006799449,314.8462761068881
2076.356326124326,-2506.4867133503603,-1.049943905797738,336.39318500912026
2223.3313179450824,-1844.5837568423278,50.60965132146359,316.14162113737416
1296.0257411135717,-1187.1788620215596,115.43483950685928,326.06270810491617
2975.3939992625105,-2271.827960099277,229.21507321602178,319.8849100386652
2531.1829957648533,-2216.689481976193,149.35520418730363,302.6611823591666
1691.3763359742384,-1280.4510615312013,155.59141921161654,335.1055420186245
2060.6685837707264,-2084.393763819376,159.78091314055249,301.74266005269385
1085.7976288291004,-2379.8240829164843,134.21360926686606,323.02997674002535
2715.9404522393534,-1833.9264223206142,234.58493194596392,335.6747426482507
1104.5283323711892,-2370.5997987643295,95.85683586151774,323.0566149287659
2514.0982747919707,-2023.1206247893897,48.608730737349305,325.72360782271824
2403.859632646026,-2905.4418359982897,106.0034292299095,300.88142301653454
2201.8131006815292,-2946.6728834029745,92.51250314276179,320.46321138810083
2149.443298617085,-2557.465894408729,111.96955392526095,298.40979125388003
2281.091151867782,-2491.5230200043757,148.16389609911758,324.1661187239579
1355.772160600633,-2847.0902693532453,191.10935324195202,317.9059190362303
2550.727222751656,-1547.2834897898674,258.1729794633509,327.66794518722554
2848.8119948731246,-2210.583006959695,208.91740267302615,305.83803389724176
2210.093481690503,-2846.6592826834653,228.3662215413134,331.3587366482964
1648.2817059430736,-2187.1316544970314,136.78210521528362,335.76156210312797
1468.2808603508383,-2773.689233421475,32.6920758751856,308.69640942392755
2443.4437365067483,-1763.4373522888586,244.074656826046,333.5598512558683
1904.6683363562656,-2666.4554165604313,223.71436818330284,334.1895985122648
1549.6072980508031,-1683.8601756161972,218.12031208081905,316.65077868875886
1329.5463984405887,-2060.5324564399766,189.3150080842803,332.40951818670317
2532.0959388333877,-2798.0644408050493,249.40507685009487,333.0132794663236
2176.6391000838817,-2698.99861006212,193.8668746861528,316.6352553237233
1343.3787276707353,-1437.868689236074,125.46258595064435,308.88211276974107
1677.4426943671126,-1250.8944898995903,91.78529008423934,304.5987629430296
1472.542792644775,-2610.2609230405087,189.44084609036346,303.95181352508433
1834.2476910271412,-1637.4241841873725,195.41032150811276,311.8725592958127
1940.886744347793,-1341.151717330748,61.915350723662655,306.86352203563706
1504.2280838614506,-1896.4745578749191,43.1618998815961,328.8029508384069
1244.3337412772316,-2637.4198714133145,222.52401698769958,312.3383472216337
1132.697692660676,-1152.3310544138524,134.04439980512893,313.2518468770729
2095.178215516461,-2413.076013790101,77.80868071955884,309.97455483294544
2624.9093474179076,-1496.109461332281,40.69546794704446,323.9334708252141
1500.7237631135256,-1638.8598234987057,195.78434250186234,295.57128574614757
2764.4496894849344,-1918.944586028968,158.61640792325244,303.74219250260603
2589.9892051773377,-2226.0914986520606,23.358005465664867,316.21302641704796
1186.6623851210215,-2682.555851766053,-2.0089835968325946,326.86703833203427
1495.5707768805462,-1211.070095976507,154.48318857055014,310.2070786284276
1876.4479240676342,-2915.0724608783703,87.45759089589531,300.5141379507481
2920.3785265361466,-1628.7084307790012,183.47484722745764,319.90346089846344
1736.9872403186014,-2139.7580756548714,95.99873192828309,304.7646601820045
1474.6485893144934,-2749.421392326774,248.50282270489822,331.0477991403146
2232.8113100430737,-2591.294584914115,147.15220285707704,319.5499008912934
1606.6567863171854,-1158.3699759137521,129.5728205202228,316.0238385215668
1891.8469271277004,-1318.636925672299,148.3038487434619,318.7424321765661
1289.5603465052345,-2583.434802415007,246.45029146555652,323.10533134248794
1550.9744063949274,-2767.566832082678,52.43816448933845,325.1049629693911
2235.949940829434,-2437.29796837537,131.58603047604683,332.33883997333703
1547.922496551737,-1595.840322567879,153.7092076963962,339.0213210277387
2231.3476459994317,-2373.0895243341865,126.22400410276825,304.0176394080717
1717.9534630745939,-2323.5710959178236,183.1212173501513,303.58993652521093
1678.6006593622883,-2364.753475823503,216.56859447710693,300.9501732165815
1435.452407111414,-2884.0646644510603,16.397481863744694,331.8907698689916
1891.1316826292077,-1212.2030910728072,105.41930228080284,307.2030804933562
1763.293145195252,-2339.565319230767,106.14617122992972,309.8573661467279
2505.5049840153174,-2815.1716318027957,103.87610973148544,318.71982126043173
2290.0870185521826,-2374.3608177878364,192.96506561848116,311.0190209813904
2245.839257331506,-2164.798185615486,158.38429199681784,302.2360382538206
2726.43386214591,-1840.5196565644264,141.37136895074468,332.1071864501471
2469.858346023233,-2795.145813925632,138.9258817567385,335.4893380963255
2382.0175875361183,-2056.5439501248857,209.629019079731,338.2144536962124
2437.444316910376,-2856.810952379345,112.06851702600676,325.33862177829997
1589.7444185508891,-2573.0702618350065,211.8784358094777,316.764281909586
1870.8372223143301,-2150.1720621982367,233.4833858143873,333.0039716963073
1655.0082901282894,-1928.220173362375,22.03245462183626,318.6296158371264
1171.0848323188554,-2234.539073393594,134.07577808440954,339.1774990666573
1872.0080845484222,-1576.3851738428953,103.45465073510235,332.6435328467924
2460.9457739258864,-2322.939486460967,39.86567796519934,307.14968956161476
2249.1627131510286,-2407.399953185435,163.89570216271457,326.6538821157216
2112.2233925291057,-1353.6744119504629,202.66306485731235,307.94497937606167
2455.0560184920187,-1143.4506763079128,232.01233373498306,331.50019938789694
1359.9098115794122,-1859.1242353167227,233.89944324154303,305.4993794167623
1239.5680493590212,-2471.3194542429464,63.896672031782145,309.6897843761562
2800.045127528106,-2711.2203600505436,24.367975719106127,296.31492300095886
1203.4215092854306,-1189.7094239708606,200.15619649267995,307.2882770577703
2514.2728037263496,-1221.4660102269866,83.01719754932687,322.9327638119708
1846.7805180156397,-2754.435854614076,124.4338742545915,313.0694715358542
2166.906550974527,-1309.427679826472,116.09165679517926,316.30180683812034
2817.551595185214,-2786.1498023213762,252.20488656781288,325.1062714688566
1035.972450942312,-1934.2836612904798,240.58561135990922,336.9967940352076
1330.6579830914256,-1805.295751601951,45.10542148232836,301.9044691300913
2093.5032198797635,-1255.7367435046474,176.44707769460442,296.6835994867138
1541.4460310549184,-2867.4509431415545,45.75168954497817,335.1761652185498
1262.64087387733,-2198.847595715462,83.84867964301414,320.58906892973005
2176.950718947825,-2074.008907526639,55.79438627900376,297.8266649126698
2117.6308005620276,-1004.945268709537,14.123580381171081,326.8928953706074
2635.0481730618358,-1494.7512477740493,68.85869315262106,333.1416700888124
2991.0546369627455,-2882.965720972913,89.80835892143683,334.1620742530034
2492.005266791482,-1260.640387183934,169.18864673250638,312.41336673733974
1343.463624047691,-2857.481735715294,234.24602443790985,307.2354672951641
1438.8343046916978,-1587.5544665133348,181.9978348014697,307.8529377444375
2695.7551351263737,-2848.9786122942933,139.10065885114582,332.2955584485959
1998.4120379700266,-2495.391278801696,54.48415647861249,297.6667339277449
2301.209275208569,-2853.1988759202122,175.97585052477066,299.5163636447927
2597.5498427933244,-1365.1182765919382,141.73589672224549,318.5125309546909
2066.8001668849256,-1195.2392527161005,258.11601793779903,327.62887523269984
2007.4402959332979,-1653.65306473042,144.06782799752415,339.629704907154
1468.8665088174087,-2238.4384150461183,81.39064870225977,305.01381812369135
2546.850925538939,-2525.9351386388116,37.40855174625773,298.2144380307903
2426.024092286415,-2955.243819094727,139.24212247456072,307.71724595747446
2526.9590006949347,-1207.09591165727,35.234570300297165,325.9700730115512
1722.348783605452,-2599.3863807753223,163.72490190713035,310.91629078344215
2098.7315011716323,-1019.6679594154334,164.91541007175243,296.02672661825443
2455.5640367287997,-2550.372764592815,94.2049330206133,336.8477823175398
1781.7287665508484,-2291.6428552214775,122.60869929539902,319.6933101570986
2884.2433366498894,-1882.6342900219074,15.63549375783025,325.2484821926267
2551.6325173324876,-1290.6697472345775,39.498882429626185,325.534596676817
1917.3996831850773,-1751.5091226662905,127.50831423593507,310.41752550584755
2192.8407986528036,-1174.1454026494714,25.132074632307976,305.5545184367912
1533.9058032940115,-1894.1183566009606,257.45473148692867,323.6427109864359
1173.3520237846224,-2485.8870270415537,122.08492199510181,305.3720961708857
2804.5117195739267,-1514.293624990813,2.6735429732330225,301.61060413432784
1414.0816762062618,-1395.6852802215342,43.387302120751386,321.72671935813213
1455.7554036546715,-2996.2745657257947,140.49698407608264,324.1427721066621
2800.3142571076323,-1732.6154734766126,178.07642923700232,307.486563525558
1552.2484356955617,-1283.7644214604852,110.32665576348343,298.62778524866843
1674.2922910825005,-2911.9274274906156,156.41904303421592,333.1532973973097
2896.938987463055,-1316.1526534019667,216.4596266122769,335.91282279711214
2150.7841511509087,-1470.2103741130682,171.72577907517515,327.770632705825
2644.7788936856114,-2088.3293952951317,160.26797797791508,320.41658376134495
2331.008927967002,-1872.1287882636516,93.27864475115126,338.96149808228523
1913.991429409392,-2152.6971328553445,16.335306022898155,309.52823538968244
2372.6729614902065,-2989.378405625938,248.18403193073357,327.1010572752012
1400.9964222663161,-2019.136699102662,30.769399642523233,308.4704777277166
1200.72261002935,-1245.2658289737942,105.93552781837734,312.8736689708692
2490.440075161635,-1082.0748117485218,240.6163513564837,326.1421463199142
1041.4986498456108,-2652.9420426534507,6.380515369823492,313.45856675504484
1049.1841437746266,-2517.712958161152,254.03961614854222,326.49884761845703
1628.472485462784,-2616.0895836099276,202.6301823030331,298.64969521079377
1533.3781958554284,-2536.2985579240044,114.6477376557103,335.84571142076487
2872.344850696256,-2847.4849634310963,152.30068942276446,305.72677703310825
2735.017191849005,-1020.7711708647425,136.1038411373554,312.3656210298288
2406.8748587966647,-2662.299229262437,235.63115042218848,326.41496253761755
2248.1759059873634,-2230.006498550704,221.48581126740697,307.8085221028168
2087.1278854643056,-1928.3323268400043,91.56190541577428,317.72046831622566
1618.7848176307712,-2815.4743888285548,218.4195488202235,321.2243580270079
1735.3675698150682,-1559.4080991959834,14.483089350025306,335.20888315515515
1903.5158080005835,-2871.4700904875353,233.60951592617752,322.23624541567204
2494.0707034267607,-1637.189604359504,149.22695170831747,296.67143779345497
2081.8631706598935,-2430.8650203354,241.1175838087649,321.5156551188737
2194.348645209232,-1726.4433780895524,193.67720811109797,301.6933374781609
2281.476283639262,-2102.3692466706643,146.91040459954823,335.90656285907596
2823.7249249977513,-2329.304708029436,252.84177153052252,318.7161890133523
2529.0464424207285,-1838.663810153243,141.55289303574202,305.22217439764955
2701.9875588681216,-2995.223383060338,101.01584929864083,313.35593657566426
1477.9075056334923,-1701.9772894536327,-13.690717226764788,300.03599753637263
1289.9769193389698,-1905.690985578822,21.42810588463059,324.340443126886
2359.2873755455785,-2586.8812483609104,243.18558590144994,295.63079117018617
2505.2616735790702,-1481.9149759811826,168.3161724678595,338.0473999161252
2684.515717576188,-1335.4610530491234,96.8880843547325,339.7197500029235
2757.1948380053436,-2506.4929320447222,230.77139710872027,296.82913498384124
1864.7541657292106,-1533.9541427312538,113.62785958572525,296.793311170761
2075.3084678656505,-1351.3634823008729,-6.129931575662864,304.6532384736415
1653.8819297178495,-2177.6091122151147,35.36433226941523,338.04520875463004
2780.310156923135,-1399.3015822467705,121.87971844223722,339.8427715308544
2868.234266941302,-2859.6636507557414,9.942227077972547,314.70230573700366
2864.5575372524577,-2011.175191107685,165.56507078549504,302.94990631232747
1907.5529393376294,-2398.259026100383,37.79014080796876,319.02304248999974
1203.4532149395598,-2193.828909082126,167.25196809026536,332.81710167079837
1660.994337331687,-1009.0552468797719,82.67328924314216,329.00633137404367
2707.585936567927,-1333.2947584486633,115.82790157169273,324.06245159296975
1327.1737440420188,-1296.378419877369,180.55875818942823,321.77558193886637
2086.937708120532,-2727.252194061023,72.81345634948413,318.29180093389925
2360.3624012394903,-2266.8704159453664,73.99190470277024,303.81598956629443
1395.003809727226,-2616.187265529508,227.30150658140045,300.5964407308925
2740.9810908422996,-1189.0295410959404,204.02934404218573,326.0119617936929
1038.3031847223665,-2375.8249079297725,30.4789785811138,317.93060736712044
1980.854683231211,-2760.939350937203,20.351958340022726,323.56003646641284
1695.3362094898632,-1443.6000396734767,94.72759866898689,331.34467282458996
1626.73587597829,-1505.9303391126205,124.793683536678,306.5137586111532
1038.4050445947166,-2922.341023618531,45.045816045896075,330.20834588591885
2217.971204930479,-1832.8861419372313,80.94668637134346,327.35389969480525
2630.028679404489,-2774.1210667557034,170.5505124717043,309.6698569932285
1971.2889310544288,-2223.4739974452004,-2.2869573465560578,318.18965620601506
1424.5837363799583,-2928.6604585795058,237.6110937844415,324.66657943676597
1227.753611171778,-1341.749985027092,193.9477090883026,309.37166149162056
1354.3226703412229,-1751.7415310772112,41.63035992418159,332.6409032486157
1617.268094699421,-2766.4078859364486,250.8053334551392,302.1310016548239
1025.6599339863415,-2587.6233473896145,144.85391621328517,301.7121320954697
1900.079096198309,-1209.8374576287235,219.7259367576666,332.37808224785954
2837.113829023237,-2365.623860541426,36.49496206502117,327.56379567018735
2345.744238848778,-2724.6202640618567,170.94279099803214,302.7546366780781
2966.9468097888325,-1551.0691294719845,72.41516863398401,329.36773424250754
1550.0111221736663,-2208.779670122475,120.81318259962464,305.36855513175504
2541.630432906548,-1393.4613806650873,136.522624667474,303.55228388716785
2038.0498489243614,-1200.1624603656128,235.85850013470312,325.0505440324516
1668.849264668091,-1419.6244743914535,203.33267031825298,299.93658004422105
2990.321737439209,-1279.1730809392836,70.82940601860547,305.8128110532832
2137.508924738651,-2813.4748281805037,28.376181378928315,325.3391313747529
2927.0025386042257,-1471.2046871272248,-1.018732833981593,334.38766566373965
2277.164158609757,-2078.441025556427,183.32315246342876,335.05066291761807
2502.4956724107337,-1263.0381296896376,-3.0505496660021922,317.82487004461984
2988.131618798523,-2841.053184106377,239.03772446069826,334.12574247945525
2624.2556334607943,-2331.867475728827,38.047830847775835,316.9281831369565
1412.1327624884284,-2988.0166944099615,231.91854547308623,312.10867203783687
2524.203908593164,-1579.636197344157,108.14171723252839,330.2928693763758
1789.315435641322,-2632.9409386056886,125.30434535602242,312.5590262832698
1728.3124011829664,-1599.1659601959848,120.3968007616225,311.304014542654
1168.5430435772912,-1010.4439503281426,-1.8280061394116203,305.6544181233609
2150.844537332794,-1762.006593432916,227.97033724631515,316.31544737839914
1336.423518125804,-1253.220413931599,168.9438657463028,305.57559329020035
1152.6203369669213,-1547.059267133912,17.574589009753893,298.537039013945
1580.7691108933595,-2998.2445661427114,256.5247922121892,303.9543475721055
1798.2760939148434,-1617.287589866544,184.7113630218798,309.39168005558895
1901.845104526668,-2275.6680142702467,166.98431032668995,320.9811666086631
1771.6958387101308,-2948.277626206292,197.52564823168208,302.43345733943397
1831.46217416559,-1831.755661930358,42.83309881848823,334.8474152070204
2660.476434507074,-2608.7148898463047,110.58695260743411,314.36103284510784
2690.475528409736,-1857.4980780235696,124.50842496389777,335.75349065304
1716.811163758946,-2423.6661612570833,26.64610598668967,305.02611174826524
1611.1775630266234,-1499.9950054980584,169.31656725346718,317.86077186255915
1558.2303805171105,-2521.8534388685557,88.6488162415855,329.3638974461332
2351.2087162919242,-1294.962404342836,176.34756207488257,307.3445972251169
2089.0666257525227,-2475.113188290903,225.07321851714076,310.43333444222867
2156.8050798153854,-1609.0714623559036,46.859179105424275,306.47784044286465
1896.1722306430688,-1760.4692380783665,229.80812331012856,337.0106236771041
2448.8697192136833,-2228.107718254406,195.41909973743216,297.1000845201539
2584.6353310371687,-2367.774682731115,149.3209649892379,335.66546440674097
1346.9394872286716,-1722.257566880944,13.848936888794483,333.59258397725824
1299.9876287284426,-1831.1925461145881,27.512532779888623,339.8184541539634
1242.4546577224862,-2052.1903746295357,31.36665420708654,321.90833794940403
2565.7285397134688,-1545.1992483097235,254.30266004700138,322.82728644373105
1765.768078501405,-1181.668737685079,4.309061865673392,328.3066845790157
2343.33961174096,-2011.3212070440677,116.27889274008655,318.64621688230136
2893.8180884757658,-1739.9433825212693,196.87111161578864,329.17387915994703
1154.1303406478794,-1700.4853664514906,214.06100952165625,304.8731284182246
2460.790766864365,-1928.5345192744273,129.7380622209325,328.5822581228476
1900.2330175734755,-2354.7678024553666,126.05789666653945,338.5706109637067
1287.5992666911968,-2511.963115024705,-10.196735411297665,317.5804596589201
2302.3663462178056,-1792.7756470530244,80.12518214038552,313.11213072335323
2861.3732635795495,-2399.9012938306655,10.093729832894628,312.4374570019336
1029.2772680974247,-2667.1380716970443,247.4907155303793,306.2520082169989
1896.5715795576866,-2329.2485455818196,96.79031936747738,324.58508339045994
2176.5952781534816,-1593.0815047523581,5.8496922722216596,312.40417806272166
1804.3615432464385,-1102.9475525291443,28.263047027234926,318.43531182329696
2747.905451376916,-2747.0758566374643,252.61166655141403,305.95733733503175
2647.7305009128686,-2103.167024611335,-4.1527628240874925,339.2099895168189
2572.9773798163596,-1284.4767667568312,229.0567142125377,339.78317639739436
1411.5403043695037,-2584.861753006221,133.01732152937123,317.70872473519734
2200.2531786214963,-1607.1062979036885,6.5974640435749485,327.12794105640916
1446.990882260146,-2886.650320651456,185.85778180727874,311.7128758245209
1150.6839621925237,-1426.795796469558,106.00963450312419,299.4079713509503
1104.598405633785,-1473.1723143183417,98.65208529553348,328.3815452609938
2986.75237811394,-2329.819652823167,107.56325819826169,304.6137345378001
1223.508111332971,-2024.8783349559558,204.81335422249174,326.5188003482613
1021.7482873959327,-1097.7907587475336,32.13427251187304,339.8669271617532
2234.4863092276705,-2570.054165517411,256.50473025734954,319.8684281597807
1918.2761443505653,-1602.1285645084383,80.74972779660864,295.06968153429017
2312.780361133254,-2153.0561596484904,215.13015204268083,317.1608162661688
1105.9996504576711,-2112.9543630671064,242.18670977509743,339.6864433433021
1924.6602373666187,-1702.840366201962,158.6278017967247,297.12991370185404
1217.7515491092697,-2810.6903187995,172.50670931384062,321.4794550110461
2866.965984509823,-1695.0290342933172,122.12584103367905,332.4861925695952
1031.4952221781516,-1975.4056125519637,65.58693656678605,314.7756087465784
2207.544343361898,-2209.9430135593047,148.14392791321654,295.85618894213127
1134.6729017275297,-1253.1923675694686,243.05251356812113,301.4008313503915
1365.721286315379,-2563.619364043941,66.8414644412936,310.76395907222656
1362.1852235492818,-2815.807154622823,29.72091077552566,298.1288685428825
2637.5467461321423,-2209.647624262762,30.600860732977125,330.0565898667348
1894.2907070374295,-1761.1054028424076,101.72379561951108,307.24686726964126
1399.630544763843,-1830.4346371037439,96.42608929014484,322.72935135206507
2459.101458595219,-1926.4407142130267,48.257948174171105,320.34270314449316
1097.579909309629,-1285.964722576094,94.49306622326904,332.10430056563536
2199.2121561891736,-1088.4240118176795,228.88609891193187,325.19379098780945
1173.1796259170724,-1104.752524816343,187.2612202701093,299.6437693818567
2442.9640430721934,-1003.0405103712023,32.95846851289436,297.5709284775889
2461.0212491595794,-2778.679140013231,196.08231893709115,315.5293802100963
1406.348726224433,-1572.0014868338385,95.15690996212592,315.88163924606954
2788.3582684196804,-2278.498770247924,-1.2896962297138863,308.4336206769266
2425.7437596398177,-1870.8365110111108,132.34996614784586,310.38545344633457
1733.0148053025246,-1244.0105241282938,68.13368625551014,297.5500112723971
1436.335575811352,-1329.8567970496704,195.0482301150895,315.2137569524783
1401.9718287059936,-2321.9879485167094,2.4193222559147927,323.80408831180694
2360.883858860906,-1993.0408980728816,122.56789202439677,331.22107002797446
1389.9521820887758,-1326.801002595393,32.77441667342682,320.819963922978
1246.0638354924677,-1665.7312680999444,246.1709616855561,318.2788378820947
1111.247528378738,-1960.1735630041524,85.44376001971258,320.4681949474276
1895.7882796105973,-1329.92899851587,235.1877911765364,299.6851911324307
2510.8087646104123,-2808.872080094403,60.83093006503695,312.4602715286847
1716.6955894786565,-2582.8298748327693,239.68094188404476,319.10630068653916
2547.1842410659738,-1857.7108446640175,123.94619484324383,321.3123821292904
2881.375411355985,-2699.140909728176,175.19847923421398,336.0154483620727
1083.2328758010594,-2622.5018677950925,250.77073229659356,317.0378871070437
2056.807696977804,-2091.3975256195176,215.59427204268053,327.8152790137765
2005.5128001463643,-2405.1083896848886,223.3626220497064,332.9853099677837
2595.8670075899936,-2237.088736460925,64.10460270491535,297.8725664698776
1875.623848739046,-1828.6713406586812,74.80112853323008,309.3073670471266
2711.797574111545,-1010.4609747850168,161.8556166549824,336.1887198386378
2989.757772079511,-2813.5426296735513,-14.311443864445911,333.01072599552805
2457.138612794399,-2140.698874576484,105.53958245243142,296.9332534852914
1123.3769302301307,-1789.2605220558362,63.17557035034696,315.1164605787975
2328.1746676845532,-1621.5607475889929,177.60598574518616,322.4176018467223
2711.9077874068244,-2508.331601176216,84.51213070814121,302.35684101837444
1492.482944222448,-2909.303644490943,155.36400422339088,298.18787622739296
2159.5351302467707,-1710.7285018970615,16.901880726906143,317.85859602047896
2864.6665339806086,-1366.1253645202182,234.56282105504016,335.7559827979019
1482.0397909009475,-2107.4342690298026,114.16423341352464,295.94229712423675
1889.1020465334404,-2593.7842060889816,-7.853907686647011,321.67882703593693
1870.1252628004436,-2608.586134511051,151.48258675830925,327.6498245784129
1486.8769276045346,-1373.8825531988718,240.05103222206208,337.77602880639733
1782.165934532427,-1966.1355991151167,172.712098116274,300.8115354398676
1688.8442884572082,-2358.0164984793814,40.99520747851158,332.4252783716199
1326.1318798503405,-1915.3179478047684,20.20715148429848,339.369829690751
2915.7801219639623,-2074.379953976912,106.42116140656516,299.3353933696412
2006.3439811022336,-2653.8124967450926,257.6555100230035,324.70368856024334
1077.9639338124325,-2778.9372064572744,251.14735057998655,331.2058415413544
2153.886403299942,-2921.0301299230473,-7.802652725024235,306.83646874261683
2943.3913375128463,-1372.8451433406012,176.43813558426868,326.260614213818
2415.626624264244,-2535.6394657809715,90.13535094925759,322.3771248150315
1487.7278764244086,-2835.3739545371204,97.10687747780648,329.5533497086929
2406.9391913616905,-2807.8431027169204,84.97818346201123,319.9655350264534
1250.4521835762798,-2712.087726632169,34.93081542234001,318.59322801895274
2683.1606976775856,-2930.8331546485656,183.12678602979543,336.05615596883086
2554.4746974430964,-2599.001872603838,-8.945709600886518,323.918550189059
2352.062949458413,-2246.8582604062403,217.4022820221597,298.32384552901397
2474.2377633990236,-2501.9249261969635,37.3069215997873,320.2836345188995
2434.835961080266,-2951.123625282975,93.95982773409955,332.9517460634613
2929.9355370742796,-1817.6773775683796,83.81849656262929,296.4480393386521
1949.345785257262,-2317.865772891838,188.22162066205166,297.0147789232639
2750.631038568215,-2349.655774238062,183.7528932590328,331.27508583941477
1352.185575739884,-1677.672511056191,208.70111978431464,322.8521975269135
2564.6997029504137,-1612.4268767277774,181.86729141593236,324.3508062409346
2731.0775258519807,-1138.910345483769,235.85205438755625,327.92362244056596
1496.741106447098,-2785.2223476412682,77.17748248872162,297.45277856347593
2165.83044301848,-1122.9158487106686,139.43882101854317,308.21932188705057
2331.3158867144657,-1836.7343346851655,213.7159605693818,330.56306302753103
1623.271634284743,-2226.506699265918,157.75975852558173,336.26536136787223
2520.2566078788323,-1156.0973424314122,239.38243459049195,314.2858596004971
2528.6390131190246,-2488.468969951423,99.37605972533254,312.1608558089126
2989.9126186868034,-1220.4215969057575,37.252703183467425,326.38411956678925
1261.2079768132483,-1295.6741220687384,236.15668371670884,336.12268820771163
1961.2783740214913,-2258.918850540134,202.44115177483363,338.7272333246532
1894.7227400668564,-1909.475806943896,181.75764248464878,313.587821349962
1174.95413302323,-1501.4268233428354,57.334265136311274,307.8478098592975
2686.0432714065764,-2008.3700867290675,244.51033769918809,326.12769100219117
2248.8028999319013,-2447.776910424837,199.18563586286712,332.3885360369659
1449.2172855149347,-2909.366780460973,16.10904503451056,317.3694768790981
1439.3929991156663,-1278.182870778689,215.12638208415592,337.43276384658105
1232.3488252313045,-1048.814731163218,-2.503664177050755,311.28408331118084
2554.3417753636677,-2993.9874283283743,19.01256744045118,335.7370438971927
1135.4657882285442,-2365.7617996637127,170.03261404220703,309.4471682121731
2068.401889850698,-2151.6327907712,214.84966662622097,308.9509192015842
2760.8537225606815,-1983.938435140029,8.305530133377985,326.10686629322703
1974.6105276493022,-1359.9725298214187,177.9555705879899,312.45050138388837
2513.279421826296,-2337.162520755833,238.253885435012,327.65288933580155
2318.9066147885014,-1519.3320070992079,72.93326140946371,311.3323320655846
2363.6839205142273,-1809.0262452301622,151.18978539619414,322.9631364974666
1609.2142473187573,-2727.608125456489,187.1643134218972,339.1234846324979
1358.532064373317,-2157.710795141198,233.74077816264503,331.1323268851476
2777.965680865906,-2992.6114228315046,0.038835890740271495,316.108546954095
1881.39934595138,-1292.8547710090722,125.65109995197798,305.30346256277863
1134.5001311783335,-1164.8093643140835,176.54736187173327,308.929207367327
1040.3755208630362,-2080.7569763734996,208.08689333133674,320.09520673105993
2038.5817173518553,-1399.171778525113,31.519097166033667,306.41283550036195
1188.839318316874,-2490.1990230439296,170.7991913762802,316.4601254284432
2376.880376874705,-1665.4870566495035,67.35849830314824,309.03418697460216
1794.915283194391,-1998.4127968409096,148.85281904190197,299.7817685075677
1603.1222134895766,-1159.0449709522074,259.29079556284074,339.1941481063435
1042.1948852032472,-1315.7855131905874,156.03888892616158,315.1485936955683
1565.1631834257296,-1163.0445898935077,104.91037858675737,300.6489929686019
1759.2534901871086,-2365.7316832036972,-12.464443745559116,299.76356418754074
2641.4267538081676,-2305.02595269086,115.86497539152433,309.3760194577033
1921.7427958403764,-2653.7271716969562,145.33844828240356,304.6445339642532
1416.4091059294294,-1519.4086871399504,86.7954091003309,313.14708992478234
2448.6464843690237,-1837.3185923765977,29.117814540318896,305.6085995850496
1086.0271811393793,-1611.7031450013,59.36086973569421,322.5265684291646
1797.9320545053333,-2291.5216798106694,16.718844254196647,329.74781777472435
1065.391952775985,-2307.47621436337,13.872436685185335,314.0012086267679
2396.406472092828,-1467.7524438561165,15.641691823610191,315.8471138689313
1754.2095031497174,-1250.916989246381,72.8220398513348,335.17556538708664
1063.2017876739667,-1089.57992653611,90.66466262155818,318.2343944692788
1054.4326364823028,-2954.187622313231,176.2281136530471,313.3226126617642
2172.847809339165,-1456.2691081689243,82.15457647255771,330.46040567902514
2731.2643775834463,-1978.2076964059345,93.5433990403328,319.86324759475315
1859.8852921072626,-1942.056213381181,-4.211828229656067,338.8026102183153
2808.109694070842,-1076.8931520892922,170.06635706316598,310.87180108180644
1179.7207445251038,-1713.6568063266643,32.07394621359498,301.40949882572767
2167.266746776978,-1887.7779940434439,-3.3595223045355347,317.712762286328
1384.4235246676712,-1514.4514319502728,15.649362598266901,300.353422366642
1311.2587876205284,-2242.561342274952,12.102732619980674,296.5364610597165
2631.728218459985,-2776.7665626695666,7.522454134275076,301.5180391162683
1996.906390119693,-2994.678967866295,161.05369514917672,333.10947416444526
2929.3834249093643,-1640.722988929834,-8.056902352530518,316.28635196047895
1129.5636585386167,-2068.826722355084,5.927535052827967,299.6998364161293
1612.4511269348639,-1878.8761087377272,122.94687410538242,326.51753734487863
1136.6689881813318,-1442.071539295179,15.599581951500394,306.9168903093113
2790.565915250647,-1249.4452524331762,77.02529596155418,321.2991621228052
2673.8414502247106,-1560.4402819647444,19.414427906882274,314.0087034221162
2893.7151386236455,-2985.595110286447,244.15196217580802,336.7995655911324
1755.2390344785126,-1765.311067483343,102.1694306154664,328.7947769893696
1903.147498878645,-2876.8296350446076,121.7239399309806,339.41140697202883
1444.6768854792824,-2719.179497772973,35.50110504484372,338.3877870998697
1366.2489770180673,-1413.9577208726082,96.60105413475037,327.33352022405234
2009.0159014951141,-2318.7237792798646,182.9596507228213,331.7420288162383
1246.110066779596,-1532.0061513643043,88.92576834295481,321.66034446119744
1693.226035328778,-1202.0342897366556,28.89912257824296,298.7107558810246
2939.701394880761,-2640.556641565155,204.27395254333408,323.27522824688026
2869.095200788426,-2101.758226082534,101.51505116956588,319.35766674398633
2486.153271313704,-1710.5367533944548,119.54772528902407,319.4442053486601
1172.3901621557861,-2169.349470258987,135.15454367464181,301.55348718035066
2662.826043197985,-2387.2962254673557,124.52375085729645,325.6078561371524
1779.1282331349475,-2673.458019388018,247.3707909170363,301.758108086232
2244.1745259453687,-2543.7870875219137,-8.255087737143993,323.44891365529253
1543.0572287866855,-1618.6007423173846,169.3589355957477,301.2145671961761
1896.0603919650807,-2029.5097130636636,39.18814941925403,296.13244676426933
1658.7403987935677,-1933.5159885376381,22.106478294268,306.45090677008403
1047.5259865756266,-2888.08414951191,81.40759614100247,336.3507271237206
1335.332755261598,-2135.4019803806223,10.475463473257147,318.0646406516897
2635.1030416781655,-1674.1528600063502,72.09160021659478,300.74706320878107
2669.7278134294493,-1927.793699171778,132.60848507535528,309.33321958724895
1110.7162457863383,-1088.6198813190024,161.22003971179535,309.19673407053693
2269.5231529583903,-1278.4104308541116,19.1274809460393,313.38747099020287
2621.110749073864,-2920.9205445620637,233.07730651497636,316.25486449265736
1912.1527063279507,-1911.5326918555402,223.5087279643477,334.13510305246274
2697.393461907108,-1844.994020831057,141.0323694090211,323.7879646234998
2433.0908463536293,-2397.746721757183,59.71901706617655,300.31977127697303
1841.504949415435,-2557.5441728401843,179.83294931694707,305.7723296218362
2458.81075948743,-2377.973512392234,48.95574724278771,329.1368573126749
2707.8604354291883,-1440.8867225676222,222.65551115289196,302.97955522620214
2494.994192529064,-2804.4196714540676,198.2207916393711,326.99650709611166
2077.95441306028,-2247.8156632937084,90.21591281858414,300.91412185799317
2210.650241244638,-2663.2799816567526,-8.379159489263937,308.29215144891754
2881.1600203023618,-1608.4503410103268,110.60603759318792,332.02061161622305
1797.6833472023627,-1198.219665311388,56.46714516563148,334.15867929468607
1876.831112475829,-2912.8838700130204,76.3939046766914,310.129360110425
1351.76175451185,-1191.0560359532903,72.01461153856602,299.472151555499
2876.2043341649796,-2017.8303383766033,-12.16359606060075,312.2771429442962
1671.5823505712647,-1651.7536539434652,239.04977442030258,324.01895332758806
1652.0592010487267,-2273.2024182825407,198.5637412508106,317.5559161507299
2994.4822328643204,-2926.032987332664,-0.1349776086724912,321.22157947481867
1361.649974601979,-2424.402238580376,196.84973047204184,324.55725260426095
2042.0819691807849,-2127.9908391994113,39.32316494839708,314.1748264164213
1541.646574054569,-1319.3312568237184,200.23893747923447,325.6942612141907
2023.187101244723,-1387.6927534386684,127.89851910224465,297.9778345749099
1025.3561508207883,-2937.449476531931,10.025576421707875,313.4661543223197
1182.7565322795333,-1739.7311548470802,116.36106333362284,300.1271244442268
2374.217057505356,-1324.8864000642882,245.8880493627032,303.59984715105526
2478.0476535672124,-1543.979387138437,210.6488744041084,320.08554605686857
2931.1855616384355,-1868.242410313049,174.39645391157282,321.55282379207154
1383.3731549620902,-1090.3882845678725,225.36726118557354,296.99328801397263
2244.3692704793475,-2393.195357253555,30.792967575568298,308.54412304126095
2994.963146720237,-2200.9278496359257,203.92974826885148,332.7856909303193
2482.661403981522,-1638.1229641611014,10.359707419477779,328.73157587514135
2721.123387646807,-2476.325014927871,232.92680132665444,338.9686846817541
1813.1299126055155,-1889.6482017275573,200.20931833314205,329.6977479722452
2020.3936301782885,-1645.978871601549,114.03926975836643,301.95120532298415
1409.7269911901494,-1025.0599609284618,202.50886677852912,302.2280759719792
2699.894821815213,-1175.110953407926,45.31805832893959,331.6121780291168
1719.989708183137,-2567.4453644866276,117.79833895861282,336.51979602287093
1601.2685338782246,-1398.9204300050935,-11.510766636608844,335.2533209313483
1888.7189473411274,-2296.924968881529,172.72759534428778,313.71765604283985
1848.6755017317828,-1394.3007803581954,95.6026797894092,331.5869629363275
2298.9641926288837,-2613.239076911974,216.66203910674076,296.29593971627327
1930.4135798711952,-1339.4663946034182,203.87863168235282,300.5315688070874
2873.400533570343,-1428.945287287133,170.19885412828856,296.0512075025981
1252.5759825202717,-2533.8623458208203,156.98990722500312,302.5932576724311
1867.8595555324675,-1651.2199063134951,-5.140145953329984,337.95616485112146
2641.6543815462564,-1142.439059349762,23.556545735367294,313.20524563873977
1538.6132040980638,-1406.0546669331704,169.63529537199506,333.6427304777985
2379.1412933828115,-1416.2826648649047,56.32277245829741,322.5313717331271
1853.1278978788482,-2817.158673179986,85.49260949860826,339.5578422118122
1283.2427923244334,-2684.195271104268,51.22264501012329,314.3354387691822
2634.00868712613,-1127.0793299998493,190.8554004868338,322.9461579988541
2672.3224098459723,-2245.807968135933,-12.634439603898096,320.7768519028061
1923.5933146785433,-2898.689641558127,231.56267069965332,338.94315715570906
1949.5348656118965,-1726.8793263824223,50.8595778268368,311.3279001255065
1868.2459747630778,-1459.4339046670812,-4.437531458951588,330.9722398716044
1130.5037432978384,-2265.714136272543,116.64932023752147,317.4846659058141
2418.6624938194273,-1426.065996966765,209.80323529550645,326.99684389933634
2083.5469510722914,-1177.1662811682538,184.36988599123296,300.81960573006495
1932.4286621578437,-2474.94274398177,180.1876314795756,295.26655506718106
1711.4942419303284,-1225.6381538371531,-6.872533745670079,331.20569377328593
1830.3502403763564,-2427.268830396718,181.36802850975755,302.79116257661013
1721.6510192457117,-1036.134857665702,256.8289566245528,323.82862461738057
1629.3972142656605,-1241.7578851251612,43.50803459975549,311.1404708718633
2109.920887150074,-2159.8562686762643,257.25047102137427,320.7197794764075
2315.466582224634,-1173.067870029959,239.96188115309738,326.26809417589715
2455.269467129413,-2127.5948782800933,57.20076517054993,300.10104934611394
2869.676419582094,-2332.816631752123,182.15743570134907,317.7899634849933
1721.8116368531673,-1306.9446302444615,-1.196181090262126,336.77139014017325
2817.671718538293,-1786.2383478128722,225.75865952377055,296.39267230211766
2817.0372068082634,-2921.4762217730586,-0.35697173335383425,331.9934341405038
1074.9890633205077,-1255.961375892284,88.14959649633963,309.6863208598317
1750.136448610333,-1016.9442255924678,241.11777171344875,302.5655309006312
2065.658555288257,-2769.3767286738043,69.7228396186679,312.405005771735
2095.538758784299,-1394.3766993457946,222.08775196143415,304.49337686723834
2491.1218590819817,-2209.19503794327,45.921134908047016,324.2322494270737
2647.1645642791646,-2894.758929558458,228.9176214840723,324.26581758311414
2843.7323742851295,-2419.9440097693678,162.29275173089044,313.4716919225674
2776.04436226455,-2509.633046480016,151.31749079188432,299.4111852218695
2217.655834954703,-1083.7924809896845,201.29933933225666,333.8839190665564
2173.0544950798803,-2883.1617812103227,199.10384056055346,311.86526829308457
1085.2127477417318,-2170.96238602058,124.7393938621351,311.32425635383083
1269.532545789093,-2174.08600041411,253.15926503893803,302.0235501638513
1242.955215931415,-1701.6643610428453,76.44040663696302,321.8931160599883
1363.843065520764,-1955.5723056202337,98.15888826870018,334.49678512968717
2446.5888868865113,-1228.5352579577088,102.71950665591586,314.84404631970773
1368.7712572238356,-2854.447903098298,113.62846814757367,300.1211414206828
1997.0592061249836,-2386.583261084505,-3.687298954785069,328.18179596574834
2630.51678463835,-2556.5601144789716,87.18724212762815,295.67703734660154
1326.0617931312488,-1873.907007802181,200.47268991300814,316.01573716480124
1642.775602420607,-1308.3960688849054,122.60284101359684,318.6035851749036
2488.810091074003,-1536.954397338542,-13.937080160425062,337.8972343092696
2816.8454640249743,-2444.2899808505467,-1.9989044141604975,323.17388699449106
1908.5688388672124,-2545.664093530819,245.12769114985372,313.68583330328204
1715.6678934436927,-1586.6794890654128,20.820157447697312,334.18955623963933
2931.8227882503693,-2647.132699262593,97.12337407964068,312.6421476892705
1500.3306742979858,-1607.2101259079157,245.71063921725084,319.6881434124875
2454.331367509843,-1417.9951014336837,20.181937512478143,322.23561699571815
1638.6637698686313,-1515.7278407629021,243.63167741303505,329.44245908866907
1837.386987913283,-2417.847148983019,149.20429964663006,331.46157731685753
2693.4770938529305,-1059.5460732964157,149.33287100738602,338.42773230143996
2353.669006209229,-1021.5952486902563,133.2971696051841,331.10579401717786
2603.474094329601,-1488.3212201688702,176.9400921123421,300.03654856829843
2647.4584337267343,-2645.236219693421,122.41208467940899,315.3993120070385
1955.1882999890304,-2638.9354375510366,111.47729685515665,329.04670011145487
1899.0037427446493,-2713.7555811623056,234.01882674454538,334.9181313097315
2473.0170349692326,-1356.2679162746983,187.82292819850008,302.6012042203554
2632.9631366097105,-1932.0402884710122,121.5073236550275,302.6434793971362
2821.8707847643327,-1200.3732535218878,224.74033810820248,334.24670504291504
2666.435820748309,-2443.332284352836,124.30014261515473,315.37222597007815
2694.7169694044087,-2969.645433351146,123.20636517350141,323.7480482107831
1537.9041384466268,-1257.6952502316076,26.190240121785116,330.2117938012956
2193.5752573167306,-1372.8144126656807,89.13660190859696,334.9097658636647
1709.8063550392799,-1701.2592694835848,169.52985338797745,314.1395350775825
2869.252006084476,-2187.109551770116,187.02093722576524,311.7113794473397
1928.3281347754246,-2320.555027266068,7.947573296993383,317.6627141577627
1674.6867373307443,-2875.9038266469793,-5.294281499929541,320.4236887692616
1101.5882582400434,-1593.302297049944,23.124801106903924,313.84544899350624
1500.438768300642,-1550.4851828048154,144.6320322140372,336.27189914829563
2244.1851074695855,-2387.404002892781,128.3952055747642,323.35206754324287
2683.9160768296497,-1631.6160107023147,151.349497183876,337.70490955717236
1086.2760136313402,-2863.069489026506,130.82804218177304,311.6533779672884
2829.1224544674824,-1229.428070754107,103.96078153330417,326.1328402624759
2248.3658014618813,-1808.288723335596,218.97338137464274,300.8847659854649
2205.69317332757,-2776.3436458986425,99.15097364515985,316.7724056190606
2695.140937524966,-2980.0495108334876,151.64815653437086,323.79020561368856
1372.3484497669674,-2178.348804794251,98.24656234454248,312.68121730910565
1964.8113748144106,-1007.9555749578412,155.24489141934666,312.41273671180977
1529.2482138963064,-2732.0769097729994,239.59621572872283,297.3568128061105
2645.9084653305067,-2502.2756257496876,6.66932429898484,334.97407233296053
2402.7762920116015,-2405.6514511423907,209.38898252712568,308.21922836650856
2291.824264754405,-1135.1330275636485,112.68547757020141,316.0643571212755
1910.6422326197585,-1593.987083278768,131.16180158808044,319.371199695129
2216.803892763279,-2095.6804325765643,181.13445351183302,311.4405370582997
1005.5642345150675,-2555.2011169946236,124.8613678234268,318.4407880517143
1133.9723561674991,-1117.5466507609835,161.8734046135385,323.8941329927051
2993.8381868851147,-2035.3298224510527,108.66691138118438,323.1232319711121
2608.0548785216934,-2930.100038845456,221.1256240806478,321.8877499690687
2221.860475545476,-1220.4414147888858,-8.960219028644147,316.0387419778147
1305.2342124594354,-1750.7837554786777,208.5468705966082,321.24349180489867
1689.8263326380534,-1167.0827371353946,226.39823928167058,318.50327665300364
1270.5621925005998,-1968.1911855498788,38.905218620443286,298.6238787823986
1091.378966585401,-2923.7940596208587,169.71664794301316,299.69257223431896
2041.9854054980458,-2302.765355055849,250.1748963762695,319.2709109120816
2597.186658882778,-2806.483711143489,-11.498206158973046,301.0887020404217
2151.6914374697535,-2605.073297196244,231.24302211004962,332.6901997183794
1360.541978630268,-1036.1677735952974,6.644396361100778,329.39502109412297
2749.523500283168,-2360.6144121451225,123.14463371087851,296.8257691766986
2963.5172326918637,-1310.3330585457322,117.39831137829975,308.8366214165003
1711.8420070022348,-1987.6259736500147,13.531878813154123,339.9349219871898
1004.9925106470596,-1174.9088193285065,-5.953823660787556,303.72696743080616
2538.7659917728342,-1730.9250959885912,249.26547270270834,329.74777785245146
1005.2042194931064,-1505.3308161780164,44.30283994930853,324.2112698366812
1340.0864693676804,-2059.9675734251514,21.598782549252647,323.2522279778104
2694.2291949838964,-1995.0798214920574,121.29108202240843,324.3030744530605
1212.1447945709588,-2220.332345010143,94.92760638668848,338.9114047492395
2235.6259949389305,-2035.8834249498564,73.12837944155257,301.456692229981
1626.6929173014144,-2045.496024618441,36.29173459485998,328.8212371142219
1164.1500101295617,-2398.076574211703,151.1483109103255,295.22744815225843
1448.4561859742125,-2156.8664424546123,60.470156968841735,318.05161315891763
2298.363464791896,-1265.4381196272097,229.62884897089936,310.5470928252692
2059.694987430194,-1573.3192287420784,226.5963979714592,309.79774073142704
1356.6932491065122,-2581.6884530803177,257.2444545937731,301.3535502970228
1201.7988553974908,-2063.7450190240925,24.931764271667163,297.9320511553133
1184.30878149898,-2273.0034297673164,206.56735479550113,321.1815707600163
1650.2341730519706,-1292.4710876239922,155.7884993268347,329.4043262237372
1837.2662021228757,-1639.7059020720117,-1.2893603665848854,314.16025646093823
1936.5519105564758,-2068.9174264442836,121.94833216700013,318.8445347277473
1816.9497903506813,-1668.7959974759347,221.4902443390749,312.24831427895754
1527.4787099641098,-1142.8730575716797,38.070302925816414,324.7916533155619
1131.3471987510763,-2615.065499071523,34.6609057646216,300.3836218882499
1799.561808281875,-1965.5235138645344,178.7254671926522,303.93049347432077
1249.089985383627,-1560.9782282971196,82.21794697390979,295.15064822947886
1648.0754799892866,-2354.15649624814,253.4101527116323,298.4277730217314
1878.6786831089562,-2550.602747749552,177.16400654309413,338.23499454464763
2480.202903497762,-2128.0088271820705,1.4186224341604827,325.6668020809207
2448.817499001654,-1364.5056167796215,6.185459034514803,312.5666724118063
1695.3701118262593,-2505.761655080856,222.15167050042334,336.74709053303377
1214.0414468964511,-1896.6107896606484,154.65400176873393,310.72087275728546
1369.3753864120479,-1063.1147493062888,111.40487257885734,304.93658089611233
2461.6886808995505,-1906.925384712807,214.58530204292484,326.3999540909932
1971.1737323471743,-1367.9592543775964,258.428077813877,315.40004534350226
2885.0130987572284,-2209.8592135609883,107.40138028012711,307.47320077545265
1222.1160567995362,-1878.87507873831,215.71285200888528,323.790154117041
1491.027598022906,-2988.4695843194263,229.7159019206779,338.35267029773735
2047.8475005993553,-2491.1600005656123,144.56956154383835,332.4257325632565
2819.407756854189,-2286.9645648932665,180.39884837732103,299.02120728939803
1116.8784309703178,-2648.9944028458385,-11.567002406447186,322.7188463071749
1275.7959998361453,-2139.6807503883765,257.37563389298015,322.0758459695326
1894.592433652034,-1209.1606594228167,56.495938155019616,302.0456798210044
2459.921226479668,-2571.1425017765027,91.46378166029561,299.8761750603156
2246.577987481514,-2967.3601975072675,218.1286246144854,307.7185054039467
2466.6612752852616,-2785.920111504417,34.60860076009407,332.72062694014727
1935.9287841326554,-2518.2488581323996,259.4365755376849,328.042197782415
1819.3057111251646,-1141.6976932452346,146.28704466595775,319.4231318648841
2053.95365508743,-2281.4751610512176,47.992449819789215,319.2583658137361
1920.5067273150266,-1501.0899183766262,21.38701005039362,318.03398056367695
1979.8080708571551,-2921.1529969524995,240.3673044161199,322.57903382461006
1118.2172539645253,-2902.034346098787,256.4793895220311,336.7622211967911
1248.499672464276,-1492.1541886965263,33.16730652384989,303.83358714459905
1319.8388097374204,-1505.072992451516,45.58918321778127,325.2224191097911
1706.4808207710128,-2547.051482944859,123.11429492269903,302.94147077538247
1844.0975392540304,-2196.52833102329,176.80635064894923,326.82745641289375
2705.6538459467324,-1359.2132394048735,78.80620244361981,323.04696623997427
2872.6135923675265,-2856.801945086266,23.702362578638905,328.40233889334075
1299.862552850872,-1488.3005584252744,152.59629502538903,317.0955774089816
1249.7379004978832,-1530.738119947525,176.59798256026852,333.5442698176278
1677.6998393800186,-1233.7501471747407,206.9338361436985,327.0943636401145
2732.034655935877,-2538.823881663524,58.55711935213107,339.48706345552466
1734.63188086607,-2830.559669595304,27.63438228965171,298.4561416738029
2087.016140851899,-1838.140940258269,1.3596019250548927,320.79075561315847
2403.935197148514,-1036.9064342706383,240.64432953248942,301.98850810556604
2725.9524786477414,-1590.0486721231382,198.54170040693012,326.05840944694444
2274.960111390643,-1570.2660206049516,155.74492337967484,328.56785569717573
2812.9775780660098,-2704.1648596617665,90.6248042257095,295.8502633864405
1725.9192394094196,-1365.1695867378,186.618630706998,318.40068871612027
1565.7280696198532,-1700.3071046377904,161.28314863697898,332.411426396642
1124.5283624611175,-2216.6858648173766,225.10165711688768,327.35783868197336
1933.2293345480132,-1353.7437026685964,206.5411311563245,337.8570679647142
1569.6503744502106,-2489.1056683913953,61.14980694649431,338.18237855095776
2325.282375994284,-2506.959896547808,248.87746825240038,297.9681812452537
2194.6471432717635,-1350.9195876684012,190.51061690790888,322.64504170880684
1860.1909956325485,-1266.2762801672804,184.366074051239,329.17367510972554
2422.5647058489076,-1862.2747048477072,229.89481470440685,332.4298121466468
1886.3484102954455,-2694.2645724950758,107.5037264205506,327.61378042380903
1946.1058025960901,-2152.463393468347,124.76836541766136,322.56233585708765
2235.6479530092042,-2950.3399867865933,199.52053389358755,321.89226205346904
2642.2307298389987,-1262.46640193944,153.9300526693753,319.2521956326138
2648.306492688641,-2451.1692998380454,204.01307067230132,313.99802719960286
1035.204343709083,-2515.067489838665,82.88263408328645,322.6243005518195
2463.6217021136945,-2762.07103607881,205.65374219634523,300.17393235737586
2622.696204608261,-1415.9173704590442,150.29370657622033,312.04086509299145
2683.672355011436,-2605.2385992666054,136.33142016061214,336.2814804259117
1240.6479961165303,-1401.926863114601,94.59246360338692,338.6418076223115
1833.4373520223412,-1738.027500035916,130.0273507623684,312.77547895261984
2639.4626877544365,-2829.5571572068457,79.52340840824978,330.43020610364937
1609.6115794616653,-2040.0712532747957,128.9254723617837,299.13437929182464
1041.4290609703603,-1001.469782190826,249.6184391928182,307.64475350681647
2826.8624656476113,-2034.6139027890467,19.3190057255041,317.38003634956726
1994.3201685413294,-2601.2366260946155,156.69093207412837,316.79185244294723
1000.8951570602378,-1582.7041311774683,-9.179790363895638,300.4091158152713
1639.7634596917965,-1440.9977430859467,154.85194753775286,306.32611504194915
1322.6698015767747,-1995.984403429418,24.308948161275467,334.22353601783266
1275.4003453020027,-2737.9579656122232,164.15860704402192,338.57535839449974
2393.952999471813,-1284.6683921030663,230.92127919300592,314.448988682066
1378.11778233031,-2465.347284535948,75.56042040871607,298.7766430742011
1257.0420612488092,-2713.56462055354,153.77332969183433,331.7712864238406
2013.5975675144127,-1086.7916382305398,149.1436614684116,298.2205372113882
2976.450803060532,-2939.4849520619814,87.31345874631691,311.3359493722421
2304.619764539356,-2264.767632416966,253.56888613469522,296.2379441859478
2559.15224397575,-2446.538805985412,88.87412571459508,335.84638460004214
2368.115394917633,-1166.552397427905,126.50584560947917,318.072017203361
1228.4944702675832,-1031.6751607133228,89.25282217118901,330.403500859829
1603.3071774160553,-2067.407003679087,11.505763944184942,327.26138399507744
1614.1067933500426,-2585.455905828714,45.31001920007467,335.86498163762354
2691.451946599169,-2816.5204415153903,212.31305511379372,297.2134490426645
2112.000652931898,-1945.9368071976735,240.8936591662669,302.5492671318927
1358.660904192594,-2319.797310536687,156.53692995391384,322.7687777375622
1922.6140813386346,-2325.4156680776464,154.1136760560502,319.93982169964784
1362.0572503591395,-2370.0021499186337,115.03588923546917,337.21421298876714
2871.478060484665,-2143.9498202285818,42.585735399724896,296.1973703121589
2449.6924353588465,-2011.1042794620255,62.233959846129466,336.6019528460826
2253.940244975249,-1713.3740700879862,205.75514810894845,296.75608753334643
2719.481114254295,-2628.463755850872,13.628592228336558,299.3701687966688
2190.041423030337,-2150.9969663265747,172.9241471790548,306.4297046865578
1169.486868848259,-1561.6841809930127,180.39677546880569,303.52135844304405
2526.2285203129604,-1135.5944318062946,0.8735203806059761,336.93423484882373
2248.296007344806,-2050.824806611596,102.17945545652978,315.55925602209675
2279.542349572087,-1666.746139244637,176.8717278906866,311.2304396117523
2284.757516784646,-2520.7639776162964,168.55003572685638,310.82141612429433
2679.3103439182273,-1276.9421942703464,152.62458134014284,301.78621278738876
1867.8527901596312,-2344.370981044116,239.29121354221607,297.31798917021854
2283.050023329877,-2638.7525735431122,115.78639931465736,339.0531746028334
1886.0747543991636,-1949.6767041546468,138.3756127126437,305.9411257169996
1588.6477137474349,-1939.1733017957733,104.3547303512391,307.594510367587
2273.5454782050947,-1813.5266679532917,216.75044931436835,314.4280788907892
1536.0078627635426,-2250.1010458940214,148.77568000812346,307.8370806566107
2176.0433451403924,-1015.3467696843638,25.280454733879537,333.6110828968995
1343.8415769206563,-1436.3568151793354,12.792531536201409,314.4386127562716
1804.1899453823555,-2475.277887945855,-13.918982001713132,321.2858008624713
2365.295199652175,-1367.7434633840528,160.82504144284638,297.5982084874258
2367.419016896739,-1073.031535023939,111.87557976765285,296.0593561037066
2584.8614649643873,-1197.350172394813,113.60883519971111,324.8080962785603
2728.815203928562,-2282.6088301168966,170.6347540373675,333.67061882258747
1154.081724648729,-2719.4496058146046,57.50933350934251,330.7689104279678
1429.3483405957975,-2774.094234947643,32.107600236218936,334.7531535510079
1524.9302700328508,-2859.527936844574,170.8585495535981,327.76574714028146
1801.4081498567323,-1903.3682841507348,224.54958819752753,336.69279185472357
2732.010193570719,-1571.5914157710922,143.34504485057556,337.5817894372466
1076.609241833647,-2961.055283565058,148.67712867214473,332.94320478389386
1050.5619769968907,-1044.7485697059822,133.74739972694738,320.3452236800194
2822.2005606385273,-1356.7856011365723,240.5087965587774,310.88671699968467
1979.371954214675,-1233.1824907948685,92.84390897669932,327.80192849613104
2421.2892019530345,-2730.059666894269,-1.9840271415303796,317.9656048329521
2201.3477882838774,-1272.1271079327594,133.28167772673842,329.46614932265925
1598.5676783561087,-1403.671242092636,90.04672274002165,313.385771201809
1719.9056535671884,-1801.2510356611294,114.67740974570353,308.21552021536405
1111.3528783401089,-1543.2915891731259,227.62401824589057,330.54675883417354
2257.584747455595,-1848.006836455406,145.1572929688062,322.3604654089606
1115.8079456017842,-1026.1389061459017,239.04375342377355,295.9196503552217
2909.962192040375,-2213.949468677013,66.43764913940618,297.48477896359185
1276.6284723513213,-1597.1436992539839,141.79814078302297,301.3308238504973
2941.7983955276995,-2230.7521379122654,12.286268727764458,337.42401944870045
2806.0811328208747,-2137.0528948847536,111.08613550653966,314.6785117015192
2293.4460217868163,-2933.151566088149,247.04958361388236,329.4742982635978
1295.76340569902,-1069.5091926356142,187.1800653955037,311.1731433624602
2161.4738762503835,-1630.622634862655,40.68114571164225,338.2944562168242
1845.6720792625963,-2903.72677207835,73.14382901271632,295.604215880461
2736.4452588736503,-1255.0126925427944,167.880577773703,297.50089164333866
1575.8809505286683,-1101.054141928344,40.06554014349282,309.08556541575365
1967.450249075006,-2066.6531792087776,44.434196368491165,316.75144474119065
2759.512936539127,-1655.1796671660718,88.04594692403471,335.9250546478613
1237.8467981045314,-2014.1361079942449,54.425320074598275,303.71212975662564
2087.892920099115,-1876.5498099736728,182.18671934924683,314.947104293177
1181.8102349276014,-1793.4839201353393,136.4781715727361,335.3172611038802
2759.2258079220765,-1294.5193453006273,-3.752577590537582,321.5732913477621
1449.674506735673,-2450.5524039865663,-11.720149645589878,316.61475667222214
2830.059678533292,-2078.228944596649,223.6781406560433,301.2117568039667
2915.150587308227,-1026.298820421758,177.29985818143876,302.22376547575396
2509.1509373379313,-1730.6940077625045,3.286674021486135,305.7396556922391
2925.086566247665,-2908.3803610044433,176.9437781176044,296.1204685936304
2646.3563417808896,-2520.605320166651,108.43424827598687,321.2883135605653
2039.3586076859308,-1342.3428703724276,253.2446401103271,337.9677400196512
2902.124763194316,-2372.213484752401,257.5187633975861,339.8433862684427
1604.1262428928667,-2099.020985253078,131.1082880041292,331.03045825915547
1522.297456187881,-2635.0682449701126,155.1425651275132,327.04898369720615
1666.9172410760825,-2030.8642864418216,54.965586136253606,308.0316160255501
2170.393883105902,-1116.5749319451156,24.893373674660552,311.70747811232457
2065.479362304013,-1326.2214185534717,117.12055075133222,315.3480880990709
2334.3341625751527,-2436.9350730775086,230.92620334240533,322.3218259794418
2262.3555351088457,-1350.5968500679146,107.61980873593693,319.6906112482564
1547.8944078530194,-1066.394245288152,61.92202921307067,325.05256008251763
2280.8691150369655,-2886.205609484586,52.82357199594922,327.636957698593
1516.2826163129153,-2727.5609452777244,203.1212209067923,298.50755237116385
2763.4266798108297,-2385.399384966576,187.1677265747854,300.0494799628836
1656.8724731266955,-2536.492673322862,8.334513495924782,331.66097028335275
2281.069228401041,-1558.5314025417285,64.0493620307431,336.67952796244117
1156.931948271825,-1859.1344079274875,152.63336571126658,299.8991430770373
1909.2094274168396,-1514.6915610519163,14.623421588509473,335.26400082886494
1270.9572509741129,-2558.543589330402,53.34648039455712,313.1371651139889
2921.058539710035,-1100.2007958944794,196.19143021179812,325.92764026634654
2564.114365387627,-1993.4219168537409,246.32825641951422,302.4776140499968
1408.9320480762653,-1379.195186820734,6.6386476804782575,306.0756607605143
1475.1896217531453,-2913.617642258187,174.7569250418291,297.72514383716873
2799.3176190226404,-2665.6855067181627,255.4537316671184,305.6185481137732
2284.0389778920326,-1594.3996473061902,248.6329961343551,297.45724602499587
2970.1303759676402,-1951.860656924173,66.66642203627828,337.97257575534326
1737.1197049642415,-2653.5453809188493,8.67188853707069,323.7683441703325
1505.3174785671915,-1422.5853431034984,46.18468275177611,303.71781961197513
1296.5474881166467,-2586.3516771223985,78.33069854412757,305.00796671213243
1489.5172736630375,-2935.449256113378,103.09699690535426,302.5695946907612
2159.7658777832044,-1969.843797784941,28.91444200656732,322.0813297761637
2607.0893348090167,-2972.324533984865,257.0657130963509,319.2577266434211
1083.035969419174,-1202.212285945133,56.69340675300755,299.09550004481866
2915.047183920241,-1058.7884057995818,101.87898133308921,296.6487874882583
1560.0066951189738,-2280.104655487988,-9.622286747721754,315.9280518909567
2146.285801310258,-2714.6088485016185,101.25443084820348,317.49529966715943
1568.161164505052,-2026.1154705068875,243.55914990902068,309.67973487870256
1922.1113714012731,-1973.2132571892366,140.945819862381,299.9512154550636
2643.425177274494,-2172.615538651088,194.22377978678253,331.0290103026364
2699.0072423572956,-1351.0171459743096,-9.317286715440321,324.9197823659759
1865.3139339995541,-2561.736961945521,114.61504801485617,314.2232946134102
1030.7218010150718,-2153.867007035192,211.25276583416297,323.21804140608117
1564.3048617625236,-1544.3762844188552,40.72961399714052,319.7399250775739
2568.3210493618476,-1890.722898506936,127.59707859430912,325.61507406259403
1351.0026871166142,-1607.900007251877,40.428246513403,313.33384608821177
1089.506806279732,-2293.610513977675,96.64079252753774,327.6691775147095
1159.6593349264188,-2861.39619531456,176.86339819597745,302.09404469310084
1846.279908689439,-1309.69373653421,151.41684251778335,310.31911270257206
1179.8686449564464,-2774.185092794039,92.7775817688027,335.0536940377744
1425.5306477021213,-2053.4319567379184,24.544642523360885,317.1995983413982
1939.4823840341633,-1865.3499073716393,-5.958420357319527,303.1019099974673
1264.6947535935071,-2718.484333921945,95.40076371234586,295.4636235457457
2520.265687710614,-2043.8655154508588,242.8098371706305,336.1304404465823
1854.1369160167887,-2292.850750066182,81.89554978014928,330.29156711172146
2241.706747404317,-2623.937979116715,191.29338893319198,304.1175953474755
1935.1177132474322,-1697.9520777788628,36.489526746151554,330.9199849311737
1868.7192506311221,-2719.8107925665677,190.79386056506064,310.8866644585167
2299.6253685851843,-1513.7581856031306,56.81784635540669,318.24912890309304
2953.2630057708925,-1654.2925756107682,57.11277924322488,325.30280955625716
1171.5045283199916,-1742.7904981339318,150.60628947370645,317.3085120163343
1112.6888364484485,-1219.4429311746937,256.3581065690498,318.77497636963903
1620.341887143477,-1303.7407987173008,1.4388413519127106,339.56719844654543
1434.5995999224967,-2583.573973655813,117.9365154865238,297.60396831354467
2375.087774413818,-1247.562937047387,82.72219025729213,331.23745908216046
2351.0646642468632,-2783.282241987201,2.012330534320533,305.1397875263395
2241.897456140063,-2866.2347691800505,21.298507550426393,319.24724398539115
1662.599318079585,-1733.086189108514,195.51287883608543,312.5935995618262
1197.239340527531,-2803.2948977335254,67.1394434464948,311.41379697796435
2130.1980044346933,-2695.1898449024666,196.96488167755552,327.85322034472676
1276.7847075199968,-1483.840039282559,61.40716729993164,325.68563137801743
1571.7838859682338,-1469.123802358508,19.307793370064083,295.5919668260439
1283.6405111944027,-2982.371061979649,-11.671241840081832,308.31892386123224
2370.7093656558154,-2684.9626013472343,239.28716218773332,338.56375155146566
1553.188990990603,-2535.2748906770357,59.320712541787046,319.32607340228185
1926.173612431326,-1985.9156793356024,243.7777959226567,326.3175748556662
1979.8327494439827,-2166.869682646584,216.25513949776504,295.10855975154766
1570.8461321885234,-2688.206883174648,30.838568116695072,307.1097755729664
1349.2450815679463,-2146.017481049314,69.21597183132495,310.0658991569363
1975.2765907457483,-2900.513966794996,176.14014157570395,297.887192306752
2290.3452996137935,-2008.41480998276,259.54499943526235,337.83241501002897
2476.503977440796,-1309.6058540594806,64.07669540266959,317.88402323613843
1033.7260412740272,-2994.214627790578,230.53272658723964,318.95722989883143
2263.9836161918183,-2688.277667446493,124.0104785781036,331.03194687122004
1311.4672484202715,-2146.836664973099,75.63246044099823,312.3601058183846
2892.207685776023,-2973.6268381574073,157.2300407396977,305.38153581746064
2417.2213574329076,-1051.798548059183,249.9605887571729,334.0950468524379
1939.5985743459976,-2357.438684402975,-6.529437699369398,314.4636591848581
1269.5268596526175,-1658.92716446195,238.4627823162983,330.9760757837555
2876.908584203682,-2833.899322298406,120.65647439981879,313.7837366814058
1910.7760767424184,-2191.0320716839283,142.31733331407938,316.5063120900466
2888.2342177943456,-1473.2675128532167,221.34199968471802,329.2831596637285
2235.871219910513,-1541.247779911901,171.2206355974489,318.0324312113253
2350.669046363556,-2461.862749672808,239.49658970440726,335.4164698074771
1504.498520742124,-1989.2390092928968,141.03197213768735,322.2193282622643
2711.4627935649614,-1329.5058908042622,38.28482295798751,317.9121718168517
2052.8403668241936,-2630.1720493906173,225.89318252762905,328.7094626827347
2017.5786949829512,-1023.0300420548806,230.259274810321,334.99907900109656
2481.2503104056664,-2421.050593139054,204.62290192702613,299.7562564693678
1660.8731534963592,-1344.422449451551,237.01861006306348,339.3030091392871
1013.0655881660566,-2605.032678576508,246.2382946079216,332.1156218291145
2015.3983507486712,-1987.2111197249628,43.95624420338828,310.04762336982276
2521.0902265281056,-1730.1136302743666,104.05410728787656,308.40962563749036
1535.1734433945105,-2031.4284486104839,16.617718389609728,311.2216295404788
1860.2249972392287,-1069.0695262047936,149.84643081228936,312.10331780381046
1258.1103536045612,-1450.854042755362,17.617154199725448,327.31683170316796
2696.9807249252217,-2894.625137309684,99.63200268762193,335.5443027505387
1065.838667216092,-2469.6344458002336,-14.359940737835853,308.1267762816478
2511.0600070422215,-1608.0254086704279,5.369110182091454,296.5357906158357
2114.7624354961545,-1975.137865393895,201.61593997094153,337.90802848300046
2070.257066787746,-2617.550117419122,84.39422982495792,295.7004286535113
1655.6730741237575,-1182.8712271201168,127.29122447838216,315.7692162670911
1061.7153894376481,-1266.6961197724142,90.66498924230896,302.23303354483505
1380.3953656318997,-1142.98801913251,224.57909431519224,332.3144636743591
1422.1638679110379,-1134.6783759238238,165.22222227033419,325.947601823195
1097.118700850305,-1582.5727924585906,145.5156571376473,295.3555867140897
1061.6018827546166,-2015.7739285205523,64.39758186818167,313.6900055122652
1485.6535642749038,-1242.1535382733027,237.52738686622914,317.45203576747707
2784.915052886804,-2821.667371000022,217.79765279055235,337.26771659848987
2894.022203628003,-1942.2550654972658,59.364811017536056,338.7835408710461
2765.1511023621897,-1716.316321786726,171.540132101606,314.3105547026955
1109.3155795419955,-2692.1519697933586,90.83502927482947,325.13282974055755
2272.277767452185,-2842.6721631130595,28.015155727795815,312.7951455960414
1077.6935015284537,-2930.5560926212083,161.7740374795702,335.5332243598865
1097.0416086853259,-2877.300196805571,135.31315471469063,326.62347972388517
1276.6010175599608,-2414.287153845623,185.310028144213,334.61274079512174
1462.5303378425972,-1955.394374529573,76.03534785004443,304.62294138803867
2103.405001724732,-2907.3750672050282,49.36092829921192,301.0309439497847
2396.936338702394,-1667.336082416844,48.51779639485494,301.49450485397216
2110.553337047661,-2905.8585754711016,171.98027164835332,323.3779699542266
2430.8618508673226,-2035.3331715419251,104.69266687070966,334.88823215948463
1392.2478117676758,-1828.866213365329,113.17690773840002,308.3175613373926
1945.76196668095,-1930.9273235381074,40.24434779751328,312.49167310672124
1434.5105098289794,-1145.8423046382688,10.380087362778962,336.409359874139
1126.6042060504078,-1056.7850258473043,177.3144661299949,312.2381528331876
2173.023215814027,-2319.4879286885493,201.7284776620207,298.5697725510576
1153.0321685852343,-2136.5620026472657,-3.273975487936932,304.58988659660673
1539.4812819187105,-1792.2257177157026,36.414109778761556,329.0738406705939
1300.3212599959413,-1061.5361859269344,249.79348004763705,334.7140956535111
2243.782874844323,-2996.613499050781,246.32468066787527,323.0476319380417
2858.0276684659602,-1914.4732708058216,80.13518824785818,300.23958380044894
2230.698097390772,-2559.791331981788,211.72541446043624,328.00817049720047
1543.2719024098753,-2686.5886312471844,249.00700946004093,307.30620267979754
2062.844745007562,-2108.716298553589,84.22654469649729,325.56820569106475
2364.606165089094,-1200.7521558100009,49.38717624056005,299.2325626775912
1603.058527627362,-1325.2040480505157,75.5249087417176,327.1202314652081
1146.672053574588,-2443.804003750175,117.47629108338799,339.7813179919111
2820.089293873226,-2941.341995904949,190.82076603503853,338.77281619376697
1059.2441604985543,-1000.0702635955547,255.37665984515235,320.7308958264433
2910.322783346736,-1511.0690594711643,74.63191218785308,298.54309966555326
1948.9868090663786,-1871.3485462814676,123.38987861125545,326.7250484964409
1270.6171545527486,-1897.5149032729441,-8.044891231242913,308.8240787144496
2926.344988389814,-1912.2746482837613,22.69743266563512,315.9534323848534
2626.66496768088,-2072.403107681006,241.1647081652751,297.2675607038233
2076.608659590503,-1772.999007009082,173.99153491018885,314.8995446159261
1091.3601090981192,-1810.8887319807536,-8.013626023745164,333.17809413665634
2819.0491284085797,-2655.2586741925925,153.04838806118377,319.41739732970854
2692.0536721823846,-2143.0260221542453,235.85120461430387,328.4242237680227
2184.125823109245,-2005.9368770058236,43.38489511320292,333.1007867449922
2948.637363626419,-2647.56638951741,194.17919231955668,315.95296462590807
1703.7077939893463,-1773.053158057418,-6.630797254454846,319.0779794264997
1195.8990401399767,-2609.2935157213133,105.92581637194341,334.2601865404542
1803.6727986057535,-2532.037883753806,28.854314263735546,302.6995012984908
1613.6491359826323,-1400.5964815413056,-5.198998999413643,321.620470045523
1071.2712655740966,-1059.6221942655902,96.064307648551,335.53835835333877
1023.6845002739699,-1753.367387534701,210.12391369783373,316.8335363139491
1762.5253217224952,-2751.251170557486,151.01860192132042,319.6195645636286
2820.856338430932,-2232.5637650209483,160.9063335162301,330.3352024539166
1987.963180988254,-2122.1239801629977,101.90133351767314,311.9068631693744
1907.543570535679,-2322.201976990399,14.443397110912358,327.2052636980113
2055.2801949761924,-2602.998924063858,108.58359786151327,308.0748326745412
2921.5930407077603,-1936.6033259230865,190.46046389758223,317.0580617569686
1978.3075119762398,-1321.6290644622168,198.0163970709522,308.0909304774003
1314.0946090328025,-2935.8574502156116,1.045882341532966,320.24382150442665
1815.9609392203488,-1973.42870393967,109.71274826821045,303.7082058890125
1577.8440193829374,-2220.0337787083986,78.59831754515447,323.23769726018054
1815.7107878908355,-2593.7820408839625,134.64972883099693,336.6685123479111
2109.237679015062,-1906.8665863260421,160.68795594666366,334.049017034155
2358.464971383723,-1422.1175532860998,12.24187472881173,320.2849388999527
2224.2247961370367,-1680.4008957680855,13.413743060240765,313.46470553291806
2313.991090978366,-1728.6039502334584,197.1768825058543,318.74936050837863
2017.3390997745519,-1480.7423486984458,142.9603264056679,330.6231504663824
1805.777687811314,-1052.6202791718374,248.8005959061491,332.41626822010863
2283.4189106446456,-1003.6792060576056,47.72193771665351,330.3596117762066
2277.505812017638,-2076.9373758538286,226.39243979069013,298.5915615418985
1886.0278843035248,-1340.9600265200002,116.03224575637924,298.771725120571
1070.0842737303064,-1964.3917052449885,116.0111901935436,333.68863908654043
1840.2972658975148,-2694.9318518478412,243.9287509093689,317.05168555699515
1751.9613703123728,-2117.3116211627794,83.3409582657516,315.1711923528711
1109.3910777615097,-2194.432800747196,88.50092703685054,320.0031624463457
2281.136313929667,-1965.636094197502,1.888422980036804,301.59696141079223
1704.3245905513827,-2638.3212172159892,141.7863815628135,312.72392315372446
2721.9737860441974,-2799.748661487581,108.22436066399007,334.79900115936147
2349.1439455362206,-1915.0931715809493,189.81864864668782,304.0810184896998
2512.47158913323,-1621.9667379724845,244.58932462198953,306.08474714962074
2013.900113058953,-1809.9776846914906,252.00639578421948,308.93590438989474
2266.7330169800866,-2364.817639831519,95.97364727891392,334.7834017231352
2409.063917269852,-2376.765975704272,86.58199783821316,311.81658991528786
2029.3938576133353,-2461.992446735584,55.5472718677717,334.8408194092013
2295.7960817990333,-1515.7790192044065,160.8274617543965,300.49110322077416
1777.1664059612538,-2795.8922120001944,245.0120869828517,307.46006137089154
1795.2409623004464,-1442.713952239879,235.38100349440933,300.777038338312
2863.4107940089543,-1498.7662218722337,6.5529970678403515,324.274958059351
2208.217016321983,-2104.844389302286,249.0042385789344,324.0768823442614
2404.4828754626596,-2229.4856998675064,190.98474699314897,311.4700391843017
1417.2011935009873,-2492.209417582937,85.28566957904997,338.15950000127606
2375.4863193807487,-1150.1729490456587,86.83836133577145,333.9565856684919
1742.5590400764763,-2153.6432546036294,142.66267555520332,333.7576728988034
2508.94359545842,-2958.93406353774,180.6386572567069,307.6748958988152
2555.6913202610176,-2220.8202813138796,-4.226149794661705,315.80686532659746
2716.3970410413976,-1098.267381845962,-3.4156347604040302,311.95577550487457
2360.2339030366898,-1248.221337888888,68.76701480890709,329.36213921486996
1528.4497967559341,-1045.5710362551936,99.13411082408516,316.5087679424565
2748.406201215462,-2317.876663608192,89.25336567868426,319.45466002114716
2994.6347285067122,-1501.729764790871,202.43420252046602,337.1768004794363
1588.9346119042475,-2708.554268769216,45.22799643847338,302.1334129626359
2848.829334106843,-2587.747709118944,-3.6202012912927195,324.0091126573309
2816.882705869355,-2447.3187634546675,198.89371695193466,310.89976998244356
2907.7400619766736,-2416.221404318733,32.85402658948614,326.35080478397066
1945.1995198318596,-1479.9849001452,59.01457751710625,310.88923589493163
1037.0362632256906,-1500.3939306063241,220.19109045885656,313.1002711840551
1653.8936864712662,-1183.0933887564674,206.9639957329446,336.1971365046662
1144.549083604546,-2999.646245461308,68.6481807714857,319.92966462883317
1621.3037765349268,-2656.519058499719,37.65198565011455,329.21127657492116
2081.032185966904,-1146.3011517792854,159.36241425759957,311.6841980348842
1182.5247789586751,-1928.21402014048,144.456426475806,336.33430362522216
1170.814374583155,-2810.6548494205667,76.69186236327938,322.97759162836
2107.7556595525193,-1594.0790734906604,139.06585347899497,327.36513426303543
2991.285842102616,-1076.6256624320135,179.56165518882364,321.5098036915502
1489.1810730820948,-1653.2609968229629,95.31880669968417,305.7740375528006
1697.901303471283,-2636.693753032664,257.44177355425325,322.7030163934677
2600.813768731889,-1424.728662071528,88.55972878389083,328.2870330287598
2823.976156602011,-2212.223959784583,37.05768799359491,321.9653941127859
2733.7552721746433,-1170.7814337058692,69.6719413501239,314.4318302529439
2762.1707572236555,-2947.1420154423595,159.41932288557226,334.91084732051485
1741.3715418663387,-1254.6017382047687,177.581786777864,337.3548596335594
2556.2025822566984,-1506.2070865128044,258.0210396548284,310.0402263643292
1054.6978876842152,-1294.9127824921225,166.92602348523815,302.6048339110238
2477.921519376563,-1294.8817562795748,132.2109312919569,310.446865419113
1278.0739382644633,-2954.1164019921184,58.96877357562664,302.1003788113271
1937.060961659018,-2671.0038990544595,-1.3029007647509303,321.2424677403251
1432.0730491689237,-2021.7884150068141,184.7242912177912,332.7112534657319
1266.8291117427984,-1924.441374672348,250.878353740843,295.0043057045546
2641.2485192684585,-2374.892212664901,177.89075042651217,329.3019776670653
2502.6681048272785,-1814.9481612942486,163.80059778202383,309.43606084129334
2961.8479358910836,-2068.0814868552907,68.4748366364575,297.8022784855129
1030.7748715965213,-2665.4599846164056,198.44793736305328,324.34453417759534
1075.623830007458,-1755.0095175771962,233.16998165838126,338.02673393332816
1748.9689597246324,-2967.6637157178243,22.97776579614618,338.60729149123733
1490.5007206365476,-1610.5891312058097,46.94145189907965,328.78810573273466
1890.716962814139,-1236.3260453730436,175.5557583077695,298.79167187608886
1648.39081617471,-2194.240778312101,22.720994093609605,335.26579658829854
1170.1091321013314,-2121.996077886467,19.667952331202116,305.2475555787038
1858.4920964261378,-1349.3912134114564,101.63715316726497,310.960989537932
2099.0092052364976,-2130.238423416013,91.89727266708623,320.0730152059345
1924.1737856784562,-2773.181414527899,225.4354299508494,330.2712348260169
2434.970232030484,-2120.0105189430137,26.623200698836747,309.1660533987772
1177.2678037732096,-2236.025007237095,197.07902959060834,313.5862784299394
2448.5998072413004,-1852.9135522728968,59.108268599753245,303.9023299704854
2642.797916688168,-2116.1501586927225,226.42439532672688,300.701830738116
1447.3207679142788,-1340.5775139818995,-7.529389531106837,320.17829158192967
2443.404363868981,-1922.3916442074647,99.11910462054622,333.8303358290359
1226.6203338469568,-2067.276867007323,64.55469430903696,314.81319827157444
2524.1486061662513,-2545.8918337765913,47.549823587228396,296.89407923644126
2077.71433885125,-1088.9268370555433,154.15131929377083,318.13114600297274
1944.1620847157083,-1184.3953043469764,-1.0487660806680434,309.94971350098746
2827.9880151050256,-2649.79677278122,105.22482659252026,323.36669010032097
2689.0388661842117,-1871.6509994952532,152.32923493899028,328.30366373065056
1822.9751721440402,-2969.783736949021,184.20828006275292,313.21163909820024
2802.108705228856,-1703.1826173905067,213.38907464136616,339.43485650111603
1947.6890729068277,-2270.0762543701157,182.68269066595025,320.59171084376607
1651.6113145952108,-2602.6855953463655,2.7674039700407,297.5546258430632
1454.942452186372,-1630.1427416531424,50.2040636623413,332.1408089931291
1757.9618718669697,-1470.8515691615446,241.1554032837252,332.1743888811219
2592.335072418836,-2856.41412682835,-7.961658283357898,330.7109456192246
1041.1223759311465,-1911.6768623990663,153.53996580361405,313.80733329286636
1938.1855698560844,-2491.95368879122,256.425824089007,333.2171261873857
1665.9227935219537,-2252.002634502328,166.19980467802216,328.32806128978706
1742.2039274217893,-1691.5379318896062,239.1700342456905,328.1863754084817
2656.98256844746,-2648.227027197001,127.12122600567884,323.765456296309
2400.1617399329652,-2445.631208070848,26.726722880167053,338.6998527360186
1579.1518226415553,-2306.20531715519,12.309334063628874,333.7041651828892
1864.3190706130324,-1206.4084748373639,71.91490795141053,325.58417397107263
2056.933219746136,-2879.6968047971395,-11.078288280232439,295.2244236246337
2996.3351018842613,-1393.9502969055238,128.46728867245716,319.08226808275543
2290.5352596631355,-2881.8688500562066,259.77123538126347,315.10281503546554
2465.9510482971073,-2658.344312252402,86.0859295391503,325.58075588196925
2808.863652375343,-2808.5559270900785,196.09788586908252,320.7797401342611
1789.969713424011,-2272.968113818384,234.5254765363801,319.2025268256032
1046.9794054881336,-2350.59453862471,161.04298064595864,327.6834605586871
1352.9070761624803,-1678.4139320732563,67.71170931947823,311.59950407614457
2913.4870705141757,-1746.9833389350358,230.82371946325367,316.05762478338164
1241.190789189237,-1790.6756665802072,18.740978070089305,314.87567963906633
1948.4627973986858,-1722.6115533171185,40.469589595355714,319.27697073826505
1351.6435298921615,-1426.3065351136192,132.42246413874673,335.01212431460243
1930.8234389410218,-1001.6818449813959,113.3805961873081,339.0314607360027
2030.4115504512858,-2888.3926892230966,66.90076918874328,325.68597751301184
1800.4063257920586,-1111.625106135798,5.662660462963956,314.3653346244266
2419.97774651049,-1834.6596032746643,211.1548927596939,309.2172136480616
1262.7735884004996,-2262.5627041057924,39.32459822301097,338.65026817509494
1773.716282094063,-2523.3896863761934,82.95666776972462,339.21611825686665
1115.308953361058,-2110.988582593499,141.26700246762545,314.32140954863416
1936.524069785943,-2997.6362866830377,250.84380850768895,307.0101289119283
2408.9274844866413,-1367.6720034037976,9.383516263799109,335.57432757492006
1824.0606425408735,-2265.269051074799,21.33309650387678,307.0798809773331
2785.5124501657883,-1582.4072490525396,143.89014422735974,304.1942674556019
2875.779001347947,-1929.4408013227599,173.92562942556168,308.81606867153397
2478.3193599780698,-1127.7031333165364,240.8871068494009,333.58224722470175
1279.920448696832,-2126.4722467464644,230.2107714480275,313.4125446421466
1437.7255108566696,-1650.4541275959327,84.92628970003229,306.24630739225654
1550.111002290121,-1323.2450522712027,185.64230919207,319.6928577493477
2512.0294597117595,-1270.0087266878932,-1.4115669342744699,301.1991865297303
1998.7012982772808,-1632.9274039422933,17.50701037825096,322.9041889007637
2310.5712767994846,-1234.6077882184375,54.51833636549935,300.8003586325657
2465.9330884175088,-1301.557826197666,111.07578809925117,312.43749931784015
2725.4552905569903,-1627.631992312959,88.90993156782307,333.3532107262278
2487.6481173021184,-2884.809618285681,34.63021128900356,296.89595247354674
2097.7852725514613,-2824.769877171292,182.55249016879065,331.04073670153844
2353.8659481682002,-1744.7597972864721,95.36005741259113,323.3660621623886
1204.5394011525532,-2619.427504575686,4.902539700785841,330.11254709320986
2650.270287919887,-2015.1686204466077,43.392567364028054,315.5399530857408
1432.4993735494788,-2190.7632811405574,222.73986928806556,325.30670621551985
1205.215011846135,-1632.650637866997,155.86281760565004,303.70151173484794
2153.3404143391035,-1545.2326962399318,181.10146184469838,302.7760758351343
1898.1488726620134,-2782.694727539606,215.1671339203306,309.56690845590913
2769.2213252548345,-1873.7804647175408,214.3747457981977,336.8939562155409
1535.01722770592,-2032.7234752403836,1.5450669533823636,330.9174122692986
1666.1687073726996,-1679.1433605889056,197.38138315598115,307.5693960658722
2175.178156324997,-2335.3427231330743,251.09090026343392,328.64965064695036
2228.684527016061,-2873.78494993158,133.81136020607192,326.8853591099702
1505.4966567888162,-1146.4115540018295,144.93051797248822,307.6325556158499
2833.005822738113,-2510.0668635375905,190.75122684755829,296.4238396497936
1778.8660394697931,-1981.975837293836,230.3257756085005,315.961512733074
2050.3113765467515,-1943.5757084111078,233.03883707224495,319.1591615934499
2825.471518140725,-2149.987884169175,30.86009455801377,336.0145232355922
1868.9616861785357,-2373.926872268473,173.38244069501408,312.4786782876758
1912.3396190444344,-2065.575697641135,-1.0539262976529358,317.09832685550595
1751.0329688097904,-2411.159949416306,-14.419258510243184,319.63920638446655
2936.304159688373,-1487.2919863981642,159.73239294467254,295.66473361352865
1721.6280572445935,-1144.5240831978228,-12.44772515959723,323.76534350973077
2496.6079881062055,-1490.212116996561,225.12272052817798,332.6079193062506
1532.6265512841076,-2654.782009708674,49.934871506965706,322.933605251558
2920.189658664332,-1758.1352584358733,190.68518022523347,317.87971059244825
2361.6785785334578,-2891.3392235429474,229.2702003001691,330.6292923594609
1938.024539409586,-2388.562177842146,101.73741576637653,328.34082301965776
1417.797799334613,-2553.972928513337,65.41739542586257,338.9505846398695
2495.2688181358058,-1242.1716429513583,185.19539782021496,297.76720811404755
2714.1262341552747,-2094.778359311224,0.29950583585181434,314.15781513427373
1728.9091299715233,-1627.8124464068246,-6.804038595295461,335.4674378078142
1607.8547853472076,-2364.6005227035866,151.8106591626015,332.1452614364641
1992.8102921965233,-2059.2002499341797,70.66793397344962,320.38613212722527
1210.643252093989,-2049.7264070320557,156.5397527082782,315.650913514624
2815.854625303413,-1727.921859200535,166.81485703318106,300.64296470276486
2295.053074011278,-2942.0183494095527,225.55935856353332,297.31854268993794
2247.4689733026717,-2038.8331124745184,223.71494000355946,305.76431660808663
1504.1682697418448,-1446.5152771249373,92.57397604224191,317.266380168392
2089.9848219296045,-1302.3590632070488,-8.001305166328708,308.0758660026161
2695.30920040799,-1620.598999301605,170.4799197660307,331.77500737139405
1034.025019291022,-2483.7081217657073,72.4476640123936,313.8291815530405
2124.1247037776384,-2500.9441151579103,-3.864021567287093,328.0927022898624
1403.9079860989186,-1157.0746363939954,38.57018557039903,318.5634321837136
2038.6810146123426,-1560.107957962824,74.73985317258045,338.5538955495429
2280.7289488345295,-1276.4485078701664,19.913255958354164,326.27358604603427
2523.856243255358,-2013.8807347429681,13.209476080076875,313.47721902890333
2259.241102798761,-2590.2534960718544,111.87672592859279,310.89968316094786
1880.878787554439,-1707.7812112854388,-7.228219603374518,321.57000503731547
2154.8990008546925,-1956.4036706184427,78.10231065336282,325.60282963062804
2005.2133905146072,-2975.3143446695103,94.33143524987601,310.7971087151372
1528.944001106895,-2307.7169731968465,216.8629539055325,310.0584119578118
2866.466787530971,-2817.6914256604036,228.28570910743065,336.394537023318
2950.0140457002362,-1116.7399954915857,135.7222564983253,339.65089815496685
1075.3528315113106,-2491.250368616662,101.14052938359653,303.3514272083346
1823.3991521023927,-1115.3587050841302,104.9917688201655,316.1180450491588
1794.0983230711763,-2623.985431588566,85.21050372953765,337.63662260581805
1105.052104616229,-1920.645657451635,107.5274766869954,302.0085170178199
2026.2739966951233,-1165.2604164967786,134.56237929471388,313.87089129926113
2291.9613543160667,-2383.64494760128,174.93910517863355,307.48364004327243
2147.156084807195,-1052.600535146548,154.9313525237791,303.4305667088282
2164.269908064126,-1589.383769480277,188.20163848245573,311.27292387090415
2177.794315873506,-1363.2680026970597,103.53917793823248,310.41546791773555
1333.5115551745748,-2192.533615210299,91.6419069083792,297.73815184375377
2035.625468307965,-2367.8932443861113,174.4596887636249,308.10977090120355
1492.7519480292492,-2891.1055547583373,93.04063461767343,315.0632503456212
1743.7993887517896,-1978.3982855172667,96.66860725645495,298.36083095448953
1607.2484203431204,-1347.7462214606667,20.650705233360327,320.19889877009876
2614.814377392614,-1311.2926048751758,180.11051021119468,324.93250082741264
2417.7221750662816,-1037.3678285272092,142.3760017150428,309.2268456946345
1755.4705125599928,-2688.256693019995,86.45939344859814,312.08537679211736
2177.934145356726,-2633.3621066057863,131.65962933982266,334.4845257499769
2847.1057555042757,-2700.1771403294524,55.59349895359746,336.6937945039539
1112.814423429892,-2096.992536524263,249.49863834262942,317.8638616171837
1967.2604014270564,-1112.0022556173244,258.64704952175254,328.2577355847841
1882.3821136066456,-1624.5695734084181,95.95729547147035,336.48305614723137
1005.0476577909384,-2152.261731070096,257.36505080529906,331.8523633018435
2728.894934935455,-2598.010127834178,96.25797440513225,303.3108086729524
1648.288922259475,-2235.4238205444944,179.1609679808851,338.97544158446317
1895.0842816828163,-2061.180423862896,36.245115756304386,299.53662026429754
2465.063575457808,-1262.9366132741193,131.54453716837693,306.8274765327194
2586.2152146349013,-1930.9907488541007,236.5021437224424,324.34981235544836
1990.1890970989116,-2768.3668578761485,251.4591046363269,298.2389353224477
2452.9886052022966,-1636.9906422982742,78.4213102792144,316.7248069197208
1621.3694854466935,-1998.4741233799032,235.46026845830704,298.8850401671589
1667.3964500756665,-2068.990812817689,70.29390543011672,338.66039529618376
2598.758228637351,-2710.7573273102034,142.10276015330604,297.89132927825636
2218.3182134953267,-1138.8690657703903,99.7776759837363,323.66513982620256
2238.603141361783,-2586.5241049076562,227.3882862822337,297.32774309641457
2769.040356671914,-1019.2573055430319,-13.772705048590542,311.20091585820984
2635.6203945514917,-1477.3314144208123,155.28068660883847,301.82973626307523
2690.933638571281,-1207.588399021806,166.66967681543142,326.65725360485203
2293.6873494925594,-1998.1159617610265,169.32370293528066,339.31716366723623
1600.5993665025717,-1678.92212490465,222.56450563716504,336.54713841239857
2742.745650098468,-1799.926848371248,74.39253242315064,317.9702026825813
2455.628477080209,-2806.508973965863,175.6218286699975,325.01337760076683
2061.5669819963623,-2448.686699410766,7.694997527363103,318.3898564371452
1816.2500641976321,-1424.147081937213,57.921612584355955,304.0099216605583
2672.1820268438323,-2196.9827150305737,55.33312885224228,303.0276473552119
1070.2786857913072,-2938.7266970012315,4.781915050108953,319.78075604876005
2697.4471131497,-2543.4505333915654,130.54713283402114,309.08230551694436
1087.4112685032035,-2505.3694926352546,152.0359578025553,322.40904024658676
1040.4492042131662,-2457.6040768321564,119.2471013904833,296.3056191694477
1689.5074613054737,-1238.9906956022455,31.050328434162566,311.0120990143473
2932.8517462804184,-1293.1952213588588,59.21130012702298,323.45457791649903
1478.8795432222328,-1317.5600970303651,156.34846348548402,339.6348048297885
2524.849427457528,-2477.4923579875294,213.0793889013787,305.7287141732991
2478.9037859137998,-2459.083981667363,235.65502771308266,321.35706727910707
2585.901669403076,-1819.6592031702762,18.85422856393898,311.2951348192063
1878.5290806950688,-1330.314442740507,174.7749126757426,325.63320288338315
1242.192291609493,-2810.0690963944785,77.44062454651133,298.80474265925443
2621.6821266916522,-2680.539510392708,107.75268190639596,299.9558619524833
2961.7724114482717,-2109.2874286118677,90.55259386494006,303.6543125302962
2287.4726792315687,-2227.844347964838,85.45165577017409,309.95997446949303
2234.5739900868657,-2860.3564603990785,216.71435215797922,329.5739290212781
2443.467117003667,-1636.900001784945,194.38527247816222,311.436941594154
1548.4910663487753,-2630.6304456250696,52.05850675144812,300.93167700646546
1213.6395193956266,-1844.8582261830686,197.08571896298574,336.5862201017738
2954.9164873030295,-1641.2871554597582,61.52611317120534,306.26925623077494
1980.6235161165837,-1594.0579963473783,91.18038957934216,330.0170143788976
2538.0136667341626,-1016.3628842277458,97.89798953529585,317.0229404113794
1597.133197900688,-1027.1689925529718,14.986016180138474,336.1901879310632
2152.4933948198313,-1282.271258981411,165.9157059180089,314.9820485486395
1858.306385493618,-2507.491869864797,221.24781072785984,315.9982566992493
1659.1664481264563,-1671.3518284469014,156.6161111319801,338.1503631071151
2291.331543248454,-1141.959461328881,133.402921828995,303.035254145215
1195.999398439672,-1041.7748789518791,180.54172275221217,321.1561699233853
1193.6962049125314,-1522.9288901281097,43.80037132422295,331.05053471746436
1311.1018215274123,-1034.6069230909159,55.12561540169547,330.7556848026775
2327.337997980192,-2353.3477675487065,75.4582283709519,300.4634681327172
1523.1232210127234,-1882.3727180013902,158.1488396440511,312.9743521427958
2446.3859176521055,-2101.0226686698866,204.64206648184137,307.3103817193685
1515.0426540840758,-1974.3945924713382,96.99831423197733,338.99457088598797
1933.58596665905,-2498.286587769147,93.25876185337907,322.5687062857128
2151.15854800757,-1730.5057719631918,219.90569384377767,321.6753439595396
2462.8720014729242,-2982.863833809469,247.56279403371133,328.48406160581374
1760.7349054611946,-2186.25311204478,6.628379142160188,329.1065570988629
2153.956403434171,-1067.368591759887,47.28015057820745,323.9598585191373
2549.098118762783,-2415.7656970370454,69.31906179941483,303.9489042891698
2312.9721806955786,-2867.211183991809,135.72471568524304,312.75122849258446
1299.3096555977318,-1809.1895179205385,90.53259982842219,336.24382519942924
2302.8910586316633,-1229.6871179684945,167.08698388810714,329.0800917130994
1915.0474356310672,-2974.766354943508,136.12419161424808,306.707348620701
2102.5788359125518,-2827.078802063613,39.901893618111565,331.1616566958407
1471.8438377948019,-1685.3496060157563,55.170519569995534,299.2627707364871
1834.3769712500534,-2161.9885729345956,214.16464021511155,311.16514080213204
1030.522546565531,-2723.514619864508,115.51697468751948,321.75298290454276
1231.9167166432567,-1908.6373540448872,181.9344718162571,325.93724455751675
2946.312922923954,-1856.8292484777317,164.3647842014774,301.74292119749157
1604.899738585842,-1204.601174613303,193.01050435653127,300.2242744356126
2312.4217953502757,-2506.364603751683,65.69331954268479,331.408203731462
1713.2505405005463,-2427.231670649404,42.00285352414111,332.5478083664283
1453.2906519962135,-1389.5652949700684,21.80052347264955,327.0853962478294
2837.7528858907294,-1709.9859868984968,4.854064166583797,296.1107440709834
1865.8280260881816,-1367.9304254727215,40.47072352756941,313.55899413240337
2861.1018703412346,-1443.523548068708,176.79779593875801,300.5575499050094
1747.0053889585865,-1504.6931604574552,141.5035320049068,299.7173806034517
1815.3551670071834,-2098.597270239067,169.17355102236644,306.4686771346049
1228.9846114217985,-2983.887937706394,93.04701657069987,337.89197718998435
2636.112052391941,-2032.7200637910064,258.43081804203825,300.424251597216
2488.138018081536,-1488.6731337446504,220.8663513832005,297.27476228404686
1678.3792955553704,-2412.6803876669164,92.380775305731,323.7064737069799
1967.56110718961,-1631.0933173772778,185.03268889833922,335.8244063587173
2439.836621876204,-2123.858782584678,210.92757522297785,338.877663461781
1915.513011539017,-2898.0751943208898,65.36958608083971,311.93343411742296
1953.233939057338,-1479.7435938586875,62.01856245412618,309.8950204195365
2044.9712487770448,-1641.5568563005445,89.04026594909183,323.55827165339497
2809.4517956052296,-2130.4746586449387,19.080716276198714,319.18470147041006
2418.367639336553,-1395.4493118340497,259.7090295824907,332.6676607861635
1247.5414154836099,-2274.63848358253,7.740727664552924,322.4038750529306
1346.7889056790184,-2165.9207309563794,130.11108424102503,339.1335583123589
1649.155514473955,-1639.874607663936,141.43824788241173,300.6463647248393
1684.9677723071081,-2471.8836277914284,243.25598253763866,309.7771709659137
1005.7288871814252,-1965.6207444060808,-11.345030659047563,314.2339727111643
2130.7491132304503,-2670.7977367865087,248.13372060118684,296.12064531939376
1634.0152200523128,-1070.9621184352554,178.43174218265034,317.89459382208327
1011.4768366629526,-2489.2219832969527,238.5345198829177,336.8974644437453
1694.1686114470472,-1913.6070701457147,249.53917595693616,313.98667359488263
1978.8152799425507,-1312.857683330072,128.40004088706382,339.14842391696743
2197.4863672253155,-2760.0402410917272,218.71178222956436,307.80555661347915
2196.0144431997614,-2187.353491305403,255.52597715707395,306.1970640425872
2423.605903201552,-2349.714411749146,39.143155084632745,334.55509592806874
2795.152399000558,-2258.142778843052,160.8659038878275,319.40889198153906
1385.1636943091992,-1168.5746297784658,159.87573760695523,314.33789845811873
1195.6131882475063,-2517.6615218943434,188.61877428456884,318.6277742689633
1390.8792011484836,-2133.400521528571,251.2126338604362,327.7006537842374
1165.7305460528858,-2722.277915459648,104.0027882304448,312.9776147374372
1074.2022022334797,-2227.7401650706424,38.98001059999281,302.3960521521177
2515.43226875596,-1770.515473549676,98.21821962693606,333.63903037709736
2642.841580248822,-2138.7258447685012,200.47796170590544,319.6173651154575
2159.892368369481,-1961.1425744171124,96.8366847702966,316.3889873886757
1837.4007137309754,-1325.9555404552532,91.558897026676,327.5670351407662
2572.8756605932363,-1785.0381649663589,109.03352215662697,316.2597077980366
2982.6603394731956,-2949.5992602098618,99.24865663996847,323.6798433994833
2655.7113679448726,-1863.0683273466402,50.95297172396711,327.67440822880627
2487.759310437009,-1255.873427751552,230.34682952917746,314.6642461686354
1418.368273138319,-1306.3973118636022,151.0183333163831,328.27562749146387
2080.0794874655785,-1543.8201294887424,67.37317811470679,335.7720093351094
2523.205721978856,-1664.7204101931945,61.90713519864384,315.3475127539427
2367.7538960001825,-2077.092945522411,66.06191667781427,310.2456395913189
1036.8310641103087,-2546.9136746703507,81.80326427307125,296.2690165710945
2530.871312401015,-1463.5591575811502,245.09721199962934,304.119846174158
1819.4899437052156,-2935.30161118022,12.398546356460372,296.97838247501244
2808.0753139045964,-2338.883039535672,139.64486107106575,322.0238541655168
2546.7710426758013,-1181.8778467316579,182.23488602784718,317.6715097509491
2686.2088362874797,-2924.458154949207,82.913865186341,336.2104545118957
2163.026667001708,-1182.63002652932,244.4544677497002,323.6241706199614
2270.320595727023,-2633.582987016441,102.17429059465128,314.8810798382828
2479.712545928089,-1191.546342471489,124.28839150407276,338.8943375419673
1608.7415545115298,-2618.651042191481,220.11695746089472,297.24238312700066
1382.4108913628168,-1955.4900455150978,113.04986037643297,335.9028043476606
2454.6139759656135,-2565.207263807923,13.680280098272274,298.4869283518579
2768.3596761250474,-1204.920510195377,245.72767369203427,321.19138064999225
1207.6822635716385,-2664.0506540212473,23.71811478721648,296.2482614384652
1950.5296552768218,-2840.833011228952,199.52637911578898,314.58885382061936
2483.5660936473428,-1040.3046505395596,78.02551490434834,297.0167059972472
1765.4496266802048,-1691.36047070983,247.20857420388853,311.93960532775185
2906.0699480687117,-2732.9378020195436,236.0382953968143,326.59004236871675
2048.1558294580345,-2752.0024389563346,96.94719757263266,339.3623219974998
1344.8093081595857,-1623.30516972282,33.925738125894895,321.8308665620213
1310.7204779690737,-1083.9850773391831,4.751448217867388,306.38560913338006
1204.68648863454,-1059.3113026801993,193.77813005822995,328.2246680702677
1361.2314621468345,-1442.7370475008333,9.203567378173506,297.1241768885536
2367.627270625233,-1951.409494330614,220.5176931271906,321.7392796531695
2203.8748878902625,-2249.5193901602065,101.64190413812103,336.9164577585095
1564.934338304451,-1502.3643437799572,233.5161422153906,330.10502389830435
1146.3731564732725,-2715.985603871617,174.33105101932267,309.93373709754815
2890.0435360940937,-1851.8967078322614,197.52223249343584,301.1020381921855
1921.965539093375,-2955.7286378450176,12.9042786104796,299.1462292212557
2519.9486829146244,-2748.084448614513,257.8391204886174,331.6526055322065
2100.1433668862946,-2110.535843730366,134.14943321750917,335.97309957615647
2368.066746915245,-1088.0290570925786,92.08737626756319,331.56030366900865
1058.4200738489606,-2109.213928227122,118.71938640941195,310.7391354876233
1869.8299291711085,-2262.955285708578,229.59871942085994,317.6807240927474
2978.070574866322,-2636.4185448595717,-5.8168743270617576,312.5623124274284
1744.9025248705475,-1856.4053966770011,196.1046882584398,335.82729815260956
1773.4830025292413,-2105.228000280037,80.15683899305613,325.18085404002323
1542.7201042212441,-1203.4655039446839,70.6482644592287,329.5833781141754
1497.5054273408696,-2810.1025030823057,119.12628061537649,304.0947973082117
2473.178048109685,-2028.9009510193373,211.95090240971138,309.4102550817827
2736.249583601361,-1755.3432177810857,174.006771451649,332.18665869224327
2694.9500551156343,-2699.049972699288,233.59607839628728,329.8147478747515
1617.5413990740037,-2791.5317662794773,-2.5135263143349444,323.5294504587125
2059.7461152631136,-1470.0117502707108,206.97968537160446,311.53471564340487
2819.3676025198347,-1592.2561131018156,221.0904617535997,337.87159182045184
2481.8250376543533,-2430.486912624301,63.77093516899927,319.66471145256685
1596.4023085992344,-1452.9742603631491,174.3160043015743,327.41394050882224
2878.9948130149987,-1664.888302311179,170.71663238008048,319.4411996275026
2557.7441155471197,-2309.2374184243636,21.355201662019354,317.9752606754154
2791.279857325958,-1472.5255069997838,47.765014281158294,320.3042209651787
1635.5482824306232,-1631.9347452574245,85.67398009920517,297.7113901928876
2642.354829522522,-2333.323195115579,97.92346315178096,311.0701132979706
1366.8682530341355,-2002.0688358284885,257.57024414431856,326.928984872603
1225.842168969216,-1559.869497931742,26.716474915880895,312.51639629695353
2676.609512260092,-2277.702454330684,2.135814088536641,312.64157984689547
2846.082007283228,-1088.2478319364438,106.03270959853516,317.60662446705436
1975.1390936921412,-1429.2876795740624,170.39584601754657,328.57412929027385
1923.1485772747767,-2419.7764306939125,189.30925522334414,328.16486181121275
1585.4807248761842,-2805.2639451709492,248.18162927257316,331.5419072529891
2375.3271199241517,-1057.1794354650544,201.05746291735346,334.53715596229557
1897.5433582703704,-2416.7088510381254,109.50678156279156,313.71093222738233
1249.0150255855942,-1766.362153194046,128.04757142479488,304.1175834608191
1891.937740026433,-2139.60944716557,177.0673024993654,339.32182095520176
2050.7731971017865,-1768.7736273916248,46.10888757157143,309.99534956298174
1512.655390122025,-1040.7470246041762,195.80574136261754,315.94074198416905
1440.4829799399838,-2181.611133052361,3.790048656447926,325.5523162336534
1601.5472699330226,-2381.153169659133,116.88029033509613,320.55079201241165
1507.6907395292214,-1183.2587545985527,155.53571584542087,338.1004210659485
1787.1655409360183,-2660.271108588069,169.22828572801782,310.9714453596901
2860.19856647341,-1632.3099463125363,92.32598052645855,320.17633175734505
2498.8814840026016,-2091.078701001009,-9.736704218216119,321.99157624006114
2910.419667649894,-2845.4442455392323,146.4630466533787,314.9452442116887
2889.4664843451264,-2345.1341431920755,176.12927891148607,332.8618622570199
2787.1079373790008,-2797.5267369380817,144.30531672675275,329.22396694560064
2957.541998390703,-2840.821880141083,-0.7395196941897204,309.4309231674415
1465.317054945307,-1079.3073334755588,225.80013459535795,300.6176179956335
2338.476505209046,-2582.559068615911,59.887760441197514,335.16523717792944
1043.8107309581314,-2832.994527746596,145.0276252793537,312.57380355662303
1171.890228452546,-2654.2448573570514,114.71517347809663,300.63712626735526
2916.5866219810955,-1081.160155139619,20.556118675883397,299.249685821446
2862.650811337202,-1522.9419025077805,68.5326309863891,302.39433046068814
1794.5170940230757,-2688.2051691830957,248.86015662433545,304.2542062737157
2042.319419252379,-2659.956763658133,251.10769255035552,321.9392925303089
2835.7385293897073,-1374.4242325597515,17.27100261643377,335.6251059171284
1110.2054591043257,-2754.0823640157446,89.4769184264364,305.5099908685125
1773.2048089827185,-1454.0368509535474,177.51127101858785,325.93240362045196
1113.5275589278635,-2150.2154654567767,34.151384479252044,334.7980545867362
1678.1135575433586,-1541.517136311467,250.78743648261008,334.09485155489233
1683.0861667698177,-2147.324076008066,121.39058070848657,339.952437982094
2357.3796616246937,-2810.773006153938,21.08968595618773,300.7890062675705
2476.3335836553815,-1394.0812332678668,121.09320088290048,302.2094436842094
2494.543716646978,-1241.6145447830106,143.67555373030933,329.9737534506428
2908.436194535544,-1662.7900368169412,59.387278111746056,319.58655297307956
2462.992428053359,-2756.2639903148774,115.93023154541535,326.949786301619
2974.922416742883,-1854.0225817636003,160.22285677596915,330.1734787409704
2789.89349846216,-2035.5291605760203,16.5993491973513,298.9333045261152
2866.5801261085658,-1655.2852885934108,101.83523339068522,313.2908463622778
1845.671652041297,-2840.5710983217186,90.01135367898434,311.12581215690835
1969.4036301892793,-2351.7192101706673,236.58737342497392,303.5136152969485
2968.6982344459648,-1890.0203611003749,84.60309798184788,324.8106643945561
2788.5366864252687,-2376.6939622353875,194.32890821399948,295.0767280752071
1993.985892778948,-1389.7359262320786,108.57988343921734,297.7170470869666
1581.3418068098176,-2703.3468539227106,16.67410691355738,321.1774469165561
1043.028791823231,-2856.3022697739516,-11.353229205218156,317.4720649288039
1974.4425247384377,-1607.8161670385941,190.14073518069497,327.16553437514614
2329.011669944469,-2644.4062633610965,99.15443023490556,306.0800793492311
2353.766361392052,-2483.277373801866,254.7218586715856,321.4326474706256
2882.001804576158,-2566.108174356835,17.656024366430906,315.706063600649
1749.7299832656981,-1932.5653204990933,2.7204745026753194,302.8632093940129
2312.623779618224,-1921.8888201628713,37.424810377229626,295.8460204144321
1355.6357587165478,-2837.8928724458137,49.80003118927675,316.9214791280132
2547.0595019261837,-2420.7008759413843,255.1078886528711,325.02478708703853
2665.8496599053615,-2730.5638963490746,38.787092983031975,303.93416054245176
2296.5174160844917,-1906.1294562146704,-11.6099559269926,304.42761162479115
1045.6025449731926,-2257.4491066689297,254.56486006177386,300.3561305178338
1811.1630458240102,-1721.2954876723759,168.3502695619829,322.8921156467802
2727.8631993009403,-1098.4268873751175,197.34093978637512,329.84618088390584
2910.93591168521,-1380.8500536565296,170.5742016900428,331.5997812252964
1244.7128664976597,-2290.926311304034,98.3567189148659,334.7360918949878
2399.3394029086276,-1522.0283100706868,83.6410064700544,333.4667406012812
2713.4888537735496,-2441.1907929666986,176.2582870288414,327.8575937937759
1538.0565568046309,-1456.8698798146024,131.53398029344984,307.59682883268465
1808.405468989824,-1137.1060647675863,66.09318559451961,319.2482525232884
2192.9250114556116,-2363.044446343093,90.86710924513753,316.1048269771058
2442.723474064126,-2531.983575929151,214.500066908766,303.62074649481235
2602.6023111167397,-1063.0786260762816,218.34858097518895,330.1961527071849
1953.8257125563837,-1501.4108329626888,223.217051457207,322.55325444407765
2750.5723369681364,-2663.3417459697,205.4353242286712,316.3114951455499
1193.5030625600643,-2617.6054604458955,41.76195945326006,308.27399258022473
2311.0600270528694,-1082.951660351229,137.62225008529532,318.9561829043053
1960.4506634804443,-2122.0095142749515,218.2423173203888,330.2232367769412
1414.4827371419083,-2983.518323448775,58.02091840619795,307.5427831795125
2381.055808192952,-2513.235352624155,19.275311812332134,313.02620966119986
2992.7789366165352,-1875.4045911055036,75.15332053948244,319.6742496200018
2069.4424522218515,-1379.960503541978,46.493121370380685,298.0007580876209
2586.5409877820957,-2462.9569262345867,164.5584941998306,297.6315170957876
1267.9498297779264,-1089.874873356253,80.83709766999081,297.56440055093
2559.4572756593484,-1789.9399251649093,170.23329485711955,331.6577374586013
1536.7599611100018,-2212.903756624096,42.482252569542176,316.2752582439047
1255.607105134728,-1065.4011690143072,227.4792214140822,304.9050508765012
1836.1059765335253,-1562.127132021208,94.8171704738153,308.2596080188362
1626.7679652055247,-1018.4124037365757,95.90094523444378,320.3196063023529
1579.4670878412858,-1535.506223317733,-7.649408817811565,334.99705720902887
2255.478412076628,-2791.3992394114234,64.28976444855005,295.1485640834681
2353.4078213049393,-2905.985056228403,184.57854327399235,305.7159928454865
2280.27641062325,-1176.1487980715196,55.595239698515385,329.0935545195008
1525.060995654137,-1117.4043003954305,236.2332625531776,331.94846800359466
2886.805061073859,-1779.0604303610887,165.15955690566616,333.45539869719244
1823.1785902885417,-2737.435628402358,185.6571586230343,297.8301446217449
2706.679650495932,-1543.525451725208,257.5505229606904,318.85170359815936
2765.1289493930963,-2289.700536840326,38.392715541817445,319.20343350034335
1661.4085795242445,-2147.0674940618883,116.25264220059856,297.336592393941
2678.0182389591228,-2030.3403914861644,67.40101079655766,318.1519965126165
1437.3157187615907,-1759.3752976330313,240.17291634269546,321.08164817454895
1217.2454261784283,-1859.1147800746098,164.44544149890783,338.18736151254114
2233.9844883574974,-1959.286742372631,166.91619171783162,322.4996565920016
1229.5437298861848,-1420.560054158062,14.023470675348385,323.1477357793215
1320.3333930809088,-2049.0146813976426,116.80813190984344,316.85536600097583
1139.3597205001238,-2887.1050599365703,13.780360314069405,311.402850071921
1349.3192352324074,-1612.1321950856932,21.494301262112245,299.6091328069095
2275.862919905574,-2682.7297280373227,2.3029259987431736,302.63770173156234
2747.267646717839,-1683.708979395717,75.74133597634275,332.61777641135114
1313.5072991497175,-1917.8047444315255,215.9505592643612,301.3659819832358
1904.9435850758587,-1424.8323355869984,55.15939724960835,339.7007450443036
1617.4127593906376,-2807.84889411004,64.17187892488273,317.49936047237685
1854.0405058650163,-1418.0809426862704,78.53551019697942,308.3107757985312
1551.8729474839183,-2116.0297306101247,0.6404993583159548,298.82618100146857
2531.2617844742454,-1955.484792298769,166.70054614691156,330.59636240516966
2097.938087306305,-2315.164631716314,64.49245347602236,311.3086493236029
1029.612514692327,-1030.4213708871596,143.61736117917653,295.87252252628804
2528.031430324326,-1796.6572389112478,101.99560887784432,302.2326051473074
1056.652934369643,-2121.105330641408,87.21772152539423,322.65590546754294
2398.0565126966635,-1398.7743692400609,250.73383601620918,338.8531109990313
2711.970607289417,-2343.3859658334213,78.84979458945152,336.6203948541611
1909.1682880400374,-1382.4498972852102,143.7258858929501,336.6882506210968
2450.0641389733646,-2963.540314342252,213.300431818461,309.82387668097056
2398.260747550875,-1068.214559564514,41.41940064398916,312.07330758331
1380.140682347501,-1821.8233095326507,-11.127543824777923,297.0111112999875
2101.7741094421704,-2678.3893440698816,102.74496178920094,295.68981492966475
2634.0364013400576,-1288.9749501763865,125.3470281135715,304.97413500595763
1256.9541454220528,-1874.913420769614,11.049670298182683,318.78829687604707
1456.7583517590695,-2358.7883080206916,52.27500474955174,308.97603913976775
2267.9060850736555,-2961.792265530468,183.2588268385382,318.029209008592
2611.6737976811078,-1028.1479065177687,177.18854306084037,332.12964937595376
1990.4343458899648,-1057.0401410595205,11.942980888973004,313.84058968071537
2767.135045559892,-1221.5151537661748,12.932856898617057,307.67957678619945
2996.8997598367896,-1970.7285521010979,247.64982914886855,296.59994065913196
1890.9550643134903,-1133.0420862067754,-4.25905767483931,329.1707987428076
1823.3293721022274,-1018.1886868357672,229.53495108877465,331.57561096977645
1473.4614307358545,-1787.0283249409556,27.561596588320413,310.79093721668767
1651.305595448738,-2686.9367452814136,57.85444416159302,310.01086483157263
2304.929407042755,-2433.154254187348,137.14451365625027,301.2835297371445
2981.455477701621,-2109.3020313120005,18.484721121646977,330.13855973528763
1683.3859963217565,-1225.3091428195498,178.04873280258968,336.83921683422125
1803.4918417736408,-1169.5236267054245,121.5728132748811,325.60722745067443
2190.287721519213,-2371.826190052745,232.6373553569232,313.45558418870763
2595.986218082345,-1361.484798385306,39.24660034124175,327.44185440672845
1983.4890439892358,-2749.473536672311,47.460263221266096,331.6569548847682
1058.731061432243,-1924.938535259048,196.282727451826,302.22977556869836
1328.8708930505024,-2215.9942534262605,58.00679694122553,298.7359742496813
1265.8035769093804,-2635.358223539778,230.00244891484806,299.2883362248142
1518.2178309754672,-2223.50298710328,173.91930510796124,300.7477873461732
1611.9465556026507,-2553.6671775858067,88.27879354857592,324.5240135917732
1054.7755088885365,-1944.8547919011844,70.82138243278841,296.5136886779855
2956.964438976969,-1434.1548475676843,234.20764602672068,303.39705166103005
2890.237501523407,-1666.2400896637134,18.50352431118531,301.7361982584672
2506.6532998386438,-1597.9483045706609,20.675355151905485,318.35730519209125
1559.9233065515155,-1362.6317511912916,5.605607430868631,311.49843766603414
1838.6303586459708,-1988.1200536698652,186.70845302211075,321.87894641699586
1724.103187185346,-2244.3273691584423,222.29665434441392,335.96311523263336
2829.4396455874758,-2969.2423935604597,86.40894259083404,300.3117469013996
1511.1683031995904,-1221.9374848687942,116.62231759428218,339.1714273190888
1659.6904389094684,-1362.4399418347011,226.83199205679824,323.57449501695675
2473.223759512649,-2174.7134266193407,19.177027151375313,317.9915816373277
2053.796056414313,-2773.9844075109127,216.98049810601304,300.0148056265753
1580.7687845797473,-1669.771915437363,199.69652088014027,335.7457751958592
2515.206570445528,-2000.8583661344917,128.85580110190455,329.79913797713795
2170.940961415884,-2663.513347444708,196.65119676646808,335.7690980015238
1925.6688838336781,-2577.1102477428067,140.64119764645935,313.387500304759
1799.247532400364,-1089.094280532887,226.05362000348111,323.5912582933107
1721.735905077333,-1677.3273985879155,37.24904552507148,331.5389473380666
1327.3499757050133,-1455.6984051764277,176.0180387792546,308.4535052088916
1254.5509953761102,-2412.840009472365,258.7673331223333,329.59823739282444
1425.7012596659679,-1707.1463608263196,193.9575617414045,332.21541112479315
2393.973312496034,-2195.491139049627,29.185406660708594,304.5387829503873
1416.0443760162523,-2675.5754927795588,20.989802150572352,314.33466610020645
2281.076410098636,-1287.1576963346706,250.36309615998573,332.50372611005247
2561.4118442868075,-2074.1796499209386,38.22646144721179,306.8475560561767
2299.567910995738,-2389.02801452941,220.25594928767245,317.4544516179077
2295.1375799131883,-1423.4093951843365,202.88800235825417,339.10388080671896
2266.7296145028263,-2746.9846871020477,7.642013165036559,304.5585292539223
2795.804385019039,-2789.9669293280513,110.86828544060538,339.57804368327123
1901.0163312909542,-2993.803238099501,29.94538992881403,332.35530589431613
1346.199826420589,-2533.2938865514907,149.08819241948962,312.1056297492678
2336.5167439494007,-1745.1159893135928,53.53498429105619,331.456687930822
1776.8782411558159,-1980.7945224827608,115.6933425770286,315.2020013929954
2823.2790226491325,-2250.093551097214,125.19022306234919,322.3956421136404
1626.9521111030758,-1908.414175961701,174.4674813534201,312.70886649473863
1914.0441166918868,-1813.7413952869476,197.65878349377306,331.25977727028845
2383.32252354664,-1826.8131169247263,-6.9684379360547055,300.95420059390716
2425.093161109246,-1752.239605915311,127.10511737532866,305.17802995569826
1691.7342823465754,-1743.042656863435,168.39579354190406,338.07560649430496
1599.753437177859,-2912.9121779196125,85.78911217448416,308.70841121913213
1912.1780170579664,-2154.0949332365635,55.67724519367276,306.5251670761259
1940.2742418708835,-1288.6606829191041,223.28370500660427,303.372516050683
1223.2268513686156,-1558.1267300065833,173.08336827318166,313.0408390989516
2002.1435443179735,-1021.18458783079,5.275247345414947,337.91545896943387
1282.6071678069134,-2864.366822159091,41.229120601072125,322.1124927737393
1218.1209609566301,-2270.123267164251,246.62098386993557,316.49572051021465
2749.2323366981923,-2678.4932074579447,180.51752360598277,317.48740429980757
2852.76029649042,-1113.0988820019056,204.5405145316637,306.56068327141423
1751.9467379706398,-2141.6473957804938,147.56253529900698,299.1677873457372
1110.4723724021326,-1285.0644589762248,75.35349006586331,315.870115895411
2218.128161465548,-1157.5604709353656,207.8407749599722,312.9875395769377
1819.2783560436671,-2581.6737923227274,22.27830372328384,338.26947118569063
1961.9305705314837,-2719.2952899473503,152.36458733554417,315.5776550406612
1837.3382239620219,-1360.8520929084145,236.7024130780162,335.85721371916327
2548.427017627658,-2781.7175843130194,253.41537941790176,330.95852193015423
1544.3814429198587,-1829.5428452017359,223.46765217501655,327.1754726915493
1199.392120205743,-2659.016880148244,133.17581622796584,311.5316435716973
1019.9484567660353,-2766.4023867996257,69.37251404076127,330.38786046230723
1627.1579168490243,-1078.2231267818934,149.06343419279725,295.20624902823243
1189.4999045046407,-2155.389433082966,149.41880632334335,323.4385818342113
1557.53254669854,-2061.95964342974,110.4973700040674,304.2682920351408
2347.8845821872837,-2465.1083843475853,151.30370529295524,298.5960466855729
1749.7683738267244,-1505.506378034582,10.563526283680524,329.73257475039463
2732.6010487292697,-1926.2544945842703,179.23322258945714,338.22675794823385
2708.2000681495374,-2126.729724862978,235.6534404879143,302.5181227960907
1085.474272325656,-2969.343565516685,136.19394877614505,298.7397669490724
2004.4985056086455,-2023.1299235591928,252.33999914954285,296.90191762152483
1398.9276002007703,-2441.8490241439677,-0.4257009731537895,310.0630547461004
2892.1477910735266,-2526.29919162201,6.83683352594322,313.466130505638
1201.2891750468286,-2101.6784657437584,144.66642545559603,314.9148030658822
2220.5461778676136,-1795.4409178649337,186.46408173721318,321.62260854263013
2170.170911964623,-1740.1075078704291,141.80828014260655,336.54564990835
2250.9414015721363,-1027.7671863925761,159.41143691231764,328.23654163938824
2011.7890254267809,-1773.5261602303387,86.44024698614169,295.38064430814734
1938.6162726854184,-2322.4702750169236,68.72549424344885,305.18057062602907
2106.6147489967634,-2643.198716432702,109.95121547342391,309.93094728763606
2411.9697519943065,-2268.33968159103,187.65078610110052,299.38850398946425
2384.5022559700187,-2696.822819536056,256.0240933701698,333.17238242793115
2675.350101519554,-1933.5940294042136,177.15493828966822,333.06280293279866
2662.640887496115,-1720.7549171144285,24.095686483450756,332.29215662885844
1184.7107606593693,-2805.7349744542034,-4.147564804067786,322.3587639281157
1798.751915495336,-1957.0687529032664,-0.26785068196690354,325.04163911957886
2331.830568351922,-1246.3755561415205,225.54928392551093,300.7608292959535
2057.935178746838,-1429.0182805809377,27.405523720877582,323.50119295293393
1720.9329533928792,-2001.9019940741525,232.27279540333902,305.19790357655467
1189.6378521574322,-2310.765811802664,-14.278095983585466,313.17810154265146
1864.2344947569634,-2954.2426910921577,237.19598329519147,311.6913179648951
2065.767340003942,-2880.222342899073,50.20889220759304,300.44572029327344
1039.593704582909,-1971.7580848228165,199.1293581170167,332.1527702474353
2789.271215564987,-1742.6806465965751,144.9712212767914,304.0094729468376
2971.476792334082,-2299.342531337758,128.07859560962086,309.3596178279172
2147.808496129357,-1227.039254804423,212.4267177966208,306.53292651046496
2398.298372236653,-2727.584911662899,51.925556722392415,311.60002567850404
1622.2982774531506,-1564.9204614737992,39.088963239602954,303.2269431740946
2851.981658561116,-1590.10007169237,113.64818303728697,297.9530120617734
1737.8787340856643,-2446.0917869370937,188.15217296913187,302.26945274008426
2015.9261960151543,-1056.0362261703249,198.52568764690508,316.738616439142
2483.303582382073,-1608.12736486573,85.3073760247407,315.39759910530375
1154.5429950037797,-1747.360584026352,13.95013031739435,304.79743839069187
2776.0393156526075,-2696.566037214705,56.976506052304515,297.8592503549898
1571.350949143342,-1054.3768953146225,154.30505002659808,339.10452780406524
2425.866693312046,-1314.56939268592,77.83890141091297,337.5070214053973
2735.6047702237347,-1886.606226136548,36.43848539744155,334.54038378743587
1592.0626189834466,-1471.8137516040742,197.33249602163315,326.84884802033594
2451.761037309227,-2764.8992242933823,41.25753364866736,329.8783963197599
1086.7769109231956,-1780.3246970873734,133.57085194276854,334.8251647308246
1987.9653668453748,-2993.6895416025595,167.13039541078703,323.634678069077
1797.7511104058788,-1293.1841455511876,102.31015117821397,331.69832641598055
1494.6659826542304,-1124.1888708879662,77.59536111807326,310.34620548977534
1390.2405031743397,-1789.474830573812,172.43476203381118,299.5576015157559
2496.5325702955315,-2662.593525737354,234.2122610756273,317.5417576268902
1604.449512086922,-1661.992082480554,219.00515508139492,317.25289839933237
1203.8945917225963,-1691.6910887283195,59.740451240179354,301.5032428239189
2220.6389805918006,-2698.9034253568216,-3.420351650210005,314.3186630255489
1638.8011033460484,-1796.4444532445661,208.02318700700442,325.42469854427236
1230.8722198932435,-2117.6422818572996,84.51813411871767,316.7867114380165
2108.808679868896,-2618.458226788238,38.3665706076535,311.82018945917264
1085.3557641511502,-2995.5579598393365,11.06121748276794,334.0609372097509
2879.7694488845073,-2071.1282759036667,-14.926812029218382,333.3504177448302
2880.2691847116994,-1245.4793624667611,205.5605546393357,309.3297274921358
1383.4954857475927,-1158.7752402362921,105.81503225161839,339.3060363167751
2830.7307486636973,-2530.7891937747727,-9.383282824955877,323.9787277211293
1581.18583475599,-2790.1339989855037,127.91054335869728,322.0692218592805
2517.568386661197,-1011.2838359220339,-10.885370299857023,299.77931268096233
2826.5948940565813,-1314.0747980663486,189.9478629595702,328.586559395616
1799.9119586655559,-1187.915487130164,232.4910173866573,301.28930931411486
2131.682749944104,-2098.558593417247,207.44817791086888,311.8401645870702
1303.9381311205643,-2296.7168479521793,-14.49329494677173,296.37823427587347
1941.634292424365,-2336.1560807100486,43.997186171006014,302.34053487022715
1987.528370912517,-1793.1090681051974,9.093076616087991,305.82320219427237
2696.760400486947,-2409.0508731035907,-10.991288152842895,329.9373848643012
1557.709255084016,-2665.4304004151636,230.7267665473542,323.4345990089081
1368.1365920912685,-2069.253262112707,219.8895826207,297.0405426015502
2145.991033359911,-1386.1969803618438,226.5397459424238,332.1171026610613
2085.7216367205183,-1418.5532408969334,214.23808687967622,315.45705704641597
1512.88833010424,-1719.7795055827105,247.2504796963832,317.00478874170057
2114.6744090315574,-1263.8041309005757,3.8436941720393456,302.4353150471718
1516.059959110086,-1524.7685561662472,142.80835242213465,336.4165883537741
1876.8178963545038,-1061.8910043462688,23.84934197044489,304.7786754937665
1453.0584006239492,-1103.7991114278293,12.65181642750344,321.5098684390164
2380.7720382707694,-1022.0321639815133,109.81184838739934,335.7980265107571
1443.0188720298504,-2045.3990822788426,176.82070019298305,318.0845765260515
1860.1250071554684,-1002.276511375441,14.878973786519296,327.93605395400544
1856.330498605377,-2582.2449587498136,7.350653250942575,297.53960145169424
2062.4315607253307,-1707.4037706926636,100.70122286051266,321.55224673696273
2652.7925011389534,-2239.696298510876,196.16172207268255,330.79544110280483
1408.171440094339,-1736.1116441968588,79.92883533204146,326.9435092064615
1923.4332902954202,-1128.0884478669668,204.86092790699303,310.78728504026
2618.1946434933334,-2664.5023624661108,129.2383413199469,332.53607319818326
2028.6946649569468,-1152.367673453176,38.08587571981257,333.1514323085715
1577.7628338754555,-2799.8973632246853,10.400476438275756,308.84253715146025
1174.8564372924343,-1617.8762120858414,36.360596134462774,310.16805912371484
1894.6167642824375,-2436.5985881871584,-8.231323637359761,315.6517956047282
1245.053594611347,-2715.8430330827327,90.50385483452962,328.56841487169646
2680.947697829817,-2760.2637300210768,160.7043250295904,313.9784040930226
1997.320664033124,-2731.851850911068,249.50572524948007,325.2913371738291
2719.0247565775276,-2697.540105170185,38.729935258225474,303.3444743440373
2212.7763175002333,-1164.8495668311928,130.3442800143379,315.68271083161676
1939.940194044741,-1059.674091615079,3.0916732955732797,329.7265730760602
2357.47536969309,-1741.4008848113797,-0.14298656904048812,329.5274336306127
1529.4226791833019,-2005.6035797301934,199.0484258606298,314.41280018606795
2783.027467615314,-2574.184992126704,135.5363437060743,307.9207099458033
1750.90074557136,-2883.4843305216054,-2.384184551979244,315.5604494735236
2160.1401518305565,-2808.1380721473015,58.77456625963917,317.39735153637605
1253.160284239171,-2388.8805498622155,46.282220910609794,314.47854055281425
2851.0774601407747,-1031.700238864536,7.626994474855362,335.06739215340383
2557.765154334479,-1835.8057324222832,188.28694849585256,297.26233121073847
2647.9429536431053,-2177.6213920341634,127.38288443387262,310.47536774313994
1060.8334907811102,-1174.281521152557,180.81823247729903,311.7388870294345
2948.4998246304185,-1800.713872317916,159.0945440484413,334.97338961604595
2388.340546440591,-2519.670597282512,120.9745107178586,315.25111723379223
2572.238378915522,-1521.2298298871247,253.0698538015053,307.4213860653187
2871.022999619254,-2592.000776701184,120.12339633394615,313.93920444063093
2017.0105300923778,-1792.938950536475,0.2375406877289823,323.94473457058064
2066.999889691453,-1350.723499264827,154.4131557658534,325.6144377417504
2717.6287266895733,-2546.1395609017095,78.2075420795651,335.258402807199
1237.7286432382257,-2419.9754744942616,202.29620360398135,328.8809290904236
2987.998292440666,-1145.0425005600273,211.39041837773811,298.79714858408886
1090.1116790472884,-1292.508041990553,90.20684434572668,300.56708820575034
2941.596987126536,-1061.372295738663,12.535289830387061,338.2462688481283
2206.034333813474,-1750.3960085228107,116.54074388144792,334.3201814023777
1025.4271381860553,-1281.8814765446182,170.53556404692097,331.5490606573445
2817.035457816797,-2968.8220993467407,122.26266079307211,303.31251947432827
1771.2663143609004,-1790.2623324716797,76.0260055837426,298.7298675852474
1499.7748824627877,-2114.125934866469,149.13873294106315,307.25237789787394
1399.4270537313034,-2259.4690220228313,67.78388008534614,314.6862225015313
2010.831262542898,-2953.436401200972,-13.620933564786567,304.5156857712783
1685.9856935677772,-1004.8678264118707,28.454510925596658,328.28732123739394
2334.031629447194,-1854.2281454722167,189.50340519158945,335.3112748198135
2908.910725211252,-2273.080580778059,157.60720829373417,329.56329889802475
1137.0538439137856,-1140.7468170869906,-10.223642994267312,297.93804667207627
2831.962241380399,-1976.2121641605713,166.42730152256937,307.90023075382976
2517.539095869493,-1378.0558937905917,85.83668766236788,326.70060592141397
2010.6726440769,-1120.3072908815507,11.63552004093276,298.7520411121607
2257.6613959196884,-1566.653203705424,220.50825954275595,317.8406992186053
2335.6467391504743,-2209.0154009885528,44.12641780399049,336.68266717313253
1204.1987736861313,-1304.8629146522069,248.76925827342933,300.1500964104118
1276.8442508587098,-2474.941844735287,238.488087976103,310.994154238816
2230.63619388088,-2240.0236922969325,20.676251715125623,315.7237636181271
2865.892265989046,-2908.431149922461,84.36321513712345,312.3201045867885
1244.2792864808423,-2291.05309190327,249.73986453384725,327.683709333268
2334.893132665576,-2140.7444459022295,74.36585238161712,309.0671261150624
1055.8744130223256,-2656.34586873353,133.82007999566085,311.42387497427535
2971.2823104409504,-1643.0294908597862,79.06295402381089,295.5411747460741
1233.3061809965084,-2618.994999332947,58.74773091711141,311.7491340333316
1800.6095073539682,-1081.7897791375829,188.36785914569478,304.67006134413293
2208.2734264138644,-2701.2302978955936,84.9233168195511,310.3022834593142
2757.2179159971715,-1396.8613317995807,10.101154278853265,308.1542476411883
1266.6830248285262,-2594.6653262433356,221.13686563029177,320.6856012958172
1991.3398164601472,-2456.5951105551426,161.60166486423893,334.6415762564125
1754.8433045637148,-1066.4600648179262,-7.972019571533301,311.98716274489055
1511.252151655358,-2882.2585884234904,52.85964035409786,295.73644101883434
1792.684529927073,-1695.693932638677,53.02345717850915,322.58842318540906
2036.2919837508064,-1743.160676545611,159.32118671086462,324.3284094117699
1299.0920212131061,-1098.4157548571047,259.5433137748865,308.32000521092715
1173.2691132447774,-1148.8435003614247,172.95921703499377,313.3087153428853
1818.8031236875474,-2512.498542550496,10.184095276907556,328.5841933197801
2248.818050302094,-1886.5840858040426,141.1519424353303,320.7629793910803
2861.682307223942,-1716.7165833606255,-3.077673608146794,297.54859429554165
1042.854296765563,-2588.970581818126,194.01551290771008,330.8457488670083
2893.0495913806617,-1286.006435958717,232.42864836354872,329.98972848773076
1904.8436737529737,-2049.6126837220954,115.60369009186292,308.58836657584163
1571.7201372065488,-2626.4466624049483,94.95175813012692,338.64546001902306
2745.280071352612,-2907.57840632891,224.76342751749016,307.1108406855948
1339.7535576207881,-2422.8043973098456,81.46674802967244,317.7303768320441
2702.0708536297534,-1281.113121636649,11.325415535114217,334.49965551755946
1930.1374959487825,-2416.281353548353,3.6672769351460417,305.6040647508999
2739.2640384035158,-1471.57838382067,150.5200003067947,319.57317054225075
2423.950938642133,-2654.4360958887,-1.637786284018393,304.1486444642269
1492.8633134049305,-1344.9260860342315,63.72937585005748,298.9121791425184
2403.4566906926784,-2374.8863080397496,161.59438423941367,308.0375588812083
1399.4872124690737,-2108.989907810743,185.9152558659293,308.5511932227446
2466.5728445119867,-2579.2691976479678,169.756682562936,321.45586328076394
1706.3728641518474,-2251.8087236349006,183.32506624413287,339.76283270444065
2434.4282597103656,-1253.5243100114128,63.28245112151629,339.7165533271076
1215.978376291944,-1108.0768063102066,189.34743530246058,319.9910789962871
2218.414215592942,-2856.978925827382,73.27438202383028,337.2663018156152
2503.521505748336,-2022.163906722517,93.60753095229431,328.2396828161576
2341.014380608258,-1530.324690899244,42.09299357026602,339.8267673882937
2343.301771777477,-2198.5817886238647,13.220165919348421,312.2946171251505
2085.742164636855,-1324.6655087847503,63.448963670832924,313.3377486341185
2468.376170417804,-1934.2986777467206,103.18281443182411,312.7758600772093
2195.611196316399,-1586.5033387763608,50.148625288763796,314.9224607342981
2171.536945652415,-1628.6359580424955,189.8530074937243,325.4890619429431
2330.855692891645,-2471.2885707612545,223.4663939044388,326.4099545451795
2150.7479699179644,-2613.5317505247594,233.70846001940834,303.8754658399808
2740.98362858336,-2907.064540420969,58.581200365240136,305.12077147913317
1579.7606662573544,-1571.2909937436555,71.31214616082383,338.46413026705346
2420.2373431885526,-2754.6739685490743,46.07807914116158,299.13668869105663
2754.091529616072,-2855.4687552488685,185.28473938134857,334.6705368461387
1639.9973149123957,-1317.9719752708415,185.23153609055433,318.3705860182367
2510.4639456435657,-1009.6087575476672,8.307740404418784,313.8414601251859
1628.494705178632,-1047.1042716676163,245.68962517630143,303.282919772459
2621.412142166014,-1432.166780276014,66.82143365714728,305.1319221118841
1774.0010850283757,-2797.1331788612356,42.081935181761686,312.87647615865916
2889.883947897705,-2199.496794157551,76.7414992679694,319.07159457644104
1570.9795822808283,-1815.5773450316135,132.73521896998665,331.8463415969448
2591.6616011137644,-1930.4262748880908,254.30199794775274,317.6364371586693
1280.6673142301017,-1730.9152678757544,60.14725919037005,312.6072708627188
2045.5094795709133,-2399.0428029649966,64.17952467770544,307.2684071743906
1804.0779670761035,-2045.4178694389122,-12.305850271302752,311.27491448218666
2682.7774671431534,-1199.713576866218,35.19396237832484,320.0789280715488
1205.1335753424898,-2162.7324429610103,69.31798478847381,297.76914244777487
1425.3488031923398,-1388.8877130789733,127.61458141379887,316.35653897451635
2133.1207090127805,-2384.7215092115675,99.84722955740914,298.5746234795896
2299.8079265014276,-2549.5263228664476,21.91210390766662,305.15377594654024
2816.722682867173,-1389.5690325755359,62.16154984478936,320.64509545594694
1060.0178593639378,-2283.6992289455875,134.55435907086482,328.5176008210354
2698.07780524344,-1003.5474421109188,198.5694236338552,332.33940527747035
1351.3493677557126,-2105.386473635367,18.489807394227718,317.56886144282777
2977.5855448947327,-1285.7173119809943,107.68346014884044,312.6495506366241
2791.5978110788765,-2117.196833426203,190.9696863503752,310.31812611577624
2571.661023981852,-2917.684782281974,221.8250569335279,304.4746215321434
1429.7780198422515,-2586.597857377472,174.01586473354928,328.4726407118156
1698.784721597927,-2902.3725741628455,73.69755652391392,308.24332069936526
1132.5073145843694,-2658.1590559958454,188.8310052674231,331.80600738146774
1724.0174852305122,-1909.2959691332535,-9.966747691834355,306.7423705189228
2847.8753908894355,-2098.8754008054448,64.46806660919198,305.22947542060723
2947.8983112021347,-2779.7484641252095,89.39448468840104,298.9590067244132
1025.4214274053902,-1424.7012524165425,-14.317949062657709,297.91961862165675
2289.0708218932064,-1624.5659174018683,210.74065485779732,305.80762850998605
2684.97236141961,-1415.6217784211588,63.62359534707052,322.80365380983847
2596.9898038596075,-2389.218584206263,230.4217166108835,320.2382044316065
2609.6898171864036,-1373.8514010406743,58.29302117502672,322.51873839678143
1231.4840790520725,-2728.4243123520173,-0.9465625159214799,300.4138550529971
1985.613161505636,-1564.263313210962,138.74748212077233,297.39761031401605
1549.2372769750102,-2990.868065449109,226.15478758732183,296.2386531403879
2009.448660823141,-2352.4895564014073,82.46461209452939,312.045202788904
2758.21016436932,-2830.826939571318,190.91308028729642,313.81898392399006
1762.8275341101707,-1562.5466295744775,206.46165720361867,319.3328084654873
1956.4239081673459,-1762.330348744306,117.25468698596404,334.1738315762155
2340.2831704751143,-2112.5308045525476,124.27226303458929,325.76039516232066
2737.2432312599512,-1035.3104707912441,190.7835728621181,320.9866610634728
2626.558153868631,-1278.7822541724586,223.77084909057595,322.9707560216716
2470.4275316852563,-1813.6914272333904,30.86410954960506,331.49611751824864
2138.5021603700134,-1216.4759332664298,234.51227496625955,330.16376615680684
1859.4768749286327,-2586.841347660135,147.51753623061344,315.96533759559395
2846.975474316985,-1513.9561545549216,76.74928306492897,307.1729975735869
2314.0564880595502,-2438.9905134208984,4.108650980861668,321.2814832530485
1450.1305966967186,-2328.453844070479,256.4267798636006,312.1450847100435
2437.851900054443,-2068.4394496598266,134.0459886295011,328.9309814960316
2616.840479327379,-1967.1698437792425,30.513587926109217,336.08575184153176
1761.129321617294,-1428.7452502906008,-1.7997268645109123,313.9508859927857
2410.7684087285024,-1338.8948545284313,89.16628163064951,329.1529894241337
1948.3036419361313,-2086.340865991441,105.50730466066278,330.5985827722726
1540.5808664927347,-1598.0652446914555,188.3257485125957,331.69766874020195
2524.975712015278,-1331.5248230868374,184.5816921077473,319.52136245967716
1849.0057368304326,-1284.402840444662,77.49118174986472,316.95311189696963
2329.3373606117043,-1460.920113808802,24.89851106831547,306.73803051503455
1843.4531097128374,-2682.810114553801,178.5294015893912,313.08200688917384
2363.169501767232,-2046.3691198631896,252.23763097921193,325.4550906239284
1649.466890303159,-1138.3528431644775,216.42630733492976,328.75449838548553
2964.7480458794685,-2618.5577177461037,102.4851028432561,332.92783068633685
1789.4744920988478,-1718.9095445902901,50.88437109088065,328.5189350486853
1326.4561177108578,-1271.5688794550485,137.87012037845523,313.02169423856037
1788.8972860472222,-1782.791742991872,8.098645794163154,314.6461393969127
2046.844162644877,-1809.102744866987,34.68538579922119,332.3348076290612
2617.425934382073,-2522.4773784241943,187.4279323694504,302.37764913111147
1104.263397005941,-1952.7525557803765,37.99650477297501,316.90249735976397
1366.0179398642083,-1579.88525939557,166.0504092484456,318.3620480149652
2047.1115752005783,-1073.930785398032,243.43228168740234,327.03511419864265
1361.3258697355393,-1067.7344696442606,16.55677970843279,303.42193006936867
2631.2092256595097,-1166.453559898662,90.76071147133717,308.10373424558
2000.1374116386212,-2774.4088862047524,168.68981398380188,310.4252034328314
1567.6815883916215,-2282.3909699155674,22.971204551500982,332.77712185449855
2606.4134351242305,-2147.7299207663536,-10.885787713651382,331.66182980192593
1413.233102365787,-1107.5419017000438,143.39892296434942,332.66552983407075
2172.460857267879,-2923.3947973413538,258.851730026252,307.9958998957657
1365.6846776524353,-2350.8498740175155,229.2166350420023,312.2379143053785
1274.3108966221,-1635.0650323269795,84.42762175243239,311.26090892415107
2155.749110126555,-2350.911340150483,178.42227816245818,304.89349521379745
1678.9686207587256,-2132.611749136665,28.434438243638844,338.63266009297007
2925.052450362471,-2201.420319174854,168.47901750984104,325.0897018877864
1033.9240957307338,-2603.186916111559,7.006421311608328,334.65128062542044
1192.5460728356888,-1850.2054636442415,91.28654723374012,331.72025866617355
1555.4775806712378,-2749.9486107501807,149.49422156978565,296.28879828289377
2562.716705003605,-2005.722995142496,126.58188493898908,333.1062350160976
2719.2581234829418,-2519.178533256149,39.54112034679725,324.4207274786789
2698.0222959675757,-2606.9730901475396,22.732767217336644,321.6611311505644
1917.3997265145813,-1364.138955771911,126.55625503396405,334.3314814947585
1300.4226362584293,-1288.4524378204187,173.71421807450906,322.26142522521394
1219.409408681879,-2267.5405723017943,-3.4088502811064707,319.2600454034265
1312.512930285925,-2614.693101183069,151.65379587558456,306.14563404536995
2770.2762231960087,-1582.2871490579032,93.85993667667032,300.7665673848462
1667.1449468184164,-2793.5179091960586,173.92865338925762,326.95440667487514
1958.0541366765224,-2411.9683367137673,254.13255873360634,303.94998302466314
1074.9899606021543,-2388.3556752077825,11.519317138033962,331.32904745571136
2821.4806456766783,-2691.135699682421,68.83938957020032,297.305061875975
2808.154303551862,-1780.440045333885,150.89274343147866,337.9414048828335
1746.6393762218206,-1267.7371814079693,23.76351045980403,327.52016497125754
2063.617743291784,-1247.4850748361553,-3.2447157418251784,322.77824820707974
1660.2760515781788,-1358.7369035413499,143.96310619072165,338.71621509688634
1625.0084295259376,-2839.0694716265657,56.044560366203,324.6575534879542
1321.3134347966159,-1677.0624915618102,-5.872015031992644,298.8327810476571
2104.4199977374783,-2827.464649858546,169.87655521479599,305.80708379116527
1907.2013254941373,-2910.885673202064,229.56438419288713,298.1958195659124
1266.8753806413017,-2731.9453351463353,-7.903419434419049,325.7844135466426
2770.27174283941,-2674.178275097868,129.3651506978157,296.8188784070795
1344.0365141159034,-2886.3208214159354,203.3507111942978,338.9724934712321
1848.2517523087752,-2866.8101404806584,134.09364666456347,330.04585596822216
1495.842608727662,-1433.1594956341187,214.3919402812354,302.19848342037227
1063.600435917202,-1815.0271312980733,47.807238930302276,313.51791911531217
1533.390657562159,-2049.1559822431163,43.88181372137241,327.3544940007705
2332.417240658252,-2687.5714458425996,106.71169258304684,316.775038320188
1483.1458204076378,-2590.5171137914713,100.0033848428104,299.3723336492989
2104.3934179914218,-2992.727824113708,0.09723944099857462,331.39448969431317
2158.3627882601095,-2141.693412994908,-10.96016668047745,305.56455156570854
1248.8822954437917,-2382.1890011549776,65.81613066340117,304.93363260367454
1858.3500212783867,-2985.6589050027865,76.93329028594367,338.22900757991914
2774.8924597519936,-1920.6234679501063,196.66946332110595,326.6345213228672
1156.8321674104866,-1110.9344688808198,49.09352717096476,320.26309473663355
2899.020275164149,-2008.0126922663958,57.740179761430966,339.3811218470327
1085.9198685492247,-2900.6649316858798,241.0578858739977,301.69666543228834
1691.9775200990807,-2600.285127658839,103.7936359367169,303.29315085224573
1171.222819705757,-1133.5740430744186,189.62816452866525,323.7784187371572
1892.3658784107422,-1373.6532509432461,98.90613326482615,313.15753647261215
1926.382532229044,-2582.653844259627,47.56890164737121,303.25614537500894
2203.214049063468,-1499.109864107443,171.4406143125166,320.55269648606543
2159.0075771087577,-2483.310943705626,216.64987527922878,326.56230286611225
1536.1479587381443,-2882.5238931121025,176.32859955406124,319.40029329832976
2488.6537901355396,-1265.3911894031198,1.7258195732351957,297.1466514538521
1569.6856755048116,-1696.8928722993837,-0.6620328838934295,330.5366165174228
1940.8437448789623,-1940.25872569416,179.79242962194243,303.65756808860124
2597.927307846987,-1818.962481815991,93.51896640907881,330.37386474477495
2820.0863246538042,-2502.7272836375632,224.85718459385836,297.5734745065438
2023.1010616710282,-2308.4310607403727,182.09198719933235,316.0757980332723
1693.923681437825,-1384.825539138064,135.1656188138184,298.5418816576655
2908.4041946124316,-1504.8501959354664,154.9217997002027,312.1816363692634
2470.951259733615,-1496.0278261952037,237.63831696771683,302.88559173448004
1594.340459145555,-1811.8941149723291,151.0654373891537,330.37735788608813
2665.1979031367364,-1859.8896387201044,214.0421546294565,317.90207892435575
2474.8332032442822,-1634.63160658932,105.80579836301872,339.8462060302096
2896.5135136638837,-1759.8246773686576,15.338181914824084,338.5476506273927
2440.323733779535,-2221.560240746119,17.511306435299815,328.29098633501025
2896.2295213345733,-2301.6897203760195,203.98394023697244,298.3241300786526
2328.493420921787,-2089.312939783484,248.06533442884268,330.07254846876265
1627.582274931298,-2487.898812681888,227.22428548805678,330.8854193177411
2553.435439937163,-2042.6204983636449,188.30876005742653,323.00442092484974
2421.997903807077,-1271.8879700174361,58.8761047698202,331.02321772110076
2672.3476187082383,-1287.9541523257624,254.01562581703763,322.05608182164724
2631.285335969756,-1746.0087222402385,-3.6036446457235165,323.75089797044035
1359.0815668594503,-2441.7593076439543,9.120972206793422,306.75365351673975
1347.6870605653742,-1698.6782321628023,157.01588743443068,332.3994010236323
1372.799281329127,-1394.8048558884375,8.846545495046072,339.7137767289181
1529.0431076135524,-1998.3144874617644,254.7198084436859,308.71212940377956
2729.4188485976665,-2298.2329639674795,121.87926881651669,308.64127665731667
1855.3415201244416,-1785.3347430373578,13.002460986916581,319.2357883770666
2859.406118458218,-2937.6710230404137,198.50962292011366,327.82911874927373
1382.3054981797845,-2291.7777076672755,60.40164041135918,318.13885337510345
2136.329065659713,-1976.6262005453752,142.00154058661846,301.37971724100976
1527.375787607659,-1015.7162889005497,243.81398544300004,339.0852562429882
1128.3520577450809,-1314.1829367079438,14.445958209219235,305.52494572184077
2697.3523785594107,-1825.0824323088787,131.6281687802308,302.5104807380413
2330.7988038474696,-1407.2956339918987,256.0488271566143,298.92664745487485
2180.4444019515045,-2020.694282533695,145.72513509175099,297.8345442805567
1067.0330683361415,-2526.865819888766,51.16119294450337,335.6193420756855
1669.9383715003214,-2260.406293917719,86.86638602937225,311.45006239533814
1241.1135710769283,-1998.1658157268935,100.7220445893955,320.8514070572202
1581.5321205039431,-1138.841590152952,14.271922099698333,300.27514768432775
2739.7248726654134,-1999.3529739879314,210.363050888322,336.9019905695541
1678.741694736897,-2681.0371357407043,211.19814146832695,299.4351810369419
2006.2695669091477,-1759.7442083937476,164.01347669578186,330.63871947394085
1286.5033734829588,-1253.3677395869443,215.37728020803485,316.22043317453495
2720.8928266880876,-2510.6095523525914,148.7004347371102,299.82104753098594
1787.9769989048689,-2111.0200830656995,46.097312574277254,308.05297442922966
2239.36698810065,-2577.1294807929035,165.10840708769223,306.9265177193071
1934.9065719776563,-1633.024523949614,203.20035792149358,309.17995862039857
1068.6976704554008,-1370.4951314005693,80.97793619795141,339.2582401945949
1297.2926805084512,-2900.8431440380195,219.9900992541562,308.9223508602894
1107.93275850709,-2852.6030523551713,151.3577710351022,302.0089244080964
2784.605876593749,-1517.135849471729,111.56249195865806,301.482522509878
1139.3981509219243,-2803.3310969820927,176.63133643984688,319.5923908553739
1058.6481882491719,-2765.4061256646487,74.21495851732728,330.6278195869124
1874.9310341268801,-2979.286023168512,214.7737214659009,321.7946048128797
2006.466058260288,-2397.259078908105,-10.202463714703875,328.7471789083121
2003.5443422478293,-1919.9132153153084,243.58208722886747,339.08955208462686
1521.2696665068643,-1242.8901904097022,100.53111309098931,314.96831194298403
1005.6616527092801,-1332.2725290529027,190.71878087936324,336.2479159176679
1477.881558803129,-2348.6320616311245,170.92316885409133,312.39782420654825
1424.5086220043481,-1147.0373413928253,156.99334756323142,327.019986268335
1455.4423792165853,-2414.1217817069382,163.85786008529968,337.78310539249037
2165.467744807294,-1742.3298716211768,191.02662735074495,333.37343197236214
2173.704791920376,-2311.3327289534373,244.06656878604127,311.4449822078358
2144.8092811741863,-1004.5340756393887,30.88710398932514,308.04515247504526
1662.8435303777787,-1998.3698223690026,89.4758234401431,333.6091866750458
1039.9704982307192,-2708.73098938401,198.9743061995722,308.4629114559808
2379.7006111057,-1630.746375905131,151.48934093794023,303.14611418678686
1778.5251087938054,-2221.205899399903,223.8147263311779,333.89875497931024
2613.8471511342073,-1621.0624659177809,143.99533831878816,319.738411653352
1022.0687149753732,-1131.5525386328366,-10.506632831431773,323.00120501606204
2976.5831404605324,-1267.1999884657776,116.16467197798147,303.42915156847994
1262.3933965393799,-2573.727182944519,23.671397409747513,304.6731902319544
2737.9843241424296,-1315.1207324175161,94.50126790970768,300.94716568273765
1070.4005627126915,-2999.530853993335,244.25549656801957,324.62466590817576
2553.3466519810195,-2574.4008064747823,53.67417806438358,297.9065971457659
1240.224571792695,-2757.0119459166735,149.5878419821275,297.57007456014685
2961.0730473223716,-2545.9975862924725,218.07199551592936,303.2760254210406
1708.549936112802,-1613.5788533804653,209.33027166323092,324.6382759784089
1808.291611851998,-2497.5172583727644,175.39157362101486,336.0368128894592
1752.390381849761,-2863.104323708072,35.896609190414736,312.24417095921854
2695.325874024986,-2887.9174288963495,239.75194814414354,332.1301570214921
1363.829626120847,-1258.3432820464648,108.59815279245659,336.6613453321395
1848.9725133631478,-2850.548260489259,51.43641660084138,316.6294255946923
1267.8450821641895,-1044.0681183611566,146.17889113423985,307.1444324235686
2920.995507592045,-1210.8942576175084,149.034406528425,322.65967968674147
2421.981510886122,-1410.4030934973714,223.90620461831816,335.17348534588257
2374.4168544974955,-1133.733819726942,108.39100787776577,308.2663059543149
2096.3049502807144,-1340.0452781616884,120.84922615895593,326.3391939745436
1962.8454618213927,-2093.234367768144,94.52550205201877,303.67167837916986
1354.8111988895153,-2712.993592142505,76.6665679032719,324.50452258248646
2959.7134105769887,-2930.9147029566698,94.81528729077047,305.80884545259204
1407.7581510099365,-1624.378792581923,-10.450165692515506,298.7614453589255
2307.5452299403064,-1433.9033630412525,41.9690411286392,328.7864917612162
2197.5794839644973,-1259.1290745036235,186.70224206566067,318.5414610423535
1468.4994102947962,-2826.849061523451,72.35263913328754,319.8876633649393
1048.7957880922445,-1680.4874917686782,37.21402798683718,329.4915161614276
1063.0511554384611,-2591.9639383212666,254.01694958365755,335.62267314956864
2341.7243865536743,-1920.9263183491346,160.12056787135455,308.3271668082174
2325.955163009945,-1756.282973224254,18.869757872535423,318.5873148516516
1785.668397735494,-1618.7205799540984,97.7089672548202,299.241654644338
1645.7549679906228,-1922.2930731042568,61.04688278236499,328.26085293240624
2647.796341553079,-1967.1877489806259,193.5541822378377,331.91575616483334
1142.9777657391828,-2450.7424846997783,124.57062531666227,297.5305186089899
1296.3086912621561,-2457.296540648016,87.19198027121097,313.5084382945033
1626.332940061356,-2083.727040132041,154.73013355175138,296.7199739120393
2392.3010488866394,-2700.7127427889272,173.4936845825701,339.1727194620641
1999.248986197601,-1060.0792543174293,215.1441868516709,317.57377911602174
1175.15843546373,-2661.997251181474,254.7274640496383,315.77133214274494
1505.4057844787517,-1584.1334390788115,-10.125321432058005,306.7611152896422
1838.2849208591415,-2128.1504513807577,244.71518814029685,338.98944122202005
1380.9397200445342,-1477.6920181905773,93.66048385946316,314.5104975762251
1123.5779774661978,-2950.743054158488,31.6837956557738,334.655854308525
2413.588064856904,-2709.947816780349,5.889975127263707,334.198940436224
1354.9680962733257,-1972.3640540359202,38.335239398785575,299.19676147361554
2182.817439965078,-1683.9486259303344,221.6579040621119,308.70719032582934
1212.4267205957108,-1238.835554215998,251.63924029661803,317.3741029542523
2696.2362346465297,-2618.602144751555,-3.018664596833924,314.04809422838605
2276.7535995834105,-1434.7511193930868,236.62443939174148,325.281150517255
1031.2811332625247,-2503.4934975953015,167.3704092717923,334.08770597991077
1394.0744667399808,-1700.9838422717223,224.20288608455556,335.1915477098874
1788.3227340143949,-2614.0280003523835,24.383700042024664,308.9314637135014
1434.6684664160948,-2025.4178025121892,28.955409128842255,320.6476698474913
2055.778717564611,-2985.0373833689846,249.97488269544812,302.6503331131409
2974.1192559849337,-2698.927267326061,193.9633614188054,322.57562108944563
1944.7697506610502,-2560.8146762147667,174.73506021007498,329.9328902275132
2271.6020557003308,-2446.578136817734,208.88178737858053,316.1739544129835
1229.376894579783,-1093.8046466749952,-1.9981673571708,296.27328743227685
2035.795091909299,-1415.4359750028573,175.34601727438277,330.09960986310466
2768.2634078717783,-2166.343699493628,27.220681306791484,331.85272342798606
2591.060684677548,-2858.303599342227,182.07362077626237,299.7065911658788
1573.3498889813272,-1605.7675835625048,95.02485867153872,322.8768097996849
1888.6634904855669,-1139.1016965102617,59.78291146549414,312.3094031987698
1714.346960313856,-1934.2032198334873,190.8509244914536,310.1416471813474
1866.5677127710792,-1283.0319194586955,232.65503788964133,312.1411909285008
1798.0637570739584,-1375.7190400945642,-11.887799461873014,337.75843426714175
2017.7159006562379,-1842.3570946303282,151.86019567728638,332.220590763876
1429.5138846453028,-2891.947266183249,168.57863526724552,336.688292673506
2096.7517902670343,-1446.9095670736126,216.84895286448932,335.6439352787792
2679.4105150759005,-1478.4111566623944,243.04500709258377,302.45961858933373
1627.3116083725454,-2858.947562731801,74.30541252458974,324.82801178568604
1859.1078890820954,-1625.443953543649,-11.102357695905031,301.22347043335327
1260.497603417068,-1596.0496585385451,192.16315634506228,315.05171917018737
1493.7868525929548,-1359.575335282876,178.42649723809882,308.48858831180746
2628.266183641007,-2178.076872319751,174.73283802631994,328.886178234143
2718.071917295139,-2102.518225251164,245.4023109828414,326.0335771575091
1494.071179537117,-2176.060324167302,73.47070558488215,321.2426639816404
1788.0475880743336,-2822.52096484653,56.02249905001473,303.3919443954469
2572.7938085738715,-2121.295913678845,16.079803249550014,327.03288694582847
1625.2516573241319,-2871.945291977153,183.65277192108437,326.2829546006771
2271.972418958545,-1274.4255385397585,136.8463910046251,317.7404503742907
2734.379340128112,-1425.535932651014,149.3648188587624,338.9996425540338
2304.7546905032013,-2045.4041586028807,133.01499190572528,320.6590571392178
2197.9591324171306,-2939.2010756513528,198.50052806321506,303.6776766856717
2328.9550040681706,-1948.746685515926,121.01224915105018,316.4518160362772
1910.1431514084811,-1427.6996414657967,135.5150822323102,320.2494648060911
1973.817501166161,-2259.160412772313,94.83293817777316,304.0887072197314
2684.024870988549,-2063.0546981388534,61.7767662136238,332.97560574677647
1774.5042035022661,-2487.632229746937,143.10058128778442,295.09439208207345
1725.980636338233,-2400.3115083978087,127.91834591047063,308.13461096558785
1063.6936162591273,-1199.9024428888893,197.58023612173523,305.8059161113071
2729.634674721243,-1652.4064659109415,199.28172332758163,326.58313044444935
2568.146697304087,-1629.8954365781983,117.94360745567218,332.6078744610785
1596.492286254048,-1378.7101573055008,40.044397275593376,314.94895280606414
1546.1562999924736,-2914.9076105158774,154.53372100032715,299.41792496841083
1991.8765048959895,-2405.3902280209622,164.75025778941176,304.2809525263274
2559.4676516574423,-1433.9322403978272,166.56598454115272,338.4243764660532
2755.99478790852,-2689.1770367123577,-0.961398163813115,299.08603121878957
2052.5613635118966,-2230.731530485462,210.1557260155446,313.55505119898874
2497.5107717579012,-2580.34355085331,233.90344639715767,333.7691751491392
1382.0325940160485,-2569.429305444274,90.32559362275032,319.4143988199535
1581.3210606164566,-2985.15228539148,249.63637277713536,297.1311673442667
2258.072214005324,-2638.551135510472,227.1068527013627,327.75111329677964
1824.9066672301153,-1771.1881141430547,221.60645994794137,303.91258833985154
2086.456113925804,-1670.7176590333763,123.29283104027314,334.6612958751283
2270.0479323471086,-2672.0421042844882,53.84525015625255,307.5178566097968
2341.761841567593,-2623.013198072357,219.10786719375085,319.3312968323764
2318.301107377078,-1968.9398932084437,178.65169876135118,321.8920400698072
1851.3130816683515,-2717.6860844411817,90.66806347569194,329.03513073010106
1337.9318458249768,-1368.332525414755,181.39290765256177,300.22403525875177
2513.030474012223,-1028.5790156954822,-11.748334472152239,332.78594046794854
1191.5025500621562,-2727.537298237993,85.02983223576015,305.88295235141067
2360.292763790155,-2410.247320734258,169.8910109487228,318.3075128382821
1824.6048948542043,-1368.6282212607189,112.47990667700788,323.0700516062573
1382.0440572070727,-1331.3892912485753,112.00110563776526,338.72126840506985
2529.354266199154,-1952.4117299805512,116.05786010486429,312.3105012571678
2827.9358763110267,-2115.810039891926,160.23997996873442,305.34084964008633
1357.776910411978,-1151.4647485823452,91.25919548653492,325.3745813914159
2516.2337824071947,-2474.028063317745,164.753683731425,301.56355545946604
1510.8412814633894,-1628.8024210133094,119.84885057995297,324.07912276723135
2980.59350736312,-2381.0529964006905,192.9239885900217,299.4770793640765
2967.476677769097,-2015.8072991502868,-4.118917560111829,310.4955991538106
1696.5044394153556,-1764.314912541993,42.30835108571838,311.60161177109256
2419.8821538292354,-1812.912478397123,207.8611375572213,332.50016020946816
1204.347239815512,-1446.5971337471815,128.91488323815378,339.07795105769173
1526.3441050350152,-1021.7917657146493,162.14169958858224,296.324425682749
1678.8088548170176,-2360.897982962551,223.02268835157747,329.69780522138524
2234.530855391792,-1955.5525954586083,182.47048105708876,333.29004042478266
2686.2180585505066,-2858.1300059560967,61.15519199747477,324.3204572833031
2525.650306467076,-2999.6298036668036,71.64733754871217,305.649159630896
2821.5364334703054,-1105.112269437322,163.41464130693765,308.8274169903761
2965.7882014030592,-2202.2721574789653,211.50269007838395,327.00179970527336
2142.6964415662233,-2098.407943584822,-1.585566585772197,337.6071929790413
1740.9755851448374,-1670.1172679013323,50.52411619564239,337.947977759939
1389.4834050997279,-1935.1973960558482,231.34914371273916,308.5879968891435
2541.8610917255523,-2264.9840043679837,124.78513391431417,312.3004105617042
2547.1417523018295,-2735.485217428801,27.995136132422857,316.9118382682674
1620.3752553512543,-2518.6829886038104,76.02503924655367,316.6397345795326
1034.7135540097888,-2257.535150467057,147.6112654721912,337.7710025964054
1598.594995516665,-2111.212964688764,76.16909490359085,338.0696266383089
2082.2354176710905,-1016.3123926671853,18.879144399581605,315.1197462702998
1913.3201203769972,-2244.886816477356,26.11661568252663,297.15453892894175
1748.6169665621264,-2178.208400640065,161.78085083756943,338.1077086625323
2877.2155740595963,-1102.7699111363843,11.560680652796425,307.02087380561045
1022.8746589385844,-1743.1355331811887,74.6917653315572,327.2204313800135
1327.8876787245777,-2126.972298714329,222.1921733562137,330.85147063393674
1847.7710115216855,-1268.9372724268069,118.10493956068731,338.8448839972273
1571.3204144784552,-1550.8312179064515,76.51736095836706,310.095865959089
1635.2610049380949,-2637.130443833306,-6.1643627650091855,328.51201072835795
1620.0139912346435,-2359.121118056083,234.66955864383235,318.38762109856907
1422.679693459559,-2776.489858348899,11.746479058560933,298.6425956358557
2904.256584513464,-2687.7975290618015,24.54420150908725,304.6288569038238
1999.798651240488,-1429.2836993691171,121.5698617905125,301.15758367774106
2937.379447032584,-2029.284596862793,3.872132812643315,323.46565982732346
1162.828545661887,-1097.468672738968,164.81921869170742,339.42316099381196
1751.1162195977718,-1404.4234744648716,71.46132003110016,323.03925080701373
1306.7960792794565,-2118.7166450392697,149.2894412467263,314.8407189173706
2053.5423281721005,-2799.116072774984,167.4446160073602,338.96137011344337
1858.4053925402836,-2378.765095969978,241.6328273928857,308.38106486908015
1626.9521849171588,-1514.9551911098401,240.19309141863866,335.6569318717871
2680.7686491437003,-2233.5079238471,122.54151176059315,315.6507959008143
1141.4130967178721,-1171.0222363782652,146.45251504983008,309.9578392260204
2495.390013719154,-2954.957192698086,151.2789418050629,333.0633530611048
2576.1312250966594,-1309.5547020932472,52.720637324991685,311.28516267854474
2401.459607329314,-1842.5842463023305,113.20033238115252,298.7769166538615
1867.6993827812744,-1509.1173472636542,203.9640333162182,311.38904286943443
1981.9546672088554,-2646.633688175439,103.38446634768478,317.16222851932463
2751.805752289267,-1529.384992835863,236.7818658023065,306.0545497806779
1754.2596937550047,-1532.6942789298678,157.48843571030545,317.0135308618968
2927.449635115516,-2986.16957032953,108.26388779732571,314.082637659448
2708.0124319833167,-1399.327193707328,49.79753283429295,339.4212498325706
2772.2581807477454,-2203.8652166551383,116.98493268812635,296.3660128411473
1432.5922742272512,-2157.861692925884,240.0926361972649,303.8274319378387
2666.670244646575,-1779.5321182923528,78.6600694541773,339.9927949988537
2969.241722211945,-1595.8893591597596,174.71958407858102,311.8150412075384
2044.699547330672,-1495.0929491217225,251.59760440165968,307.79348653485334
2657.7791487430036,-1096.1205133935666,159.01197842913277,309.2360441469343
1066.9377089897075,-1210.6351531862094,134.44111437846198,318.07176472317644
1213.714993160339,-1128.942338996567,203.70645654483206,302.4922654787805
1674.2182608568887,-1104.002564959717,133.22725646681295,324.70058458411523
1135.492126991222,-1702.944240242507,137.997685258159,299.5286148243705
1208.2457337323347,-1582.0197732590766,-10.033328813209433,317.88942787428016
1207.3290898884225,-1440.532711885956,180.62733533534313,306.8703111479585
1220.6112522170138,-1194.630021058155,215.76513478777886,326.3555808648796
1861.166159246648,-2000.2115142116504,239.3594087154775,313.1063565563307
1092.320601140288,-2923.2213877770237,251.88227224461946,326.82019865838873
1102.401395449841,-2842.555761976488,24.755634069819727,327.8436596855164
2346.2767367571278,-2040.0113029715692,178.0752598421395,301.8133376481394
2649.8635808347135,-1506.6688475477727,111.44093832304291,308.4151553287146
1543.124511406456,-2174.8319649507566,33.24068011227625,301.82635335113105
1351.651830668135,-2414.3417451290206,241.29504797531075,333.4756731276084
1496.0572671020489,-2043.5421180580379,47.148689983830046,304.915774616364
2589.937914803717,-1900.4815886656431,40.34609305976585,317.8177266188541
1374.0427374814965,-1976.8671589119958,187.58437570765594,299.34336691385556
2985.071267995012,-1482.0916490208567,9.779209944624096,297.09816366580156
2487.2439897492645,-1099.7149374921175,45.040793057977346,306.50069379265983
1834.3200722867773,-2383.0196479136853,255.06453163551123,325.18294869937574
1681.289903184551,-2969.68047981968,257.37749979502047,334.1776517061741
2401.5026006193657,-2103.184340887139,104.8444686310655,322.0343295447576
2989.164985170959,-1916.645888626829,129.55044587616635,305.89214894489385
1926.1100562785423,-2234.6805227886603,54.82882147267988,327.7956375307409
2046.7508772708798,-1480.710699833004,131.6416890365321,306.0278716489031
1637.130714869516,-1612.255543480193,43.937843224879316,339.116538339969
1082.9797798699553,-1961.337107076247,216.8563856993316,303.2242892789197
2042.7060929767574,-1743.6298409697868,-14.650854106885564,329.2380072153299
1670.7574908727865,-1375.6186034936607,165.72694966627458,323.1435989333304
1770.1885008002,-1279.1920756571387,2.262202728745123,295.32576086324906
2651.9346200680734,-1148.0104735581417,-10.71119088562181,303.4317503585649
2676.3928375664773,-2008.1934417469793,194.59234435030933,301.18493746065707
1575.3277317813122,-2694.8704089123466,121.39646069514887,332.8938818986984
1075.7632073083473,-2302.2793912785614,85.27163835371987,330.17913604935296
2406.3148976820157,-2095.773955652381,0.22804668157428587,306.2306645932808
2247.8919428879167,-2917.8630519371904,207.0548248920463,329.74215212432614
2618.6053848898346,-2504.166119111606,24.63785818993985,307.4106596451122
1144.9591521713157,-2275.164453690486,245.62769330613224,313.6397614925815
2540.0452936998363,-1298.2920112548818,127.1021150111932,312.6441572889428
2202.7347865864804,-1720.7232728176855,132.095512264398,312.91126451787545
1074.7503812220048,-2405.6230234662667,-7.480055356728993,331.0925052402646
1256.940943051801,-2095.288963329189,216.395925562278,299.04203874826374
2560.777234167378,-2426.314196269653,233.2031627377537,325.7399539977025
2156.3140271891098,-2473.831948040648,15.026543026878166,304.29342432771597
2784.9612189289865,-1759.578833438713,-10.906655651726533,298.9450894503921
2510.972683137445,-1829.6381332693297,251.27419704606888,300.60011763907187
2697.1340687503844,-2502.0964906028134,181.0951777503897,326.9896253778833
2123.039386304309,-1802.5234155116414,39.23447994638616,333.30941301990475
1224.5387424880078,-1915.5792325069262,219.4093850946716,325.5821672740655
2213.0698918568964,-1995.1740991523043,206.5490248820312,329.6721179886496
2907.225366912383,-1084.9774959811693,116.50189221015228,302.11121257341574
2219.810603037774,-1647.1713621962756,169.5875886273827,313.57777294752714
2508.6407638520486,-2715.329708862569,183.1661939056392,310.2918322423643
2802.0107092403114,-2032.0310534980472,18.670678092817298,305.5267699209233
2610.059690676786,-2054.348412555247,12.456741710666417,318.1126059473016
2620.787750528764,-1351.0471842909742,250.4602627456266,335.8997512962452
1126.4350632192738,-2799.606716953316,33.32350074913876,312.31701588930315
1947.615243233177,-1813.0114444281587,142.52313258710876,310.7679131577599
1006.2181896566032,-1907.8840697818453,158.76868500037207,307.3607463950691
2173.2330514829882,-2538.0015527504424,0.3865629475319725,329.1617715475236
2958.852094968176,-1374.195101329229,214.2083965607181,327.90488658764326
1382.0766052797824,-1493.3543773627487,246.80991838335228,332.72854215788436
1371.181878961753,-2652.835611184715,67.09383474438268,300.5178206344499
2370.315265945925,-2506.962850689171,240.708080187503,318.8794242325831
1210.0110932321563,-2482.0146925738627,112.4571960596537,332.52905100066914
1956.6280809312786,-2554.0279256836748,62.90093340838381,332.2151970970883
1972.6053013559272,-1459.8790118094373,60.65822792592985,333.69333011017585
1945.753051697715,-1407.171669391974,204.37728635452532,338.76235723044414
1340.0623387793153,-2275.6494767417325,134.1342564388741,324.3907894436321
2977.9655396147054,-1016.610019773264,163.85941789449276,311.4169547073785
2189.473005363671,-1344.5874940193153,8.397147150550012,300.0061404974614
2305.990225849532,-2901.680277159695,120.6615407718389,308.66083746924147
2387.874540039792,-2870.651111795802,61.35356252725309,309.2177215123779
2455.938275094559,-2209.2736000059735,185.53413488847548,335.67912657074976
1071.4060042861095,-2767.4676795193413,-2.7168538920738126,305.98818358356317
2462.310715103239,-2763.7863705278787,32.85770449392874,319.568862867925
1602.6275516253213,-2914.286872327338,178.013929901471,325.6543465869262
2848.105361652835,-2141.2747002464985,216.59991819675966,324.29168014370345
2482.2429334714507,-2781.600436758522,251.21947895941008,296.80480796409074
1675.5095192643025,-2321.2757905741814,224.77877611672312,335.9662849231758
2659.0333238609483,-2644.2006565235392,219.88148488613626,329.4837669946978
1777.5617701000772,-2605.3961534874393,180.02818302357298,313.4357874866937
1262.56138732398,-1393.2743623741308,162.75927004714455,314.71571321826167
1626.5975729716426,-2513.9291609463544,102.1777698993797,300.3171905474095
1998.7486875040308,-2765.613435950527,78.94828056575288,322.06296062034386
2856.589664295867,-2462.112079929912,132.19675809633887,312.9211921263125
2443.8464497071213,-2531.0173139051094,175.64876178425703,305.71411154483974
1084.4252520067853,-2621.0230041301356,13.151764029341699,295.26266465399914
2555.5473992577026,-1885.5915283832287,244.51474240284836,297.51506349105085
2455.8511899062596,-1446.7009121818787,187.5827494541597,332.06639820764997
1130.6493565983233,-1966.8198620425294,231.67359560345662,310.20036679897254
1078.753904026259,-1404.26202385487,11.090612366978977,338.1316807169807
2574.9661453721374,-2102.2309976520983,51.19389300520102,334.27035611617293
1443.5632310511864,-2852.704842304445,217.2476435189154,325.0382758029904
1722.2480549812776,-1020.2051154816813,205.4485212102919,328.5545610127122
1862.0100071056142,-1641.4044655804826,204.91578999891803,299.1585326935743
1778.3797599000745,-1196.6951923561664,188.82699144410836,325.7516046132526
1247.8655586534214,-1730.4463909837825,165.69862300428463,299.5446338562025
2361.308497551324,-1252.5346411718745,202.14989522788744,312.9681770673775
1260.7019903968262,-2578.3115888969055,220.86956794243144,326.8113470826624
2904.5887018834073,-2093.6736694854962,114.12846796389982,314.5375952127806
1300.7112337268438,-1923.9880151873176,170.12477283983546,327.8249068298067
2902.6884876399326,-2717.409130051911,128.43304727046885,336.4697774167988
2316.6343186215026,-1955.6119754059057,139.88002150454537,322.7685938551625
2057.826751898232,-2437.066521370249,119.91664219366342,301.19013466332086
2632.4542750909677,-2851.0089877360924,96.21278260213855,322.2037845013842
1471.538272513938,-2168.9955926254083,248.3838201423531,328.4142700336997
1166.4802337137523,-2450.847453394129,3.6441609306986216,295.4085181521465
2779.5531940023693,-2625.1581032427453,96.76426033464048,321.248954483152
2746.7005622624843,-1960.5689763465314,70.44738539501134,304.3095836802021
2550.29602610492,-2877.0857865107555,118.43622602023399,306.8429452430872
2051.831403659425,-1088.2374363387005,3.006725839308409,322.0843402352951
2024.1631443713325,-2010.1970691648253,242.05186576951468,317.59415616879346
2875.5484492556197,-2819.6789486079288,154.50592622455756,315.5474169739036
1699.6277488810415,-1114.4340789714095,189.79757533789484,310.74262552744614
2112.889901594668,-1902.2135248433242,54.87728561859326,324.71603851301495
2950.0514402735553,-2483.6546504411517,23.95982625000194,315.64269821400063
2633.690195417671,-1777.3157729839684,143.66427319314207,301.7431909148696
1501.952011443336,-1869.333478358776,253.4789153658807,330.9260252052703
1224.776241781005,-1613.6991956064803,62.16936629164712,337.9927884127452
1136.1626618592327,-1698.7780803878916,67.7105617019914,307.5776261056921
2393.6466398589255,-1148.074120552932,170.360408410273,319.3566045455033
2313.189973586984,-2871.5761537498274,23.003597759715255,297.77807943272325
2916.4729706151684,-1469.5605265906936,210.63647510202347,304.7366740439885
2396.657871220996,-1823.0515169262078,115.5201335536448,314.15259898356254
1549.6017678870828,-1274.837430654925,179.49574544550535,323.77940824836446
2833.557542058498,-2634.859486191517,26.914724319895484,307.96594851089776
1852.7411170795565,-2473.0630547193678,193.78011855898365,315.23341053404494
2073.1302489945924,-2553.556028459042,-3.118018452027888,328.2541013260788
2781.488427232871,-2129.031355210628,115.94068308806217,329.08391880826895
1648.314225280742,-2058.0614987373096,243.2963817830206,331.24427989933093
1315.1447759927614,-2799.740138787593,98.38392455862977,322.1387806454967
2036.0247251325247,-2416.723963064664,116.68548392290509,313.28495853548264
2120.0620231874154,-1848.8524930421315,163.23139577597544,338.1558936176785
2233.706024529807,-2608.381046373477,207.82707625590606,297.3078044014719
2742.3331675812833,-1455.2152708982126,143.74056478516226,334.1849753058171
1072.0136534409155,-1759.0707778355231,203.65936600799196,327.94255210832455
2250.915557244786,-2754.3845429049848,148.4987316397881,327.20312979253566
1530.7805301187586,-2461.616596452951,172.14078173953519,315.7841049468855
1851.082616851707,-2058.23647089514,136.28310944600585,332.29852130470533
1074.3899869191316,-1934.6710219892839,203.01509794088648,306.8276436983866
2864.455682177937,-2285.5593364405954,149.65201727443335,318.2468011077546
1431.050558324387,-1915.0039547970298,248.5622867337757,308.2146190109162
1181.1993317819874,-1436.0188014351652,200.73608927132636,316.6224734134929
2552.3828459911274,-2162.9697353729343,190.46676743707155,322.40293887322275
2519.4971686022545,-2101.1199157693745,117.32726783670424,319.28368339305285
1600.278011621248,-2459.714842843606,91.00804132228285,321.39868138838585
1658.29364444143,-2847.51974766885,214.50541910198856,314.5155697411177
1905.9126254921007,-1907.7696659901214,70.91042174477461,324.73540755280345
1840.842591393598,-1281.4845601663415,98.86151150467136,302.14565820452157
2746.1990564601365,-1657.336320776657,135.32276156293022,329.3027111810427
2675.6012232856847,-2517.323314894246,151.60053384544227,339.3983117520436
1449.3600703838729,-1080.000995228033,76.38267753506344,322.5247405760809
1461.7112660486705,-1875.078086310338,9.122266415454575,326.7706273130438
2903.312049593617,-1563.543710692021,66.30871888248004,304.2833654540723
1207.7114642509207,-1902.2753227755445,176.25775889729803,323.7045716757378
2273.951307968043,-1365.6192193973075,243.6998180820941,298.3705184351093
2953.267606913383,-2160.4369815483433,166.80879457795322,331.22210665472466
2781.946296616586,-2857.0504482556894,51.965694675509724,300.4031982356238
2148.471467774174,-2551.716456017555,63.32413350724015,301.4951364626217
2397.469935096818,-1558.6970857215388,85.27798624588745,295.8225953535746
2476.4803825296967,-1019.5573973380051,200.61591908931916,331.8206894852142
1155.79364474727,-2317.2532083424894,215.27134017897833,317.54752387365386
2589.121329056081,-2311.36104560376,172.92145527226424,333.388221356603
1861.9630134596123,-2114.8572029005973,218.5243865999449,298.243152694652
2987.858026161419,-2763.9194536811656,20.397630667441362,328.52613232278776
2696.8644951520355,-1311.736761091814,29.08045066048396,333.1562927122368
2576.1317474206926,-1399.2588392903908,173.14435499180763,305.51988262011747
2928.843888949301,-2766.278741940486,166.1428901732283,329.48762766717266
1075.7389179140648,-1722.920567612104,57.20644914337299,301.2391908654248
2148.6205611728874,-1227.066244295824,189.5022806361088,309.47146017493435
2951.6185344602927,-1280.8221516659235,153.35154023424096,300.13904488416796
1940.746731403399,-1408.2420337304618,23.90244410605043,327.3277186771237
2347.5898355591985,-2702.098072789307,107.06081903280824,324.5852099709455
2687.595907330471,-1043.6486387482064,13.942994737954592,312.6641014230992
1662.7749984206923,-1057.1685410861169,225.9594465387166,305.7023846400111
1930.6524251373116,-2516.235766988507,99.55263242549213,309.28985315368965
2079.8997455591707,-2808.3992833275656,204.87063345528793,316.1601877669659
1664.300691224119,-2969.9799025514894,89.02607903338372,330.77411281638894
2917.3036141981725,-1349.4280498051892,221.70957173535416,303.15306032155394
1919.5034299057352,-1793.7890080779193,143.75610081731273,322.8409357248771
2286.2573748879427,-1943.6391428590027,196.84773523563567,311.5148385757407
2282.2738346834058,-2625.417442628382,133.68974683661784,320.6700968602666
2321.382794458039,-2076.3139399667702,2.616243834494359,338.5985423908278
1131.9991088597917,-1345.677954336598,107.40561534753473,306.0557074386054
1614.8274395123099,-1218.9011111771663,139.56263621512048,299.4758822555089
2416.026384478857,-1411.261440760106,232.58281678644818,316.64745837870436
2056.8873889912447,-1282.8532123559123,241.6005107253397,321.2849986701883
1087.2330834008105,-1533.4573134044597,27.595614903626895,333.8723690758801
1207.9210660282804,-1040.3701296639779,71.23432474763872,337.45469204870835
2037.7783692646958,-2519.308361822862,82.69144441660552,315.62389072886793
2158.669710060378,-1778.7107382480776,90.14276870719694,313.27110014604926
1190.6177397881997,-2538.3004644739126,77.09006973933224,327.34827986134076
2125.9094232802877,-2479.7127399120873,155.917701757966,302.30593925826355
2592.464136172075,-1953.361981045767,134.01747140700934,325.9315742674371
2736.101198731746,-1722.6053527337021,-13.123797525359645,329.07981603247015
2400.786989149157,-2564.6882486340837,82.81933474637718,321.2608694539999
2201.2151540266823,-1409.2878290333147,258.41342955885807,328.72032153365376
2712.950359238428,-1537.6338829401034,168.45257990716078,330.88107522463054
2799.662697078002,-2770.8132034955847,132.84337144834294,307.3863474798121
1026.2785709927214,-2970.5284533992844,45.9056764461814,308.5774520818941
2662.2594637558686,-1071.1528942817463,110.03867186528645,318.94964455720367
2409.299876270237,-1333.1391830087687,50.16216832338884,321.1653270335028
1743.1117553854776,-2116.4779302490583,168.0479091539691,318.71631221410024
2540.3768795449973,-2471.272595517777,232.7065018698439,300.41582399332196
2965.903622957037,-1998.4408208012937,58.3558523346217,334.56341318764083
1741.8767939298414,-1716.5249831519075,91.1882474044888,322.7292139750641
1317.754071742148,-1969.9427993586075,146.0567324568771,324.73798734206525
2025.3143866116868,-2764.895159366813,192.04643422849716,320.5391247886984
1860.7355099512333,-2152.3726305087002,220.06118033769974,335.51755131417167
2456.0693692565956,-1004.153311982096,93.17834851080026,305.4047286317137
2446.102413387215,-1733.5152568245023,106.24796019327461,332.3574879703467
2263.992474667445,-2698.4285174076476,51.385454635178064,307.29524372127116
2723.4704238964105,-2838.6101896691007,-6.518461299465184,298.95838629380745
1643.4998665420906,-2650.4183737052194,258.0591519334303,310.37441890956154
2890.4431775057446,-2687.300990373203,-14.686594206507065,327.7363736832938
2351.703984343553,-1385.1194743224478,153.0656190834244,303.7597594211078
2902.017857078962,-1614.0872992859674,7.468817894640168,327.61845829630965
1286.1743183973422,-1310.5496072127132,46.09682183276574,334.82426377769855
2324.475867805526,-2656.4298516831154,-9.887240054809311,303.7669160981154
1476.7612710726885,-1425.4689536998799,202.29655988239827,322.85115700942265
1311.1058506314005,-1060.5957157676676,182.31608299279733,339.8352103247587
1200.413506178122,-2604.8450646684378,20.21066322373489,325.22881515037705
2979.9981762785064,-1399.257374916602,81.0748423477631,299.58246686879886
1037.4695838266562,-2654.7292791112013,244.65808973264654,318.8537427767671
2706.4580961983856,-1526.65937888245,213.87401762237374,332.57793602184825
2543.2582526270508,-2007.8639719829787,24.904306619024965,318.1980737991254
1609.4044000948893,-1501.787587199813,139.50788457939873,339.83894171018983
1235.916060550267,-1141.5677714137614,54.12385125500053,295.8070627812249
2758.634761994603,-2913.1752457492507,26.05551687394857,325.15766835563886
1040.4940612908517,-1973.256813892388,153.11184826935192,315.900681366868
1568.1603069547616,-2301.380043792605,58.25632669923513,338.0417722769278
1487.2520225528388,-1853.8052582333512,9.211366272687176,335.16391509312746
2871.9606035512593,-2328.670794212582,-13.582747437117899,321.23372906812045
1389.932076625651,-2464.910076556335,229.31573688762626,330.6544537709801
2818.843025248815,-2959.611179877119,5.818271284294273,316.14858822867126
1596.6107316604307,-1929.788723813139,141.5899518772951,300.37732212694397
2117.5161582744677,-1365.7865618108983,254.38077492599768,318.6975987808245
1228.0632289069915,-2278.4697590005244,-7.166094546619296,311.0408543309454
1473.6599292802207,-1142.7766975589811,179.46376524060977,332.6148885045948
1268.2234499088522,-2070.1851138657776,18.494144777592588,338.94129719169615
1444.2966663864272,-2312.590811529313,89.46070697925532,318.25923541022036
2234.911295981291,-1404.100707475365,256.09012639448633,307.8532861489548
2191.8620867695518,-2540.165460136611,121.77619018692613,297.7253919844146
2172.8413158335643,-2420.6831129389193,217.442412846234,320.09043321764403
1046.220751268469,-1040.2409431373796,169.50153849363204,324.0444751215932
1970.9701861150872,-1845.6012279167915,176.14507807115447,339.5377481169084
2133.727020765332,-2587.908558537959,204.02263114364465,321.84501001917414
2456.180074775234,-1010.643546932951,101.37540558463404,296.9888886444781
1186.7759986556475,-1563.032482163987,220.2613388718336,314.5335716856647
2763.47051882312,-1769.9011696621553,255.29124771844505,301.04133304369265
2609.2323411155803,-1968.1897173358047,44.540092432624654,296.4772870108167
1802.3875125918148,-2250.4107116532923,12.277095844251367,312.2554842168753
2814.6548227584253,-2038.8787418339448,116.07488074868883,312.0697517604169
2865.3995134582606,-2634.8700660447257,144.60916703070055,323.72649739293985
2392.361119476469,-2445.714934133508,0.5660427103579941,307.84513513453834
1835.679902487005,-2998.596352328408,15.971136984474164,297.6832201649194
1364.8805682718094,-1772.4787616930187,179.65507114349012,297.0872074267424
1469.6730806715043,-2997.5611717612064,246.44122107920163,338.7644700514871
1035.1163759968797,-1186.1808883629353,232.20514292681912,327.6359790265976
1652.462368639978,-2082.3298920847137,38.408362058367025,304.45808789698054
1314.6917824951502,-2545.4836124725834,67.3251403071554,295.3171682182406
1213.2571656909565,-2884.9880750268585,103.15160895190469,334.9556947888766
2907.1779621920195,-2456.9740200049846,105.8297497857904,315.5813531291501
1158.1777577991127,-1839.4222585999266,28.317408960165317,298.16653875434565
2665.8549256788383,-2505.6774067719434,6.307141148939756,298.52164597503656
1191.4660257349858,-2223.8446864438665,152.60610184346186,318.28225791288196
1920.3390113140013,-2438.695851896478,181.39073517343252,310.0022962201945
1577.0772480247451,-2453.773280702715,197.93466616494214,316.155953239828
2340.264442628016,-1717.437117637165,81.86900499325981,329.9443024143496
2647.3553682467173,-2017.6349828328866,250.45383256633409,300.8599830956806
1456.245530474317,-1830.2254127865317,91.49020136611419,309.47371728659215
1108.9340235559703,-2959.6807401769684,12.895608199279096,327.89191354945984
2390.87189156769,-2833.2114996863534,241.77200027769595,326.1420807122414
1213.752704598745,-2505.3134578223767,34.50974790012793,299.3890130329041
1920.7071542797812,-1518.100582056828,192.16891736684585,320.5191609690628
2836.8142740287713,-1675.530883977353,128.51707396528926,329.0150389244374
1776.5342635477732,-2851.7002046977996,151.26499157484645,331.8515574205777
1040.5404383808113,-1396.4982169151865,154.3743582119244,320.79102835093926
1088.3581180705019,-1480.564797575115,5.904354359646312,319.7200358821584
1867.5783321689603,-1832.598820094776,176.37702933418777,321.3749339432795
1725.969562060768,-2569.470570866204,255.28100677082887,321.7687251615153
2517.5984972823,-1959.2817028443196,31.661278670907777,331.40526888901775
1151.4465488811134,-1414.3215432715929,257.30209876330684,326.8875250380871
1976.4334887398695,-1598.7522219397408,222.34332625930242,324.15541259682766
2128.634185022318,-2590.789245387346,207.8618604893987,310.4428048428784
2638.1683548446485,-1320.7355084450992,3.8220657220205325,333.891113654427
2676.238272839916,-1872.9247572841846,94.36140655954446,331.85061592319386
1980.4385793463623,-2285.719176636293,56.0959476035881,299.1126696627856
1929.2062237856649,-1916.7508243980546,57.61569904727682,314.1565813803726
1571.9042998603104,-1878.312048021722,-2.297451152726687,327.77567271557064
2469.5092452431677,-1502.3675622157975,82.09130895466258,322.4540499363033
2829.987952539417,-1865.6274450359074,103.82294974040579,327.8878952637496
2784.0103849261886,-1611.4219772471092,216.628578189423,310.78803803808216
1791.854137814792,-1512.7941005521486,103.09755391034989,335.81231467540863
1570.7489761075858,-2956.190774519212,152.05074958578493,295.7874018962727
1896.9919045094957,-1107.6015802333236,52.57705461508631,309.4752175112249
2189.264581172061,-2712.3904866468947,-12.8908976775207,314.13429088953967
1611.6081040911122,-1598.6661444533775,209.32814520503436,335.8928584459326
1992.2739552674975,-1055.819865937958,229.06052176741716,297.91749790334717
2712.4539284141647,-1875.9662725323058,123.17992445045203,317.3185074020478
1237.578429789568,-1683.7571453820449,243.75423581382813,324.1168194178178
2823.6126753095978,-1654.3190767173953,197.20655711865282,302.4179284138394
1011.3053109105083,-1607.6675083187865,31.51901355141031,331.1283086252056
1132.2176954245986,-1961.4665476692394,213.44244178082883,302.9376474394696
2904.7194246380823,-2482.3599610166925,219.9671702625887,321.57213619713053
2629.1422678267973,-1591.0014650795242,189.30451560076867,304.2431786575067
1203.6515483654032,-1771.3362663433213,3.1442966012121367,323.3137320238764
1483.5103471888401,-1612.5036018774817,229.5628929435063,302.4077243109707
2201.4236900976834,-1828.3289561001473,39.62155631132774,314.51073718460435
2630.975431710443,-1178.3161302189153,166.47155326936644,318.8180332260359
2229.662704261019,-1216.4583077636073,-0.48536698598125305,297.5301148696373
1137.024444523708,-2658.9674127454773,258.8680791599324,339.7801686039563
2986.423369303933,-2874.4904722651736,47.37489877125841,338.24464656983577
2953.0801441329763,-2290.9847940540903,147.11419607570173,331.59654286353106
2304.9195183568645,-2695.7919303136314,-14.427942881733195,325.5932070403089
2018.8968264197374,-1036.9525999389919,214.84579623590668,296.2848748004389
1758.8486209399684,-2020.5292671886018,256.5551089732198,335.9873281254911
1186.1020271153463,-2269.5256723156,207.35675970591151,312.2668348384932
1791.3541054366328,-2404.9363035447345,24.29729865816043,314.0371135812641
2873.9472675684974,-1006.7166897003167,35.312335566912985,321.82574283789074
1564.278643653453,-1288.9563955207475,117.36008251752841,317.1629477184694
1990.678142348724,-1086.7696448690099,147.99382338788342,325.1047621444526
1934.9282282155154,-2281.788536363863,126.7806297290341,333.4110403337319
1624.9056670135515,-1662.4055103197504,198.68259045985923,328.0468344955099
1111.714792683164,-1133.7405300935816,14.32164659016189,300.0417872262905
1805.1491254324642,-1697.9902765051963,178.94915182226148,332.4422565345749
2491.505373633205,-2103.944180005383,61.70180370682533,297.2977317032099
1718.3840442705277,-1656.4660907255209,221.72450776934804,326.74955891822344
1029.170804182278,-1532.252969627781,253.50495692245772,303.43987982584173
1722.043507489676,-1402.6290354118878,184.3773181118306,312.2392798951409
1515.3810385705235,-2566.0501986190975,155.93420259938506,336.7565643721468
1562.9661829530364,-2069.8067091775856,95.28973155543387,333.5374096424378
1520.278578337889,-1940.8052463826914,101.27172542711394,302.47514546166235
1774.533982023569,-2459.460486700014,207.11609108069175,338.36471749590027
1120.0489763724174,-2503.821492772375,-3.4623452739025318,306.9092487086841
2783.6253453743075,-2965.347333289092,35.69060614619498,304.7551003864118
1350.9681187642782,-2189.660312715188,66.63526925412133,338.26641271820273
1018.5314207553633,-1947.6071357208089,250.36233494618017,319.96744337661903
2932.164739472443,-1330.9243313131997,191.3007675687193,319.3419286968995
1346.1492151406796,-1753.966380790667,240.81760987160123,302.1417042367248
2600.3767751721916,-2444.752771274702,197.5382555448603,301.175225451941
2831.202767243315,-1100.9963548802748,107.67932983590421,308.3103739964673
1074.0100004495791,-2257.9882048807394,122.9064141209075,330.4167447392252
2114.531979584617,-2765.170540852206,94.57121383189556,334.39655686465403
2312.6223086902355,-1402.489053061948,116.19041219107308,308.86765146179175
2329.352949164744,-1403.7754370714779,258.71549672719556,329.1355647232208
1718.3358719177588,-1825.8829837149356,22.63003123040201,296.6230415627475
2486.9132361406205,-1033.3980461058961,85.91601499053677,296.0636740556922
1434.402509008596,-1937.2949195065707,36.96390623807474,302.3103641296209
1793.7355105772467,-1917.329226444815,225.80605860315185,323.1391789061938
2535.981921065417,-2307.139580317713,34.59275971357522,339.5953395773734
2168.184747771369,-2813.7772240290756,27.04962606240158,300.6396061437385
1779.4187595488193,-2471.6358941736744,66.1836475767297,339.735519657762
2862.784412890587,-1290.8774719976948,117.2845067096952,325.0852443830725
1145.8452632889653,-1645.381880442918,113.07126549685444,330.9911449114332
1280.5809298956583,-1013.1985329078746,147.8860586662958,336.8463336576682
1724.9692717957446,-2723.2286594061597,210.54981750213378,335.14667671486745
1891.4762634060726,-1013.4769363216878,59.37869192537315,332.04406755830723
2590.885217416854,-1978.3139952775127,191.89348550722468,302.7907546766422
1116.8600367972242,-1373.3504234123507,37.28768223643994,320.0791224381835
1833.956812286836,-2731.891163207075,142.3618104532232,318.6647287364805
1702.6539465168025,-1176.6032648558833,153.93411860225856,330.4344060312514
2240.7733338312737,-2978.138726567397,204.89305768660657,299.4288674920622
1956.0212092083539,-1607.4396227034645,118.21016737486784,297.82864256808546
1952.1678048650633,-2295.1214831956177,8.315115277854499,332.6672926633431
1770.4055694886733,-2407.0178551593854,23.09223118809731,310.3774362188601
2504.4911136121937,-1449.2763501275158,-9.184614292820807,300.2731315151389
1840.6625209604006,-1567.2871999544755,222.60956416130122,315.82607003607444
2838.7357554832706,-2412.922832059044,113.86862363255614,309.40791509316847
1645.8454490138806,-2747.864685299979,44.40487645125761,334.48436095454196
2644.7922175009116,-1777.8860621383014,247.95907157945095,329.92640096364676
1443.3426624488138,-2799.296290944194,21.24591692412904,339.6660749254352
1834.7882128118358,-1002.1822644854681,40.43672529146339,322.65384108095344
1549.6225383676187,-2905.2413903169913,188.35647822204018,309.9390573105099
1461.1815792045331,-2579.601554754808,246.1825591881733,312.4298838851576
2765.727808018516,-1608.3177459069445,-10.983124437901775,301.6517658990912
1555.9954237037362,-1182.5274413390582,31.954411166742823,338.9806338435179
1215.4639106930822,-2598.6515723993552,134.1221415471729,302.06421657864064
1269.0893370408469,-1431.7624672172294,215.45541635104738,295.9634729003102
1516.1063743527234,-2375.174234306009,14.501550618285837,298.7881591922556
2029.472755816245,-2898.3427689841756,177.5671596113903,315.628987112999
2127.2070001998914,-2834.2038711460036,37.34966813399393,317.4089285150613
1947.839453088664,-1909.8881233487862,32.83758504037929,320.976161611485
1818.176015886045,-1368.5752820211828,68.20912742424066,325.58897038850915
1444.7620849948255,-1094.1304694125586,137.43764232629772,311.1392783009657
2908.4258305908697,-1404.0064357020221,37.028177224503644,300.07274532088377
1038.757075075467,-1786.7417873368595,84.44419621613498,302.0870861087357
1459.56733687868,-2695.123607235078,137.07395194077358,330.75031302472627
1207.5672916402598,-2404.9062875909476,250.88316731572365,326.24502147580483
1785.4329191626268,-1988.9785260957053,184.45386085097664,300.54542810415126
2700.6959274330466,-1996.5039529599062,220.68040424672364,308.0561776570446
1656.7820979555222,-1996.9151066290906,65.73590847681452,334.2837334109129
2259.078912599715,-1482.77469771222,-1.2267401780518448,324.80533457048637
2312.0560262491026,-2071.9479771164206,-9.700754217414019,315.04032556524055
2784.8023528132208,-2048.1247676877247,113.57751958302873,301.0704727862308
1590.791555575193,-1031.9982091838249,96.46704205835682,297.817145884545
1893.7191184840508,-2614.9933417868865,156.91597180822635,305.32061927420034
1877.2069075166735,-2310.9319430737687,39.203948074413645,298.5512879250782
1563.6733975985942,-2777.1533562945547,232.94962755770928,307.0913413109132
2837.220683250529,-1256.900430791714,107.47490751732423,301.6889076965966
1409.6967338436461,-2574.5790807603958,89.84152067155703,311.0020161159795
2687.1820774332564,-2885.4567367276277,53.99426623336649,312.75091340899377
2073.037533914451,-2909.971296625321,109.98393783949044,306.2292256885703
2924.848958597143,-2416.8338763026386,199.08315363829522,323.2086552369271
1721.646324776113,-2671.7190104525434,146.2314439426354,306.1686884491692
1632.2087331694584,-1467.0987692564872,153.0852142421789,326.6845193020363
2403.1688244701886,-2370.9236157850787,4.541163036667424,297.96814978600895
2074.864209493661,-2874.9870488413253,26.26357733879005,331.7352170805922
2274.116344269697,-1070.199876162883,77.9837448400965,319.07548099335054
1421.7682641555025,-2850.5482737227644,253.11593134523258,299.1576215762425
1033.392326591254,-2803.1797654409615,155.66107384646205,321.7360575871048
1808.4983040734187,-2928.222695139033,60.41459312979187,321.3896140107215
1818.1014185908257,-2788.67595057471,39.0879473935132,336.16288497562886
1008.7162874687504,-2312.0429317509174,30.994077486172998,324.34435368112827
2396.233991401242,-2348.642391712893,248.568617766854,338.7546198517284
1875.3266193298991,-2476.795679350248,40.42026724638699,331.9921309679746
2405.0097318652597,-1506.923187619515,53.445769760868416,305.43549067665305
1316.4875259277019,-1347.1798719993158,197.3814829257845,318.9470192629895
2299.715604088642,-1020.973812609358,123.84673632752347,302.35961941355725
1756.3712841071347,-2961.993448558003,63.66948213288312,319.41816313973686
2972.7630332910667,-1111.4129433703558,59.96897845342764,310.41045009088594
1969.8997433554857,-1300.190061842462,70.35758319422258,334.01648618007636
1797.1921039526214,-1229.5383572867047,238.34139230498187,314.87010878239585
2766.3679989550246,-2053.9721686322664,77.96088925422694,310.0364171361196
1725.6077242749477,-2707.236219988245,207.62800628789287,330.71564605939716
1817.816123762648,-1115.3655468879201,205.91418069886737,298.79585971259183
1478.9272515202726,-1879.6417490587146,48.611414848937656,311.93999531935015
2997.430532651686,-2350.461667096295,102.12664433265735,306.5978098485478
1437.913869087271,-2441.824310087136,19.4724290839335,301.8709840787351
2931.081476810271,-1474.0891255333672,88.8545592806595,296.99772257497324
1549.679526243467,-1658.1697482418044,4.6656509753397195,320.35487181312743
2265.395516900323,-1346.6232921377368,130.83367959656195,299.9468729355594
1945.510918098944,-1919.510912362571,173.88632332743697,313.2388610433029
2434.3616314185056,-1643.9637092980659,258.8637485266011,322.00610193370005
1022.082688432671,-2216.137896638674,-12.121883775355244,324.65311729258906
1859.3554409345961,-1522.2086379443685,222.59685392328709,333.13851921481063
2471.1789484480832,-1252.792083990523,199.2650881325024,328.2745468199152
1430.7307449620203,-1589.1843523866485,132.98302035707383,296.1495078794286
2849.84744246055,-2377.0304757052445,100.95788980100352,331.1302367382813
1469.9250562711281,-2365.979087609958,145.1891344427023,326.7605763991258
1489.0340294136936,-2063.9641485737616,239.11666802545216,333.8781438771866
1739.7818781253545,-1509.8935461719925,18.475083745898154,316.216901388179
1593.226614950127,-2220.4235848844755,204.03143069101355,320.1977402752925
1816.972537665651,-1383.8409651371478,198.1616876347749,332.2081187991309
2326.5630588956346,-1749.0516421198467,-5.808683657324748,303.91292963797946
2569.82692786005,-2522.0330828409724,-11.65970990067957,322.6458746405447
2670.6247437757156,-1212.0137541624567,199.67344866973872,322.4757091922348
1016.622329798154,-1928.3358817219585,256.9480416604427,308.12126466747293
2257.3650207820265,-1964.1428292134076,187.92510500338818,338.63290990380676
1264.8847694578342,-2022.69601761594,177.2727356294171,339.9925417543324
2476.9747501265847,-2397.948823235709,90.583977381502,315.65889691208343
1362.7862650089075,-2229.3668122529216,201.62948993322135,304.3021913744498
2682.8082774542218,-2799.8352160772893,231.96060988916076,322.2675633075077
2859.3932003866003,-2229.2368294512635,100.22644302732374,307.71569743081506
1948.2123536404667,-2862.1482167804197,195.45821147398308,322.5985736638653
2500.429803342183,-2105.386217078713,125.91828797349856,335.8095411197675
1072.1473550586409,-2829.4503389524584,139.85578160613673,323.1943283904313
2275.934029221361,-2722.165166358542,64.68404396030265,330.1032168912568
1153.6245218710344,-1581.9784097989268,125.48273029341897,339.0264880510891
1351.604743896551,-1511.7386944076281,258.56479362289616,339.3406437976681
2188.076236408513,-2791.6007655691815,206.05982112803952,316.73215673855157
2928.573522757166,-2977.021871171693,75.88843246669565,311.24964184775877
1544.4934649016413,-1449.2347814923262,158.46787622861993,331.7496221192142
1792.9279662102242,-2678.5969522258138,186.48347339714513,309.6143934176934
1235.243089532719,-1241.1544604312123,180.27300968578757,335.07405546269115
1712.0653582841953,-2223.713591257024,218.70862272756116,323.66413046922844
2379.5377731245544,-2735.413221898694,106.88296767331205,306.66199533570267
2873.412354802689,-2172.1015524115896,162.6268960032568,307.8460247245497
2686.7701417249177,-2086.3154855113153,133.1636528189683,325.7352679474122
2630.5906623191504,-2322.3837508022216,43.78857294390714,319.06438099333025
2122.6142668904977,-1589.686101978457,101.6403958387416,325.5185209507268
1262.5982542795557,-2284.8126418824777,248.2243740983905,307.010762158067
1358.518784809234,-2926.8204398445087,141.31225958882015,314.43976044870044
2921.4481608797137,-1302.5662214914512,74.87741126353929,332.7214736427652
2597.7900129704594,-2192.270428577671,197.52010091333554,312.46238180187714
2711.5095728014785,-2094.0553370216835,6.232037915840255,330.49850789569314
2017.1882713120583,-1564.9498445166855,121.75192615932016,313.67639412511113
1655.3783896012603,-1503.0701504767255,195.93324258693204,307.31509999657817
2800.915613099999,-1291.158007149275,32.57980008595116,332.52643882515696
2032.5955404607514,-2835.868247995347,66.1026344199396,335.2502768277955
2975.4270869892252,-1732.8479327772525,135.23809414936264,297.8203944772438
1800.9515469578619,-2979.98466245106,173.5071400519062,339.01088756283855
2816.435511841707,-2986.7595323119854,-14.537105410044433,328.02412423951796
2674.366425987996,-2193.4704482694515,146.47788558127965,320.1188563026288
1445.887787858864,-2457.892649343784,176.63379158980626,323.31697734923284
1645.2163675812062,-2084.140799529926,33.72817971028247,305.4675553231238
2875.7428772280114,-1092.570241674937,244.15672788939872,322.0396397816528
1693.2990152520533,-1248.4704364158006,58.10233917847012,324.26376037665347
1820.3001052085579,-1774.101097075299,137.16716597092287,321.8190892095065
1480.4730250426308,-2164.55775682547,215.98642974709657,316.3207684631151
2214.8948997831562,-1420.5772811599422,170.2974887210238,321.69749049223856
1924.8864659875055,-1117.412583529175,77.83381804860196,303.7245179237578
1198.924095115413,-2507.7340452784283,232.9972911687345,330.03312107793585
1237.8873291344962,-2946.1104110618744,123.69221927651787,305.58030852286726
1907.4734877192782,-1002.4810501338509,225.44607623450554,300.5849999287204
2379.230515572432,-2519.3621012633976,195.68035603752324,312.36226815899005
2842.940554828476,-1824.5804996872032,220.06548417969753,304.36095195256723
1406.6437307310068,-1451.890805190946,183.4426776622341,297.3759239524613
1165.1906436805366,-1983.6965030017413,209.1903930335137,327.31905856345645
2571.4245076419525,-1555.5697018641151,112.12587621712119,305.6688659398171
2214.215624958897,-1289.111587789915,171.41399751360686,299.9890305001582
2884.4128919508244,-1245.8869660154362,137.48517706310957,312.14858407616197
1951.7916110119409,-1774.3922683681121,-4.435850742186052,311.09513255905995
1280.5691055786879,-1750.623664506072,34.496472255422844,304.24764812508135
2763.734669573779,-2046.0611958053505,238.2564667812334,305.9504157008912
1031.7780053578579,-1532.857483744447,163.35848125234102,317.01899610472867
1725.6383346401049,-2393.31087213586,18.15210500361843,323.56833531160714
2399.055978071625,-2774.482810438542,98.35464685655148,316.59369164888983
1839.5002876560288,-1469.2509399645107,28.26466092874621,323.79282708468185
2957.0067691141176,-1547.582877681363,213.87191015129736,331.8197258191798
1016.6882977826688,-1482.0446336617438,215.06562405113928,326.3867184316708
1071.2141401472045,-1859.7448678108426,105.28638241312359,315.1799362260843
2045.927022126847,-2735.8485111362697,9.81294415087805,301.4790878940447
1170.7794123058536,-2554.1932845982838,155.97430310412528,335.20624969111094
1239.8737092216952,-1913.2917595008266,143.37624311027875,298.5971401320971
2801.92017404942,-2153.527213101319,138.3116155018444,333.20663694954885
2782.3859561524423,-1811.0640684018906,104.17332941495377,333.60854331448803
2487.2442375845158,-1678.6646625059502,65.99034224071703,311.3501393746806
2533.1883437808365,-2106.3473631702445,35.45710372587399,303.22628663309257
2489.9967251719327,-2852.058239997862,-4.647409595678868,309.21154009621256
2291.949357766558,-2334.4006723872094,109.20904583852808,330.8715326388489
2761.878381680655,-1140.1136913862763,257.1068133536466,339.3740179996019
1331.9518541335285,-1089.7881559390528,199.2651064718211,303.19411694635795
2784.4644507866806,-1350.702218664073,170.84917855740656,336.54536003578687
1851.8483127091222,-2980.3062513970917,75.36086591000029,306.30883673835916
2570.3857922237466,-2827.537302907554,98.81182915806978,301.4065498921529
1129.1502057400971,-1676.7946287034529,232.04661268696057,316.3224448099252
1608.17165958274,-1204.3490551557318,33.91839739740823,321.9473118501597
1362.1414619127618,-1824.0327394837445,219.92305947365548,306.8823798936039
2561.0049193395307,-1015.5834065535093,200.50493357527563,322.3097106663573
1330.4011875500535,-1210.0315696521493,37.39943809879001,297.52286550620414
2770.7608343071206,-2281.9047466844445,8.992247014926825,319.15945900125837
1435.4348058626038,-1810.9898679220812,65.48532711493506,322.5219608202003
2626.3219236238037,-2143.2482349038164,50.44604565031109,338.0963333608137
1031.6751507287859,-2525.967478246788,50.63388802687936,314.73982455598514
2163.3845904201653,-1883.341439522255,83.70676037010738,339.06483057006994
2763.479659614827,-2610.709503025811,174.35226207554106,308.2647683085097
2491.714980513882,-1278.1893558404313,172.6274626335073,336.0783771204512
2608.456962967528,-1984.109059486102,211.6430561481328,335.55503885832894
1721.7849634504958,-1745.4575192392715,213.44984993240072,296.82575031900217
1119.4830274863507,-2382.79200634306,237.14214963094057,325.6537815145474
2663.926471630618,-1049.5933219069748,155.118746880596,336.44224878612266
1104.010321254305,-1633.4234530897204,244.0956945721166,322.0084261015882
1943.0978025748957,-2310.506135891863,37.571210357862945,326.17703347428505
2688.7331401862234,-2188.7861874823243,140.10171257104892,305.0350875087329
2290.043798800936,-2560.6519282995237,29.160308561972627,314.13800291457613
1775.776910390771,-1004.4270781689415,114.4629047956698,323.54468978454247
2805.7812186215497,-2697.3269870800295,246.82486646218848,305.12610989786816
1098.852787643806,-2483.5573084227644,52.44669008928871,323.7579449320764
2899.983517493905,-1434.2774991316749,11.599596837764462,306.0328343352721
2943.558139738058,-1297.2997377638048,36.47861127975838,318.96650917672866
1091.5030024159546,-1985.0634012827813,257.7284492139556,301.74491802331136
2556.5895647403395,-2748.817599348724,239.2596693514372,331.56791441624296
1505.6387459609514,-2393.9992166092784,229.4367685315411,331.7978077921282
1186.1434747714402,-1666.7812874658073,59.890718801171445,325.58236267124244
1956.51673321923,-1922.18870586233,82.94694846980177,328.8661217650274
1562.713231727275,-2513.7433677741383,101.03788688993758,302.50493124812056
2052.529180095075,-1765.3625018520506,106.08526931585037,313.30031860081533
2205.560967135396,-2157.891785895741,129.55908660570566,324.1662679264172
2288.4821135709126,-2211.298371660956,69.13940953455906,306.5124155026513
1703.587940219972,-1622.333038520607,66.00653354143476,319.28279597927803
2363.3763252611757,-2522.4687110204995,182.7276575941806,333.7961604951083
2246.0356677099808,-1489.9135447269375,101.97146524523691,306.0594755962986
1434.906842481524,-1084.6379244774644,14.945448614568637,326.53448145733347
2011.4890545948415,-1961.9963700822107,241.97004383177222,315.62643116910294
1395.25574099669,-1188.3949791696898,131.51311170039975,299.1109118218089
2915.0443947883246,-2245.7374413767525,-14.571035140852779,330.4082049168412
1707.633437927092,-1707.0192162156811,58.39385872222323,303.88500695763946
2973.6690146090973,-1448.3864210379795,103.12526071860917,325.76115517858585
1227.944519081382,-1808.2602252282647,-1.5458387140287133,298.4838742435065
1012.9284211544793,-1081.243306833603,89.38058479691504,317.0334411023188
1683.7109328462116,-2001.9966162898268,187.05750918446194,335.6999391394637
2975.764589973126,-2877.695213583016,16.699194208610216,331.3292507600499
2849.244585580474,-2429.4054059107525,196.05591176729658,313.1531995079834
2277.0356869248803,-2904.821186271094,58.074883413554744,296.4139209909626
1212.9456146865389,-1439.525851415265,39.62525031149263,328.13812723570015
2050.6324839789186,-1158.2464706013886,42.38538578731653,323.77383487239564
1490.3390872876207,-1251.601646978562,101.12247652813161,307.70845902886276
1372.1602600796095,-2872.0601816552944,46.32124033577783,323.3496345422042
2844.7095483249577,-2922.001504480973,42.99007052090223,339.2094205668356
1623.9064794066096,-1693.658492428804,55.35566609409969,298.4185026635224
2364.9792543366193,-2905.773358045652,124.62308168973317,324.7045144268571
1273.8553726124812,-2763.6847945607983,20.554563994137396,327.8014836509489
1622.3273942242317,-2549.2076564993936,190.42238450870664,312.4540795898036
1059.587754461082,-1470.4122866640607,165.64129319220547,316.21111498166397
2971.4695060227637,-1081.857547607314,188.40284817058105,320.7738768136285
2507.5153514232243,-1938.5813438632433,210.25354460330578,339.65058890004184
1040.9387834309568,-1381.9181356634026,259.0475505046954,314.5601967864
1832.0180052123685,-2201.096041316802,232.3263980575074,325.72547127579315
2693.435671124991,-1126.1627033224227,92.14912813639933,296.43092366976936
2181.5139280170592,-2506.8678699056977,159.2837257440024,321.6495725893271
1344.670558883173,-2294.7663871851705,200.80515776229188,334.6728063452023
1977.283948250571,-2087.2718334316232,242.09841710680058,323.46100209054185
2460.7823841065206,-2994.7904151200996,15.201354544601312,336.08441216315396
1734.4334451864906,-2195.404471494874,52.282344838761304,300.5997204218164
1991.8817895607408,-1223.5455567786073,47.36160609684734,320.04711775496605
2068.032144056364,-2399.9336742700916,84.88817362910187,335.8176198564736
1869.9823776793182,-2299.672692973903,191.46223131255812,312.76253128760106
1560.5247045814397,-2680.464531903364,187.9870348188712,339.99294189132036
1985.7398392960893,-1615.4736548255014,205.5396169552771,297.3746604065312
2007.1269929124292,-1378.3852771602585,169.96975221713924,312.12089776102323
2406.951109106767,-2568.2566667497817,96.24252587744235,298.18299619203816
2974.613360295719,-2688.7845959300703,232.10699186033938,328.5997021708453
1861.2484464449203,-1777.5350941638228,179.91415668944293,320.3895081771217
1846.217953003394,-1808.8051200471596,143.54134603114613,297.75302857914795
2736.123376219437,-2738.6310171965283,226.36958561448898,311.90915864797876
1681.3420475191201,-2875.613748502105,176.42979565284736,301.1088670828674
2442.018958401046,-2267.6711004678814,136.83984446510757,310.0744989796574
1741.0715424627099,-2528.9129840087808,151.64710785503695,320.2006996894802
1944.9434253679574,-1858.94334789716,67.25223909247983,337.0953240291558
1775.8111091544665,-2135.8275930467453,51.16569555669497,328.07239462210407
1705.592802765178,-2993.786019604021,142.47938700466347,326.0359081056284
1495.1391345610837,-2168.3319795116386,183.5084300175588,328.51650078314765
1107.529549853105,-1804.6316996398516,159.02542568693124,321.4457957625262
1688.7135237572093,-2415.7796275651554,108.01410768698044,313.31959790222
1218.8543337609556,-1478.5508772127018,199.05021986931996,320.268915926933
1567.4509538218854,-1736.9037479431622,248.99005713198602,307.71159341435197
2825.831570487945,-1159.0867729702009,250.9737596666822,299.7006354035349
1974.8616239387734,-1248.0879375240695,244.12534371825353,302.23661114085894
1788.5468432778455,-2074.113874056121,-6.100564717490629,331.090311890875
2347.4384187365586,-2427.317246708888,195.1455763830338,321.01452490313295
2968.250866602446,-2493.890589603291,54.77779030123703,304.4802787201717
2196.368327794173,-2935.870238515495,71.1067783397418,312.0826245805776
1889.411582927347,-1969.2207247091435,143.7959181665569,315.8396544834161
2001.6750757865943,-2546.4147695145307,25.259497901273036,296.608444472935
1037.50424367465,-2423.656727459816,-13.986990928339516,333.47501286392736
2080.9534097876262,-2291.40862600255,151.56435424208723,316.45106488064283
1359.0534455450293,-1320.023074585022,21.731261687053696,330.0818297776343
2880.7877466214354,-1048.4363128277855,33.01013880766814,318.35299788111575
1468.8467425445397,-2615.5874295803383,58.207277046285256,318.42118319241496
2215.6105628050022,-1216.0964631200889,11.150011269348894,337.93577358331777
2437.7709307104606,-1234.8489796775687,10.188670801336464,325.37822210306007
1910.7465409632255,-1230.7030910420783,187.93527501674492,339.97351913743995
1671.3443849967252,-1960.9978787969605,65.85162853938374,312.54081081886375
2290.2625206171047,-1590.4203728488533,251.77619779415818,335.4050803134183
2196.8528835180305,-2054.7926060572995,200.37717754628906,332.5005723799541
2074.939657728539,-2533.67866075083,212.96954828349175,298.3902525435166
2823.865416231761,-2467.91481607075,8.427655475128535,301.5513901525203
2923.2522575421995,-1888.6685966876091,84.3946676412894,338.79233359320017
1232.948242607096,-2676.117938817913,48.18341626670452,317.99788527912744
2220.702296628813,-1653.9985870267112,132.59379234948707,303.28963072126106
1621.1817824927675,-2353.3050396681538,87.02780478767968,321.2676951246809
1117.5751175502214,-2611.165158007221,244.90672570642488,315.02052935872723
1946.7684645419745,-1900.2059256592997,192.55152990423068,331.97003466262765
1830.5261121101726,-1765.4994329477004,238.6275976753571,317.0731564198383
1733.7795077717988,-2203.3173663494617,199.13310868913533,309.17471650212957
2104.834852205001,-2363.779435840522,157.63136824329828,297.43202517389886
1558.5623192030685,-1344.2210748214516,135.18006594547884,301.5372106671739
2759.9919892015905,-2471.378923463857,-1.124684321157762,330.56237193748575
1105.7668273282973,-1260.4288842669473,27.405063536699814,325.3682245420187
1490.5797938526719,-2241.54256362314,1.5537110043204336,329.78450071588344
1950.6843494282382,-2136.930837658765,40.86050522513743,330.9770554516529
1305.024466369628,-1199.441755021251,141.6069377194072,311.30326894384007
2516.57512553964,-2529.896671707841,171.29072415813624,320.7235961106508
1731.7808807324914,-1138.402860559149,197.90440948677482,296.6265492810557
2276.6854743071262,-2421.0446192985905,226.85259045280029,315.08560498517335
1866.7578510349317,-2710.7826068212926,-3.9297670658185844,338.8140566589767
2388.4893012066514,-2293.0601507351203,203.8022507258354,310.94056894606115
2818.775740533243,-2052.1114349399704,85.03359668087136,304.1736905386032
2159.601181061553,-2401.9927444590244,204.5737688794179,298.1819671979397
1156.5190682003922,-2774.604612776237,11.656347843600212,334.20566198290555
2394.875189515324,-2328.84905989738,133.26995649886845,321.64275953254787
2532.726079876553,-2846.069038955138,250.27726048708342,333.79389284362827
1902.7472350611229,-2352.1216507703766,190.59404732365144,323.13553914514614
1092.3760736970314,-1331.101817366969,139.7964808973883,306.5684519800497
1444.5192343184494,-2289.025172469113,119.1550683501217,311.54807113835824
2188.892707233661,-2123.6400893940704,249.23935600414995,330.1306440591436
1737.2546388677347,-2928.9294928256877,82.61881997048653,301.0506304304823
2792.4879523151894,-1528.0708877870827,39.09982495691567,303.81673588908717
1001.592767194853,-1001.628406009826,198.91947365292137,303.45777130424597
1968.8151764161184,-2322.165306661992,134.30219396754438,323.63738481860423
1653.6540201156572,-2695.196937342748,226.14019659841955,313.29619351279615
1182.6342703138132,-2721.7829068616766,66.03210928579509,322.2417253519134
2228.2112165487147,-2217.7567472896126,34.036561482019344,328.03395250381885
2654.8034865882673,-2491.0862948946037,24.757746111473402,311.0151541515573
2037.6613962057042,-2129.8513738309794,15.924881708267414,302.2695646981659
1636.8900435913679,-2750.005968176493,26.054377442673186,325.19555970928474
2623.436297977606,-1240.580010920479,219.50431295743923,317.5373841621644
1750.2039738653984,-2111.658893903495,-14.949841930870708,325.30156620534933
1382.2069553174063,-1024.6171009529169,190.27465681522708,327.45500916590754
1821.4231834047337,-2254.839239480937,213.3791852471808,297.70182664415097
2385.376321158708,-1710.6888121372456,198.26511776181806,337.34972569504436
2215.4186134588326,-1866.2757589136668,107.94835859599223,295.4596311333093
1520.226980299915,-2905.619507075244,127.28582217850365,330.0189629155067
1331.2163983711991,-2606.623039539483,245.77680207407354,314.6086597671272
2301.1173966108395,-1787.8317322641678,241.34422544879692,331.45436761949077
2210.4587088498756,-2047.860258584761,240.22111288123642,324.0149219698802
2665.4552080166964,-2877.655183575979,255.01492368815923,317.376848653476
2620.345755690632,-2096.3453689989183,255.34735158503213,320.4338313199845
1289.3666346150653,-2369.0049833275198,258.59863988343164,314.85104907209274
2468.580458304734,-2855.127241079267,176.16668667574763,337.64124128615805
2590.4746527650723,-2504.4106515794165,248.28559899298006,336.6853249030748
1020.9626446402493,-2258.3446410941374,246.13756032284732,333.10433086353754
1672.5098592434833,-2538.280811694544,57.22194057460901,316.9107698012164
2219.6078767230138,-2527.8534105500653,-0.990331643428572,303.1543254203142
2476.785518371059,-1053.343364164238,120.88473048146753,301.9932970961421
2091.39132108638,-2750.361906053086,121.29667082998591,320.5607068627041
2034.9207652698003,-1330.1226776694648,56.24901183412139,315.331088802427
1427.769706170583,-2630.7723511323193,131.71599038490288,317.6613537623097
2006.3839349921604,-2278.221722870803,4.923167649963592,298.8530203840677
1319.3048289188005,-2288.8458229220614,249.16392984574077,298.14525847531837
2474.4487425015354,-1182.0945866521452,-12.193031205043734,333.6325201196254
2393.258344452447,-1095.060138557322,9.9586265436794,311.51762559127394
1316.4914624359908,-2418.6758812854396,87.54133736571669,308.433251588103
1349.4059330671687,-1232.258000549196,222.84111921205303,306.4496746959339
2019.5411616930116,-1354.594140149759,28.60216238631064,322.1299440369315
2433.688951963158,-1341.422328693854,36.5236045816621,315.4354913328316
1274.419612686559,-1551.3752941201133,69.37209595290489,314.53617279916705
2387.095078037496,-1728.824468583887,3.268921126065411,334.2763153375362
1836.0793333038214,-1289.4362472042003,106.59316564693107,310.8130621775355
2255.577333657653,-1612.3675291792588,30.08954514487565,308.87128000861145
1110.0263286248544,-1766.002017199515,-11.377665191869475,310.6050811013903
2933.679931603875,-2639.9744598380953,72.92610378988627,314.03907594440614
2402.5517495785957,-2030.7268199837442,154.72055285687088,299.2450703539509
2869.538841525026,-1151.5688017839966,139.71251073464995,326.91855772297663
1448.597491118875,-2324.489231225648,113.83509109878352,306.5749937785398
2479.2060316473044,-2867.9288296877726,196.02456538769766,339.72671092758605
1742.6988962874284,-2725.3094853009748,72.79130087218991,321.6589071090816
2662.1200540037344,-1036.8137111700794,21.127879950380617,331.69872983722723
1371.7702222811079,-2097.071470901059,157.30506087599,337.9145207753443
1048.2720324699633,-2543.208362052429,126.38475347333224,325.7951509136726
2079.5642178459693,-1104.3884798431156,240.31704621330107,336.4735194879912
1674.638476647052,-1708.194519735257,87.77121911858036,311.21742208568594
1529.3103134058101,-2892.773934617727,112.66061897971797,311.3027506305579
1870.836351306306,-1177.5398888607804,80.33271825562571,303.8209217464254
1903.7680529648721,-2916.8383990959996,81.31565355806963,313.2385398959739
2792.3542309618956,-1008.9851220658086,107.4053703378046,324.49715738298124
2647.360096325695,-1644.4878553374776,117.21448236797792,308.55876933501696
2298.3041765129383,-2270.023066121181,116.66790256066886,326.24859852855195
1781.2803483977168,-1456.2484423156498,16.55780151293523,317.68029779879726
1508.3233790941258,-1911.1887721023015,116.3096997883795,305.37473316967333
1048.9628723184428,-1417.183245662717,159.12105056974798,320.45158719193915
2286.6290716761478,-2559.4764078878734,72.94089687336854,338.95853820560785
