X (m),Y (m),Z (m),Temperature (K)
2273.9233746429086,-1229.59155604229,141.20190132996322,303.74571665245134
1539.5734275277405,-1618.7090969206336,249.68366848016183,306.2837121039581
1081.9470478723895,-2035.9858992783643,195.70641888490897,332.7756228534369
1033.0552710570582,-1640.9837347209568,214.1113719793296,325.1112728320085
2626.540478400545,-1328.4824968700245,141.59457727426206,302.7618752135286
2825.5111545554437,-2733.5177461229923,152.08526319399041,327.08689752714537
2213.27155153436,-1650.3912554612564,158.01974353451186,330.05552881797877
2458.9931219679966,-1894.2250523835328,58.13279272210603,316.1543057449661
2087.249982930846,-1732.7023020599204,156.60125659640283,305.04071327122244
2870.1448475755365,-2479.2964691440598,252.8701055376148,312.0109972576472
2631.7071082430643,-1170.3921105745544,204.50826164207365,337.35203166280905
1005.4770003402962,-1981.345633258169,87.37157694109625,305.9527820381935
2714.8085531751385,-1852.1660214562908,185.76300851172576,330.2430839113735
1067.1711506109286,-1801.7465458241604,61.727179048343416,319.8920863979322
2459.310892859888,-2588.0104097717253,256.60023264729114,336.99495934488505
1351.311241205118,-2688.2588118910744,47.34784270481565,337.4538991307142
2726.357844699773,-1742.8290667492045,223.84336443458272,339.4702185588464
2082.9224404981833,-2599.923841718026,228.19666693470302,327.3602601201789
1599.4237810747695,-2703.3153806144537,36.348816340227266,315.7993921818471
1845.374442395317,-1865.4414194752226,156.63439370539817,325.3174460300249
1056.639342290926,-1067.8245013159287,45.48156092348352,306.1502772883117
1248.566552999128,-1244.9749956017854,227.10614255499067,309.9253997919745
2341.2488293872607,-1990.6354978499016,96.60304518233146,333.8476682618254
2294.3790231485,-1572.860468993532,-4.185439500690675,302.83667454350615
2230.7702229625074,-2550.947513653048,114.26768145668251,333.371529936557
1767.3551085237668,-2539.814208789474,61.51242926483208,318.4183849809119
2994.4198715784223,-1861.6022319810108,221.94938789173128,339.88473980049514
2961.67067755246,-1256.9982292070947,193.9319163446839,316.8572777232213
2371.0839689613895,-1105.1865780011465,106.76068516688986,299.56309650762233
2300.9185525356324,-1257.388626498144,228.322114628711,315.10385349277203
2376.89346114188,-2560.177973297343,192.95690178697905,311.0109753848273
1777.8428479582076,-1165.0828387054091,14.876558405713528,325.34965178629324
1270.1930100448224,-2583.439935117792,226.1178279214974,310.7115648749431
2442.9766803881635,-1767.1624113933858,251.02214417109934,320.2173989319465
2050.708644951452,-1426.3835766082539,8.80595740165018,318.7892128629749
1620.4837511179112,-2440.006444644999,162.59711189580838,322.54648291332455
1971.6707176635782,-1580.6719419625435,190.34833532004578,333.37229836725
2778.9756686980004,-1966.7911019086605,161.20315840001214,330.02662679633994
2868.0870319124997,-1691.5991873603743,174.29522030686672,318.59832003461696
1715.5903934181406,-1508.9668583675739,0.9095687120612617,305.50155896641076
2143.059661459522,-2192.722775439362,231.6245272248507,322.73595247767213
1643.7387821518842,-1751.6094197708549,118.23306445140139,329.9986949816785
2188.6000603993934,-1738.7453230011993,65.18748915036564,337.6482128657816
1675.8224510142666,-2664.830547595113,26.306697648594245,316.57656450112876
1783.2380010563224,-2307.653548263756,112.42265706341195,322.84107010495745
2780.548704009585,-2834.264375963155,92.89545088801678,323.92117287979846
1454.3151870667593,-1486.0820409567314,193.9081856766253,305.9244783697062
2246.3742893720846,-1853.3245038191646,90.55101619435779,335.80795327553363
1168.0306871647697,-2239.2456742501904,114.75423124021802,319.559756845996
2665.2882953067956,-2938.3127155551347,141.90099485655603,298.19895608838084
2574.196614977367,-1892.2174614910941,78.70859966216891,310.9582722299507
1478.7388859859043,-1916.1932307904888,72.91434660859771,325.5494393470605
2752.9684616214076,-2082.6459729184558,73.65728104011518,299.76249966655325
1117.1360696103886,-1344.3132705215678,174.76505801434232,337.8991776618838
1672.2341210913207,-2972.913713534552,110.0705283580574,337.1827956691987
1300.5589337896781,-1155.168839493394,142.42415097420462,337.710798695744
1900.6787332985741,-1052.5726187075788,255.19830396399954,327.8320487547097
2592.6485405745884,-2701.137297911185,48.75991980768783,331.0271420668861
1461.2844179874949,-1258.6892843589796,3.596105404094253,303.3139841284793
1104.0426021288192,-1770.513884714661,49.49187503948055,305.1405868033301
1809.1036796430562,-1179.2413467466108,178.08210837419574,320.5105799906945
1397.0260890185107,-1505.7923635600675,192.57241369356927,309.409437567507
1181.5060912382437,-1670.866981826511,37.144689314632814,297.90575555610064
2160.664771973701,-1435.7843789981162,90.51440452302789,332.055439683711
1597.3922656378452,-2436.892910136501,102.4026259586844,339.06455748253506
2343.9897559127185,-2004.276274497271,98.6356816277622,319.0984210147288
1399.0308879364266,-2021.3949373867317,179.4252449998941,323.92959434504314
2884.2262210129957,-2682.081863372857,252.28330393433362,314.3092243052294
1730.2203364896573,-2541.568394785441,44.51299354632623,297.1267843773409
1210.990559140459,-2967.8977659587104,115.85870740350782,316.30726383932557
2258.216303079418,-1233.0615659147763,118.3290818440382,316.958717961259
2854.309106135735,-2907.0338649089986,34.127566569211545,339.65572902716474
1880.754309431568,-2813.1487086180578,126.99143371612533,313.6945390208171
2909.1809873814746,-1603.7988279405663,46.674603955456696,303.8084817575575
1999.791627375294,-1269.8248129035849,144.27354211349243,305.2405359388515
1850.457249698151,-1606.267797099379,69.89917707278686,338.2991905203644
2240.4269040307554,-1574.5792391578505,71.48959052964771,318.5115214243115
2990.193010470648,-2252.565376055646,117.3897936629418,305.5723626291741
2897.8873498755306,-1432.5236759884842,244.4592536874456,339.8938172748953
1920.0902786181923,-1453.785147445173,227.9080713322178,296.11676134989455
2515.457690616583,-2280.4863683392755,169.36206763407512,306.90196672309054
1994.845390975238,-1155.9282267481124,257.6170458410756,332.6105541163268
2058.624320393541,-2085.7231416407394,80.06687110913093,310.3146994150456
2571.571401427615,-1654.7111771273978,-4.322900275991673,320.45344075822356
1829.3116987113417,-2197.6986915435596,82.95105959710968,299.50926373273006
2468.967143577459,-1852.7302422937917,109.29782301044847,303.8912377076297
2422.2857559794998,-2827.795699860452,118.73865761116465,324.014196703717
2864.1193732267566,-2158.6821024848896,213.42714306164504,308.07778641792135
1229.8652665618104,-1474.3060743394387,71.07050465550024,307.55950933861806
2458.0302341526185,-1322.218636288672,127.61718174758724,313.85612831210096
2854.84785724912,-2318.206791266148,220.69153667314623,306.8683988646011
2935.852379849293,-2890.2904097167766,35.20038379458041,302.79904590296917
1029.4126099307387,-2662.4565489860006,235.01735639187422,324.47997568867925
2727.2801804911514,-2434.0080496020505,22.68305660420865,313.9696840973202
2962.3900801326886,-2010.3299531728417,175.33535902966733,309.7274669412238
2914.4203592219274,-2473.6862753954474,246.4540570932934,313.1224888061042
1297.5280244649957,-2259.245274084238,151.94821074668727,331.83077462520174
2945.25762764591,-2965.6611444651444,173.36527940906697,306.71760393167165
2779.871111441041,-2171.6952271558457,196.06662047254008,332.19979206085105
2644.747655086141,-1607.1578697940824,51.35530454035643,308.04296952430525
1959.9758476156644,-2102.191702263118,12.356132903631057,313.2974569031513
1464.7458392786077,-2611.9603965335405,105.10892214712564,338.9913878048578
2603.7611574366156,-1139.3462244452712,144.45652553393484,310.6458578056436
2847.060319566939,-2631.546444914045,59.21535204130615,334.1682251188952
1532.2605445845852,-1263.3463112715722,-2.954942450391579,335.995134052382
2077.8688152443738,-2618.682045059926,215.36669663178446,307.8452956236633
1885.5056579490629,-2698.196198464151,191.5520568587031,299.5726400030978
2862.03463196231,-2024.4854615374452,245.21252561940327,329.1224648774298
1081.0214223768692,-1679.3852346408312,27.277045480795138,330.1888899087627
2464.0123913131215,-2094.0456591293687,-5.82978913772283,297.4348082611557
2228.7464938979933,-1983.6952071678747,188.1861041680931,321.09336249111743
1056.7307302270422,-1753.0685558115424,223.24329436066662,310.39408431281555
2438.4395456534803,-2033.344693768695,46.08585407918853,330.1118181705692
1031.983459047144,-1086.2907912773105,88.77066541022954,323.97052789371423
2515.902004712856,-2697.358356735097,218.05768393418472,305.6756131956951
2025.5174465241562,-2217.3231213693416,-11.842593290819748,300.35012450378053
2858.2084415940126,-2744.548186185919,58.446970250072084,295.72341250251736
1132.1649934481495,-2604.885663292565,20.68532373134584,331.5579189073849
2682.6345592247662,-1759.922141982841,245.6584393176999,333.4232395561162
1133.3800175342028,-1266.8986539736952,-2.8131046277758323,316.32226979090365
1688.6199576082504,-2290.4544596461924,131.50382223941605,331.70000867902877
1860.5974638956666,-1290.4800081978694,178.02834599363032,315.30516019835926
2932.12416156814,-2239.7161307442802,115.67051004697225,330.51863884830783
2124.463684456914,-1581.404287207001,57.262438648312155,320.4732965252315
1517.7291863418645,-2778.1507198050526,75.98554762521049,313.08050762893595
1483.3514281886899,-1896.6073811566296,46.40348869268556,297.02941769974774
2776.23664131836,-2922.722626116087,220.0492356645707,308.71362502880294
1451.7388568346487,-2714.1351591010302,-14.220611940005124,333.6754882348422
1249.109411670567,-2391.3723351689396,19.609042491865324,320.86818472750565
1576.6615140151553,-2901.9251014045835,223.32716491858568,323.81726020283816
2172.2461296254655,-1255.1820794327161,254.79540304532776,314.02169179027595
2108.1810043465357,-1357.3855726268237,106.75627663801623,310.44988072079445
2619.4215518255555,-1136.3525695011485,197.70914690336164,335.31047400157104
2120.9519040123714,-2550.5418108814383,228.41191845132028,330.9460409732609
1576.842428862421,-2107.7280384051255,210.9448896861933,314.7363199110263
1825.7926853617855,-1382.0384990413488,100.63976813878043,315.2967495704737
2636.241941941821,-2447.6212171262923,226.85141482673552,330.94211710001105
2253.012924839507,-1705.3271589784315,111.1476653987308,308.8788678691451
2918.1552853948842,-2309.4833369762373,175.54599980364978,307.2091026365103
1738.8088221833618,-2246.210919016378,255.91138135478104,339.2996015822582
2105.223021042574,-1649.2549436968175,80.99879629592802,312.7801047343621
2187.848403226337,-1121.317085909881,88.86246721440675,300.12599947340794
2696.58241655012,-1380.0638043493914,187.7337908069998,334.2877240505889
1290.9470763730635,-2303.9089367301813,193.00253157815197,327.6041533697124
1813.0206734962533,-2861.56789011222,8.516071045491753,315.09661835041385
2819.917923324594,-1062.0220133508658,43.67672227286037,296.8296049824028
1086.1337771364083,-2319.552302429781,96.70365249728903,311.1463628953906
2645.4125603630036,-1561.3113799332127,98.57776461008956,336.42117412869817
1830.7680747424492,-2885.250018838097,20.362053341151842,339.7112272720236
2659.607970556205,-2976.432036512855,25.90951933037625,324.62322515315867
1019.9091216145839,-1716.814369525166,65.25014029816596,313.1874955247274
1730.0923155165412,-1271.6485818567864,194.80756154869056,320.60882319787487
1157.2600743312798,-2134.775311015326,123.03993205842147,316.52020106637224
2305.229152673277,-1725.2827888575057,50.972564539352476,339.978974369016
1547.6981971991145,-1594.1301977497817,39.3471534766124,306.3634054717805
2405.3041413195724,-1300.9073258479757,2.8172478206825566,315.5354089766151
2887.6028538841815,-2818.1635017557705,110.33949178231777,310.5694915152736
1253.6342045224956,-1930.9323662641411,256.1851087532156,304.3739566304345
2729.5565908015483,-2115.4124676993847,60.05939463263438,313.29020888824624
1118.928303200677,-2319.4848062597557,158.20052484436528,318.10966129665815
1761.541016621779,-2258.612518506022,112.38047557195848,305.56278609591675
1859.5481223571533,-2169.105180058574,135.87759399202432,297.5792173571095
1977.6990936669285,-2655.9351426960557,46.72279985460332,327.51168663006194
2952.9246438720893,-1272.6032175779362,197.49015717126244,320.32424305792057
2551.382376203657,-2422.425850692792,189.26289553609482,297.17735160795974
1617.714725438522,-2200.5553967228816,194.41279062067002,307.68921004808504
1539.6735710016003,-1830.3794411461279,142.50835895031767,312.4355157378464
2726.2404083786355,-1627.5083915657028,8.67945013984091,307.8717642475695
2762.6143454753797,-2018.9364931663063,210.4538598243241,306.8132125456929
2021.4130110872907,-2114.729041391921,-11.090965872402675,333.7889133500072
1688.5914619246505,-2266.7186147666166,51.502103105738115,312.7449792299788
2989.8346963218355,-1991.7561431808597,97.3463064602095,306.10213273511295
1631.8870907354003,-2533.4013898206704,69.21900844836833,321.2770072983921
1365.424757853125,-2959.481247808616,122.26983368538592,305.8672647767539
2760.1962426081395,-1169.6852366257267,86.81324136897348,304.31629190433836
2624.670796222508,-2622.9425321561785,76.26158066577048,296.0298739542901
2335.7788111427026,-2198.9502527016716,57.41653148630738,335.1207978157056
2916.8272635559038,-1922.88194841688,4.804907815067562,323.75143702021865
2851.4291544288376,-2328.2305899642097,104.4306270542313,318.07965583859954
2496.4970066035085,-2144.1563409938476,-6.395878810940022,310.3918232098083
2721.4028190953554,-2215.5476928485214,8.373932891788293,323.7367854276121
1494.293480644215,-2093.835855915131,34.261128916405774,333.90382361518294
1282.4931138020631,-1462.774387460849,73.05456664036203,328.52225444067426
2340.123698629872,-1952.5481548246032,253.72152773290526,295.5518271376822
2429.2370733095054,-1260.8785473169085,203.68562724828513,301.86742537610365
1334.1058575645443,-1651.7053455084254,-9.229616860973545,323.28113498691795
1791.114546209752,-1967.9444810662894,186.76710140654083,322.4736844121322
2820.5115324321096,-2334.665181711671,31.231874097613073,310.2756329755741
2122.801535100446,-2845.3274428058203,29.514911703324508,329.0714429253622
2156.6718298525457,-2374.237642475821,196.40256848702907,299.462677303362
1388.2595457815871,-1756.3647834825958,39.97644702615078,310.2816935112068
2052.0444972357504,-2011.423964099935,102.37973948804567,327.6362461764012
2046.86945478984,-2736.9293973952485,143.77143337504262,307.79504459255355
1177.871280492544,-1858.2576605136176,188.24137449560718,314.65973243846986
2963.8853862534124,-2415.324631545391,181.39548842262457,313.24699291417454
2142.791200911549,-2462.8184067382863,89.51631956086965,302.9234318629403
1012.8177653286203,-2382.346049761192,126.41586145705108,309.29541542854975
2545.2984024507773,-1625.9788734393544,68.40500580987023,335.8416736259627
2956.5314276802915,-1671.9926201304602,170.45250947282338,321.9340479367187
2179.740056641901,-2831.0449570110104,101.01539887902408,295.4513684945036
1639.3632725653301,-2584.2034636818025,205.12300797054039,309.9631671576677
1375.0154314555698,-1802.4464525798764,259.92879369480994,331.7217112664965
2345.0532678337386,-2825.9364720461936,86.35539674643066,315.1178898410529
1390.21479691361,-1475.1311736184766,95.05808560961735,302.45746928548084
2155.3757850357188,-1514.7039468948053,207.29812531301374,306.73649850771756
2204.4783527592517,-2641.629906805734,68.98519997726774,303.5354240789687
2924.846186248762,-1027.3034034919858,71.57134881446873,332.75238021580475
1144.5305310597535,-1381.7144569844834,133.40920163030853,310.0541985281933
1999.945647317237,-2766.6111404225194,86.85729494154687,295.6589859906162
2488.1949585652965,-1217.9238112911669,15.56530074652148,315.59259436927323
1354.4534809493175,-2420.7441169227923,66.11205335006554,295.17186023587976
1776.1334635690384,-2052.5674154960825,259.39557288376074,299.33800796934
1125.7909969099426,-2721.6703846838063,106.65117160210106,332.722434899905
2451.7617275515536,-2106.02894075594,218.30151255561668,308.0125440533436
1175.5357735189737,-1360.4545376730002,20.163811675619087,325.25401368023205
1790.1834167159352,-1868.8623247668722,106.59288601682076,319.46519167134835
2747.045262241464,-2851.67652055669,16.066694267039516,333.23534917650306
1944.6006735000228,-2360.1390194850637,184.38250043009194,325.29776341792626
2825.243867281771,-1912.7988175929434,75.59195120560048,325.09884306672086
2531.834235477745,-2107.108303794707,232.53226608923066,332.2289507496416
2830.6479202235314,-2033.9688363754644,82.81794317638108,334.0776539324821
1254.8060180978127,-1013.086197491728,258.97231177840644,300.01904721389855
1147.125810661264,-2011.3394434780826,125.0983945140965,325.2118854553236
1140.6525071384362,-1037.3657084319532,253.60717623682086,328.2146677436221
2737.708588694639,-2883.0741258435646,102.03292256080852,304.57199511560736
2268.1399586948864,-1226.5658957864493,70.345247003002,331.8898011088836
1993.143387597706,-2167.1785188871704,202.0532339634355,316.0269466903384
1327.0868323929606,-1282.0208616501236,87.19137422166203,301.22984652157083
2347.4668754545473,-1160.308601453666,77.12934650274991,320.63721077326386
1636.0347756915962,-1918.891968138384,228.70127337228124,330.07149033051917
2421.75972653189,-2794.518851715353,157.84815664283357,325.9451680375128
1920.7106577346494,-2266.9983841049825,113.16973657254144,336.6909747317972
2014.9397210890543,-2857.391767923769,194.28132113228762,339.73172814221425
2579.331464919741,-1364.0361984715894,68.54290998421213,328.31554858459623
1185.4909510467614,-1041.476924281894,31.69856863139369,301.5518390904776
2157.517006647005,-1640.820904536173,215.88932135694185,337.00218545764017
1394.469894591737,-2237.0868496088506,53.02985035173654,339.7867735922652
2616.273503627136,-1513.8141098789104,39.004507435741864,328.4677227807401
1977.6920722585198,-1006.1710952115127,76.01637972915994,295.5739610056137
2977.3906667356396,-2056.7082639723226,20.496753528754773,336.4526919077657
1365.8866493514374,-2807.9427414990423,225.45097436010778,336.8856573896775
2926.0382802485346,-1816.0101763272062,112.87911763907671,300.4423690887482
2601.8340732172182,-1287.7350567428539,27.310100565742736,333.7792018552129
1962.5209931505372,-1616.1181474828911,120.32570500834339,339.1226136893752
2627.068128359271,-1413.1171371367889,99.30237514845001,305.4758684780048
2205.697810482233,-2058.424514109798,110.37451724283486,310.11591453092393
2310.2421279827604,-1450.6691647272805,-14.309530950257177,338.84861102114263
2827.3815254147776,-1758.9723142667224,74.15046406934454,300.4480802861606
1130.5408328225828,-2649.086113888343,215.52782337665545,317.55344202316076
2669.9764079168012,-1336.0107558947295,137.3191593863276,304.8440709863485
1763.6295599324776,-2309.394857855882,193.67522824769443,325.80112846229395
1651.0912322014087,-1650.6951393845547,123.08284864648354,307.11290645556073
2988.053542419969,-2141.962520884943,32.22324923615553,334.5723111870253
2562.3810041527563,-1159.1929002636966,11.421824964507731,323.13933827704915
1971.0702775591756,-2249.5820765049066,47.473639656441094,331.8835484635837
1845.2567928495623,-2707.25486626803,190.1527116283659,321.0318141968049
2755.0578117435925,-2236.004399888557,111.56922256995037,318.7109931809008
1173.6297444297884,-2636.8451822140896,54.80778189511756,306.360668656724
2416.837513827732,-1261.3321361195938,42.47189089269766,320.16058223365167
2578.3092474102923,-2146.0433489542693,218.9227442304371,309.029063362068
2598.3927594322295,-1997.9201884613192,172.75323272061866,330.272055520835
1644.5734494796634,-1360.1101941584466,-13.66333870230862,315.46014085798345
2593.2783654921095,-1214.3285688769213,251.79045085528304,320.8545166484953
1450.6568837513303,-1650.26570768628,198.80741831129242,295.8233244206268
1724.6159009691382,-1839.4262712108334,207.48397111219708,323.489871259823
1834.8962244087597,-1709.6005758177755,10.649763370151767,322.0993935300763
2082.819967260329,-1360.8960922445092,164.07694377030242,302.42873345568574
1225.2273310811142,-2305.8230207715806,88.20546690638145,313.6855815350212
1813.8956012786123,-1315.5908562022453,103.47931926808033,333.11047658109004
1000.6013802138458,-1017.6901426863085,98.28679536065631,326.74422348823975
2488.761452694798,-2222.394944442326,101.39828288456756,297.49491018514635
2703.751824468514,-1404.8814228230833,-1.842130111648089,296.58758265707826
1277.863358240395,-1352.6927534754461,15.65824250035757,295.0169432353636
2407.5715385335957,-2061.4217189987703,222.14020777224738,322.88152716068674
2642.2061767892774,-1410.539552845084,-1.6261913869984905,300.09868674549097
2963.6566457435874,-2890.0373266335296,173.0650957566364,333.50817582967954
2687.581124737453,-2800.148761446176,236.67090548498547,335.27891768973296
1848.2129708880257,-2927.1689955521033,150.26277289241222,313.92059984275255
2959.377417019313,-1280.958422653311,83.02080862202214,323.3349232760494
2947.96880970471,-2208.9399974329644,22.406921112528174,301.55059036935705
2007.3539584011578,-1532.1077473761475,209.89027177998602,312.24246657946003
2506.8930771678106,-2408.2358484675824,101.98315907443569,334.8769483154843
2827.6753353463255,-1287.104192656337,130.95574182549066,318.0458098820996
1952.294143937506,-2387.247541050101,124.67891429701294,306.1472515815525
2727.57248219417,-1622.1755045567174,227.51853080175482,322.2009970609248
2403.1371321237457,-1185.930063681159,184.8463119795277,308.14461891959587
1587.8485119491152,-2167.1092549724076,149.66641827823017,318.150875697336
2535.3045399669472,-1304.4477406023368,249.7418470594875,339.8103281569051
2141.3695717189985,-1604.5752979826111,199.09924613179862,338.7197872773977
1187.6903068666124,-2791.3649335734467,75.80736198552697,307.15406667825727
1782.7608526093284,-2176.0068038103495,103.35305798393783,335.6402813732049
1147.4820267956118,-1396.7344015539477,133.81863707153235,296.5125379661204
1952.333926433991,-1094.2653308040985,189.81427080152704,319.70978560698103
1857.0792162858475,-2517.5153939524835,120.4414793370008,303.0135682963799
1847.4748859408946,-2464.242548411702,204.24954284131226,322.55061813286375
2172.6007071815684,-2996.840762793218,37.60088014762932,304.35904780744096
1245.3813203521468,-1614.6250867798847,206.82565620369857,329.1571842871301
2867.5378199136853,-1855.8553499521056,198.00584113409994,313.0504056106311
2368.100896150066,-1531.1382823188765,90.23132399889178,329.3293538075654
2647.5627167855437,-2945.495810097083,22.20931337669468,338.38301703170646
2793.6024645275197,-1671.1925966082242,180.2101234559495,310.651444375267
2166.640093846952,-1600.2228184698495,195.26218695446568,328.5561108098877
1080.4364418092014,-1161.896947747608,49.784299156615276,334.0396213827518
2422.973648235516,-2916.7370387618716,168.15948353025996,325.1955524371506
2138.0517085267165,-1754.909700092274,147.0012691730205,312.6896560467391
2651.9144443407986,-1103.7229219769422,166.33177785497875,317.0129928682863
2064.3209469486883,-1756.2845207678795,153.214619641877,300.58495847200834
2626.488190728385,-2530.746523528141,67.93138038071176,317.58968161199334
2994.0205861449836,-2182.3976704429306,206.41530000600036,304.6384735865096
1701.1096227357762,-1508.3660933336175,131.43724102749377,329.8311057412017
1342.0428800413483,-1250.756002094391,140.06636129817906,323.7561866782801
1783.3495989078056,-1967.7602173039272,250.38134059473646,301.99976814928254
2506.0999797313525,-1763.3203892334652,71.32756565927201,318.4442373051813
1878.4578637166128,-1067.21689152834,38.38915748238366,324.29082961975905
2176.7602188584297,-1691.6653983227147,46.370408013546694,339.55044684156684
1254.716943843342,-2080.353100894597,104.91506467162533,307.1724644322579
2452.247021867961,-2790.713640842988,13.032919203098643,315.19033439115486
1560.164803732999,-1480.0368824579186,86.02660540961863,300.6479430302626
1381.2351208080365,-1187.2115495364949,84.44214842221369,306.5019290495309
2725.899997166389,-2181.625575476586,21.36458979259295,328.5167584264258
2128.8256422411882,-2352.7195435050935,83.32101130879286,296.4597056347158
1968.9978846925007,-2749.548479563385,108.79642336453281,314.68452217344424
2797.647530496969,-2133.5724981226467,8.608216447752746,322.8227437384533
1172.0248721220053,-1047.5144813366912,174.9970931435431,297.5653618538206
2392.3089006817854,-1807.2573161235018,194.16161260422538,295.2151797756393
1655.964579529205,-2113.1588301789825,124.72469652236194,318.2090344314032
1350.8194999701623,-2993.2696923120193,193.674349744863,299.4606735420173
2349.5972999345577,-1999.7308254325462,97.37702426948444,311.9426256394176
1725.6439017258722,-2402.8533069345117,68.94311324529754,298.1693372547889
1659.7916649878716,-2567.064089583353,42.61202784541393,318.95113271805695
2887.3555304583756,-2317.302836267245,66.20136131650276,297.4700046240056
1398.5966813589723,-1414.3186094297948,60.300896795188635,297.67519583835
2024.34731567547,-1806.5957600092872,231.37770297674078,304.29874956217117
1048.0264013426986,-2371.680687735498,158.53421723764288,299.15956318993653
1326.7361822739124,-1326.9294281190041,231.48941077978162,335.89319469428136
2766.837467267124,-1897.6883510579557,-0.9240682516728409,322.18437365884535
2578.4950965053526,-1685.7981648420616,207.33400793757485,299.71753606743044
2113.6709801079805,-2220.515214044778,-5.103383838140774,324.31810186946825
1444.9067919827205,-1349.128911924228,59.984202893432396,339.9320465368605
2115.4951652426125,-1967.999574561563,111.97201376020035,336.20841447305406
1024.2930522272252,-2188.151356470453,230.07896798635377,326.1820052591682
2425.9872618758413,-2322.9038637936733,11.973542959214967,321.24815368959895
2433.501361127456,-1657.0822874786184,173.57335446569436,329.26452684828604
2292.0900471327095,-1171.2760387794738,138.07275663631674,337.7700908285388
2222.677368550402,-1075.561324569512,103.0351170530913,312.43633070085934
1147.4328652490751,-2406.243960558662,49.84399781175982,323.1843546033597
1492.811938101951,-1793.3603632213171,78.2534015878516,308.1404654012946
2148.756096195864,-2574.756012674934,92.64362230101084,320.7326597181463
1788.3735320577953,-1221.9724134435837,250.28113919813677,336.2490308211544
2984.04645716289,-1125.7460194851262,-0.9420926775864036,330.90755204807647
2847.4907147503627,-1778.6745153644933,246.6679177549289,316.59867456268387
1304.015805045074,-1322.282399969402,56.96989831552409,320.2536038433084
2179.921185299061,-2840.3061990868405,-5.087331763917518,306.32752243671484
2392.430212206913,-1637.1693376806218,136.22782818360233,297.65823672460346
1273.0868286017721,-1474.6315718534274,183.56613435210923,308.99593088943203
1625.1912942023425,-1193.4857986728823,167.71551647067812,307.68172262789517
2431.8356938509887,-1301.2940775340958,240.72042599829362,322.3422477330606
2802.2161868456733,-1750.0491003805826,149.41222931912486,304.6358478260833
1683.4853004122706,-2689.2764282994426,193.51461173777042,320.33194334908194
1477.887423382561,-1328.9591809148185,187.04746764174783,318.52583401580114
2643.584005460429,-2534.9124133479418,212.78392288560713,326.17625153202675
2169.965360451357,-1693.176118540696,137.62480643714355,321.1954214743295
1953.1768434115409,-2884.803037267813,-13.586976890878073,314.9949339968387
1512.3000428557848,-2423.5854119761225,184.70242535647265,339.83104327264675
1145.316697296642,-1983.4343615282555,85.34906535915457,313.55376254615317
1035.7828417939504,-1373.6576918598805,152.1646048820171,304.7085216962151
2159.9403611281896,-2960.2011418046895,242.05241164199265,307.9131258934891
1382.2205469201497,-2714.374202302063,24.680571879298235,339.7674492434094
2951.0659568536407,-1442.5063634193016,248.11035605050472,295.58842069217116
1214.9544567722946,-2771.687876264709,223.97140733292423,337.9563241035665
1904.1775766542169,-2686.7078115918766,-4.39576854070733,302.97539833398577
1789.3195941419199,-1431.9225828025021,63.066701072532666,327.0931680559463
1464.622950571062,-2563.679475316808,174.7142330752751,313.98364186283146
2497.51145000787,-1871.426801372366,70.91067186135149,336.7116820067656
2287.409524160621,-2332.953416665605,133.19204420027106,296.20350660221834
2451.5153701037398,-2839.2296077744186,101.03927058908278,327.5479305269889
1165.6171517929895,-1250.387403532799,241.87317434594746,334.180252704915
1705.4868313928102,-2385.2710640023092,124.4871528791426,329.3737073705296
2039.6661486684636,-2151.9241860914262,233.98431076684733,323.4012330165211
1853.442287460482,-1453.818180866436,182.08637055258967,320.5956399408759
1081.2351237454905,-1349.048423813388,171.6815667870942,336.4835635435899
1388.0549098015863,-2733.782621363106,134.36376136751605,299.34553642324045
2890.0492966092534,-2395.4867758634596,246.47719497541362,302.53475346267453
1325.1394495066365,-1385.2565604819588,192.14348045038946,324.5818592973087
2704.1046649255504,-1706.988751935668,-8.469127876521435,311.5988124469443
2644.27431812888,-2591.734367066479,218.87842236808257,297.62579100822444
1782.587514156216,-1238.032994479826,10.900137095295275,321.62187167006033
1933.567039688527,-1920.49991283334,157.5674582199859,324.6089217794637
2648.003615299838,-1703.1348031163172,118.86194571485797,302.1742976671804
2361.3726511404248,-1848.8936870753826,94.50930803332656,330.0981208275664
2673.887472858142,-2697.064033123315,33.81937126402957,326.8330904374705
2515.1931716642475,-2802.7507285965617,215.4016074840449,297.95188882163046
2382.5429588812094,-2122.841351468114,149.76243280909367,306.0103768054648
2825.9482120137563,-2463.1833185310707,175.22677492828527,337.09070944082805
2645.614266189177,-1188.26043914438,120.4899722476743,314.1871558117232
1358.1253751659865,-1337.3332468240035,19.306226839393005,319.7592112278562
2496.4485501624895,-1052.9951088180746,64.23767885542445,299.4405229537701
1173.3626462290856,-2517.5286157261917,188.29666593832013,312.6303508617447
1851.712480588043,-2235.6122736609036,209.4814259433168,307.5816177781893
1793.5037743068506,-1557.35032663295,204.47747001420163,338.98724439389974
1404.3361879509694,-2299.0856820090826,69.42344950532677,328.8320452574366
2875.8102172719787,-1798.0265039307137,253.44095713499854,329.64020820947576
1189.553356722334,-1166.0738443950884,192.76661527739262,327.24107003216443
1009.7988299771512,-1166.4987519623814,187.1488757027023,301.3820314474818
1645.8416073279568,-2476.0979285231256,215.88022762538523,322.2094484080704
2981.489436482444,-2862.0722765412092,150.5088248351456,311.8264445472415
1529.3902567768798,-1628.6392179082532,130.89107453194416,335.46324221185415
2661.3885310354617,-1590.7428739926495,253.94546016975977,329.03380150573076
1346.227274040931,-2607.490103796953,8.497758222692251,328.75925157266
2172.756709596755,-2159.7325214784037,23.555566425740686,315.5434960398302
2916.818670358784,-2096.84792372579,250.74068681805824,319.1607335817665
2433.0264691316142,-1714.9712156687979,108.84002745578121,302.2408738324583
2961.0159503569726,-1233.8528153097402,97.15064314156402,337.5312987040529
2149.1132981780793,-1240.2233076335792,222.94042504159356,325.59159191476436
2966.6694131068425,-2774.967747027313,218.30449620169546,322.53297691916055
2674.0940634400076,-1531.5847165514083,158.55436952356615,302.7067212197956
2556.4964522038563,-1977.2236193534702,78.43878611918784,332.1511509168905
2776.9797738230004,-1543.533661851187,224.24832539646675,325.6942038599685
2262.983034523233,-2791.6921264800167,13.29951313118325,298.2867434884735
1712.729092753143,-2516.653317927119,164.75279709899735,328.12576126686446
2056.564880113986,-2361.1207601586025,194.0157756675734,311.72837124711
1453.000791364727,-2412.604222047673,135.40691364536968,307.07784976274263
2555.0882477634104,-1673.2631219109019,144.22521649696742,318.6132181205823
1340.157003229733,-1774.5665965875028,253.49636391853727,296.0143652821012
2154.3958979731815,-2110.146466167066,148.73560662205617,331.08885259055415
2071.7978591582287,-2570.3840068317236,107.72845865225212,323.80607887920416
2343.805606955381,-1089.387260421133,217.8886697681803,312.95167706308126
2520.9731973305,-2279.6033672976455,38.71081456581336,332.05224632066177
1219.6557721278177,-1286.3983477215802,34.02314428423457,297.89955661994327
2249.8819233359673,-2690.6400225573816,208.7810761236041,326.9194337639683
1827.9117649303855,-1851.538722228614,204.76351922745454,332.0630968290596
2228.4028713359075,-2547.6274489607986,27.32366513826311,312.6122401765105
2387.9690862929906,-1446.5974393567258,87.95408187934095,312.79879916608917
2170.9591715212437,-1617.0448560058417,124.79764627644659,316.70402217826506
2465.7721537174302,-2964.6436904421485,142.48378457140532,307.1549375261602
2040.050514409296,-1045.8236194131152,9.091797485963706,329.3507275965813
1925.7356182585436,-1880.2067030572307,37.96435679251231,317.25477339744447
1573.5377308970703,-1112.7394901210002,165.4480688260737,326.6548459409769
1458.3033399934131,-1196.059496644727,18.21289781800734,334.6798348354064
2390.604212183637,-1506.2618231601546,67.13726199353063,311.49854054578594
2391.4227056249156,-1454.5272925717218,40.92283525327801,329.46751263744613
1390.9650259531927,-1412.0423472342652,-3.504146966630543,312.776122919164
2943.674833222224,-2690.8482192148904,122.48094796862947,319.15483580248923
2342.3015605787923,-2341.5992861569794,197.73854504158888,335.1020106316212
2062.4322464196525,-1522.9229935875496,126.92176560656841,323.31922160550016
2682.3507030899355,-1794.2654542520495,5.530743889372456,322.3513154762751
1973.0408666063097,-2954.508932445915,234.05273499873476,301.9286038729047
1951.8897402006537,-1062.1525746523225,221.432875117364,334.93694298537395
1516.5488001550739,-1000.1660889048078,24.174175037616237,335.0654502374916
1312.2709627813847,-2753.1156048057073,46.64033007722979,325.1250706220749
2423.241157761835,-2079.5836080477216,109.9455530228704,339.50129377300937
2688.221936478085,-2727.2545881328692,138.8644411776576,327.97780321424904
2355.597556191918,-2172.1042702635577,38.681644693662854,315.64416795859927
1737.6430333919004,-1558.2696810551465,2.726606576203455,325.25762305367
2151.4441824381042,-2668.5599930881303,215.10029491212978,299.16188889975524
2126.82494734798,-1150.27129559545,183.0192839280055,316.93626344622623
2873.132166948588,-2740.18203847633,219.02182140086433,335.4045729414107
1775.3484239113786,-1483.8127489795284,62.57335934135516,301.1515151241497
1329.565304132007,-1309.2106668246004,-13.284856532645742,317.5703806624968
2753.8657866580215,-1991.3428881091204,120.85038475889635,313.99503416917156
2789.456993773737,-1351.2109955596063,101.47000252889413,304.1530301975068
1096.5311900037907,-1206.7189680454119,107.71892655160129,335.81497696622085
1396.4480616789647,-2333.562544020494,203.64696877820055,331.44072890882694
2272.5673071989195,-1599.530259596373,179.25108451697582,296.12648294645095
2577.690311269676,-1835.0615007837002,172.89294682650814,316.7470041890447
2213.385013481101,-2516.023600292993,102.43451154608769,301.5183678178105
1383.1783922531165,-2607.2894519258234,102.33605883346954,316.88993249320475
1235.2831505243983,-1072.1408386902283,81.62335227420724,315.5846549608134
2011.9452681303671,-2861.1511522438627,201.82220989985603,336.2729743523208
2631.020813318023,-2156.28293732764,127.8547499248952,331.01705895534553
1434.1343621442525,-1398.4417189295857,241.4969639864986,322.1014480105691
1150.2653897455673,-1333.6299890281236,56.41053746154337,318.0498437856731
2102.0899915866094,-1891.4633111319733,74.13737515403795,297.24773887014436
1383.6342962705094,-1211.3236902893334,198.21432018433848,312.164036648052
1134.847440968539,-1945.5136711782884,-9.327255340486275,304.0721009534606
2546.529196082536,-2402.444640954276,81.81852806286788,315.29130208575975
2642.453212155845,-1173.0472984686573,257.4505283524848,296.8111344840577
1796.6711021964707,-1924.6100141276997,94.21335165409917,321.3190587189932
1588.1527203365688,-2422.101066678708,-1.6996424117549793,319.20347780448054
1554.2417788739156,-1783.958929894833,108.16843577370207,322.6008722107413
1721.9428516567018,-2776.4984208256956,44.46411552098196,309.8150138562247
2153.815286232524,-2228.552060675907,42.26107476488503,325.8666433391613
2055.640156224955,-2655.4611906246346,194.64089849295428,335.0531823588932
1710.6983623453925,-1978.7597182897375,51.55854608430005,335.435261195328
2274.841958476363,-2260.778787183653,34.84463781533263,308.9964651251028
2351.53488389492,-2361.6958916925987,108.2722746325244,335.1996912681474
2116.5578959500685,-2947.668968607516,224.05357946534033,295.9850299835995
1774.5898301037478,-2587.7354554096187,228.78477217946758,316.5704647926363
2247.805563878269,-2455.3678248407205,208.56433053305722,322.9907049059056
2183.805566428221,-1988.5565214320459,32.08898130143788,315.4019679060623
1680.6477147613327,-1543.1420338904306,182.54697317457422,328.23108876622257
1606.4020253284905,-1111.6415844575743,116.80869751732826,329.9322364259409
2091.497758038573,-1961.765231093879,218.99522340921212,322.5153121577324
2224.6834780037016,-2295.431530135578,250.71713841861867,330.26675738982345
2221.596877843617,-2336.5785797882886,188.13831174821107,325.65398693102264
1765.6760177957099,-2992.120259890807,50.26328868516565,329.6272845504948
2131.5478144325107,-1663.9945136964072,-3.7540352884823935,313.44374223696656
2971.5392703928383,-2028.6755068086431,139.6168986231794,318.3953367747423
1856.0490380879032,-2894.073136066633,113.09460920459381,323.25670381942166
2686.029429179981,-1912.7106844722748,250.11483896330571,297.99593197771355
1162.6473826139138,-1019.1202920977926,173.63576163192607,330.2129154028528
2750.4565074039438,-2742.28557476775,59.182153592654785,298.8825199146344
2883.412311059773,-1980.9099790324678,0.9443617439527152,327.50102906414605
1523.7280317078744,-1734.661251503016,-5.425723477982281,324.3544556642998
1024.2028313443855,-2663.0667815408397,256.817342170191,339.4359161593464
1966.0168268675986,-2959.736747918276,150.6569997594313,312.9173338667307
1365.4245153245558,-2538.306040469117,35.17407511019466,323.4998577317302
2943.262508570536,-2343.04305646803,125.00955476146225,326.77007648185156
2795.3968702350967,-2823.6840892990613,29.083823965551503,332.56284019166924
2921.3297718605436,-2306.3855306015953,174.54579532916222,339.6199395113247
2207.7393154815054,-2434.952870727193,30.714244623801903,338.1633527956448
2030.3207338052841,-2965.5236252628015,142.2647783504522,329.6102666288454
2665.4356987604615,-2753.3748170481713,155.27546841743847,300.32648454966807
2304.697931378042,-2082.0958875785545,245.94382471285138,333.7762189333864
1497.1153527344902,-1221.6635432455787,105.71249926988041,334.28025943884074
2868.5720765157243,-2385.7963030691567,243.42829684007717,338.1319707915067
1879.3988999310627,-1111.8081547828615,-14.73087476617774,330.2483757944784
2547.112456618598,-1349.329142576599,220.43862824559938,335.0119411452233
2001.8759139769736,-1434.3740827748577,178.57076028039793,315.9350711016271
1366.712486210255,-1510.2370584665264,80.15117706599435,332.04492619779694
1591.8536940188264,-1232.1488167576151,198.65069961986728,321.2492218461001
2148.821537605634,-2993.582963180625,255.10181396352215,310.6991685800092
1286.004168528561,-2229.781137918907,111.37399051756424,311.7509003303898
1027.475717232957,-1294.2599302888732,61.85777882007535,334.98059833579293
1867.782448699863,-1028.0126252085322,190.90393624719292,311.4080376659442
2524.3943437184394,-1438.8358845641947,-5.306178611846416,316.5782345817884
2228.3145474857756,-2098.9886962102837,215.0664671451155,326.1347623068044
1648.292751614752,-2551.5660808961147,174.3031403890997,337.0350192149708
2434.4818785909865,-2555.0073986674693,203.19381227120581,305.6018125776121
1969.0292662197467,-2952.215781246925,107.03790683103104,317.7925933088491
2999.0027045140537,-1986.9545831467472,81.29143239688237,305.87951867236734
2552.063304889561,-2741.2451461730343,83.00826785371751,334.95206102961225
2661.262882543518,-1475.324637542769,195.21165236443045,302.3733344320285
1519.0978122775564,-1185.5936363858887,249.42296637381492,299.33140220664825
1304.589925697628,-1013.1925876363625,135.46666086750855,300.71302472617356
1398.607818214,-1705.641843047976,34.05716033108143,332.9621990710019
1864.529928692532,-2718.304769745973,154.7726335167124,298.2789933161571
2024.2982392418007,-1463.1286333770342,21.98065858819045,298.9912850601473
1389.218695464469,-1372.063837316071,149.9400952865625,326.81462504255035
2559.8895419771634,-2427.4677824525725,3.2880017909056924,304.91815270895944
2736.8623088344593,-2341.1352088096505,144.93850961290886,308.12566226194696
1632.0099715204817,-1561.6957481097231,212.75524338040756,316.28298223466334
2016.12839351258,-1475.8253608667364,108.63429882444818,334.6013240543623
2188.7492050255178,-2630.5518903317534,150.2986263900261,310.48075948851823
2444.7563478622474,-2785.652593650077,123.37763789043134,299.2120391297523
1294.9449089307127,-1617.261384776597,137.35350155777863,315.21727957350026
1561.7421228063129,-2410.0329140074255,206.77474228355356,311.56705651038095
2461.4119917168055,-1380.1629723588812,95.17352999765751,333.4993527383196
2136.3846285852533,-2914.028236228282,57.06668097789478,318.73175250116543
2799.8915868778968,-2448.2264365007513,51.45596195071009,302.6877356473626
1895.7167239774867,-1553.2281836260224,159.17204583323107,306.9299156255394
1813.225690067696,-2909.747154809365,211.88741801374087,312.2195052493914
1613.0144350614044,-2674.723392871091,133.7847415410787,298.61752548452307
1462.7451453094911,-2142.3484260164296,168.68542638136967,297.6315223641575
2301.532669526797,-2677.824240943724,58.20059463898629,310.4999397517836
1529.372003645391,-2050.0292183690026,174.3623777359723,313.36609607082
2724.551041286095,-1903.929052707236,33.58479771838877,325.21203207824004
1541.2967913042166,-2918.500281537431,19.692725559989057,317.83496483363666
2346.7192624502954,-2585.9602514886296,-13.433064475723675,296.8899532782575
2136.368283803464,-2240.763501670571,-5.362655738536295,321.72669749817896
2256.917595757817,-2711.970764146736,109.63225950286979,319.78697211443443
2790.833551263676,-2819.0936305765363,183.4711425962453,317.88812482119476
1339.9769029388256,-1864.2806996937009,88.89119620310028,321.1171529588641
1299.631091750924,-1698.4905727094608,112.72526469527837,326.4407474504783
1243.8044426706126,-2834.1222993592332,149.31327558229884,297.8218433331895
1152.878041836434,-1548.4244505250342,-9.159238441037784,315.3796862241198
2068.462047207481,-2838.2583741516546,46.11132980410884,331.20136931758117
1331.4623039045443,-2829.7285376746627,-11.413412277217278,329.77325899370777
2614.3358601869795,-1709.7459827696164,193.36147619779436,325.6173979131347
1045.2210610937602,-1011.4728090189362,-9.585836499096146,296.21883285408404
1749.2139434697153,-1640.4161459748505,216.62825360727442,304.25523457167554
1946.4079427771376,-2778.8177863685655,163.40926400791218,334.3674199860518
1433.056601353649,-2085.9515608078696,166.1784381880572,326.6435861817765
1711.812439034581,-2497.4902333121104,207.0449926323035,295.7951710447734
1445.5828710569044,-2441.5799757113487,130.05756750234693,323.3343162316647
1563.6562126694516,-1610.4914314325522,259.30474001961215,319.057097637519
2853.742121457183,-2021.1682379990666,223.76499977051282,314.90605262818934
1834.3507326196523,-1615.8585905985071,45.797567103931605,337.80898001640236
1771.72988252144,-1910.2938682011097,-13.278351715753265,329.7428015495521
2222.3489048683487,-2590.4525659374867,133.66448700744277,296.54176098403144
2328.2837134970114,-1678.1987689752261,245.61117053726315,316.00591593756855
2320.5530898553698,-1262.8483618457121,229.16516935363904,308.16653445306537
1169.5179344480277,-2793.094892769486,73.27148140006184,315.53299235036656
2163.805158069378,-1456.6075077645787,29.689921000501357,317.0468324438327
2471.8471997959514,-1408.3705806932244,39.03549216949473,303.5626155450274
2591.136732286899,-1631.9758804404662,105.2628392565877,297.70137442634973
2177.068503878705,-1720.5631127355493,226.9929745493448,321.5984720762136
1261.146116469116,-1972.062047883165,114.61314817540537,319.3450351540687
1167.480647793558,-1777.119195658314,240.44084250321,324.7714424066778
1646.107386211636,-2309.70789298863,127.43318861993913,310.57780779948797
2855.1176189319253,-1034.1810624667019,-4.893486222433808,303.0523625687496
1945.2350576669648,-1491.2783872726104,147.8959790268868,310.41951016274334
2790.947814295296,-1974.8305131306622,225.49852519490491,337.85898110970743
1919.3499065540498,-1435.7739242063344,208.72440624027277,306.95137216301333
2510.236213120254,-2888.3055419345405,229.22368329391747,308.2651377917995
1970.2543513792807,-1026.8661486333397,229.86794071878845,298.9323035401242
2417.4045228647674,-2714.7273262650297,104.57203089166796,331.41244424795605
1634.3585533343592,-1681.4537827375127,5.335523534281641,300.0422860593435
2779.7305272734075,-2721.810931144233,49.02642293092353,318.4701398523643
1531.4161374731661,-2343.737691575666,248.18078596748092,332.3131314862354
1012.3536575685563,-1880.1806875308962,78.28015445088701,306.4188315771238
2442.331572233684,-2694.9865547748977,191.6922117773802,325.5120651184891
2353.2089264891592,-1874.7876160958658,239.83348560105415,301.00383761211174
2313.802899851354,-2381.0466935803192,29.103987333019745,333.0190367798488
2374.830004626653,-1057.760318613506,9.036168290963701,305.21809990415977
2172.5284220369663,-2849.1224018326748,125.70333018428695,321.6453046357208
1230.5579061570288,-1244.5903701911443,176.47402575864322,308.6171130226792
2338.4074447601024,-2269.577670059525,7.580378478865015,331.9329989882468
1013.1970475614096,-2918.134816550255,143.322220652506,296.2357721608733
1365.6857579094012,-1313.2561454378883,216.47896303322068,317.9460432037434
1841.7568103906965,-2796.2303137731287,137.89941779844895,324.5549675901386
1756.7387608173094,-2954.5115061757037,114.76064528657886,330.01776923523056
1237.9303248290353,-1834.6178487984967,30.398229173602594,302.8039241378486
1853.9152080797749,-1531.4950012556117,10.529731264230179,303.36747994180206
2247.2344872466847,-1321.9487079876526,190.78172320452782,315.5017188383046
1754.926863064868,-2404.8679686707937,71.31522979003041,329.4223155262115
2416.9989665734183,-2139.2867988910352,164.9461515392826,312.52976419535185
1461.844190756554,-1770.3522521806779,77.02555148934859,299.72609715246966
1287.650544541847,-2270.0625355233756,118.31678388668729,310.115422583088
2497.799688976973,-1120.7639567465928,29.142340472693917,308.28235786452655
2337.4562595241096,-1848.335651032146,44.53176254062207,307.0932939924698
1858.741386589525,-2379.8403602136223,29.85099995981585,326.1408879603616
1273.5345696354261,-1658.678877594332,101.45410780156735,319.8259781602222
2327.367478657954,-1557.6554798474772,88.28615332543181,330.2885175129246
2499.9114998524283,-1044.8947783778472,3.6580097549499158,309.48185748604317
1327.885306415652,-2233.438492174559,178.57893533963068,317.77161177143154
2378.6034738603685,-1287.9234909086763,-0.3975952058643575,326.58487296684996
1711.2741727635719,-1817.4770394117186,87.30285590559606,297.2892564589708
2830.2372297793663,-1992.6597001202051,45.25080440603429,324.61320796718303
2503.079375216783,-1826.47074789989,208.2390845110882,328.4561725347442
1547.4623404667927,-1138.6896863216057,2.634963899395668,308.55143532236707
2876.0526392756083,-1485.711694952231,87.41911751489612,297.07216934976327
1050.465512209269,-1153.7172756562256,123.4226628269983,297.00483645426203
1369.6480289567965,-1674.3883841125328,134.88918232105777,338.6007149374518
1483.80594229427,-1169.0115616072478,65.90914160269628,309.64631075429804
2464.1601667397686,-2786.8441718512217,24.067587811338505,317.1562665645804
2052.3360610032432,-2833.9149668561304,189.85122392999702,296.178803229974
1928.7508157881325,-2065.750441663693,107.64212254461768,299.87350985546965
1445.066677544367,-2515.5406439385215,198.25033293283357,315.01373024627173
2512.934220719222,-2325.7527933954734,73.23817434613731,317.5999785009161
1234.2128161031858,-2198.39194557963,118.24461757125167,307.2185288231131
1494.6824408097118,-2588.319993278355,36.17472599281416,312.9434617183345
2612.720639149952,-1288.9608918116937,135.52985022726614,296.6234432429616
1902.0949289321838,-1937.552531160234,112.20975107195689,327.1035365770639
2753.635473199218,-2203.9225900040997,72.34689477872948,314.3928008158231
2203.328208464512,-2012.215938650693,187.64395801869114,312.38602548584214
2579.0892939167643,-2986.352833684375,217.78852102643162,305.10953376895765
1374.806545858242,-2579.712931251069,166.85713687518418,333.3171623978139
1632.4437353529336,-1115.2707881563601,93.375871424012,297.83883567269777
1753.4121036013653,-2538.3613870887934,136.04486961647464,309.16611246709203
1988.3984117640694,-2938.051190364452,242.78901512495457,336.71217571945255
1944.934048955061,-1666.2943500889069,69.51987413930833,323.7548607460203
2644.9323151649437,-1352.9906963785927,97.66226666050645,299.8602062543749
1346.3810638240852,-2147.384529232884,165.68142127926143,303.71187546730704
2702.9718292593043,-1602.1483420431186,144.27313246388474,334.4340009686728
2778.0925882868196,-1527.994558302046,250.8421984366251,304.707142894207
1151.0380711221953,-2448.786277790223,41.09130844744158,331.15944896762903
1018.7807392423647,-1583.7343019949708,20.669905894704847,300.70409096113025
1585.5059456390704,-2902.1761689781215,44.204376547441335,305.70809536736215
1801.4895355231288,-1350.1182310704946,151.35279955551835,326.8862970063698
2940.898813497014,-1672.5991509363712,3.2872507122193717,322.5612093412771
1142.8171941069656,-2610.4962108577506,159.82876339023431,318.4659259728551
2562.6105304566026,-2335.3288908687164,95.05886630309399,330.22992258209945
1950.8499071754575,-2940.1212837381804,116.8088144832596,299.75445553669357
1259.7470495462692,-2973.952433655973,146.2266826910479,301.6876977255849
1732.160617341317,-2146.0194196651914,220.35804331048158,322.7024847605852
1761.8028141618215,-1214.787247641266,70.83498585150868,331.2115995996633
1487.1450006042917,-2160.391068447167,168.02844033550082,299.93808344709686
1588.7275150477594,-2009.050601966314,197.72245497512162,303.1986041380599
1839.83766240515,-1710.1483159033191,-10.239100584088714,321.0844031409269
2924.522789829509,-1831.766846807542,87.14657097961677,337.7037525722506
1917.721137963166,-2804.474772780047,234.971844840782,327.6846275251786
2900.2700242246347,-1818.583300269374,25.50385162656145,338.67559841531374
1061.064143167111,-2417.9021652895212,107.19190277703454,330.7120094764306
1132.220517146439,-2932.5034825875814,96.81709625204341,322.4392171178575
1055.6318123945384,-2942.2890180244112,87.65532038932845,303.6387897720162
2331.8892765247083,-2245.1039718235106,93.72902445692708,324.2738621995565
1440.4653822275905,-1328.8332871166751,110.10651143835914,323.5773824423807
2152.840362586097,-2946.78247656955,189.66134597713747,297.75427204266583
2590.732271210849,-1042.478763411421,104.0004107918952,309.21536613271513
1663.6278373170076,-2372.4721061207783,239.7845140460332,295.1137464492723
1491.3549854181736,-2544.0858345008946,199.40237041062522,298.08714356801863
2450.81717428115,-1962.8867849550782,211.1103092961828,332.50187350762894
1951.7955865991407,-2847.2965277962267,51.22371120549346,307.5828369393828
1298.4202920986013,-2726.0958290807766,121.24286188331067,329.4555849581024
1174.8902349393773,-1543.9893698012697,85.86636497435347,316.7202866755512
2474.3350022788413,-1805.9382391890088,19.160380040676877,322.4828799032019
2720.8246697578497,-2201.0128563048947,163.93955579463054,318.1339443701615
2780.7241565670256,-1820.115694272585,211.56492741634617,338.6560131262779
2020.1780149694073,-2378.8726204233817,152.8834220077023,307.57239067613034
1306.9091327292942,-1791.7552240315224,253.01455831895078,317.1573514913221
1451.314824556956,-1845.480185202361,42.54091707915026,311.90325300973427
1907.04777804187,-1679.646255242882,155.89315332898073,333.1300537045982
2703.7147472112274,-2896.112323770289,165.1816803445233,325.0451853073105
2300.3948376705375,-1598.2323389886117,238.73332547763516,311.95088542798953
1548.4139139066483,-1978.5428863207703,38.72207389179604,301.2404521850842
2511.8772831143588,-1146.4360529119692,177.56841793460853,303.80008453873734
1870.8803506412205,-1313.8091597872476,199.85157316925626,337.561419267855
2965.527890388331,-2017.7256176740725,258.43582095674327,310.65884764184915
1857.4542749696107,-1731.377702536282,-8.539431344532513,302.30832750819627
2674.392697807092,-2065.410904956574,58.924532385735986,337.0639454811954
1029.0832627220389,-1787.1468918777698,239.22184505018924,302.0818202627603
2436.4425301863366,-2393.0862291507497,120.48541611071656,317.0338728957891
1796.9568855698242,-1996.3672925391259,152.77865470052626,296.8045964776773
1998.0186159796694,-2940.1348116352833,228.5885729035203,296.84791340084786
1397.6516007311577,-1883.5342543370216,17.7126604706416,314.43016944850547
2859.023027453978,-2055.3017966885627,254.81159894065502,334.40770139126687
1399.290026762375,-2527.9403246784404,121.54814888388498,330.3418229686962
2123.173408150287,-1342.7391690128627,95.72535423095772,333.08080799160626
2194.691247153606,-1356.716387496267,191.58437804884338,314.4856554418566
2716.8868545990235,-2030.9048782763484,135.34028816577438,303.4151705032795
1933.3330793712198,-1045.0583070419539,107.52142916576004,334.67877208501767
2659.782562321898,-2074.562798841198,-5.896116402287372,327.31353475565993
2047.7931284538092,-2027.1807861173875,117.98396864972185,318.0302795264546
2912.6693188452377,-1602.2701999070998,172.58381347210684,300.20026412506127
2433.2156674645375,-1680.1161745845227,107.83974834957347,323.3566728589629
2824.2105219680307,-2382.0105710445414,25.57042047278199,296.3871605359341
2884.721064617309,-1119.8541593991333,124.28105020093679,298.56542224019887
2604.4923126361173,-1190.4653822753394,16.915667706389986,324.33258853225044
1244.7350931910134,-2872.6587343335323,221.277718657298,328.31561289203853
1248.8571964686987,-2692.777441801822,10.898759971715489,322.90415979984937
2232.483500594102,-1620.097305825495,38.2345953865717,320.2288012949626
1542.4133655239318,-2011.3742832920595,6.212964378056753,339.8623449380581
1770.3046484525448,-2724.2711659923143,191.1121381639591,322.163993188422
1347.6563532472546,-2218.369981515332,212.67153790251538,334.21933394727034
2524.3433261207756,-2198.2006982296534,76.37608124221902,327.89798356535385
2708.995407291094,-1843.6986634436364,182.7708307505844,337.434164334671
1265.6092541285764,-1447.6848104460805,255.0933655742666,325.83464976495316
2033.6698735280693,-2282.9437360164925,240.21932806187706,317.1882011148586
1790.025859995174,-1665.406595840667,250.57597979452373,308.01528703548274
2580.0306359615997,-1671.732921917899,47.299049166350926,336.59542388821745
1929.9846003509545,-1928.6501672224215,138.8930401258171,297.46049705755286
2461.6180982963456,-1812.495791863142,154.04172802370118,333.0897122794465
2132.207753158814,-2679.5537901939033,54.07242210527207,334.7255822165464
2956.4962280390955,-2048.6426161466106,7.227543478368762,310.5207654412355
1839.2661518958942,-2135.9060310802847,105.31366831219647,301.47759936663675
2975.3417393201453,-1869.361840202832,235.24655132572863,336.1336335833355
1830.8771665862696,-1940.7589700958338,3.5112736467192924,337.22992353834763
1365.3373027816176,-2994.4264827699703,130.87394946952836,308.60378226310297
2564.16212087482,-1973.8144812019084,191.72664321590892,300.02909112477886
1543.4380047063178,-2028.2206573604599,190.0772295094342,316.07770446873656
2131.5094616701117,-2489.835769403487,231.0544655567271,296.4481819228166
2292.0301597826533,-2134.9963862881477,55.39569773154787,327.1925300502445
1399.3545163060198,-2818.0168349358187,85.61233747117375,299.657520356394
1068.813871356049,-1254.3244884829337,44.731013966346524,323.25828709072545
2974.066687119915,-1245.1117449631502,237.65753625341983,316.7135330860369
2634.780286155813,-1160.2379370740514,132.5931128804795,335.27495307778986
1247.4105099189542,-1426.286441655656,172.1761215760863,329.4686836570142
2695.938860246317,-1262.899000765819,83.23924108173162,328.77280431397764
1516.2604035032177,-1736.3512467954843,250.16524517378127,319.52716869895175
1494.5694807766522,-1518.5410430892082,2.898242795633717,319.0467587208845
2545.232700766325,-2077.291252510674,-1.706504105655588,331.2285359724642
2514.7240247142445,-1722.5580467278048,130.2551194435521,328.2274950190114
2691.9146878640813,-2872.395212766401,185.95218650205078,311.07068591662903
1273.3040157733176,-1857.7057138099453,68.44545563022504,310.3657146895796
2495.1723504501715,-2325.557026342098,100.18477463804973,308.49752267757555
1939.6477485464125,-2847.0732116355593,224.83253410549815,318.84959620594515
1651.766816254771,-2116.0083175658074,103.59107762968985,305.6709739914919
2468.605755097815,-1417.7003065096558,86.27361204191808,325.5875292011918
2690.286161916403,-1319.8839245579609,193.56708103223085,311.11347397240024
1644.9215151263452,-2756.159890535747,224.19550473474757,332.9944545162552
1309.623113320924,-2864.9701662011157,79.63867271443793,310.99959586308995
2983.3694366677764,-2224.256725262225,209.85673190081192,296.2777762016682
2838.3799784757966,-2225.66447789394,125.05310644035868,297.4314051212809
1579.6822996320748,-1293.2925202387303,176.2268267828825,307.48930174374595
2628.8286159993304,-1825.1306938090074,235.61663424738518,315.88303288156527
1179.386444432773,-1420.921188167704,99.3337742990025,319.9386380369325
2825.0918149073095,-2677.723283509058,2.116044738033171,302.21322383058845
2549.3044705300076,-2895.8001163948747,206.02007942067775,315.2930028908608
1393.726229521053,-1094.9329330225862,5.376652212209969,309.0066780916976
1591.3744939953986,-2957.4613291081905,112.22278812109364,315.3099693145447
2191.1097096819985,-1612.8315593192822,231.42863856325206,319.480327289555
1711.5153284627859,-2177.293504151292,42.88240514750884,336.68782294722587
2472.467631894909,-2153.8639771418793,85.87489043546113,335.09760228368145
2184.7257386879874,-1085.741725008655,160.4662566424947,309.6230765463775
1414.0573051359793,-1650.7445507912264,157.63329233006132,307.7293860132439
2220.219019767951,-1379.466419871857,255.04447759529268,301.53710497063156
1028.1181702978238,-2390.417118038836,106.746386600307,329.90390522571045
1223.4956306060885,-2969.8814195994537,29.286116494529182,336.8597439884974
1322.4156342133033,-2363.8918283426156,163.55713124079094,327.3289791169976
1707.3554240388278,-1370.2487835916736,81.56118698798097,299.13460327875737
1023.8194766820357,-2501.8606033933756,210.0288651367434,318.9594233613091
2859.8150473273568,-2566.743656430268,15.116136149857908,332.8954620369717
1479.0179109445228,-2297.7239249728113,256.9878034698303,332.09722493906287
1541.2771008901136,-2160.14894241333,55.45793982865516,305.3424772739548
1751.284651410508,-1401.440704878784,2.053310304579508,332.88130906817617
2881.477431456884,-2695.9821478046533,214.56952552885278,307.81613553935034
1703.638658296076,-2099.4610754350806,190.9503243757863,335.0133597250133
1862.2657124091947,-1712.5025306554837,39.15440170773604,336.2990389848934
1597.0145450048967,-2498.1002808849844,-12.544552013781349,327.8761692022618
2952.4900701035876,-2167.15447477794,259.8087012901941,328.70040999175785
1729.7144497345007,-2732.7888835558465,58.197265194823316,323.29678355956923
1167.0748419792635,-2500.845259692409,251.2745813700925,312.8014308844442
2315.9647884781534,-1863.041795990836,121.96792689518861,320.27373204041317
2433.2098414309526,-2251.8657793430484,211.83489936518862,316.256946016381
1744.4820483900378,-2120.4402086415785,227.50564405027006,329.8396727189919
1422.7703108997748,-1224.782576278821,25.300785658399647,325.79644825925936
1818.5029023671561,-2809.547956637209,156.9154710150738,326.4347567454038
1878.1364210247275,-1746.859469462548,122.74827972857653,301.8695939293212
2990.5996067757223,-1958.3041042750103,29.82521831271187,320.920127755668
2716.8706511083747,-2680.762946879436,217.2260508763724,337.1891374244209
2241.8177968399027,-2232.4136335897747,169.22023200523188,323.91911348230167
1387.8358957365094,-2674.7435664818886,115.28952489692045,312.18021388036993
2375.829042778068,-2517.1265197169696,78.10648245920422,314.49970951673225
2517.998004564127,-1818.8971614952536,244.2255792655879,329.1157505281087
1150.7774773886954,-1456.5338795032499,152.83633769206037,307.409149568968
1758.9730334043143,-1560.3049359199556,57.365673901021026,297.2726473910125
1653.6955950916176,-2196.9246967910294,75.10489812849671,299.8788200821959
2140.8626452229337,-1397.5949972342041,132.02582446857997,324.0291639185727
2306.106436736576,-1607.6846415108498,28.682627201256395,339.44172282087015
1362.7755767767226,-2681.5668142388977,117.04511593549503,321.41487876817627
1939.3188722274285,-1945.1185381050218,4.844273863674218,301.66205701954976
2984.335773071789,-2047.6623447587463,-2.0130173686263255,296.1714879406338
1031.7052784547482,-1838.9072774580552,49.29369678178362,295.32345452053045
1741.9872236580738,-2545.2940888525786,89.27798545108297,324.61854938106165
1668.6249277126099,-2324.152975986763,7.669217770144666,310.4431931848518
1811.1660400450987,-2347.087095630549,18.82719712607534,297.13335236121765
2738.387431049363,-1049.1106139556964,11.46113920626351,305.09280040872085
1876.6100765989477,-2995.541984994239,156.74578696256637,322.1726966599957
2766.1560029919956,-1724.3774505455922,191.13934490899155,295.56717816938925
2151.0796860604773,-1817.063763942545,248.85339355873327,296.55209065960196
1849.2353898692668,-2352.7846392534907,61.03739321998897,297.60104790302637
1504.6061753154916,-2020.934266643283,257.81165826023783,311.0792859788221
2647.227710643261,-1227.1862057970193,26.797191713406363,317.25234980517365
2288.40103600655,-2420.8710032173058,170.80514536972805,315.97405068381795
1424.4521397643186,-2039.907701369636,44.31177962891645,305.18901569959934
1260.140986910167,-2728.560028381069,187.73048734591015,332.47042328966563
1250.862657306306,-1526.886647902349,103.01852959777179,325.1420475511675
2818.1439256986105,-2844.031750651268,85.83894868710901,317.8886651388041
1806.7830751921165,-2686.35639270389,242.5484382042269,306.7317230815011
2640.6155887219115,-2285.450538238608,70.16096737105596,328.31561585885265
2790.7241855195534,-2022.0038104111516,210.28638051472055,305.11280286498516
1452.6660955885684,-1788.6873057251905,258.9570756293846,322.5060774665719
1065.144699629222,-2992.074465603736,-9.454515698909908,306.71288403906306
1360.6721730913655,-1338.300676741902,242.948857995865,332.476136643905
2545.9574113222125,-1563.4430195336224,17.04078781866658,320.6888412046058
1030.826352242324,-2277.8869629401197,207.89926842279405,311.1288974541222
2128.26412003572,-2049.0290586866913,22.454416743493113,329.9477745905667
1382.5335311760937,-2387.8307022618164,110.5473424513109,324.7835276147797
2533.321364760469,-1041.2672085926035,164.49130789750515,323.7182455735924
1958.7513928589096,-2139.3707030817477,238.86858679736866,311.308390212501
2098.1598781535345,-2889.916979272324,120.61509586957621,337.1767484089977
1586.816513800567,-1488.6861370259876,73.08768228411357,327.769424458631
1913.1570073962744,-2385.993960112628,174.9068343186351,315.3472046374548
1091.4252058915965,-2202.58363249569,130.19004862370042,335.9352142781413
2619.0392941398404,-1151.779343201937,107.27365409842594,310.739519782989
2814.997846752268,-2887.134392343238,229.01730283393124,311.68648727055876
2505.2950394367326,-2045.5004715082805,88.74038759199297,309.27670653448143
1991.244544895703,-1239.154518959675,3.7366614602700885,335.46045886944864
2687.5686988880534,-1911.8434351340409,237.8446656980323,307.8125773082694
1007.6417515983138,-2291.8676253912313,121.68234672007557,314.4103440526427
2331.9148139764216,-1783.2210959571094,10.787732178131233,311.38508515639376
2534.7718346311003,-1370.970186792358,1.3284934609261114,331.02135001845886
1653.31247438454,-2516.9179094901037,116.44405606776695,330.2445840453902
2713.143381887956,-1018.3826426083963,21.03628722051937,309.5118560729968
1000.380003214687,-1388.7684315767654,58.67027776931356,298.2182266806135
2264.240422877275,-2928.854813294681,170.82503486895234,320.45498365829326
1602.047961961231,-2121.228399804999,69.71818153081423,298.19255816177247
2257.255847520305,-2026.2638005853064,147.09600890250184,316.6115190945167
1502.7173191005868,-2368.0212423694015,176.78032988337762,304.29531657186226
1419.5597401738976,-1027.1292369239216,89.9709591216498,317.97335375524744
2252.32077361107,-1679.8245624255635,94.99591416192487,324.80238113283764
1993.8696412323598,-1239.093346676758,0.3368259377406808,303.1710455625608
1374.5613766180638,-2751.5660640546535,68.43123468432795,310.96817486489533
2772.3498598246024,-1917.3494047043516,232.9767479943812,339.09176366921565
2764.7733239747195,-2042.227061634298,256.117738577308,308.9881635888618
2099.1368100589684,-1547.8199872061964,163.28959274187085,338.0273007988963
2412.192055074118,-2207.0062623967287,206.77813203828848,339.528476051756
1902.7734701070722,-1209.1210263793294,85.13545915516889,323.79204354398456
2602.886728741736,-1257.0565372459178,29.76005131205096,306.47919461115305
2667.7124925620487,-2725.326120617367,100.12693991742836,334.7987638771954
2528.319398567735,-2317.4926750251225,-2.0530301283200885,309.26328443663624
1486.2976785629035,-2462.254323259962,115.93521643888053,337.67483953655835
1048.9769203959663,-2278.50986141447,113.74459145387911,305.44572880888467
2316.5061565826218,-1470.508956147928,14.1325457394083,328.2753134724381
1822.515388966856,-2630.4818774885034,100.7458203369193,315.2586751346863
2788.5216902278094,-2881.923562061812,13.063812491917737,305.8504590804557
2719.6950550934175,-1906.3127612528906,167.75215833600538,331.35261348921824
2067.504187990476,-1428.4311275171033,54.56770226999805,314.92178141203885
1754.8883013110249,-2796.3233512853208,251.0383243917156,327.2869857993117
2425.979081850711,-1329.9852075634076,19.23361011232005,307.5124589932143
2418.7393910248084,-2678.4069572300186,147.51520226210127,333.8425294135922
2364.565786276029,-2870.9257642050575,14.80412559000635,329.1964461725845
2684.8481086806714,-1864.3408071713213,92.64797214225526,329.32454484080813
2154.6371704896537,-1510.578224685671,174.98396139422456,319.95416909177095
2032.0869596804105,-2997.021584092719,131.4447576311884,313.4531373613214
2033.8162672148032,-2369.941143536317,100.03994744132883,309.19452923728585
2777.961316038693,-2735.3444708894663,227.4493281085131,297.2922749809366
1733.5022668552563,-1914.6316427031359,88.36339659172086,329.2314088680928
2683.83171962081,-1448.9937447616949,234.31396347475817,338.4556162843699
2009.7791275163586,-1859.036166182756,128.920129781048,307.83582194361395
1170.6779015386535,-2478.3853033949504,43.955276728774024,307.3576158035864
1897.9639746251926,-2506.624020172437,102.5513611101634,310.70782992156524
1582.392795291746,-1690.4444159928337,61.481757174577496,308.0113319062301
2055.7700893276806,-1330.2809552452668,127.12738894800162,329.49709529360604
2706.619710670789,-1882.4689481422502,1.531118619534361,304.1795561020246
1358.9110544409145,-1702.730078588578,120.8511072143375,339.19162007194103
1950.4492485840474,-2109.981692699317,125.21624156996921,331.56212509250173
2165.004503470382,-1738.018399738374,192.0487908891905,316.94780920186474
2539.6406230016382,-1064.900404909941,6.558272114685341,314.2894477338642
2881.953925002749,-1387.1053483511716,174.6734989337741,309.6094670175717
2101.2157624701535,-2983.7642625697363,40.92951423270251,332.6209993571334
2843.236037724758,-1932.6911747452832,90.10317097509777,296.00051405659275
1673.117924691081,-1977.5800896147962,123.9584833941797,300.14130133501226
2528.63954263532,-2828.867789151266,150.42373051344546,301.874088170398
2527.4509166354687,-1351.603328470629,139.32496279304064,310.1508153677275
2102.557961542555,-2140.8086443018265,257.0661645085434,323.2525332962713
1347.577437454982,-1600.8885547837854,19.121364828090428,335.1291365444755
1772.40859132055,-2480.5265889555562,50.78978926196014,327.75405788471585
1581.7002364784535,-1104.2719849033956,237.00726334376816,336.86202241362514
2933.757238530169,-2329.774406182919,119.95696285881857,315.86637106837446
2289.2449219509217,-1654.6564373250706,140.91387106858892,309.1784536711555
2818.0756735239834,-2283.960316845941,22.966151665988654,327.611481784827
1592.3195392687744,-2773.5954139074956,255.37166695355262,327.5105227541029
1857.8801171715768,-2949.518409981797,173.73294275299162,319.58809881981745
2134.744651397126,-1240.1573745763458,173.11933472613362,333.8286312374355
1709.4563667806187,-1840.4959436214522,172.2425495154637,306.9967745744731
1912.9992543078974,-1817.5202563683474,19.052099335403263,333.9798228382443
2198.614114402262,-2719.3113486288303,174.05324348586686,336.7899851983395
1056.5719487011547,-2377.856580178082,33.505441247345985,298.3996723262269
1679.6223097943493,-1545.3894011103537,152.4431246077361,325.1931171563016
1000.4433994205964,-2228.5497539795665,76.90016773373613,329.46495671060416
1965.075244003346,-2031.4714002863288,22.697176242419026,313.1886635645749
2216.0013301608806,-2568.1381550247943,-1.7442370873204531,301.32130600737673
1185.980920131335,-2866.8099508010896,202.07465590204282,334.5428720478501
1484.1888042895935,-1965.8352811300474,-11.645419403582686,317.6524105527103
2607.983642118027,-1398.0883382604063,67.01220442718171,310.7199294984348
2680.5631196991953,-2925.273862579968,56.535551368277126,308.42131230930903
1775.4665085407291,-2713.167815861773,59.961299476489486,298.3255904480506
2628.4474610824536,-1219.5021417200494,43.55432199834361,335.27241711877355
1554.2805060642854,-1446.858940423896,144.03152369836448,327.9788821749082
2412.2164446269635,-1433.3152733774218,112.74239548703135,338.8903930453252
2090.913247314229,-1210.3168242835652,0.28914111329363124,325.12485567043024
1880.1981578053249,-1382.0016340714878,142.27512487457415,330.72580009346524
2312.884552347553,-2383.456104502363,62.565139128225596,295.06107277954305
1026.78135819438,-1836.7176087686069,63.78185770407349,298.56523061139046
1324.8868854167106,-1044.9572092443116,43.91965237070404,338.00745473073414
1587.646928775913,-2405.5108249272844,162.08021512780232,301.2201994101408
2361.125219539196,-1845.7141067844996,252.2658667400779,313.93472072719135
2412.4706267227484,-1465.0871120148868,99.13100860949093,337.35464980671554
2361.5216483720533,-1760.0202598099424,165.40217293552362,308.2140388655735
2535.2342131274845,-1838.5486308659151,44.42989754061606,310.3333389988769
1159.1031220274692,-2177.5271330548044,37.03889822327802,296.3553016863518
1211.7778168307095,-1796.3832793581653,204.6724484027326,317.0277653440506
2710.7023205242276,-2568.0502039944718,219.83146233514552,302.7792444255717
1713.6755059222687,-2539.5942221642313,159.50965941190012,309.136086864444
2136.7425809670194,-2794.709745055089,49.04135477617879,330.7134373447747
2007.0056114668284,-1688.4875885096271,27.761817485528468,329.445046403956
2253.3251426752495,-2254.1308278863703,130.7176622346945,321.4669431799776
1153.8934224559046,-1218.615502131661,168.8348817193474,307.42760426938696
2539.5804527328287,-2776.0565766965906,108.88070973525089,338.45166179407806
1246.8046563263074,-2952.4644849306496,46.91770486504739,301.2313098019844
2362.7489236680703,-2496.3546214748258,237.5438266002132,308.90027455536153
1804.2841983014214,-2299.156302849607,87.15040579740054,330.6240740063314
1984.5232721242767,-1649.3159078427802,184.78355337866185,323.2702776487502
2343.3874687214893,-2470.656076978825,-13.676935640444569,330.1887809173249
1742.0055013912736,-1189.3032688030123,91.80313265177992,298.3892234621424
1092.0749427029443,-1559.724031283458,214.62442414325523,319.07981274595767
2928.4231034432114,-1029.9943865284608,204.49932526067354,307.4361577450882
2045.3537988158319,-1066.7344864724669,173.25547709769535,307.6846010608184
2484.289282121722,-1380.6153032791271,242.78523324803314,338.6511448153443
2062.589667448345,-1228.1966663013598,250.66727735198702,324.5672147503617
2639.3738053399447,-2326.7931619797455,6.287056870523898,338.21478676110024
2129.2323581754517,-2193.359250794031,140.020913003227,324.9265596661498
1245.5137567743918,-1371.8156499064041,196.6329697542611,315.39464497861076
2283.8131293116107,-2058.4830189313293,-8.968912292449247,299.9435817338875
1345.4813388739685,-2207.863702150842,61.17745413498757,304.3715088749338
2647.308270033255,-2825.226122924491,73.96118934512195,304.98371023981963
2362.1232009456307,-2373.7277356015543,210.86622508622872,302.89827493248555
2879.617276286215,-2519.213678405642,56.19454525411898,337.5631976356957
2258.161579083021,-2220.555131153273,-14.895210146012545,321.434266333741
1450.326194909542,-1594.8725757246903,245.0638331593628,315.24319840425096
2114.275091650566,-1449.1401864647444,74.7248002842604,338.50525797517435
2543.544553919794,-2072.343177738295,11.03025821367947,320.8183855369033
2423.7765950501525,-2640.948870532127,199.85923365009177,302.85861207849024
1684.5934120029701,-2739.208510801089,137.71573255498592,327.66844339369965
2310.7023012076083,-2660.7710832476546,254.55753687005068,321.41041399353503
2870.5381226021486,-2779.232294016897,81.22099321867304,338.584131095928
2369.620086199071,-1282.9446342494437,98.13886790092393,310.43020775799613
1734.6028045049375,-2412.701715285938,101.95701443354444,323.32953170013957
2821.516660766857,-1991.3875434829401,175.07000776382844,328.281774553543
2655.248385456345,-2772.411440791235,235.75586675827296,327.72968833892503
2710.367520534335,-1260.3070257085071,65.35577049210468,328.0743137450807
1213.6827533866033,-2948.9212805084544,0.567301452502674,307.2909568522096
1581.657667281376,-2734.4234490926624,112.53497149868092,312.93270015651365
2580.2556053204044,-2336.621387399353,248.7012402716677,338.0706530991492
1549.6149917693683,-1377.3997488429275,186.76741300129225,310.5410915145631
1147.411871115712,-2372.7170224734737,111.42405631875981,298.0633552514941
2366.5320249451715,-2427.97619188938,114.53377853127932,304.83984304688676
2598.5399129580783,-2823.079718024359,120.8625868735472,323.35501946149867
2283.5356162807293,-2275.5702024583134,83.87404620590692,327.7602962999437
1689.686672850009,-1613.9323634993264,7.971831653193988,313.8408265158741
2119.5466379350974,-1354.3662250075379,161.63156684260088,295.4019090627697
1043.039902894921,-1428.5981045974572,115.897462430828,318.6660960787353
2125.3233115061166,-1491.1749628383416,175.82536394264704,295.84487232737405
2713.602349430156,-2937.60449848933,63.51084895158276,295.687643212529
1156.1064700291402,-1588.3170310516082,207.26453749425258,329.3448980040631
1766.638793095664,-2153.56150172898,243.2541208605757,322.03680924826796
1329.7274350529733,-2515.615460967361,89.04105354350172,297.4089072939298
1760.015793266513,-1181.4901850460508,112.0955712627294,322.29142846588644
1026.0153467497705,-1700.5606334133925,-8.979270130511772,308.45412511458136
2655.5258396622908,-1345.4527552270465,107.8219689567298,297.96437682745693
1992.4866206825359,-2866.7397156649954,34.72694284158422,315.12903548646534
1871.8361311245576,-2694.7467946473885,174.6180688804802,330.988491545977
2203.5894312729024,-1171.8036908730462,21.0298718462359,333.69374745794215
2700.056408509801,-1148.2845946168618,-5.469887226094798,328.7789727219448
1582.5214496487754,-2268.304817523967,197.09031422705604,301.1157432873284
1535.033944810559,-1784.0494029338818,127.50160075558082,299.26472814531144
1098.9884154243234,-2881.6271308601054,219.47882492693003,301.83255513129814
1532.7981874665816,-1840.0534745295267,47.030398923031655,296.08245834521773
1132.4236964095257,-2748.003563040966,9.244090826366335,335.0183192991474
1083.1169743477747,-2026.5926017035058,203.69366815582046,300.6017408959373
2105.4611244207344,-2927.9730170028133,85.31756681205782,320.3965449715976
1367.6697748071092,-1474.473897391126,224.38779388335738,326.4727672191884
1148.5154441308428,-2226.6422387214575,82.46897927088374,321.4587717346242
2833.42948282668,-1139.2779696825392,160.11008180006706,300.89860606306223
1297.4677849412465,-2840.4043296169425,-13.361752192699935,296.15607914820606
1189.6615814479355,-1151.9287764104351,97.01469344792298,330.7434588738817
2941.356116654405,-2935.588885488772,80.4698578947087,317.9083046836205
2333.933927803272,-1188.1467961176318,255.3518962102977,314.4704654478828
2451.5080833396623,-1701.109034681744,165.494677386519,321.0119775181923
2126.407991640391,-1812.3132834107262,101.90597401969573,324.3686196950517
1140.7794282403586,-2596.1574955854144,188.9188423436195,325.57800493092594
2683.754480825089,-1160.2988883176329,172.93933509221756,330.45294869313295
1836.0580084105156,-2895.8712866142637,212.34929118312013,320.10341765686945
1784.9356487523476,-1318.4645635084944,72.5488672314995,295.10871795408013
1270.6184880087785,-1022.5451731792225,143.17852320113926,295.0035724878083
1226.439771662561,-2284.004181289006,77.02233076472922,330.3379612150999
2044.4918658205968,-1661.7368244855616,94.70357652706073,309.39106391800976
2137.487179138225,-1279.3511541578596,135.15756040488313,303.83779416847227
2037.3710854921585,-1896.7097896147966,65.58899489638603,320.6509307207724
2226.2493559084287,-2964.7536721665083,-10.464765010018642,338.3534332220952
2755.28692617488,-2505.465171496525,245.90373830011316,315.2684527807004
2008.4096898891078,-1776.6947024292356,109.5558654808752,336.2509796439631
1758.295357399737,-2684.6409703288095,109.35304845960869,334.2737081658672
1513.1454051608555,-2855.88775589918,-2.5652074275963983,312.89256157018497
1613.6932849098496,-1020.2099458785947,56.48359840935137,301.2263288076818
2121.614106718069,-2999.783986398137,126.49955859189956,328.72900382997955
2590.744682332728,-2947.4668629089947,106.9850863551813,337.7694906785405
1882.2420598640792,-2823.9944886703825,136.094629693634,297.33625600246353
1081.5246546172289,-1591.9196701262545,54.77180772286596,319.2541813088223
1376.3090074855404,-2985.063290499,140.68981350345675,307.9877307764778
1181.3044668499176,-1712.7957021307088,74.17089381200418,320.2445703434769
1666.6868280595565,-1254.795421122708,140.74479854297573,319.97301421415057
2368.753316141885,-1193.7734912807373,-1.439839581080463,331.3174030592504
2181.42946380974,-2790.2617964113256,41.925369405566485,325.7785286115487
2324.255179916481,-2511.3469539874955,101.67311208913952,331.1351768094203
1909.190261840918,-2654.932516468056,165.28078139813417,299.9210854762289
1219.561073902214,-1832.1090704356013,77.63338727477492,336.78752248514064
1592.5119100786858,-1318.445832785097,167.9590382312719,321.95564854760266
2021.9209578429004,-2675.91713768382,80.60321931899882,301.9880113090162
1994.3299301453071,-2135.4311165927284,231.94183413104696,339.58513624227635
1487.3227757658788,-2242.0967551253893,239.5950796165788,306.4480964058845
2650.6031163337175,-1843.9632294021255,35.284791944547194,315.3087941644311
1866.6266719740802,-1724.94641458509,258.62494004922286,333.28281443393985
2690.9122503213603,-1853.0009965888478,179.19302482910732,307.8395029256255
1530.985260663023,-1962.1628195716887,168.476959840904,298.31786408476586
2883.87917174626,-1801.2199388020179,83.3368399755235,298.44197015876154
1223.7146928024504,-2779.336617492666,95.27040511096253,325.61433227918997
2538.364981029511,-2744.5105164499337,164.50796623444512,306.52492780280943
1040.3729060194387,-1888.4397661030823,-2.497871385044423,303.22787677336163
1472.6413270830221,-2607.4564221698674,181.1616390606699,328.5196227041147
2741.1066086203864,-1877.1302504407154,-12.318498439914464,333.1796713974338
1700.2099996225743,-1500.0033679604264,140.9637099493047,321.20028473858986
2864.958986117572,-1383.716544790975,247.27301745856238,311.647067000575
2858.8340012457134,-2745.1694849347195,50.16396435356489,334.7355849513607
2600.3851537870105,-2838.1281017792285,199.44272567014968,336.3316013173938
1792.2108984496315,-2914.0466387938877,188.9228441156547,316.9896605570972
2716.537006871955,-2043.540570620942,114.31705568678422,333.3072744631111
1914.2086738576386,-2717.0348715433925,211.26921931399028,335.93258958698993
1252.3443901712556,-1346.4706938163038,-6.179555107308627,337.69779782012745
2703.9167378383563,-2534.363098924026,100.23213694572969,298.64103365494833
2632.4934088437917,-2105.5129837342547,258.8154230736501,326.0139543377026
1271.1308809046086,-2440.1864683593312,127.50727591151016,321.23770117316076
2733.053033956916,-2606.6452309013484,100.42309199596544,306.52197821508423
2037.9261062075025,-1116.8740239908723,-3.681825563504699,300.33714809746414
2487.181517024352,-2855.5916129363513,82.55522419777415,296.739850295926
1536.352041599319,-1535.5271896333436,129.77528998506003,306.6196474067175
1430.9229676432992,-2490.6923500437097,95.69834360909928,330.5714453934663
2696.625629815356,-2795.890488745632,145.95215309843914,308.8452012828569
2200.4275961171943,-2661.3610094984438,66.41412417590163,318.2948742695149
1295.410931217303,-2238.402068995994,51.16595987309596,323.97256094652226
1731.7401725034133,-1696.7648028540802,27.609631792852888,299.2940754408078
2718.071636442924,-1625.8246207634718,171.33783208339312,324.23847279690636
1936.567163428293,-2764.234574537191,124.89963655422002,308.0989260971467
1673.705791224787,-2160.4706368126867,232.1228552149602,339.3716595246485
1681.907729768062,-2767.3331202795916,83.66099061048119,309.7416323607538
2649.2884044679354,-2625.342905869535,197.7166807060554,308.21770493417955
1908.5980550795798,-2537.9483922577474,171.10291080908266,319.90604648416485
2896.7070054694523,-1127.2904071157084,224.58664518387246,339.4227198664448
1624.4003018031467,-2441.7008914274074,159.72551428107352,332.4241043707607
2512.9606583381706,-2617.0515849023786,132.41379889692024,327.2195461135269
1571.4109853813725,-1033.7938832750476,116.84969273321121,301.32060891271533
2535.677603951636,-1613.3628900513925,93.43717816210602,327.6716996842402
1035.1959529546098,-2136.059613477677,52.40504506360416,333.91379275097495
1259.6419631231672,-1087.3750608932337,165.8322915867094,328.57034542127053
1518.5138130590578,-1278.2705610408952,245.17972902891108,321.31653324944585
2740.183929262872,-1139.9919748934913,209.2261872193913,302.81219550757487
1644.9967526931857,-1720.302312222712,41.085182682846195,335.09231229875587
1967.0510824016324,-2491.7981374136643,92.65891957201819,311.25000944775013
1214.0890400894775,-1361.772061122383,259.35605235524747,310.34429698978084
2133.356572039337,-1353.9220371286226,35.54294293654254,299.7301770531117
1191.9890678867669,-1694.942623498187,105.01392187128418,303.88065296490294
1283.2046756462469,-1045.5809417838773,192.57995747634178,327.04914883322635
2601.944790382152,-2188.786698868448,248.4214217989828,320.3948365818488
1487.8205724852228,-2220.577377110101,-10.667948369599568,322.8017528302645
1122.5074221829595,-1235.2466422482976,81.98280895824028,313.2223011653505
2203.6497604705537,-2305.1289491791294,150.93592879582488,317.02285740253126
1293.0003120413598,-1060.5220554440903,21.983040438022705,337.29697898723197
1105.6334474875991,-1193.0268635961088,211.26513059351652,332.81374573015273
2661.104633057631,-1659.690518310185,14.356170547253189,309.578943973508
1794.3656419083209,-1189.6426259683217,133.59676781092838,317.79877298416494
2730.950152143475,-2704.231152418818,94.99680676060748,305.79620480262724
2488.0629361057786,-1626.7677883831195,156.08278059724722,334.79931066687095
1401.9280599798979,-1486.4056190277943,97.7777673590476,299.94624318735515
1169.6225917719858,-2470.4917983048113,109.4423369229338,309.3616308699094
1342.7145048139469,-2687.19760714918,224.03310342239942,301.86167744225037
1989.1603289343532,-2989.592443186722,39.866315793973044,313.9970469227517
1715.4962791451971,-2268.718806538775,101.79279782423129,328.68537823108255
2663.964086338127,-1814.2713611743518,209.6881319849822,336.21341546413396
1938.4816861071517,-1739.4398384213932,113.03136180376129,312.778524289425
2109.4994008876456,-2598.1546843321844,189.2053135099287,322.3588316135594
1774.9044889148036,-1542.916658857846,112.87087181108548,321.73304324491295
2509.8006767299894,-2432.2548391921405,259.84549436114906,299.44496153005196
2377.879582572348,-1250.0313988751486,63.79838674673263,334.1157479966472
2371.544668150447,-1740.9544545132069,149.1414860016008,326.6768879879141
2543.188776804776,-1080.9317641699809,167.96479863445026,315.3550733935762
1797.2122574342113,-2180.1000756059284,89.43601104106556,305.15755212120615
1238.1716824795244,-2587.8531453738,70.23200573605381,296.385904788722
2635.8668882965094,-1661.0233232865498,212.40421690431617,339.6081591760162
1691.0449711221468,-1514.6939188472952,247.91724234658466,301.7134382462474
2383.525232112916,-1696.4062690406602,157.52288001573993,310.6627941252583
2976.9318187491344,-2497.420203944961,245.7704372012301,332.5103225927213
2403.52347088957,-2660.5290436173973,-11.726612854529739,320.05209580041657
2813.371462262511,-1557.9343050093437,256.7743945961145,321.94352103495316
1026.7098972689762,-2835.767734113696,25.167285060168254,321.7397601433066
2207.43493970684,-2288.7514453153844,160.68840966276437,322.1432524014608
1194.6453843763682,-2167.3298250811554,220.72606049798816,318.9113133350527
2745.009261648881,-1000.0064665575021,1.5339673156308145,301.0661670583905
2920.4955060625707,-2372.3769631636633,254.2598209614498,318.3164413179778
1068.307155071366,-1399.9440261927175,147.68731821125664,322.70592838250974
1266.5227007378162,-1852.0912653091043,67.70176388839931,326.91247586622745
2665.5220702987913,-1939.5398456984053,254.63344206475313,319.9896926265935
2373.7728539792333,-1925.2240723824598,15.988473702277016,338.7859384546546
2963.3155531720186,-1603.4597769355562,-9.506052983114605,308.44156829564935
2513.0183897048696,-1242.3388712634128,179.32030914295174,321.7998217368173
2188.3801490491346,-1813.8868161950181,61.95305193450265,317.4794719931667
2078.4865074131176,-2129.690004741329,31.013252814816397,332.99916259681027
1019.734719415031,-2839.6483098459253,8.41119382618566,297.6809117269458
2567.629408432589,-2801.7932232403077,244.31953895277996,315.09577833620085
1768.0035728153753,-2404.159002542541,63.71207432264964,329.0212721808036
1213.3063990302053,-1339.3699428335353,135.41514600271807,301.297217900435
2093.669594225481,-1449.0113121732165,200.52039990911746,301.5700141996053
1739.9254802234998,-2953.287225102491,230.00377579465618,324.7894965228262
2211.7159099049754,-1642.786182295265,12.082069139513585,319.42119542451326
1033.3442534444807,-2561.141623217002,9.610740162097681,334.5109291027198
1329.9522231502406,-1529.6206561300135,171.180587977672,323.7802266731771
2079.6618596371372,-2694.5067868033934,245.37839944833468,314.65890287383894
2219.8148324479507,-2010.2629763915327,171.6460834412567,320.420348526823
1164.4283185456507,-1864.536366771825,166.75490643718305,329.79322445375675
2272.7557508898835,-1326.1414670079582,224.7800621865227,315.8457217284749
2682.4422967342207,-1732.750244543522,198.4535816822991,326.5537916403115
1573.5672518238625,-2224.1140622961525,-10.949223688758469,297.63244817699825
2042.6615572804217,-1089.382211964343,124.61392963136339,315.69968200052233
2812.2385498462954,-1927.982097415948,2.1607849616143753,315.84055957152276
2405.9193704915333,-2320.045478341667,138.93301561070558,312.349924793268
1413.4446559169337,-2534.2336125792335,146.01987122930322,313.077958550295
2932.9853499970077,-1732.618567393251,86.05770506514219,307.693701753281
1684.1500879247606,-2423.8757236786914,17.845434748648415,315.2804486735942
2648.404881657859,-1183.019872002535,7.688886703077753,305.79944101839175
1905.0349514469863,-1612.582117170043,67.50691018963826,320.2538445754309
2579.5351244069893,-1598.9151209591935,238.77918989707433,317.6835020845801
2841.8453482614977,-2459.665538620283,227.80905521690963,307.57697134009294
2805.4466678232234,-2699.681145135963,4.195312853821278,299.96437920373063
2609.2049213085347,-2831.165356162113,22.822407450720952,317.35706244733854
1645.9446618002075,-1143.0308765015689,89.66765675853328,328.6974783907939
2825.259328927599,-1821.315488643233,-5.352191750906407,321.14416989430606
1306.679548184161,-1703.602592930861,127.41570543239172,322.69116125381987
1520.3899532453574,-1623.6662762265028,103.73543543812846,339.33310154448264
2292.706448143148,-2279.3515907098913,130.24237522755053,307.0578941969619
2496.3622404838984,-2082.1908891566104,133.61170178414315,299.9178521842686
1100.672566391083,-2478.204211609083,121.20121483421875,312.05627944346645
1537.72834404438,-2739.199299002901,84.87323347794938,301.523322438082
1738.066427319547,-1564.531857617074,215.74522092363776,308.3210890730799
2694.4930487218394,-1047.1953164609247,139.77648580374506,306.74558831275215
1003.8347150555402,-2478.090278759438,132.6885139074407,297.0317069450354
2779.991160284098,-2597.203558285364,172.57658198645157,304.1890815503828
1669.4611169365887,-1962.3466673952073,186.85503233997557,306.04443073294163
2233.1471074856854,-2509.0860933762383,151.43398358542427,313.0698274119716
2871.5215744566967,-2736.211194623762,175.9321102739544,308.17739739935945
1123.1970897947856,-2540.710132167181,187.39977295349405,322.74629463157333
2090.5069089384815,-1252.9106691154038,99.45124992380501,315.5231803782348
1444.4349840994573,-1014.7680619914504,190.63821108001653,324.9202254285709
2404.4949720261393,-2347.0545971870333,224.040295248329,311.714410013682
2635.6366593824955,-2270.8355408281204,-3.958690519820415,339.61674403159805
1492.498887841053,-1379.7657965361468,137.25147623623855,311.6533300292483
2719.789142538889,-2906.7978040813814,-2.5483776912105416,315.6218962637385
1354.8269410629027,-2161.555952885083,75.99710088222747,309.2724552215093
1960.1445383250193,-1586.3013344002613,-14.340330288474318,309.4005497597928
1262.5652223975721,-1575.416604327927,15.092751914464138,299.96825792752963
1615.0334144341264,-1679.8221251608406,132.3607330997724,303.4897644572811
1748.2537758756498,-2849.79113770669,163.83021951689926,326.58370873293376
2390.5338300811754,-2264.263789483366,143.51123825433316,319.8063766375785
1633.7002384023433,-1641.682540707215,46.18155383127054,300.99468841705254
2059.310650296765,-1045.3617019306384,64.74097833522038,305.18657142868403
2302.6404262548385,-1991.8622335126202,68.85828527477466,316.8206111122354
2571.4706446364626,-1885.5347252713755,196.30598349826002,295.98293853158054
1587.0768584319858,-1276.4070739787244,230.01661017079286,315.0135813687181
1112.698878120888,-2653.668231241886,63.135658800006965,300.6787351389984
1474.104153748415,-1677.1241055146556,87.12288855792859,306.01080381083625
2091.893954276687,-2523.2883899116277,0.2642536464238816,304.0116475929681
2755.354515528553,-2151.2466505020675,151.71456504222573,326.0522692357019
2315.0897378349446,-1791.3526117265758,201.88843071673637,325.11103252185376
2214.557620937242,-2542.953498022607,242.56755159466536,331.50028473254565
1063.5448501367835,-1770.1870556540455,83.8617452083368,314.49172215058996
1996.0736383920298,-2428.399613384695,200.76084946414144,304.70588436899385
1661.8035961270318,-2498.723060365215,139.94260343488824,330.2210685548507
1694.8328532994847,-1529.5024371604313,-2.734939512244001,334.5795931530192
2918.776091003626,-1196.8873535842624,85.43413741202035,335.1157157083811
1326.934809939761,-2014.8198929211007,127.88177674584131,336.35816729512635
1176.7354355170132,-2688.0789293712,250.44066562680962,323.33586531647416
1610.1783213526521,-2097.9780634031094,157.16861343041194,306.68003938513937
2285.3966845746877,-1413.1400976626337,216.41513444057117,337.81880947127786
1539.2171695663712,-2657.3486308126016,183.69833191166845,300.73319399957893
2411.6417208399253,-2624.258611909867,215.76582952486908,303.6113766602759
2390.1837391101253,-1243.1503232698735,7.6034526129721485,322.103321838174
1876.3881521246094,-1523.6193116053107,131.91841698997303,329.6677168915108
2669.398585613897,-1642.451540184048,39.9240084470029,295.38472445908513
1647.5670842388718,-1107.0801919174046,177.3797305156322,321.4485560359213
2246.387587141148,-1504.1594464954849,242.97896869109871,298.1024555314436
2080.045944822646,-2637.9096223265037,51.93256467308538,328.82287225073605
1143.3882453424096,-1028.645464002279,-2.2546845565595888,321.74681929546847
1694.4515381431752,-1084.6026312197785,160.31759732411655,312.6025673992807
2126.2771049681987,-2722.3963020587053,165.36748203148468,317.8699108222309
2952.1148894753046,-1690.9681236373924,29.021784464629512,313.08879578705336
2567.3032937448547,-2528.278770003561,93.7428878725686,331.11856701446004
1961.8139922214443,-2436.4367014929817,115.55611104942673,312.0907324192772
1392.9409451398867,-1539.9769671030247,-6.665294814286968,331.8527335254166
1539.9249402178632,-2971.3341242125157,251.67204461404464,317.3180497524256
1084.8480438374588,-1886.9844044701126,15.851441251110693,312.5233487242207
2163.1616242229675,-1068.0010952197256,-6.530917948440079,335.53158844565166
1848.4604537352407,-1701.6726352388498,36.451462655010765,319.86022759065673
2317.08549456824,-2441.2528495118827,117.44160360027544,324.60137235844803
2062.9250662342183,-1003.6030576234145,148.0698048242152,317.97646121397287
1833.5682763771485,-2416.0277055480415,210.15333357447798,331.2969055942163
1704.0519499142993,-2464.732292746958,38.859206634053194,327.58973133375355
1081.2444930418096,-2335.116977152397,218.8873807932886,295.704143538987
2965.934141157698,-2143.8870072630943,181.6730394173837,305.87545643564704
1150.3945769727304,-2561.8573453933786,106.77571318790694,312.5911890208744
1050.9321796544154,-2895.9639037916622,181.9863761650487,324.66745968440074
1430.6058360121121,-1579.369752903856,185.47354292983204,330.22086973282825
1272.372493334887,-2808.2074617741546,253.63749840851096,338.32069787564035
2588.865674244453,-1971.2221990955634,231.5188271101428,330.6539664844389
1303.2593289213091,-2649.8162089154057,184.70081410400047,334.4653071894245
1679.9001339428492,-1253.8556010276855,88.53697410472462,321.01997678491495
1026.4967619670279,-1981.186343579795,89.78544011735688,332.1608561405617
2863.1381754127624,-1881.6456278666863,181.7540597895821,323.0386119738735
1642.0807891290126,-1623.987540976107,201.22850806578285,328.15524884160243
2685.7568254078974,-1422.5404635850286,45.53134709468387,309.0295434122314
2923.8696826921832,-1086.10455568427,238.22896639314638,320.1544553965881
2454.9040416359617,-2587.091389917148,23.55466623029411,330.8284512883691
1521.4837085074178,-2225.3533539979626,99.71152605490214,314.52834275739735
1984.2909494731166,-2237.1168915131107,163.65612040018536,335.2131953413012
2565.3038780309525,-2254.203033242741,67.00021023485219,323.82706854699893
2397.292314101819,-1614.033548371213,122.43891803241647,323.4769745311945
2655.1433964616044,-1770.8150109816975,101.56367730071564,304.0522066608241
2089.148485443601,-1341.7407856224424,124.8045293179899,313.0382209793699
2315.0052102995073,-1438.8607806952555,115.527198905344,324.3283619400675
1726.3924481050844,-1182.1623689033406,201.76649085140747,327.7435467710733
1382.8125744941963,-1238.8785996213348,153.36570334642835,303.47726643462425
2394.48053154784,-1261.1103128434315,227.21134349673704,305.4860292199645
1005.7646821076047,-2759.6952295764972,229.8279902082884,327.492432915191
2567.76188259879,-2481.8808761073797,206.17581124400687,328.51247606443354
1014.4664407961391,-2290.821072086889,48.268165840041824,317.9653906421837
2233.6018412632257,-2880.7749708651663,201.9079591994648,328.4639217879571
2189.2277013213466,-1325.0785713323194,134.41837055397153,295.8709306504973
1211.0248415975213,-2730.2817628523067,240.1712413280734,329.52791077003127
2184.404583599979,-1719.2667112052297,57.016271397155606,309.6106939089324
2515.6941265466958,-2436.4614594458108,177.2493078968455,325.14361174926717
2071.9839164333803,-2826.7298693735584,63.66171004670892,295.2213255447554
2345.5211012314767,-1330.7175653687714,194.48301456029336,308.5595686788999
2417.3434254110007,-1714.1662956309563,38.484681321805844,317.51239058419395
1411.8197647709444,-2627.951192316969,101.66933099960694,324.26344655747647
2853.2330128266212,-1146.7048682398788,116.35030727687587,335.09965347054424
1655.082898082445,-1866.856279732714,21.832150559655375,304.6556865428854
2167.403912186059,-1858.6247601962966,258.54396850422086,320.56628379512125
1206.3657766295746,-2961.178109482048,130.35654554826934,307.67605294195096
2992.8100340782594,-2952.2682664096496,11.339305107993372,318.31503692218547
2308.282217084763,-2821.055543023947,0.320919259755323,318.0044947033164
1923.5712669363684,-2221.132882902204,189.83347726967145,304.42069883575044
2132.2394925822928,-1893.6557394405736,79.09026843552448,330.0535549149724
1054.3766445853512,-1943.1085431350282,-8.295683901523681,305.2327803675793
1480.159292127173,-1356.2070481725666,165.47466358439016,339.41546575429214
2949.3781131675833,-2667.418762963982,171.08825401889783,297.7359002672991
1162.063040058241,-1963.6571973197042,135.7846631863732,313.37704637244303
1283.4017880913877,-1300.472379144685,95.6613136176865,300.9871613519166
2146.1545223354397,-2892.6943150968655,171.8921411302417,312.5032440471154
2547.9442506822406,-1971.1718369628504,41.99379430425766,310.90594341320156
2705.7463205684426,-2469.957550773632,204.77632043081033,326.33339357510243
2722.4565656844366,-1065.0087717057336,10.135508490465615,314.49254342754216
2520.4443128097464,-2818.0885741853604,63.875638355681886,333.0772186811205
1695.3154714934421,-2285.355917874892,117.90832335055529,336.89840565458053
2163.1623078099483,-2707.1616746190402,18.110342752603998,317.2483147369575
2626.246236881305,-2191.3646417684095,179.22268678911863,333.33633794130424
1277.6916830289417,-1454.8152381421612,212.43763693085384,297.4475023987367
1162.8411463093323,-2888.3016553795064,229.877057066129,307.0477742362093
1917.1703916900296,-2172.7827875859784,10.630129453569563,319.6801201416383
1620.6806728571123,-1301.0894773401392,164.33689894609293,304.5449019722422
1007.4694600527645,-2586.506434540916,101.6686796557567,332.1624186790749
2033.727035378488,-1266.629539045671,44.2210303136242,337.8008035989843
1745.9555528441726,-2898.800746273966,237.1721052478884,298.71055121198305
2766.2690886839737,-2687.437765347443,200.88637711697842,333.20932741812373
1668.352051397811,-1474.1093755510367,101.50302804491551,319.43920800378874
2325.3421271629186,-2579.472582830605,146.79398079358845,326.17146147983567
2136.1567608566484,-2791.1797012201746,139.90037005715453,297.8446557835726
1599.333220276319,-1913.1900127157246,173.5022461808245,339.36561807934515
1935.2241128519995,-2198.8820155347034,218.11547489938448,313.34780294757974
1735.3199215709883,-2452.0022868166416,171.23500349329058,296.8109046581762
1475.1720999491586,-2953.5297160080136,194.14360658229262,335.0694323405692
1176.2450758186033,-2973.2676700260095,30.040514749027167,326.22039494087414
1104.2426516256985,-2318.820194095055,105.6506452238264,306.54035687085076
1445.4062446242704,-2253.4785477057203,238.91364807241732,303.608986180142
1166.6385702296595,-2912.0972814736106,186.52308386739853,323.5310460635934
1301.262490431073,-2311.148675978172,112.53012905811973,312.3048722182766
1249.8397709830097,-1145.2932243838734,159.92446872214163,306.6407691091971
1746.5977604695377,-1977.3963274646064,62.342091947701576,317.71217431007705
1476.3477020178543,-2319.2657339490797,-10.493248921384163,309.41424030695424
1008.8177326448862,-1471.315695948273,-6.735977808612601,332.3213606199509
1065.824235438673,-1549.188566516454,37.64840368744003,326.8287382831447
2980.107230710215,-1480.4197868224169,84.4462829343688,305.48277722065853
1490.2889670902457,-1790.6130765479866,240.28261008163489,312.34213221104136
1081.655202785726,-2940.116157010631,230.17994299876707,305.76156327131207
2252.019579616226,-2849.7912679770147,8.325371316823244,312.8817280360563
2103.2820947810224,-1287.4296613848578,6.4614076449503735,337.5971824466286
1777.7030384336322,-1267.5301288934543,57.870196160646174,297.4040669983935
2466.663667351066,-2194.2475571066725,168.9040656341779,314.9099814098095
2873.965803110389,-1170.3956097742127,48.58186054786771,312.8594404142214
1792.7105047896657,-1712.2003979785811,203.40274372665525,305.1581294303608
1750.6516538308022,-1459.1451292808877,53.2500568343752,314.056054312454
2028.3666957811556,-2083.985682678182,45.52037271662055,339.67835674808566
1468.9521994492807,-2231.574168783386,15.77867389262845,334.01154253361426
1347.9478216809073,-2216.286562610757,179.0417820558851,317.01100400112955
1777.3620322307474,-2349.653206852971,-0.23961569816275663,298.88926073841316
2354.0380548439334,-2435.100339768581,-1.380837114884395,328.93856518285986
1029.5400098389002,-1082.4908489378295,3.1009741768270693,337.6046079346122
1276.7904953522886,-2584.7799775010176,54.995082420080436,320.5196344795009
2616.2162427411668,-2176.7100022375816,181.33344244152175,332.439780964043
1664.290583279532,-2054.093640464389,198.70148286321088,300.70597505110015
2118.3118284517323,-2082.8489738712487,22.496545707624144,324.744524139384
1110.9873709437095,-2642.6671888675587,217.2277935321901,319.3839292386008
2101.547020067037,-2271.944318921457,213.53182821968446,326.2926738483986
1055.4761867177408,-2092.598003377636,90.35711178464355,336.40268803739383
1414.5168724228643,-2252.1291060696303,50.20303150325164,329.4293570272668
1895.793597077896,-2809.41670289144,118.79006110463678,317.80794644202933
2047.624603004992,-2855.5469818586885,54.24820634117707,296.85533391366624
1250.616778992775,-1283.6321074385855,73.68853158435861,312.1758818721323
1918.0733957856896,-2602.419226161563,36.89303852045169,304.789043216931
2560.9670030643083,-2300.8986157133554,204.96127147585904,333.7842501288419
2411.574831064594,-1060.1134797601014,160.5958683033441,295.3574883084004
1738.1592883862281,-2187.535353773754,23.541906149748428,307.29619446377524
1992.289362586374,-2391.009167914093,146.31594588946058,299.2152828686298
2598.0055851808615,-2572.628456099537,93.42873670689387,323.69349296073926
1526.3521251529019,-2011.5749010601955,245.77267852005792,336.5937983442688
1280.4409567681123,-1722.1854232687565,244.5067041634108,333.1784264573608
2938.0144447018647,-1849.780969787383,144.63558270486706,302.49264731806403
2746.014696821428,-2084.1968643440346,213.7164527210895,312.62330854529836
2748.375694924781,-2821.1507602410506,59.51251663286672,306.5818420749882
1954.344522982993,-1961.9389350151432,18.109179209658492,304.43686921434767
1070.7041763769212,-2584.0527979694634,220.19122375436345,314.05594913757886
2485.927016546277,-1536.521090713208,95.0064170710403,300.87006201647955
2580.315716965776,-1160.492599452974,133.41703866375636,313.9771786355314
2930.2615772238996,-1253.6441902185752,189.7412890027322,309.17414313172475
1071.5611187243157,-2839.382275067998,247.57742949476648,323.09676633348477
2625.6233165940266,-2284.570020304346,85.44540602569442,332.0111392568272
1673.5962434116914,-2494.3330710305554,46.26500506265559,323.9526546108416
2333.179427523237,-2942.905006866535,-9.712842852788285,319.3654684720128
2801.12059211234,-1002.4985252748711,131.17381467834187,297.21107153999725
1503.2362093599968,-2520.257259504118,4.654749899120514,323.2790634032153
2986.8564391631385,-2738.5398561024135,124.17193933691351,309.3144543960558
1075.6973828257471,-1694.3943650697022,155.83996407759227,336.9098160820904
1229.4311714587661,-2642.379514553929,54.417335313647484,307.3925186257487
1961.3554822381523,-2531.241202201404,69.86919505543386,300.3193158496432
2437.901633086334,-2858.467180793324,208.39532544051042,312.1526019738193
2852.9878646025704,-1772.7693009275624,114.71814946676486,313.85230848222557
2694.542895100156,-1591.6649921739568,147.9892419140363,335.1275800659589
2941.0266831819295,-1659.4336395559676,25.241025098060412,323.9221306600325
1882.7172788493742,-2426.225415412029,194.42397437440644,312.90901168303293
1812.63078402471,-1718.0501566636274,186.0752803487786,302.89209572336716
2178.9001845889125,-1209.9793508457278,21.051725311020085,298.25750716127
2383.897954022811,-2501.506587852765,255.42631811491452,312.84138758933796
2805.7623103489623,-2563.4841304408815,1.969861170333843,313.7002658088701
2184.0468515370485,-1364.1233074079742,192.38132008385645,331.6687203646334
2811.935899164171,-2338.7466664926515,41.085569381138775,327.7055002441753
1831.356731694424,-1186.323798879822,249.10381989720088,336.5144851821889
2542.716870095731,-1425.4686877452536,126.14873132069599,328.92618717846665
2996.1349134660227,-2766.3870765060205,141.73368777938063,336.5909180152842
1157.5394094563662,-2918.4053206246645,180.2120949112067,331.30935789664903
2414.4880738876104,-1411.2880334081815,256.0203892297124,336.4157845067044
2806.31971776513,-2100.5152409387597,23.11816268542333,306.77144545719466
2788.9818086936148,-2843.578773890587,218.90385814291415,303.24642627378324
2745.517181012824,-1235.6580411071122,239.91622767596346,296.86591226743167
1557.4943133632553,-2959.794144830653,4.609316914987382,328.7073708975365
1812.6018096612297,-1573.8650146546147,128.80029837624238,325.02248490362854
2016.1933923508473,-1952.737347724106,148.6825809270278,318.92953364582127
2939.345625163921,-1976.4593627641952,171.16205967033522,321.452089081597
1531.125141400361,-1328.0013246833123,41.41397582950137,307.60065934011516
2320.992201683068,-1681.5862104915548,66.82075708807756,325.32847232849974
2519.5582829119826,-1757.86661561982,154.734140148268,303.8920540006797
1293.3764638191333,-1264.8359654128255,53.795515443135145,315.347647013528
2740.6875930422375,-1161.842659275562,252.09334115400918,318.3703994473151
2010.4580456587157,-1729.1972368147972,253.17725277450427,301.06120644813063
2912.5917529775343,-1184.6371120962972,177.84584433297016,339.56311796867186
2779.382314592791,-2037.4821068182364,77.68260217725945,311.359113358814
2894.8779437297508,-2799.8527260271107,239.43563385400827,332.9497644034069
1365.635890125917,-2966.2262302700633,178.19232222949418,306.75329466502654
2669.2981339451276,-2926.0418655258386,203.75544268935016,297.42077459161476
2725.6386962323295,-1078.9192393150522,98.88813835278587,312.9923396161779
2894.5566266940837,-2718.9721965331228,191.39408720454094,310.01912537607757
2299.09408265769,-2894.20527293749,-12.976860166122712,329.64480677666427
1737.0641256484655,-1057.5521616871329,41.572810407501684,318.47331372640326
2173.784173293391,-2190.399973948641,74.41598169805663,326.809539932252
1315.764191449815,-1088.3933609988242,235.4574307459072,335.7705617863929
2992.372351159503,-1746.2086730019482,63.26573913400115,305.47904381309394
2444.4399786539884,-2399.8049303774424,143.69470092062508,315.72517003198385
1679.1134191774727,-2010.4074268509962,176.99492054091104,312.8211386790211
2837.749432468735,-2261.786708965791,239.39836226445397,318.2120899303106
2424.7817495461113,-1108.5186406398511,58.735190635165566,308.3913356522591
1666.2490879198576,-2222.4055913430884,-8.47198739312407,326.9517128664699
2858.7690109166206,-1898.2848326544142,43.27601344237264,338.47811882780223
1648.6837469014108,-2891.9567114171655,96.37135693525298,337.64142796922107
1639.9220469005727,-2982.0045721732786,30.76594186964885,338.6764242389905
1059.4493917784234,-2045.6147708969654,154.42611724115915,302.73171949433106
2401.8161857332607,-2470.1613944104456,98.66241470225809,307.62835157954305
1216.0031539003671,-2226.131715448372,-2.69209326138502,308.85655462528877
1097.3444932775192,-2248.6258258853277,249.7450037287383,338.0249358094225
2312.1355125648934,-1578.7840717374822,234.36979380543013,337.0905487992303
2936.7104137813267,-2686.5920251233792,20.92663498048576,319.50210644685006
1128.3525809744895,-1079.0732406209224,123.4966999516785,329.2551507557124
2519.693534284369,-2854.5045539198977,189.00662777119493,319.780466652014
1457.3209840932836,-2535.876425811127,251.82084137017648,324.4989351992634
2722.466097611564,-2717.8569980822795,68.29835510717234,295.4232580896806
1024.2885714408526,-2118.1543001385453,73.07120483730944,332.8727496732263
1388.298502203028,-2803.92648968699,101.28551809598557,333.78427717779044
2950.290542093373,-2736.0474142570815,239.98240640160577,331.7107441832254
2150.780949667379,-2211.70178152076,115.86224291999207,331.0537263256721
1263.4382370979708,-2990.5083811912996,181.84206131702527,327.37842594131314
1009.4387143200088,-1199.28881388968,179.6480752099737,323.09045337373595
1818.0644288448686,-2753.3656395906132,210.7000920351414,329.7572344380364
1868.8528828879782,-2394.6610994963767,133.16199459712763,302.17404519592435
2065.6067928951634,-1181.1746709434278,-14.915823032712225,337.5411208441877
2361.5958247400217,-2205.9117915929955,-5.860750071427054,328.60618186788537
1307.950276335959,-2081.3312152262756,137.63597843570503,313.5076898782029
1636.725426341351,-1442.6985445853452,251.57292200164716,301.3442614861184
1105.9714430386027,-1964.8199444348325,242.36121313051035,338.43484077330095
2993.007730854649,-2492.45548973195,232.07967879237557,318.8387342506568
1847.7006227401262,-1506.5926564171793,141.62201979496567,331.4082531585521
2356.9702221081034,-2675.5350736975647,24.632294208984355,303.2980860939951
1570.526428100989,-1268.3493866956987,43.91614349740173,314.25650674572427
1284.4357539801224,-2261.598968325775,167.9181323105503,333.430797171289
1387.0691081345137,-2098.511937479028,73.54228125697341,318.953865294064
1030.3806868120203,-1526.1568289668496,131.0660767948718,332.22506361179813
2376.5572022630627,-2575.018679450211,14.1313356845382,334.6556986543388
2979.379083330791,-1440.4648367472666,15.790196834208817,336.5057736743011
1183.2018741942168,-2640.885543231333,148.78022522862523,316.6499038429325
1330.4799809483975,-2335.35285362532,-6.155535095872606,334.7014428679249
2603.3936517620186,-2249.3892664451973,111.8065915543979,298.81447276806057
2272.7779264751125,-2892.842465628395,129.25193585626428,307.1730057490399
2895.5996224041965,-2285.3763386601813,161.8116870618154,314.0730220460954
1729.4241310883071,-2782.0499624845056,225.3287554612249,336.21961982186565
1856.1247254584664,-2989.155155813012,56.19082125219863,334.3365268238052
1572.8050504380408,-2046.6306315919537,120.80093789716952,332.9639784220912
2608.778386343743,-1208.5620210090467,23.32823214200277,297.72390309987253
1375.0326297444637,-1999.686143939714,18.562391443157082,333.34472137803135
1759.6017738870496,-1366.383413324442,18.985602346231985,331.30661791810917
2318.7960749246886,-2195.6235529199603,198.7325158548228,303.59129513455133
2826.7682761802707,-1917.722773798483,117.0066604015741,329.4057154457149
2625.659232504505,-2781.294533428757,207.44234684228772,301.03459962324393
1169.925231745803,-1806.193787482264,166.93411047265636,296.15743447627545
2728.1589889613897,-2904.2899181469716,239.04235744119006,323.73192643532303
2582.6513314128565,-1452.3817802177296,134.82970244195255,295.03088085292563
1941.4687349409064,-1569.5898430332643,-3.757432191843849,337.7349427997681
2107.5531844281877,-1573.307955174422,17.297580294654317,310.6368493470746
1886.4264753253492,-2994.728231877665,74.23853747748096,302.0712512582216
1110.924656631444,-2188.943895247835,72.05671971340288,332.50249338898305
1640.563847019572,-2405.8770859977662,99.11539390503756,312.32153343141783
2826.169050363568,-1327.3236431230844,70.4174050889654,332.5006496820546
2197.276576124277,-1516.21386664531,250.15072277364487,308.62053352105005
1196.3637843527533,-2502.967705835932,144.92346444660384,325.34295935619343
2102.881812478545,-1702.7331667336048,106.73006805230273,331.75303070953464
2236.8622759899476,-2613.588470319784,93.49079779490786,323.97422115140193
2622.4772597552974,-2472.396174183332,117.55900770191585,327.0417737256954
2163.171524637971,-2669.078916504842,226.86170366319465,327.52045658299545
1402.6875929031855,-2939.958415970586,55.6679344605612,302.0934279559435
2939.8568769223084,-1665.9714104152713,40.01594977021212,311.1897460266883
1592.5297784397226,-1721.0038965933788,206.17590413656893,302.4062694415869
2450.7278665804606,-1897.7629785521076,110.38403398335626,333.61331952788214
2375.450893692716,-1642.5872303944986,59.395780208565384,325.40067427270736
2846.5534964999647,-2020.4127922239613,208.44597501768416,329.9270456629574
2530.0536852295745,-1348.2046567688008,107.8808586356857,330.13178151840157
1775.4099215934982,-1353.914039209655,162.9204402355952,339.6646959112938
1096.0348468358075,-2443.6079402319765,198.96281479502878,328.86926706916904
2312.675613673191,-2832.4046159739387,31.75267651444708,328.9183142938803
1023.7706800583701,-1831.15739293161,175.30785289401967,335.9756657859946
1104.805822157974,-2929.18263363011,166.9105430196404,313.8109033181569
1046.3224795463009,-2411.2676345590235,250.44816483655654,306.197126667193
2146.260965134019,-1365.1700891821026,212.05060485378723,330.6470435009285
2574.8850229199106,-2923.584780909746,237.67720733587365,328.051753702367
1140.5041183313333,-2678.4118429240134,220.71724400814006,308.5046634146804
1638.592982520246,-1989.9453725425722,56.9434427672641,326.0971688959458
1758.3590099199462,-1431.1179885543354,243.73624568229747,331.40245823361766
2798.8627650806666,-1886.039770221782,111.87157697535265,317.9488428022039
2292.672158250356,-1675.3423943254522,259.07160780874335,336.23039839575216
1809.5019961234239,-2147.6220501479,80.65977561201744,297.74062856048175
2844.017517514466,-1909.0975914692006,146.84454713664903,321.88352866668555
2374.2624161646886,-2163.833872461076,126.45320886116158,297.7672191433572
2344.492937724388,-1261.0889433726236,180.61483197170372,325.15621067067354
2424.1865539412374,-2380.105701715611,200.71119118358735,330.83362173962684
2083.655775577833,-2774.5025802318096,242.08730212444476,326.760682279627
1934.9970647419295,-1696.906454317145,60.79781706708536,327.16576153564614
2944.983246549338,-1608.2560143141088,256.2984121871029,335.94579472954695
2143.6540301784958,-2861.412490027182,235.39975480263254,298.87461931669327
1812.3952547793638,-1540.6217249321542,128.6687065766426,324.47146827887553
1187.1520610654404,-1290.4861764635828,128.86400171976953,325.29576790740794
1384.5186936012608,-2794.0918237340193,103.91441305181131,327.0623266023771
2966.579169716263,-2028.0582028345252,-9.517612439723681,323.13100906762617
2923.4091541546713,-2736.6269173491273,241.71679256166726,338.52877643189515
1005.9522738020069,-2427.673713404965,86.07029152038936,300.5082125604176
1155.5903095281685,-2165.9514304825666,53.10984094186405,325.2547173970334
2357.780929270152,-1000.9460102657863,-10.24680571912154,307.3027157783475
1436.0332325660013,-2013.967186905465,198.98251299195925,300.5925609885796
2327.306037177964,-2852.7036558240693,81.38630379768577,332.73887701650267
1419.643996111607,-1530.982253718115,248.13585206024374,323.1413317688428
1793.6853030387924,-1897.4629339584803,10.766450590854497,320.67949378294077
1651.7723898928257,-2848.968535869766,192.26339528413484,330.06992199116377
1492.9672981750205,-1397.2823017965973,97.64857203848298,304.3352905551987
2550.2288468369857,-2027.3853058508412,152.21450173260857,337.56119365431067
1607.6276544272348,-2258.3290569187056,48.417608402236795,324.3708472799601
2829.3103046510632,-1922.7012990120215,62.33164673642723,338.3826695857846
1377.4416172009378,-2250.773872324854,243.47721274208266,317.7864369606342
2789.8722176720576,-1363.6428059945865,150.94678727216265,332.26698513704963
1306.977105793509,-1923.76347580093,170.78203686313637,306.15935215991914
1591.8890531517832,-1570.092078158107,192.7568848428451,331.37028682766686
2967.4058832128317,-1690.6166345758863,96.38892649454931,332.09560247647306
1094.6358807789852,-1027.900072025917,206.40883750351134,329.22975899659224
2676.588980511882,-2935.791726717003,67.40690135429736,323.0121210359314
1327.3667896692655,-2700.7890014115455,228.30376475044815,311.2186094982237
2038.191493581093,-1737.792815027958,215.63020153221296,311.826290463167
2916.3999598475757,-2808.1255684845464,234.50157336173578,328.79127172031446
1237.859791361328,-1176.0899200898798,238.5049202556349,308.44616927186087
1753.8070236000526,-2506.9622849091447,-1.2653344089030458,313.1313348449345
2016.3599287594232,-2368.671495044045,46.68068497436908,301.13409005538205
2304.4650272582667,-1129.636066164252,245.98100290462776,312.3096820954502
1672.4762039059733,-1607.7405930736068,245.15895086430027,320.21399017232875
1497.4935349601938,-2957.1070373239713,208.10041097881174,314.71498279708817
2815.6406176428573,-1943.4303616877874,119.09053038328682,328.03021736925757
1016.1362158301159,-2331.1561927680214,85.11736887657595,300.64626416676634
2962.446337113901,-2518.2139458401202,211.244645953993,334.13350724274403
1298.6079449666286,-2943.0120810339713,-3.0798139696646665,297.7321926651472
1462.060333668455,-1929.223871713552,13.11507157683377,296.8324613105133
2463.262470409325,-2555.7496419090303,153.51385570775156,336.0386247432646
2506.1223903897057,-1390.3141150200659,243.527772780477,321.54086779122684
2026.0382205734861,-1223.626616027548,168.08976840245128,320.5405240856656
1043.0949892347135,-1829.6202079023121,139.6583819638827,313.2426180336295
1445.3206490554255,-2648.405498221778,258.56772976196993,327.34368851535555
1415.9726907625109,-2182.447299050571,206.99571152177938,318.2248302600327
2784.6345812790646,-2542.0885721888217,-1.885047410298144,300.9658831924758
1917.6694397548881,-1849.6977496025297,95.22382044175616,309.40148662018794
2534.886103141889,-2276.8451173843905,214.38487165227824,313.00889340836255
2812.4712556011254,-2434.575154985869,254.93412631664705,315.1120086308608
1786.3020541246406,-1830.534127922971,99.74872070456003,303.174674917089
2847.7688282651925,-2546.6662364122935,100.14935101595417,331.5263488182584
2360.8288625048867,-2344.428269743521,30.101261152586204,299.9925157690669
2209.719869553498,-1854.2339319913885,-11.84854768499432,329.4216642588327
1901.362579007278,-2329.5278684312966,91.39356551004678,330.20533907217384
1884.2229947414885,-2345.933674629782,232.45083579733418,318.2580486832432
1647.973228731781,-2869.076543860798,66.09648518537519,306.7534602899732
1557.8070292290536,-2878.0338282069984,-3.0946136924934766,338.433596470094
1970.2886219555594,-1337.7180335915043,1.2730273802815582,314.64830010604726
1815.3209854780227,-2917.3588238434627,198.11795999748983,328.8045383339443
1524.6343521265082,-2293.311009661463,35.014749836860005,295.14494872176965
1147.452119629883,-2228.3452170360897,154.63232904987342,301.8990081282641
2946.538580130099,-1485.0155171012,91.12501465345714,314.71142857794507
2145.4629123230334,-2201.072666496718,163.39501373883047,326.67938726467
1671.934033527938,-2154.122867529089,28.119898666601337,339.0745435811928
2680.6156292241285,-2112.3498143733555,21.860194476543626,324.9407880540325
1974.0953703253472,-2986.6216314980106,136.29870657596706,321.5821084741552
2671.6933720299876,-1639.5117078306412,205.61296171455876,332.33268067023914
1329.533221795612,-2570.732519156338,48.504609062985296,308.8285828693077
1291.194680135363,-1054.6329017338371,27.470911822792836,326.1632839423077
1470.5231234052785,-1548.4904185445484,75.8657467395874,315.61161088410455
2720.4549111354304,-1406.513329877697,-9.65416304299488,308.62155484425614
2529.2402611460343,-2451.7894134830963,-7.10041989836098,310.0427499356202
1656.0816934851543,-2107.390320787996,203.55670145784308,295.790346660729
2867.070846731163,-1869.0624160657123,232.03525540575825,307.1613650219728
2720.7084128354345,-1247.2347186370052,258.01233769206834,323.9819330782756
1776.161058511102,-2541.2327025768996,215.75408006540582,338.7261867926499
2199.7144647494147,-2910.7567500808163,15.978281367699413,334.1707862071046
2969.6656080612456,-2033.2808174003562,179.90330770386353,316.4919006526521
2412.5976657504125,-2191.6017634696427,112.1890055727251,312.32958186690877
1395.4811418858758,-2082.5775749118816,252.2246205380875,321.65365513490644
2197.2603390294726,-1269.3319976139373,180.41117433168654,316.6230683085752
2782.502151424565,-2879.7869578893815,164.87568708818154,312.2768606919081
2064.6546979494124,-1669.4581700856074,80.88977520754337,322.044143082579
1934.7509958185533,-2143.476602297963,166.3007453154782,318.4363551747832
2490.78798109377,-1809.1785162894655,18.403983838797018,302.5494625346998
1908.0884558983912,-1302.1638323954573,190.01479062621013,317.02692716555913
2266.2871290684,-2402.228779370672,34.25416820220278,336.96212486940226
1014.0536271295215,-2810.2864458649333,-10.825267957613967,318.8962423708494
2525.621962567002,-2207.7408291691777,134.80749673005892,331.04074277701295
2922.058621083399,-2103.1884883022794,55.0674450884093,336.8133595006416
2690.4436593907653,-1590.9465018229305,228.48544929687992,295.5864200428972
2633.4227792646107,-1382.8719272664507,208.0735876387322,331.2266487518297
1947.175332164417,-2745.8628878849568,195.49092445895494,324.5473095773548
2470.7190332151645,-2832.6695194569925,228.3796048270124,302.77545853885005
1978.3182068908613,-1069.3646292211054,235.58126215660576,335.08233721038073
1227.0848959579075,-1005.3150763913409,208.39963490980222,332.9801606388591
1067.0705778983333,-2479.816672980087,21.009149408671746,306.6083422748021
1696.3919538324649,-2849.536166417984,239.65803100233444,301.3970746847681
2673.2609154560196,-1721.1501233926683,-8.054098372479242,303.9732048131366
1940.3300105266326,-1514.7244690477683,2.628501957187577,339.4622744340453
1222.0473712564717,-2096.4757900082627,154.39137676921598,316.0436101754188
1067.110598832567,-2544.248747348624,27.418735889011778,297.1490301611416
2055.716889914129,-2631.7650630206335,79.14030517289396,322.9570488368706
1496.818293802125,-1641.7153825391338,169.19365370540112,295.61155411639567
2277.4364383236457,-2309.205729788087,-14.59815759829683,319.4389906642277
1591.4574408302274,-2773.8996865712943,103.90040969388617,313.7060225837994
1887.1875007546964,-2639.8072843472296,122.50477321160372,300.16241451564
1282.7809161335567,-1172.100845245105,34.171124380617215,300.9272512176502
1811.643088359182,-2075.6925380250304,119.73520290805325,311.00095771906
2137.2574549635096,-1439.2464858549388,84.55202152123142,326.56572697073545
2060.9425257232433,-1308.6028040606611,218.03725637698585,299.3264090712957
1204.3460520338044,-2360.8589374516732,147.22978499692258,314.06210666260046
2720.081055110858,-1482.7123836297483,35.98733754560566,332.87848136057795
2427.757206895578,-1420.1796298250092,90.0354122773392,299.37832522811846
1297.662618977616,-1500.2229131572599,108.26009103287788,299.3185151729317
1220.5053022726813,-2201.4477094149397,154.67646154864053,303.8642721787397
1346.72841249616,-1043.0092133976716,203.85485433843385,325.4851081519265
1820.4863859144405,-1816.363484080465,88.40470557550586,315.821923029777
1489.6632363749395,-1308.0720083788947,249.08940098176402,308.4062993802281
1457.3021365212207,-1959.7321018435052,55.150475056372215,325.11422606598904
2255.2963048708625,-2350.1051623412627,50.04403485038429,312.73941235298247
1238.8182611242867,-2233.032584634445,-10.592678471337859,324.5957543347646
1426.0203089380864,-2449.0053352554505,83.89473940715743,295.46787588407085
2828.8987938076234,-1456.7052017235783,43.828231555820835,309.30026624260006
1235.3960715334547,-1056.5836642664647,116.2441509409241,333.3158409337741
1445.5467919028422,-2934.883259536926,-13.247876436742962,313.8610516962333
2816.990553198323,-2423.0465253402804,251.6671708544638,309.81292511204765
2562.126719890299,-2413.3094830275877,233.38953145959206,301.9582963192131
1896.5371421120292,-2718.257387203568,172.9037011523983,326.7892302661662
2939.0947377936272,-1505.8225195440814,74.49047399156716,310.63462899475667
1653.8564788127183,-2875.666302853873,120.53350288670242,295.5627706087599
2187.4095129039833,-2711.259221097306,73.04442255118329,305.9729557283995
1406.7346710938198,-1886.2824032252233,59.05357567315595,316.6419945170983
1918.4579657701418,-1118.2833547424675,59.95103385467151,325.16044956376436
1490.6072348564503,-1795.1092293193485,20.746008843758794,314.59901857370886
2441.52365809594,-1296.189434439223,191.49867952743475,338.1965980768638
1368.4046622160363,-1623.5205515663506,259.3141690426691,327.97008138362264
2772.0017833780407,-1195.9849767644153,94.32088148695554,338.07925682723345
2793.8792839798543,-1378.238361688119,206.08759253455224,310.1263468262481
2537.120792212349,-1493.001682797596,235.26146891491138,317.2595534301976
2771.8629557829145,-2671.945058111064,250.21319581436273,336.52550254427916
1604.767456644257,-1763.4460563334815,169.85282322067405,306.92248906631295
1103.5797690797453,-1510.1581630190785,165.72483546807894,304.8737984475889
2816.6283851054695,-1435.309332594865,106.65581886388357,313.09616101989144
2153.741094050548,-1344.5333418945158,29.562219715445636,335.1577247300819
1087.890860580395,-1958.073039616512,192.26627567765473,324.7402304182002
2551.876697867201,-2372.3020352765125,-2.8420691824421276,302.75222879622515
1643.03009754329,-2308.907942612826,129.80613782792955,317.78857099470014
2904.014791139717,-1726.0476323369253,17.341314013566866,299.5530536040192
2969.2299532993047,-1949.3209729336588,73.52751974395416,308.8423894779736
2205.281932869386,-1704.336503502655,33.891191924857196,325.18012116380527
2815.676189013857,-1140.5688795469937,134.8524900493953,327.0849962898194
1714.086310755682,-1042.7872898394305,152.8398738733481,317.4038730707634
1549.3069789589993,-1345.5223204666,247.88736632618912,317.8076428570452
2460.344046700806,-1575.575142851848,8.510754325874473,323.5557350712146
2117.709417003406,-2139.055051639914,85.75445374283919,337.3844468141087
1049.39443373045,-1358.9077193746211,15.592298400882502,317.93213774499696
1697.4579627802214,-2286.3735738250984,250.99167916167397,336.2950752676262
1017.2724183306024,-1703.090432075627,93.50052677699226,318.0405739960996
1618.1021663738911,-1185.537302999363,-8.173275478745229,339.2388723498892
1935.3791554180166,-1835.7700816106615,77.16134438145228,315.93801316899743
1723.9033189491915,-2243.2342001930365,110.10201705675982,311.6930008010884
2048.2868876477696,-2636.4146799102987,67.01967635494925,316.1634725970943
1058.9508773783248,-1616.0479285599715,0.8257919052828857,299.2741186344684
2897.8302640334036,-2112.6849246805623,233.2493332449807,328.6002116746477
1422.2202374409676,-2716.4007255138695,217.90006478100082,315.7644510596473
1168.246928603932,-2211.0549827507557,63.94140980926734,322.0128900935661
2212.1162972208876,-1280.7437758794606,6.438794905458469,297.47893178607865
2342.0941482848475,-1156.913164221098,114.88542724751139,297.07251682827484
1641.756502218007,-1170.1398766181017,96.21311316732054,307.3092628147633
2830.910920193347,-2977.359236545828,101.63631175721831,307.42731161218705
1309.055994546902,-2304.57171569001,125.63784027076167,322.11209360897243
1344.006406456393,-2406.295978539514,117.17128542179341,312.7768271969525
2687.2678980836945,-1574.9052778716748,131.6135252764996,315.4039166918636
1898.267319945664,-2627.3802063927114,259.2076076623614,323.81595140486127
2119.5659186132098,-2578.5962107216915,131.0001777467138,307.97958920209015
2535.579060570495,-1251.117082025005,61.79144938738709,334.88010318776617
1951.0354229279533,-2031.9978112852164,166.07569670318364,296.6600924166046
2780.9146780608,-1429.0924996484148,70.65306318980906,320.0838926081845
1447.80416789399,-1656.2300960220787,-5.64385664801245,320.754750879414
1979.0903404841451,-2245.279164559516,7.805193413830516,331.7500950445573
1339.8120105281387,-1266.6322405315177,255.79079352275647,307.020726276946
1475.8580003178217,-1199.525737415232,242.4650647776342,302.52574078371504
2226.7774848402723,-1106.0813347885007,-0.046034984916557775,337.74884395694465
2203.9968775427396,-2297.2213681512444,170.59180734874127,296.32810850825547
1762.6157765243242,-1068.0091537771166,50.61553355217768,335.4199015732941
1018.3041606052338,-1936.9731856677279,57.300553248384404,312.3930546344535
1896.6452171600552,-2897.612191913971,240.9602298793453,324.17236141904067
1539.442747418906,-2190.561732092067,33.49515501739456,322.77278510261897
2990.5595071759485,-1261.1164367602344,200.26534986894364,336.9717091658425
2156.9209669955526,-1978.6381678711864,56.48365597484471,318.6081578212047
2771.358024530024,-2786.0277363607656,54.01151439777507,295.7779778947726
2382.5046394084857,-1873.367410208224,67.6641494437005,322.1942138273199
1182.849064332322,-2234.2751444827277,97.5914982675392,323.6269257206162
1981.3914686546925,-1378.2937809486668,238.36582253452266,332.9418842820881
2899.4129647259233,-2268.3479478463887,153.52416159583757,299.21482099860526
2062.7282722508394,-1691.0445153498968,27.83384022559588,304.42191067237275
1282.7708885632267,-2502.3254861829982,151.5740633749988,310.217331360083
2524.9586848547187,-2498.4942988235534,119.6743190867526,318.1513268287076
2556.014787230163,-2884.3467225550226,219.99916718277723,316.9760039491819
2469.0736806488503,-2832.0673401924246,258.11253083036917,328.47887641089244
2321.434521951767,-2666.8539217615853,210.68234810624844,318.7242468080268
2701.774165875193,-2824.718287757263,-8.183258659207887,315.3748236727031
1860.6375002405507,-2307.954195530439,225.40148670691397,324.2426332077961
1680.6540850744454,-1481.8897994707222,143.94528023357398,333.005157519981
2791.223195398007,-2584.204462517139,155.14117409917966,304.66581792088397
1171.5121849126208,-1347.369910951244,217.28806068987416,333.27701569482656
2938.223734124129,-2622.8128464269394,41.09951903738356,300.9390104065647
1356.8123619995933,-1962.900515090267,145.5608719154534,297.03527080276274
1668.6310979655873,-2654.68835741329,132.46373644871414,301.1497444555582
2603.7209363991387,-2114.572794683794,212.29689639326662,339.65060114138385
1249.832450992185,-2903.9717769342633,95.9260981227761,303.59326331803817
1745.7805103380524,-2560.9400125544034,216.6736082714882,313.3733146594975
2297.639863594024,-1010.4396710850904,32.43502278662912,333.99390588677784
1661.1757547957427,-1873.0018687959082,184.25575706259065,309.77740485445804
2689.9573903863447,-1205.6969341960826,-3.2084039501339046,334.16445621901914
1588.8061200594427,-2250.0519983174363,31.559963546556546,303.507601632936
2179.656300588299,-2289.746892183963,217.2262061762053,316.56025428158404
1705.251619298433,-2410.8203332002704,202.54024380607555,327.24560885829004
1219.3242055175087,-2921.0999696066,84.41246192241552,330.1524823830787
1556.8551260744637,-1995.7245891369917,210.9771276838586,336.81703451775525
2632.3229415247515,-1580.931184356209,153.47202548818558,305.6847875921742
1633.885836835353,-1796.4372119050795,111.3937326398036,327.9060942120502
1690.6159513177683,-2134.3795593413834,155.06290215849364,297.61979614671986
2777.128466411905,-2610.0895005985185,33.76758898834042,321.2560041382455
2831.5119606872495,-1527.077186198665,43.249496006299395,307.13486237860894
2148.0779278016953,-1600.172666901904,156.85774432905225,334.5000937682439
1220.8000351590065,-2179.981658269728,150.53458198183145,333.9715650151549
1518.4211907181425,-2678.464557624862,246.41714100749005,307.93351340477847
2583.0107465243145,-1406.6175899208467,86.56464536878505,314.90945454772327
1758.4598600864783,-1192.6680231924665,-7.558523465443004,315.08922779490723
2856.4223518546605,-1694.5589946964321,43.52854111039144,310.6154538873097
1758.3645549444973,-2054.0641973612587,48.903571564937906,303.3937664685838
2974.0661433982577,-1198.2704768784818,79.9396030824595,306.3150450046662
2311.1194333834196,-2393.1128185102343,-8.239117349579399,303.75622619435495
1557.5096534825807,-2022.939665810105,67.95008090342318,337.9434967890817
2094.3895097543755,-1000.4826009254168,215.11981377344793,304.3251105563841
2600.667697288769,-2626.035417528155,30.658059031000505,302.33951597096535
1496.37637178944,-1625.4902812505716,215.8901634874623,305.7933277156241
1590.4665491242831,-2072.3726229876256,243.10369969976523,305.40958379790976
1832.8302590691092,-1450.6352500344472,51.70094545590847,302.93021074830546
1725.7362941582383,-1009.2516363604063,217.99691748927694,321.9560091581531
2878.949093462961,-1834.0118067161914,188.98965142434346,296.2719774757359
2294.331872853682,-1526.6654409763053,146.43015854685464,327.71733719236795
2179.702075763092,-2238.490943954573,211.73879077933762,336.52095253785427
2893.4887734703125,-2488.326866135035,94.17814237103198,316.645300802677
1803.922920257165,-1742.2639140738688,229.9786589759308,301.1363602524871
2372.3984336605195,-2608.097405211595,52.41602614417275,298.11997737320047
1337.1000955599256,-1604.5831353183823,29.093819397239564,321.05459090296847
2667.754398494334,-2088.5510936088403,-12.50691988709768,314.826927801576
1656.2921836241594,-2903.2526512830723,241.01021951106742,328.5110984907972
1956.2105227845448,-2402.0015984144375,177.88085025903445,335.16927389185116
1054.9141664601348,-1163.6806338901088,174.89746179522555,317.23936705849906
1293.7530872504262,-1176.4752928909513,209.4538473171614,331.76483429902635
2628.7370034209184,-1814.9820287321904,65.28594066512966,325.9055936851016
2351.558915249224,-2245.145526176036,203.95745593832044,323.4071664313791
1009.8533766178208,-1632.661029655701,210.68124954776638,325.866360377359
2523.5058082118876,-2941.5793209261,154.2700515748213,319.3681247182196
2253.6235640360746,-1576.8553051045265,246.2354306433698,307.0656088948875
2895.972902619653,-1929.7174051327756,161.1393342444588,327.8356119467523
2860.89157282789,-1543.678944358709,229.76463353565865,320.93826915730676
1843.5677567007951,-1024.0594029986341,155.9658905719341,334.79105186562805
1222.2812872157347,-1628.2185177915012,247.18210190877733,311.1223645622816
1839.0413407865722,-1191.3317529456076,161.08094934972195,311.44697629289834
1793.633612972419,-2189.255788373708,255.75475334920816,335.515690097488
2000.0442534637555,-1107.0280200739185,114.66249347165356,300.5470425099748
1498.5461751328903,-1017.7122616336073,26.847792555377914,329.1727817408643
1652.4622858417954,-1213.2594637690324,214.74654441792177,305.5621796642286
1128.0535613374946,-2837.870141134646,189.17988420516383,310.3008379648398
2504.817457253941,-2847.3821647554787,84.7820143399726,301.28079711293896
1558.6951625849829,-1318.1189906626116,140.5986298876881,339.04559812521177
2361.6465102845705,-1413.5907506303474,155.30265743793873,327.0970294576602
1553.4566027988158,-2886.044218253275,146.25738440600605,312.0115917668626
2682.7238832421767,-2860.5728822104197,70.4460235191897,329.82968235125446
1476.4916375349585,-1385.6790125408152,-1.920556306613591,325.6130981457349
1241.206873571748,-2371.3409571646043,230.67749511492937,331.90014737871394
2562.0131627798864,-2276.9361148368043,89.66338263073538,299.8812254644684
1456.1805044042928,-2218.3833682260806,124.06197480111342,333.32508938288424
1349.130136214581,-2959.8877311495403,128.96751346098526,328.8825981956474
2141.9103875351057,-1907.17055895513,4.780100334954756,333.63251903055396
1124.9341577262844,-2767.365945679758,17.981885672173753,306.1828488617555
2117.0273089941893,-1708.7660818796128,151.71825408927154,326.1253695584697
1036.7314210527163,-2807.1379496191666,116.26614422428594,324.6760775541954
1856.7875050512953,-1086.2928218105528,23.955499569589072,327.4115008678037
1830.5780053882527,-1310.5442721566385,-12.087702656584268,328.82600961360333
1170.8806538797285,-1528.2004605030636,67.15144574659453,335.3984845821665
1164.1399347032343,-2942.1737401066875,8.578208016755617,307.5468745571031
2174.0886895092135,-2040.5506087747517,73.99877016787615,310.1103112870199
1008.2396563886158,-2538.324072136642,212.8474181194037,311.1792898496932
2463.442190521895,-2238.889722914593,54.97544987349899,313.6527362427237
1737.1143323010474,-1885.8189180540817,55.7066710112116,298.7562142120698
1525.6514079438546,-1548.1377696203867,141.0183411589019,313.63827241451105
2902.0859242551724,-1831.7678153249228,192.3534633092843,312.5329490057395
1044.7427974508664,-2657.5583454805183,130.80646400243975,312.8447619744374
2253.9287439943746,-2643.5461320093364,202.59546161606627,335.46580035470055
1035.7327048152692,-1862.5282801779194,190.20578591388494,325.79474148712956
1764.0051868436094,-2472.338080747816,185.17964296195166,323.8224605022488
1625.1181718595099,-1741.028230624371,63.447198420814715,300.58085270889273
1160.6839897457003,-2648.8123583936203,128.24865147131388,314.6581022010797
2566.379580432592,-1318.1402044976267,80.4301346377013,337.12286295846974
2143.718464994635,-2009.176994536776,178.4452499606665,306.1310717539114
1154.6726918989427,-1925.4414391495957,1.2221994504000229,322.6638875808255
2954.3391261629313,-1544.0642169016046,67.99591826159971,330.7499766874014
1221.482557844229,-1784.5192495318468,-6.91536214186733,301.8835292252211
1984.1568639662314,-1331.2754852189955,199.04574139507568,329.52397340391474
1061.0191949803218,-2581.212051967694,187.60947972610174,316.67112012688034
1811.6409404087344,-1394.4246246498583,241.7093238076057,330.5252558269324
1983.1515778096536,-1427.6236016140115,7.710301997956517,331.6407837437547
2712.6148966721125,-2583.4069388233534,81.23229279521699,333.1375748537095
2355.0913162833194,-2880.4234283227934,121.74032840895282,320.76435629189393
1704.5551134845484,-2746.020444034771,5.547064819753995,324.9975615917674
1368.6022057769437,-2104.172012725716,194.82320843609995,338.7321863914997
1090.437852175165,-1893.8882534445106,228.3878392649084,339.3514027075319
1657.0250142518523,-2536.704940109491,242.75529812623222,295.11626972963785
1125.6523780937725,-2040.0109658975357,82.02830941867727,339.7952839143869
1351.8115664087668,-2151.2696827283135,222.31090689843677,328.93560858048596
2301.4947080205316,-1699.3050964293632,75.90085252876023,313.0140541562904
1403.1010373344673,-1386.2884276890036,76.41867587312932,318.8854030793781
1747.836756487525,-2768.331873056348,236.76723976434667,304.8388122920018
1014.1758244048389,-1009.0253109359269,29.701244679463827,309.38702019276053
2825.3512814866654,-2381.78542817153,227.635591643765,315.37413521126905
2681.714239905381,-2868.2757309393432,69.76898779448176,323.38385885129674
1189.2396814711788,-1899.7008046702233,110.47928464233395,330.1725937874695
2369.1372429468784,-2659.3795991007814,54.417714226068114,302.51043457787375
1983.5733612131214,-1491.6619253478957,144.63481165348747,327.3422588162649
2643.783725647882,-2757.689681863387,231.08267903483807,305.70255233135214
1357.485144801758,-2528.6046989883343,2.3007514559078466,334.39222711583693
1360.2086041124776,-1480.598181801726,248.77841540992665,331.5094789676306
2908.0054156279816,-1144.2711535097017,-9.666824599782291,306.87342316972297
1416.526984301523,-2227.8288434050787,90.15283881810504,311.984728054368
1869.9857573719842,-1428.5646125734909,60.84478251677841,302.8502151936509
1334.449341882514,-1595.6368294253205,58.716661254190285,321.36529909083924
1649.9713816299927,-1798.8260356117253,238.58977365620672,331.9826506438
1660.8928733175835,-1943.9314084925775,110.29846721495882,310.16527584120615
2215.4129705723444,-2860.165596519941,24.96724935736534,335.8812150033126
2058.25944132083,-1603.2370512629548,226.30180353958406,318.76935510952916
2913.553654257548,-1193.4124643018151,112.36700197069943,331.68771339315936
2615.6626553107435,-2629.6915745001247,102.57768852289556,298.2912440484628
2486.897122883332,-2242.510902919161,-13.51481542634422,311.0612171688715
1593.429618146947,-2450.2067867158476,94.07875044238469,311.2754081348858
1605.7457911357897,-2416.040413112752,165.24978849662565,338.3711965184179
1915.0088268308916,-1728.7390435272905,117.3643628785565,335.4132831437591
1586.7324876650953,-2552.557225921626,190.5475621631039,334.29398341000206
1371.5678786160684,-1958.561387196805,-13.257539631775575,324.75815541315325
1393.3608419893012,-1100.2029319683152,158.77901913360404,328.6715516172492
1758.195696378551,-2713.674591847514,199.3684270659652,302.1075742033897
1672.4120985947204,-1602.7492031992147,171.7301459871059,320.5264784453626
2882.200255010398,-2619.282253899687,33.59611953981041,308.559937961618
2210.0526175576615,-2532.7174099009057,212.67555639254977,333.994920206576
2739.6477629613373,-2899.7594969947786,205.4922717163998,300.39677825844655
1197.2377012441439,-1422.070792732502,225.38360267489324,298.2357443070462
1078.264068459225,-2907.5402233547516,144.31228752111733,322.86148363371774
2667.461920128155,-2113.230604245407,131.3359772896496,338.8142048489498
1874.650710436346,-1805.942627345583,45.78484241472223,322.509887490701
2101.338630726592,-1507.393271549864,194.0789574469694,299.51298530548706
1545.4300946527314,-2278.8250390514977,129.90043191999243,321.95734163570256
1866.4299640963377,-1387.5150156481554,211.9960896425571,333.6246334127001
1265.3982640063314,-2757.1130100381492,18.980729255345565,318.35554588996865
2983.262006797391,-2348.1656308309252,93.36315076736787,322.29915755970194
2099.301478160956,-2868.6349990318827,32.7457735161448,307.96006715995685
1197.6362472203423,-2848.262780231217,34.61223998295492,295.5078367888129
2703.154646337535,-1899.8589992299533,200.52298364826135,300.0463629139442
1860.1592182351324,-2370.7991518266394,174.25088774016038,315.36589909664747
2270.3945691239214,-2102.3040631270933,75.79335723200059,296.2660277536725
1314.5029304736936,-1854.8014821887145,238.39011421094898,300.2579920758238
1791.177044160889,-2892.320508343264,18.1268817309116,331.98492300004943
1995.973921021352,-2507.762403257929,65.30004183324097,312.59374225259114
1994.505193180353,-1127.8296163197426,149.60622706277428,297.99128541910517
2639.5121889795328,-2736.0550200894363,252.86441044284084,308.45994650956476
1991.5788787843985,-1796.6831575571462,164.00116571792077,318.73924271544377
1604.999567385044,-2170.9730635141077,113.04943222432937,316.29357709821124
1535.5102504729189,-2457.17874017092,27.828897796115882,295.55785355481044
1615.4037130697388,-2244.726209329003,226.2126122315035,304.515178066529
1944.6685135182806,-1204.8339602846581,-1.7454525479950718,315.5606122163036
1528.5895303437974,-1599.7519964778658,22.35685452843817,300.2270800299172
1061.8929795811887,-1355.3059426059756,238.40821518906702,318.1324171331426
1398.4722766586665,-2197.551012378814,109.93215989615857,310.7299205931625
2156.3115078612254,-2844.125957497452,137.7143226685965,322.1381009655458
1541.0669817946887,-2359.697979339466,-1.445873179760138,330.12247898676935
1663.6588258142708,-1483.267690145886,83.83855027325166,312.79341233190246
1517.1555059128887,-1922.7147492595102,193.5207764144829,336.28699709864077
1193.546781223783,-1439.1855755993195,90.39626424270357,305.8610618462207
1360.7864902317285,-2604.305770086858,172.39053296474796,314.88689112588474
1508.9614525781922,-1460.8753188549526,59.89229907870225,333.388489140842
2678.6999793152386,-2591.2792166034233,242.6101285266065,305.05694097432723
1442.4514385811,-1514.1570204563093,42.80089306824617,295.5396680788639
2656.795637759963,-1753.3682261524275,170.456833607542,308.0880138016004
2486.5992164193217,-2885.541132647186,90.13586091266997,314.44669295521015
2948.589037236012,-1120.4766811070558,-2.72039185307497,319.56678965801467
2507.1802884563713,-1163.7004058196283,99.34053421879649,310.39334605387126
1230.2261081379156,-2145.9953694241294,73.23340061738593,306.61514599209727
2880.085506299134,-2749.016622159032,257.9241260761898,316.28462215618936
2684.1892420331196,-2277.8800444458598,57.548728499534036,307.7482469142967
1887.2572033378037,-2187.7883201809263,119.11039357352269,328.2812840946576
1867.177886466699,-2516.050402518832,111.22209568876302,335.2780499921936
1061.9085670038537,-2278.0460540038885,121.85020139359366,308.9713596901618
1435.2830764002397,-1378.5367689813982,27.16773270941136,298.3026262200019
2429.7722307713557,-1806.9467875154837,157.9935795662625,313.6341132747986
1221.053598813342,-1899.369252062057,236.1555019251942,304.73287415478336
2983.4897858958693,-2375.7489391853087,172.62805707497768,322.9558754101794
1043.3649474478352,-1517.1718502590054,186.6783924628165,302.7400896821002
2981.9469214866526,-2727.6043361137095,71.49769841653186,323.0774752814451
1592.41514472168,-2619.936502599252,-14.395536550827849,308.6838855381827
1921.7304280617518,-1945.4507676974142,178.2352273764127,314.9264445079075
2090.9429046236164,-2141.2676038509376,-5.68109841863367,333.04256391527315
1579.1063721923283,-1483.522017209582,258.28954664577674,323.09606587372946
1440.9951405814745,-1226.8798689195007,30.533562007922043,313.8952736513357
1101.1383904537788,-2092.524398310619,109.95533749360712,299.2160705025255
2646.866008862809,-2901.3109107712553,31.143563380617927,321.71608157281446
2944.6187420885253,-2928.1981937114574,162.86879536272326,324.44627746867354
1251.114951821902,-1209.844912256811,56.75191496455203,297.1662778038201
2719.661677100151,-2101.0746236225714,209.1928306515284,314.7057246959538
2441.0788942346744,-2625.5472765103113,61.052525334005,302.17598945312784
2500.450682353271,-2420.804722514409,47.64258756343826,324.5512055341164
1775.610920804507,-2505.65805449389,117.04231085548179,303.80839855480474
1115.1498200357182,-1930.8273020594886,255.44022925148687,300.5707862728715
2380.84624721566,-2524.242603290715,89.6288044520767,325.3491957071814
2924.25285719637,-1501.5767257036757,195.07376519888646,315.2777901936597
2317.5164933788797,-1058.1090397581895,239.14602888761848,314.71439084872804
1468.1046271622906,-1537.4415071727499,130.07666714196043,320.4640495736437
2073.470528198634,-1244.0672101898804,141.91396858625427,319.11387557208724
1243.3502861020613,-1588.2163283444422,38.4968560089672,322.908874166242
2435.7570922991795,-2756.368116585771,55.9768490881406,303.4114414185544
2345.728387777627,-1005.5606294484855,82.7766364876729,299.1694973641631
1893.587998739194,-1327.7323191492196,123.95937495426509,318.1437831199197
1017.3289874055389,-1132.811331541713,173.2938689829084,332.8061728392093
1120.7321437869455,-1146.0232305738903,193.3128627546348,302.51560545682275
2363.9553727384077,-2380.791156335379,186.48439864457058,305.3076231088449
2384.826686655947,-1586.923804005242,-11.809312010857276,305.0964440208421
2150.418653764026,-1404.1537596180021,123.52005001707815,317.7990333484188
1455.3824455752454,-1549.635870022863,36.85684182795918,302.31616933371
2326.263174353926,-1018.3325856120637,23.346039563977335,298.91962023416266
1211.0104031204005,-2735.9225797747595,226.66919441298978,305.74436049395064
2255.361149754525,-2518.21678678327,28.78249477705989,300.7494508585099
2144.6358159084966,-2951.4645430569235,99.23121330627924,330.6963017942961
1710.987273390036,-2363.5813481224077,128.19343517370854,299.4008633242191
1438.3320832315712,-1768.1243120543456,222.78140267422077,327.69082164112126
2449.165406656124,-2305.2336408910533,161.24087875389614,325.4319159834992
1361.983910025613,-1674.2110670911643,178.9582629901445,296.64975681007303
1314.7093161345636,-2162.4519524220123,74.50561411464187,312.5209902601775
2265.5282381314605,-2772.644437343272,72.19969979775489,321.5689224712661
2321.249061740901,-1579.5931611404446,82.89930180603831,322.14325742009055
1203.9381964732547,-2518.6009948582446,121.22249175996669,302.2893488916581
1524.5766140712171,-2395.2412370384423,35.504331331225465,335.51131031128733
1197.1920681705076,-2034.8455901597547,201.10674870672108,336.6081542707557
2827.6629247631877,-1604.7529203236575,190.55288616762235,330.29722593245424
1016.7730302094271,-1475.84645222072,143.5145078342513,319.02843876546416
1702.023155440474,-2091.666338773519,172.27283949013687,320.54856778030495
1313.642014862643,-2577.494381541725,76.86662569888364,336.2777223058567
1933.9897540317315,-1173.392199714221,165.71199729934125,317.50612326330713
2813.6747147785977,-1283.7859752950826,228.98151023888977,323.3732046757739
2414.7527526332265,-2260.97423574544,36.572249509054,323.1150115173509
1720.3475092254046,-2655.806754660034,166.76647387752726,332.4327032058039
1373.3073908723804,-1302.689112710215,220.64890069377972,298.9847619289205
2410.0242675596182,-1544.8416228514257,252.86692269737273,323.70996554684416
2083.83174597528,-1385.097718006641,208.46942747570537,295.94860115896967
2440.5799392961935,-2012.8611639824758,232.25961167099754,295.30256839663224
1089.710572165465,-1293.7148475572553,106.81498224374276,326.86613925963314
1346.2812483206135,-2854.8346728644033,42.25861121842015,329.15645714842515
1639.7466033598853,-1341.007380168276,63.722436524087044,320.1544482090977
1933.0733935851754,-2666.3628304763683,37.24466936853655,316.6645465499125
2138.8920406541943,-1059.0026541820507,15.033929147664445,296.10754782645574
2124.1879894907233,-2367.1595667626348,139.2580861469263,322.29508639071787
2085.8313238588603,-1002.2381649655504,181.61071017654007,302.767226645722
2132.2326821228853,-2872.939252571388,73.7236102063882,316.12749888295974
1834.9512462554817,-2215.252990220778,204.82611191875748,313.1112476373089
1557.6256976020813,-1483.563085500465,111.2828496312576,304.4743024753555
2036.2590817625771,-1666.633868411419,155.36479208857895,301.5150954626911
1243.7210265506192,-2227.3842788255547,167.42040960431552,314.45504232449053
2498.542739537979,-2216.3949940606913,211.3783517303408,296.25384708116354
2905.8714476420214,-1685.3837685086842,155.47442545077467,333.6493485682145
1108.1929749000856,-1061.0144264458188,190.59530908941224,333.4635366382239
2564.6542822224574,-2156.428828203655,41.56880331185178,335.6611444814994
1447.6657823359467,-2010.7810164716725,102.98505900718172,336.49240521586495
1672.82270986874,-1524.5103054672466,83.82494072611678,323.1711651500225
1067.076351164297,-1488.413393078794,191.3162284243815,304.5636302284296
2938.1715938382576,-1016.198658059079,186.6531835319824,295.57325389130443
2124.191210785232,-2869.2718650338693,119.70603871435546,317.6378030784959
1163.1628644883542,-2604.7079389549053,15.186685987233673,298.7708772147821
1643.1112691013313,-1812.1918544688913,11.607092356263475,311.24833784483303
2954.5621324381254,-2488.9955790541944,119.94694004382697,296.2556622253276
1120.0825151247464,-1061.555835502106,136.08519448179712,314.1689125465098
2835.8122109379315,-1229.2490211902154,76.5800806311143,319.722836952341
1559.0208979994218,-1353.5824593975717,169.3593043471813,337.0948680713383
1155.7742021980666,-2612.0276773179544,131.156468821506,335.96692757353986
2249.291614429965,-2760.9769479673473,203.82010795341853,319.14090947126084
2792.472940517204,-1753.4609076569382,-14.273801339467777,309.10216158374766
1732.831408616551,-2585.837277909666,247.1306834825753,334.1745332598812
1693.2417972109652,-1748.691185873247,240.8926435554342,324.7524333459852
1524.7390447440407,-2742.781094394722,28.264451699515583,332.3539660847287
1622.4943769943548,-1181.9124398050865,8.700469817481618,335.4853818689633
1135.0634696330187,-1689.9003073308184,139.44185072985636,319.709046173347
2010.5421565815764,-1285.637635347557,131.60831640408963,296.6978281455212
1683.1361613549068,-2496.4782600862427,240.87734138761144,321.9335192788304
1332.2845975100406,-1622.782498947478,198.643901469022,301.5213728419979
2444.7404578719174,-1885.7356664229671,108.36551156554177,319.5722995590014
2786.474277228246,-2362.325378722078,79.80908164430214,304.71445699227314
2614.3088090613546,-1970.858016262816,137.29920437614456,332.10296127557456
1271.0930762250364,-2304.4171490949448,202.6527116418172,336.8102248001174
2827.0801452185924,-2830.0099608416035,34.694704080030874,305.67951250951984
1817.616124569055,-1316.3386247487356,81.51458600578344,310.8478946606248
2829.174227940473,-1619.3344652716803,93.8501328073633,296.19292045735125
1167.2732722296294,-1917.9078794819447,227.336382619554,299.1190942597348
2967.5798463991405,-1447.4983233431399,155.76369442674604,338.9960439136233
1193.4790163685896,-2432.3562525550024,89.22812028118494,320.8928466780616
2490.8496160166696,-1917.3276833600767,123.13918645116021,313.23935445902634
2428.825957901041,-2962.2099248582717,206.50264357378384,315.6593129175301
2514.335072083326,-2747.145121811157,52.61985595434197,306.2076092900114
1489.3281089226857,-1832.8067500986497,55.85715197387806,312.1562695873903
2495.8593034383703,-1214.4444466309121,216.78223349887958,300.2398676452998
2025.802386151921,-2211.2624993560985,170.6140645993911,310.0417653939652
1094.0988823299529,-2792.971488379156,116.91272631586975,326.3954895130383
1195.0581923257562,-2855.5378857590313,227.74404212585014,335.4630486396509
1560.4746139949912,-2391.7812718785945,0.02254128035081493,310.5655577035592
2694.8978933503627,-1382.4620972576488,21.36338748481419,330.28979634099653
1851.165531816501,-1743.6215575037202,86.21522815858044,308.6844462670182
1548.0878226931568,-1445.7974314233109,12.356090013980978,305.3201187146585
2069.803039053034,-1741.3404048934572,171.44513574554608,303.9505875295945
1660.4379346018093,-2501.754873009032,205.27834163428506,303.4253790277478
1616.152909191923,-2422.7071912426836,99.47410857807122,318.0236042924713
1396.40408881637,-2548.9147013093784,158.54197307507317,298.90256131797395
1702.5933388747587,-2784.213765974007,73.074159830293,309.6923950121447
1331.3870802489805,-2756.7397021616466,144.74055207914586,336.26631269822747
2148.2084082456295,-2357.1173677087377,70.6462998456359,335.43998011689604
1753.6765612686477,-1458.6593522457702,125.36270058493912,330.2905322094727
1078.8495201415058,-2477.9064203105527,41.8776593536856,313.8986320360582
1432.2409856269458,-1968.423640203539,110.71510282984703,325.95012583542893
1956.8254538701901,-2622.627470343528,104.31842558248553,326.6340283458356
1556.056151858084,-1913.8134334716901,-1.0517837891799466,300.4254047030747
2764.6685299728706,-1092.4710304817436,31.091216471883847,317.76816760131123
1116.4764295749299,-2403.817876436499,175.3158884633415,317.8364697339548
2295.8531929802984,-2619.1702990959243,129.8198658561824,321.9862374288578
2721.9709837164455,-1416.0960267980772,64.51229898965944,327.9924342539396
2841.61831109788,-2219.831165948736,70.7669924553669,329.29841589642155
1968.4086682384514,-1258.588901366224,179.80754182365035,300.89800283578643
1806.2068718151413,-1476.7937611577297,75.99615750392334,336.11210586569075
1071.3023586567224,-2122.5237787582287,109.9837197401001,329.6744644818677
1929.2921518259511,-2335.3710865146013,206.89425081359084,312.6420553492428
2299.806449236724,-1449.3921100942857,158.31371002725598,298.5518901608964
1676.4439229615823,-1520.5088411529284,145.30257105504785,297.7786398285627
1323.4819350458383,-1318.589248626959,210.93944152112036,324.50252869658266
1941.2452412198,-2292.0459597862728,33.10778529162075,323.4781107759146
1324.6372872962888,-2176.332532013468,32.28079145422446,299.8165828578895
2115.8687250617722,-1254.0843334346614,73.85968824345476,306.38947527232733
1913.992123245761,-1842.6299595354833,127.28601960088437,312.9046570861341
2989.614514352342,-1436.9067191179236,209.04993140300482,311.5150681877071
1325.7910048471106,-2217.484023966634,74.66253645334265,299.5139800001848
2270.425159283395,-1145.8381990440164,110.6719320330108,335.87865349934447
1398.8306070068725,-2903.104829934864,42.30419511331841,319.5934010463997
1836.942776190696,-1268.0013164034963,9.445081433307696,329.03747834698476
2494.875609906213,-2259.481387973146,59.5414107131226,297.7629770696433
1994.3201718437708,-2954.838515982479,-9.551586453363658,312.57606887932485
1721.3983939283034,-1122.0006565701124,133.2753359329646,308.6151061571823
2778.2665053132146,-1452.0842822999202,222.48257199619835,323.226332242952
2744.2591788783884,-1031.4760349743806,8.131752686735112,308.17634924461197
1765.0580993128551,-1532.356712150633,205.61109463199332,330.9031338831063
1189.325992195498,-1854.5779585721475,125.27258500996192,316.1554902508539
1685.7327468641342,-1799.801826788282,259.0001574624179,298.1863945123426
1373.2354431524568,-2124.801246822002,226.49281699735243,316.28333928615876
2489.7444992459777,-1631.785555278688,217.10741525482672,322.9373182512492
2277.119818826636,-1474.1516887245841,222.65017115314362,328.78338552439567
2010.2868129666417,-1426.5055390328205,180.9317338566544,304.890038001753
1032.7490064144088,-1002.269174983629,255.7724928810831,311.77539455364547
2932.184504714434,-1339.0804709053498,-7.869194489764431,295.1090955932546
1026.9350798527603,-1775.062664320873,106.13217464769035,323.62943801424944
2054.8990381906424,-2119.434419890566,242.68193088864518,295.9929205270841
1863.2887490455646,-2562.6479278726692,55.08240085331754,302.2834433181978
1523.7885243550718,-2934.2932486755067,32.424471325390975,300.04787409586373
2779.994183032922,-1646.8803225026481,226.49676368368785,330.0376262424219
1686.1210009038143,-1456.9690216588613,62.321592612955,324.9005121159205
2130.21506711267,-2768.3678474198937,55.492628143785254,302.95777306239347
1261.1252021633975,-1577.6173757491688,187.09214520101148,304.04519375271065
1104.8779298453649,-1236.0329663919908,52.52369545804417,339.9252212682553
2680.4508225479726,-2312.8901837894355,258.0446162164568,322.91577293719047
1257.7384131020024,-1806.3596551452886,-13.429826539909554,311.71596700230566
1270.5070760293947,-1489.607211866735,116.80717004314718,298.99361197354733
2313.6788120768592,-1164.3960681306803,-0.15204147933208922,312.4952114947651
1429.8033799854443,-1636.6974792431663,210.5092678381591,338.8980442153544
2561.7466033929813,-2470.874842944938,59.29479941942492,328.3894467648275
1149.3157279797879,-1215.0325038717333,254.64023452867968,312.65247389738636
1062.3639872476906,-1026.016152922488,116.02138340099964,298.8883132273969
1758.5587019790958,-2761.534664743095,165.29312266792897,298.3094211082474
2733.9207197018914,-2324.479940922103,255.22184771459075,337.23424295139466
1268.9278334148012,-1804.3711511416157,183.13638753353152,309.2034578312529
1010.5778861525451,-2835.60179572168,232.96290176253308,301.6425936922442
1964.1712480774981,-1820.788072310672,162.11807530870502,330.16154487601926
1897.7735905877921,-1375.7905265246864,154.66799465258197,314.2386454342823
1875.9336199171203,-1568.0128984536786,144.98647600480456,315.0925518930464
1459.7017756495263,-2591.492053351808,64.83441334842205,317.9342116015926
2420.5634534084274,-2569.650018895354,61.05875274295893,318.5906576711186
2703.31820278261,-1549.9883475429685,242.04716965744865,334.50059285423686
1907.81751677679,-2763.9824707230555,24.390254598577478,336.98299769789423
2851.8170371095084,-2161.8502778573134,142.83806629152858,297.86416431796266
2433.3794258135013,-1343.2111934896445,154.56226528584057,323.8926699958238
1153.5661343453735,-2886.459533048029,135.15193960492797,335.16439146982094
2880.8752969411926,-1307.8228939039514,30.54274860722635,338.07489790635515
1785.7797085036723,-1735.6549551858423,29.10399745688934,315.9991752756942
2256.5311476653824,-2827.125361429832,88.57517155701956,298.01352215615935
1350.9494142040944,-2702.2130568219573,39.36200742289032,333.4067350442634
2042.47592427127,-2344.295308121365,162.48862970693096,336.25439301644417
1440.952232331577,-2221.786266430403,90.10738274176973,296.44151213445457
2309.6052854417076,-2668.4543234231332,15.233695566597394,330.36920947141806
1611.7217323784616,-1089.5336549585966,225.86244351411585,301.81603833427454
2993.645832168283,-2604.205002642093,60.155403019567274,318.9107991626876
1217.7852448676667,-1185.3028929988823,9.886158804769174,314.3418606440091
2128.01422924705,-2668.850126466564,49.467804208610005,320.2150744499909
1367.1369047715518,-1282.3863668951333,26.50886057844663,330.3930050338284
1590.8835868408414,-2475.5534307937487,81.51393226846533,319.82891273377686
2720.722478304928,-2671.01310859305,85.28126221493599,332.581955868313
2002.5518301985103,-2584.5493870280848,55.33622638905912,309.7722981196567
1178.0233397978493,-1746.995445921309,249.3499450730008,296.0297126318314
2457.224283285176,-2302.029857643931,-1.5147071021921175,319.44011011353183
1888.1977949688933,-1727.8711762673129,88.20279831235486,339.10861688189254
1165.3713004440247,-2385.5241351631266,231.76510762749575,308.95388132288605
1969.1140309810517,-1155.9866877999834,29.74862647905472,330.5564324579225
1891.055759131275,-1368.316523341285,49.41942838626839,297.91834843325097
2167.575321971429,-1623.8648381180035,163.60874735741507,299.12217654809353
1868.7557825786826,-1750.756827001941,194.67251759210893,312.8795671077085
2201.8033651878627,-1603.287261824553,167.1046914054479,297.1979660223516
2407.679569259166,-2354.7601358349602,216.70961770749386,326.54014678375046
2978.924490098704,-2502.411810754793,213.47530733457415,303.53384972260943
2115.250021678687,-1921.5342012654537,118.59124454032815,304.01321671088056
1881.2348116620065,-1811.2923538699145,174.78450818258915,334.796481190357
2424.0928907958755,-2667.364870452776,129.25598452062908,299.48933247829086
2827.718033449914,-1186.949855235157,-2.9149514856934875,331.6270348940605
1046.01637263678,-1946.277877919287,158.50963389289947,308.75716345192126
1072.120882043111,-1290.118125209584,233.82972264944183,338.79527400478645
2954.6466453587536,-1760.263480303737,84.06735463088782,302.0357702771865
2092.0171112923417,-2908.045200717806,178.82743709322986,304.57488469892394
1103.5533188027014,-1971.4289896027824,229.98126528081988,307.3329598626157
2320.7459390991457,-2563.8342158654054,48.599530802258734,328.020675501848
1193.0553463053234,-2465.2470786062295,9.445695718955267,302.6172004080783
1212.2876050346717,-1230.8307242202181,-1.8070846698845546,306.5215708821761
1805.4663070742672,-1222.8869020686939,88.36196476802733,295.1053630401809
2327.405110778136,-1692.9561067164227,209.90504753825252,315.0944693859362
2640.2410611884097,-1531.8094666241839,44.384780780942236,297.68601013040666
2707.738940816859,-2713.6658322971175,184.0502690656231,330.0131223905593
1773.5583251578007,-1591.768007694686,233.8540987184819,303.53283386210137
2960.36378915571,-1763.3017527840757,128.57806413733292,320.45636892261547
1278.9308815429015,-1588.3290358014015,222.28526334755506,316.6900829035768
2341.4273106105993,-2529.335161553169,259.1272003465217,310.7230862923642
1463.2579060489077,-2780.3159829556307,141.66550312580264,314.88458398043986
2416.4648302968667,-1562.0884796448759,158.49863056943715,309.13980286238376
1938.6799514292074,-2466.9419517587758,10.034727317112822,306.2457342301475
1060.5863149732238,-1077.9821954929612,208.8654630277323,339.3659474798012
1089.3158505076135,-2035.3189674548832,215.65642919808346,333.1113241135523
1591.8054839415636,-1012.4327904577817,139.7234859683613,329.7086620846639
1194.8325031016561,-1544.286788535996,43.83731946177535,323.60413874979594
2376.15127029238,-2895.5116181660487,64.14760494210482,323.7260009074879
1921.5065277630702,-1124.819632033002,107.74262488184542,334.82624779267377
2288.0319087671414,-1179.8858155836547,167.60007788497978,328.9124737292988
2333.202349471032,-2158.6793288533736,116.06971947524758,333.5921264847401
1094.9937123948084,-2954.280843428907,231.99928752861103,316.93162277586066
1829.1697919354751,-1339.0342469543202,173.21665300741344,328.8356603441464
2365.766352597735,-1643.601883339543,119.85869681148867,298.2408307741918
2806.2311676502627,-1726.7947492461767,98.64501751091655,317.33084538725296
2891.997374603002,-1737.551408710265,215.93089762802458,312.87236434397096
1765.4138467355237,-1517.2158631700822,216.42943869813087,338.37343687593574
2152.6938658878735,-1890.2259716464107,98.21886482853145,314.98243387348487
2868.0377056959733,-2985.836637683341,255.66556941562868,310.28921184596487
1090.3561483687092,-1663.952732487214,112.89445986830614,312.35159650648785
2952.3762478411822,-1944.2012104663045,-2.780659791736177,296.6079752644083
1909.5785610071257,-1619.444727893316,102.37701237559457,298.8604339705352
2698.6965915319724,-1084.6642354345142,87.07618189992657,302.64797705754444
1335.6621710014417,-2017.903013987368,175.55691553975427,332.48841131045106
2871.6868125970195,-2947.9715753492824,201.95404846878873,321.74794941730596
2548.9123911766546,-1933.9752193887387,213.5913744740051,332.169296002763
2305.8583701889365,-2474.3591549982702,57.35224599680275,296.7952255585726
1346.1249218804096,-1997.3401874612002,247.92481629366517,302.1080394849369
1876.5447200270814,-1144.405309556948,-4.235870863604999,300.4817083968613
2171.378920353436,-1529.122682941575,220.77319246488267,316.93954990473895
1803.898911207493,-2739.8688459326827,43.65816164273129,327.7136171454553
2785.7404720074146,-1606.511287526653,14.688838962091996,297.9073037998613
2101.5741275860264,-1289.7411618783833,162.67432483139345,305.70032322461583
1178.1065749003037,-2959.853236970278,15.188782423284202,335.12384718544484
2750.6729165268835,-1697.4524080848228,250.28982684873256,302.956572298146
1622.6148613357057,-2903.34183089771,242.2919006821765,320.15114980762826
1343.1417499395027,-1844.5138751312988,55.30458407452761,301.78307794075255
2285.760407066061,-2497.9725067635427,192.5587213944405,312.25400379749465
2615.9471660266295,-1438.9920175596085,24.99013818366484,329.4875378488893
1580.6090176653145,-2215.0540496786225,123.12643756231603,297.5938781562777
1974.7691836220245,-1937.5227824346725,-8.616828332469323,326.7082253491518
2935.9627955194082,-2399.3337553736915,165.03517236953738,321.22567161286355
1883.9231412896575,-1825.2634078102378,171.80072041430827,339.45086171013065
1746.1072628624454,-2413.1779432918956,255.02345068143472,334.665139774966
2100.843751018173,-2612.8744578922215,148.8631144035988,314.8862945613478
2414.1607436047016,-2234.62237688798,221.08695686313433,302.77624276993936
2286.4611337482856,-2634.227048156191,175.58580169816028,309.2217083311317
1066.3923123665181,-2437.38296494851,248.16875930955734,326.51377460514163
2879.3288260617555,-2678.721075397946,16.599748844711396,315.41908960992237
1917.0397728862408,-1898.898087819787,108.74996766793431,324.50665375606496
2408.4419328065505,-2549.4180940808405,17.34213429350136,310.2456309270279
2197.3237648557833,-2537.0358344054243,3.932799328027265,296.46953057508574
1328.4584959495726,-2749.0724099909335,238.43006150065764,331.1805661076379
2989.482454060232,-2572.8168657201213,172.87906134948636,304.646314845632
2574.2354369760487,-2519.6935309057453,236.78738345567456,328.9237797805373
2345.4489204294036,-1030.50089061182,135.37778669585649,302.12926130429395
1539.3921241987864,-1675.8545184470831,135.35495330460787,303.94277543406304
1382.9430926066575,-2963.450223822301,196.7889034650384,327.03309069118785
1179.281353068868,-2000.72408269692,79.86674271451427,323.5123443676251
2115.273890990783,-1275.7060745280933,151.9868655297654,320.9841805261773
1422.2021571805594,-1506.091047017597,38.687891345377494,321.9085818376891
1841.82765803627,-2825.1078077345287,-2.255888443754017,319.44754783014014
2522.096865552861,-1438.4096229635425,79.06372518121731,309.5854313797686
2213.1382640018446,-1400.0309660347498,-9.2536717140526,331.03033526214546
1635.0203121374711,-2424.6279118981474,79.98892207976215,299.31567703798964
1185.6798087667603,-1335.2310304047073,115.87615220989787,307.39147802876687
1616.3526628885852,-2253.79888941334,257.5816536079957,310.55190445363485
1394.6081527396082,-2777.183861792921,211.8642254438183,312.94122702992837
2090.532198559785,-1968.7643220116897,111.610014518375,322.66955007331546
1844.8070339621554,-2019.1890505967126,211.89629796075357,324.13098303967894
1717.6049482390938,-1951.2678007821394,215.42922299233325,315.0235110633647
1772.7398923563242,-2205.044038736276,235.2700637376396,331.4013505322379
1815.984279671843,-2729.518471214418,111.07070300599713,315.254509413475
1852.4282106062874,-2488.6128538031808,102.68203520370845,337.5314335072221
1654.2664843843736,-1150.095310271681,11.586133931555132,302.36785756343045
2519.370344099145,-1426.7325371835925,204.25005669633245,323.5775865341062
2058.3441448123394,-2248.763323579207,237.72077963266565,310.1919554760214
1022.5844106788471,-2578.5927588532886,41.33852815372191,299.286185941402
1821.3125699613474,-2694.9132716795393,221.53971259399916,324.81779254246356
1450.0019867731135,-2171.5049628617253,91.56576637698808,335.5254983173646
2190.8911642536614,-2915.9934483675265,149.23489149464453,317.94144562522445
2678.7587906040017,-1462.9693779348177,217.41027481956775,310.4340576578056
2486.7337569936903,-1239.9140115281912,96.3978027619395,320.4395645207796
1246.0142919822476,-2469.6163935898758,61.07655010991573,309.94847475136845
2001.0039777656923,-1377.511623846651,86.41045287328566,302.62789169340044
1931.0292068818187,-1495.473610660403,236.16587906932585,310.63682168372054
1879.1738268965169,-2002.402126277877,146.5999477766952,322.81353028983375
1738.1182084142304,-1207.2276838450362,222.52722219710753,338.0329622238589
2373.3926983581277,-2025.5052981550666,219.76780758067204,308.5920882468371
1243.3760840150535,-2032.470854846786,218.97387233062904,309.1473649566084
1099.7796719712683,-2059.3136812877356,160.77636188513088,328.17285878998564
2286.949914448278,-1131.0947779560515,163.32002529021048,315.66401201137575
1401.0715439834075,-2606.0283907120584,112.21837067161198,328.71415431358747
1717.282490411416,-1877.431668191494,101.25699170423024,295.5137277718796
2844.119123589777,-2785.530292707672,115.1925299623743,307.4914204031276
1283.7958096036143,-1954.0978992504042,259.7284179400083,337.68012785967045
2699.58062642439,-2767.0193674730967,161.69408377835143,297.63138328748124
1811.5071383083123,-2774.652561318155,200.43712025370712,329.34027515714394
1383.4866837927352,-2698.1271806694217,149.9980856369723,331.7852702594424
2969.7683928376214,-2732.2088548968,87.23288431567921,330.2980310891448
2215.3278213417225,-2237.293521754692,121.18890689797678,321.2671564859723
1444.474470658629,-1815.3175753507853,-2.8335060617734023,316.37712691508966
2526.830654572369,-2428.738833132147,239.75612805947787,337.6687860152716
1741.0671682018885,-2925.5002184244413,216.28444248627372,297.3580097602938
2064.5166966321485,-2591.1421432295388,229.42744860277534,332.9946641390636
1713.1296602327047,-1974.8129311709267,93.30212031711754,327.02929783682634
1327.0258362709792,-1483.2469121249362,65.47259760074884,316.84973440225474
2655.8955005595335,-1169.5493411580624,41.931257292112555,330.1388586648206
2413.3027608955954,-1859.2287628313654,34.95315498432992,305.4740950603124
1521.1913490510365,-1767.476724962595,174.07169587020584,300.92437977146074
2055.3751555026547,-2374.079324112098,102.7945812224711,306.24683657200296
1025.4676966436755,-1894.4705962945145,114.52816791879428,330.40480903355365
2689.657306867215,-2322.3788475908896,47.20436207821217,305.16475367343963
1444.6658037283405,-1802.3322634496947,131.44242022501854,309.24344252263273
1615.376175861291,-2999.219434990021,193.62815947608027,306.5665134232108
2781.291484174457,-1752.7385786412467,13.384011670283634,326.1729767002752
1393.08101073985,-2135.162438906365,205.34868263365846,330.5166770351781
2352.7832504437365,-1088.0209307946573,143.0576245456369,311.3472277922533
1110.4017361536155,-1368.9951157069208,217.36945451384298,304.46235633212046
2144.4082202014793,-2080.1990591853382,111.49459717420166,312.36700095659774
2540.2764841685466,-2505.1675675004217,127.73684470794407,328.33209477959235
2133.212312136097,-1173.3915065369388,149.95014597646068,329.982817147957
2989.225582390991,-1123.3458945717045,185.0237382983948,304.57821683414824
2181.65844086803,-1197.4216542265758,232.0608046056909,326.5273106165775
1840.865658623114,-1129.892990902649,233.7429164151284,317.93809992086153
1592.018697261908,-2841.317409145864,203.48337604889727,335.9673882429906
2267.023546586274,-1440.5457171280295,6.526754000383185,297.5939044065531
2440.4970289380544,-2053.9835603669935,-11.94759760316931,324.9671910640834
1815.9210676698713,-2234.206939069024,177.99111806236783,331.1014991492859
2901.033394669729,-1587.3482297151959,24.981869933459457,318.1917440350102
2375.635726633983,-2455.482752543387,203.34046938049252,296.64144709002323
2219.24719376231,-2549.3066584784706,233.66150816133117,303.6989805854526
1579.3640167062329,-2631.135385706967,138.69927455972743,318.9384495917497
2967.10271425038,-2198.9940311470355,244.47520034473246,322.5826895010663
1485.0532675187576,-1160.6014137696689,129.424639512474,336.14138054035493
1987.1574255511352,-1385.6750843953866,13.11092516302394,338.781650971931
1919.2086940507038,-2119.6999874870453,210.7475108832642,331.51251681095385
1940.319881836414,-1512.8232506990166,200.35190168875218,316.2210100412364
1721.4739581414033,-1572.3631962047898,91.1157554036846,322.05843050977126
2425.7066063182356,-2945.9082180382884,195.74064290352786,336.38328064245707
2629.899077589935,-1555.4278856905396,38.97588953541506,320.0548422894921
1271.1386963795962,-2531.5759388751662,35.29758529749791,306.92443654771097
1081.6106748914651,-1700.3935324438814,142.76194646091466,318.8149194076777
1889.0810021162856,-2419.5650185957124,93.22833963735052,309.4566349065186
2999.1144979836554,-1755.3710377402124,170.82180298845842,325.086072270957
2333.9420557785247,-1009.1054583149867,138.2302277480425,321.6633923281234
2219.3924972376567,-2531.55310343186,192.032226875254,324.25863589256335
1893.8829169306127,-2027.4479828753344,145.41621235190462,337.6322337838684
2594.445359331334,-1481.2167588645123,163.52583290187349,306.98100993744646
1130.9444096067377,-2279.687008429395,60.21402167731087,332.151437122582
2234.971192979602,-1596.0133162109903,116.31646382478237,299.3576948802045
2628.9712896507936,-1196.781080117996,224.98469549117812,314.2665837579709
1726.317286467497,-1920.5688287228004,43.570232630048984,312.4077490430675
1900.8999670046742,-1284.658640449041,90.01759947070396,324.82958124771613
1605.391942811264,-1263.4287755294545,218.58606313460905,312.1641500973301
1912.3835671973766,-1761.7407303466416,60.980591122384595,332.8656191608937
2315.9578697406814,-1401.806060709942,162.8237660612423,297.65798055354685
1000.7561697643008,-2762.044870997151,50.58037802988528,319.5427097647359
1083.8538178305676,-2359.7837798017545,132.25973734210382,332.8567006396738
2044.2068563890282,-1369.7524977791252,-1.0602798254314934,331.4705570521493
1398.0804136155468,-2157.3078301187115,143.55807605141197,329.75853188862243
1445.955215200332,-1515.5045594614319,92.34600345252198,312.56595449365136
1876.500850474533,-2061.731785514659,161.07346247270243,296.46855006717567
2108.1914888997826,-1688.6890989970368,198.0212349250748,302.9057945083943
2484.846671613357,-1843.826585045128,8.920611919012185,338.9435565326106
1400.1121184722547,-2913.4161078948787,20.767833091151672,311.01650159058545
2735.2828989489826,-2413.150866198875,192.13690585148572,324.64251917698084
2695.221633812982,-2682.7112032548835,167.5261996229116,301.1631873974688
2157.6164488412287,-1855.6124390390828,251.76037091974052,336.73257898648814
1261.8993837369294,-2018.4005616194759,150.6463537390003,301.75367978864585
1866.9294144437063,-2019.9103810523507,4.096460004941317,305.33578688673435
1131.0891630364183,-2784.456247666457,194.49638156756367,339.77706551075346
2933.524185157853,-1829.9106200880856,196.2546712033298,325.2787907845959
1306.311228686214,-2632.989875686773,225.31153846295146,301.23015990157086
2756.61411532282,-1081.2732130885065,219.27272082395947,337.24245881168116
2050.5966586413006,-1440.9060638223375,11.386193762864433,328.75773676081525
1632.327987678004,-1662.7213329356678,131.1027685216194,318.1203375549007
1160.3164542026443,-2597.812268833978,142.2921203515266,301.01895162296734
2129.8367195133233,-2969.8294622576736,255.04938974950954,334.19826915002693
1786.7376298078111,-1970.428641085705,69.7907124152709,317.56761596287885
1237.0485110116053,-2788.3969926961554,136.49265392398038,327.7796786226663
1162.2035457806564,-1701.270711686463,-12.384457849047445,313.5606353294251
1939.5800062169187,-1097.7969547150647,188.96453935814432,311.72338717396474
1271.8882724464124,-1404.6791115815265,62.40186786205372,311.9810100055331
1534.2507549453476,-1250.5593711291478,209.42966966895182,319.0318839211452
2961.431155709959,-2075.3824865559163,0.9925985350901723,325.83108103101756
2413.715311670604,-2547.7013218590882,68.00437190214156,314.59279475625686
2446.6308538889784,-2922.093769155329,148.39072290380378,330.6870550874637
2952.893905297712,-2398.7123928499077,99.28615182847555,298.76463317098734
1369.3026392945264,-1046.4529324629007,220.61235276310228,318.4519279351387
2797.84709047009,-2562.157102249089,9.405203773677435,309.3887690768717
1163.9835642122728,-1011.096369236687,132.09939418859528,303.2591306616162
2355.769326261605,-1191.0950529153706,-8.162870730288443,312.32183533132417
1552.4110177372613,-1910.7209616295534,22.438818477460842,329.79552352808696
2681.676246988423,-2538.5644932334862,-2.6989621600928118,335.96650696803016
2809.2175745028,-1628.844174410905,175.02042500042828,297.53593655676156
2050.501864210183,-2066.4820692061385,201.05824285127215,320.25163889841025
1781.859981367206,-2445.06720250506,121.2191683371444,315.68042353479586
1713.7980219156814,-1300.1479825926758,35.188243348696446,319.6944207893272
2881.147961590059,-2067.189789329688,247.09523226718972,323.21826880062224
2718.285139163678,-1447.6000382974776,208.0297801861421,295.3240220638842
2745.4527221611415,-1049.3232854714774,6.9257655416607165,313.16128624899875
2351.34011909735,-2978.399429524606,129.80849037449,317.94801346110984
1037.3124535101847,-1673.8532524189393,159.52326536341096,324.4919976491382
1869.0587993824402,-2938.4091676282005,214.83244115901402,298.80050493235916
2843.1333619028424,-1928.4080815796804,216.1108657945896,305.6237963771201
1181.8807261676416,-2603.6027138944846,247.77552969055546,302.2918452498694
1725.8831546529368,-1115.7178091949004,14.265401329752034,337.34337668597163
2815.4280520526586,-2545.6180345166977,204.81152901525869,298.9936102541488
1562.5448293578072,-2513.3736678595874,85.05843314021365,316.699827790044
2559.3900026961883,-1283.14271377603,255.34457366369048,308.0496361872313
1581.9021854760567,-1212.127733046881,88.32931311730084,318.59677984496915
1843.1730942262907,-1590.356821217338,62.05921135454594,307.58017805163826
1358.6877962788647,-1238.4882708891362,7.188851945629505,329.96280448887467
2762.790749774434,-1110.6391727545981,20.29309395069137,313.31124435048997
2867.1642599902034,-2847.816761494966,169.10662719743405,307.54871657902675
2283.526536240981,-2346.260560571632,182.60872497151445,318.36899125798186
2776.549755496658,-2436.619653716304,212.87035661212747,306.20058701060606
1739.1811929469068,-1547.2806702796504,189.3685593613522,297.1938682009332
2993.6783118873664,-1491.0736185786466,84.39597134803614,322.1264048712531
2671.195998378156,-2695.275867919386,186.77595789569452,330.0410777743912
2449.841581908534,-1151.3750270739663,28.75804202182107,298.21147602934417
1136.7902951966087,-2677.8577349618527,178.96075134362135,304.3101233020028
2802.1581993309605,-2874.481919120839,188.12822869940766,331.42197542907076
2667.259398478424,-1989.6161259928435,108.70421519073378,329.7470323097077
1686.522054159424,-1680.0909645116558,124.74047889871463,295.5721526010201
1959.085079220926,-2857.710072691505,199.68884951291466,329.16586316920547
1152.5896818101046,-2886.1441661074364,192.68131988410062,328.34903729991424
1598.0303363570056,-2658.0359635673203,73.4720772235206,330.47110679359747
1791.8891983735557,-1530.6299396315228,-4.503114748822304,299.160594922791
1757.136394776096,-1715.7972755819635,80.1924284612692,298.54826168409494
2542.469635770439,-1319.4710911300917,101.27649945932369,314.3943015872407
2789.341611569863,-2465.567508614107,108.78751434072227,314.16621782577204
1841.3851113413452,-2914.564782155883,4.174855539373787,321.9329044097596
1326.5668586432803,-2724.7237384630234,257.11620797711356,299.618826884275
2811.845113688065,-1977.7258688073223,178.53111204443587,301.4039229090611
1287.2017830318039,-2569.354815367142,174.33432836684065,313.3874355461964
2216.5128635749625,-1620.9653841684,186.54652158557482,339.51219601220276
2035.3995626204437,-1383.5436298715733,30.54179112648812,338.2523834030713
1799.8148237896066,-1007.3266704904543,169.73331078629576,328.82942796606676
1290.463286752471,-1880.3213721852817,36.383103717241355,301.7071731070957
2223.3491394471844,-2369.3009312733334,73.09243295197587,333.0218456474025
2849.3375811387596,-2893.246108308706,152.14944463036892,331.432435816153
1483.0725466954311,-1068.6295385699088,171.7692089199899,302.4762998974902
2894.3478625762727,-2506.0745829958178,80.95986641146258,300.3109590936096
2046.3832674210112,-2648.7613906849556,-1.563995857119746,295.6683478548697
2422.1094666485287,-2940.472788448193,234.60152231506524,329.2077273974923
2034.2460109547972,-1956.9053589790267,211.71475153789513,302.83420551944454
1327.8490814904937,-2717.007228101829,115.42892787777092,309.83673551303525
1163.4428659028085,-2799.1314989618595,242.57113236287216,296.4147329227643
1068.3036629566257,-2140.7731317740468,216.75947803956413,308.6111065551719
1092.2934130075578,-2193.13286645443,20.119373935171254,309.1817185228013
1896.7548019930334,-1175.2821919681012,-13.874400725125733,327.0171744512605
1696.2956629226119,-2843.6665007630195,122.33326020390066,316.4516618774862
2432.654708400815,-2331.1729631635867,32.2757499217053,308.47517457172177
1803.564682779125,-1855.5962445908979,111.75388210898103,338.66693811457253
1976.1943576205397,-1856.1382033431967,91.156983254343,298.90436893891183
1270.2439839649219,-1794.9999307725136,119.66123615733537,305.35873031856767
2438.3450645500525,-1590.0441158875358,174.39993123284447,339.3747370575057
1611.4055864100792,-1078.4254018078122,149.6865598485052,302.317390408456
2527.200352093904,-2699.747232731106,158.92320637891547,322.79857360062385
2367.7949940258004,-2817.503440690796,46.1831471193058,327.9687178677434
2286.317762822785,-2401.8094666636416,226.14223906747858,314.6124901530959
1027.8996532691551,-1258.1056730149762,13.754675466842063,295.5885462233304
2632.9488188637615,-2752.9524088747503,3.6481617332719942,339.9005291238366
2237.4724494898055,-1953.0089679371038,232.39508848982098,313.35185525026014
2213.126998243237,-2470.148357311742,3.742454568425174,315.3702037565378
2671.4846084094906,-1766.219263052812,207.55413481319655,296.52693261496205
1420.4447174895324,-1463.6787032416157,61.513359311600794,303.24681443700473
2187.107610660196,-2011.3958181826279,226.55744285245902,319.70300150979574
2947.8485475895523,-1528.6622326170868,29.98864803805389,333.20354740493485
2659.5705904090405,-1271.7918843828206,171.54405935017044,332.9465750480038
2839.7702529464623,-2457.0050073247385,245.84531365724712,331.9626568055868
2047.1904789461307,-2121.257772709757,156.15414951419905,307.02466474400995
1151.976962320143,-1837.2708871359314,-13.104016817959202,324.0513676514163
2325.141437125678,-2408.4891616946634,104.04810043696497,320.2162590113341
2656.340466337422,-1833.0439486350956,88.36432804823487,309.72483196370695
1572.982214139286,-1681.4532981378773,211.96713908066064,328.4543283550337
1920.9262815371976,-1098.365584488182,149.34873036957654,315.6847783973588
1566.9109971813727,-1582.7337729874914,129.22331347296523,307.6934711025403
1360.081548098937,-2156.133691361478,106.7237428112619,297.1542368856892
2705.5158341673473,-2819.449963306504,49.30655782881365,301.32601400569996
2357.054838417819,-2737.330318601275,74.81671264379082,327.79623863427463
2074.466778922202,-1260.498769845015,172.09895328211576,314.2306934830114
2657.08581190533,-1154.3526301772954,118.8853320205524,295.0921642315235
1491.93490688495,-1207.8620941686622,121.48130847787701,320.70156151460145
2348.3186447220837,-2571.555157398375,219.32526738756098,327.38860909372795
2899.431062013331,-1973.4161135381748,157.12746564392208,318.2395191534984
2615.469757578645,-2122.8276385737863,206.63765851055038,316.765119368498
2402.8363452999456,-1800.3418629766259,216.41979330763553,305.31952380877163
2715.60114361756,-2254.508031843864,168.34221370744467,322.7280645108892
1674.1942816914157,-1061.6534198061393,79.14214527103222,336.9076072462902
1718.7600529220067,-2129.3475273630925,252.658629249603,324.1185004620976
1019.3415352471236,-1281.2516839429584,237.3325139494054,325.6685502525085
2388.0268705075086,-2421.9969452158957,169.78834083503585,299.59158709487946
2724.414943823445,-2974.891585884346,251.83603007222115,336.29632163764967
1840.30199565326,-1751.976325873269,250.9354417091639,307.2756125946774
2768.337614395431,-1732.4192064667202,-1.2454708478587602,339.2026453155681
2649.6237758656052,-2346.7408019913537,232.66492314498475,334.98693838963464
2534.3346367795502,-2784.9120195433875,95.58341514231864,326.99994965625285
1727.0399489520803,-2593.4116026504907,244.44586778981898,300.3717434912464
2575.9686044248742,-2412.489338763964,34.79580608987037,331.382769779201
2227.5879048853267,-1785.4407899294051,36.17420251910799,328.56411787007164
2906.1556476399555,-2135.3010360385147,136.47568725285998,298.35411856793013
1286.6340433926407,-1506.892902667815,102.08626000481568,324.5908544510854
2591.39689779732,-1807.3143225570561,200.09019533115506,302.0880802827128
1877.9330594032497,-2279.2478335716296,-7.5638604899379605,315.95193605885555
1507.0940064921397,-1522.287574840506,96.43921907172518,321.1126699649741
1062.6082907547213,-1066.3354137604756,222.03569937679623,318.0519158725951
2857.8304767863137,-1911.107948954438,-2.107051339567402,339.0350884899953
1084.0854806998389,-1399.9079282044497,-10.61744218618091,328.6787551633671
2725.970723899488,-1605.5967508462327,245.68533768190412,314.39886282681283
1763.0223347311305,-1051.716448060751,116.89540855281433,329.0267758376712
2790.4953692554814,-2687.0978037142295,242.48619078113904,308.2630161218147
1627.3724550641193,-2131.507867339581,123.5983910242735,295.952799820145
2329.3767524193468,-1184.264586418222,135.53219638196018,315.8331683349466
1730.020522920393,-2156.845913851748,202.70395274868187,334.418662488188
1670.1478394126975,-1869.1969221271986,90.81336058069401,304.5447132124858
2293.4469210736224,-2472.1398692987386,110.04850983529992,338.6391570096548
2551.068982339285,-2403.3031461975606,53.61508909632812,339.2525229538196
1282.5336878725511,-1829.8953977928882,200.8947924224526,327.8670321864959
1168.8805634943772,-2498.5271884317212,168.82703880378227,295.17443797877957
1475.1302902078696,-2848.036547705286,69.29496628991248,306.85251783219707
1292.4832998436384,-1724.6782315952678,41.575239705256955,316.08576875932306
1486.003616878643,-2294.816137404868,221.09381053089817,328.248170676187
2846.778492561964,-2273.2527041143853,140.17336424251528,302.3249769297685
2812.864412546178,-2394.854761887688,57.01348299072251,322.1943286495126
2235.841669669479,-2876.7751453222104,78.70183045159828,300.5951149599485
2812.843503285982,-2208.5894083588987,9.051431281934818,300.3716765555882
1585.3085308747895,-2714.2471517027584,172.91270789157034,315.5718452972684
1188.3484250300835,-1732.835571071703,165.89666903254567,332.29211034944467
1731.4529411760773,-2361.9246401880537,97.0045674000924,296.08739600560796
2759.2074674287337,-1314.6054664479707,130.08611221748617,295.27243946523146
1056.4397019654596,-2052.075279104832,218.2999859779772,305.21925382204995
2749.9524869021216,-1382.981204027327,61.78044563230759,311.8546051852129
1915.4140994265995,-2616.388122998677,83.65858404428468,303.1249490339845
2488.8917625418762,-1431.2285564575666,-4.074513269086323,321.73722218333495
2054.2772942388974,-2650.6801564685406,183.96753407073658,324.5321180309037
1180.542302910194,-2972.6326294469686,105.7787625726851,306.5604907418375
2467.538157436803,-1943.7459971795804,177.63743007785135,332.40425912003195
1255.1904352001739,-2175.5395078265265,56.122123790989505,320.95792479658945
2890.0543811657835,-2564.1675550969735,222.73440889055195,314.1549597841536
2023.3543306294907,-1103.0622476855126,95.14071431783601,322.4546124005508
2290.6549186914276,-1846.2550725890135,233.98771197162438,329.0238066948853
1029.0048858049995,-1287.6771764268153,108.96571413885842,304.37795351305226
1274.4726642703852,-2895.1150440027645,81.53986848895944,335.1243815041186
2634.812203668219,-2669.7796023175088,144.92314274801402,301.6939004090612
1116.3051579625344,-2512.065344042311,156.63120617104096,326.036565701817
1083.956737053278,-2811.591719968981,22.653236751188373,322.9726902017287
1173.2067627788092,-1014.7685246854485,193.2572953655247,302.0807462789286
1348.6668428129997,-2183.7280556133974,36.19744414261058,327.3599005665674
2501.2194020793927,-2804.819694213623,217.36113290119548,298.812026101297
2330.299470155067,-2106.0703809019615,5.837229458330864,316.43117070832335
2581.555978854969,-1068.9120163736955,9.177144675439834,321.3774438612647
2523.6303119377008,-1816.3772995820027,30.93791196289788,298.1585219732333
1129.5273503691888,-1120.4694562120421,210.49653026918514,322.2585423910265
1494.4663220499658,-2716.0278892190013,226.82592613980836,326.61936364112336
2857.4135018755837,-1565.300993753883,34.14875936306863,329.98862875116805
2070.894009099558,-1572.8711246510213,83.89575009143942,318.36578538491847
2407.974717874915,-1924.1229101450533,171.72448728999126,339.0637328374285
2954.0669194652255,-2506.677245431751,108.63834715576999,308.4301723316956
2853.808080586281,-2157.0811711585534,223.05136167637497,325.69231995761265
2853.6769543189266,-1961.288981529964,56.37880303434757,315.53533756100853
1820.7386357046091,-1275.4701315359216,155.69289856471863,301.65351033573546
2071.438249136903,-1918.3741989765324,191.71065345941426,304.0833297141323
1134.3719020144847,-1377.3542854952589,151.62754549121902,316.1161301046871
1095.44775040282,-2357.707074032856,236.93886239337576,338.2995304389698
2069.0121224182235,-2353.0188258887324,15.350627459342817,308.72320068058985
1460.0791363134806,-1676.893116768921,192.1206450086886,300.2842794186447
1704.6912802787838,-1010.0131611576855,185.1916573453845,329.71178597151896
1498.793225999266,-2791.4902185027463,51.14163096890674,304.2206027490383
1933.7152879468817,-1246.8457656755706,217.1716420737537,296.81980088098953
2854.6277535191157,-2828.0981545685995,220.91706221589067,310.29594803381934
1460.629612968029,-1137.3754622443362,242.99684848643932,324.88513107461614
1163.0972372465512,-2129.16147135308,253.09171658354006,319.9604394780479
2906.522830498339,-2134.810388796905,5.274220879577609,301.53298511684125
2274.2505467467545,-2133.3526273629905,256.9875561301761,323.47036932272994
1740.6073347950066,-2312.88177636338,49.57595769818654,320.72299913583794
2005.818085135399,-2148.2023374410933,163.5091180602102,324.66721947305854
1193.7834813410564,-1350.8598590682316,142.20409012476435,314.3310770037002
1622.1812397644862,-1689.0997350814846,-12.029448056587222,318.6002340427115
1077.2598621863694,-2826.3347075981005,178.57957467197954,313.6527976824733
1300.1656958651315,-2266.0723181541225,104.32562280831662,314.56713992697604
1948.6670659467886,-1166.1317100979713,22.219620753055267,309.360899523395
1165.0055315153033,-1491.0988106177115,-10.379690811115658,337.83598806862506
1646.863880835516,-1318.7868896935688,215.32814441266004,296.09514800182683
2184.3592455870685,-1046.4306966229135,90.58359757389168,338.923100517738
2724.342930887152,-1091.2636524828895,11.22083056986196,331.30993951294806
1457.064858033982,-1988.9719792524065,248.14736495770615,330.14042126867594
1725.6870791638858,-1565.2380343012203,231.4617412072732,307.1850622092014
1554.5330738794107,-2558.600630510316,144.5152489435007,310.0885820269036
1572.6743618559851,-2024.4394365608514,215.18755376249706,304.31849417437553
2920.2969916099228,-1537.8493795000836,14.966428243652736,317.1898656578992
1866.1692564906034,-2758.958295121555,161.9451914403878,317.6013035235898
2618.8505933671304,-1816.0712096576897,226.52508548789413,309.2666113791765
1299.5228294928484,-1532.3564460158668,229.99742744810433,320.44337892475676
1922.7862530979455,-2866.021143352592,203.95499210076406,299.95205929170163
1935.1514024028145,-2589.6245421665226,31.999707324063664,301.01608384293314
2244.6580678438213,-2772.4418711135477,-11.982095568005006,338.4376373808765
2345.4741637268535,-1893.0091655827684,40.713420158916286,304.91183341921703
1784.6928911836653,-2150.910911060162,107.69310260824875,332.2406116704557
1396.5727806495331,-2081.724203166852,95.63326136820065,337.0188681169246
2889.4787157816704,-1079.5478182339455,-12.620140721736659,303.7064911142956
1740.8603749114723,-1910.1700503837085,159.13844738896242,339.68562283792033
1249.8969575052154,-1036.6726923030012,207.29200472383278,299.1933167873155
2083.4270404827193,-2779.684040605726,168.0721421765725,297.6679393878755
1413.79471858767,-2583.4667920623306,119.82597865693222,339.6774490413339
2601.5086290946306,-2576.062516810677,127.94362640865211,306.72665501600346
2381.4331700079183,-2783.6197146767627,160.31555999084404,329.01125852072545
2199.863170126181,-1066.3693208382813,80.71783682440719,331.1979464013703
1030.92450633095,-1457.8249774712117,121.46733432982211,307.94662249225
1845.1056788547644,-1590.3807115693298,52.11258927267248,299.9471863983574
2104.324907844818,-1862.002656896094,-3.2196762939075363,310.19603674957915
2527.6514795726707,-2804.1309352552917,197.74133234061276,308.8605689789423
1681.822596355174,-1229.1735606252748,204.47922621007282,301.1836951831698
2871.2592702917145,-2902.45940540569,206.22138452109212,328.7336188975533
1892.8903600884373,-2673.9906657995903,117.47335224207367,322.4260841066687
1172.3601690067712,-1902.414051199182,236.3435842649613,297.6912555784597
1871.9994179224286,-1937.5226886232701,-0.9060910380891656,304.10988525927553
2682.260634849752,-1027.8758869253577,181.1255022319193,313.72003742101515
1376.1890852239083,-2262.642863649242,138.97393420672046,328.2552076968753
1644.9806016404627,-1457.0867570407602,167.76565795970163,328.9370172594809
2955.072406930307,-2874.76314294209,140.4662197114387,297.87618859809885
1146.8677565722853,-2929.7488709895397,149.72941511882212,315.6883155613483
1677.7797682139171,-1135.7448435314816,249.9860542566666,336.27559856654295
1878.7621538999674,-1232.1213616251734,-13.942437687636293,312.7389966993361
1962.618980500863,-1199.8866291341824,107.05997419449525,316.697231337234
2096.8567695453526,-2699.572869646603,163.94752652823547,305.197541696277
2370.0911554751183,-2155.9826099778898,149.57873713419914,301.84766022502095
1781.9602602539603,-1697.009108643247,171.79643929516897,325.50370710638435
1068.9712540531732,-1703.3988757754864,206.75524613257392,319.16782206185746
1677.4260048628084,-2028.2080779983644,171.07918560736798,321.9161644491279
1042.505702141387,-1625.918720701765,225.58335536589925,321.3008376828696
2001.789755925105,-2718.384000363838,67.52153605831464,324.79317393314994
2738.268672280401,-2099.5542545092826,57.581089468413765,323.68458819806057
1168.4058530138545,-2921.729992223463,97.00790399583816,295.59756590333586
1813.5049025046158,-1865.108367829535,136.62160320250095,295.54609919719945
2826.1287064709372,-1978.6048097239927,170.98055696639616,330.24730027016983
2660.6074024772734,-1170.818644071961,170.9635237460312,334.4112175250185
2476.6167902555944,-2845.8042105081718,49.07655464800962,332.43275608208313
2421.2507204942567,-1067.4463863950677,128.17434337843997,313.73965639675555
1015.4337862599264,-1106.7631666812163,256.68472698416355,300.2980381695426
1871.5137580312264,-1316.2081866290143,239.66592513941174,319.7218568890215
2778.9496714247525,-1315.5518564557092,63.60465779522974,322.25078396507223
2444.4268148977317,-2691.509412083253,242.50919262113314,300.08461324158037
1703.8791222446966,-1064.8566731048918,143.06578004759413,315.164531719617
2121.1923402288776,-1926.2957879165472,55.701283147586324,339.78986246407436
2238.3572539021734,-1735.986292775212,159.71909250388583,307.60686406111955
2727.2970414045294,-2416.7818040062543,208.56008795975868,297.8666020521791
2097.2967331667096,-1743.7803706313027,189.63826192709655,333.62333659570163
2708.7189470356316,-2685.9400569759687,195.76187153460685,303.0300090361735
2473.647768271614,-2170.7638674476343,164.873142117858,332.1196259599162
2993.4267085194997,-1478.6024620327912,209.9925415681356,301.4625417056079
1682.4114594761,-1642.6821943795846,11.1782127465398,316.0973331565735
2031.3734586582475,-1084.5924830018491,166.15154351399428,295.87832251240144
2262.0341568536587,-2683.7438123042884,7.971813006628551,338.4868632787859
1029.7609815982485,-2381.0320308319115,79.03935912407823,297.84955543180973
2078.322701917771,-1391.296802068599,244.20239905503763,335.01924983241554
1940.1271549930789,-2449.495267929215,61.43474135525376,334.33176647026767
1557.425240325259,-1834.3433946886369,97.96662960392986,295.46981093338667
2231.232073148163,-1102.3770902286099,230.0376232406687,313.86389741766595
2442.5767335618616,-2455.604319678955,246.07230476224566,318.7684925855863
2340.4449219030084,-2294.605968089407,61.48611872665683,333.4515014932351
2812.712197839838,-2382.432396461955,175.18383371244275,320.4764382831809
1930.0580567046454,-2840.496848540325,20.56239243559753,325.4090893442643
2424.1496529587803,-1786.3376806765868,194.48450611074276,300.98602553042116
1358.9860336477957,-1711.0526574466426,165.56701973157035,303.19820770322434
2305.7636921617523,-1721.1275140590492,184.83931093575904,331.67506312897365
1264.0026398261712,-2062.824083508364,86.74139881005533,296.7459015698671
2591.9588679761946,-2273.0192399424213,121.78156049022306,338.65976324192906
2623.9512681129836,-2692.398129768203,18.628781393615142,335.45787955639645
1278.5430113651412,-1845.8064422543112,66.38824628175048,312.19667751019324
2849.889979473747,-2922.6026264142406,42.08785350856425,299.9435693670882
1978.2743606506042,-1694.1173181777103,215.0459206377396,298.1065153569047
2826.4639453814098,-1892.0892478938463,36.241560506801,325.45581547407284
2730.098797829475,-2934.8900656199494,58.10318515978234,326.7891602707131
1706.8073019433525,-2662.308793778681,234.5307188636606,303.75652273050844
2457.9681448051037,-1397.821278449036,222.06584138167833,319.61357700705867
2763.05395900234,-2705.717588204197,255.56394324184384,307.0267953775858
2997.8842851848462,-2843.4913536754493,111.35093328987719,333.3931111535733
1506.7717127723702,-2555.69812027228,195.77637425779307,295.6874062019529
2577.9695146854,-2518.1908131131054,137.66490491526878,338.2906957183264
1774.0610534413454,-1073.3612474380602,97.87122578440429,305.2408619291188
1136.0944285902933,-2125.9665769974176,65.88023655342928,338.0538513551362
1561.5913119296158,-2473.9633815747966,174.32575806207424,310.5321973038921
1318.4367377140684,-1477.2122262229032,148.34756502376436,295.7972693102764
2444.3206205002953,-2078.049770589336,154.96589474434552,297.8905228986606
2090.603057148945,-1885.2659130292266,167.70001539969564,333.17223814334164
1303.9723697423915,-1708.829839326606,38.94194656395613,295.0704596396102
2209.3399411499804,-2811.6215419329974,39.27823742634792,312.93012336084166
1321.66201377,-1397.095917000466,238.8553782722761,329.3464852557203
2144.126672842697,-1105.5329818913854,160.54831981826226,301.7156491134263
1687.8211718067391,-2720.4939221091813,41.91840854156545,325.24048195044435
2517.1020544362236,-1585.2460453065175,144.44365307216898,307.1404542575163
1987.1533189153315,-1056.7878661770555,218.32400451759253,337.55746175811663
2647.7967291881396,-1689.6129132301721,212.96686119752735,335.0614651123645
1703.6855671949197,-1975.4558920482893,27.263370524187124,315.49704287336033
1809.9119110981942,-2493.7994545593124,64.74009222379118,338.20969982638627
1546.0829185329608,-1013.6574740500464,138.55220957380433,332.88320867270164
2387.3866674061,-1223.1119196318518,172.16623075211155,306.2213538457321
2855.4910578847603,-1435.8221585267372,-8.50153526778415,315.15383323698796
1141.109849847759,-2803.125555363975,25.07255422202421,336.3996178973546
2167.833066281187,-2605.9757332723184,102.71334464802088,313.13966899069055
2067.981595370376,-2054.0436717819352,206.79505499558184,331.55867846550433
2684.288818862653,-2645.339810631658,171.52611962729785,313.15981194596725
1953.6020866923677,-1781.6685670395218,111.75811424129742,320.75091082879374
2261.61232006118,-2691.008505202697,201.2965745725685,332.1852256442003
1596.1056940969518,-1675.3646635066914,127.46053329852856,337.7584828410523
2233.5951605938626,-2539.250350299273,17.34956321488069,297.0982075788966
2641.3417900555414,-2846.426052978409,115.70190048384609,325.2171958395736
1237.4276309341558,-2076.032545504453,-14.433391055026185,319.3947662074756
2343.354366570743,-1369.6068967647977,246.4635717110478,339.62820216175135
1234.5657560541022,-1561.0546082524222,40.96987303029548,327.1893700458227
2561.5889656309832,-1662.067241478814,81.71638158536445,295.59560457841525
2043.6469854246723,-2569.8208544286076,127.10431619850098,304.4694365362053
2215.74672998408,-1664.7309519735293,-6.950566139335162,324.2271557479443
1797.5321399131635,-2961.9882878905196,199.39162347804114,313.13468822778293
1963.0386489230987,-1117.99896586367,208.17443053654915,308.0480370306385
1354.7769881766358,-1218.2857257353248,130.13123900118194,335.1806683323233
2639.4749550232514,-2743.2857828674673,48.454332941038565,301.4484398604538
1493.1669804085072,-1175.7331518653973,-14.21381348154884,320.32725305661677
2204.805443208088,-2594.660613932864,196.09705820133274,332.196327835879
2370.520259157923,-1966.352265556003,198.2614747896272,308.0345083830161
1591.5752228288975,-2726.568035393676,128.93465788593724,319.99175518562464
1241.136334502541,-1574.0294658147316,-8.44331226735112,333.21904826721027
1317.904800036336,-1457.8577909879236,127.24796838862292,303.6903527990835
1285.0738556880074,-1598.0048242541488,40.257124873915295,318.1455342817955
1955.0548921170007,-2690.440111176535,21.731431824488162,321.45902046903024
1687.165324913749,-2212.862759376353,107.07852152528673,310.9763387293025
1295.6503225504657,-1470.810353682105,40.502333261057636,309.94879460982645
2785.9192978185815,-2254.682794734464,95.31957373405005,321.8569264535165
1513.7129170357953,-2767.832389578033,93.34233169817405,299.95859622518424
1000.658779654621,-1920.2459275437175,57.268533745442895,328.35974024428594
1630.0654572253075,-1762.927363485186,258.0885441665353,316.89963400703033
1515.5420482933644,-1157.6118738372634,146.07687820270462,314.5125655351703
1792.0605964619085,-2666.084553600868,231.69357456182806,312.33895134386216
1473.2556212822246,-1037.541044852012,257.5394307646199,338.6092336176778
1676.1393182258398,-2857.417205463458,189.62929966996006,310.8127724196955
2112.631862619867,-1870.2067294815931,20.463421821220813,335.5998073458651
1134.763994820067,-1784.7830948148037,50.1427157467829,337.42097601046385
1136.5370561353789,-2293.4569255439915,194.12977244484657,299.13554716546196
1509.7327800036878,-1563.6444439773552,189.04231139544325,322.0131549934908
1881.476788153142,-2495.4261925977507,10.489918005291202,327.3174426207636
2054.0442431971705,-1053.3665932880199,-8.295707549988213,316.33447473622374
1608.2441321657143,-2814.6286805232935,186.63150681556954,318.0176452823422
1057.647191191253,-2290.663783953621,69.23522868217168,331.29544055094044
2771.0519382822686,-2750.7274227217717,42.03288862079804,307.79187830010335
1570.2409378289142,-2118.8129534218515,248.0031002690451,329.6386749563496
2001.2730224227544,-1112.1618590263574,52.98892025057752,324.45756681162396
1193.2273831397079,-1083.1478714392786,65.92263167915024,315.16403167510214
1285.6440063065497,-2510.335517038764,148.01118215700404,302.56753119847235
2348.2888285392983,-2731.5400700089126,39.72130401624278,296.27013522236547
1476.7392356571736,-2344.6196768558816,58.16363589851565,299.78786855121666
2223.1520776981483,-2549.570779926973,248.86064252399422,319.4796705195655
2050.27488293235,-2988.8038094613603,93.5641410865651,329.28506552173155
2063.3930422553544,-2563.3754804859445,177.36678029704916,332.6121042312114
2799.8629811129986,-2401.729911110809,84.82300582023552,315.1893585723596
1945.8935846075092,-1099.7840545096517,57.62282820699568,297.506170581722
2827.5485092915806,-1949.166055671635,126.05415893275915,315.38304502474375
2202.674075071246,-1457.526212559555,123.94744979776195,300.45814243029497
2484.5743631380988,-2769.804893418305,171.52628281209982,306.66854011285585
1941.9839737366792,-1591.5824644580903,194.3607323981797,296.5923971829749
2268.6336567928556,-2945.8064780589025,218.14880404765654,306.3593633365734
2798.110343905586,-2120.913857253081,215.41210742539084,320.6717432450775
2179.935777629883,-2163.132233593651,114.8620595240163,297.9136945837308
2395.3926926069885,-1131.1746785881423,126.97959174644333,310.03357727371565
1387.9107492999096,-1257.3839567204652,125.58037132583084,322.1107593974416
1157.1901382259762,-2056.449502855098,134.11739666335907,296.70448051979844
2905.7579386685284,-1876.7179204472948,108.81688741662295,315.335689600432
1366.3180096353942,-2711.586381049471,104.39638848141543,328.59326837784636
1626.7948320663504,-1033.413618349174,251.4393948360613,335.70733870034826
1815.1691044844526,-2459.361168874106,94.76037235958908,332.10125389337065
2634.0712408451254,-2081.389551296037,168.31697464916644,319.12791250508155
1593.3107625491157,-1639.582424890126,229.38360751391474,320.8187917090528
1314.363517082645,-2599.2170595691396,220.12300960253552,331.034944523251
1854.9311575438728,-2640.2541585347462,197.01276707908693,329.30490699554025
2650.348946927972,-2294.9975818260455,44.12173674928544,339.54585158923413
1088.0764287787283,-1907.0887533778803,242.25785308552503,313.8698421340092
2067.2154784139166,-1304.9487193982138,69.75146864741396,315.3738199905952
2408.0807569786602,-1596.870262617685,247.03753681584124,299.85968436556374
1933.0233838435652,-2186.745919670158,75.84513259993861,325.9196869217535
2745.0679386257166,-2465.984829606708,130.6655833420833,307.4464821092564
1762.4799305278686,-1812.6751005422693,88.47494089692866,325.98784538510125
2413.9300454506547,-2955.460703123384,162.27852237646795,300.7620466285894
1337.5399976378994,-2105.40709133398,242.44282569283064,312.6068502178148
1272.6442401880317,-1811.4472524803818,164.07024995673893,336.669623415273
2268.0506562937126,-2506.245249720834,44.75375306561622,307.9537316343464
1860.1141281335713,-2966.7311613437264,35.335310855675104,301.6863667142334
2079.8895340085624,-2400.2237450740236,240.97601453735393,336.7911875733036
2233.221912799857,-2953.4571945479065,64.54023970222022,311.9823055483289
1562.5650179174788,-1539.289337554497,133.7750179957352,334.07093736619004
1977.4109161358197,-1257.0293918953814,89.39645762066726,327.3171591628951
2682.0425819535467,-1814.7752640836243,86.08934823756626,300.4811080369859
1181.0595303458672,-2733.0255389360595,217.01767602730263,315.8252326959944
2142.4526407902613,-1639.9576853462759,190.02514146370183,338.2415748311919
2656.4602992258647,-2293.900348197675,171.56990376534335,323.4291651501844
1041.4571988381103,-1772.5924323729678,-2.572886175382699,316.729542331709
2430.9210525345434,-1977.7075377439357,30.731792194604083,327.54139367934044
1403.6769782195631,-2431.8879081905548,83.91711851339466,305.83137488917
1664.6480431856492,-2118.5936334240246,84.13505965656813,310.82450519713854
1007.5240567674093,-2104.3308508187843,91.65989833767183,297.2278981400527
1682.2673772501175,-1753.4500547148714,156.62169918250086,313.52296368148376
2670.47869602397,-2026.8437136097004,242.86866682266196,298.88228872548177
1160.367456900993,-1626.6448260487737,206.57715907715854,300.4278050608108
2833.7052624006787,-1311.34490536615,-6.429687860283714,304.4038281393244
1860.147428466808,-1422.7535287451494,117.2489164452166,334.56198405150263
1988.926594471547,-2854.990929115698,70.87045084143946,335.0670543194029
1570.1441097028994,-1348.6919461406605,-5.204025523104406,314.26146029455083
2870.7363143883153,-2442.9036595522953,164.31083904339894,338.3010212985626
1395.9096000359755,-2499.6634146084953,15.075288135792377,326.1459865250508
2558.176228604438,-1053.886315128476,188.10121854583616,311.4307090671323
2052.7072902085283,-1241.2939006690494,4.03583559043043,317.60927908539196
1630.4724792129998,-1668.4956778713824,124.38036150776065,305.74570991882825
2356.708399061448,-1016.9324926985037,146.774984036201,316.90167645559484
2585.8058637797194,-1486.5938497441816,150.20835411513718,331.6288894191147
2757.2758129188733,-1022.2595966400065,190.96107473825376,330.2042607114122
1124.0848936029936,-2962.0878443469155,131.45120803270262,323.76353028953395
1036.9265858313884,-2205.2202415245556,188.560327813597,302.1752731128487
1543.0305564401783,-2418.5623194740306,194.95544447216298,297.00840740474524
1658.0292103117285,-1283.9909748820203,251.6466979367862,332.23537677493226
1536.4030752532922,-1087.0390574121752,75.99161627068278,327.1266480109875
1377.7299607248742,-2328.4842889745355,126.92531554091497,316.21884224522154
1562.1495864701094,-1650.4894634747166,8.269699653324587,305.153483730805
2461.9944744203067,-1349.5298744726801,84.460968928653,324.6951258158827
1718.287465192369,-2375.5848975985828,82.07190255394744,329.35891719706933
2173.752266900341,-2482.454594179268,1.1041194850814549,312.6391080802569
2102.641305421205,-1252.2239528098926,84.58685846375698,309.4892932260327
2631.9647814764703,-1655.7586099650234,15.167801194969794,338.55561481406227
2332.8730383585994,-2890.998396366664,156.4617348202608,312.86952903348987
2643.5671776791796,-2904.9855380217587,73.42006682515924,319.99358294378504
2105.6008961443754,-2675.243033836903,221.32199966204212,308.6514048502108
1099.191777131937,-1325.667306681211,115.68731310892713,321.08978105005775
1725.7032604405156,-2322.801308010827,247.69391519231988,308.9170432142221
1551.4342640325074,-1905.2469767113719,249.48013557208446,313.63665039326247
1416.2182864635627,-1535.4053688911931,203.06206728372993,304.76597681282243
2299.8145544814047,-2066.044538050201,110.57375533479784,318.16799815942755
2656.8130620127067,-1395.5858794443607,222.1283757367328,321.7272891750552
2548.816302527624,-1658.1780458968606,119.65141250782017,311.58085310269223
1612.3650136071337,-2147.382417622798,166.05165949682504,314.04787918655126
1907.8824846995635,-2536.696879826308,66.04462128594763,322.91733141978017
1588.9985303380804,-2370.4948405593764,210.23383541595953,297.1291086675027
1733.4765067299716,-2294.9146522388874,101.79869325151401,314.92458218364607
1898.8543748592404,-2048.5044188837524,259.35317676965263,327.7900295777553
2978.435978458255,-2500.713654548781,26.22918443265197,315.6586258736415
1161.4491916869376,-2796.2150622107215,40.621223158255546,326.3608724448811
1817.3884178980743,-1449.2035612784814,84.90018675209718,330.62982560273286
2831.667800513459,-2539.8232013245747,136.9323112679561,295.74922140575876
2156.792497281219,-1298.109554171715,54.57282362389631,298.7630870338712
1717.6655676327055,-2484.411030465165,62.21876522796535,327.86754626648604
2513.9582883172884,-2166.3177482043147,-14.042701003153056,307.29677631127134
2962.1497960944093,-2392.9239050296273,-12.272751166338415,327.11272222465726
2500.1685668629166,-1614.427078106757,169.6438119808744,319.4885229659941
2822.554603498155,-1421.2049010951632,189.04126658483406,330.59048886892253
2128.2326606315055,-2655.3452073905437,50.06875471380056,328.45697782582783
1601.924357985812,-1846.1029852461581,194.6706047041377,335.70615570582805
1269.9819390414764,-1613.1080299820967,-9.134038609975661,295.6232789493614
2885.2477418850603,-2563.5936201401028,35.42399994735226,321.8632501312565
1388.675889971088,-1845.3899502045035,162.03613877870657,306.899736746629
2590.9187639886927,-1613.1755098789743,214.47804395417006,325.00952360346577
2187.7712151901405,-1042.1698584160129,80.27803118963864,307.51955599800766
1813.5947048597916,-1172.7963821023966,157.99746581785183,322.9193649119369
1614.158253787432,-1656.4778688122688,40.751694590197644,319.19963555336324
1032.5194202595028,-1689.0529993647422,74.14423509820256,324.55831959309313
2811.590206121684,-2769.4572950581623,61.54759679963976,314.2680306788903
2126.029513405113,-2491.101018550424,179.22955544585005,315.3351720670858
2536.818850215521,-1050.3533764024817,211.15191592835262,327.16635746681106
2318.7607146995992,-1618.635915440143,239.36382709390705,303.10992415339945
2784.1091210720388,-1116.371309661796,196.59037713085172,326.4463398325371
1206.7055821156184,-1765.5223525851816,20.993793258529635,306.50265027837315
2384.4453451600975,-1151.1720822998186,117.53001335447095,317.6409658630729
2406.8327345906123,-2593.744859113443,96.91946566957536,316.53383303571553
1941.7406231440168,-1027.6340827230338,187.23068218177028,332.4056938349221
1385.8735766761488,-1327.283229840459,-14.602965213331949,334.84686650473
1880.2969951665718,-1716.9505873239743,-7.664075863629175,309.7838055954071
1038.4036182435625,-2065.7972689297603,-4.156292025551412,339.489567507657
2438.131163356992,-1500.3263544966233,35.8530505703074,328.0110359212731
2974.7205140111146,-2354.200449594294,234.87592335018337,299.0389349634307
2699.151719229609,-2876.5068136381715,133.89514280592442,302.06092473713727
1990.2614444963006,-1822.958675052842,222.7163934137737,319.5254155324998
2428.0275898700247,-1520.8870684677102,47.18275431431873,332.59686319426845
1641.8463358953393,-2050.6459262357866,111.3364539442927,322.1596139221836
1689.9795417662253,-1006.38534228721,249.12977994939126,315.8722749490561
1765.162299656793,-2206.2785994975825,80.32356458865021,314.3831822244815
2558.0612413721433,-1470.7075601882289,217.73130217669532,323.37903919325345
1708.1098025033043,-2989.747251212813,244.51534402581495,321.9439161880551
2204.6670778308826,-1626.3701516254764,76.55005980995027,319.1646772112778
2587.9094860128466,-2174.7277447706088,12.810265160383238,315.69031496094215
2860.3410581129237,-1956.1899433424053,45.41395500391491,317.28113742752737
2397.626153181052,-1667.2198126823487,33.57018315769461,331.1896722670085
2076.148457580326,-1831.8232180844589,218.80451130985216,317.2853972883367
2631.2767949692625,-2561.128578809985,70.49444850487065,335.4746380247418
1779.7605274680268,-2376.1975355805425,76.84542970949329,311.300279732899
1933.407737198708,-1220.2364301687562,232.80456543297134,317.34131741842606
2710.144209338238,-2473.327794779476,173.5695309817412,331.6433781193628
1115.898028785394,-1010.0312871809172,43.20192897278602,306.56929139432555
2675.354071583265,-1134.8180843111152,108.42281366703253,306.0528338788707
2562.54134941562,-2375.5026952630287,107.38884266431205,320.45496000068084
2942.0433143070486,-2272.41127840733,118.4108701957716,318.0326644555378
1578.302880805031,-1408.6819543110953,-8.248508999654469,303.19622975440495
2183.791935455356,-2824.067264115856,199.00226376189232,318.5059951677749
2786.90903645658,-1851.467898587572,128.61107386862116,334.24037914194116
1046.1752640807929,-2545.9353771309993,112.8773777516097,320.8814090997408
2646.429843194267,-2091.708349218271,114.67697992249705,320.27875467096504
2631.388113260561,-1937.7390237974014,-0.46708592406061555,298.9233804925752
2301.2983189489605,-1518.2877829264069,-5.070665023777183,310.7127223361483
2156.4614836158607,-1430.6241628952303,108.87347269145761,316.8433000324715
2913.8722978798314,-1244.651599097129,24.453855844417255,318.90451751452605
1790.6318386390435,-2509.024851808829,198.48464905053436,305.12358709609754
1782.1280028187662,-1929.4634525746385,146.90508067739444,331.67445831767975
1727.2350161283155,-1501.1408746922323,13.408499393838976,309.27907085181516
2007.462273510671,-2574.796909213724,150.52374271217118,297.20601675741625
2409.5182852836333,-1170.0432069063406,169.7766848089965,337.69348840103976
1878.7291249781974,-2408.4966256054277,69.3232113990933,337.64871984240676
1866.2711227969871,-2774.9392923774662,124.19577452718272,306.3715650299571
1376.4928807387673,-1402.473460697549,165.59459809830872,321.27180041395275
2099.0644713253805,-2495.324605784344,52.842392466432344,310.76592344244574
1426.540862969484,-2498.7691912813316,166.53158456506685,321.3731450423578
2244.3988223669276,-1280.55252760482,33.783029200348246,299.9523142683506
2959.686219316555,-1427.9829341231175,95.62126973360776,325.8254206383358
1890.9451413343086,-2837.613530618013,254.48573559302292,337.13591598802196
1304.4916506349227,-2593.195251056696,213.0720593787696,326.9699119777842
2985.1010781468103,-2202.421628752995,52.05171390815728,309.78067855998523
1780.2168493657764,-2151.377950125362,103.29826905957077,300.19956213379993
1999.6291476855504,-1331.8213480647019,83.19159074507097,298.7269210589781
2747.053250233457,-1252.5608765641805,194.7723838114237,338.33048739696375
2416.845185232065,-1005.122426156991,86.35844653091829,302.88255898914696
1930.6808107285028,-2650.8713760345963,40.17733522014492,316.8767897233145
2725.894590916012,-2919.657738894962,149.5279633928445,335.6162679739972
1496.843081703194,-1901.9221442008702,72.13149272210096,329.4954208700272
1363.3839824195247,-2643.3032218484936,241.1125335732204,337.5832970405011
2303.846186555842,-1982.366356806534,101.8369153731842,302.36453691424634
1764.150186244505,-2341.549465887066,-4.63890068188125,309.89596510297383
2069.6946170541987,-1437.2061326366281,165.0274090865313,301.5448047230702
2502.5139908306382,-2858.6668951115453,253.78583837469506,339.1899688862281
1944.1574983614603,-2231.913678911098,10.749320736427329,314.98824492199304
2879.5474286872313,-1800.4277159854073,99.35469945153417,304.0479599181833
1294.1280476559798,-1623.43471776752,255.4696089928941,330.0141767838969
2678.018936465616,-2188.649336284775,90.94209966652114,300.0570259478419
2577.9186750592344,-1153.162573755547,239.74506515297648,338.621232290154
1236.0767818718214,-1284.3843200154615,228.17328676819935,322.0295259604331
2102.4768195992265,-1065.9998710869577,61.14962837481056,311.00737725004484
2567.8982947352797,-2599.241282966691,137.91489542100632,301.95493418794257
1829.6003173559798,-2928.0619445814905,0.8802805683472741,335.9588617029922
1970.4082587419553,-2020.0614230072088,175.97822781807395,338.25220810644
2490.9866233981484,-2316.0929336585896,87.98400537243394,311.8577116126635
2723.1124878056435,-1588.9488904986426,57.48898690085841,323.5385488339413
1787.2080233801382,-2328.9652922870064,246.68657714542957,324.17078687997014
2674.233025301093,-2690.8617632323508,213.0250887534462,298.18460758836613
2624.6677851832287,-1507.1887725196095,259.37566230014824,338.638612417918
1237.2457876709914,-1800.886518839343,84.11148020079918,307.7117422484481
2337.6757547421603,-1920.1158798438923,83.52345094330708,308.99449450961686
2647.550007996542,-1812.6999363312418,20.667838439730936,330.5950369975451
2674.0882439958987,-2734.854445355902,-6.596606623775184,317.2851827595674
1836.3104542460242,-1037.760336541112,86.01666598223623,328.0570547623797
1431.034185867772,-1934.2033852903899,122.6328664262588,335.1615554140614
1341.5834847357007,-1694.4277911751676,27.598070644835524,316.90154968199244
2705.164629051307,-2502.35361744012,33.300032896906345,322.7222631044006
1667.045843757061,-2024.8265672100301,92.42173311876454,324.5936874590498
2611.635566213042,-1563.9996701253858,24.3744713853418,324.6204906753321
2216.4685351253493,-1444.0586489137559,223.31079733839624,313.13879711288564
1434.5706949902228,-2099.7386185312157,184.97122107885124,303.95291922846036
1839.3886428846881,-1919.287812759801,74.36908393612832,331.1440888690592
2613.502395922086,-1567.8122802294522,170.9798850498945,322.4035725135627
2740.243206158372,-2286.5113528873376,221.46530130471933,299.02864270961345
1705.5314060341993,-1844.1709408634322,88.71689120048875,321.7410783856143
2560.94565732271,-1006.0637408469884,219.4952557544829,320.54104138202507
1114.5039441449246,-2151.3985226859304,249.5332586975237,329.9131602655277
2057.5317492956074,-2305.7593038423333,82.33166086033098,310.8014715925464
1276.816372723859,-1193.3191154525807,78.5627708251288,337.77237717491386
2924.914680799686,-2439.648742291098,158.8919710981226,324.24151065781956
2396.7407139794204,-1702.4896529048567,37.04962268840346,307.36389435836895
1708.9916130769448,-2016.7890058935873,8.540809277853562,310.43050568536887
2922.775768988976,-1822.7349833342596,198.89658454121593,309.87386790184763
1200.3861147283233,-2358.6776165846045,164.06004892706477,313.16081217825615
1898.343121815261,-1703.8552679415486,39.16294479355311,304.30958455775084
1617.1330352457403,-1439.4027641832772,55.65080512285344,308.17264387946
2984.8621009620183,-2845.4405288856547,2.5230163527478773,311.2375406342719
1176.9299527262815,-1068.1221500726256,194.6360314820053,322.074538706624
2055.1934643977875,-2272.2372538652603,195.2590761573923,295.4652589969556
1445.6692798849758,-2306.362873795604,104.94954543954248,307.13072894522486
2390.9420772825997,-2483.9637096088054,28.257122029839323,313.3253831448302
1941.286195410722,-1073.9217240446674,13.170793164813766,300.0143389779449
2705.873621725473,-2877.818547895064,256.0375790411032,308.47444203292713
2432.2395159933294,-2914.275839743698,116.21724931021436,310.86382656043173
2522.5690090652943,-1957.088827543539,174.27437875389893,330.71283293823154
1629.4305735565194,-2734.2280412960827,218.42474589395874,322.1554548418261
1312.631779885157,-1129.9974522943023,37.861063706833505,322.6912514386371
1772.632725210647,-1019.7501474501782,117.45208203873443,335.03346192980825
1074.8858664412417,-1601.233012880777,102.67647543063278,333.70003384522835
1486.9578682045676,-2777.2379254065345,58.34245430676235,338.222022354107
2228.577482225978,-2433.001596146455,6.12936155632498,308.63589624750983
1403.631316610309,-2083.7386851898464,168.38337138223562,320.86416396395913
1077.3254644817116,-1013.4701502507091,-13.146949210991782,310.20607291805777
2126.7487681283123,-2977.825682356459,89.90658210511269,333.0148120750217
2561.016623249682,-2968.96587571057,235.01324450903758,295.4479140796692
1378.2932707454063,-1003.9564695420456,106.27199352821604,332.4946188799213
2846.271864608768,-2323.3336220384026,258.1722889823385,316.7633889287049
1683.4602705570974,-2094.0767755713778,256.2191815734386,315.1601694811584
2060.7256601279973,-1301.2168141334823,163.6125658421632,317.7274432984466
2265.9651149102315,-2753.2948085621856,81.37196503190954,312.6022469554729
2096.8254411282896,-1267.399100990488,0.1721550118046835,327.6363546492047
2165.129126853685,-1592.3573553550204,233.1412492818357,335.7609922852428
1206.917904685225,-1225.34418994588,21.47796194587312,329.6615134566164
2000.5625697435262,-1351.7341541263856,193.03968058036267,313.10527501965066
2499.6743675286534,-2745.494845135443,239.76311098597958,338.17797943200884
1282.940859508328,-2425.868787186071,241.9375929322925,303.62700391758295
2857.4541321217966,-1566.5319279817115,69.51003041001081,336.5435434788518
1126.8894416914625,-1716.457997461262,9.642729826322839,328.70396318598745
2559.9839481264553,-1835.426361452522,44.73795933323344,325.4800826302368
1773.9119885583127,-2837.473733625984,230.66486114921017,328.89995136944674
1587.2894609162604,-1695.812137510443,205.49698232918132,318.77143182137235
2699.0755675628234,-2174.0764458389895,156.80057337838352,305.79301397716597
2641.8009314972496,-2645.495970220677,184.31684433433784,313.77538304781257
2214.0491451190846,-1311.8796847430142,7.341614764196123,323.5495402918709
1762.4429417401302,-2680.276903091932,153.82993939356143,327.4577507203401
2579.208507041402,-1068.1833412554404,182.57126341083423,337.14190973235804
1301.3717302904224,-1393.3626704938483,-14.921265105655305,333.45306915097416
1799.951889498855,-1619.9386109056502,48.23160821942426,319.678131511442
1842.545656723159,-1308.0078704099149,208.93911142044448,298.13394484620517
1318.0392467244926,-2135.583577779358,111.29918822870833,302.7937208859203
1806.4879935069953,-1627.6874494712347,106.130962081709,336.56783288360003
1735.2794278353394,-1501.5685530365286,146.95238049231833,317.2577800656949
1286.7756284357902,-2104.5589275399743,105.75759148653887,300.8132047071476
1296.5556777307306,-1678.142158042071,248.3318002057897,309.61498067300283
2931.036688374954,-1742.669146795033,27.39482548122816,298.231003360913
1137.5136750219099,-2030.9139985971096,115.54906377965855,326.5687074147235
1247.7588459184522,-2880.464701512496,236.65664567719205,315.33422494123676
2933.5629306080073,-1557.4261059772293,255.7104550671068,310.95864383043414
2900.653411751093,-2675.1422060283576,200.36818111137492,330.03644210868305
1670.818942000607,-2029.2552949267142,41.705690665536906,336.92585483683445
1205.5787963951184,-2013.076490417497,50.2228773548957,320.66580824684866
2217.320519027632,-2447.9637184018957,-13.14809853764102,301.5935983213335
1876.194435082185,-2837.7963230685173,112.09828908948336,312.3547774250169
2904.114066969595,-1093.4375315653733,132.95901918876547,338.72799282988575
1256.6707445167028,-1652.815882098538,62.358079404897424,329.38199862334216
2556.4336172488893,-1474.3360530542227,172.28759857896077,337.1633061596976
1049.6689594578602,-2450.6155307384965,6.086158494786176,298.66815287051946
1415.305898084302,-2644.4712957338625,59.134843826008506,322.5234048189091
1601.057260872267,-1731.5894297342152,38.151049262811185,308.54877258164777
1328.8545873428345,-1683.057873242188,135.99671930115352,314.333973751222
2589.9407772980258,-1570.2822144679794,16.896851568163587,331.29446152625593
1347.1765601850666,-1583.5495752572317,1.0016560540366548,329.4240769944299
1921.4926524193256,-2440.009102934944,168.19306742367505,296.71292105475715
1258.6842035155398,-1104.8659528146393,55.013475615740575,329.35198654546264
2552.031056492747,-2022.7727190022579,-14.007768624978043,303.69740770629335
2342.542515341047,-1579.6298401406284,215.98796155559504,329.8097787303268
1098.004761661241,-1600.8721253368487,106.49342332276727,321.1110064975136
1359.2975553790097,-1197.2060353947322,45.02289160851354,330.7349001302519
2249.4761008016762,-1751.184663175672,170.67093062317255,315.0129988801544
1845.0125177618906,-1632.2677341669632,47.33551001079394,317.04144094680134
1604.2233580028496,-2631.72730783951,5.660338161910644,299.3729969375532
2259.3098322815667,-2133.0310310364375,28.682169253012574,312.873373327393
2768.557305463981,-1563.4643377067102,31.928599409477293,320.1496319290787
1939.1454280235835,-2441.747053669318,-11.225629990509578,302.98519512856814
1446.4920299074106,-2538.7192866738233,6.695829086188219,305.16875999698885
2067.8425525983303,-1622.3312869488816,185.18095672683864,295.0290240826178
2192.3614661553784,-2884.752223686821,242.83100915500012,316.2024604369729
1419.1519820372712,-1377.6500783312927,169.6748517909486,297.0305999731378
2464.2938557052075,-2858.9920243041565,255.24720055957494,309.99825898683935
2084.6503659112227,-2956.437636065758,121.22402471721861,318.1448739051849
2313.4844739872988,-1845.2071853676832,69.38135834335539,303.9959333417457
1906.13749066272,-1442.5279198665598,59.15263571284346,320.96155760471913
1877.3744952161562,-2788.2077100136457,102.69445097306651,336.88716451325007
1420.2710677648683,-2747.2707819253737,243.54559454604777,333.5025352764303
2783.2416721169184,-1258.8156805959861,200.936978822292,333.7724592421907
1394.7142149910899,-2482.5513776859443,-12.071017514633642,304.6729825533417
1498.7404622585657,-1021.5858132085384,143.74889337630609,303.9251478332626
1727.0905061684728,-2032.5657940772826,76.72946535124683,302.63183567238974
2946.1058984891133,-2113.8356479502977,259.21251397015243,298.58114054603516
2103.7639864402,-2120.7097433844306,73.92263408429872,338.74188409877524
1292.332953298235,-2490.15372613819,171.90820231396876,302.42987685691986
2679.0639984836007,-2606.2265039529793,234.18087809426217,325.31400880774675
1580.6817941603429,-1144.0162586917847,17.770892844601235,331.94561023747195
1041.8969494170228,-2161.4224030795526,200.23460510839254,314.4606171170384
2464.566261301111,-1886.4134084414718,218.22453011580632,312.4087358915826
2923.3301032640225,-2613.345694020337,124.44982274859055,299.56340051024915
2789.63653435176,-1359.2064830689042,-11.985663695845034,321.27315217586045
1075.4141151899585,-1806.3905336301411,124.73888894284985,339.7931089527306
1923.7827073306719,-2715.445533094661,75.86119939072717,301.8356342334399
1381.7553709132983,-1682.6310565767587,137.38629843722222,301.13188750331415
1606.61224422167,-1344.2660026526992,259.121590386983,337.61090335832654
1374.5822960314013,-1442.3794674462172,2.0853019270257818,321.01911931464383
2568.0841992930173,-2755.5968344983353,242.93964942475878,304.27416492868525
1560.4723241873594,-1335.5726877432173,-6.052053818623669,330.87870604845403
2931.7272316843155,-2049.842963806992,153.0582483082847,323.14810951346794
2049.844544114667,-1672.8486972017356,14.824315892258273,325.6070674268971
2144.1416941199077,-2850.6240562216863,250.89767868412497,332.68014309803135
2575.679048052788,-1924.311629740464,58.73691571983822,301.7114529068699
2361.331686058483,-2516.1271207330487,148.8749301562583,322.7057958802081
2724.5554097248632,-2218.811589212417,140.21649651988878,301.77278844902753
1254.6724443154035,-2262.376232969348,8.497838287985253,310.6069146946023
1991.120292923942,-2813.4720596309053,146.7371351490375,307.03798968137403
2094.9543592118757,-2611.296925791684,136.79089204652894,307.14904345407825
1218.2842551999647,-1807.0796057456137,184.6994538449727,320.89916239903476
2465.240205939884,-1808.9764787852687,168.99947961958682,313.5676138194253
1907.9841666286034,-1885.8628150932607,134.6658202117537,307.6975730711472
2240.3061974344832,-2828.662779669293,33.13999960481381,322.70795366465404
2726.7391042745876,-1182.0849227091587,138.08324377607883,333.2490663813329
2416.8694522973956,-1476.9427156853576,241.91204001005462,333.5619751168673
2542.2677424572166,-1562.390543626983,219.62929887037302,307.5396451802196
1585.6317539552883,-2632.169724689492,56.55741084170059,317.88068879998264
1894.5294660968425,-2103.9995697053696,-1.8870530075483227,297.300123996198
2846.405190043368,-1331.7953742295788,151.10721523420054,328.74899146757525
1778.0400368963076,-2207.865574614437,161.05455609869196,328.41442222136874
1942.3808829472669,-2370.4875143257786,185.45373638994292,324.28010680212833
1260.1613367126647,-2278.5088276705633,151.83253463960452,312.0196666017959
2338.2183655434364,-2918.6007091024326,205.96386322655735,314.005790348366
1452.495623547187,-2483.8602547312976,105.40980658152449,327.28930234141063
1329.0476829142644,-1543.9406606531215,3.5027766795524897,298.35469282346037
2738.9100437171073,-2897.442640069926,-2.245938260558379,298.359705944662
1353.8088401809573,-1698.9549123073705,158.7729909709146,330.5642933849901
2178.4805987093287,-2807.460137077559,196.74035275574184,328.12223204825375
1532.3408622158222,-2124.9400259430117,156.6603621272006,320.7456012035422
1967.8188175434182,-2546.8857363225093,252.30527293824395,323.0796855158471
2834.774847172911,-2718.170202204141,78.6575821952013,305.7584270411446
2548.139212183615,-2351.1264237153723,190.54338252687617,337.3128995036713
2535.5145976974973,-2734.33348886113,146.40492384745048,328.4644779801319
1185.1321939900074,-2220.1951342373873,-12.866610374674327,309.0776549961774
1214.0537014665958,-2055.4927308301576,-5.4676805250018194,334.3419324012976
2541.703469859311,-1714.166971022122,82.68170868529977,301.7785460504871
1957.1122509995182,-1227.0561689720905,257.63299578685667,295.38071599743574
2693.3193115823465,-2853.9021443384354,80.43708455680908,315.3882152600303
1750.9910638155425,-2217.0916434563023,204.89360892423886,314.0559763528215
2258.3881093130644,-1403.2506199231157,-5.151609864939077,313.74767293662165
1535.1624746566383,-1425.2050386625629,2.3831843006301234,332.0701629372053
1802.0598145451538,-2078.752049589188,46.03825665291692,300.7160518853995
1996.558641137039,-1560.2111661958727,81.32435618591556,322.65427701816105
1349.5519224091518,-1870.478580972643,0.4778304641731701,310.9238698181855
1773.3082028190906,-1021.5330287730105,183.18390962156155,317.73467943805156
1711.643290250462,-1809.5198665330547,202.9501656747308,306.78944032747717
1481.3937144429892,-1319.6913096368107,2.3277391199740514,328.5090145913266
2518.428915764178,-2675.1279970711803,-3.5286745516420304,336.7243140193854
2213.0518491889197,-1712.6523829430328,161.90139842814753,307.29524377999206
1866.5810933646803,-1951.2245453621879,156.2972025335929,308.193329785177
2148.3770663917985,-1479.290533851919,220.27969006900844,298.32387655953266
1894.8724485951789,-2503.711012155936,167.61459148761733,334.1427066043782
1664.2296775668547,-2332.6791865022587,204.4848531907489,325.3028281683832
1442.6908149831297,-2101.5181651248813,108.56368004304427,327.25192122993315
2398.8396288573385,-2075.089463739757,149.73885005065299,298.53797425698554
1026.6597624827546,-2408.2653174528928,111.64846036548374,311.6219075466927
1203.1051740170014,-1854.9197979999,78.97397134736757,296.2286682365912
2134.5258023691613,-2398.1292385290576,228.1874983621627,300.3769360289489
1578.4413693770239,-1986.8983386996074,31.87175275691662,333.876505922314
1574.459461962896,-2854.166408959812,180.38231053880475,317.76930070981916
2537.3901643901177,-2460.8785165478334,140.57738751518437,300.465333093984
2983.0909389952653,-1210.5150475544374,255.89644430011492,303.8580869364351
2064.010916194128,-2573.512697274203,186.91058705740417,311.5351692537717
1005.167127177552,-2731.148758034797,59.66658527446717,322.40532033712
2202.8078667646023,-2261.2228223827465,91.11201199505982,318.1268133223361
2511.727407320802,-2693.4615606279826,166.14062162331302,325.41724415169756
1362.7035882893497,-1680.4305145435637,191.78546171367532,332.97136663006467
1485.8374387232045,-2700.2040595949707,32.266607769031665,307.81474316238285
1416.8511390840756,-2110.8660090134586,128.76582063553826,305.87374227475664
2568.37007381719,-2032.3616947323555,140.35953478043825,324.30393318376053
2862.1698820838565,-2571.9816063193534,235.64889037203667,331.52103662343575
2605.0604222539623,-1639.858373087279,161.81242515459329,339.2881064943149
1767.691120444602,-1108.0330597920472,35.13362399498356,311.6905551371294
2562.205690219317,-2777.169060731377,104.591475917147,335.2464119332084
2091.6103039142217,-1644.604082126482,246.96651583099322,323.0963404221743
1819.4239708440916,-2029.9960025198134,-10.58470232022891,316.5897023091918
1912.7780200888687,-1171.2183050557899,252.9071713701452,317.9035655704412
1267.5423205799123,-1885.9590766068122,217.40133505473773,295.4196918671256
2943.544602011222,-2061.0419090755267,170.8881979286691,329.9176036099843
2647.0273171544113,-1279.9965630708386,47.96740753912425,326.57342371439853
1417.0459615560621,-2224.120211620916,212.44813992345584,320.2387892055699
2289.8284337736213,-2495.3660004195704,103.8297176374052,316.11595820127667
1210.4427660988001,-2350.422270316209,220.1357442692359,339.036522845508
1190.3355822315564,-2835.2643845514017,102.61619985999967,337.2410154109478
1293.1180092112718,-1398.0712330937322,39.26757696755984,331.60232549814333
2140.6015491103744,-2835.240309401722,106.41937288610386,336.06731363050375
1638.0122317712226,-1924.5384703141046,257.6860511091011,319.26064307761186
2672.816066063765,-2459.9769888953588,67.5557436707422,298.02842668306187
2215.5279172217743,-2351.143129246249,221.84623367322462,322.3083166359132
2712.289266887412,-2264.424010730851,190.96457780425126,314.0175131046071
2926.4178374287503,-2603.761157652759,94.32225974259943,312.1509937127281
1226.2461410009155,-2154.1312298305957,139.57512114324282,318.8183382868055
1649.5081452604195,-2431.878886191476,177.30451604309678,336.05581588798253
1800.2192817078706,-1007.0980346143851,84.62788594069805,304.31110420258244
1731.7042978693282,-1910.0915851489467,31.44796204591615,321.6299548903835
1478.317846413753,-1797.0189157391274,52.39923911382478,308.10422583590804
2414.462201050969,-2973.4156021538884,120.37110591478796,335.2470783205536
1357.8934400220026,-2567.61501300243,239.16573756611638,313.71911718522887
2408.772011915644,-2608.4087512443148,146.65600601665912,330.6630467686672
1777.6263671956203,-1475.5444501363152,79.04566309816309,334.9261637479334
2059.713506592095,-1149.6762168735706,258.80006663588296,304.6682741809033
2312.8707546687215,-2515.2650743968193,225.462454550153,308.381764822549
2296.649272909278,-1417.8175923569813,7.448708144018415,304.35327822293186
1481.5407476017172,-2857.5767527822677,91.47253185514828,302.4063911444092
1932.0365622883337,-2096.473972617565,0.04739902579691524,319.602979305506
1673.6122548276862,-1752.2941943136666,-9.658719066240455,306.3827968159721
2958.182121453697,-1394.417416416857,-14.711029218279702,322.9201179072643
2258.191817302548,-1447.672090734836,217.6676820218197,318.67439314814015
1662.3989352136373,-2921.0349938813147,155.37557911279245,319.467972360706
1499.5664007845744,-1252.0586130508566,118.04598260223685,334.64610395030616
1026.3121204734823,-1889.9326046790748,78.24280923332151,317.68224709569137
1159.334696247818,-1549.3922635208066,146.69580128586563,334.804931744347
2624.2542635632553,-1362.39382136845,239.2838046024696,318.79418541075165
1479.5990447770098,-1714.7553324548444,20.46934965955961,301.06807073837814
2284.4146318379203,-1046.2315760692143,217.18511977435986,339.3203032536104
2902.1631752240455,-1057.7870196689553,117.99690431753402,326.0961688758088
1241.6965409311124,-2980.0733385558715,-5.513230806561717,298.94455493102004
2868.388113782359,-2494.6902440149906,0.5471583822857369,299.1356841485499
1379.1866667255854,-2815.169661714631,244.82786273754732,310.1377486636565
2770.490005504127,-2107.0384410637616,219.2198159752352,337.03429574765795
2457.283906692453,-1303.7393059064107,242.86506090393817,307.7729331858501
2642.212242778598,-1087.335245725978,26.26300615400889,337.59633571662795
1711.8562742916238,-2765.1897450382025,252.84101754543371,318.9515901166056
1579.3980069035424,-2613.4615604175974,17.10285377970454,325.1382789546823
2183.399143158053,-2443.260785095161,83.54767709982626,297.8902906739337
2236.387304262665,-2659.769585667339,92.98405027356606,334.23901814964796
2719.64426939844,-1606.1785421975108,207.07226584035138,335.1724177699493
1243.5897268196245,-2242.883671203228,19.721167697503077,321.3788808476638
1809.8172683676923,-1516.8830155406847,-14.422471353936873,315.00117320214196
1450.104932929402,-2017.1908271511452,160.1157855270166,300.806855711717
1714.0524218863115,-1201.9886731607523,241.96422814828918,299.82523392985223
1527.1705061194625,-2455.4029010483578,173.28008445019654,316.0231105433649
1239.7632056949365,-1347.4393905310399,38.29257435194616,316.4432919279512
1610.7358301793224,-1018.4359061270743,215.14474718002285,336.82058235153175
2989.7938950096986,-2942.153481019347,225.86969169854868,295.94631486744163
2384.396394625143,-1144.0933475004624,119.64468862767225,339.5537714785709
2180.259721171943,-2921.288594999316,148.7471037743664,310.4989214824517
2600.3177605119827,-2796.8894249675736,143.2681372814905,323.0237002438282
2287.8931673904726,-2326.692205098736,172.43077566162384,297.5491572787811
1928.1390522006027,-2493.3112450634885,117.18321464002642,338.14084222664195
2032.6996862037113,-1534.4107967356465,35.73816049273569,297.4320958411554
1096.8469786535977,-2678.7396023909914,256.3792218963909,333.3727212079509
2487.255008497099,-2241.008154176093,96.6485576387701,309.7512913374196
1714.4093069114738,-2739.227143803159,81.08331424018681,336.905909499967
2666.351133527235,-1883.3735102077565,64.84755308980795,328.8081840910744
1825.4286246939155,-1489.55766852508,157.4238094117793,299.95247270645905
2363.3775654224346,-1873.4879220505923,259.6985796277697,300.96204476867473
1872.25893305662,-2278.3978097715285,7.595776090380134,337.6966424921687
1310.8754913915473,-1559.3029692574596,155.82249265296616,334.0508062217213
2038.4188383066587,-2160.595472728511,111.78812711531774,303.09674962855496
2929.695684693539,-2241.844517982666,210.82553165437272,326.3361553056965
1491.9051604475471,-1925.8025157000889,18.271661605462825,317.9795136932331
1382.41227271431,-1354.0502644162125,33.80221282581692,311.6811970358766
2686.32440044188,-1440.001448648597,105.35208137831536,306.62824777649087
1760.4409775788617,-1432.8068962027103,259.27527854208057,320.36935852915377
2021.555209096669,-1350.6011625479616,64.19050984503751,296.0335118196202
2123.8493813902824,-1188.2776288183225,248.31913955106563,325.680019008461
2163.0971481131837,-1616.4336651551866,98.50134344754596,317.00230552136776
2613.9470609344944,-1891.0300215503073,80.0338818950521,328.7978002616436
1815.7149083188883,-2808.932462641568,47.65526384316982,315.7164087402176
2012.699180352689,-1759.741115328602,80.6307756398268,309.62546707569027
1165.673568648026,-1389.4717411991608,49.621101129114706,309.2886720780228
2753.1576915616124,-2042.0998203862823,185.71556021341726,298.5531021681279
2346.054647225753,-1944.860922116186,48.15693649291893,297.0738027118801
1667.4524452849114,-2188.107108816147,239.01433596445517,296.78463895590744
1354.866738071852,-2881.952248579705,75.43663754090409,312.1706301294456
2058.1882335192704,-1788.877208320851,-4.314002849927199,335.54704849353226
1349.5015341202384,-1855.8420743508818,150.75528104783933,338.5939416431845
1731.1557073056779,-1779.909121310883,25.28383719936393,310.32573739211955
2098.9321848631334,-1717.4427541968337,32.620818164058036,320.86249131746985
1979.6378431087198,-1604.8059179811135,250.53131842665243,332.91074856994095
2109.275203329838,-1018.8450809400247,-14.145156863357837,295.16672792027794
2996.944784265138,-2887.732503623597,74.31699410343282,306.9236380203738
1430.731544340425,-1326.3590882065414,72.76645389994465,307.42870258239213
1890.7418724959912,-1505.3647339563338,197.31623055086257,325.7149512084982
1107.4136508240479,-2689.5677717750154,155.07329710657478,330.3924924628787
2619.2927370286525,-2920.0418008556435,149.2130019507703,314.0300567881933
2171.1208231727733,-2896.2526576665337,63.16139132981763,330.3824265946537
2851.996174495893,-2191.001553699003,241.2335280995934,308.16576152801406
2315.3069419398953,-2187.0065049642117,49.177901495918945,319.3271031770297
1952.2069937980298,-2970.514882970717,6.080735851303331,304.4365417791421
2059.6738542953226,-1469.102465936201,64.29942672790712,298.09932391622
1902.74576727794,-1680.1744894341618,106.92519939012597,316.9712894820433
1667.5868428137633,-2256.1095439207224,12.302528461611626,310.10138293697594
2209.084967347855,-1088.1266240772645,125.20322914830615,336.64589085173384
1833.9053186856531,-1999.9324861755551,175.10686222632353,315.47495625681705
2641.0510536555284,-2677.7514225983487,97.76324005121177,305.8842741256003
2736.4742937743613,-1697.3067685999722,88.74565227311966,311.3960683391376
1675.8139782922613,-2125.7082065222676,125.4880818267034,313.3227595675441
2383.4000574498023,-2116.255571680808,57.605491741722574,296.73859605500604
1861.5502071863261,-2025.3044455958905,95.93513134476544,311.3483477318396
1486.819640498803,-1599.1847472800348,52.98963010004108,307.6078660153676
2978.8070852944493,-2485.6517517456377,119.13467611511592,312.90574885618537
1476.2313393768604,-2345.861644718581,22.493897955957422,315.2418010056082
2320.589989345346,-1851.3630463953596,204.90279860186186,312.6759088122648
2524.9071027429036,-1721.1151612447995,256.3338077011535,328.06292541618075
2389.808460631331,-2538.150612953541,133.71455185339744,297.4943796257258
1176.7417066454977,-2280.368150051805,52.55455394669056,296.1408552685272
1572.1235793731817,-1554.1101086888712,42.37194288820835,322.64218826222435
2366.730498953677,-1956.9586235225572,71.31764838034987,319.62140506877375
1510.3747734079905,-1526.3075808564145,44.302856208429205,297.264840740552
2936.5890619603733,-2617.9623756768337,253.21535921377,324.2000915734292
1884.2023498401222,-2226.8140614275926,81.20578981095714,329.6479663144256
2104.317463212413,-1881.0668494571512,34.51197291840591,306.15266691647815
2007.5322097525807,-2050.253681724753,94.08343116381158,299.63722993613914
1862.9508890815985,-1934.6015564058948,231.502047696071,338.89733997207065
1930.9202181040655,-1220.2506424136818,187.9575442783025,300.39865932347846
2834.3874957546213,-1015.2437668815712,84.25803973325766,320.0786348948771
1046.835397701244,-1990.1829965866218,152.93870916357247,336.5427991117055
2939.551080174684,-2168.0490124796183,174.82844702638144,328.0356597438075
1229.2152379013298,-2157.5501422477137,26.442706660862726,318.04570902059294
1861.026035135886,-1592.025935475971,12.071045451252719,302.32346750099106
2385.1904219957532,-1569.5050459786069,91.30327485115275,297.3083440475279
2600.5382033028336,-1056.9188061264263,115.92952578666836,298.25200401248986
2315.9692842928944,-1116.1293946870967,129.33980234400275,315.28562944080363
1980.3840668349849,-2958.4651007451334,100.31259876179723,326.6321837883726
2780.6911632301203,-1418.6353375347992,205.14503262804678,310.6819856814673
1869.462391194298,-1180.8835637936056,112.24900047613595,319.52992932249884
1494.8218754192644,-2866.829573091703,29.361775528251485,314.23838923348643
2561.692637132963,-1048.6378662182085,138.42329886035617,318.85466818843344
2128.9708798244314,-2516.9359263508572,8.04520983069795,321.3895623926136
1268.5446205043547,-2353.1540432913835,200.44320931683885,327.0272884066695
1659.6346280048256,-2926.177545395801,205.03825793358962,302.03425528805553
1178.5736601368103,-1150.8830401437451,136.38851249083933,303.5704171397289
2082.5376389655003,-2922.305775492127,194.16230501205902,299.35488179946714
1299.876204886157,-2340.5681260307574,168.32573981413154,328.1381688151706
2431.7791837985055,-1580.803496026895,181.80704617816346,324.87973643319845
2111.014780080037,-1050.8247314198338,151.57309842787615,320.0803699123133
2942.156284067784,-1224.8550964636079,151.5654132928724,316.78800412425704
1023.282428472179,-1200.2301011125628,176.75052221023935,299.45579691069696
2432.222796330203,-2627.9102625821674,151.0459188262345,299.27114846729216
1407.359965302096,-1789.3900368648053,60.691426632734945,295.6214365256043
1068.9592870072315,-2734.640143806658,248.65923671954727,314.9880651056427
2256.3418134438816,-2363.8555294865464,-8.460945687131089,318.2688174407256
2091.430718871368,-2566.916587617307,143.79919176224143,295.3769866164042
1604.7321633805577,-1297.633531238509,140.9232967942621,300.86472602322897
2014.6600794306614,-2105.340264116443,-14.827506822534382,305.8307181440216
1110.1817403050068,-1533.0331335209437,217.21906199601167,296.1203078138807
1854.3581185266023,-1948.4562510492995,207.05547401124278,317.0218712682231
2153.7158614814607,-2474.0293038941504,245.80033802879325,307.42902407207816
2749.4206987236616,-1774.9179634841173,127.50884593759284,309.45209549991455
2694.361073797715,-2815.687010643784,122.7237973954866,323.64630157387927
2594.4310026226535,-1244.7582123551097,-13.49927457934276,300.1141423711278
2843.987149819317,-2759.544367974865,138.92729565501568,339.750256305209
1836.1669178728566,-1073.052574597282,134.97530151805302,329.2900574046347
1898.0991043573358,-2100.761414638032,84.38341513098533,327.3558443570133
1018.392517747656,-1070.310061248484,42.145458610215876,300.3567832603396
1914.6746778966035,-2404.6433025549118,164.48871402092544,318.653665356136
2018.1894386903878,-2671.3970527520196,84.98026282722361,319.429472859914
2110.3632215220487,-2652.382203262481,129.56624413517756,333.7548875134833
2907.4356225317056,-1660.17181566202,87.15030625586728,334.0487535467589
1164.5065765037994,-2249.3895162855265,27.172276617294315,308.03769947924445
1621.1901705405362,-1993.0966346511082,-4.262159412264436,338.273417012799
1851.9429564580928,-2197.402119353047,-8.226368675580604,317.74017481444434
2654.082909887032,-1539.1830321406546,249.29194776168498,317.0662090165072
2306.326341364582,-2495.852607669674,160.7161635505391,324.4936858725072
2609.3878084011494,-1556.4639846964246,177.15242558206018,310.2986055845846
1204.7523796303124,-2018.2987714464587,166.7397951191068,297.6144141884042
1662.2165218901628,-1484.847371660235,217.1083123067006,324.50283045458605
1035.863902929251,-1465.2642317873492,77.30709434476385,318.38072352003604
2847.0215576816245,-2566.596274564681,187.79881710734466,312.54097363194927
2438.162242871994,-1844.0760823973221,149.1093912456764,335.23263798192204
1720.370248525625,-2907.74241878767,180.09961987016547,296.2448960017905
2009.734018092458,-1056.5990247028967,190.74520895419835,331.7767324704404
1019.4936485728388,-1839.446333359804,218.9667118907212,300.9357526902279
2567.0210594046166,-2401.7073972741327,69.49971016361607,318.511160049679
2836.2536075223525,-1237.3760073931298,207.9250806541044,315.9869080519679
1514.430194358217,-1681.3865356962474,11.339169955646003,337.72710537798616
2403.440571518333,-2894.356386522503,7.44270307739291,339.3954045747546
2024.8549956044635,-1166.938113998857,29.17730769513718,338.10611421568075
2333.5438209884956,-2635.130593537805,210.6943300652159,296.2792901151043
2145.0002077289964,-1800.541801701384,69.77435527700612,295.4021365158725
2050.480611897853,-2100.993289964361,30.669263293584706,305.25429652824545
2181.62449729401,-2646.8316191843514,211.85264650445635,312.519478011057
1213.953971862802,-2667.8252316073504,161.21602849387236,323.1787533295097
1176.772205979936,-2869.5548783427735,56.173666047621936,297.7085130046391
1626.5224620496501,-2611.9292580899682,175.22819624148323,321.2508827071259
1177.7671817855526,-1292.7639152975369,216.92650789842602,326.24022260412187
1756.8254278417985,-1712.520641798747,41.367669534021154,302.19760882978454
1163.159343227259,-1408.621505492997,69.91847719309885,316.97488482647515
1332.2751734781357,-1533.3879052735056,238.56043505528677,331.9173242886752
2410.971004245497,-1046.7435337936406,216.23192338206744,335.7545165124184
1048.299315541254,-1714.5066478144552,112.78880341000536,327.51981831596885
2177.786513512593,-1207.5614631667602,248.262323887511,299.4231448579853
1698.4520923164546,-2208.716146694279,80.96868777620426,312.3171097586922
2503.5368307702574,-1096.6675294760241,134.86799497780618,307.8750149925381
2602.3637882978524,-1395.0218658050642,152.86178881580477,331.80530817773973
1231.601196896535,-2036.1265682322396,5.32693524898022,329.0904193507406
1799.4799150034482,-1851.0540472123423,197.42293001770335,321.9496345058488
1708.9525490624014,-2247.291170469809,99.16379209982311,316.22177008859364
2275.148216268978,-1190.3472801667883,111.19497814148755,321.6563554054798
1648.0728921956752,-2823.9070605357037,-10.973846267173695,295.98372350650646
2293.4183590161156,-2444.501852647385,52.28609736219802,313.5882831596113
2665.053622107065,-1073.0835722016634,227.15079373802308,323.5084321903326
1671.9411878637823,-1094.93182433034,15.750843929210419,325.1528873560312
2177.4196897203774,-1791.5489034535929,152.9610653026356,327.5192358363806
2633.2822239617153,-1487.5673811642673,151.10405718639646,338.2440975897584
2966.69907404565,-2502.137289909768,243.53746661272606,330.55718339425687
2736.7787503835443,-1946.5570924592944,128.86637692898512,303.69093027963197
2948.946836085972,-2178.2629075084715,65.45039995540094,326.86317306167615
2976.375078748564,-1450.087186919854,185.88136551138072,320.5835188939848
1128.8527241991615,-2544.4775532872145,120.28451513635699,332.73921085361036
2194.4147061637595,-1866.2987399779802,176.76496763493412,320.4947067391346
1023.1832206667722,-1830.20420092903,218.50297534104786,327.399194042708
1187.4914520301345,-1738.9307400925484,131.06979534681213,329.561405830457
1298.9701098468113,-1031.4994630957106,230.25816898680287,332.3700344041311
2964.270695394496,-1345.2513864910204,128.12562670958505,302.6658379529697
2334.8345570840506,-1198.347198677469,180.7990605353417,310.96214357921343
2280.1854068129715,-2438.8342692948972,110.90872006196497,336.96482531514533
1099.7866736206815,-2665.0568294499344,75.59266789831186,330.8061133854706
1870.061463517177,-1632.9996703034144,-8.547006852954674,331.71612432553565
2593.336086687838,-1254.120958379782,104.0021347384086,336.8688243364237
1901.0780986959535,-2894.0174072322484,37.35837940742171,298.75395666989493
1065.4804380224687,-1345.1166868906519,104.45871738874727,336.2102299004205
1729.3140709961267,-2225.2121538606402,248.9380334650997,313.7354376748838
1059.623920562775,-2943.849914559432,187.0663787215102,301.05100956068407
1532.8101965941437,-2744.716334364152,114.27242401744019,335.51361271002594
2725.419185369695,-2055.337192084094,25.893821184900602,333.86683197769923
2412.3213430904043,-2108.8598051537892,160.4801837940585,307.58890008872424
1532.6160772529402,-2191.850593774372,10.740075901534581,310.1131974566152
2100.1679635055325,-2685.0649656217242,254.85822740103833,296.73826569630074
1802.9172954135968,-2806.4072600361505,23.18605568604255,334.11556503750876
2404.5618306462266,-1795.5090467808614,139.09874499213367,315.6275496673268
1887.8238861903465,-2015.9641021168304,212.25651248460483,313.5544002283532
2745.4857350529,-2912.571406853434,7.662994744910801,334.9730579135653
2854.4938736643417,-1505.4893112842747,164.95433320437328,308.51934500790423
2713.182715814788,-2543.800948184403,119.98140400123438,334.5936760088127
1256.850087052886,-2578.337679900979,142.19857290519084,310.13818318487876
1564.2418956774636,-1666.0728344337638,115.83910394780787,331.82907406230254
2809.2508448061217,-2617.577929927385,185.29896637295087,304.64337385147417
2876.895378345502,-1563.4820247338778,-4.340714155357329,338.27542362730253
2902.5590696601066,-1484.281076659578,74.84933229196737,325.55312601375505
1023.6374095192093,-2334.81093344653,154.06439951983515,323.331680076606
1688.7952052805304,-2399.4482650090454,-3.1301439848421264,306.5836085052586
1876.859636103135,-2497.9781487123564,21.200008285099678,301.02763621886373
1802.882590193233,-1408.1061911341492,206.02458842011146,312.4233505460374
1057.2537558929344,-2649.6209598905234,119.20004549885465,339.279108085615
1489.9516147126824,-1254.3300996012906,132.5243656345433,336.6127638225163
2890.0159484869955,-2265.638091947821,109.33609873303921,322.40763410709724
2818.072711191064,-2864.6530242189197,11.074218115694194,333.9664016205085
1260.022968148598,-1036.4827541286177,7.331993521705666,328.786948364345
1099.4902485907617,-2103.2882068880463,133.2265730329483,333.55576964647423
2423.368899134769,-2730.537399378979,221.323705212176,311.77022538530605
1352.3970078543277,-1233.7930858113493,130.66153822852095,299.3569948490263
1595.3702664474026,-1439.4423147983441,227.07892375777246,321.7114172854085
2997.951342867604,-1934.718317088335,174.2469781109852,300.1706920837673
2766.181428506411,-1566.1601937022951,182.2870794421794,297.57992238719675
1310.3462252285588,-2725.7323058895327,64.57959311609521,328.6184265935345
1743.3332860746846,-1857.0412008403382,-1.0187869882459104,305.98868487280015
1814.476395237221,-2822.072052250673,72.64604058500397,336.795618799037
1118.3463753043002,-2345.740823808605,2.6044143291871045,301.6462445197909
1978.5176001469606,-2278.515537701561,119.91191715626178,321.65850568788017
1382.717246390775,-2018.1222752935282,107.17713866470258,328.93378616431505
2634.174057644651,-2357.7314784262776,187.59385601784874,329.45003017422886
2774.5078376258166,-2135.6961976480197,180.12513574920638,335.5945034931128
2241.0785894983874,-2292.530360522431,-1.8932626516844575,339.73797536047505
1445.0931955001095,-2942.3948367550165,100.96784154961773,326.83505403792765
2042.1965036828828,-1251.196035709899,258.5715147868475,308.5746234293588
1843.4348154795666,-2205.650946664754,-3.6452194376794402,306.6877926427184
2848.8273583547384,-2907.8729697388403,135.5781577607548,335.11424237117177
2867.188803417739,-1004.3029499932773,110.8142145182405,336.05628726814393
2081.8966795645147,-2757.717629466242,199.1751008857429,328.0653162237073
1519.9642945778298,-1488.9370140624183,83.92294732552726,314.2089150557324
1497.4459842925876,-1237.3060659666812,164.39863188089,319.31822959978865
1390.2744455685615,-2275.132442480378,93.13497221302892,337.2384992137879
1891.348451906647,-1364.566459178187,159.7341095226943,326.0647144503169
2445.7894449255145,-1107.6499968795251,78.24466818497662,339.9208919428048
1068.0446788997126,-2686.224104786419,83.02619896413105,335.95239434358297
2426.839061573716,-1543.163791287189,163.05765775316723,339.27675210836935
1632.5879433242587,-1897.144758038966,189.77019791061764,311.7265809045936
1722.8032726599727,-1670.507974998138,101.5278870929713,320.7943081835955
2999.131835210761,-1987.8673374757147,81.74114487482989,314.10194799086185
1371.3461954935983,-2563.5838210786887,124.72239261032277,303.3925694026705
2504.569251771258,-2962.6534551579743,85.71145851865998,334.6963127576189
1782.2454560476237,-1509.8144200894217,34.6972194265382,314.8689316785927
2736.267610290448,-1360.6722426840897,110.84008614609868,329.72829576137656
2602.960440444574,-1358.5010714322666,31.693833268756514,336.68856062738905
1398.323161314083,-1196.301343901938,74.27257297949045,323.7597296411392
1020.3768473035328,-1140.8107589763524,254.65993682121865,320.2430792022359
2977.1275807625943,-2294.0424117312923,5.054173281411803,318.15589043254096
2981.7535114354578,-1343.7406002756602,220.09399398939922,308.10043006509244
1488.644933139006,-1123.4780901660226,115.40087229324047,337.95735650638375
1499.0139606734922,-2702.723349522208,103.39988755144138,305.37174396433454
2542.4380728539354,-2054.643170498849,224.75993551428826,309.8712287701268
2608.779983622774,-2090.74972969992,198.7763528162246,339.28774425169985
1877.6115426140807,-1261.7095461857539,220.25659810087046,338.9956853898125
2466.2788637129124,-2284.780021530224,180.03959518973778,332.8083388076624
2910.11366547378,-2646.5974554028526,127.33948145611603,303.9370131425391
2608.880778623457,-2688.7212882731633,158.6658854213044,304.2143938588079
1895.181842431824,-1129.8122435466912,78.57059538508356,298.6221688960817
2731.1140821361973,-1838.2635697350102,126.90251067765615,304.44482433011143
1645.8076507991436,-2974.1987313120358,232.33035828383578,299.0049143927833
1123.5397141399444,-1944.4502590914121,171.37790402765447,300.3706031656145
1013.7128516207099,-1431.5263401472089,169.26158213282255,298.2077637440901
2590.1898021461056,-1655.6810819070922,196.42413694132435,316.5609993667931
1503.948330380607,-2073.488013718862,122.83457554257697,305.2357412756396
1812.3202538241185,-1747.861789548632,243.82939018801562,330.0957470123184
2394.6894038357923,-1834.3419572007515,192.4432203041016,297.25666783889704
1045.789594768642,-2800.562450519431,147.9296574543669,313.11660767354437
2029.3706549279514,-1118.9319595534316,254.98949376300016,315.63950874289753
1242.4382854798184,-2739.7986571925685,219.81534963917923,316.7557771798418
1250.166258531357,-2433.2522145676917,217.41951458292553,319.27557252334014
2140.95790641007,-2728.1934009930233,49.14352435830163,312.5535814920855
2461.2782005390663,-1961.5181051349205,4.017805731127865,328.33277360364866
1723.135301898893,-1575.7094683492005,94.67514874404316,320.18298266604177
1428.6638117063424,-2533.683762882276,126.63137436660764,308.1794938596664
1936.73474863445,-2821.9564722757013,231.62149641448983,322.2470907161596
1819.3782206561311,-1665.5402514619018,181.38641558781805,335.77836967894996
1988.239088986867,-2407.859314092398,-10.827041751587252,324.8867387852129
2867.585546714954,-2600.147876510397,81.92655650939471,336.609694229419
2274.6238287924166,-2479.4707936251652,149.3596408180374,310.4319275147105
1191.2095188081335,-1957.728240524277,99.59898708105372,315.2852194328586
1245.974822651283,-1695.1898243718324,167.27541335066195,320.3992526971501
1062.7008601251714,-2534.9378280181677,19.759443591960995,338.87284226229036
2211.218460641314,-1907.7164053245433,45.668475644719074,300.76038867915196
2544.886836263655,-2181.764964195395,64.59479464582533,326.9461505482043
1979.6616002122557,-2996.390594273231,82.08994567154019,297.24618840352355
1819.140608410188,-1265.4317192297763,222.47541457619863,313.46848001617536
2780.4473815662677,-2027.0537447874003,257.28060235285767,315.4201921684685
1058.90081751022,-1761.0126332035193,-9.483918526465796,318.8068294815374
2935.1126777832637,-1976.8966395833422,98.70162339946341,310.76464995145443
2283.3911357773604,-1517.7935798654005,105.99277014074066,338.4815473659193
2651.4625021394195,-1583.3576138728115,141.3487351866564,327.38361395971367
2539.1135097188017,-2955.6566599721855,156.6880310300655,332.48615779526864
2769.9491963230093,-1438.4806360751154,259.65263307004454,314.91992880679163
1208.2227232177356,-2710.7059960917813,36.63597438210211,326.77957875451517
1640.0853435220852,-1977.36773890178,60.05741865286852,300.18333328105626
2195.8172493405837,-1454.9239839064812,18.70846667241301,328.2711857899027
1586.0355740947475,-1562.5189529150307,105.75660463884653,324.2496488686584
2184.787039246399,-2697.459664440966,43.199730101438725,316.7340468747815
2802.116110450581,-2384.0702644252724,206.68157492689187,305.7393342844189
2346.3906116124163,-2054.3591484097847,83.16651268805776,316.91692801298336
1123.3446255276435,-1541.2280215001554,-1.1095796191570422,331.2093803115525
1246.2320778741382,-2747.761934540129,170.21261725497854,305.1770512254882
2947.0246520283163,-2182.9727465683773,120.61286828766444,304.4341147973587
1140.89581945895,-2079.056548640615,103.22034602256238,308.0914685636473
2684.940432175396,-2682.3128455110786,189.40708535682543,329.0876508085623
2973.281064394423,-1693.5482899490942,258.3474634488165,327.43906794765286
1324.374548231725,-2385.5919658940716,232.19477916050843,321.5055798960729
2408.122380429303,-1214.99092305891,56.45573964311434,307.8664731103826
2616.0496114169127,-1358.4762904418487,255.1543050164716,311.5970207420486
2902.874342758566,-2350.672512576869,10.109304700333432,304.71152057639387
2686.190634771685,-2915.4221103420227,9.43225538528424,315.9725007352369
2497.519857452162,-2796.069404820063,-0.26218273780679446,323.4718089127055
2540.7190128993325,-1277.2125709620984,241.3744352528425,300.18950110676883
2556.227268904575,-1658.2291392137633,-2.3393425352930635,311.7454776344915
1182.225449356111,-1573.033165510646,38.66483765396603,304.677523677389
1675.566881001841,-2717.0610673704373,257.4452302881926,318.56615746595367
2710.320886888123,-1073.2573006516761,251.93259718482744,316.1694780596213
2475.8016536702553,-2316.010286143841,160.37190213338994,302.6114760261519
2903.193185668191,-1884.0648351046111,121.26605183122666,295.50832748600317
2682.5021956420915,-1590.818621352406,22.32529856337478,337.8607281111159
2304.0746590164076,-1666.205800679298,164.68000384574327,321.31370772844883
2066.697614460475,-2783.963969800754,31.29123525019994,337.7243807044879
1215.6775299582794,-2179.272574983113,113.32717327885618,330.7502322131608
1867.639663684453,-1876.557853225036,4.988364842997964,311.1608682102477
2923.8943820519044,-2848.765809353488,25.001089080960952,315.0636024831432
1092.8384334693606,-1796.8540920601786,34.91228163128235,327.27839227281476
2928.592398270802,-2508.728430872838,-12.051619053211116,339.72011801047984
1187.5613993405113,-2084.0909744504975,119.31475663742651,310.4405539484882
2531.1129572901646,-1799.0110585192338,90.62637491843851,314.68667794289513
1259.4789905936843,-1338.079534478307,147.16495004688093,323.4001273251018
1632.6117352892416,-2475.1522991309757,234.43536087730345,302.72411592313836
1612.5563759420347,-2995.7974262654902,53.697043689264305,327.2018247793536
1710.1965530822586,-1547.092113962805,159.74400787249752,310.2024682968688
2717.4629439274477,-2388.4309309259393,78.55497558326388,308.800687765807
1361.7628664733913,-1902.1648205219553,166.94465573975532,319.44728592422894
2742.695582473978,-1920.4093899320178,71.53633498018652,328.91394922309485
1750.0417332312127,-1767.2024821465643,96.3021967033217,335.9547363093805
1143.0796745164153,-1941.885617799169,200.98288003853457,333.48995107854023
2756.299117423908,-1011.2200903289195,121.96720267995221,303.62984522331976
2534.2732456034037,-1235.766393389927,15.024777786368052,338.356886944941
1894.2935837034752,-1084.6368228197107,60.461216054159934,297.1053975798939
2307.848864182185,-2635.8253434852218,247.19728133263425,323.98262878103145
2354.5000381606214,-2279.5722537697866,-14.055949207232807,332.6316276857087
1799.7652181663611,-1255.3900251486073,7.444282747312862,302.7053360096505
2096.593013419153,-1357.9495517414118,-5.399309812855163,326.03093460267854
1807.555866076644,-2925.413565789822,150.56278491644673,337.27685780177194
1957.9796289380536,-1835.670529943321,92.02904096648793,326.6437340002552
2406.6627942228724,-1053.2261893665452,103.89092532100231,304.8840476813371
1830.1048486625873,-1867.3777673824393,184.86505156969366,315.05883241682506
1808.1346359171016,-2624.5959923377955,34.50412030257023,324.79014464311183
2543.633266671417,-1501.5629266554913,125.53229366940394,314.0916509643708
1584.5009587167979,-2377.834385076955,82.24423666728153,322.71340843527605
1691.684688973802,-1827.4648056949304,220.47072301172872,307.08970887228696
1855.3567344584887,-1648.502822956721,39.520618329564,333.1218887491818
1455.6983836115771,-1572.9854804094239,225.34783608851342,327.76039293703826
2741.977251167149,-2794.902872968203,252.30270644427299,317.00971864016594
1800.369891416242,-2219.9887896632567,186.77250889699056,317.07755671230234
1656.6373950496295,-2619.1897991133037,84.78204852851965,324.89249133813126
1124.3461292102745,-2759.4945374599843,229.22643004486247,330.4473490628768
1447.2585532765784,-2266.559779604765,15.613672506973263,328.3679363922022
2207.5498518071113,-1353.5456666015687,162.55546625265418,313.854381839327
1096.424636897405,-2768.206436593813,1.2647657599311977,332.349753278991
2942.6492948293308,-2038.660737064407,259.70665064494267,297.06989246503423
2991.4309689109004,-2649.9872178993974,-14.660119986093502,330.57232199960794
1282.4123182236478,-2402.8186829734072,183.09064279065262,323.375455051565
1100.6365030877525,-2281.5908957396264,177.17364122218575,320.4392404036591
1839.586278820737,-2234.911407665602,-14.78262900539975,303.4200824295891
1531.5740043429414,-2407.172902259373,129.63212298951134,318.8572242306443
1330.6071312685883,-2786.2465466631847,151.78181118625903,312.43513433735217
1205.7822372538426,-2150.8387455890197,-10.59094659192017,297.9705709930445
1975.6541464885606,-1667.2077101723455,-13.240532944868104,299.99121833691754
2753.6344040614767,-1088.393949850491,32.510888364943334,310.66640829604955
2971.9483371277684,-2112.91898451586,127.45543037587748,338.23719079040455
1677.6125343766698,-2806.0176550983124,107.21294186824618,298.30431329973453
1793.5515022669965,-1522.0731517793731,249.12078256180814,295.410361858708
2306.358362597909,-2247.986237699349,163.39091526437025,295.3892144917116
1768.1898547573005,-2662.345568832841,121.56152832795695,317.99084608831413
2810.8867247565054,-2025.6053684783976,249.69382206136748,317.7381501360273
2586.317587738751,-1888.0770901669025,-4.967966684636567,303.41987503818257
2181.734981326749,-1404.7646833771414,24.941950360228553,318.0741693605924
2317.945109202688,-1985.4188172346708,118.56845515162246,331.72539378890133
2425.604538082678,-1178.9302868726977,37.437025589234196,317.6178099286719
2321.7072857564935,-2226.0018194563545,140.07407688884786,323.35310957816785
1701.8973299582985,-2530.6363567661715,177.0708876626141,337.7794479873312
2081.413520610946,-1193.151344849155,49.98557737110336,315.2719332694204
1591.0725172259858,-1423.0462385603198,31.974133094368945,310.16627308483527
1567.4525209032518,-2327.132283186505,189.54162883230865,315.73871890049344
2348.1262659069007,-1628.2896060469743,75.43395019497929,331.9584043121398
1854.6982569471534,-2054.403520757025,59.197985781379984,334.5083077138066
2681.522805881149,-1356.5050021584705,-13.810981931987705,313.8249120115846
1440.1276933718543,-1800.9990477660692,18.587842143669988,302.1675053801317
1521.671873372755,-2375.0769558639695,201.83618669752946,304.6142632465482
2730.0685658517004,-2220.844527796695,105.44934248772124,329.2791909952929
1716.1447205276572,-2524.793489369883,214.07605979156085,307.10653238373266
2944.567564614499,-1268.5334567704901,137.96900194070378,315.1464218243214
1264.560296694374,-1793.0122513536799,198.1089911165198,311.5119790737977
2714.3004758755387,-2907.417912837006,216.67088939835776,313.7311154500082
2104.937488410781,-2501.15599871198,147.64590906007524,327.69467936650966
2073.359362744609,-1598.1251760539753,-5.347632455333551,317.14691909847414
2066.8412671313235,-1566.771518057123,157.28232443615758,299.91517999046795
1364.8516467599072,-2874.7443766657716,98.46630075428611,326.9020738103801
2551.0947265842615,-1897.1144661613446,198.35214984283803,311.6483780196339
1807.1545311470227,-2599.8644992017103,123.87705986766281,298.6315225454594
2252.5124542706835,-2817.624253806442,176.53950549415646,330.3636032794103
2283.3844555742344,-1514.389390362255,18.923513195432413,335.78435845755007
2735.377923832085,-1262.0582927139772,162.54900230422484,316.019584354242
2853.500670757474,-1439.512126203141,127.23523224805305,326.17634377634135
2074.438123134093,-2104.3775584436676,47.75923061285668,329.7995739764466
1412.130822273498,-1115.9635882767332,18.39097272332338,332.98743067857885
2050.7431504021233,-2406.817618795896,193.2702649632522,320.79226007971414
2998.20750657153,-2750.386347332921,66.4446532778002,329.63501175783836
1584.2279144264594,-1841.9605872399218,59.00573307958334,305.87436888488423
1472.9254746566592,-1445.9280931858468,215.49670480254278,300.58273969975903
2480.598846662044,-2569.0846945609724,98.70719232113092,336.1404292738217
2781.026093601466,-1764.3277131110376,93.84473930619842,308.51775846972856
1390.6326655180387,-2165.0726778435474,115.47705204929673,309.3795945272265
2425.66660044001,-2768.202753949634,149.73049562268895,334.9195866978453
2907.0272002536103,-2356.9206567575543,62.98525071416408,304.3963669768587
2126.9927619461523,-1300.1499741481005,-1.2614239243068095,303.6942124119557
2769.6378344463337,-2655.695023486267,213.42458296647484,318.73053293253435
2368.305950156625,-1572.2745368241517,222.6824139275312,314.1128761201391
2335.3592674038446,-2561.5237328918943,3.115317648075859,321.8857292566407
1270.4435115111805,-1758.807404643044,62.687326515218984,323.85666358963357
1452.6528319985387,-1732.9097484816527,61.75779291148223,320.98976588461176
1479.797912298115,-2553.4431050128674,46.95991575692535,329.5032966339668
1743.6088739911781,-2936.0494718962873,189.49738561183267,331.9690940655042
1255.4972166118864,-1364.7985692686989,155.6576804029504,309.42123132665387
1389.62860714591,-1308.1586614159773,234.75168518845996,325.29590450346706
2635.2689894930986,-1204.6525193697332,195.10608320305244,312.26791930764375
1525.6652408064876,-2244.1573996832567,109.79960542645169,321.2175131675704
1117.5420037117262,-1366.2404139773212,222.01281840382285,321.54077823188885
1339.590945166543,-2694.240422610943,69.61049884850316,312.7277353904033
1494.1531244492505,-2909.315996341773,41.33229050701467,297.5156560546616
1308.372055180563,-1096.9464697718688,50.241496182648035,302.1143924009101
1662.9429604575157,-1654.9984529957621,201.7797489421403,295.43459247310074
1592.4128689880927,-1542.7988054618065,-13.193329422380163,333.73697830821766
2564.8823138692464,-2193.647992737804,89.16693160174381,314.8436171094651
1823.576795362304,-1928.258371897281,171.928835650647,336.55467219465805
2515.6458390263915,-2544.9393747055783,199.9573243460765,322.9098394707148
2430.972783588799,-1164.276539622341,110.71029714139904,316.49674184240115
1673.3236917587224,-1241.8553093686824,27.706405356975708,335.46221468363717
1498.8948933026252,-2186.568711065397,257.88745367699636,332.402311407561
2930.7331099798594,-1091.9269589186335,101.79142652539174,320.8306438856137
2316.619340740106,-1260.9648276183443,167.79553754955856,298.33723323870527
1206.8128401897422,-2948.54125537352,225.87364459466923,312.6417607956138
2536.0740418539986,-1462.117470641269,7.306001253208631,316.96898103879374
1059.6143908711686,-2171.3396196577914,191.03157677889527,330.1446101865927
2235.0399469945423,-1796.7982960239462,228.75705153220056,326.39776435539216
2741.51074589635,-1391.9684787246242,33.060933523657916,325.0320014404078
1103.469640511956,-1745.828623203091,152.56761217807548,337.95881570397256
2117.8704484988775,-2938.136590084442,219.0700032310377,315.75227458902015
1123.9154347273013,-2022.7546696119853,154.54460130705465,329.2020765056184
2647.447008980429,-2866.907600271256,48.89903593875006,298.7232979677999
2547.8846568506797,-1334.5438349845076,258.283548411335,324.1485741427485
1298.497216005273,-2567.992747021693,-5.584552623275357,336.29790773261783
1656.114995465376,-1773.4033558789495,67.69055789149247,298.35127418482654
1545.3451559583798,-1089.7432471550937,243.97012405007212,324.06259459935444
1984.3281015978819,-1665.865815512719,2.166046119297903,306.67718843523653
2062.9918872111284,-1405.630158557903,74.11500953186372,336.2839065962433
1553.467549786179,-1154.1338585898613,52.15783320278672,328.1932883693445
2420.5909850565436,-1289.2465530091483,46.291393372406176,304.9971454000865
1388.0010067157918,-1602.8678169778611,208.10744171251412,320.2632547636357
1100.6971226621217,-2588.938570299256,101.33827994629827,327.5898232704509
2615.4231652327803,-1095.4479196788966,166.0355434895995,321.1663927273385
1321.036756590618,-2502.4385274030215,86.53059005583656,304.05676230291766
2907.5652895483154,-1290.6840062592648,138.5178999570241,333.4202393071181
2359.8404534802567,-1115.1957423294198,248.6538989044073,298.46100080589997
1704.282864680293,-1982.0482880999793,238.6765636504247,337.97203114420904
1500.5268670179003,-1598.4201277214609,84.92638210428346,333.16603277493124
1862.5425928783864,-2171.1684679449977,92.3572896691348,337.26648839107196
1381.5852519392274,-2896.170557596198,146.04836159515892,321.2895616933913
1631.9477601347535,-1067.7795693343826,241.94373736565854,310.3144092923987
1383.0446116902497,-2377.029526909205,60.622158189353584,298.1239060438815
1039.4011120436362,-2816.2489309207817,122.25036386899257,327.8511549829502
1954.4146587477794,-1446.1403573259545,114.99962729141694,321.62245708372427
2488.2399221132805,-1270.3812931754255,7.290165508202207,296.0452395120886
2626.07850916334,-2382.7491407961957,35.41059682994427,330.61818263061997
1571.650601099202,-1802.8999170393652,-12.241921263035186,317.86270045130436
2661.171023842018,-2273.2656144457533,237.42539815900088,298.70205088941475
2451.8410554097,-1337.1263615436083,45.943455805898566,337.1340597448142
2412.8244179972144,-2616.8247489416704,13.817554144176817,333.50169912451634
1932.7360929236338,-2343.1517096211523,79.48736144229021,331.96128234765854
2059.5945719351284,-1207.8649033842214,39.193469712599466,322.2993533079728
1255.842440451195,-1382.3617704361634,84.00193966813235,331.5551995678999
2714.0567525042998,-2820.128801824092,77.40602840451278,316.33226660788756
2311.4309804951513,-1852.0471102864922,56.62966646332143,324.4166314292612
1739.1249622964847,-1724.3333497009253,8.942384769327088,295.93734470232266
1794.9265070633687,-2936.808576844393,4.061509155972601,309.9348090290408
1849.7693137434349,-1001.5377958610377,71.57225855802174,319.8619150970418
1836.2151959924558,-1775.9916513743565,33.79101971283936,327.24879933407414
1343.1861146503607,-1495.9616890365676,61.55355169222223,331.51722705093886
1458.6999755235033,-2707.2913726220618,173.68874243981097,314.8180325008641
1328.5732701491659,-2575.407063314098,0.6028449439094032,325.8659034291079
2446.362019861288,-1190.0481769148666,135.82380199135866,318.8746080777217
1090.3898433825225,-2427.663350685913,250.7302848028217,333.53885095297574
1863.9735754375351,-2810.64982273337,152.7914654004929,325.0955839049881
1086.3829571214642,-1320.1274107893862,34.27090786592619,336.3479798449934
1289.538442964075,-2504.0084977528804,152.37441243921973,296.02046805295276
1807.249826663683,-2875.097459643856,173.38640555023582,301.58434754151597
1478.8851135957789,-2289.8779111921303,171.64835074331498,321.1395032993892
1374.7078119609666,-2287.382780369572,34.17419997145043,316.88544145954046
1908.6151531391265,-1784.9602874715622,181.503559305319,338.4003252949996
1716.6435156818861,-1511.0170560846084,207.4987748142983,305.03015854468083
1389.2532846707397,-1210.3953357731339,26.253353202667554,320.3133697583148
1558.8931720685825,-1153.284184058661,117.59722139664711,314.07244016666175
1284.0998752974278,-2691.9083803057283,154.53936623859795,336.2144653361996
2193.2156794086286,-2607.5921931624953,65.81458395013267,308.5166194679714
1876.6001311482119,-1014.2319303335723,17.11971497271943,328.4634962491501
2074.1335387592712,-1075.132828791167,54.21431771742189,322.01633115265497
2146.464604764202,-2594.3193834878193,173.534540525171,320.2845495014787
2734.2857363024623,-1216.6971235409442,96.59916439383149,309.68508713979685
1695.4656322891337,-1470.2207943149192,47.97316782668148,314.788242273505
2118.7931065619096,-2388.90859683353,129.9632627363387,308.7254212969661
1597.1213982949475,-1753.2939920015815,219.88425406644598,333.96426723670817
1586.2916273495082,-1932.3729716685373,161.90843674732633,327.609069152411
1801.5714586288616,-2565.573747655538,97.83375873551873,299.6913526393842
1705.2838071010476,-2346.3709284771653,48.79806124522508,299.58827646069705
2375.4646396862386,-2096.256716689386,-8.464797667615496,305.21305732143543
1846.2758168651674,-2137.137637632774,228.969997506606,326.86094433950416
1100.071931625601,-1761.0983506401822,38.663317304131475,327.0448856805378
1000.4969373729568,-2175.1573463586,130.41863119400566,317.959030549569
1847.2037942865732,-1276.4143950726648,245.4245020657778,315.9972165107196
1819.72256422649,-2705.502196753179,120.59032797900883,302.82170618537276
2192.0978560193766,-2397.4356847928584,175.4596986857314,313.18965052383373
1681.5396333438198,-2118.903718662079,-3.337199036485469,306.3361414440519
2741.4821958128005,-2512.4141224718023,167.9029362210166,321.6433912171805
2223.4331420454187,-2280.9434199504885,74.90907736958776,329.5221006404176
2458.568065837243,-2967.796853089831,217.33673565991134,309.18672667002545
1300.7943006026487,-1109.0329915857485,40.929570475570564,324.833951346046
1477.2901337522176,-2438.105472079277,19.1400983764265,337.8714530837637
1810.3064772625594,-1898.037250043765,96.17133034522156,317.1057997906355
2222.5013773041205,-1452.663774989885,103.29777491046318,318.5023403830346
1355.0977163349135,-1182.746534931606,147.89673191562304,328.9890500044816
2562.952349429812,-1578.3178340940906,193.74625838483138,308.8641197974823
1652.6266437534134,-1338.1067490044186,202.05481889388756,323.32733186910446
2501.25149979235,-2057.9029458780265,180.05460349491577,317.68105075105086
2327.6840191258234,-2144.110391382571,80.30932079892362,320.0124346490299
1179.3495648901242,-1911.1000422070238,115.26279253259608,302.71591258486865
2347.027578898932,-2117.690130460852,20.56274687748578,330.010163779109
2597.0863444772567,-2186.269019899688,205.19997644087235,328.4308687260581
2993.914597668985,-1366.6184729219478,14.89134908866292,298.42915865828354
1678.0080833741667,-1594.5171948222185,117.95635250909302,334.65032742835047
1071.7419527386912,-1274.6534237225999,220.2382820395641,328.33163890175547
1716.9800198498249,-1666.3479603504013,177.5236363510338,302.6541766559036
2170.2800811303623,-2056.947631108555,229.4497064979405,304.33637400521786
2081.7466348792846,-2371.875181201006,85.71774399491807,318.79564379317173
1062.5524852965086,-1426.300317941342,136.11451077834062,325.73839752055466
1062.3436001999612,-2769.9031115290604,10.663160223954105,321.1644155138972
1878.647720455075,-2415.53829002747,136.82454462650773,299.4698574875368
2755.5056182314647,-1694.1580815641626,117.20600184629632,335.9051774273565
1142.785468156179,-2328.0234033660686,160.6474235867984,317.56371452362436
2659.178450115139,-2654.727245570799,217.8006273508615,315.7810433920197
2072.2658626819098,-2929.694848834454,156.37080230995412,329.0661516042781
2765.478846823346,-1007.8819749113754,17.560979773904037,330.44199050696017
1712.7744722259326,-1635.3253558262868,24.211603561874227,329.02524849579015
2632.008721434515,-2937.5002523482203,115.55125411681831,318.8014822244993
2113.7886264336403,-2949.854493835073,205.79862124991564,332.28441804840577
1313.0249639867886,-2907.62660281019,131.19945581830635,309.2832028883689
1402.163169029473,-1355.272095418486,241.44896942219737,318.6234562276761
2940.734754181462,-1948.3166322859029,37.7316416232596,307.63781283735045
1608.6458099721897,-1011.8818731098479,64.98006317768484,309.7449617872579
1086.8190887061294,-2958.5293214478415,56.467803170164416,339.1687267728758
1882.1284240177256,-1175.5510623157018,240.0274393815639,330.09658473016646
2165.616298788824,-1408.9530546102437,202.3578787697267,329.2924142729621
2382.337297256889,-2172.401381155669,218.15027755694018,327.6197417924091
1001.1736707502239,-1907.5765248914865,72.83086400447645,326.6019939066361
1378.697073967565,-1862.147384781259,9.63046839930681,317.93674551058194
1011.9296335419474,-2809.1787202456585,212.53183461068835,337.51949005555394
1417.9112038739465,-1801.556391322611,28.966164766476787,317.62398832081135
2276.0607733761653,-1733.6163163374981,103.75158783175999,316.2428735883774
1610.898288782093,-2628.931660429399,184.23334580141122,296.63181825287376
1388.8637482761233,-2844.6400489242815,106.8184629732535,338.24475658198475
2525.0890452564654,-2939.5334096920983,-5.1999621204201105,334.96184315942355
2066.7533299177626,-1043.9192850370143,191.30382562842766,329.34770510649895
2275.5325634994615,-1907.3697901528485,41.74276266481803,297.8865762821372
2606.9484073719277,-2040.7049459600612,160.92448116122654,338.1910155134639
1475.2816622420014,-2646.9868706419616,45.817165466972256,317.9497778356905
1118.0182847854014,-1666.2377984758264,117.68987231418126,318.65846840162266
2327.0427004183616,-2547.1032935133617,122.39817165672756,320.80259610247725
2591.797977923231,-2049.657629666175,29.39841119379478,305.2495697505614
2035.3978226661875,-1421.769929001665,49.192943245688966,299.54968575452733
2617.5535240632853,-1690.248177468769,230.08973589503816,339.4549413967291
1722.6204489241948,-2224.3490671996874,21.48215545399465,298.66759123388687
2430.3153889372225,-2959.662066479122,28.80476773426176,301.7881559511582
2053.866414857769,-2376.6421179733393,117.4927719314775,305.42787885125273
1654.891859457052,-2880.2848398067413,62.69598928935838,334.46726503850095
2340.960187938772,-1462.8218025691522,125.02549495005721,319.8772587664586
1245.3118154850567,-1480.930580540056,239.05184885737629,322.91349420217847
1993.7765065591161,-2113.997442224524,200.72519816858411,321.46134196487264
2386.746450404425,-2941.0955210092634,10.546602462937408,327.91648302494656
2432.841663831406,-2812.783111759486,224.25996696731215,316.1544483277166
1240.68250654978,-2720.762460714562,46.09658243595085,300.5462963714017
2486.78969082211,-2438.4044572091734,92.45591283440231,305.28113228335206
1217.3146638738256,-2908.1860537851135,160.58146150239324,324.39191194503894
2594.8143855643884,-2514.5271264839384,187.9426295419495,303.59285217319893
2321.4725239627405,-2475.596291479513,165.26418693068155,297.75248535479847
1477.532916933979,-2196.639144564175,97.49887869076207,333.55956621891664
2139.0929459118297,-1804.6074400236594,208.1952953058508,322.2684019241717
2839.4061811460488,-1695.671629989292,177.49363089340582,313.3179722849034
1099.972582081788,-1858.895582369756,51.53742203979088,310.33078988693524
2424.2716870761924,-2107.3002354339314,241.58522518266858,316.47782297342275
2354.8696448134015,-1071.5242289804103,155.94400733885274,311.68370714165724
2248.685621246619,-2126.031942490619,222.82426721093555,304.1887760705058
2258.4769613616745,-1636.067356424578,163.78571279552804,300.72002635887634
1632.99913246717,-1036.779448799137,119.08424601291182,317.62039034779366
1044.712112208393,-1912.7713595806167,114.51520614929848,304.7702810180378
1770.4526294440225,-2988.274362664096,173.83895052813605,331.491328584435
2720.6561211545068,-2398.0048432805106,-1.0339950948797672,329.7738017155958
2043.442960042814,-2752.5108685252553,176.7933211581234,327.4912574938846
1546.198302956982,-2462.4053333671436,175.02000496139996,316.4950077882146
1461.9145060790647,-2092.82785112254,138.5517417867022,323.8531804355093
2045.8069764742181,-1361.7102874112752,156.08625888197935,307.03126451976163
2627.7994990977313,-2530.6239010859254,116.78145508872112,319.7262542426877
1085.1599990688467,-2279.79240572592,228.2006604880766,322.9420065224301
1170.3328153569546,-2952.3850279058274,147.71351202309958,338.05336608967383
1962.071878480773,-2006.467332518914,-12.996576375556387,300.4092917974941
2547.359620766716,-1979.1875487074385,250.9095583420197,310.92181485984423
2340.2229024016706,-2903.4159785757383,172.6178720228895,297.7453284464538
2285.7389326354582,-1500.3464128311189,7.604026252539157,310.47856479296263
2597.3088750622646,-1758.4835519835701,121.46741284908325,311.50010270333934
1423.4114080825136,-2060.283258327915,207.7358597001761,332.3959467720057
2103.2136130835925,-1516.9742433356664,114.21759174302625,331.88938492700754
1838.0054589338174,-2691.860012097966,75.025161788081,321.5815339562219
2626.641119019042,-2338.9401966552387,255.23733996442382,298.32025580975704
2933.844366534103,-2680.848881842629,64.22887971946335,298.62027787183774
2652.4474929021326,-1448.486368220069,140.14281144324858,327.0775723686431
2128.9431470336203,-2868.6559166758016,17.81943180107939,334.2881376508203
2837.7663555880213,-2926.8065750091237,76.00496146397674,314.9128189138679
1220.3861918988687,-1158.681774217141,110.01065928717261,327.20040557767504
2158.7807225190845,-2833.721985842737,219.16111485934994,309.3092945141174
2786.6647490327446,-1648.6945993517236,90.77066199002189,316.14348555920685
2299.063414761892,-1848.067047076179,188.5755057413135,322.26034023154324
2193.4980536877147,-2914.2070611473455,195.37881197541554,304.258839969311
2015.2164507555258,-1488.3987214015474,161.563274171041,338.84140466410696
1173.828772341542,-1260.0839623882648,239.2817321862233,311.69515643417805
1254.023387977939,-2672.329933226889,180.97797770675007,317.4523255078481
2505.9447183327215,-2135.5263378696563,116.13687182209307,333.5589054050409
1481.545653339176,-1113.2457501071935,142.6609854048058,304.07483773378124
2599.976722059164,-2282.8058328697193,178.80191667746922,334.49772985796045
1188.6710859880395,-2089.3558440376946,171.59513846461115,297.4008657791394
2542.9422425221305,-1173.013102103636,246.88188659369428,302.4733633514296
1886.879941751456,-1812.1840579370753,235.93682204803966,302.5974452620842
2607.70008499314,-2667.4155860705855,58.63428996104467,330.63093213009535
1029.2364093972203,-1806.6342456151685,219.46901295804633,300.425364353177
2501.1775557885594,-1108.581456896394,140.48307478388386,327.99232013852486
1822.5471523449291,-2752.1655954521634,35.094904698382074,305.7697220976921
2938.916543957389,-2918.6280755008775,223.7469671344886,321.58022507522037
1503.0398678746494,-2263.822422418359,249.7965434741426,332.5209841851421
1812.3541342258395,-1689.2914273491879,161.0913066247004,339.0109218671394
2330.6375858112765,-2176.509415076676,130.4716968813695,314.36693213038416
2411.615891989934,-1375.1396210084465,-7.772310469619196,309.06393820328503
2375.730195459875,-1892.5477054053242,110.18111060587184,299.9279267010543
2662.6721477572046,-1958.4660073863085,50.195818666544554,314.1513858072346
2873.76531128072,-1397.275020935627,230.7361836352833,309.3970880807602
2445.1827661060543,-1873.4362648191102,162.50738703738645,329.63554582649806
2026.8662681111186,-1816.8835245932216,21.633168246016126,329.7969927732777
2493.283092472154,-2377.9309266137648,126.77609253203431,318.49930265781535
2962.8439306101463,-1180.124822283432,233.33187529175095,307.13558651260337
1007.9144945871426,-1766.61760192942,110.70892380474176,334.9568872809449
2528.351075956991,-2977.017721792886,10.177431765214571,295.81189324155037
1865.1946146061146,-1410.3621066705764,94.4723378694356,295.1554483432596
2367.646423197304,-2898.256127410502,58.81012479448833,318.2813432455943
1432.1486342028168,-2007.0274373624952,10.026420084878641,335.28288758117446
1457.5727112791938,-1114.6637399593264,166.51298284700053,324.5364166209814
2545.5879851266604,-1563.2968665247836,227.5580770802471,311.3537042006334
2521.1264635721504,-1718.2342321449423,258.16309404525884,321.6065099676211
2327.909686860742,-1517.4807707375985,8.521480142577769,305.07812782678144
1087.9716975930362,-1667.7159976835649,180.63093394112607,307.2191747621672
1876.53647848294,-1671.270410285641,162.38890115627865,334.31248950159966
1524.7223628877098,-1534.22350196908,108.0117044703907,297.9749378989672
1123.557424569623,-1119.034117324798,136.74822213347122,323.8399677710464
1403.6685464460386,-1278.2505890223383,101.16795909272928,308.0904624358832
2269.903500857514,-1225.8023046144124,236.58554858818385,312.4537311846356
1631.4087513139762,-2861.4767859048793,164.59908860050285,298.104548206291
2710.3121209169894,-1620.7062662984047,156.07844923507002,336.37610418911765
2427.090623555705,-1076.8110272050824,152.9765950847567,325.43455125794236
1463.6109609413795,-1439.4292101126969,98.46439732832489,314.5724655257689
2745.1321642014905,-1921.1847605571973,118.40415497950994,314.508440841646
1117.1304559023022,-1044.8821839172801,136.96976111112514,331.1950107388497
1729.2495115259376,-2123.6115307736104,173.02597142688023,335.54048202445586
2128.2857356350314,-1487.3039616733186,106.43639729635814,339.13729948717764
2149.640081929916,-1804.551907580245,92.49445376583671,295.5830151350831
1180.2611722113336,-2258.6073342239247,231.99760549242447,301.8529576444948
2440.9238707303016,-1100.1864288413444,151.47401504632097,313.5420104596497
2896.310600290957,-2043.3542868938564,159.94074581768942,330.90627028447983
2443.253418228364,-2505.593206105231,220.40237364448603,298.95196785235015
2195.2038303547724,-2541.9950952634467,127.2107595352447,306.3699518551037
1556.7675394805854,-1858.503629898684,192.81117517627442,311.66500392636726
1706.9324220853919,-2141.974359594873,224.20242108597563,332.2839461358937
1058.994790612149,-2388.321294497522,172.9140343217949,327.9829810073513
1543.5353314711201,-2332.3260675381985,170.82125050378573,308.3050494627786
2177.6058448597287,-1416.1710288740799,143.53385039587386,308.00148036235004
2038.6288773297897,-1779.757880489466,228.81511124154468,299.43291497389225
1246.2442225308446,-1651.4194899661793,207.6375883270801,295.2397438349361
1690.5345065478537,-2398.503765359664,36.89120259205623,316.55807043654283
2102.6732794532863,-1136.858533656472,247.96492535207642,331.8511246388359
2050.6480651028805,-1320.5261907381805,76.93239482198112,301.43513417074604
1274.5708526754674,-2728.322450333669,7.228230843168607,327.542088024794
2661.814259441519,-2673.9008713621456,189.16286172565503,318.86099352495864
2714.036963031831,-2206.413213402438,116.35127243377087,296.59056868147513
2716.6621853379875,-2989.654912413107,46.840746871225804,300.9523177748452
2277.453553003887,-1825.726300719188,153.82031479630953,298.2047553385007
2525.7099453587234,-1089.1395308858419,206.66941154757862,305.19455339358564
2580.3000065185856,-2923.425907565605,121.1937446838167,324.761537219838
1995.2529358392994,-1436.2782716480215,147.71734086742183,336.8037799669346
1330.1104729994956,-1169.5702632310515,107.62422169845478,322.08903408612105
1783.089412056597,-1469.441317482113,259.2413551933919,327.2125387204936
2364.2226582778485,-1506.7458419349725,26.830403584374956,311.36952904306054
2480.6795797416853,-1477.6447527009252,55.124348042118214,299.3544448983724
1222.9054921498848,-1160.6778879173237,140.24763866104865,332.2898892373497
1232.7026908040486,-1013.2017320114905,112.12785360535777,308.5726376623116
1670.8951479670072,-1899.2233658034486,195.19441918450968,310.61035933029706
2965.810370083098,-1502.6495043339503,104.3173555259431,328.96196985609276
1280.339984866607,-2465.1922929700077,197.40716856077734,332.40968478417767
1087.461406710754,-1700.251628830913,119.75330488196187,313.13638276744075
1404.6406467866836,-1041.4225507965261,14.030877171312074,321.69322796886223
2490.9564742971747,-2387.7942858994024,208.7330676967421,337.8280874378498
2884.4819299136852,-2884.8972976993614,27.345514266404713,320.73693166191185
1069.2552379075537,-1363.430921991425,-0.30283755194738937,310.6963573148211
1152.3926388273467,-1565.8470132973162,204.38753205643673,339.8563668857385
2510.9998100167504,-2155.0716499249374,108.44634932279054,309.1183289991245
1869.6075302287265,-1682.7194441505062,125.98953640114294,318.04265693934667
1296.2764969735344,-2495.5123779627415,4.206708541609775,332.9111771463844
2634.9943297187556,-2381.1116306374906,70.61650735491396,303.8549489492628
1235.1865228699392,-1716.1063589197988,164.7770999773803,305.2209389556174
1916.1788646619982,-2463.4127431068446,185.33886923049175,330.1250547102371
1458.4272533720928,-2778.745164046283,40.321464504571324,335.6563353390453
2706.9000028077767,-2430.142502706006,144.85778893035283,309.7669206510251
1887.4817090036054,-2554.1941383762937,178.70673417292656,320.61977436833826
2885.9040903257874,-2478.907571564618,58.73070597183792,295.47957759205815
2347.6280164403925,-2822.71426309917,77.4477014253929,315.2699279753744
1271.6148159888087,-2241.76486718842,101.59780462185067,308.0361433872519
1962.646493820814,-1577.5141723627744,206.09686476854307,334.6303541575908
2668.953092136189,-2112.3525856467927,16.472900751801816,338.74319306711175
1279.8400899707708,-1588.8671388858008,-5.7677228021271265,301.2481280725879
2565.6399165703483,-2488.3134781230397,228.6068710758224,295.16862483270324
2997.7298490574594,-1303.2151072453667,5.853899106712948,310.0828807193102
1534.8374925426094,-1457.5880518762956,195.294226237417,338.8286070184362
1365.785725798818,-1362.4171426836429,36.34020866742103,325.57690663526387
2295.8651609952667,-1234.9825661545017,160.70519878838007,307.2522856162097
1212.6058479465598,-2729.227581651863,214.90013579173515,332.24736268618403
2583.3051054863813,-1476.9090965596695,-9.757644001408444,303.36873137866473
1359.7382666323854,-1282.517834791823,181.0434073119852,307.77991526579416
2143.2499844938466,-2126.9148722034115,52.806164140842995,314.90818628139715
1055.4200028296261,-2063.3828351110487,177.64658279200512,321.7074747595759
1386.2253370978274,-1390.442738423292,4.007327970393412,326.6467578283583
2391.6575479281105,-2960.706285821791,138.2996095321591,306.21799959151315
2218.14033020926,-2195.8941828346406,79.9897364298905,307.4619149251845
1282.598207081691,-1423.0570985576355,211.81045961160376,307.0148468668241
1380.2650868432695,-2162.870369184013,180.14316607786418,329.567305025402
2468.7487068006512,-2730.8232714527767,49.64403009922104,325.6664535560314
2997.680975770875,-2116.951670417586,38.02638048827176,325.414053811524
1527.1032669449837,-2185.713621387472,48.32174061608281,333.72010744761405
2586.107416076989,-1270.0571005586266,227.10690636813294,322.4773248289118
1112.8542771136579,-2450.8333293460946,241.0396581305389,312.32653339623715
1942.8813592911129,-2544.83948579296,1.4660604421923153,305.35343719985696
2848.619006498405,-2290.273755844779,248.38351475231997,328.63068654655285
2195.1046782554286,-1356.4722585923148,108.38769686827112,310.3379210462795
1698.8655383767687,-1783.0223648524275,202.75282356018323,309.32712131012204
2438.8022758862535,-1834.7387995342763,120.02156242761836,322.7856217235359
2139.2682254830097,-1606.4383906601697,115.86429600332076,303.0226391314302
2009.8629661778134,-2843.375800771544,256.8351460828039,312.4782832428626
2625.124858764537,-1897.8551994563272,24.048846210940432,339.8559021700716
2559.5414889771773,-2626.5469161535607,216.20386714921938,315.33420515285206
1883.2413175349552,-2067.255238026701,258.45175286058463,297.95888535516985
2337.9496861864054,-2835.4016740238612,163.17208975407368,299.02160839603687
2177.1526032226543,-1805.4714356357456,179.47545322231292,321.86579580029434
1675.621110517906,-1112.1279222932371,66.03838115057786,336.26464537501397
1360.094631183084,-2441.8804689359795,251.67503271948908,296.4871063975115
2106.7089036023917,-2696.7295845646713,37.19295884954553,316.9089152671771
1647.3490538438227,-1057.1087926634548,5.3620722944287955,323.35707538630976
2527.375614803871,-1643.6815214377752,53.22943279088675,334.437494925964
2689.159802925942,-1198.0919388708655,223.27943208205323,320.0281186129339
2319.6209993429566,-2260.899921553306,109.09041225454817,306.5490682364486
1523.3506768579196,-1451.0319507909846,46.322299753402405,314.4193257273568
1974.7463023518976,-1907.1106915056807,161.770536360495,333.10404507042335
2871.557334097535,-1624.9996156611044,53.06641946696445,337.26175052831854
1861.429347260288,-2874.2186911910953,118.31763530268262,326.26209929893315
1578.9955205180756,-2451.1306858683456,40.281264389323226,323.36757097562
2585.300473643743,-1960.5408964338644,67.55152073472789,302.5654447190032
2918.654387167329,-1641.7178488321586,39.1581095809939,305.60350498197016
2154.3802519863693,-2739.012587422527,154.8491680253641,333.6740919056845
2223.5693608684305,-2841.3140181739045,46.301966954818354,305.2290968102781
2161.80546143324,-2469.4354995243925,259.02614408953474,339.19726447378366
2216.136024956579,-1496.1326380487842,230.726781122028,323.54104733995393
2549.5002273134132,-1248.4253402335687,114.76063994799708,323.1887827439779
1851.2738828430988,-2867.0514809063375,207.94165269203737,329.2882457088864
2023.3158238656492,-1433.6883476270348,130.05550146036154,327.9804247300213
1240.8708220939636,-2025.3549883387936,195.6154435543189,331.15488880365217
2025.416992927386,-1006.4910323320896,245.27697611727308,322.2171044672939
2709.9563809598676,-2114.116523140045,160.5798867585606,331.46756345434375
1169.7333689836337,-2065.5107542973883,241.39094543520326,304.40565631482343
2815.0402934763497,-2508.69011399878,32.215318993708046,331.25782433325503
1276.8592215312951,-2399.5211582378147,199.12915412878354,336.75242464968034
1908.1434331162477,-1058.7087550859303,87.40113976591137,330.96093021827534
2154.7912166015603,-2839.8647429384355,172.1161058756236,327.3600294365276
2958.9318835441863,-1054.7899568081396,88.5135058412435,338.1253250860194
2360.0039073666985,-1599.8287104886797,31.334907936833382,301.7461011671751
2189.66272853435,-2178.0482846917507,238.15960098862172,330.61288675136956
2279.569956713527,-1509.7726826360365,16.204643705180004,322.767819011611
1725.973163144407,-1969.954114940853,214.0311065181384,302.426947069809
2938.1729722362415,-2730.720472166071,4.747285795905327,313.19993496331796
2891.2094757003306,-2450.505603610509,258.79510857840745,306.99344848712303
1559.3833328514113,-1680.193763053184,108.89758836501922,305.822380909305
1112.8512510720698,-1765.5089719469386,132.75967379522123,334.4369757302158
1434.886174113253,-2507.4848210931846,219.15905167831906,312.6064667392448
1102.5179082675904,-1113.4286229077231,118.59730611689375,335.8177301248479
2721.2696191372256,-1214.801646424807,18.515209491130435,333.31726483165016
1713.0688902510801,-1984.2964814492723,135.20127895749948,324.8283345468567
2793.2209620442054,-1068.402223153886,239.79714128561105,328.1160002025117
2003.2895904419306,-2903.706942984818,122.98261568609206,311.89321774869796
1120.7823465721513,-2784.408487517013,2.624954420762137,329.32345481940075
2750.384809762437,-2493.9281724334046,128.22571125064093,328.3190557366106
1443.9180282742582,-2974.770037940696,150.94616765138204,306.5991441501681
2443.9960510989135,-1054.6435390609024,208.80041996569463,321.27798984430086
1068.3663381503902,-1487.8566427009139,152.4628873992416,336.13697376716937
1045.152109395718,-1695.2340845114943,241.83257824968615,325.0596272216683
1683.7384313861457,-1770.4518936246056,37.757191386662335,325.64844441033034
2092.0912207641245,-2416.974833166513,191.25504462936806,331.2094732362801
2640.628230616344,-1827.0953327116335,227.48654501229598,320.24986993582127
2911.6128095897625,-2459.8262935179623,46.789915150285154,332.52295929505635
1100.827794700904,-1242.4190077748476,214.5268925679162,301.42333634195114
1383.137604343723,-2826.2910327182553,163.68641068505602,322.84786777688004
2206.949116458906,-2026.4658217171404,236.67984079306333,304.92093082380677
2024.6599649936188,-1807.5984816414252,76.50944141414334,325.72386547629134
1918.1237895364911,-1098.105269613788,19.194694051531563,338.6412956950349
2738.221097202374,-1635.2220023346322,204.92577934964794,326.11317397480747
2604.9658262677876,-2986.1706946013046,175.67667420835448,334.68460025986514
1905.3263493141778,-1509.2858686673924,75.78780728647298,303.10327313173957
1438.1874928577724,-1895.2462797931514,203.1841304268626,330.4891349842614
1059.8834778491873,-1893.2324210333004,-3.1054917306164285,298.43915498967203
1697.5537052885643,-2438.132526349153,237.4213035192498,327.6040888356152
2555.8994371335048,-2423.1333534949076,152.93620570127032,295.31599465943714
1161.828958689064,-1724.271192211948,164.7861070957322,315.06705850010394
2572.8154820785076,-1462.8106895695166,239.73635860199371,315.6636642316742
1377.676949758621,-2141.695416015582,231.67997744174758,304.77044942046444
2808.43730775132,-2041.1433171344001,215.6671875300286,333.7170857712064
1246.434860480985,-1680.7354189740327,223.3064315328735,315.2890994530252
1643.316965173647,-2261.2390548937065,194.20994876432036,331.5845848263322
1637.4912938127225,-1999.4196061547398,82.75343953161484,324.0188381676576
2995.2975231235732,-2415.64872915433,105.4626993408861,305.7391697254012
1718.4218018277807,-2832.775668688277,154.20898798474187,307.5179350430674
2487.884818647198,-2753.3129168315036,240.749098330861,330.413325083344
1688.5596277391892,-1151.40015776873,193.8328067222123,316.4986279651922
1918.0992096287,-1419.5409014680529,10.356614987068884,313.99516911801317
2282.9364478511866,-1449.2656639710833,151.4485819933741,331.8273035386035
2021.813582316246,-1129.5431172361855,155.712883742407,320.36695239328844
1451.0091210953196,-1596.4092945220002,-1.9401128393337945,307.0752902451727
1333.8473102135167,-2878.724870736873,-5.901257341768105,322.48582885186
2887.390602014262,-1139.3107959746392,125.03732773895092,334.8807324419924
2203.7195478412204,-1262.9000043021229,54.34439209844162,334.5271710790586
1905.5188283313228,-1178.5614422597885,173.2278892909856,329.6506091855968
1855.2865729111447,-1243.9741231466287,222.21476011790057,322.803390724236
2820.521676885461,-1067.3950890393828,175.82481003541847,331.9172757116827
1470.845435047568,-1888.129328602388,106.13725347465868,327.87741192998936
1442.6600177127925,-2563.619796367205,9.592418033482062,334.2235692233434
2421.253429286583,-1223.0575505641375,252.9887054951024,337.16217002573444
1711.471229340907,-2347.8724570279874,24.608867846106072,318.5980574026801
2148.974263623212,-1428.9509918907863,152.98039195457318,301.82776722904924
1453.5483468263847,-2634.2415043984615,194.31561492191508,319.4107166746949
2855.754996531541,-1393.0300132368502,109.20979763282885,309.5607917369783
2650.171012586168,-2100.715233651198,142.34415393630402,300.37507333528623
2640.055536633892,-1645.8790673545366,-10.633742992074858,307.59146308893696
1084.364055813388,-1016.2263265409106,50.03652596732867,300.48963409848926
1041.7635016999252,-2209.892631019052,120.62950670892056,297.19808047315775
1142.214913590002,-1823.563177143828,170.7398246605778,308.9787867728412
1688.4226625854417,-1104.8827952870452,82.14836168930736,326.25582541048624
1650.0228485356301,-1977.6660915814314,237.90975696461598,317.6416291547778
2702.0682040603288,-1641.6826745681758,196.63230663176213,329.0780930508777
2684.4828898999112,-1862.2923739814082,96.5867450108179,321.0943008786111
2669.5794034557484,-2313.6850159327378,71.53319072636675,307.22311475102947
1966.0523716668215,-1602.892675134278,-6.299018080702851,314.08494371710145
2117.857453546423,-1404.7708642216137,164.69098974810544,337.3689440766109
1872.813207840284,-1223.37252450607,53.40075553598143,330.5599475081639
1738.7746831154636,-1287.3030178131173,238.79560194464526,332.12381459549596
1169.827904717841,-1976.4937414809506,118.21146212678323,318.4452807519674
2603.0209915945375,-2268.10405000807,83.85124236624682,322.3407356360283
2160.2276161932014,-1899.4915513389976,20.25452736165043,319.6856141783901
2090.850046826794,-2370.8281258029606,240.12898036750195,315.3907744102935
2057.7447959324386,-1990.5359318038463,115.02255023890413,297.30887647184176
1322.533341110992,-1616.3917186584556,166.1897046626208,323.7897808156065
2657.557821046597,-1464.5074768428503,97.77692899073585,333.2990322756183
2352.024014139337,-1537.4787282300747,109.60592264514366,315.22641286153544
1892.8113781779243,-1115.661973232494,-1.3303354119683348,299.6917266201979
1709.2858870963132,-2478.564553714427,254.31951280352177,329.5622826492127
1143.6422291664687,-1459.6415662964305,50.70215720494001,337.94658424528353
2725.6277033616484,-1273.947639767097,244.56126969057124,332.97180839753946
2247.147966822351,-2614.2252693700925,171.4320729762764,298.2998644727132
2530.0640715123936,-2596.8873207905854,211.7244121671607,316.3872962847194
2725.099647949308,-1977.6759179141927,184.2202650927457,338.99373955091085
1702.8214988000468,-2675.841119205486,140.62958632959575,311.9761489811236
1812.2285249766298,-1185.2721092894064,-6.489476676802687,304.6678664374659
2830.693369239096,-1226.1300146344772,125.65410230193899,328.56569707366594
1215.986985374053,-1981.2414203544995,114.11330103973143,314.92955731916345
1895.2167828090837,-2640.478167194599,15.284311371200502,318.45567747385553
2287.673545142039,-2593.905330136751,126.78158338880195,325.46497151619263
1279.425293829484,-1707.223142247558,111.75777485268239,330.73422024791967
1671.6580183735643,-1070.9222215217956,204.56571975916768,301.5957793387492
1528.0673236845973,-2937.947527093577,37.822999558457035,327.3473157116404
2893.757645462899,-1781.599814458274,83.74039600923362,335.228572016259
1002.3009272503288,-1167.0141993462694,129.5212167657689,327.49520404765417
1402.0727197138442,-1394.1676489408667,167.81445255375257,338.92993652583215
2967.655338056724,-2046.8290944957705,184.4142793529271,334.4700255863858
1585.528719178999,-1423.4011153310614,94.10673254586878,318.3597344912808
1408.3527325684113,-2298.7708311493748,167.28696043616677,313.4393753747216
2636.9174726193314,-1633.2512276576279,200.43329703779983,332.89826833044833
2552.3906377951844,-2468.7210530853163,238.49797380068918,327.4352135855268
1782.75811039257,-1166.167307883947,20.928843742978167,311.21791207217694
1873.503998540476,-1492.6790838224138,195.99039221625927,339.46589564488636
1651.290938048728,-1699.8026480590272,153.70750238321995,330.81221207010617
2664.8258788325024,-1915.51730573578,12.657020860400884,322.0659938525754
1320.7779767300738,-1793.8797240669335,184.0662937112385,305.8976922296032
2032.0780061829523,-1435.128860944935,14.104373776723374,303.71471979869625
1675.5982843865645,-1160.4757343915526,29.96740865116152,339.8038119579407
1085.4543105241871,-1312.9975684694496,211.25654834665477,314.8903481309417
2785.102685309702,-1241.3246799920169,120.7762634230576,303.61815011967224
1721.756775045962,-2517.1954262303348,151.71702371673635,324.4081793854966
2052.778792018208,-1325.9539277728425,180.17643151044078,328.32941910029626
1663.6472184100264,-1049.3700365232385,184.89708591588553,305.3565887655437
1356.8057682467784,-2617.6149410009198,144.44820695857035,318.9264017229743
2028.0947472610796,-1260.889589524313,239.06852318158715,328.7360167442338
1931.6196191751237,-1822.1168173252659,251.4106622307297,334.64234949512183
2482.1017801484713,-2112.6112848711537,217.52054619568486,297.70476229378596
2591.0656513516124,-1651.7889559831306,99.51389860827483,319.78618607952734
2286.8700361455817,-1046.7811994123465,196.04349976793574,323.8571267418746
1159.4010442808449,-2374.6237028512237,210.27307967692147,339.3532567055983
1498.6821520942276,-2136.711602812682,241.82548240175038,304.49590899707977
1356.4869989189815,-2534.916084893681,63.47092649215493,309.23354597456773
1103.445290212099,-1992.6251801112116,236.78384932539527,325.0836727281791
2442.1057074290766,-2231.3562331138173,113.25254927956428,317.12960281332266
1661.1688628321635,-2739.9988764088594,156.18577688094243,308.2625128491676
2033.6936208687966,-1725.6248927892507,31.78976259252977,305.56579957564117
1982.4964421675381,-1289.4410575253853,182.83007389040688,309.97851078210374
1868.0543493094856,-1760.8180527879013,121.42946506231459,312.8266671229314
2856.8465177285125,-2563.434790778586,144.47208358326617,315.344292129486
2073.9905830347084,-2915.3428207856205,92.92126630477797,316.15591542465705
1276.324078082997,-2814.1138747774166,120.80580848841956,300.1994862714998
1181.4524855136542,-1234.0655731956035,180.22853027359932,295.1486547620608
1962.0245795494393,-2618.8167599150925,102.28055316464325,337.8380644295402
1224.5887894180196,-2183.9834902910234,216.4851016269878,334.0712817349628
2205.452088069256,-1272.3328742613226,210.54199556901875,317.2413604723106
2008.287205305257,-2376.2316395113894,103.57290687132404,323.30605602467574
2691.5866373654935,-1327.9546042246284,246.38445836058844,295.9097872936885
2298.7538648845143,-2210.862102610454,134.07996625314118,339.3310431315123
2816.7407118419105,-2404.4966172521117,-12.26602350008494,319.0367035059588
2319.7690868172285,-2520.3379517392186,12.254421268563718,303.65747442822305
2639.9289550620088,-1331.7143780730853,183.9130036379807,326.8723787723961
2122.418745926263,-2964.438548035851,215.27674042151983,317.1825905880839
1953.6866397008791,-1698.4212890408949,-2.2574569750243754,304.34527913257887
2607.6911176572175,-1088.0471239023727,79.23197350966132,296.6411091336869
2725.0544980611958,-2903.134712714246,-8.592174288919027,328.4133936329582
2088.31931765344,-1214.8086918110107,241.08987881127604,315.70058747062853
2790.3665614449123,-1911.764548502085,226.28610667165904,326.49112442256114
2054.7190217905677,-2540.3277675115505,148.39580501370935,333.8035843581495
2422.522963215321,-2710.683072172492,34.30381814162224,304.71161222221275
1595.340688953651,-2026.5975488181457,130.34495402511212,324.28851847441905
2637.0086302864192,-1533.428000094224,254.54857730288632,301.3226296947749
1125.9444242333893,-2211.7615313759115,157.55396773261398,298.25578258905375
2301.443560379781,-2458.4374490357914,40.348739673400516,300.7932286291956
2694.358944112639,-1265.4687599809447,122.24563598304002,339.2409662284627
1339.628321651217,-2057.433064809622,121.80146482861946,338.7475129067771
1319.6863178119017,-1859.5093742732322,26.12738610977376,306.2172648301688
1000.6762701213347,-2419.311731616479,81.33748511574902,307.90885998918554
1771.5087783284075,-1072.3592769411393,159.55998473064923,314.27088975342565
1663.5217436542252,-1673.794018692548,1.2794273295379384,336.83915295877574
2803.488728808895,-1978.4901834220314,173.1014263413888,300.01366553616015
2811.4998340116,-2338.546662365219,93.26411767702433,317.9086795083222
2324.9671107244953,-1645.6439037614862,22.9559612575597,315.9927078863863
2258.797484482036,-1232.1444634854588,168.08784990431496,328.4665340932007
2759.014858765714,-1030.8757503052555,198.70472172262703,326.85362992599363
2318.2123753366677,-1484.0110105143258,106.74725261042924,327.817574098449
1290.8643163806144,-1610.56345068497,137.03622166217679,315.0544729183642
1382.9384722829902,-1647.3159772996771,65.26926404173841,296.9290044346532
1647.1286617449634,-2885.194812624278,89.14275352845709,320.48988525910534
2665.877575129472,-1061.067491142623,162.06712406597794,298.3021338219568
2777.0682738319683,-1425.326957013946,27.097672422024758,303.511956791304
2479.7034339418315,-2460.5684328385987,222.3657056676389,326.91311863486686
2564.355605330031,-2420.3970919023386,204.1619644263581,320.54444879848364
1188.9817606487109,-1874.1366380464985,4.994898606352351,313.72248502951305
2219.698605058209,-2677.8007441377717,0.2630255125451342,328.75809649750937
2180.582284456706,-1365.5395132382464,-0.3416716234334487,301.4235365037937
1575.0159186535407,-2253.1551230410505,-9.468406381276399,324.78722352482544
2984.1999970643656,-2912.342433755195,4.510731046013692,303.4848270702242
1030.0116688369908,-2119.2005765863537,159.92624580329348,302.0678388998235
1663.48114082691,-2949.3531730732248,229.86645434168764,333.30140936279287
2555.2295354567523,-2779.4293625439377,85.10408372315727,325.3528169374391
1645.810413659838,-2788.076228388001,188.386995476401,334.9301564368683
1155.8125863435682,-1228.308415814548,71.96723496016386,329.36096492598966
2303.1031494169783,-1503.4427472821533,24.212960137285613,301.1975793035657
1838.7833174105467,-2611.0696342977753,78.7014905955058,331.0488575881235
1550.9753620025022,-1585.9788363070747,214.81485181012332,336.3068932485583
1241.250797195912,-1074.109995900402,30.149262459654018,325.03875224650875
2892.134567234083,-2040.0454938389214,173.9519227717578,306.7215053189574
2389.097740756678,-1581.57087441649,77.48398215408982,322.1068778228032
2867.658822672612,-1537.3347269936774,69.33186122531396,308.8494354394856
2870.798799792567,-1597.2989659963096,89.28935321579827,335.613431357398
1522.461735715388,-2894.807483066256,129.0896134096576,334.8997585730697
1159.9622922594708,-1073.4925456907092,97.56037681165782,302.5942001333608
2819.813964004158,-2231.364540149473,179.90524613351025,331.95124421613195
2264.119000719208,-2069.6125982266185,121.2656487312326,311.4659973567565
1578.3364283168667,-2984.38063920261,186.7203507934457,324.5667753770217
1743.5943125263996,-2468.8282969232678,74.0104031532037,327.864492129607
1977.903378386298,-1296.0115975680842,129.91628830342427,315.47177780610014
2224.2015306012427,-1260.4635281554956,195.3106352988884,326.9916452899238
1142.8995616862264,-2070.2588781180248,129.95794105069876,304.10820597586263
1466.8158042352081,-1188.1637186636515,105.01032002592795,335.2977575172621
1263.3967394418692,-1927.3299583873793,223.89348849543197,297.1250863103689
2755.0841239457636,-1092.0705396407725,154.10226680523448,298.3016288204004
1931.6736416829817,-2505.4898805260545,171.19302695568,330.59399427336814
2502.895849578209,-2397.4591797875187,161.38229764983618,306.7005852239361
2421.8591993304617,-2479.484542397726,150.89992827022664,316.64301050075886
1382.9381443756806,-2554.909565408795,169.15209781131978,328.40544677985287
2161.7404319090756,-1563.3578222396327,33.46425726945263,301.89132006426564
1268.0626728372588,-1897.4955157233342,216.6177235696596,326.4237036779908
1505.5452521505663,-1850.508834614468,257.71848952365536,321.3970645025417
2461.072080482156,-2449.5568720102965,134.96543198515056,327.4227748329507
1618.554210209808,-1334.9310228493398,182.75706010331993,312.46549895642835
2448.464742753218,-1661.0382022145113,113.19461910625756,332.3171372227659
1464.9399267918855,-2450.1582036023437,86.14014916235818,330.7611875494815
2681.492263848666,-2604.7329589841734,152.68888106655893,304.11158159249385
2363.9480779869286,-2959.1122998356063,53.19687339207832,331.4244127163881
2538.0144830979543,-2175.5568931051776,170.62870696792692,312.40823179004417
2740.9986317116372,-1349.0167902202313,230.86648312562303,339.8439796990191
2110.4914393176505,-2844.3454117650895,205.33804540897225,309.23197257285665
1515.5459998935983,-2399.2276415203005,128.1370701553986,307.483562469764
1931.0528811997012,-1224.095347060485,125.2860949222777,301.1634985953832
1049.2271027425697,-1203.9313040143331,225.00058483335255,297.4437325381097
1890.831967047775,-2368.5074316140644,190.385172298219,327.2777559993626
1802.4223487609434,-1402.9652671013998,259.0827831540836,309.9194538026917
1096.1492641911009,-1498.1004649823228,114.46182037672904,332.7470049324425
1193.0085946014456,-1043.092704236262,22.29847373048404,332.8648452541696
2283.78842205334,-2128.475022173615,217.6601154511841,297.53073921219556
1109.761199646267,-2226.9270659903154,86.79371744266244,304.9456664406814
1781.3044603660558,-2642.041151825293,252.92383477402473,308.99722915338145
1621.27540739889,-1359.2868726031318,19.777564357905305,319.38808997069657
1019.5333772911841,-2427.6410069072977,82.92375443669047,307.79242368732065
1148.7791508172907,-1398.2751102578968,154.16616335720323,295.1722766917181
2654.070611076223,-2046.2629890059875,187.49433766124713,314.7461933599459
2474.861128074579,-1794.4134900049992,108.95208940854211,328.996562389886
1534.5069047673505,-1136.881408461625,256.4312271733254,334.45952665651595
2432.0238957165675,-1906.0132254967255,236.44479673606028,323.86812099093675
1279.343836442055,-1719.6305326595248,89.03470251816756,336.9397816786953
2458.4720359032517,-1858.8232661261623,137.7325462433719,337.8284922041898
1244.7078204992765,-1976.2973663062107,26.233993851903335,325.4907575112048
2185.5418580013375,-1888.5476039916523,-10.695883894503861,318.7316048758131
2995.4009687875987,-2023.032384557324,198.04183722499516,336.6022596733328
2880.5913479135593,-2049.510480031437,168.6460990995631,337.3215138953824
1161.9154540709803,-1573.6237206592218,165.50114593868105,307.35582262782856
2188.080507937754,-2812.198633321307,108.08929852173338,334.5137803914462
1952.1943284752945,-2852.3224503090655,182.73231309523706,303.1102826860265
1102.869653194759,-1824.5922787461864,251.02696806169047,299.5083231244214
2408.7907788253133,-1679.1652360608366,66.53046934677822,298.7463970652802
2011.428311339739,-1888.4496562494041,165.58195088940522,311.9060534174927
2252.6843275137817,-1928.7821856102978,188.6986471221687,332.51910993972115
1271.7686183512128,-2093.0033602734416,112.6055240847146,330.88082416880314
1386.1780779312032,-2363.6742959531152,161.96627672894218,295.3920760035397
2426.46379308178,-1300.8063045623483,27.45062428203625,330.9742513371702
2852.9176735781043,-1039.8601840569982,114.1260594581617,334.5524549471984
1711.97059528175,-1102.2433321982892,177.95504297584142,301.9540754802183
2967.912866348301,-2141.7158151800313,83.28445569748108,336.6126814276363
1438.112631482105,-2719.4312231548247,184.99462801475,297.5821848535206
1376.0569108430846,-2240.8194974311023,203.91113199148293,321.2666097922018
2456.835724388903,-2213.350592430483,104.33574945455038,327.15950513672624
1514.7831509168204,-1027.38693434122,202.25823564280853,333.38168768706237
2908.610354291359,-2652.221367094955,216.9527511297886,329.97352178664175
1094.3415406819747,-1701.2378805124586,226.60649765628727,302.69313811165523
2136.0566271121734,-1327.9509309720977,5.519598673054578,333.86309983245803
2604.8241783406384,-2531.9599242943236,111.09848881272455,299.3760821531915
2482.279281734256,-1388.114219726484,10.37329189157262,324.58442662213884
2919.462460984154,-1230.8554363711387,91.16810595121424,304.8573845829965
1457.6144884462021,-1642.6159898794974,238.02788261492753,338.38873869691804
2232.285701339421,-2658.5896655165748,172.02719457912943,324.9907979478196
1260.3591410903487,-1806.1163138755421,44.1246458183652,327.947733821411
1291.0393147202255,-2060.005956830587,110.80219403200448,314.4895952261434
2480.1899378190565,-2587.508886716597,70.39331150167034,335.9828627989115
2390.85578033517,-1831.784771246935,198.0010031362037,302.91575149861114
2550.03627354306,-2533.742738790515,142.57947529639438,335.54013051207056
2746.0616612705235,-2992.463619541302,-2.1450246656445913,318.05418765713165
1373.6027311393127,-1618.5278285006998,13.63732457120885,299.42372920866677
2430.3108290005343,-2898.6881176928214,254.88742631807202,316.56243252530874
2622.8084633453936,-2367.376581036744,88.39405882224149,312.3918720158373
1486.0539015034044,-1631.6448802630275,195.00162317173485,336.194985529851
1978.5937946238,-2334.3809802667397,114.853376090783,299.09627655359395
1639.6883621920178,-2322.422635403763,19.602296471610444,325.13408658338426
1196.5944919668561,-1213.2008170445056,129.8502172008893,318.4897831471077
2720.5923782195714,-2678.0312727936853,109.76874245437035,328.6347857477936
2504.3855895014426,-1430.5077623278787,136.8466259041418,316.7662882736812
1021.613095749736,-2767.1841991315914,136.27717749991854,308.5700703310032
1801.1805576721222,-2447.3326854120533,0.970712366995615,298.8749649820551
2635.8307874966085,-2413.0252315852063,197.66739558258232,320.69093931415614
2917.156207523345,-2665.1728030998465,64.71742680040221,315.57642884652427
1490.301434083325,-1029.6404751664968,12.816131712698226,304.8968864554814
2903.912669996205,-2037.2814220201183,46.54150910335376,306.88383030195985
1935.0744585321672,-1890.7807760624084,238.34864832459232,320.6119619763048
1099.0614839953232,-2655.5920789582387,200.98341124422933,326.73628042101893
1029.3806651668979,-2258.417284514568,146.13988262343983,299.6389890325483
1192.0733266416173,-2341.813914976254,238.73468045830748,309.9004911933042
2102.6659976653004,-2876.9803411136863,219.25985724832216,295.33235115601445
2986.7025795141158,-1488.3238718850873,48.3395125187992,297.2918617535577
2661.329216674657,-2200.313743257442,246.556414560532,335.7544495016751
2932.224873568464,-2116.040853408552,72.8757646063463,313.64580142402457
2860.763223921942,-1052.8579113921044,90.16624700428724,311.2573287982134
2791.238066884799,-2698.256854665378,62.921156086553665,299.6720657527368
2626.618932149135,-1330.1341911648187,239.58825742383905,312.63013538622783
2229.2906518914883,-2440.270429319047,191.73374144427785,300.6957570072002
2386.1856548304086,-2554.676070422622,225.96294455947844,313.7133409571421
2891.903951634211,-2801.6245225079397,41.103056940697385,334.02261692300317
2294.3921921068527,-1310.5159369095,29.071773945276114,330.479714869294
1172.0340980169767,-2907.960096549016,209.98420523605628,318.2380479433039
2063.9263681693487,-2958.0862068287715,76.9894446958455,327.73234130244265
2581.9738791851214,-1385.267620092288,172.51900326467805,327.9946262815212
1226.240095121171,-1149.0525677569472,21.295590363510883,333.00181276970426
1155.9476892783373,-2049.3740346444893,2.379033126647297,302.9331606602991
2698.1288427868585,-2290.723714059222,162.95450295404672,337.9950024986944
1178.6165821960824,-1598.9226073949023,255.09676179408484,337.3224245778334
1307.638075068233,-2669.4931798575844,237.79333359259957,316.6273366727915
2033.511441752851,-2906.049368971429,180.02053285513134,302.1213427927595
2130.840447538755,-1461.1227445888069,-5.128838536100497,333.49182889352045
2571.8329419817474,-1127.4627730551163,54.92441055933696,298.90742344822365
2449.6026762241454,-1690.1196982221975,212.32169678933394,298.22747595705874
1148.9431154443187,-1194.444379558062,231.19729143608993,300.0469198859508
2122.383538729332,-1100.2380198375024,218.09115231457017,312.63743884890397
2375.358438221251,-2357.581028595317,82.57631019674957,314.0562973392061
2978.512936609363,-1829.7693138020443,113.64460149641141,320.46310367032174
2595.578657988509,-2143.900819180141,233.12997566812882,325.208002784869
2799.5050596039887,-1542.2985044909653,132.77829152358004,316.16829127963
1656.184160669396,-2901.6925801010143,103.46066053736445,318.0727620393767
2043.7212932877262,-1332.039097561953,75.58555556558666,334.6059638055547
1109.228079317058,-1509.0264559056532,166.93111814508023,296.23475783527726
2600.335171808145,-1673.8449964473202,135.89824113451334,337.5801290649022
2186.2740540094755,-1382.8845259582922,22.010331642828675,326.4952507214003
2395.5291400651804,-1728.2678269424957,76.62916961036024,320.9091263965201
2995.154279028661,-1264.0120996948535,117.80034843776428,306.29874129785185
2633.690524818037,-2904.8256462415957,96.16496509475606,309.5485991189883
1450.4681734743072,-1997.325848933731,231.1352806116539,310.3816507121133
1176.3157389202324,-2778.199270357569,13.018765064190738,328.5132202577984
1678.592961732195,-1761.6857799365669,199.1649241659777,324.8729217227726
2353.1829240840634,-1240.0892677219442,153.74861636355064,324.0006893618281
1078.6423214371264,-2796.2820170230184,96.78516981462752,309.7926067187792
2601.487013756211,-2986.569960239188,164.0840316392895,315.3569073113553
2197.9070823075867,-2196.8721132451883,59.495861785689144,326.83735631829467
2660.902231914139,-2827.290542749921,218.2289681660381,325.7783335031189
1683.0226560951405,-1705.1867750675967,188.3424212534954,333.3291352778284
1647.6570910106575,-2077.973998753197,247.50858248874152,339.31186284232234
1235.9406381475576,-2085.923565304312,210.7997234680242,306.95857837006713
1314.067893903385,-1613.5384503294094,0.26165936063608086,333.6020305173195
1582.2306362226795,-2269.532233348842,54.2893622631054,313.68446858567677
1653.9409474708586,-1301.6883014889318,166.16770294638764,298.07129022869697
1828.3274753637127,-1891.4571103503522,66.72671129908835,311.7665254492994
1925.3270326602901,-2405.151088981516,114.08536643094982,305.00036013816157
2885.956393874214,-2483.4353900429005,-5.125033927041178,336.474896353693
2832.321903342399,-2917.2938328554874,44.537207269772146,313.98420294182347
1184.5079887182785,-2793.1768470441425,178.58547387415751,328.3080006770894
1345.460990250357,-2971.161503175494,94.89018686770837,297.7730913684452
2099.605336268395,-1334.401405223837,200.6588523078902,309.0074101711464
1559.5113237830033,-1026.6531279082349,133.5101604167788,308.2606774650091
1670.14020173422,-2467.0158844324324,212.4518241490072,337.54377316400655
2995.2079000754366,-2065.566702719202,1.4751958960285556,314.28805008575625
2917.6153252327704,-2930.590178846173,248.7772430658839,330.80870516913865
1173.327457151824,-1342.5674491879483,9.580593912664142,329.3166311791358
2323.786230612374,-1284.0765572478824,137.98015676269327,331.2862137220182
2907.862405590464,-2879.3391945237972,-0.029032460167647045,326.7996311433628
1392.5062755251704,-1301.7314912486086,237.68997871773527,334.06937977226636
2156.018494649173,-2490.5894060366127,2.225490747700256,296.71735070170325
1904.0298700128924,-1179.456308918615,19.2161026615303,328.8217115330939
1342.0959311468528,-1553.3046636259185,149.92872871954202,338.81928875209485
2540.4250218254324,-1303.6894503448693,203.79685754456588,314.0163824515267
2723.2455347826913,-1025.9785597813031,70.65342763026658,334.86597925829074
2727.2073467707078,-1915.6808349369205,3.8938670558244617,319.97657486645426
2003.7755697732855,-1754.7017862148878,104.78776556751114,329.5678492847549
1569.999102535789,-2745.849194594627,158.552651209515,313.4535991339432
1759.971297700395,-2694.006666188647,180.70360873655815,312.3581863278101
1860.0392323180563,-1788.327784491783,191.22050134404387,305.7628279192758
2119.2527496847965,-1089.8301705583165,88.91457565979552,308.90281801490625
2356.216458740597,-1632.198884782724,60.699484799008445,339.79738821796286
2005.621200614037,-2509.317890377499,230.5908625090635,303.8183890861606
2701.855926773088,-2468.240793871719,1.6820572852647437,306.67707137726427
2163.0306315260045,-2478.633252913761,124.81290852840374,297.45873093253334
2838.243170889012,-2664.2481721550134,242.5784473634405,326.0593667230392
2731.053531104484,-2065.5999796204965,233.7031748817552,319.21258432914817
1456.1239223387515,-2844.7351716358744,80.2823326962656,309.66484572950225
1477.8401857648137,-2890.895809494668,25.205631125712607,300.3086590860053
2153.358386251823,-1961.3197341930036,41.8306096467209,303.42830314410253
2468.0738586583975,-1744.0079533446565,167.24902199315588,305.0300645206597
1547.540341053561,-2878.964614872545,83.93973802972884,326.9525322183089
2847.825388777429,-2673.661872735818,248.42051407478021,339.97168259385194
1807.8351080490418,-1705.5811328677046,9.905044500773986,296.9881745325428
1728.956559748512,-1016.8550032503797,197.85272065265255,324.9568334423236
2631.7938093126377,-2168.826223781548,177.74619548271434,303.72460180711016
1248.7825078353874,-2271.512869612262,32.869822625140145,329.03644995267445
2992.2244160678224,-1315.069836571161,55.54353233485433,300.74481975788814
2877.8033237247387,-2338.7063590386665,35.32508694180775,304.56423758812986
2764.796859651393,-1334.17604939728,232.3422580722509,300.7575916895801
1981.0678879083705,-2444.518513869408,75.93540342168966,298.02742071621014
2768.854670891833,-1755.257818204467,225.96169792881037,325.140070953394
1894.8688816168244,-2025.4836273364713,170.9864284521752,313.8644136892644
1285.8786509317954,-1317.0543754676667,123.75035155578237,313.06541123606456
2729.2934282728593,-1482.8649064118322,-7.616590881497399,326.1689604689739
2163.1778612461876,-1873.0077158012584,185.59984674009783,303.95565955351344
1391.5266837026923,-2028.8978290617465,82.07750129160229,333.33632670530284
1507.3427342554878,-2863.0487680448027,31.895056412204013,337.0666246936628
2188.702229001474,-2082.921082975635,165.06188982427196,310.8228213644881
1591.6350214002964,-2766.0136165709946,39.7894800210676,317.9695637144879
1355.7965789863547,-2782.791653965148,224.69357298827154,310.1625976880178
1601.654701671719,-2492.5616282422548,29.591174395983565,338.2321319904097
1178.4118304934468,-1772.7043618363573,244.5156113499167,339.6969104606901
2334.598882603478,-2988.9752460067243,137.80874133423106,312.99214393995976
2431.6378613995635,-1637.9833604979458,50.606119184531465,325.0679132555286
1509.9733667496844,-1945.0212401639092,68.97392693750896,296.24849937670183
2622.6932490662603,-1720.5653711899276,122.70554414376679,332.131328838508
2826.1519234165353,-2411.1592395143834,156.94617372473132,329.45683011264714
2821.5439559078777,-2212.041913263656,144.3223332857632,314.0844887443604
2328.966990501209,-1859.0276892334346,258.29596301319907,338.1945428928087
1891.7264078604244,-1549.8699420562657,95.0607141868064,321.74339167434243
1113.0704120046735,-1839.362825238984,135.73409378898515,320.4169898396627
2958.2343078895965,-1986.0617007125911,131.55926111834114,337.66039338381086
2608.9299363341734,-2550.1303554321885,0.6853543533325137,319.93303896010957
1497.906229609844,-1654.4932258571969,197.5950819051534,321.4574637424104
2599.962470226511,-2909.5110234479544,121.48447724213614,320.53303737944253
1115.3976414118265,-1922.935834050761,221.02328754315317,314.83449495249204
2971.6828759182813,-1942.5348162051177,136.89066433532608,334.26362529932004
1245.9659775834282,-1976.257507616602,253.46931770051077,326.831063867559
1206.4776177839108,-1045.0019849457387,150.0018370554929,330.15113315299135
2673.701273362179,-1358.4661008174944,-13.785938756870786,299.76076847659283
1138.484043530526,-2673.314440219425,3.6254139362573525,326.9493413679088
1641.2268423729902,-2662.849954366312,244.65842357874806,326.03990926497147
1441.0509330013642,-1214.8695851359428,104.37538724463951,331.3827938700008
1488.5517763388566,-1015.7442385262759,248.1568851932161,299.9684297638892
1741.6577154639792,-2616.4549985453887,84.56858529912941,312.14419477720276
2197.6072290626835,-1037.6166208111854,138.26348441480476,304.81802150164975
2050.4045234821233,-1116.3163608519133,131.67962897976278,330.7613010542743
2966.781564401489,-1725.2575203260535,235.692258830232,324.04900398914447
2795.525225176576,-1515.1516042928004,4.735123994755437,325.2996094614071
1805.8355072286,-2936.130538435072,132.56800160062465,307.88475483041634
2272.572599458291,-2676.8744094794015,250.12691781337946,314.44237902776035
2523.569074662766,-1971.5101530783916,190.98860087839623,319.5865740434967
1214.1523567835516,-2892.4642216469897,24.625860634328625,332.93228264863734
2239.9657908211884,-2410.349574370468,-0.1968045207605158,339.234677581266
2454.868836771794,-2979.997595522709,-8.64275632684754,308.0181171862905
2383.2157867529386,-1279.7205526626128,122.25917526949772,335.5799980983574
1062.7659210143652,-1917.638879409587,116.368216232804,313.38907094478304
2891.220139552146,-1652.4738051646061,178.68061108809584,299.0107135382299
1001.9231011589889,-1836.6067630558548,256.30974444461066,305.5876529950608
1191.3717928033018,-1882.3171788576474,10.678463814979033,328.187406621396
1436.865654461992,-2638.979713756826,97.94438736739475,321.9783828965642
2310.2936503699025,-2999.336899836986,82.20797504068605,315.9853950226366
2003.8850091563681,-2014.294411694003,164.712907421741,310.9973025562762
1037.9990731288647,-2265.458535195662,235.65379704756842,313.89881709968745
1618.6814164252942,-1954.5833711716161,100.765740014023,315.8825313369138
1396.973984842462,-1195.2960673439943,217.91572879617488,306.634307939206
2378.109927302931,-1305.4173662480118,226.71558888176247,303.1660846842979
2734.2151932066636,-2184.3480508828216,122.60205383240839,321.6333761706127
2686.553828930506,-1302.433470354636,139.6400125382802,316.58708714479786
1290.1311090339434,-1837.7347781662563,115.35842318486885,301.57545055439675
1673.2611654116822,-2122.0187672946063,-13.643420025509723,330.08839383446133
1259.1562945541305,-2697.0181325651333,122.87849145850129,313.78536564180337
2712.6226057374106,-2019.6173913734615,211.07489688707872,334.0916265571082
2775.790552713367,-2991.4315591536633,237.05829212710694,310.7844555648151
2530.4028961185486,-2053.872410852782,148.2975283274874,338.09347474649024
2364.786949297657,-1414.430015583351,248.66451822059503,336.9728537480365
2053.5292964422088,-2316.9384103795373,48.76090446333231,315.289054308112
2817.071618436493,-1067.8413474667238,213.9330847273978,303.415236007221
1181.475999105706,-2960.8217096662324,210.77982348454174,300.994799316961
2685.070657334755,-1169.1407489481846,228.36061997879315,320.0179813407298
1831.5454578194135,-2331.4025680393092,19.087794137005965,325.74870971573887
2273.4078507189142,-1161.5991243510348,73.16255774654758,335.17777779372517
2363.1693648600585,-1930.8571709724351,4.410140662936907,328.77387955429805
1841.3548397858963,-1356.5434442764163,184.02059036162288,336.6975845900198
1297.7043118032727,-1235.7533781283869,147.2625839309698,330.2284033898471
2371.662012218633,-2598.286158763482,107.92693068328552,321.5329359133739
2013.1573678936636,-2709.6473199576526,230.04867247989174,319.7303246323515
1901.4687808536135,-1540.6385000254259,36.68731419259661,299.0527472626245
2728.17264446224,-2194.31108469584,83.0145765460893,304.0988051011209
2799.0062337209,-2958.2739088458793,203.24044242179073,295.45707373045013
1428.7460028205064,-2653.1474803492133,77.04616793060904,303.7603312280697
1935.63429915585,-1909.567313944811,182.31028117467474,316.9196977646691
1355.4435557414354,-2369.716805544662,3.500194697967469,321.64005360567796
2155.158348401235,-1644.2760903191647,79.76769629449058,307.7379891554336
1925.5571847235437,-2867.641415997763,35.25072261220369,334.7250576937513
2398.8972632020964,-2617.815759526914,0.1662752162144443,336.9627221044789
2822.082171923338,-2079.0080231344173,251.43649871069442,320.32923138115643
1903.4772693053733,-1946.4303319507906,7.242440332672999,321.7691321016922
2922.167160302026,-1300.7363727921645,54.81758061764367,328.85855513198305
1491.6339608307253,-2119.24748694829,67.73539312629063,335.9397605592499
2700.942025111695,-2745.7426690026946,98.35694429499435,333.72819519795473
2231.7191663732983,-2842.8186926194917,89.60449567101739,311.1752760994755
1707.0853742233016,-2522.995899486239,240.92969751073784,312.8226116862659
1190.565135616509,-1684.5190418720713,180.8882245949332,325.61027816323576
2096.040849065086,-2667.018028367955,175.88221018593288,312.8108724214381
2769.00502861486,-1107.2167431464513,203.02004103854196,316.73909030300075
2032.6324646860412,-2522.5781681947583,22.407533673923773,325.97957728283615
1439.005859638633,-1253.5712928305747,90.98097303964607,297.9101844672235
1815.2318517881026,-1168.2365787283934,30.482101014092954,310.9041937941472
2969.2562246954494,-2229.7020061430294,111.8033931267152,304.6190658564862
2395.447917850386,-1034.0258341511897,90.9742775971004,299.8673175718257
2789.637415463996,-1559.9421990144672,-1.1754324196180121,309.14699638044635
1007.5114705360479,-1345.1589782083242,156.03520568473007,318.4316882424373
1082.3804404791126,-2963.460786263336,105.28374121215855,335.4319493781858
2144.457789212789,-1726.2202935907426,243.8882738689261,316.3288841906177
1605.2402704587114,-2860.469744617147,35.60657820773402,295.2151737573064
2631.0756561496073,-2087.0916452323017,49.05319218011945,307.4090795994791
2316.750511949298,-1568.9896565686797,84.16672998612876,329.69739646125004
1824.4579700639692,-2979.5061601651496,181.7796622109522,315.4705274264139
2195.996540739307,-2014.5768469559928,186.13469683300565,301.5291122778203
2616.3354856038945,-1936.1650966693508,91.03628184620692,315.1777639632503
2114.7059597034067,-2986.3469293676035,141.61895097044615,318.2332086379528
1123.0011911935576,-2754.147168678955,153.1499011366823,316.56286889573244
1729.8248148745033,-1166.163770317199,240.51296008787813,321.39961822054295
1866.5916668983796,-1358.8910750890875,111.2230037504871,321.58029946535686
1602.8278169477608,-2077.195304922085,110.83662717814897,331.3842021921747
2124.7727764999427,-1384.6149482098458,191.92146553669673,323.47235048740123
2409.4133503221874,-2199.1561748976483,16.8441309891079,314.1228078623632
2279.0847028674534,-2971.905111780245,188.52541698368236,318.53452704432044
1664.2411199689752,-2813.4972499225723,34.42302727717385,310.2312718321537
2614.1711253473204,-2589.0946784661246,81.42331363047839,300.00411399401935
2146.8939097035395,-2390.991533843063,12.79372162789403,337.06784078836085
1982.9226547323913,-2144.3596215559373,31.153194027538625,313.4354599517029
1373.1011074191101,-2610.3687740586643,118.36755445929575,300.35983366534765
2901.711131393852,-1902.917496249845,234.19452749438264,296.7822481066946
1281.4708107548902,-1757.5871174366748,6.249662313489289,305.77200218745224
1652.084294391764,-2026.155650247268,68.78250825393069,309.8180173061798
2291.366109390526,-1497.6680034458843,74.32538396849476,331.3331178872997
2460.8664635266696,-1476.380054561737,238.17165053855692,317.6864195789888
1249.8730984663564,-1904.831786509714,165.99209260227627,316.49162463069797
2839.3583735126585,-1763.8908115379993,48.29219820591337,301.7347566602437
2937.0494809611714,-1877.0247984343418,112.2479884104757,310.4846235209689
2700.979859522702,-1349.636731607401,98.2611061674881,333.28513879104577
2270.402742678642,-1936.8486942063764,248.9500497016242,337.9809372901943
2089.0741529564516,-1333.1628274104453,157.8829628609615,338.5330618965541
2913.625467889433,-1657.87504754742,65.75549301371011,333.7830597495999
2397.8278142990284,-2650.7439199691444,4.139781828129873,313.24900799292624
2775.0122095415404,-2624.1948770743793,249.61431531437307,299.20330104027937
2400.750182784973,-2239.6901996333218,-4.245080143996351,323.60111458033674
1030.148228024696,-2793.225350521908,-9.469349162552282,313.29444195391596
1476.9205944731202,-2226.344957588861,258.38000931590676,303.2286099836507
2254.7411926393384,-2383.055193364792,237.0433197369138,328.62928039547944
2677.7651158509607,-1456.073490015421,-7.432324190328624,307.88862257792084
2442.056606302641,-1873.2495596307144,202.28590207627317,303.7913562811028
2156.244229323272,-2265.1053171152753,228.77154665719192,330.3140127363906
1231.571510182799,-2898.946537157137,102.1567764255475,337.62451851193964
2117.7849854975393,-2900.951950279918,0.08183850988650043,301.0616610783859
1688.3648590193943,-2210.0348778108773,222.09895409269564,322.90410304028876
2105.501643199712,-2658.9189760260224,215.145868524826,327.9967422177764
2060.051571664483,-1079.9407560939305,197.57149336719144,320.8167931392593
2571.7417062652107,-1652.173245913432,116.84000815120544,318.96450952657796
2720.54264922616,-1866.0937459345284,38.01293096628219,320.51604404420937
1002.8066310828448,-1077.5772325078476,201.39549774728673,339.0850012819162
1926.1908202915147,-2527.419283296774,126.3801730676696,309.7764495335498
2368.532113014736,-2129.960717816458,206.43946813791166,339.3602573768944
1709.608096178905,-1883.3746776848157,66.90985670073691,330.2975817443488
2581.707277159546,-2361.4562404173093,188.19374063622814,313.51084188951506
1014.3235499910486,-2450.9474927787014,32.03383296806199,297.60604319245255
1329.723005278409,-2333.626980060213,243.671813123804,322.6217714614966
2087.318906817275,-1993.362414163868,144.25566438075126,305.6248342945744
1122.2459957936057,-2036.9785024133182,53.90003683363609,335.9518376076773
2340.0011799383183,-2066.2707822238526,44.05522384852107,304.42955157916435
2844.815512797418,-2725.0102358468425,16.39959560858661,300.10036739152673
2668.581907653969,-1631.0104446670443,99.23802288414032,330.4415635026032
2400.1415061454104,-1679.7032390205486,115.87407413745913,301.3095467943205
2827.3342577112403,-1512.8574342422135,175.59334245475372,320.3541441556157
2445.532889680063,-1831.2715786238919,223.55047225238238,309.55149263897533
2395.9444612353072,-1108.607482944231,120.79634869809851,305.69059450481024
1006.918655450425,-1297.5208530897046,74.1347071850061,311.2127128341834
1380.5457307918834,-2360.009731207458,207.76456055641674,321.10915353379517
2349.5852313745936,-2236.2433782508356,180.41955221788862,334.88630450189413
2573.526324416408,-2223.9498015848894,157.8687878839279,304.901841505792
2934.020568448831,-2504.7798997207246,172.51433371218195,301.73570262915035
2559.979717172467,-1689.1716638782425,123.39473574945868,331.42830892906863
1535.1604326430347,-1681.3818223313026,100.35396175436136,321.62132910504494
1712.7839418495182,-1991.1985396837185,36.51574221875696,310.2510607000266
2595.1874772813276,-1171.7757966525464,258.8826159714061,312.56730729083597
2066.917192636003,-2471.395323643934,-8.360298336379651,324.99534057884466
1480.0915648341002,-2362.306488993965,0.9578648170223971,317.2266684439025
1663.9936884526473,-2830.2421945166147,198.46795499290857,319.44138645318515
1689.1462997980666,-1562.6083922006517,83.14392132421881,332.1278729007912
1943.7163220087946,-2897.4913718478892,44.441351644204964,333.692141865636
2971.101105793325,-2575.319150843066,180.72148306662137,332.850241568714
1742.7180329243947,-2396.7047162505446,253.49842373982608,300.89431273052026
1539.6701281912524,-2211.0931195835424,100.36689527550571,332.82818560171927
1783.7838901601795,-1617.4637090334488,256.51327592264425,330.7256081201276
2621.1451208384897,-1432.0695790021248,216.65717023320278,297.31615891158293
1154.5007109469389,-1775.2649468316163,252.34456710962695,303.9071398139341
2506.28448387833,-2624.544941257295,97.99823811755711,331.6613312410561
2792.045810627247,-1291.0854494840562,68.65902923482128,333.32842235307197
1654.4236259258246,-1948.2503866852117,256.3254830135697,333.1740569807899
2900.5438522858713,-1437.5452915041656,16.175441096167095,332.63231201843394
2791.582194821875,-2131.0504605790275,118.22536765539519,297.99966272480526
2948.1233591573546,-2471.057851956883,142.68503762270427,301.0736858707065
2922.5265019496383,-1635.4737382909848,232.06343508168695,323.2996795847199
1633.7808961394799,-2406.603107007638,171.73762797552962,324.5024460661928
2876.477297419613,-1930.829660717953,118.42618457459699,318.18441460498997
1422.9385262742717,-1482.2464434662822,76.85869241073351,326.38537981143025
2245.3085392951207,-1875.0628050277112,81.31328180504029,330.5985841163865
2196.752563384215,-2676.0645848471922,24.102077343992377,338.54320700761633
1558.4461041249326,-2292.1140140596126,175.4660565927816,313.6878170703222
2653.883257925554,-2473.351720252339,135.774025353422,320.23840470844436
1148.6368576059765,-1178.1988319387576,137.661717791013,331.4128677597879
2841.6086055481956,-1066.7431947038626,160.9926755857283,310.90665932465004
1195.0898257701551,-2240.4850927041616,226.47856751870668,331.50982519834724
2858.7111597676285,-1325.3175709367815,143.5401715513935,313.165269016587
1142.9837977442394,-1007.3965197874652,215.43726037861296,325.2097174236178
2465.82381774546,-2599.3572383840274,252.43640649476413,337.3318153371567
1295.7831329032124,-2838.3097155468704,121.50422119956139,301.00941881312247
1247.6558465351063,-1784.8561859428983,59.50153519643949,316.1195624587131
1696.1800981908113,-1365.5788805927011,235.6873294368254,300.7905839247467
1225.0043389104112,-2004.6307012539014,90.97328164671269,297.4772178561832
1063.4331284955924,-1222.3402755634809,83.2510226388222,335.841692672044
1206.0132436409538,-2473.0840274162792,257.3300484656723,317.796188329268
1167.4260706567889,-1785.3942203193244,109.83159766129948,325.9228956584487
2859.5512409151124,-1582.0758746666313,104.07031991716721,320.30376324503965
2890.698469591278,-2250.1939048540144,181.08087533576048,309.0754702182833
1461.9484474508672,-1357.8362935682533,108.99547222132583,319.8341569102806
2306.872434314734,-1784.0395545416714,22.686266697283124,314.5404144056445
1152.7587125109487,-1747.5208730130273,179.5572541759223,316.3399858706306
1906.357044741165,-2467.733341835074,142.37481194327404,298.50917818957936
2222.89204273994,-1701.1561795435427,93.77263077441248,309.04476905101234
2599.7774184854,-2597.9211293446206,259.3319121458484,334.6785754168376
2779.0236851703826,-2370.924663337963,15.333408204840183,298.4020352808102
1169.2110773969246,-1223.722983227681,34.44001502974951,298.9562490734214
2071.2635162657116,-2544.1082794430667,158.96788239647094,310.94882055204357
2617.8451699956413,-1100.8900707446112,5.7522144283153835,300.4404246540204
1515.331449232306,-1402.4612030790956,119.52727536975121,309.4908988092171
1439.3940025932286,-2173.5907564297504,32.502522457663005,323.9854896533236
2948.34972585134,-2553.9649625356356,257.2198625471988,310.59225909045335
2393.91919439623,-2841.4823710797555,31.689847606414844,334.5207284655697
1322.5643648021912,-1521.7006907744021,156.08123092100445,297.69902958260604
1406.5522610129142,-1133.1547465432486,99.02589367849674,329.18723014960773
2192.953921123389,-1842.4997516482144,44.58379535547922,328.5844621631527
2566.0241057434187,-2479.7195789800076,5.778706457322034,327.30796799451485
2906.4954946958555,-2473.113166686072,93.16757161634384,301.3484035191605
2115.8664547705284,-1774.583173718875,152.6853421937769,309.67531858281495
1491.4557168647991,-2250.4215508893362,41.219655589008,322.4188046216282
1503.6244597767993,-1274.2091718587253,171.20452009047276,314.5880006430523
2978.4662039141317,-1586.2470711406122,258.82849215958345,317.2102387838323
2800.057761467888,-2403.0073318317645,211.3035413148918,309.19752075850005
2118.2490690778122,-2880.761573545257,247.77526766623123,329.3146973521708
1987.1150328657084,-2263.5042331290633,51.4060540449906,336.0208136812781
1386.2402419881473,-1629.8715989046716,87.37598146497557,323.48675588612804
1911.4953533963132,-1384.2637004158314,85.75732304529944,318.5448499023034
2434.8240617538813,-1811.9381732104275,82.59353369338002,308.90892874757765
1443.6557509363035,-1450.5432495284597,150.47593657759737,337.2748353294253
1697.1345087360805,-1304.2352291144773,84.81008551883693,311.80189248127823
1674.438005252025,-2648.0960484108987,62.46062871530353,331.51424631153
1115.5289907723186,-1862.9920645010804,201.64561735258525,297.0196051544609
2317.4935666956553,-1124.2987039618322,81.06492779331403,305.92293627686576
1440.9715561960445,-1668.1495736084669,215.2550729682436,319.30033106209027
2813.5494042112928,-1974.657020797131,19.24698277978444,296.02275335853153
2975.8396075210553,-2344.018524872824,224.4909262939546,327.26503898824615
1093.7316557128536,-2526.5782188772946,0.9089441647260124,330.1994180755825
2618.541661184351,-1595.0060573969927,110.20305676291326,303.0391586627675
1578.3556374575992,-2085.048980576095,185.85761354341588,317.29931857577645
2026.4294235376688,-1281.2372280942295,243.93547245614292,306.26648899406206
2426.760623934534,-2457.6280062848246,140.18766533727074,298.01439224273304
2387.543013903026,-2764.4523618953517,16.10015657930038,317.15781551701093
2306.7270662807323,-1350.468433592476,101.79672547461382,315.0938509710187
1485.1562040005456,-2953.2407580577074,8.293742648048166,339.0828652725464
1071.694013450767,-1509.9780692294396,156.77722385804404,318.5277542240354
2673.4654065535415,-1649.6654227314586,96.59532786313441,312.78492001530356
1768.279190904048,-2188.54420343702,163.78441193274585,334.2506722155002
2731.8920681545783,-1378.0997512180143,10.010641129260346,325.0368862050782
2383.8247082754406,-1572.295717962642,213.0421626430991,338.1996887808424
1676.873949578654,-2639.413272802639,68.91462941175634,337.6008039094903
1639.7720224516029,-2622.899483787857,233.33288972917865,298.43461623183765
1842.7416932057517,-1519.128505687706,233.06489193968503,327.2090154623296
2234.1255139157056,-1511.567256534372,140.2364085889734,328.73215709274064
2109.0505459790343,-1878.5204407826227,240.99641780865724,295.374955454155
2540.737667816444,-1701.6973417215715,248.35238327794906,305.8176700210591
2586.811847453114,-2405.023885387905,-8.409906747027343,314.17995670895937
1640.5496683756262,-2443.325516342131,245.83074315710638,299.898963707872
1548.3488977500378,-1332.352123331594,163.72607275891178,300.6003709736811
2026.6311618175935,-2100.506673526957,145.00753242432012,320.5434681173485
1420.1138751383264,-2202.0269707843504,192.7332378484854,315.7687935571175
1990.6834287294769,-2023.4524710940416,216.77648199085525,321.6671506044193
2097.8603325787544,-1136.2276380476055,73.96269029826186,303.0436802583861
1421.6477372623033,-1929.0927753899662,167.8210189005544,304.90598185253776
2177.363044358355,-1330.601186099608,76.76883364970747,310.85911042528716
2282.706266891528,-2850.9237238058463,132.41771372160568,312.83826059001535
1227.4225390957226,-2390.4052969212844,20.300856956549097,334.73606391196785
2650.354379034067,-2860.755156364363,88.89433082684158,327.7558770886877
1938.8489961003029,-1804.1233346272525,104.32638941369449,320.75975674551233
1723.3034948844816,-2183.2781112856,121.06256298545537,314.108473102623
2116.259935487823,-2385.2096009271886,9.353576526095082,326.43397699768104
1230.7762595576355,-2083.5548885989865,216.36668528913071,315.37746066236355
1997.191789042663,-2609.711249915464,234.20443988625968,311.11476388445664
1213.944800512891,-1235.8342948288005,86.70009633168372,304.02147532549907
1200.5167660657112,-1772.980749090362,3.719897856422776,297.1269524485113
2790.7761468637655,-1575.3046929735635,138.23124433813226,295.21814142976723
2175.8380238833724,-1422.067271391183,139.23398552743632,311.8276538143719
2480.879420482445,-1449.067220164521,93.67280833190735,304.7581596144341
1298.7083875033832,-1893.4873724660047,-14.84874545088569,319.8878848628197
1115.0373205387968,-1258.2894319242816,133.86748247921392,318.05319562239833
1922.757341857488,-1171.7627116506453,13.961261430937803,315.50963857544525
1619.7321198825566,-2103.3098237523386,122.23049236843616,319.5305565469282
1168.076020714953,-1648.267941029206,70.08514786597647,311.05796819115517
1348.1166142133645,-2710.173366869523,64.8744285121344,337.9919330849716
2182.1958843281996,-2571.6722054544207,247.26301289424958,321.59894896586866
1155.2105856310138,-2736.910471319318,100.00642896272373,338.9227058131359
2884.93367313905,-2018.4593903265406,22.55495578804397,320.4770305671874
1021.7414952671302,-2069.113445188603,224.24412966090645,334.3232523174245
1733.7727899690453,-1832.3773789019074,35.14273221350459,310.8047202937952
1816.5747570444214,-2272.1932990803534,198.9383789523575,326.22330007784103
1389.8195669131683,-2189.3488626054577,56.88049001271855,299.54987038552053
2418.8621240897974,-2283.767731385669,33.92739459781027,296.5859397509651
2904.1170321973605,-2540.9443044874783,24.78660485922419,303.6400893201794
1656.864444254958,-2424.9007163924725,185.65844179960547,337.03526159568156
1159.535842100294,-2969.6394221300493,228.93448497918564,331.73917231386565
1595.169451075418,-2578.0625168152774,119.81005581832952,332.9286876601248
1260.1326104102404,-1817.966249748187,240.47572476034247,326.1869235316628
2696.3126963588484,-1645.6657453281302,42.046571861909115,337.167059739679
1572.8690422551663,-2983.9325975695956,177.5714195318471,298.96810144462336
2202.3512192403723,-1159.2436631827902,94.98324677583395,322.99464516809405
1511.7040702302397,-2664.1135671960965,216.18573333478676,326.60669564116654
1075.7012176347164,-1677.5924894380828,196.09008807924158,320.0488109628871
2043.076602860659,-2415.41657108238,149.61424793649866,315.0341439961975
2517.69697357684,-1324.1031880658081,118.18396542326266,334.0119467851204
2685.903408871104,-2414.1336072798777,217.13088666946794,337.22429154291973
1600.024511966125,-2841.8088250504306,-2.207013085922,332.1125261317507
1146.3250141120075,-1949.0049432726819,-11.156384678326567,315.6663731815323
1526.3245153049993,-2383.8625875016596,144.7972971980207,330.10817387790087
1964.6189209258278,-2874.3311212151684,42.5395364209955,321.6526431651247
2793.095347133989,-1409.8336100441636,203.72641172023387,306.66907655027285
2656.8927544462795,-1492.3058867486257,91.70124149362773,318.9996107479149
1366.564698618275,-2285.092939574849,54.10985672878665,331.78627285145865
2095.306973385561,-2631.986265070885,55.38565798802712,322.38695100027155
2117.3420170454747,-2126.225362939753,0.37538640702059745,337.12515871565165
1767.0256753283752,-1460.8967970175074,242.14685292782048,298.8504149213037
2159.5245484501283,-2786.0838155783617,121.17459738929216,333.24912949816434
2863.061931248606,-2294.2669060444973,73.06506784573249,327.5158175509662
1213.9746488732817,-1357.9004249619607,62.14314716423536,336.478509516651
2878.144875966664,-1640.5722238802182,7.8382311042923725,321.41709264100234
2073.958104110218,-2832.2098091199227,198.60005744763816,308.5865792536958
2447.6331781461613,-1243.507382732458,230.0181019923688,311.65710121023744
1702.2860985973734,-1396.3223436538294,194.01034779535527,306.8299019147622
1097.4110235232706,-2804.6222306510567,153.2634451455912,334.44832304250457
1405.7595415739042,-2427.0239597142054,7.26946592849886,334.2320775799865
1369.9565748503533,-2186.9668893156886,126.32705944047527,301.39086894825846
1971.116720527672,-1372.042349081477,16.76119362990626,319.31197209712303
1967.1378867295884,-1916.7587556961264,51.825804929836536,303.52025992011045
2231.6624416571894,-2144.7693410370507,182.8450329237623,328.91090760223966
2084.584385940978,-1918.4373693582502,184.0028120304735,336.3845581118872
2795.8337864474697,-2414.1501235967135,123.71592104563891,337.2537509106838
2647.8433126402797,-2930.69724281106,245.1569385920224,309.8719162164006
2668.9049495391246,-2684.0595354852635,206.03281406079915,335.1865066218199
2269.054780465835,-1164.0107886963951,81.88560487000105,316.23164372053844
2936.8016932089918,-1850.4330751163077,155.10397434943144,338.8253509177812
2984.6719408179265,-2100.6512795733674,111.1791596656385,314.27082868507597
1003.8898423342622,-1869.8677682912994,79.23952013800688,318.990131898548
2001.4364944109748,-1926.639764711153,81.19397488330672,332.02139233699035
1355.9434683233376,-1634.5566204745357,242.69678928196123,335.94195605434487
2846.9749869965353,-1729.0833884102656,49.68605609960048,333.3576721361503
1504.8368148801046,-2515.476336417586,256.7235384898387,305.25126703338424
2664.051520370622,-2935.5310484382103,14.94921475893888,316.281864307033
1788.9169080413983,-2396.8065384056126,232.38025068441232,323.10332162861516
1139.374473864381,-2102.8866697672497,202.40412347781083,301.0975642775918
1880.2998409324048,-1171.8535120892825,147.3066057318882,331.6145956059947
2333.8268917674736,-2278.3812607739706,195.50879318724492,303.6185980957584
2250.1608707767773,-2724.4880485258527,214.22804005616968,337.6981858305721
2007.321733269333,-1145.0046680712535,191.76139197148234,306.07046513463024
1336.263665302025,-2720.783303431501,95.92949017239289,335.5773460337707
2979.8107650016887,-1104.9806419480144,96.10182465810647,325.58400963567954
2350.8852668099726,-2413.3659554673873,101.23965297829508,318.2372559830565
2355.603264381972,-2182.865027720422,73.54218523362165,296.89113126922234
1322.0087496878261,-2949.1081322926852,-9.548199940026977,327.5682464302945
2743.152876171919,-2983.5438761762384,179.25339282459854,325.56800702858055
1453.8764176778345,-2441.4382703027163,106.25291227705804,337.3576436219389
2034.3351569093807,-2573.4829851672084,236.72744256557448,310.7484446917225
1121.7860830038971,-1581.3703611961344,90.6501011591916,332.1947942666601
2257.416132080143,-1641.0595685754386,226.13111362241696,312.6635873547456
2345.543356855168,-1500.6502027146582,156.83445270487425,336.3758630134399
2778.3475890072664,-1945.6435957182243,112.06111257522706,298.8383123855426
2407.5545240726465,-1515.4081829390855,49.63520748122359,315.79465629635433
2669.85133647483,-1047.4809388428641,86.84043363229786,323.30415261744736
1645.8970054030622,-2697.7358111176454,231.89813883026156,301.43709838970835
2874.152775336772,-1567.339725365577,164.516856887277,326.43960313773255
1391.0339488541315,-2164.8938413514197,166.57245616887786,295.9661550298828
1042.6722249121674,-2675.532026037641,205.54521002418375,322.62110871587714
2470.5730692707534,-1448.5456460946702,156.70097423474934,295.12927824580316
2606.1945210900203,-1066.3977763419668,129.31956230738163,306.69645521068736
2699.106618008715,-2621.5167872476504,69.93492102153215,312.02147785598174
1387.6623708460002,-1195.23224074761,135.36490504831193,336.1547004629585
2806.561206216134,-1385.1519110518984,185.3890848194273,338.13869886117874
2271.7737936958865,-1137.24634385159,238.37468230087123,299.19294701799606
1138.8900833690645,-1942.3449971414816,132.99802960367114,336.29962321034736
2888.603525306081,-1600.5867896839177,172.65814292606734,306.9910175539388
1697.0402706448526,-1280.8804160416382,82.88583579578817,304.439197262766
1374.1092434377404,-1728.1648317818813,34.25804796890628,337.8775977141981
1781.336961208784,-1808.744882809191,179.5454345277955,313.7703189966794
2473.465490219973,-2731.323737129898,-13.388740007613325,330.8757499210957
2145.2405202835425,-1885.8460265736994,151.037361391457,322.14059331846585
2639.6633689698665,-1351.223168088699,257.15429825661397,324.8742859176797
2149.9733030642105,-2860.148646574097,63.427322618761266,296.78706915561577
2754.590797533063,-2972.6227087394736,56.439799116677946,295.07719436061785
1470.9244095344059,-1534.7391109150494,43.40669050652046,312.0543281192111
1875.7079098074896,-2435.0310498981444,258.13496726143256,328.9438096238939
2050.7079237271646,-1079.4777737677027,218.9969143907252,314.69518916485794
1226.1126652103246,-2065.115173653816,192.95915905015627,322.39417539829583
2398.2123823248603,-1922.7129612790393,235.25583677470135,319.15849266339126
2337.4661954023513,-1883.8612350683936,74.77204706888064,333.3433440861198
1599.6665698068878,-1679.1743714973043,185.75817404440718,312.9700086301096
1948.4334567598398,-2046.9773381973623,-0.09672394684641183,302.0536474112198
2931.3687546570745,-1839.5387887956442,209.92096231695533,333.95347167914645
2369.010360318511,-1824.7125687233897,158.75237098784652,329.56357937333644
2256.4026419116253,-1903.7443904796019,3.3762666832165387,314.0881576993673
1804.5967176846561,-2456.0128474914636,0.8716706447198046,338.0067333561185
2012.0196617083936,-1385.956490761053,97.04387631406668,313.6965781078934
2848.9230818625247,-2967.605472454719,166.14451449427398,316.39917393337555
2311.74060407245,-1616.4807468265499,255.77239320000183,314.97387208516363
2615.4991546182164,-2727.0044743782796,54.13332043887607,310.14288418961263
2323.5689074214665,-1370.0300291429542,-1.3075330989448162,337.85689981226807
1136.407497933454,-1190.7759671660986,167.11709501335002,319.646642654793
1336.3585503980885,-2307.854597260682,246.9757473532061,331.06049998839393
1111.2385329126864,-1688.9603258050267,257.0245424039578,296.10251829251195
1434.6125201790844,-1478.783444809355,142.54087997984936,311.47136194843904
1112.48918705314,-2789.337610794121,49.267513596569714,304.065505612003
2602.6013369573143,-1538.425740131233,183.37948281950594,323.92937980828066
2895.7799939357083,-2159.9688328504544,122.10564209538225,306.36502410940074
1458.7163945516254,-2327.870982146144,36.36247370624593,311.28597781496774
1233.5948973534294,-1570.5109756577342,75.42429805147144,299.90470020266434
1853.9238658435338,-2651.595886062958,-3.7365484797474267,312.3914280572357
1979.7115480088764,-2678.667980436459,4.19621750184891,303.9642816617003
2569.701251954923,-2723.5929073993016,69.91176995043796,336.5412649927445
1799.1048360105035,-1674.7231359970701,28.054182803169397,331.77085719748214
2682.2326845526704,-2076.9543892777306,31.904855441049946,306.6043866239281
2919.8369486100464,-1148.096407699212,11.803423081854529,319.62732656710193
1761.0841661019397,-2848.0220641330275,190.2672526402599,331.1391067032373
2897.927172808718,-2115.5425433852606,117.97631613291475,305.24357858584017
1803.9959849758466,-2735.2853656092607,82.39088650509872,319.4316000272997
2518.459968197513,-1347.3544814135562,67.80166420875851,301.46165630449815
2407.4338396317826,-2337.627794746457,190.31610974479108,296.170480800051
1546.8498729002395,-2655.2010033776464,176.54925913665673,297.4351728475225
1079.326308330138,-1829.625459395645,207.8724632620794,332.74846169307614
1579.376666231096,-2949.9774954002733,99.8925370252185,315.3733395915624
1223.6541109394407,-1193.93818723377,45.61365576142481,315.50806043225424
2174.485713003529,-1466.6521316646417,77.21438840899799,306.04591584531795
1034.8640944796894,-1955.2186594100867,73.023450855307,322.4316598467842
2400.592843128613,-2254.70625625341,128.09504606786425,307.5578799368932
2124.4719458294812,-2608.520877932927,161.72112167708391,328.1104243357687
1928.0161625598353,-1080.5159287296938,122.46282562645985,325.0045550028934
2944.580197176034,-1795.9561119959913,52.606874943805394,329.20971243877204
2633.6424506470244,-1085.6568337835088,15.42692283793783,307.04659051453376
1022.1355808186962,-2953.3857730769237,45.68437114161543,295.26321505191436
1106.936934334785,-2061.0508271129656,82.8224186146391,334.4907919684541
2238.6458328122912,-2708.0331595876746,46.447879652014024,316.1572715775302
2465.440276943863,-2098.137641780293,183.0761118281069,316.8817178817309
2349.560576940191,-2549.2507599890055,136.0658579950085,304.53139524413245
1240.2651641199889,-2079.9606430706385,139.14511831835134,305.1519619736736
2445.529031955885,-1115.049062912336,159.58300923731926,309.1826242536437
2665.6666168335432,-2377.806979449513,191.24517479616722,326.75518164125043
2264.2895446024863,-2368.101709806534,2.710639303358967,325.19727236639966
2534.0166563479397,-2364.5336925198226,1.1979808972583612,324.60440202392647
1815.8137608680702,-2060.2416446945,231.50239944618136,309.1976952593454
1361.3235400960887,-1439.9555326828427,119.2003879403847,311.3063665145095
2551.332738885347,-1889.5508640791356,79.95979300376109,309.28044852477547
1199.894031350615,-2253.721671389837,59.44977077144178,295.3684409759894
1251.7423731881797,-2210.1467075709115,76.4937688528711,312.7857383174266
2553.5026080225407,-2979.370180420678,-1.9802520185829007,323.42216808861264
1040.4640169691866,-2228.0218441720544,-8.164924143073268,298.73815678083884
1338.5637968818849,-1547.447214096095,72.70993929169414,317.4920296741708
2291.6834534256445,-1925.7980056024626,198.80950188348953,339.64068910309146
2038.8573733482397,-2038.8707492068745,69.40636397802028,338.08865507149
2435.1677209051154,-2411.0629456531337,158.02221553099108,324.0215632668182
1619.9094339555072,-1310.9911808698093,193.04559943973945,306.0526844183549
2624.5496491277327,-1060.2447876754384,131.04489139906622,307.8675956737337
2420.666862270771,-1959.4693049061884,102.70745721861233,303.4457422622261
2081.3783936143045,-1612.9058233369828,72.09110746625176,335.8403238474523
1362.8047921796237,-1170.9272384137703,141.27109993674307,326.4627712400574
1702.334263354364,-2959.7113228257494,118.19800542523245,312.8857369069089
1400.8548277236757,-2760.007487713276,114.4580719624243,325.02641967456816
2228.6066590728,-1548.5967599639337,173.15793134046942,310.30115630505935
2643.062222012274,-2409.355242157844,193.34399187657243,324.4384264231502
1502.4427954850767,-2372.6516177979556,150.95081306382613,335.5987685458199
2848.1992052140904,-1686.6815455817575,89.5561528178724,313.18964905692957
2187.599943977938,-1337.1050966182333,57.38386187607064,297.02796972862546
2628.7252388796423,-2518.2371790683055,255.1779005685891,305.37776337384105
2292.6236912942213,-1676.9969293090128,255.9398327125545,339.58479372381873
1547.4752952107433,-1382.7109872576682,225.27277957764997,325.51931155081695
2857.7001242166543,-1998.7409533553418,108.1982879165829,312.40448440695286
2836.7485085352614,-1853.9993905280644,73.3802997087132,336.592812432166
1828.909703693511,-1851.5124874305034,116.40131221576414,309.7015390846973
2517.1212264929018,-2210.5237203281026,174.86690399095244,332.54614088120263
2598.0165221132065,-1740.0990571522398,214.88357710586686,313.84908073185613
2163.26286443751,-2654.9978779104454,160.1725824733716,295.17667626171857
2010.2502021485284,-1392.3270703058738,243.10809047286995,331.84884505670874
1806.3247901680716,-1681.7352018323213,150.82852642084936,330.3091644796646
2103.8890636610595,-2936.2097402088043,119.99691992469772,334.7352765019704
1614.0210418692204,-1862.8646207208428,62.41859084619644,324.40867239120865
1435.4135951018186,-1502.111635529809,221.95057484805045,326.6621037253353
2178.068995710507,-2317.749474042882,181.78316643234746,330.29865593687225
1087.3886996902743,-1714.2289364804249,118.50128902947378,311.33265562688996
2017.0219480613541,-2124.8652473846614,31.096977441412314,330.1685670229181
2675.3316850691167,-2656.0485768240205,28.2471041004125,317.07368230140605
1058.7328767134459,-1882.5930262523493,11.973877570186573,322.30898078320155
2670.1614440443936,-2837.635769121311,107.41938926012978,324.7149719960111
2921.9744817257233,-1470.6792979918048,-10.863537256975246,334.186013492677
1192.1270345977427,-2623.334042333258,259.2039900917592,325.56377334255444
1145.2033670435317,-1778.6679968326146,136.51693989231433,331.9528891837104
1060.6036429299977,-2287.6540364664943,158.50924485531948,331.9906901921432
2163.742225818147,-1832.3885183350537,196.15820128210154,326.2652481547837
1810.6707689383347,-2294.3576506478507,80.12280967613667,334.71654546494426
2347.0799033409376,-2496.9029181054348,-0.10504890333884731,307.8473850866461
1366.4427157894297,-2884.6461771554273,130.364623429281,326.0216751142995
2398.711714182057,-2473.1487619953714,170.70751173282397,311.21447848264046
1848.282649307249,-2704.4201738266916,194.5828851574814,324.55066875988115
2898.5806077140405,-2026.5745440136886,153.03209115754552,321.7061047673528
2379.4368662939814,-2972.6764009245976,114.0802226264247,298.84394170347844
2169.788044757681,-2050.5646519829525,187.27071751298323,327.10518027006503
2064.36608219216,-1604.8818197048954,26.595131450866717,316.92857389332397
1828.9822096969733,-1105.5077390663469,86.83262737631952,300.69576462110285
1219.7575233943885,-2880.2974105851035,227.50000678759704,337.15518075270074
2606.012180727208,-2786.9655234758256,207.5645623246128,315.4421115594419
2295.684570052977,-1924.9362161578845,70.86531715675383,320.39682818052836
1410.0482594938107,-2833.095609688901,74.27716582147556,309.4924341355581
1077.7708185901229,-2060.844984158398,232.64569953317644,318.32764943873514
1211.7049592230276,-1042.0564940949123,9.054503514067989,297.36998382607624
1029.4997978905167,-2053.7340259373013,120.3208527620767,337.6854205428559
2930.6479333121215,-2122.9859550971723,80.5027457315475,319.5844439531671
2175.5083331667724,-2479.7457280736194,102.59143670696909,313.9233215799287
1831.2111660857831,-1007.3541557983515,158.46575310904788,317.1423993877799
1744.8702624593877,-2769.37854841364,40.52733368399921,302.95341796212523
2640.905059732606,-1467.320716894223,7.3998060448441585,311.1019460837664
1930.0398222015583,-1043.4682115824173,150.73523388360667,300.73880439622474
2861.375841393435,-2482.3899089986285,240.78116140903632,308.5248958849748
2305.3360000897055,-1572.7917498679003,111.74397663059354,329.6262335901598
1427.9994212566933,-1645.930653671079,150.95182264255456,335.473733193384
2767.322775340779,-2863.7678762368564,-11.766962282399867,302.63919837081374
2478.6722178603795,-2767.7889310984024,97.20859181667946,327.46310670781037
1415.1695848174957,-2945.19205230501,192.57218270984876,335.15145733333725
2224.8835002542673,-2510.621316995468,205.98502404486814,300.72396759035917
2052.4247078750113,-1651.3058440789073,185.37755607409903,332.34930961618545
1342.0331082421685,-1107.0440722774047,213.63630915700094,305.6227966374733
2019.6893277944491,-2936.307702967709,86.77808497613181,295.866984780496
2779.118216368449,-2169.0857379466606,198.22402153619214,332.9050770310548
2636.627810350047,-1433.4471139959624,181.96062561469282,310.24588489038416
2763.0752903334433,-2243.707516245561,114.06353924158077,328.8779888621735
2954.3386190896463,-1922.071201618228,107.06378528465328,302.07889376826756
2995.2935784035535,-2541.3855407850556,225.45001428176752,311.6457227639267
2516.8226955657765,-1320.538941813033,109.58721150672076,325.5950893550269
2963.7877838314107,-2634.354044701814,122.47047374380156,317.10478623945755
1279.5740232253784,-2042.4609462050375,216.28736721255726,305.019426935601
1899.5604121147721,-2598.8498229661454,72.17018073154715,310.4319199266037
1254.7967788893645,-1755.8700850479427,203.87413766798693,308.141764085395
1887.2589740808157,-1297.7378263546032,56.29716162992912,339.9276770305674
1099.43649876954,-2493.3354126649533,45.997060740590825,319.03291347046815
1039.6527604306561,-2532.2774776442297,195.99737818295475,312.39095221309475
2006.9854180145774,-1356.0077733004553,39.862631534410625,329.55517371571716
1828.7974271017201,-2213.468666127739,20.235495437856315,322.3590184883354
2559.2946222961054,-1100.832594739727,132.7250048029481,313.1939767145165
1397.389592955918,-2772.670717678345,212.53905109153496,307.83144663553986
1262.4329758243873,-1977.9193621790064,188.36404284525554,307.87448899218236
1253.866446988348,-1174.7649085977434,28.84761147473764,309.1319031809324
2316.1489117966994,-1366.996865326042,104.65273266840252,323.1393244875307
1357.0801632023927,-1087.4748399791529,-1.7354209286672528,324.41771648129753
1558.349162026118,-1006.5353669727285,99.74775384818712,326.7595233348194
2367.0139649494845,-1278.4046465989402,60.77547065794896,323.6193583191819
1974.4221733217782,-1652.321290901256,233.8225978602692,305.6913032498413
1540.9547507542438,-2458.283537451467,145.39599408001988,313.8877911607158
2028.4574693928096,-2723.1544663365007,196.6337080285616,321.9222575633802
1299.5812694226945,-1539.7985634339775,146.56385483057562,338.80789492402573
1638.1976433036725,-1217.809171371492,11.14037803675999,336.99460436792504
2626.9856607199554,-2879.274314131342,113.76293920990705,321.1970260823647
2766.9551023833606,-1153.6674139423333,253.10983148466403,322.3460441230848
2898.396955231285,-1211.7423939213031,48.52368238817838,324.41952430219027
1743.105726938042,-1236.2471522448507,168.67367453343635,295.97202317789515
1534.7884150598043,-1835.2363301147964,33.99411908994892,325.28562549502226
1072.0272156340666,-2168.6884331293872,-3.4640154688556883,322.6295909700322
2243.8018370633636,-2453.259686805963,203.41865075643094,308.41302689031454
1663.1115070376818,-1555.2107419795175,219.78628562292013,300.6572499676785
1087.652556746316,-1089.1688995748564,-11.412098562567285,334.6680994606136
2073.774955161655,-1785.7425305007991,99.9141587750027,319.9953572825646
1342.506495820407,-2782.369754415581,36.48400771933807,310.18427398406953
1317.8875313402684,-2204.474730740488,158.7599385807746,303.06103123904427
1097.6122242817632,-2549.1695228347703,29.80915271428951,316.2615720248559
2819.080031560742,-2487.9048749347835,229.5096152733204,303.7867068440561
2091.749904131554,-1317.9573372572838,147.3882920418635,335.16456388289146
1253.18482480501,-2743.4069232759603,166.1565674079809,311.99628462784506
1294.4842106958724,-2692.1327042981384,253.3379703668487,327.7357375009567
2875.709425733193,-2156.8015986431574,61.94707479280535,302.56349904371825
1151.2456344287298,-1748.7848889115385,39.02756910400704,301.15304404311587
2234.9980633710506,-2372.5691795432103,151.5635755158638,329.89564819781106
1059.798502672555,-1882.282831715315,94.42446381296892,330.6268453513784
1763.3556006912772,-2872.9921994294527,143.0725305232114,323.41686245482856
2884.7695092413564,-2841.264514507662,12.403627891510919,308.3408782575239
1733.7913148772427,-2039.634951661575,-8.180174475753589,336.2244451788144
1889.1306881384762,-1000.2635083335513,231.34384481002255,307.31493802698486
1141.767600501979,-1137.6549912994617,67.32998235983798,299.3896444967443
1143.422609091601,-2361.545801792463,127.35840280361711,303.42187818057835
2147.486611546966,-2373.348842701163,31.474394344071875,307.00649353236355
2907.912653711619,-1691.2647395111915,207.36520086502858,311.5687793510455
2734.3160989856533,-1269.0189213838462,76.52233855642196,311.43796955637697
2300.916951880514,-1386.8162783562673,37.599999432078086,330.29746888261553
2957.1281371407904,-2877.615476998262,84.01131808150099,315.76545665105533
1863.499523870088,-2675.4580440209847,154.6453540163216,320.8065368616572
2915.546224717438,-1624.305058360296,141.8971914430811,312.55655273223215
2048.238814434868,-1969.9829333813611,-4.029620520589145,295.31593548757525
1126.9058645596504,-2035.9262450034128,249.86748997998262,305.7959570752006
1929.0898634223754,-2399.2445344063744,94.65933567252588,306.73261161833454
2933.626302284687,-1919.7468038252835,26.84672130374534,320.91619300518676
1833.4987421502753,-2095.210350012435,102.27624572957436,329.89968126962214
2970.860636543306,-1138.5340333376628,182.25488089751494,307.35972611444436
1777.8475061906554,-1174.6425475612284,122.13923037406803,329.47823457018177
1323.2850223541304,-1533.5485114575072,187.57034104557118,331.9675872120209
1509.0622949517156,-2983.114208226891,101.7952140449213,324.5735948776212
1479.3942294055892,-2116.059779129513,144.56867629634257,307.92690605676194
2164.9263081714284,-1000.4523563680225,180.31058762606884,312.0568900666361
1318.8093215655601,-1952.9431696876718,140.79721796486638,298.39087854669094
1716.7799378230202,-1454.8809298627896,4.11731753580111,306.4085715685276
2941.003199258141,-2469.8866475217733,208.9015906630736,315.8808797466888
1231.06697197521,-1718.675800894973,180.47346621198253,317.4277355333886
2305.0247541672916,-2485.453917625522,249.03427108314645,299.44168047002097
1452.9362432371895,-2665.562727122887,103.26410272271214,300.1483739488282
1810.5607776151928,-2181.3792112235924,112.25207569274039,331.04346453172616
1155.6644533536466,-1439.7473657690575,-4.046014294459608,313.0582104769198
2509.437125351991,-1429.2495468094412,225.10957427558708,295.21840576381123
2698.752200484789,-1395.1719218426265,175.72353645209458,311.2425040050702
2516.9015122468536,-1911.61824646529,20.996793605309662,303.2360254310499
1657.2813873097587,-1915.0537517656317,66.27548171775688,303.27579950408773
2082.1862631958957,-1428.0568152687367,246.1814156754387,305.7110097114334
1627.3161065436861,-2129.4675361940645,51.94607937847593,311.8576862205438
2958.7790880242114,-2079.783652009086,110.72172698016865,316.0566389636237
1854.3008496292189,-1531.1730848738073,63.05288800212507,328.65663879744267
2636.7596609860475,-2628.960027181306,171.7551788877151,326.999561067909
1179.672433047666,-1128.7807953659892,60.26827166979811,328.67396751551564
2894.1186791956898,-2956.126889751692,11.898482540164657,320.5014355299255
