X (m),Y (m),Z (m),Temperature (K)
2386.9241416909454,-2629.413233381417,140.20679025752784,332.4488157858878
1402.8670780789569,-1384.4526603216596,15.178143923723123,301.3176123271318
2933.7855288517794,-1855.1775998093187,-14.96893940376633,299.1915947718679
2976.7420349094054,-1174.415688995298,100.37793208915889,338.30685240928494
2498.6544028148073,-1060.5791806198754,15.354871622308192,336.6111028109531
2134.3974059424468,-1868.1869351276803,74.68743456186485,318.33913797288363
2930.053463958737,-2062.365536390752,136.85453654712626,323.5604366221462
1453.845683908521,-1703.2801951662332,10.56142147955892,323.10758520589843
1705.5866847121342,-1718.6045452243538,233.9242919975831,314.3561728457359
1682.18424118798,-1993.6839253403232,174.96695128887274,296.5466723110326
2839.3240460573606,-2051.6193183540668,91.80295841646605,320.2916455906319
2730.180923748653,-1111.275004743607,7.290559694838041,332.7980753117849
2852.0271014666487,-2045.5584332624544,57.462684720926276,316.5573859843364
2501.2122386488995,-2836.8957347339456,185.94264748430535,308.2048858247493
2234.595222079349,-2251.4610309467116,248.81584534758144,329.7626227337373
2395.5899358557963,-2177.317847097705,94.82424478402233,316.3405578521568
1841.3026272035477,-1318.979017693001,182.83035848808788,320.7358305028436
1725.4711539944165,-2596.014394984719,28.133215354128062,332.3376826409393
2757.5425371040583,-1211.7556044132016,64.98378970535512,296.1164888284763
2610.0862917453906,-1561.1823726714356,114.72272055296216,309.17458303621004
2272.4849301968043,-1522.465949890508,144.3430343593875,302.9453951286504
2462.6246739538333,-1315.7981182027636,220.9954695886654,324.3338739982665
2521.098042866737,-1966.5135675562715,103.6717237516053,329.7217970125551
2860.0864411394277,-2057.085812258797,31.569721878899834,316.2699185376536
1623.8379522787827,-1486.6026200517458,25.72766268464447,336.8799555740404
2332.800918865656,-1489.0039534430714,38.618471617354594,312.7037787527842
1035.4475213972846,-2654.610544358243,145.90375787083758,315.5533264054709
2492.0601709579796,-2059.4878937216845,24.3473846660251,296.9141034629493
2401.0262445839003,-2023.382018102155,153.24330131812027,335.8062575331295
2075.9576537925604,-1828.2697672907668,205.36063751319574,325.15429021284626
2373.8433427224945,-2331.9363109607125,251.8511909815598,339.74879821884974
1077.478764742616,-1354.0500203719487,210.24785415890574,326.17207662509304
1812.9452438093206,-1554.854351135057,173.60235199841154,323.8645178569139
1228.9355681668412,-2846.5686681389934,-13.939064758445284,332.67752869302154
1993.789657349534,-1162.8252165825766,246.4434020874957,319.96053716029326
1185.242986334001,-2901.3095615322263,141.86843958419695,321.4506046356978
2894.9638884063406,-2097.1714182395676,10.691323802850128,328.0315031190416
1381.9299595806363,-2794.494519310701,258.9257251798288,306.4268078246767
2685.479576451069,-2966.5477192665912,-7.3075039942888695,304.96299474666
2966.3200247909067,-2940.1859860827176,35.882284827718294,336.03074198861657
2393.465236663824,-2305.0527299574937,52.80606541076901,301.80348815365926
1009.4231751464287,-2208.8964928724963,139.4486302771625,339.2876340654088
2439.834494269695,-2636.2438511559358,54.43419229614702,338.7173677400323
2412.924291020954,-1446.8077929816134,245.22512850970833,310.6589798559901
2481.347852997672,-1749.297462389453,170.6044073504997,306.53838364004906
2829.780602430192,-2896.640260206642,239.99575435944567,335.74136935387116
2820.492798426226,-2240.441004340004,244.99233012633454,324.1286465170491
1533.9427318826556,-2555.7293707132662,64.3622731093885,304.2131770917091
1455.4226810666344,-2542.950817734177,-8.595870496003684,322.22469280476014
2061.9777385754783,-1146.936267180781,47.67697784653953,302.5109459553889
2200.8935599211527,-1652.917301901158,175.57448025760166,334.6602581896837
2533.29375350997,-2391.3699053515775,224.32530486924136,329.00281889057834
1193.2751999935938,-1516.1582465297063,259.06899881828224,298.71130901477903
1724.3333695943165,-1729.9946362737762,162.0351422858392,327.5763610218302
1767.5967463221878,-1980.681407328293,15.139115718832866,334.5949352381267
2984.0046414614008,-2536.405235802957,54.508756778665344,300.60796234181873
1730.3631272787916,-2527.131693993278,50.36274246095661,307.40758629295425
2089.778216875163,-1505.4670613140788,99.51842302118018,314.27048706063096
1282.2617828497744,-2268.1109987475456,219.40564679718088,308.063718975763
1531.8241459934497,-2466.9574273544745,30.125408174998803,326.05800890352197
1785.0334235259165,-1439.911746496202,114.63095685478936,335.69132678721786
1186.2323534164977,-1030.3386235050182,58.94971811407946,332.60658817782286
1302.2303932763048,-1085.6821280232034,108.29885430110166,333.3200547277829
2483.8712507320893,-1585.5050830876028,206.0030758779496,304.24770318064924
1188.2031873165372,-2426.045126821171,74.55211018912986,308.86064357525254
1243.3655536001015,-1355.8857527905702,243.91625669997597,329.72300525669436
2772.294907435289,-1790.3442753360484,203.35958577282096,307.34036170419535
1279.487501876344,-1557.9501218395142,132.80132865607854,336.5299968959791
2515.5179039240757,-1473.1008300269134,196.3908717551794,338.198622742828
2406.46009702704,-2809.188827179703,97.52486076904866,311.3298629719443
1372.200336505086,-1135.803216356183,226.8714924772621,337.35136090282583
1272.6666182068127,-1142.8125525056346,237.3143836863873,297.45751199264953
1668.0361316587964,-2064.8080276766573,52.78557584334966,325.41529851645834
2329.1462717344225,-2786.49544075159,48.85728865892158,300.9011118542734
1741.872884146025,-1498.2712389352482,126.15028923051781,298.5199080449866
1625.1215146787554,-1712.13893385412,64.53132935134461,336.7854867031489
1182.44177634549,-2440.0126483531976,123.05248191283863,317.2586413602547
1585.5694873701186,-2263.5979294913095,123.86772522518095,316.46408981125614
1713.8145208547971,-1063.689105427978,50.52963054357798,315.56876713554726
1262.2628177886222,-1431.4507488395443,26.92548742437831,321.2101391981622
2076.923065823348,-2864.9366212853056,44.77299729267938,318.9942671958688
2960.284967388105,-2507.713182482078,198.22524794717737,324.86090456044326
1075.699116801677,-1945.3412309763687,65.23092359607848,313.90767278977813
2980.5823516038145,-2477.9792780500698,65.74041151754906,314.0093365455876
2115.8345634027637,-1284.2882296778819,51.92030711078107,325.70187018710214
2997.364916030331,-2051.2134327735675,96.14768978950106,319.36840432301966
1262.164383760007,-2400.3014863288076,232.90537998243968,316.4414885483835
1073.9954196661186,-2706.8409774873244,222.07524228304374,314.0921997568229
1755.5012635564185,-2769.63018837941,75.26541508668046,338.55496757417654
1374.1459209366221,-1476.9986582398096,49.85751591767952,327.1190194525186
1648.8994249470238,-2618.874565817917,130.04670314672404,309.6944967761897
2232.5713877332664,-1505.6402522068247,84.39994571244192,307.6993988492022
2839.2333514363054,-1873.9902561517008,21.499976505052558,317.0710520198229
2525.5474145357275,-1951.1156546599457,116.68707084962085,317.02710613724713
1155.363909718285,-1748.8753765048368,115.58737204315443,334.4163003807648
2066.857180939357,-2322.604787008712,157.41107096441263,310.86436706171276
1133.108678459703,-2699.786111363409,102.5142732421088,298.85588099186066
1266.1905872842535,-1502.2902585490533,120.3729314246452,298.2038622669711
1874.6844492876817,-2527.4492084953476,12.693862884958552,333.91741443271684
1744.3441733901072,-1287.7288878376514,136.00878879941638,337.38466134094665
2088.7333792109166,-2197.550392347082,-13.408422137463923,335.23756727828675
1647.0382493692132,-1156.3151299201782,132.1162122769865,317.2234579796932
2415.527488697149,-2149.4471073222367,13.66872781749786,324.524002342083
2903.732302407219,-2910.5268467711094,110.96825358830723,309.86490808217536
1021.6114402918674,-1521.7788621608574,209.39458168636818,308.5780479016962
2610.2751164724855,-1607.5538734033603,56.86709856864762,339.7499211894777
2072.3936491943286,-1492.8744394449861,73.41626679742328,328.688607331337
2593.754177289872,-1368.9597664541686,249.27416346812032,299.96114120232767
2319.2759337195484,-1101.132195871714,221.14975942111752,311.7635014416395
1164.2767591256438,-1509.2253643560646,116.30749976534156,324.04636904580974
1736.2108946617159,-1836.822500650136,208.04094935752374,295.0971979216787
2400.658263644761,-2924.2118512551574,252.47049418675704,316.72564878864324
1612.8595764136048,-1425.4268128917456,110.20492535950329,336.67934086186386
1562.822408901742,-1837.4932442854329,201.9305989360816,322.0419225813726
1277.3565803799945,-2377.3150197573405,135.90944449062337,336.2145778864668
1679.0946788796496,-1275.7697538296059,189.45278873014814,305.1251584233989
2460.950387786153,-2288.4861023170324,205.33263358127545,338.1409101261503
1731.6566151483514,-1777.0906870532303,37.16589810934515,300.23982866345176
1614.2460461637174,-2471.3579335844706,258.69174910774973,315.40005358927624
1700.3836259027491,-2322.932245390773,142.35307375671272,298.00737361830994
2127.993971593866,-1903.0529846475151,253.95456854383207,338.93661618440586
2090.8715877543455,-1187.2984078049408,32.84717114464731,305.8489711323148
2861.101731444067,-1058.7571424981613,83.21578920006829,295.04609610651
1281.5124762610167,-2421.0559812908823,101.2934466290738,304.154511744238
1362.7407204229376,-2069.225533666839,158.75146706799057,312.2452347619594
2919.015953500776,-2685.3593955016695,204.64169149916816,326.8235829587445
2062.323470371226,-2759.481231943623,201.64292891899888,306.52149701029197
1723.9122031183606,-2662.30354147735,246.51843361839258,311.6248962545339
2843.6272050055622,-2958.4967906524876,124.6510377368098,313.0660134705754
2639.000995298512,-2044.157693319707,15.943137411455506,335.08388317269856
1427.6043971050974,-1550.6708096564105,65.42701621233113,309.51176330046286
2682.685126550148,-2129.8534428374887,249.26562267414153,322.02146233774306
2512.4017541865223,-2355.311855395225,181.29693695833615,330.64502388383136
1877.43412255656,-1282.1378857957643,189.324793010715,328.3572507854849
2561.8519289741726,-1024.1012881503693,198.6407100230108,303.3121954123554
2178.3840392,-1591.0418112818918,-4.69308333846851,328.61928929218254
1792.8833242802061,-2517.606437896703,160.3713841947872,328.3379276596865
1140.9386424241027,-2343.0403941965706,145.98599375999865,314.7296971813152
2555.2646665442135,-2430.7539505304385,158.86453424846906,317.4843228113216
1204.6555912990966,-2285.0040771353,90.94619101265808,320.91960173913884
1767.71623503295,-2658.0225017354487,158.9483494883948,297.8744122317537
2000.2746343278982,-2579.098011323481,218.26599003580256,315.69681496747137
1791.3029834066247,-1385.5985490808985,141.92076310805442,319.846642519176
1991.1343716848726,-1035.6259908469322,225.4127880577901,325.2510259349964
1976.8101794930417,-1085.2329864609603,211.24859235973685,307.73113934457666
2515.5129760334366,-2808.9230871827926,137.28430251251262,337.17784099484317
2090.1669098475695,-1581.1353063147415,70.74101842008233,337.1336561681141
1693.708621443207,-2277.104328433682,116.215724111316,314.82473645126424
2797.664511975482,-2267.000591158675,30.34385935627244,304.00632701719286
2990.432826259911,-2208.892833029026,158.80461825596532,295.8290860717033
2325.33096879624,-2979.6194488708984,119.9605112067064,299.22920079578626
2960.005459054144,-2451.9773510482655,218.24012981758193,327.41499972795555
2796.5682818274395,-2987.6665542137866,101.20327026914043,326.4648000637778
1935.3911189165447,-2237.618009642544,214.3604002890476,299.08354092600746
1133.9965836263675,-2537.05516027842,-11.530628676602,316.1784020167161
2907.6303363815287,-2522.0466943555575,30.48838789451883,313.1749592256471
1470.1120086611456,-2941.666543245495,78.33304103183225,339.6747785647987
2401.6411643160145,-2443.0882534381963,192.19855012733902,298.64866719087854
1195.404770448639,-1146.454174771016,106.69360797472415,324.7482093317079
1894.1790110578838,-2990.9587348944488,124.64674602245958,301.1347570158391
2431.6194597577046,-1873.5469957989737,-4.3654904597959145,328.25798610703515
1181.622075527199,-2975.7605378702865,218.91918197775504,330.3099642758397
2032.454577061951,-2526.8658265863423,38.059597308829176,297.71176943916646
2985.324595812459,-1181.4128626717911,213.1910787700212,317.21686049826747
1252.0771813805904,-2838.0997483562305,-5.914776176797856,338.387517213424
2483.9387668370646,-2285.2700036616448,22.9483288429564,307.922103874261
2270.647515861867,-2313.700459625997,48.227881729162306,308.86185869477515
2075.3013584988917,-1643.137030578876,121.58917771104885,297.2707478776932
2816.8308004845494,-2129.901765919199,10.00313701205032,330.4809241531072
2788.8232402929734,-2807.592191531058,105.65548487161756,301.94929406917913
1233.1996948287026,-2924.0346995682958,252.25529095508227,315.49565350957783
1594.9679692904042,-2889.831655861401,229.75965948735634,310.2436889735277
1671.2463209597613,-1100.7076631646048,252.79291451911558,299.12825194374943
1006.647740115415,-1903.867827387112,256.8335232391921,315.3211285614393
1752.1857595553674,-1361.1561581528763,34.63929930711111,325.52979295660936
1574.0769401468613,-2670.477683026415,144.92387309444914,295.0633691517213
1787.6793843235173,-1146.6030637418808,230.04448342810832,331.1099428233843
2184.486189684083,-2872.825622288974,146.39772131642383,337.7111698526089
2613.8464425786997,-1818.641079395572,209.44092452721327,305.81873170651454
2124.968600993112,-1090.6383583137288,81.32912310367767,328.0869182398405
2440.0228127104738,-1686.4274029507014,105.03438389131821,308.799358958706
2182.257783393301,-2544.9758569723936,106.5494065247362,320.3364248456581
1744.99578027865,-2113.282008580426,245.3855605895509,318.64132276337307
1924.0498497044468,-2718.8157754725057,74.30636199916465,326.18933977539496
1822.4492435206648,-2101.979264562188,148.86635171766528,307.1447696035872
1089.9746809716041,-1595.674151792,237.3019253178859,331.70378990731325
2169.4510089218948,-1288.103327605289,45.07642580254685,328.47586979240805
1134.1757563080637,-1479.9714099345115,46.08353222872009,319.29650646946277
2648.489048799035,-2725.220140290794,161.35584961191392,308.8186061544798
1384.6223275020986,-1318.407651054744,193.59166347911992,306.581502720803
1048.471762735087,-1636.523272702431,250.54649258698936,300.2231256664215
2814.7519774780903,-1486.220405611885,146.21014367475163,336.6599278450911
2882.6225528233645,-2805.555688365861,135.4273917358557,310.0546678140091
2302.2523064497373,-1326.940283343357,120.92868066193603,305.87008650660295
1738.2893128322987,-2251.2504625529905,-1.3112334042273552,307.32048775654994
1355.422246867053,-1900.2913640273177,148.52925364042463,296.2570586717714
2540.5635655409783,-2898.7409633453963,66.82510369321308,326.3275177044553
1145.3158976084014,-1181.4571679289634,159.44847686357295,327.81171807030137
1056.0304418409871,-2601.876986975095,158.831472057676,306.6562117610829
2380.7963111627687,-2288.865632301279,33.040728997865635,323.8127760752627
1794.4405885250699,-1261.9731798381458,23.499544575248713,333.7041150701898
1341.9443984970248,-2110.6902008686234,164.5535577433578,321.4759207652626
1650.0989675081041,-1229.3448987604384,167.67511372637387,320.2805262575771
2474.3866107317526,-2435.2216861903844,22.33585963904232,317.5617492995569
2489.9668984739296,-1426.7977973885193,256.2213006938582,324.194305842307
1840.890687697758,-1083.8952647443373,165.6576078350846,297.86875502487084
1335.8890542685378,-2666.514385327683,147.53025558863393,316.7247373458503
2228.219444092866,-1775.2565036895437,16.170624409410543,314.1013887447992
1462.6036457515988,-2657.7263677872306,206.76414873708458,333.83804923926317
2380.880711030538,-2041.0451561132386,162.6385426113974,332.4901872442877
1979.654683085931,-2317.447478614423,-2.815434602593797,320.54887446397294
1818.3696139620947,-1495.7338140694062,46.65897654467517,306.8902911733958
1163.0405879274062,-2015.4066796430793,138.11244562115658,308.7054579290129
2550.5349139306727,-2654.245248811077,-6.935760405690791,327.0361179128514
1539.3952980203544,-1258.0511664058058,48.291293831925685,317.38888949233706
1095.625821477709,-2819.855122200683,2.5478069549446154,335.9227991398695
1121.666703303439,-2941.9709835432527,87.70017732956916,306.5104388535397
1648.2469802427015,-2691.5971117742292,131.5714477718059,310.2158272856212
1933.8829538057448,-2817.5986789994668,165.959746644231,324.2959893114948
2652.716123929318,-1977.964372421016,248.51064486716,334.1603911998149
1043.259422076122,-2576.7380998326753,117.6711617867187,303.79678878764753
2859.62825771765,-2081.125889315516,117.60233847024921,306.81912659779977
2886.876241723412,-2037.6510452584407,156.67040212613603,298.2305454430241
1253.3159967360666,-2615.811668354364,114.61168392650032,300.1455351613619
1759.7366070913522,-1048.7937156846094,111.81433321383508,306.8427236867661
2016.7010370355717,-2815.004536245491,231.38520971649297,301.03073311433343
1954.9873774772714,-1296.582875850096,254.0666414301735,325.1155097471334
1625.0171990943663,-1650.1268909229202,136.8675656744701,339.42340273669555
1642.934960112953,-2559.1714615377596,135.6975508945978,326.8638647037145
1867.5843121814105,-1412.8344997946278,141.29462919363945,333.8451003372676
2065.853096190863,-2305.09817689533,-14.841891338307844,333.65128387567063
1527.7650300843711,-1989.1460549522649,108.15173434469506,333.5942766700691
2941.1143455929987,-1978.1752200125582,44.59784746976432,318.7921031096046
1683.1699697077784,-1767.8409042940475,29.451674458767002,297.1158838380756
1211.2763998086848,-1281.748500415591,247.1555551627091,332.05143318817414
1567.8485846208416,-2724.4706388681843,196.33812704103752,303.07390826610225
2394.226833491516,-2219.0650492205036,112.62720555878923,324.5543018070729
2559.9836795675637,-1378.7258698566393,17.521053361191512,305.6027816261144
2080.0464176330756,-1138.5636101872974,208.64540740842827,336.2408814693006
2352.987030317192,-1967.400396901559,245.8386706445736,314.69325630167396
1075.937405729504,-1172.3688223673971,78.4245385971593,325.38638861259017
2521.9567229478216,-1369.051412362501,5.951472998124409,306.4357037518735
2362.3064654700083,-1491.2366504376994,184.0891428029889,334.2732610884983
2906.4112814714417,-2167.8731711195087,-3.678694390072863,299.61300437521
2691.7356053184076,-1493.2711458543752,161.51944968260852,334.8888824455692
2251.77249821265,-2342.512614729006,47.77263797858844,301.11079691565055
1678.3220743335005,-1743.659357027885,118.75649600041831,318.9898310605292
2698.4073870289467,-1859.3608670175483,229.99275556745073,299.5618898396664
1365.615820060531,-1733.3809525937659,61.38851851262113,320.52718097239256
1779.9009853830999,-2287.8725853331657,38.938702623282005,322.26858588954184
1327.0947993809757,-1303.7239197762242,130.91066127066023,335.20202356451045
2797.1681511434613,-1323.356321375619,161.5961233107625,299.9523124329196
2585.0600470503064,-2346.5306821857366,90.83240150018817,297.26976821205176
1951.3591027035131,-1530.7115692557036,203.9593108537994,306.91391174422694
2275.0857917947915,-1017.4711374756762,240.48308085736713,335.2749217817354
1972.3385144833082,-1769.401827277574,48.31916258983564,313.298116889298
1096.9062735140735,-1112.4511920830346,139.44679698709035,331.67208255348004
2598.011138680973,-1389.868093611463,94.96969216124741,332.81185396172367
2981.0466294173966,-2163.7411712649105,41.63349226163468,333.8422212081579
1698.5583924687226,-1011.8695024354208,50.01327028032165,310.4633592693146
1617.2887113361176,-2535.968362384584,166.9990412053954,338.0834597952719
1914.975108442843,-1223.5128916789085,67.42998261690946,302.1753689253254
2040.727619168827,-1094.8857596681664,161.8025185867001,313.0436568472356
2535.2059485668633,-1151.8083908545457,186.5552409956104,312.67569711372414
1351.5810628243783,-1775.0652967083722,50.252619870386525,304.33790349307054
2176.8667941778285,-2240.1850522357927,89.15706026294451,323.6422364683684
2990.1369289564545,-1403.8531955527324,139.90769096683604,322.7816473407411
2666.6332251063322,-1799.8721634661147,251.71539031211034,308.5847606543518
2533.5793795201826,-2948.0119345292624,154.5455750356221,296.261658202181
2826.569182577353,-1413.2947531521277,245.38297600042,338.4074003583694
1915.2321996064425,-2618.984514791022,192.00129219810134,301.68946695529326
2576.3632098518096,-2642.782140362922,60.93355110350814,306.41073570718635
2051.8650017140844,-1537.2576541159717,131.20127951770678,299.5372320228813
1906.6727492914792,-2671.4621231093865,191.7997170849988,315.7359072111007
2368.786841114719,-2159.783787628272,25.896136031998545,310.6814163165639
1363.2186537497819,-2735.401562890954,13.031651666400325,302.2911456681752
1763.3845164280083,-2156.612554463839,77.1768580790461,300.67311012908567
1006.7653605594961,-1397.3210153700948,11.052600494090619,337.6757601473137
1464.0625765336674,-2279.3944676471956,200.77015792640478,305.7118665742169
2030.4739144142766,-1997.4226813022096,210.66483932271112,318.1384435640672
1600.0532106261257,-2073.5973485274308,153.90170525452038,317.5572933392908
2291.064738354053,-2115.146187884102,153.53221388289256,334.54971146884355
1843.252577823071,-1565.9648368692751,-11.681211197688068,317.2455667349844
2892.7278863263864,-2583.01081166017,77.96650211794676,298.0607635696953
2504.8570038412727,-2153.552338395129,-12.56438922130075,298.4608115646957
1972.1064715550442,-2142.2601693066154,69.66819265722815,337.70261990880874
2596.5666503804723,-1386.4707348792522,108.8648022907055,338.544537684654
2623.3914849119788,-1783.9385682407299,157.20212031046728,317.9926565825219
2953.8863020391063,-1539.1764152050025,258.65302510153657,311.568224873834
2262.574808536673,-2071.7713184119807,197.32400472911192,318.932403733469
1217.0815647813754,-2624.6192242523084,13.712837568304263,309.4252677431706
1305.855565035767,-1293.9888663974593,210.24600808541183,337.41499052344557
2233.2513444069573,-2163.3388386232564,81.31512126127089,332.19140124340254
2702.749033956504,-1185.655324389663,252.83971966403027,335.1540491196655
1139.3484483647048,-2891.908986820982,112.77042377351638,300.65141439998
2024.7911011318624,-2030.3886115812006,220.7122970050943,314.2279175068346
1053.3167566157017,-1674.0776536811031,107.87181058376412,318.5729549633997
1628.0882493049735,-1633.1551846705402,136.79872171391347,311.9559598738673
2358.394000014483,-2508.3893356405633,203.81689130131056,336.3025674998954
1147.2348376275677,-1251.605401844042,2.0010907742552178,317.6899141761596
1767.458012815342,-2992.5156211026747,256.53568075006507,337.64298281045535
1705.2614585049305,-2616.1270667303684,254.95041036693533,314.56961263316293
1963.1574402135116,-1592.6039184243843,255.64718076898504,306.7529487799558
1738.6611432966902,-1273.5644309983581,224.51252423792025,321.1874300845031
2915.7026586964225,-1794.8718819295325,238.45937663546295,305.0499334899037
2292.277858578883,-2183.461546235552,8.94740665659468,321.44485234707565
2440.3115160094603,-2579.0966135139884,106.96156996072538,324.0120618096066
2246.806812798266,-2169.090661104807,222.61018262392423,306.1372002362109
1826.7001502390697,-1185.314152251316,166.0574642481818,310.8022675217594
1366.408547300803,-1974.2146433297469,107.05351162828714,335.11944187197264
1847.8201839237715,-1967.2548891946012,234.94648320241055,313.0810112515978
1878.320115187294,-2814.647806485177,169.77890357898875,325.6269030685802
2015.4446953888219,-2398.094498223064,121.19823716759822,299.18313930453684
1772.4821208065753,-2162.6332318066784,134.881009990409,297.33270915943046
2137.2482846904904,-2781.6698726394493,29.577510057339573,295.75505987663917
1334.225228043853,-1656.2740425988738,-9.230145999460813,318.74801914197235
1325.4525100933697,-1277.5811829445524,68.72210581790131,311.8655116478114
2382.3387750785946,-2483.334221380389,177.04864335988302,311.01007367977445
1998.795277962602,-1551.831997750457,221.27483955314437,318.5103797858018
1602.4688435977555,-1835.3054848703473,68.38749983938587,301.3031345526987
2398.177138782051,-2941.957972608764,72.5291576212097,320.73307315046134
1663.6383444485182,-1826.4422237787633,137.5301929104991,335.3164154672421
2947.245339644218,-2816.0354433009074,94.83071335092464,306.99672535499514
1729.920225510417,-1185.6168937724024,-10.033039349378946,337.0798018051354
2367.879771154935,-1132.0695712008662,107.01836358133097,313.56480615137536
1717.545597746876,-2624.2727333011685,215.5116526291073,307.7476684484514
1113.3033092032329,-1057.8448619144315,11.984015968044378,338.12566373757807
1203.3808363853775,-1385.303719336392,137.96107126992536,299.2414217981402
1827.9471329718417,-2954.200844950979,149.09603522219192,302.4967237379124
2338.1674943831094,-2936.751912263237,193.46116827696443,326.8266116263328
1968.8619283307626,-2051.487084664909,165.55014768496332,323.8760701779621
1018.3081171088539,-1106.6175367225303,90.1482127637572,314.9443029694362
1736.9105804543265,-2459.800752431953,144.80017682100328,307.4254672557501
1171.9761607876885,-2219.4162543168286,165.36844886485795,335.8032612385079
2834.152940000279,-1503.1659247366845,-10.492579672151345,332.52070535544544
2239.4606591803813,-1442.593932807069,81.71364003170724,334.16595647993495
2109.8473182412463,-1248.4829376802834,85.14182842588802,331.034026792112
2458.5803457363704,-2171.4894106797965,211.3624412650941,336.02764605189674
1922.2014873471642,-2874.4521506247997,102.06829618641362,319.6646179888051
2837.2594178790378,-1749.9195350358139,36.38438427616509,329.0202806809332
1746.5130601636124,-1876.5773094820197,226.13419672938485,321.3818050770018
1153.4625775776176,-1808.5797001455855,11.790710609270107,332.624225804541
2028.7419829988,-1749.6482106082972,77.30426662148582,295.43505030135833
2142.934816550745,-2873.83211332559,70.19421052506257,330.6824493548325
1411.4289102089597,-1946.7381152531404,-2.9537267797455034,329.39875342576437
1505.7990506286724,-1510.9964999910528,172.9074266184869,302.1462274783259
2184.2817340663432,-2952.113240161227,109.28343472126231,310.0837263892361
2030.9851395153682,-1039.591736310491,248.48948643114852,297.6579712674128
2107.634755997733,-1386.6777759814438,172.81041892292288,311.71215508493844
1241.1578349007955,-1354.9063315247836,258.9070186491688,302.135385005896
2563.696594196921,-1708.0480091336642,164.97044564650034,310.67684494421684
1062.235604939085,-2136.70056523066,22.1331795432491,337.6202143260841
1917.2310772970545,-2430.8886421707584,178.57897906927928,308.83898088718007
2139.7132761463968,-2334.2681773629456,51.22876242741492,315.1242051144718
1779.1225659154347,-1082.1364838409431,191.9972789460528,296.802915073258
2069.7598297501454,-1020.6523285963306,242.36426492504808,323.18965527268983
1230.2666691348904,-2439.0510394925423,30.690031078727934,335.95027753331243
2624.463854554033,-1057.1211050489405,219.1973139318612,323.94641655685314
2553.750823970672,-1977.0682823035215,242.01695942358913,304.06301818666935
2579.9505557157145,-2985.341291993896,185.759556795226,308.66244782037813
1801.6824135060992,-2914.066820176911,222.42845559653375,329.11731089605246
1132.696781067881,-2010.126005217333,113.14414161825368,305.2812335638321
1736.4097322993998,-1022.1002348068084,-14.142502660556959,318.59007281771756
2829.806082422866,-2737.8369539507044,233.22264534790708,338.80071312159095
1749.0278163560054,-1248.4081401213984,27.83848323852579,296.7867911203331
1344.5916112595041,-1847.9035600766601,229.89881600796878,321.71923552116124
1998.5629188857447,-2601.9413606796766,136.48458426739458,304.28990558766765
1162.5555970311575,-1922.5136862888896,250.73678039961493,339.1015769143653
1175.914889424712,-1066.092683524812,175.25849701016654,317.94316892621924
1542.1531516754058,-2930.627042910793,150.42112445215486,315.20800449187124
2131.1015827080755,-2199.314228762531,243.5448192513325,305.00809016231295
1654.4949372774577,-1426.1076388709566,7.717668369733797,327.663592454307
2438.6194616762546,-2437.8656965487753,31.06590420131313,336.73686691952844
1315.3631013829554,-1764.7440062499566,108.99592660314869,297.0576953831005
2561.086931340441,-2319.408076531098,-5.781580828936843,307.3539694759768
1148.0688461661434,-2933.8025240617885,182.19402643138827,311.6593834641143
2231.6620057316013,-2383.691035749839,-7.984228853241849,336.2122314126846
1070.6616093769737,-2415.562335409589,248.02460080748193,317.2053364066288
1024.0350909869649,-2571.9355877924672,203.0457476911956,299.77209626759696
2090.3746505687623,-2161.8493222363504,135.50513528085418,321.4450349971082
2572.3000588617697,-1662.9174816626958,177.64871510573832,333.5893552703593
2626.4743358417195,-2178.183916319798,25.256708856614686,309.10400308896766
2690.528961083064,-2141.8131302110337,211.61117115282798,312.4184103259962
2608.0802891803114,-1253.7154496559874,158.15511718905626,310.0111818053621
2705.1029808788626,-2235.97580290792,52.28737194162933,332.4100697692986
1858.0229176547077,-2109.7538131817573,195.6443761449807,298.8599892476256
2953.701319200727,-1412.9286945341696,78.04204313230831,316.8430353297974
1031.609542219789,-1280.3600981896634,169.13907072928743,322.46255568295487
1594.311664362381,-2820.0674529840526,259.0806947155022,304.8155215332341
2234.7132207419327,-2254.7935545018786,237.70151275884706,330.0287092548539
2247.462272978536,-2058.24386255943,184.49499781082793,307.770264336245
2002.0911948843645,-2462.798888403836,21.2067461745618,317.521174296852
1706.728972219403,-2297.1196767748884,-12.758320485818544,334.77740300872773
1212.1803125741778,-1231.0314238061792,230.50728441986232,328.4855127590832
1166.5517480813423,-2614.680796750397,178.63059726629805,337.6040435764437
1397.2000632470222,-2848.7287370967756,6.018788019829589,324.74794145534514
1092.004415541049,-2210.656259141271,155.31549782065363,331.2346310411742
1786.1627961236763,-2046.5061472488487,73.0706461919904,330.4443739380744
1265.4756587060576,-2521.0768636892917,14.844504843555857,320.99750867502223
1427.9781806857782,-2313.5392694033035,64.89261635870787,326.30883982891356
1170.1064143975648,-2430.221108603705,239.11660897619535,329.4091037277621
1264.959754380976,-1215.6806382864957,178.47476543923727,314.7219943067894
1306.70583290257,-2378.1441601603315,251.19877168010322,303.8380605827313
2566.10444588309,-2027.7261445293348,16.450490311383376,329.52406069174816
2113.6261808012814,-2376.4225595473345,239.16975884090817,303.9729658546886
1255.5756381140893,-1341.8718096725565,236.34735065564826,333.2338974419481
1300.7427708995224,-2311.3556932182796,84.22609234194805,331.3566578970834
1235.1547913011098,-2471.2776128241594,243.33501753924224,321.6071411262594
2883.27454070067,-2239.28002738258,43.5434731999977,330.4838091240584
1551.9866599795218,-2860.66817093183,170.86747275253128,320.5012047599906
2159.6187276534783,-1497.3788382478701,245.9306547824558,327.58559394943507
2909.3829432651337,-1833.2609536413763,103.735652308853,318.9828921234211
1701.5738979082307,-1144.158277398453,-12.50981748181951,302.1484871381004
1918.224444760673,-2378.470094009892,13.584551868817687,323.56363340305296
1286.6505630804975,-1876.8422793524537,187.4125927775811,330.9182443919318
1360.419063667981,-2061.162385304762,139.6445958445346,299.1359900942446
2827.049247739971,-1419.2116694257834,193.5857908183474,332.8428682999483
2017.5947664139062,-1970.5505214102272,159.05981147344878,334.4361229513761
1731.9559811740896,-1415.7782809778573,-8.754013843549217,319.6670330958839
1294.212706384785,-2766.1350292937123,201.73347328305005,325.89192466736756
2646.745697925502,-2150.9213903162317,8.600355538982647,333.0479239683117
1952.9704680778768,-1263.1117802575018,185.29847647825525,329.28899295228274
2120.897650838442,-1355.2549135531365,259.85300271748343,328.0153329332524
1560.5021125655035,-2898.0553285791902,229.22185383259594,297.7965102990841
1588.5181480964893,-2582.7583516409118,83.94596797221027,324.3058695120094
1595.8710550025544,-1287.900290402616,191.13533831639083,306.6032757574264
2575.3337897749643,-1083.3101605888814,208.03915640255255,317.9674844251158
1840.225262737737,-1793.6019533517729,97.36148831994211,325.5666716124671
1817.3530780919202,-1660.232678445427,250.6373965535489,328.02381151837994
1101.463166972111,-1820.782571351159,-5.400592321645599,335.4378257680929
1258.4410587681443,-1911.1625396302659,139.66921136493778,331.6092192959244
2500.6066981627096,-2439.2318821566687,90.067017711705,295.9415755926495
2525.463278593731,-1506.8558050859854,-13.819717242262072,337.10487415907676
2621.705138170174,-2348.1855501040127,206.25563383781963,309.1982707163344
2437.9951373801796,-2585.8839082888903,101.8861048555178,313.58591879362365
2311.542444189921,-2587.0189814717487,26.597621197720535,333.8060809006324
1419.5457237639675,-2273.166989518538,247.88797022828226,331.17716332852694
1359.78713620385,-1184.9846654001215,226.6102411696376,301.90108113966113
1634.9260273420246,-2553.8019615009,75.70427778917116,311.4502973108627
1727.3178091938876,-2110.456690285053,10.00036662523668,318.72959272412123
1626.3931955350306,-1816.7025352081757,10.090089541133313,326.09977455508806
1518.5134505852657,-1637.0533626630695,58.03050675880637,312.9445342407512
1780.1719771132794,-1878.9858602702323,198.0274445972728,298.7577686570611
2482.8158905328155,-2691.6710658816723,109.07021368209527,296.84215073625825
1724.1254091918838,-2832.783523348487,90.38772182127694,325.5091908809095
1248.2716988593552,-1911.7957486129835,85.1887029564149,333.3158206805167
1685.4509999786205,-2174.144403965241,229.76410973006583,337.1756168842279
1151.9847630885904,-1780.887508413938,254.35706627537337,334.7553018790195
2194.584114605579,-2867.120643308924,223.73652863879923,303.8665303111912
2901.5306164303665,-1920.3797283001002,34.46161921917219,317.7277351549025
1331.1188501107008,-2530.7481965038874,177.7387160112,308.50567337101927
1925.8629290115596,-1842.1733371706553,65.71778623354473,299.57351892488
1257.4653092411336,-2284.420560729058,229.88769418708762,335.838362806285
1861.106332330306,-1634.9185082427075,113.55999913183723,304.8202299331624
2801.9109792495246,-1730.3548796645935,96.87148559443546,338.6505525665196
2289.0034176350055,-1991.2068574673197,221.0571810870718,303.6845364308038
1592.815979169368,-1059.751035321033,209.6441970391318,301.29327037131236
1823.72516264032,-2962.964882049207,124.40964786722398,305.15424049114836
1098.0299543274768,-2847.6690053318143,9.04735864409163,313.41726976101023
1559.7763965633437,-1467.780787370368,233.98195695271863,310.5106413052373
2702.330187336756,-1097.691930990628,5.466172392979647,307.7507287349201
1229.173203793763,-1923.0173208420215,257.90282406447415,321.54211678857604
2606.0072704742715,-2206.9767727522963,169.31507954339517,327.49063497517676
1480.8712025418222,-1626.062304646884,143.602073294187,326.48919589807485
1097.932048005378,-1383.5163814033315,127.82821160668928,313.9157725824516
1068.5207129996131,-1823.8907776146798,116.32202700190041,299.4744517941662
2805.6155804304935,-2106.4681186312564,40.12931344810061,311.287131424104
1355.1436277525827,-1324.5750681807124,92.14960926215707,299.02266388923425
2864.768383858777,-1333.3658854184746,94.03288777670859,317.17371991610145
2013.6750563389355,-1982.3918278072988,97.4670790922854,327.0778511000333
2881.3726463125467,-1464.067716780658,251.2601684170154,338.46568802542714
2620.4956395311883,-1534.6431007779106,145.49391539995446,302.07631696995793
2601.4711879246356,-2889.9100120977864,120.50001996356409,302.4800630780065
1069.0884010792342,-1763.7884233403995,123.32460785761202,308.3215156047131
2668.0347754896993,-1457.5272672189471,240.40047464635475,318.0038888540222
2031.9872203252821,-2776.7887214293023,205.26258127038892,307.69915161494885
2387.429610159773,-2746.4313680610267,81.92139368473981,323.20658634880454
2706.1137715186524,-1410.98245057657,70.7053562892211,337.2162595847881
1934.30610992807,-1357.1223122584,-6.2040551401457815,324.7146365016918
2812.4408478832747,-1425.2470687674654,136.28829634764935,334.87782155344223
2710.4708962916516,-1358.4099099084383,4.445284093945123,316.15023158246873
1815.782922929453,-1073.2314470558142,154.69231802998848,324.8295578452496
1135.0658150321005,-1099.867754601164,229.9497216252367,312.4183425375644
1826.4101832138963,-2157.5461002899083,108.18419402404804,319.08830095579765
1679.3606855426005,-2004.9393048838515,125.39179829866902,319.3913831173286
2460.554586298368,-1203.999390144293,-0.08580473065035754,311.34047618104086
2840.2734471163117,-1231.3690024723444,50.793106705717946,317.09953113428855
2089.0811288039263,-1827.0440660158145,252.2774266634031,339.388030386742
1718.195554551445,-2857.3951482241455,90.56502685935789,296.3287560222057
2816.3889296541006,-2438.8731023514074,195.76680762682733,307.49468961301847
1897.059469579433,-2944.6444994009316,99.8116548106107,334.9098363823389
2633.756248309587,-2562.0003688380925,163.06775549565955,304.29851944403595
1558.076879532403,-2144.7832614762665,-4.646986702773271,307.55700641358897
1314.1919835216247,-1242.9984425855023,12.667153587192995,338.64864916285467
1940.6485449722613,-1531.6507990623613,243.00678085894128,300.88485107303427
1296.5041091268567,-1225.8192069491731,242.56675439116992,323.4878016437598
2552.12892192853,-1387.0449172993203,66.72461644698559,298.6436895998473
2549.23372880673,-2591.5339196920313,34.38346363757741,321.13041917012544
1965.9184150135943,-2137.3754747439616,35.66641251269361,313.44482491047035
2496.7874409926244,-2334.909381940318,248.45990935591357,323.07165394956246
1555.4897466757823,-2752.906002221235,-12.863309007593191,327.2086072556285
1882.0379563150473,-1649.0553837991247,-10.621437350938399,297.5490129978837
2314.418944202168,-1382.7513061250352,169.37394233257967,314.1155885311598
1134.1409714332015,-2103.7212284208786,1.1561593601142803,314.6528955542111
1765.7326547244493,-1336.76220899047,193.34117709049895,334.58255211611345
1123.5144230684282,-2348.585467190232,127.2697482453689,319.45345294722836
2402.908569317431,-1595.059508864732,-5.998131778350588,309.53491268346676
2984.9745611332546,-1077.271481579985,71.35033060293367,312.0230521943482
1674.5193963381435,-1278.9188731578947,249.50812367438118,301.4401774411675
1921.1517481680007,-2878.004499736488,122.82774699497767,323.00396522609407
2973.2385421067897,-1154.6166243172238,198.05981781927792,326.3871850085175
1449.585041616724,-1323.3942141213975,-0.8936509792038514,311.55709164096425
1024.4931684149824,-2365.108994755921,189.48222695266546,319.2429658721044
1577.4611849477183,-1636.6194487329512,39.45508537957836,311.51912396315583
2085.6807621041007,-1371.3202570454978,218.5680953466518,335.6197666858323
1134.5982139560256,-1393.6248346993575,231.58488295791636,314.40376121911083
1388.5536989739412,-2352.129096192236,57.37200140594844,323.5087487525148
2833.258567053508,-2596.8787046863563,207.63017005213703,338.0433001732313
2472.137317985409,-2071.2588458056903,155.14352928460065,321.4069870395859
1638.4526388058925,-1223.9685009511873,156.55271685093817,333.93073488361466
1785.2764160157094,-1780.7447638461965,141.448326669093,307.06160703533294
2754.476968364005,-2419.853438478332,192.27054231861212,326.12329439533386
1164.3673244927556,-2036.2743676300338,4.895880023055199,303.35363129869404
2396.7916351071003,-2822.021267625621,86.13932791745152,320.2541945970604
2442.171588574313,-1841.3167905371624,163.31776955945665,309.8493749420602
1337.344635898234,-2260.300917947615,57.39056975499237,307.8210050537793
2506.4820548559214,-2745.868902538511,88.96937868393921,323.2913631998976
1315.7555475366776,-2284.7161103256653,139.94724430479482,323.7482414735144
1948.8687933313338,-2438.5186337006835,226.37242545003448,337.2419647718449
2147.822208793824,-2689.7159395915432,176.29724390272725,333.394255871123
2681.1371569053404,-2106.215991012914,65.66297269307192,323.02112996480344
2775.512284107721,-2615.1265219180505,230.9901744462198,313.0639453515754
1481.006567515885,-2302.8111076496366,5.238180257471409,311.04541672949057
1418.7826403409967,-2484.9042982152823,110.91452958792411,310.5473001893035
1506.4430336337145,-2776.535454842624,226.08570334809502,326.2914519143539
2333.930041816595,-1706.1762161879587,150.58672638111653,335.14636852107424
1381.6987908501192,-1342.6195683082628,-0.019436111903520015,315.03484808661784
2459.748336498819,-1325.709303050994,224.88742904022322,308.58615577967817
1735.8857736896232,-1555.9875678362944,136.3591444033514,332.2346828009572
1928.247995542764,-2178.4362449201567,6.421557633921751,319.7358871940897
1776.0280022320135,-1481.5626581607507,25.11156469901031,310.5203975576179
2845.87052655392,-2916.550853361903,208.55494665043727,330.35627772857
2202.383237538841,-1389.851554078091,77.62836787252324,308.06548999741744
2533.30685595603,-1828.8505937294942,110.93568286897896,299.3810325518498
2020.968257115328,-1573.1441874744983,91.14136033297153,339.04543109217354
2038.2580194125055,-2539.4063100336,136.7872409075133,321.40466876665283
2258.597824296098,-1375.8385338109813,130.8251568188905,317.4496513266183
1741.3733943496204,-2285.874748542352,6.722336757048456,300.7912755113872
1268.5341436467831,-2289.1138391096138,145.67339174508987,315.78422784761744
1872.3359242759464,-1149.253826769763,92.60301461042938,315.33220947189136
2384.6899956375273,-1462.1280833564608,100.1141639356902,339.1939360721758
2376.548508421157,-2654.484306942235,257.51560271745615,334.9540782735125
1287.0477550980222,-2824.427382622025,68.30898606583904,335.47980096770544
2994.6773920536334,-1506.4208600407856,101.25001971262284,299.39338599301874
1603.9979425787774,-2788.1521847457393,23.77012448905061,325.12134066957304
1279.1643465949105,-1430.43476510304,84.0759377426026,322.9680620007056
2319.3060274347554,-1587.8726290456518,209.6957953868433,315.85619563657684
2800.7916913878225,-1283.7184898004168,126.17692617509681,312.40995247307677
2206.947514119697,-2747.940253127049,15.681258128484,305.9181896098052
1186.571183267858,-2899.448640124511,226.76963669534356,326.3413336935243
2181.7538805152735,-1775.3212529222396,68.11767670597779,325.3740302426669
2686.1633212601346,-2775.8592823737736,20.91354171507826,338.55025809461574
1132.0942115373418,-1797.8306072567746,150.2980807162862,303.7937396311985
2605.1644595658245,-1597.4347012858082,24.484720168043346,323.488743708074
1032.4938415493798,-1371.094517864407,117.09415622589117,335.2987882790029
1896.8918601620567,-1972.945423880444,92.63418927595373,330.55104810584544
2828.320925871255,-2125.429543224672,4.290374465700268,311.7369856330506
1748.2804471952395,-2452.4029391856807,46.23260326921297,299.4368466543163
2297.2989309619666,-1565.543633729731,131.56700014138096,295.8208065183336
1396.7215724540372,-1260.3568658631423,122.02095619400566,334.012499601378
2856.9881222422173,-1725.3527241691627,47.101801307674236,297.86318680576414
1219.586787685251,-1825.7737846233772,98.30507356338569,319.71758456732186
1091.6456320754621,-1596.1493860537237,0.8522430295242103,332.64972932040297
1670.137765181107,-1612.035758424578,96.08665901150137,303.57307662217204
2316.68765351155,-2767.4469787306307,27.3319819413899,327.36719570190377
1039.6602370116443,-2935.7721565822067,62.4319215919875,305.4155026155309
2259.1993932836326,-2238.6270134542547,250.96505497931605,297.17956054907626
1264.465903328362,-1234.08135447692,165.8931570943796,298.9749531841188
1197.3544294972603,-1330.552462305437,190.66874751489541,295.62061201671395
2231.7420532815736,-1238.9335117664111,142.2823588027534,314.2320277244053
2111.9825160328064,-2678.850194440164,26.101199588853106,330.4847433960473
2357.310658608596,-1050.923025471694,215.7227032465605,323.790277465866
1816.534335040148,-2914.415951154274,62.914518835985234,323.7074260827925
1886.2213971950696,-2840.5197807239438,125.6445845837057,323.4128697991688
1248.8549188421625,-2187.0187606755353,137.04394025185044,327.6592148245681
2540.469473132396,-1942.9917038073995,39.2350384532662,338.2131795340367
1459.171597538,-2105.749623088599,157.83815090606745,329.67845913597483
2808.22245258862,-1219.7995830280458,123.30778204190514,322.20588044799985
1311.733575346769,-2181.23737570405,59.30537511240939,324.8788428909179
2999.441360327466,-1957.8981235902093,160.00754668073898,308.3869746248806
2795.66894155779,-2314.3887304270193,224.9155282986161,322.24240231170046
2776.3883538841246,-2911.265488292194,212.67646254721564,327.1900580481781
1970.589931461439,-1908.0776392464045,106.12404825793193,331.678677794443
1981.814198495403,-2457.048949130574,52.726045974331214,317.8358548865146
1791.9519202252864,-1521.155860549951,233.68151392371786,332.97657010083435
1164.9709723368182,-2529.927078757735,158.42043931745349,309.25164494602063
1665.6172864386203,-2946.2261342824304,243.39114601429446,330.36890969086625
1827.9101164980461,-1466.5969110832013,68.89747866148878,316.29626132357095
1155.6695137755496,-1304.2644538590632,140.91118192798854,329.47206405386623
2291.3386971859973,-1658.1416733117587,242.20507840976768,335.83403174637556
1257.6883759116954,-2085.500675991748,48.991270190318254,302.9676475591503
1329.1246363566936,-1814.8829067375657,41.43092679037138,315.2828284729936
1294.106075463828,-1839.7643351231297,123.45544001725278,298.1650960679698
1872.503156206725,-2075.5685738452444,125.42537387727839,323.9708637520441
2464.0904593062387,-2141.7176527257725,244.4283962292704,328.87468420124634
1269.015663436453,-2428.5796186079538,238.6991692679153,331.7710356648108
2980.45897187228,-1367.5036787337278,5.353583278215936,337.60002516407724
2608.6688293483603,-2974.902344419184,128.31434540029156,319.09504686213927
1591.1307828743625,-1987.6780739659366,205.8781325382716,319.82421205483496
2591.1081373311013,-2504.03423852575,255.13967705743818,300.2341333800895
2898.4899253399635,-2567.667151954615,158.77548997240584,315.4109484014652
2265.3924483458686,-1994.4666204428427,74.86952054582241,317.3713162404706
2088.4411516984273,-1113.1344200353233,-7.871679935483467,297.7934870759501
1706.2799274680633,-1229.3628891599694,151.2053563443058,314.9358784009566
2395.9456521252655,-2003.8863212569315,164.70389610024185,300.61014493892833
2314.1411988761843,-2936.0949274037225,-5.2806942772042795,319.9177230934425
2533.5279011571965,-2832.5272949317205,152.88501094635743,303.00163123588453
2610.380770836311,-1758.285180478448,184.8166821443995,326.5434939373536
2436.7842395805046,-2391.160940173163,84.41316887228206,308.6842047307556
1545.7379661938803,-2538.6561651152256,156.47497963102515,312.3060012420162
2285.6748675492636,-2138.44786754544,115.58606940948894,310.09977051797915
1255.2850458249172,-1206.9897689000354,173.79803368613383,312.9421837292851
1500.6107173349317,-1948.018752447126,124.76373095104557,339.0647800183899
1126.1843856866967,-1332.007029501579,209.70550799760596,318.52194944402845
2307.4048174978534,-2519.0314261811886,64.1168701580812,339.87994925647195
2180.6656659730324,-2744.4395954739653,-0.817518356980802,329.35493937892807
2107.7028272594375,-2621.333382564818,215.60357723582717,319.6511570395926
1732.466914166208,-2827.9867405595724,186.05278871662694,318.86830416613725
2315.85970689872,-1561.4064462781018,80.46548810809477,312.46478033643643
1025.400784680959,-1291.692742384648,150.52037841791466,310.7821782152981
1533.675300811899,-1061.4465013873166,159.34493973757304,300.87895199530493
2235.175059219998,-2414.2439920977076,-8.060689266688826,330.43594693012415
1391.9108216241482,-2207.4537032766757,139.43050675397694,316.5304472007468
2470.3989062283417,-2782.893332845486,179.23891224349308,299.5499273887669
2300.939380188841,-2025.267756087401,201.22517217065348,325.22842934083496
1156.5564739374568,-1404.3793301877622,63.93444845149884,330.0347699779029
2022.6185958839003,-1390.500899720776,31.875510729434467,314.9241245601902
2712.827067664646,-1209.2909347748973,172.2936669942218,339.27681712537634
1391.0735746373302,-1511.7023581032233,119.17225606845858,306.8711377309626
1194.100835612145,-1836.801554334557,163.9902759607978,337.0579461943998
1727.7270106168864,-1841.189381581764,94.19944975130066,314.7815794253086
2026.4249715908202,-2223.222991265055,143.56302006240392,310.1495490359048
2117.830820872131,-1920.0053540869535,31.824076575193835,295.00492318459715
2439.7365946556,-2053.416425302532,211.22647250687393,338.6927366060257
1218.6156976278255,-2885.961441094362,84.15910045474487,301.9975652669622
2388.315303113004,-2704.1938432967263,251.1111743394908,323.9348966901708
1558.5029850214446,-2003.736698118385,199.25382289991097,302.99153100165205
2418.895203653504,-1969.8746016114394,194.6612835980262,312.4669353315213
1236.4165264448384,-1504.3640344627277,36.46965306434816,311.49902737800033
1987.2029708129699,-2327.6232102033173,247.93888402644995,315.4696138574425
2010.942537777888,-1222.0867342147021,178.41329455193755,314.2508332145281
2270.270468402304,-2996.775022022027,163.34452066302305,302.9754707320108
1178.0338212820773,-2023.9162787979094,154.44751390194887,323.90563059967343
1371.1198433210793,-1280.43123519001,177.6366158064268,331.13971272372527
1639.6140591716135,-1885.83819334142,76.29988544644448,332.78315612361615
1871.6168859292095,-1342.6052973688513,49.00854609637534,308.51579531693824
2987.351426773077,-2070.7155098179655,117.35680486632663,312.7376867274448
1907.6074184756408,-1844.4114801020885,243.77768590215743,306.6966856641721
1763.1032865900222,-2899.885203868186,130.67209324906503,305.958708369344
1670.802853224593,-2253.134214701552,2.8476726887946064,305.74779076723877
2204.061856380119,-1808.2638330347077,250.49540420731415,308.4997112342078
1886.3891290162298,-1868.4249962627607,82.93329136588537,307.8410933013962
2078.6565804331985,-2877.469331959724,104.14195847441404,314.79677119070743
1227.132783801388,-2653.3304821292195,-0.5159216755099365,337.29126331615487
2571.4270651032966,-1735.6101225481116,167.62158710875323,316.1466310826304
2982.241777420816,-2631.3841474919514,235.16748043947553,307.88600699579524
1510.6103589158631,-2585.61451099279,203.96648052416788,300.7460670275985
2274.6207087098364,-1678.5923335935158,250.23974285402318,324.485499825867
2062.5378996884765,-2514.9360006504244,102.29496497186155,325.6293877043617
2670.5564321525403,-2238.5228634430896,34.207239372851305,336.0483631134255
1091.3031681138848,-2818.4550633420727,92.70645931172471,300.19896091615266
2223.445901840062,-1633.9658348843382,36.119179951252626,295.2246717296282
2890.0860636693496,-2066.377033444078,204.79586944819778,315.0719770930602
1932.5510897102004,-2761.7905864453737,-9.376569654688762,326.3848819741315
2511.7554054569487,-1212.775945370133,42.51786960584738,312.8296594317963
1748.16120304267,-2781.65463015276,38.64731307859171,312.867265879501
2551.6164828913625,-1213.7864366635501,254.59595896394774,317.7402774924916
1716.8185425497668,-2785.50086214541,205.27763044972778,337.0355550826183
2096.824549878907,-1943.6551007817875,224.22355439354936,314.7440438826952
2705.8324234090655,-2542.411041262989,106.74331986243706,311.6556954656769
2623.9620703300275,-1723.843663621751,-1.8307638062621514,307.4263908460823
1017.6077644353323,-2864.435633888181,-0.3804179469657232,313.37060045360414
2694.551313858022,-2089.010841521208,154.35581726947262,302.07552452197416
1153.6457440654565,-2229.2511419667867,186.40209206842445,316.2098731071359
2756.189910074114,-1020.3911110157042,26.707871579302754,298.30251557176985
1837.0123325452446,-2013.8098411807846,208.92141510894388,308.04738806099186
1697.8755175073825,-2503.95363941063,212.73021650681432,300.63118799442105
2476.407391107027,-2309.9860759916937,231.21787764250485,323.8023078393374
2698.0864002219805,-1740.619824121721,235.48427310312246,314.96631182474425
2199.258119330383,-1371.1311686387992,242.52765396774856,300.7493735397923
2398.4100969302744,-1407.1450928586908,89.46186880326631,297.32178731702965
1406.1218659052029,-1450.0148169794854,44.68389335806142,308.6828582572546
2437.511581154382,-1556.5222379082095,184.27001170514762,325.00378972877706
2524.339432904516,-2227.4822607665474,61.82256516725866,330.2633858714782
2155.772769425041,-2532.831034549287,14.18036531988794,336.3102312186443
2641.6685329353822,-2644.13465185528,193.9879501816673,323.016840620909
1613.695691128723,-1022.6031575627312,258.27574045170525,308.61276123090204
2143.3372466108704,-1112.7336323830593,2.98285154143284,324.6529990178028
1741.6448059252054,-1023.5120053359162,156.8053283576997,320.68117496057494
1508.100020248243,-2272.3861978312334,110.44720717946886,327.8322389447396
2595.306313981294,-1541.3231268235334,157.3119360447801,321.1642609158536
2808.2197888890896,-1871.5519710090914,254.39973680742042,315.4626297495183
1117.0633745680225,-2264.2156806322855,199.94618589644074,323.75805574359737
2026.8117244933944,-1357.3307487665222,25.219273536903565,313.42892330814976
1882.9921944138453,-1569.159104763093,221.07014937719396,296.67235979508285
1677.8748081554563,-1589.9718284845364,212.04921174766613,297.8271139639169
1305.4858119617093,-1987.4450835846333,10.204878681012733,333.9316644217228
2827.7047983722327,-2260.2171384188537,42.400561586473565,305.2326718512179
2414.9330945795414,-2855.4937273464166,88.02654279148253,321.3375593764301
1529.2320761343794,-1874.2838409725255,198.0558044585429,322.11008080395817
2360.5509009773023,-1992.4670222551522,171.02672630485046,339.92241574494693
2218.4108157224427,-2372.3351544046964,165.50744084642938,335.08122497226475
2373.3762715550347,-1913.7276156301878,204.07446875279015,336.3738687343682
1497.570042264003,-2475.679222608185,90.41168376343263,336.7338149098196
1419.0847039244265,-1996.2299356565495,29.119896332704585,310.456769231688
1273.5677546283237,-2915.891913617464,58.21962902309373,331.40598547346775
2677.077520454027,-1181.8750225660237,259.51908618456764,323.87767153417644
1354.8770557112503,-2238.807558639214,182.85652055758234,328.78682823427596
1862.2993510252193,-1422.9024395164158,204.06007835871958,316.1283719385643
2857.528022408615,-1488.7059202140767,-3.5555053399492227,302.4615821542652
1964.2615248764573,-1040.8093930906682,215.8982768726902,307.84667784985885
1105.7316798681677,-1259.8671630602496,79.63011707655609,330.17647269958155
1804.5483833335177,-2986.6126563743333,228.11385282495218,331.12804221582184
1011.8955229241922,-1880.8001894946342,223.3480633410696,329.474484938186
1772.5195544734474,-1602.4713443822359,201.24604236747146,297.3546984245891
1111.9373899202228,-1396.2392247569633,243.19682415902832,318.540515173753
1436.2831270436766,-1841.754242449354,145.46107745681434,337.8058310071187
2068.5715478771954,-2653.4164666822207,103.30301179895213,314.0303958681588
1712.6744480286434,-1397.4836268625422,11.606669110950932,333.15730134446346
2211.2388807062002,-2194.91568832522,198.17829592024222,329.9355958158293
2034.9129026859987,-1612.4877965568146,198.2462411659713,333.389476618151
2130.1574027351244,-2160.638332995455,68.78579090576669,323.57814368681204
1880.4140677707542,-2308.045584533444,51.49718936383506,297.36030157016154
2687.8401000883423,-2242.070940761468,92.2625069892733,301.51950631108247
2312.099321578524,-2232.002144094914,258.11397494268044,325.96658706212986
1329.5826997674726,-2799.122824507668,112.90319793723631,316.0231581346696
2897.975262516561,-2156.821429525937,60.80501708334765,310.2296349629977
2681.657917905006,-1107.7371274916388,61.50307339150109,333.5607450673947
2135.220286271835,-1660.2721401047727,179.81377319252906,305.23596189427013
1136.426421573491,-2536.250053493529,13.661276038516597,312.8076690237289
2214.857820420336,-2816.214429771442,207.03541785640908,312.40326997653676
2105.022746583183,-2556.5555660964255,116.82601949231031,320.76615359201395
1067.7350749450652,-2993.6217050159526,241.4255622080314,337.73396382934743
2245.8160688246444,-1101.0583541031306,27.88870156939634,322.6643541098513
2915.7925498828304,-1792.042666146659,62.01380147072075,335.03357579293606
2401.515294604605,-1185.9571378091223,112.00899946208588,312.6406015225867
1291.4070979506855,-1067.398297930808,48.5883516001852,338.8964294215325
2046.8484127908193,-1600.187636448812,20.086202312021015,324.434146748827
1086.6383789314757,-1292.856838124536,-9.427728555058183,310.24158748416613
1183.669024567859,-2039.0450913706982,138.107323663068,309.24802850134324
1875.7366213346436,-2584.6046400275713,178.27135373730712,305.66355995798745
2579.852884544649,-2880.2982441328613,253.9068082568199,324.4395952057419
2185.936114182942,-2471.528950066984,238.45782652749963,338.4662600744378
1931.436857754732,-1329.203204434194,114.79293598626714,330.9069489069728
2114.636660571553,-2518.061778846919,28.718794085165158,312.9351175450476
2200.562653444794,-1564.021491574957,27.706844554201986,310.82632847547785
1285.2059835199937,-1034.911308523708,193.38920402278325,339.21754709749104
2363.993924156403,-1229.4291595892116,149.53847005133568,314.86127421848187
2278.7555920964223,-2778.084553966637,87.50462300379864,332.0036834184956
2262.6108843542274,-2031.3806611024859,107.05310052833319,331.72594013681834
2762.5035042234276,-1630.5608495675892,196.4914286044054,335.48626886792704
1057.3487569156678,-2120.7685157768783,106.63420205807908,335.56296932757743
1442.080829549604,-1514.6580890962307,172.90330198832552,308.84057539001225
2712.6701070311656,-1626.495044755911,29.828002475674516,315.37591042538105
2613.1288718542355,-1740.6879057349477,129.75312594955034,306.82694219455493
2416.6910063078467,-1902.781645850155,103.41685313736295,313.02338304442634
2045.5855897223266,-1088.0978789837366,230.20618217378822,319.4176123437782
2954.4944586401816,-2607.3920378471144,72.32092155281224,322.37955938183046
2302.655909675648,-1616.0129415437107,225.247952362994,310.50251331523594
1711.1193356704275,-1054.4905749895531,84.80142529502497,296.48931411171316
2119.4069125720343,-1683.0977137991697,24.49570884519391,332.1450102655908
1110.7868603501952,-2256.376860132509,158.90404477621027,320.5617801744486
2294.932924615135,-1508.3747872845631,55.24648537353421,301.00985607938077
2517.688668489287,-1859.0904935217177,89.66666236860961,304.9676651267985
2819.065883132692,-1302.7115451055233,167.96165901948208,328.49819497811797
2884.0863033724854,-1040.3513931270463,13.980829922594666,313.0287486060224
2520.9189620890184,-1917.307610764619,177.04976324159742,318.2956949189034
2632.950347014426,-2134.109496296267,197.1460536333164,314.803075396915
1550.1121751248975,-2445.3681206585507,126.0517034659253,308.7083285373656
1141.5254778247925,-1494.835227382386,235.3399415989064,336.8629967406003
2147.878822620869,-1397.5556265897794,235.32762385775558,335.9347702125074
2728.8303321628746,-2316.0687433451562,103.19244454797943,300.1913642750298
1336.6231049141225,-1244.1529021874237,155.3826043160933,317.3470745204582
2261.885060992198,-2401.113602407411,101.48786497612356,338.3053843257548
2984.7948556529327,-1989.098861816672,100.46480854032569,320.6443132933526
2701.151536784929,-1771.634998651425,-6.761770511575175,329.92705308255717
2478.504962618634,-2696.2416844278173,167.6064132154732,338.4900175042078
1790.5046665937696,-2015.2766268178407,82.75503030674007,321.65786646504665
1434.1310190224822,-2665.9086935529017,11.92333804170708,331.6937714457932
2537.2436516362654,-1640.108958173296,52.363687446209426,295.42215971030345
1363.1228953411617,-2092.4811085263404,179.916005223194,331.3361563546454
2503.544950246773,-1388.7183498114666,234.75827252661878,305.29555924693364
2583.4866024053863,-2882.3381321398174,93.410172182442,330.2607015833344
2297.397037456582,-2178.924322747749,14.807595007135358,309.90684927448046
1436.9474908551474,-2824.8719798498223,175.44778570907468,302.8399860913334
2848.1641593841277,-2661.7189095301665,22.453927208838245,331.198813928572
2162.2876733236917,-1109.3058698137536,-4.571284358500186,315.7046596913228
2425.5985962887717,-2873.745253408343,11.701256627479847,307.85858511209466
1722.7259948043102,-2082.4438744070685,26.866352891293367,308.586727750204
2450.4246908341147,-2409.602887123634,202.4722845441468,322.01062889325334
2610.6290020877195,-1756.4998432334398,218.62776166490744,318.2149196079178
1860.2247340076729,-2108.4554136117717,128.29685644582165,328.60472805618093
2855.432458041711,-2084.3510253766312,254.93185157776094,296.89338411106445
2935.9294712742253,-1566.8562252540935,139.21578695933823,313.99892342514016
2639.2286455661324,-2009.2441043237582,144.37692407697966,299.5267672016082
1839.178623736433,-1135.0830431467298,207.58167915589488,336.9110858555838
1459.0545603518083,-2292.5132187900126,93.41520754007952,332.4164359135156
1790.1213143779528,-1821.8104937202602,119.04141172172422,309.7331524831875
1265.9240419353928,-2432.339353876208,130.2219386883137,315.434289786394
1081.7359896502858,-1776.3410474494258,85.12280811035639,332.51091668810966
2437.435459796543,-1990.549114486094,196.0616309459181,316.1542047199973
1590.5243442381366,-1945.8871185651628,152.5988309280415,295.80022806854936
1326.8128331317482,-1727.181188788355,162.95831075301706,304.79663755408103
1449.9756733139322,-2514.249142409033,259.698093206743,333.0391701124038
1670.1121415787843,-1703.6743411672755,214.45138246510945,302.72135837438066
2374.308822233317,-2905.7489978672565,76.6356783856399,338.1988407156083
1136.9315402494612,-2987.185226214098,172.2708061686842,297.17728946301196
2262.7933902321643,-1086.7829779177846,132.95955126469474,330.6006008411951
1208.4528081999915,-1503.7674362183789,123.43186297601994,332.3327099285848
2146.469874664949,-1075.8179128400552,143.2750066072479,308.04858364804403
1515.1170403969807,-2002.9718831425575,43.4791988930266,332.0113791206544
1038.8017179631227,-1152.3917739643489,107.6425425791299,301.97511964381715
2455.0784474113757,-1693.7324215276844,197.55932684728668,324.95959400611616
2817.696821119055,-1486.152486337429,142.24145171562483,332.73363412617476
1049.3582314650787,-2878.535534292684,124.38887589345958,335.5383652631366
2380.5086119723665,-2650.2920733330084,144.40561997154137,328.52212899215505
1430.9092425610643,-2121.361768823187,10.392631923197744,304.8579232126922
2499.1138809862127,-2645.037225957897,208.81945834480493,333.17682593881324
1466.4448176242333,-2039.619066414551,196.11891965854295,336.52822190310457
1320.8511846283527,-1913.990889179502,223.3277713358396,317.59544882913156
1659.792492318637,-1211.9674183325108,202.65659660466793,316.1644189771422
1554.4719617203928,-2286.354038690738,13.472203768058687,318.9159650150681
1941.9966647239698,-1624.2738848205065,214.30737421697162,299.57687792021005
1819.1791815382326,-1224.3404068567256,55.84384784569967,305.3951205066935
2014.465256110379,-1749.7652535887773,225.86432119725532,296.3920712439069
2107.703119098699,-2085.9131171203617,167.31441299686261,295.80903633094505
2556.2473935168073,-2105.813141520094,42.63882588874043,311.9239283808631
2141.216206296999,-1574.144087224142,250.93403069992047,326.3133302212253
2232.8420405837287,-2949.733971041288,103.71222714444987,326.23891508245254
2437.4582238235907,-2353.545011393957,60.292133672362795,304.6548270250607
1284.409403139931,-2706.315557903071,251.19463187132288,317.34182008254766
1080.5005109854858,-1580.2472302312274,160.414654103362,318.9337851854373
2052.746859828916,-2373.1389127609336,-7.1346510649029895,333.0931250477488
1242.169371521725,-2752.404222274067,150.68833623369053,313.9114843330888
2647.8237242748646,-1274.2371402556014,195.85845991512198,327.8678294179287
1562.9658129623167,-2430.47286776946,19.920955245862032,336.14210861119034
1280.8165677401794,-1807.8541991372151,192.0325168219724,313.8797221020399
1510.8930309450184,-2621.725009113768,251.9840148715004,332.7899985232582
2471.0196201679605,-1713.2160770941125,236.31121612773993,304.58570861184285
2635.4573587591312,-1976.1251930623625,65.19542725812418,303.5967561306274
2284.3419838216178,-1849.4478175295858,176.07802471685102,330.45072488284245
2895.759738645602,-2434.973605922443,259.8876804416579,297.40820451703894
1311.279702961562,-1152.2593200506535,6.638423167180331,301.35579361702946
2327.75699107763,-1476.3521537670595,245.42733563690473,325.54372679051164
1645.063735908309,-2095.9613005572,131.46264782398492,324.0088947541355
1647.3078359871167,-2593.2152066692706,182.3604069606782,332.6278189836674
2370.3662133163793,-2521.283933273591,224.39087896333857,308.2073197378669
1410.6356714634517,-1323.9820225841402,14.806644291703062,304.3408870401291
2260.4987930821912,-1174.4210548025474,43.01403118046536,336.31093782330777
1056.200992398518,-1778.690354979003,12.886757091355275,301.2672057977421
1960.6794875742203,-1274.3038905048047,65.45965404763852,300.19651686766196
2243.0662320138886,-1999.4756145370543,153.2105527382242,296.4118523359926
2808.290707813354,-2684.1434220391784,51.36143349424668,302.09733526722584
1034.0178669651402,-2480.914853513144,-0.3754721537927779,321.0307151267493
1434.5672723370903,-1320.7969811454902,89.61656497523155,322.6153777372326
1217.3954128998705,-2476.1077790043573,4.891417666564763,307.1140470623803
2665.0685612600537,-2079.6774416398334,21.83701643204079,298.1463871448189
1719.6791789174817,-2467.027296762598,217.05302388539457,317.29381428402655
1231.1327269043957,-2410.8631291345864,-0.9563845142088194,309.986200123352
1682.0258065795,-2513.217658915719,221.7204539253542,300.4414089831877
1452.694744032032,-1958.6469309205181,3.7538904567197307,307.7095796888584
1974.1141034786692,-1721.4518114453083,121.95659367686187,316.8918277254329
2570.3328465463337,-2490.108739372689,69.15964653836659,320.3585252652923
2784.6114435697714,-1471.647319292371,149.0368709280279,318.35243041531925
1144.8429358799851,-2541.587902118348,12.54864538874845,318.54279412040427
2624.3220615060864,-2332.8520880930446,5.733595514434295,310.6501727548835
2384.7292454311973,-2493.3066017740125,102.80302683479596,320.26548398470345
2694.974852971167,-1574.9031156186236,71.22254516695466,323.8147572721401
2640.6835580048732,-2426.514617097844,19.853559191035146,338.153179271296
1265.7549785300366,-1007.2052696547428,203.16659593656811,300.10290006667583
2744.788002411641,-1299.4104886762589,248.59084722944567,320.209241542067
2743.2351908093115,-1163.1931757131626,74.5782086806112,333.24494536551776
2955.579085805295,-2843.138573187886,145.98484449141466,299.7990260967185
2544.2386913129185,-1203.362098869151,100.51526346532266,304.268768736753
2702.014105678056,-2078.0455809564573,212.4531430703027,323.56603438642156
1717.8143914413,-2070.6029223402525,46.71957995834027,301.05918648405316
2951.8998126945035,-1396.2460182687194,33.647859698493605,336.6807478929041
1599.1900128889438,-2713.7539845165093,23.30687754191233,328.5227044888745
2871.453868327787,-1462.1856211814613,162.73516157434165,321.36631925754017
2468.4773632998704,-1562.9133552832675,228.0304085782558,328.8106200424055
1581.0362258368573,-2896.3903810986044,165.0047485831866,299.6820005705727
2551.317888793402,-1785.5926672970136,8.383554082992458,313.57808423065
2997.891364648044,-2776.8302584914145,202.39971682494533,316.1738685600585
1323.8565242082946,-1691.908248381324,235.39015636247603,300.14093518880503
1600.559695438507,-1553.9490126441638,-13.448320582741214,317.39652748024764
2955.7387366173252,-2723.3269505259,-9.720332626169718,311.2447160508491
1579.2250419052466,-1775.249255832989,226.8590437275376,331.9715430380527
2769.813915096659,-2721.0563014080903,16.555584231375967,295.78390424314813
1952.0875322260647,-2204.4774225463134,93.1062263322627,322.62219221596945
1523.7879492018546,-2754.71869361645,64.79269611993683,315.9919791547486
2440.947542614675,-2397.672155940425,215.18964033782058,322.90501398993166
2709.8865689226845,-2104.0239285522416,126.00852638801402,308.1138246689513
1740.0785987446693,-1886.3316300208503,177.6541217794162,312.631499294562
2580.5497975569187,-2194.1533855591365,162.4643484000522,324.398689434291
1099.046116623829,-2300.6052604408883,43.0102621010031,313.3337028982697
2619.8424379480257,-1476.945735184099,216.69640231107365,304.2077737672862
1413.655306016861,-2130.984006752756,67.6389293901354,300.8766551078489
2314.3747741396555,-2605.8737984818713,106.56105252946308,308.70636740393815
1142.7117091056489,-2360.1708381519065,153.2413672024841,334.9712355599094
2280.705891029281,-1538.8488197863846,176.3104057766642,306.21511359377024
1105.3255057714418,-1276.990404196637,102.62116142621869,298.4354659885339
1417.6451902283206,-2984.0926026176576,134.7135424939925,321.32790491858543
1358.577774486137,-2730.311617443462,25.049651283023294,310.8697971892564
1427.3766678631252,-2495.47961454217,187.1837038816331,310.5718303642305
2407.8170837032603,-1368.231895113884,98.01285699420033,309.5930479685852
1686.1512888245088,-2525.069398147243,52.956118852237,338.64074143980827
1101.4829584243748,-1968.6375317360396,60.289792980825425,300.0548819854805
1298.0518059822764,-2063.2040061675416,199.75262125109654,304.5628595866178
2216.946254257042,-2400.361114601803,-5.601007327713322,306.4959204520431
1577.8482213970813,-1979.3898319464474,237.25859521678123,308.79300514899893
2306.216379091712,-2169.555140786387,167.00185050312137,338.4448588380568
1914.1390097961967,-2251.01038237823,234.17727008075374,309.0218879951415
1450.7550713373125,-1803.8099893812284,234.76944647954804,339.41683592729675
1451.1537280760533,-2364.040471110895,121.28846401899929,297.3437587399037
1127.1427180681624,-1452.8966991440334,198.84622140876084,335.89623462290234
1623.9768293969746,-2465.4202906831997,251.79666940517154,314.69146603897156
1158.1893367174976,-1619.3453660383427,169.19238482958383,339.95178648413577
2371.1546204767446,-1525.2280453964809,251.0468930721231,304.70432960255806
1694.4774768210555,-2092.0854954812826,64.29039578592203,327.46791581558466
2892.1450335333393,-1694.6307833772114,53.560761796679344,319.3223575403568
1976.5853226092495,-2296.7014363582666,147.0314686302831,317.9349032969933
1115.5639062992352,-1833.9601126326484,53.66446512405861,303.2442055777274
1816.6834017662725,-2685.7910343748727,196.15053589116368,295.1899036292794
2110.3079852393107,-2067.113254893947,190.14904160155066,328.808592416421
2503.9012474773613,-2854.219132140285,142.77133098754717,338.6530473492613
2322.051790917749,-1529.541278795606,187.49618759257297,300.6776706041535
2593.5710694952486,-2112.710726426953,187.22668420794713,309.647883792363
2299.272396331684,-2189.8175133907143,185.25360925724195,330.0335786103797
1127.2622061974025,-2136.114799310668,20.424495870669823,330.6443211258004
1574.274456116591,-1679.4838872452792,26.26876309886415,339.4596427100498
1400.4697483775276,-2024.3253884800806,125.22833040851708,318.15884663708374
2660.9295102512697,-2865.657529249508,110.74325957583905,321.39309658548035
1487.7571466714562,-1006.4897110014231,220.70732202376172,307.75110170099396
1487.6708451452691,-1211.6223721800577,257.3129011708767,329.55138923601555
2242.7280148181317,-2621.2623072810416,185.90196109312862,336.5679125710226
2106.5122555463295,-1162.2033395589103,-14.588809778501119,315.1875579886908
2928.8296418855393,-1493.9124404535276,57.62042124480152,326.0287615933763
2994.535259742781,-1553.2073640603962,50.97303448230868,320.501716440947
2069.3331984580445,-1935.7241906861095,226.91609973925145,335.30248159184924
2594.415050778528,-1327.900153332627,135.54305485281193,339.4848938876621
1900.077832422746,-1786.3880277625344,232.8656365626307,320.94965508901504
2734.783637655198,-1748.9497494272614,52.89110552008111,312.0738373361143
1542.3219441871927,-2561.2105553743277,241.26358220873834,315.33183111855277
2802.3524478942372,-2751.4255207079655,62.05236163250969,334.83892575113117
2432.7704307818067,-1383.64657383046,11.321796845271951,302.6809619420432
1409.7233464667509,-2119.325126526145,192.7423264592227,320.1360826896007
1964.8455494062619,-1406.922435397799,215.62440492606794,305.9450109559729
1066.802193107892,-2367.359422294896,37.627555820722286,327.7411540646673
2590.152866267108,-1026.537944941861,-11.701127681524424,334.40331604293806
1735.8008314366691,-1129.863798702414,137.0095132290146,319.66769964550394
2588.454032861001,-1072.6251149790462,43.831496048442474,299.3775452570858
1644.3754244110553,-2108.6624838062107,39.20236504062617,318.7479161179052
1554.0018678674646,-1838.6852442959457,239.96311675308382,336.060616745744
1310.679936659869,-1113.8024828476864,134.93639543812287,334.94189326960486
2875.8195876437785,-2519.40290619876,155.1340899408346,316.820290154078
1971.0388316848594,-2390.586258636039,156.2231994545126,302.6724090317582
1133.163164231998,-2490.3173761322773,-3.7385493934308247,331.6903688399664
2311.636854348043,-2080.7623765852422,167.3854781196711,331.41653973836
1577.0687196686345,-2876.190689724518,132.14910253930722,332.6965435420361
2225.9117372288124,-2670.3335003819975,36.72733176506753,300.6814404292567
1478.5046477735623,-2749.1598084765624,230.0817766973069,329.1596214812497
2025.0538678745806,-2331.5675325191432,116.8898027584656,307.8357251787989
1636.0714310825506,-1747.5536852488658,52.20831322059699,334.0982287218486
2492.1544787484727,-2201.4851404183814,107.94007184383048,305.4135849540953
2636.5272945238808,-2413.638652954471,93.38998961374712,328.6731101369493
1247.5761597959918,-1130.0336764616995,241.00556516115546,333.77848866591654
1266.4354386942064,-1393.3894244405626,16.817637201358128,315.3657827899224
2227.9741374622154,-2696.863815362992,243.452796830902,320.9252391699813
2934.3289788482807,-2730.5786950243787,101.50964381292096,309.6489297767614
2970.603623587843,-2815.103764463978,133.4658822814804,322.3327242506267
2568.155484928806,-1501.870885086202,152.01998374505854,296.71630873218896
1341.7236825318769,-1748.9907039831048,214.89263823575916,320.35257123710215
2501.0592921506395,-1102.9317728348046,143.03912363935476,334.95696435302375
1695.1914026419095,-1151.4451412715894,250.866894984981,296.3439408020011
1330.269061092883,-1487.2396878879388,48.137245302903125,309.2371398795225
1403.499982262968,-2253.8244270576834,170.69936056990392,312.11753045367664
1467.1133034603301,-1339.7507216348522,175.65265486874938,325.353693963836
2520.3789686501377,-2896.0569394373406,73.91189796178521,322.72849608044646
1454.9700841474532,-2339.446285902134,90.21602409258759,337.91052398810945
2368.390118894118,-2280.5194827677483,170.23117032886836,297.0634836486267
1539.2921917674066,-1263.543900461436,48.987542806223914,315.3565675341874
2087.098885808691,-1098.7533584847115,242.9442335204664,338.21668717711196
1640.0582285639698,-2711.500884043425,193.58084372828108,333.47570953365124
1932.3685537322667,-2866.776595767654,-11.364329357189582,295.5699248880393
1047.9412874552718,-2800.394171582877,167.69385646468172,321.51750475913144
2842.545528626589,-2260.1913414939413,210.0069778997153,314.50724065461367
2791.4990612254223,-2650.6736105424593,118.23843117143497,325.3487994681993
1566.986092892178,-2128.9276967147703,1.4771320893457869,301.113824473485
2452.618205830711,-2299.5424739693726,45.45125015371551,330.63601841150546
1715.8279619487912,-1599.2544412350971,180.9489112791528,335.7464457931286
2317.7386501780666,-2473.679631381495,131.4559076885995,334.4109150293437
1295.1668880192176,-1650.3495551592328,221.6047127020311,321.00956952730536
1897.8606695864664,-2483.5126260238135,158.808850937431,325.0965835910612
1256.588865683002,-2298.632196183886,69.73388725897266,311.30838665963057
1120.9916238594344,-1308.4026849900115,24.193873467756788,331.61892037899213
2034.2536262861147,-1885.1804926598427,131.65447924474825,332.88171075823027
2336.6931319549585,-1445.1135672886467,164.4419500750727,307.64865413951
1819.526431044233,-1611.9588432972694,126.64912958681481,314.3697385193921
2621.789552741172,-2862.4869532774837,179.02267170387896,303.4491939923617
1345.1193271180005,-2987.2831474167906,227.37619699582004,308.5527951808903
2457.914068132114,-1497.455427856724,13.294965491110794,314.0555108924875
2655.2172019186783,-2672.2372132433197,39.86262918683415,317.7773729788819
2773.2610841621154,-1016.1968927627577,79.04159642006337,312.51251301501344
2140.60995212729,-1510.0806726354385,125.22255317732831,311.1973363997846
1199.4109170714191,-1102.7791050836202,63.75329262033709,313.03301666359715
2073.322382635127,-1771.5859244277162,250.08589038326642,306.63427895111414
2504.4088152562344,-1187.5237612801511,158.91838315516006,316.26274873876037
2617.9687289922394,-1665.3535832977716,24.956500436924983,337.26198231716575
2874.781929797052,-1698.6004764192294,80.79742843933843,328.04621480027936
1802.2838739186832,-1813.441370543965,83.34685792089392,298.2996621648974
2466.528201608552,-2364.3788645025393,80.68339461039218,325.6821496698197
2062.267320501609,-1828.0235914542743,149.63231996291145,323.11596983686997
2547.800819513206,-1030.0241523091843,48.41679122492811,310.69665375630785
1032.3245206745573,-1949.4136075143747,126.61646764920727,321.7090791974712
1591.9572753652824,-1941.1403464020814,80.08639461043778,320.26007864773493
1313.7910996329356,-2386.6880093486675,233.1996182412381,313.4995998642445
1164.0678326142067,-2748.347930283379,154.01577335508043,315.39250599392506
1784.9130411160857,-1662.289851111999,-7.594817301268681,312.4213178618815
2924.016820681758,-1518.5450752028037,107.3301498582112,296.2055598633331
2199.8686609649526,-2520.8783045191544,16.860386886289557,318.3232345516405
2455.74807754611,-1822.542714154231,234.87528907823602,327.5428277983022
2968.724606826783,-1539.7470024019365,166.91091197058017,300.9921474795068
2563.851623995029,-2106.3339247837584,252.12022258719935,315.6074059939608
1003.1610438512948,-1660.6372125601038,120.38790089360452,295.36908468429783
2857.772729897805,-1365.81571909233,-12.646978400209203,309.2954705356902
1440.1363737940367,-2958.993440183218,168.6172417865982,303.77102586583095
2145.152370401466,-2773.1001285987704,-11.906537464112347,307.5453210946672
2250.765704638422,-2109.84784835187,1.7019373335129053,334.06133610196827
1213.419684162697,-1955.6278173703604,115.82809294119531,338.95606527250703
1465.940070385734,-2945.7587689162947,170.5977777853359,329.1798747741824
2277.259889246271,-1870.1005489000304,122.38950863246455,327.1796399004923
1326.428208639613,-1926.062894103678,173.31607754622797,326.94429655211184
1386.439855145824,-1411.839972940895,174.30809424066294,296.0997982501031
1058.0625142372335,-2446.41034787427,91.38649645238041,308.15288293380223
1548.746181082964,-1420.3732918052592,51.99080346445258,298.03165890120334
1005.8651909809224,-2614.6654008177766,190.6344415830494,311.6441931361253
2953.9110271810378,-2442.494037735129,139.76316801094137,312.45062599265333
2450.987893494072,-1107.5626426088527,104.43806786131564,299.50845506709305
1733.093452092968,-1363.8371753512924,202.69008521249472,323.52654774041014
2556.589132723403,-1981.3717041439072,38.9588989288363,307.1893418410616
2390.8182591812492,-1677.6781456322583,241.88064830170248,301.9502012083299
2583.405634614216,-2279.8159474204836,246.37876381180848,317.5613943630293
2904.1541460444278,-1270.7522224558077,96.00163722031155,326.9109461264727
2162.881380726035,-2827.4013109880766,216.47670877552667,300.5189558851229
1674.604389833969,-2516.3173561956582,60.87993172054446,319.46142082416736
2388.9582800991693,-2745.7152227996453,170.85035801786435,333.75311795996686
2201.1474116146865,-1727.203506214394,251.0225798743403,306.31405109307366
2320.0828436410784,-2839.909723903532,-3.065673715601852,329.5478955345591
1277.3175754681688,-2823.622199721024,167.29423144908426,325.58665475730845
1976.92448846479,-1957.4697488387465,186.6883765000554,305.25792219319544
1842.9093878038711,-2605.3844911764,62.534932856447696,323.4589990998782
1209.444270524498,-1914.925545469383,4.937043171012537,333.3638969791035
1169.8460097550408,-2609.5727440772043,111.16094539543984,331.4731363689841
2174.7326719539174,-2484.7736579280336,162.52592246562463,315.31136754793033
1892.5265942327956,-2241.780589548448,111.37627489648307,333.5183818367466
2397.493819602477,-1069.7191753625589,32.81649449316146,336.5282582086423
2850.0339281985143,-2126.8669421635304,67.74785663604774,310.28347423374805
1552.5558961565496,-1821.4644181481012,129.41945619844014,339.88117929311124
2724.506197666301,-1537.610216224148,68.66959022832184,299.1868737802293
1268.5646737269562,-2968.93490376039,154.00945658578834,315.1419275273653
2871.5785205474285,-1536.9117144295496,7.461233603826177,327.79452148673744
1902.9216226175852,-1255.6621317872534,-3.7644072655555583,336.35957264411905
1125.2423308039238,-1027.9797588455394,126.7812118113053,307.82682195719343
1002.2131828331411,-2859.4846979383483,224.66782284363558,316.4687828592342
1931.0415344027056,-1969.3992004318977,233.67066446569763,331.5914024974009
1988.0064059820304,-2030.979940531035,21.521195109726996,306.2813295958602
1399.9486226941747,-2854.325087366078,24.103467140142406,323.15607222693217
1088.769467824378,-2188.0676313276117,143.45909116582962,306.65606126036585
2844.8586607096013,-1745.1807929476952,211.36300870520674,304.56479838799606
1021.7314424340022,-1264.5077064586033,258.1920742810528,301.1540477657639
1516.6748166371567,-2360.8381623732967,96.44416057874955,321.6318268054513
1325.9882262266801,-1578.731294901022,29.287485874124755,321.35499614983763
1065.9966719880365,-1090.4836555297973,23.371551083323716,306.897618415589
2976.9084971488305,-2908.4207845572455,88.61805769802773,318.1843450599887
2707.8784006840788,-2820.723632185362,171.14676411649577,313.5724247707655
1070.1979620187913,-1943.6453907089306,37.35331558628544,297.2236753087824
2569.0459935752774,-1048.241460233257,46.06467632024677,313.0993834244042
1336.3796514385376,-1660.8028191024225,206.57000932009203,321.5420917107798
1240.0809596011552,-1321.2022105819356,221.23650455704126,309.6175042101655
1427.8017910291221,-1927.2852148724087,-11.740354415016999,336.9768750856315
2349.920486380262,-1305.4508789531926,29.453167783668597,328.24848497501125
1256.9398611721322,-2783.892548724861,6.646246571031185,318.0847287992276
1955.6896419790069,-1085.1913656673817,140.746756699203,306.01745948998297
2104.723698298545,-1618.5513632571174,151.46405298530502,334.8843339015116
1661.628120695179,-1424.9047937428713,31.714391825521936,299.42786863227104
2912.7710687034078,-1481.7340601211904,259.96158314349503,312.2719113250522
1032.9910145208346,-1260.2265304964,222.64398887891355,338.25153060856013
1228.6757788823147,-1827.58682812332,-11.974288508045772,315.3102065828525
2741.469948416313,-1564.8993939155087,190.13324230635848,319.34805797297383
1280.763193370442,-1659.9497510160718,228.35006706023535,336.02339158353135
2248.6666301837613,-2654.5035548653073,202.33758361894175,327.38684495585
2316.238486510994,-2855.4172298936055,236.1681039861932,307.4239868058181
2250.3001888006297,-2091.9551184280813,208.7562213054463,326.3585817847928
2181.8229733919325,-1788.9760371297411,77.9129556465771,330.3025002961877
1741.497318113496,-1469.3457228334441,206.47095777400236,339.15674898943024
2053.74653207393,-1313.1453847827174,142.984599813258,321.6745488835108
2593.939556894413,-2384.2265733494555,73.49378200110002,314.7520470564284
1026.9598178787087,-1713.0763937467862,210.0667360881866,299.00253758241973
2073.763324492622,-1715.322608478462,23.16906759345421,324.956089568842
1063.7438771087172,-2634.565328452731,73.16415697431356,299.74365825741376
2149.7488148988723,-1218.9500389418567,184.68412103990622,332.6548823584829
2038.5463545967264,-1413.9752256619267,156.43207881979785,307.38214700465494
2951.5165789061125,-2481.9805427994456,242.1701491865046,305.9966828758842
1973.8170050104573,-2497.998202156686,43.1227214836966,322.45077386953955
1226.6958030409678,-1428.591130180284,186.7601177448216,301.6468482391689
1723.3247394930822,-1190.810521116732,172.90110635712816,301.73508408866655
2457.156482619199,-1989.2942477105971,130.80761360469654,312.95774913446127
2404.1231114758175,-1261.0040541406022,0.5051140865154284,298.2266173184001
2616.9941345144025,-2966.1762351063726,112.95177398331856,332.7306402955066
1636.463895537624,-1842.7630108618139,-2.3778207817469834,299.560572027748
2423.6534093329033,-2379.1121286643806,44.21174878556238,315.2400254220225
2773.5316302986657,-1299.99047990649,136.44414667370404,324.11739086978406
1735.6546259792553,-2941.049929044844,149.95353590366355,329.1648029903196
2359.534376353602,-2595.9586470884624,218.68336947701908,324.1528042590547
2297.697148533425,-2870.574371767345,193.8459262530242,337.1000658834671
2158.5705261252538,-2642.7388101888623,26.830834991419927,321.7010422201048
2736.0027647528477,-1178.175691143113,151.91573151826364,336.79575109967027
1354.1434408859736,-2301.55881069933,195.80395234761235,309.02222089531733
2682.177180082772,-2625.3842844939472,234.07892006813645,338.24069051345697
1200.93900543513,-2989.172424893573,123.08148658395413,313.0432769960269
2195.5344753340087,-2797.6921232436453,112.75661091237404,315.11861048269384
1956.059157711556,-1396.4922594256566,224.8549928548016,338.6029664853295
1690.5303632946539,-1987.019675838712,66.37475345720361,308.013397524113
1880.9677709132939,-1705.4706453529873,239.1474316357453,299.51872357779934
2982.050834105083,-2701.3851105771005,227.13940299319768,309.5805489125777
2360.9214803510495,-2853.1091961994994,-9.9615469211602,333.31096093027764
2444.249211145379,-2091.319603568206,188.9964597209834,302.81487498524933
2492.5595635250793,-1256.8759179825272,57.774620760830516,339.5566780776072
1510.6797069851277,-1616.1927143341206,65.98458272719724,306.95595884979116
1064.8690249589658,-1669.7452104902811,108.23793705883423,299.6367990121242
1981.878901371051,-1623.4145897968074,126.19272130623736,299.3940859641965
1847.1318081693498,-2121.3966365769616,250.9313789879663,339.19372134058233
1669.6017672155845,-2035.0368248192144,218.66297548640966,303.2889288232317
1998.081084377809,-2944.5839186226763,51.93920549462153,329.3820063024335
1426.4562352090659,-2132.5837552194034,230.29228962660451,309.84737288489725
2714.7595211022995,-2002.1348712922204,152.345727088742,339.10880969181034
2418.9273149602404,-2532.268692852278,150.30547290032715,321.57822761764174
1206.5304558909015,-2098.121171107452,192.79811509145242,304.0064696226427
1113.59442489264,-2335.705285475702,103.0828962475613,321.84119936020994
2306.906078621683,-2752.741307693651,16.315818359668114,328.5810275894059
2408.3799528191566,-1491.772515426611,111.73740221674454,296.4673306327248
1788.1165042719135,-1960.8615071536838,249.29126121331973,333.0567910648167
2492.470886360534,-1595.3141294140162,244.30550006833954,300.0153199339072
1335.1476527229302,-1796.0635816020963,1.5278093146474845,338.43512379129635
1180.1779278945808,-2709.5747940095002,149.93712348916165,305.4625141765856
2151.4520695267065,-2893.1517479263985,154.76910720038796,333.524275041664
1853.9201036107365,-2322.507866879039,65.43928381932244,299.9866283380068
2157.4474261546825,-2181.560831499939,234.31511370293896,327.5920882202109
1357.2065062527604,-1424.535641631103,179.98754621689386,315.03366722141266
1271.8203556463418,-2474.796692056568,28.11919091438699,305.5427533074147
2330.5037078780624,-1150.999135790152,246.09477171621376,313.18488394037297
2125.0835947621426,-1059.2047364524292,17.64259285264862,337.7037347713243
1423.160094760321,-2857.1785805261616,78.2970191267836,331.33380822271374
2544.2273387205823,-1292.397184826973,252.33432148913124,313.4398532339166
2640.8127891704835,-2041.1368742993886,79.2994957855583,306.90652748299726
1777.5630134696553,-2833.755681280064,200.2736318621484,305.27855029944243
2717.7458605198854,-2564.5242313031636,29.774854239138044,300.1084301155573
1383.976724020831,-1524.0641415066402,21.432948862621977,309.8202246128628
2916.3503902875964,-1021.1379841173018,-4.226557319732255,295.56352693683965
1751.757642071917,-1402.6550456102293,37.285342781458155,301.69936870681175
2919.177303409078,-1758.3876499299627,186.20526266986403,310.3584244579802
2965.273109805008,-1667.5084642619747,-7.011603306815354,332.40672542988153
2865.4678551187276,-2955.5254916707086,6.053572850175499,318.91769216962814
1212.214340756775,-2209.355538751246,-9.694871602956917,307.04402872588594
1209.6552750842786,-1784.719626705519,150.74547819039648,302.23878700845364
1912.9941656239253,-1385.1887250032653,169.44317562915808,330.02502160916515
2140.1799254726648,-2006.3015135549658,6.26888555247432,311.6532067471081
2984.7268266333194,-2614.575757596356,161.97565186619673,338.0980442475021
1485.1855856118275,-2754.7205895250813,141.2201640493016,295.9365230051734
2837.316802307744,-1242.614340128934,56.66731293299442,328.7353901538835
2359.2058363722454,-2545.9347970655745,114.82688598126995,303.4328944454274
1954.4412821257497,-2684.4664795693593,5.772939312915419,334.7045185009567
2945.396788914486,-2801.450842375825,167.49870282675514,328.4948389451544
1591.73390920037,-1620.6152275705508,253.73782176337778,334.9552113665296
2052.0439802590436,-2199.8259694412695,187.52056620339562,315.54702767739724
1153.2485402899215,-1185.1628685971245,119.31667246755401,309.72090767453255
1390.2473356088244,-2708.636413492666,227.24657076585143,305.8441457112351
1054.0487622199414,-1490.3875213098809,221.0298350280305,295.94920175441666
2877.953815305663,-2970.9390431820157,231.602676574363,306.1575781945434
1739.0428675700948,-1533.9585426970727,198.16711861272603,300.88039208659455
1270.7697464646235,-1111.1530342733683,77.05462251699699,313.62148440421026
1833.151636438452,-2641.5798649380954,196.83745525317292,295.7665900995873
1992.9315086952122,-1764.87538560681,197.7141751999092,300.6701219431303
1938.5920438177077,-2737.7016578968733,169.43867297671503,329.29194416791916
1787.256587011168,-2624.3012312236356,38.37632917524818,324.7923328778788
2120.275677178997,-1562.301505021142,30.914144420594347,298.7844429763982
1588.6983608301225,-2107.7115313149147,249.74590314256125,298.2132070396649
2309.6395825266345,-1199.164376391747,158.84980547851796,319.57928489204744
1368.3236283402393,-2225.035874200842,67.30430989633841,306.8943744258229
1192.9379485714512,-1817.3093544708222,255.91752150391306,305.7123397818831
2900.0387089382384,-1824.953575121186,246.46715659111925,320.0282954162997
1504.494715402971,-2706.659239718021,29.849201120492502,310.96501253049246
1145.4451433961046,-2198.140893437561,196.39477524565658,306.1786722705784
1770.1163731636002,-1637.5685050215322,143.79026505909107,310.0940813935161
2280.4217793041653,-1759.6175075198119,166.39418404308142,325.2001132180118
1109.4514899272874,-1318.899774115995,214.11833302581076,311.98702527712
1340.0692985985515,-2584.813199016309,53.826921848138895,299.47734561195097
2298.4390187733634,-1654.9069620950881,56.04195730692072,339.37135591978904
2653.4924711762847,-1357.339787287447,49.840766860609904,321.61393133708884
1737.998853797509,-1577.3265529166451,209.31652820453473,302.0584912219517
1521.4351098299567,-1441.4326821289967,257.36772914344016,300.8017695008759
1033.477052609418,-2290.2146366371526,180.21779695571246,334.97727236530807
2021.0768995126025,-2965.6713767256133,-12.854698115152598,303.50501732726525
2864.077621651562,-2654.4559916438043,162.06208868918677,309.14669431988506
1023.091475041272,-2871.9432077481947,-0.5914134509288544,328.0684947725259
1542.0407478795405,-2217.9946689004373,185.0076310608565,310.54776874341223
2860.47865752158,-2885.0489472989834,94.13762598480051,303.10726781603717
2826.80500669071,-1293.5297592741251,169.21825867387537,321.1316672570467
2935.4037491153877,-1475.4458435256347,169.71892506190449,307.2352553132169
1367.4280149806427,-2132.522181567505,223.96370878779823,309.83068963508566
1769.6882453593046,-2402.6799308448726,189.15285024381805,339.7753870906388
1282.511444582318,-1998.715921315069,152.04228846819237,323.00931925547076
1074.2354918336448,-2012.8958307686012,253.19029726914857,304.17726345888394
2310.7337590892107,-1129.3973733887608,253.02665415881899,305.7471428666981
2234.350278113457,-2127.386950828372,121.0864686399398,337.8447292439182
1339.1157884664806,-1775.61909364289,201.92091952255865,315.5729912956088
2882.19186506236,-2055.883287859081,157.92328846905434,295.8075480215248
2666.9907407090345,-1013.3324025534471,175.87967302231658,308.2189032618463
1511.2893598062485,-2833.1899270978497,86.39093113890725,323.2505451314378
2344.54087740061,-1787.903729941402,55.89874999055118,317.33766096354464
2711.879331137987,-2564.9572662728415,49.38657389950015,319.22438550304054
1164.0170606568345,-1631.374253178104,247.63602120940305,331.4033174208674
2047.1862597454015,-1670.0966546517727,-4.935471355486374,306.42665610837247
1509.791185611397,-1817.6421794731657,168.75432135333645,299.15634416449774
2112.68634500961,-2001.2616767712207,38.20176155911315,297.6704220652893
1254.1211468344463,-2945.541889202627,85.99983404319683,313.42290577945204
1089.0515563223844,-2238.0611494139375,131.34249019813026,330.8340798536354
2601.366909249667,-1143.8020474982716,-13.21180966244614,329.9193994536703
1294.5724493234268,-2726.634884491416,165.33783291867724,317.1872783158962
2012.6601551386289,-2587.84763012981,-7.116301579831067,328.7577855394526
1755.2163227771887,-1615.270258146361,197.38518428947992,297.75520735694533
1621.7454292666848,-1393.3297703879764,172.110146404892,309.1559144861128
1775.7392797266857,-1162.1166072794604,72.35680955291282,324.296529785563
2414.9802662849443,-1155.705095685644,110.69538765948545,336.31587807996635
1901.4749428255427,-2575.254441698773,171.53089704243615,295.44305983230595
1286.6265502320568,-1094.2643609428467,154.20873443856715,339.0165767351149
1817.4115677371738,-2464.1402174602526,245.24887412859124,329.343230678946
1565.746382159724,-1589.723741742484,225.4265546013776,320.9562081816347
2019.398569437542,-1374.3334998232658,216.14658182438257,307.73450680116355
2273.870197594166,-2215.8449230448996,160.05082306210198,315.1388327254386
1914.4214016381457,-2282.227455127054,191.67114501995445,314.4508085832806
2901.625993404397,-2817.188853425766,252.5111077387125,303.57925827093834
2980.408138492836,-2748.7312945334265,33.50503612169438,317.9163591042655
1530.48565024589,-1728.8706737277796,167.70636946048108,306.8108931062558
1343.5835579850009,-2250.5800992420222,240.05593257566238,299.3595160937851
2919.55570799834,-2814.6378585103557,140.13336994210064,324.0903660291721
2347.279999773761,-1166.3547555968696,-14.039059391843342,336.9993486360239
1199.61050586273,-1915.4378184497937,222.80867925531334,322.626188241123
1716.1418124381187,-2443.9332680062007,37.23373275370191,324.62058117228037
2428.2572616944963,-2076.8043230822004,195.7516066216634,302.5285536836678
1958.4391888508744,-2133.3735909860716,237.01317852874027,338.33041529323657
1613.9307664977182,-2180.461466007419,184.06719742061327,327.7151736882841
2474.9212005370073,-1831.826201695676,65.94415461795353,331.4264089667103
1057.9511037968396,-1940.6713624130728,27.064182820075118,326.10717537705864
1259.6082985713647,-1037.9643186093076,16.000442942840024,322.27435335503475
2710.8206463321676,-1738.4110066325559,193.30825927337168,310.2915574388158
2719.3390830183416,-2715.987558180109,211.6879630583118,306.41115058717776
2897.0116039246727,-1432.6375597453775,123.24302843731729,324.48740720073886
2409.8304654013446,-2257.357557648875,148.94093914055355,337.8768794896683
1006.6746134408073,-1130.1130572300578,177.4114596294516,338.1687009673978
2343.490451262274,-1955.740471012454,218.7899966812087,311.2941272330069
1691.4286251288597,-1255.2142118315776,61.51315344120049,296.03157264347357
1210.815828973512,-1103.106964645416,231.1325116517771,317.75608260946575
1018.8371651344514,-2079.7749070156633,258.75703991273303,311.7573727646067
1064.0512631196173,-2669.097362083378,25.46980621614648,296.7246389087779
1263.9708498303341,-1520.1172504279994,141.4527476484179,324.1697020503637
2854.1373874178107,-2479.647892000524,193.8218328399347,311.9200201818907
1297.1179781629826,-1803.8706050099827,125.09860722427305,323.81430887315923
2713.271234628396,-2869.525488656034,136.68560987296306,312.25078051056744
1405.5642012487872,-1450.3556720191702,171.69470536757126,302.04944034200014
1936.5714970391982,-2181.11659579543,26.16184390912737,309.7962238875541
1267.2880103470354,-1862.5014614379718,129.09025964175078,327.4665216865061
2210.0492226449574,-1206.6080782008503,207.8889884602321,303.47453689344707
2904.2947516129234,-2029.8492588359538,34.38116975281047,316.5538259746026
1371.564120798398,-2669.0782074876433,101.7531098037314,338.96486685395115
1469.0723970249273,-2552.704804688783,119.94481726258971,335.473017621139
1003.63797936405,-1221.4679680735385,254.20069447762705,304.4184646835615
2901.2517444746336,-2708.504124187971,40.86194856445698,299.0668340915512
1425.2867286578125,-1238.6490244383965,248.6505534060547,329.89061228797584
2756.0199530289956,-1789.982764894344,217.8041718838723,336.75173016949753
2647.450120433603,-1477.4128368613876,178.07330397447808,307.1818561401205
2760.2093547707555,-2442.2463537872736,13.171881720323949,296.32893180004135
2973.9926787693194,-2058.8039192925376,228.7291608529133,321.1872397835773
2175.824145789929,-2125.6386906560565,89.12482003798233,298.5765523262302
2883.072045047803,-1578.6299523432133,22.33461996867127,328.8790950294934
2140.494939391417,-2827.61894612404,116.83605156907663,334.31684430458756
1400.924455092396,-1682.2933855464698,245.55455334337177,320.0946421961219
1316.2513973530201,-1326.2437313398123,114.68162332160537,297.26970524309684
1047.1378546245978,-2274.7651026359827,241.99965941910642,330.9042364849933
2824.194559354923,-2256.2840654305746,43.68400500765252,327.71802445391273
2899.8522857643165,-2620.42605589934,112.21028567441185,299.97625127857134
1819.3983047215538,-2111.147128899953,202.57631298393977,338.40391648596426
1872.7116714727895,-2276.632096080787,147.29408175245408,331.42582073267243
2812.6087690678796,-2286.088770493915,237.85440215850653,325.4668598398489
1717.6880322916,-2039.76936943862,77.84084673506196,319.2440237943648
1879.5332409353286,-1131.8447555584355,202.5090334507525,304.9738105343159
1954.0603203960122,-2252.095669753901,133.42461940915302,319.5411708692396
2098.891800848038,-1963.887035387508,48.47612172402092,313.73236102179584
1982.4564757944477,-2427.7738198295046,71.58453839753118,312.80618213274676
2259.3328430670817,-1932.1202361631902,72.7429967450199,307.0933845002718
1905.6654048459686,-1776.6958473636837,225.8805610234602,314.57392722578
2702.053466626475,-2776.4841686322707,118.90993388762502,309.9021499856814
1092.7290697153358,-1230.8232527942266,133.67119203948417,301.3717230231163
1630.1209525777977,-1437.6545923038152,17.793727272548125,321.8963324240833
2957.581678826995,-2059.321498294168,22.932442542918487,313.6584842569386
2453.749907596214,-2176.585152389701,94.57144407514784,302.1563802317592
1399.3402163811875,-2409.6676828596633,-10.506090366570014,339.4402337050218
1858.6311435822151,-2599.516332797235,27.348243401002804,328.29265174525216
2398.729573595783,-1958.962856118379,111.39651022556916,298.5665822024872
1317.067874837183,-2630.1609837246733,155.67374302850075,295.1645610845431
2862.307447401727,-1559.329836572152,119.36814342444129,320.89668635490256
1172.4371921705392,-1854.1580191872858,86.98384837087619,301.9623558221873
2677.136156220862,-2907.2929392833303,4.7937437354219306,295.73818454026645
1815.2085734123798,-2594.303085431005,175.3574984267001,320.30739705208885
1416.426531893584,-1261.7996051458213,133.53737403155134,311.2473279712636
1248.6519613426206,-2622.3650481395325,254.3595383686988,330.96962994388633
2779.1960466034616,-2825.473237037158,17.06494633813128,334.5535441511103
1681.1180019190729,-1636.8884805198552,201.4299467201044,336.48779889994444
2993.279771098293,-2901.867883926834,58.72151558855748,298.0797652673014
2234.0812530702897,-2361.461414393052,227.5324787289821,331.4560525068255
1137.542631775786,-1108.9854934555792,125.4084784853139,295.23952129409037
1225.4705599857407,-1961.7799786676137,6.31874656364899,305.69459128411717
2122.549772673662,-1845.1817953840657,-8.952657014387679,339.56821212366
1886.5626641682036,-1234.8704935878804,27.428729285290338,324.52684765566164
1165.918989651248,-1273.3798335432505,81.62035434929119,335.8028980578296
1218.669789595171,-2039.4687315438593,214.52033571642215,317.63677345619175
2788.6403297624756,-2381.9698191617726,70.84407875733196,306.0818250522513
1949.7008363617488,-2832.9696161418597,219.2755905176937,316.2844347587194
1420.7816422101982,-2573.4597415723847,97.69486821286186,306.53036701775414
1800.9518709882495,-1625.1172779324434,103.78846225937198,308.2106698516868
2409.0424280992956,-2291.583692248167,38.01597660697189,303.0013535370798
2747.792682742708,-1509.5990994734075,214.0010403124987,296.39569432855683
1384.8446706665172,-1862.1289953819542,101.26803354897197,336.4692833362514
1446.5561505989194,-1259.7919708781606,159.6869068576986,336.1375974923303
1040.1723512119343,-2709.724737362959,230.07999190404877,311.6321248686868
1440.288976227317,-1914.153479370586,216.12874658535392,328.0435614167583
2510.9396144020466,-1731.2725124798142,-1.3581723065940174,300.8910650755806
1348.246549539975,-1871.0031350016445,234.64485130030698,315.6244173407695
2527.4136149775695,-1559.7354930943131,19.965721291450983,299.2360642271222
2888.6684856370766,-1355.7535668424953,113.75914959391895,309.831988772937
1585.7265675229355,-1267.9899610882144,138.04385088327638,312.51875898681055
2335.960416362356,-1608.0805704418685,161.9401182384175,334.4774979537073
1447.6695075862542,-1434.0495602196677,11.024972064337657,339.38375114231565
1450.970953823289,-2589.7059670753965,217.8493605637646,329.32260930111255
1399.816632611676,-2142.8275944645093,79.35064207311983,297.78511042918575
2117.1157831909604,-1337.5115980056783,172.56028605709358,329.47921652837704
1160.1388812182452,-1403.5417967614198,242.56607832190787,323.8372913191452
1793.0988498688853,-2906.3081343438885,36.16834153082521,305.5814739157423
1911.8903591416076,-2448.8975205111797,6.464735785351596,295.87618091028145
2272.9127462071056,-1920.8831093725212,253.61400681569438,312.1395484829218
1135.8409210537548,-1957.9970753587502,70.33015983356457,302.34105565071235
1698.21459493968,-2344.6302288453862,259.38419066149044,327.8750018434148
2303.9147495928623,-2361.7323019933456,77.25124811259275,303.4397788332032
2057.082542197576,-2651.498874051525,155.82356465071476,308.2962427690062
1671.823243577239,-1115.6817753171542,89.255449172217,319.6723348980175
1792.8529303288788,-2683.4040929694365,229.7897587123894,335.3062107508851
1248.4082591557656,-1385.4351663107545,248.64912473643335,323.78540549283
2164.899166344456,-1323.1971676904861,-8.206938618312112,312.29273027721
2225.1709760537124,-2152.799157938419,170.72898367634272,297.67716780239647
2935.278418450277,-2283.058867758534,253.7185378274284,305.70039000486827
2303.7040563452274,-1151.2707847939434,258.3274453835211,319.1920164704461
2350.425224556193,-2064.0552410505024,-10.115754159420405,332.9868389351705
1404.4479278704457,-2347.4405038741797,102.57545173040519,316.816505804597
2192.0819362745415,-2831.794782418099,36.08027185883148,297.6398199231296
2289.644393362597,-1825.8779039733636,41.32573151192672,300.5833655513598
1640.1329303263178,-2760.2395756745445,93.60278132617384,297.2914513885196
2571.9038341844293,-2191.8355561072012,229.93425137501748,321.230583475659
2332.464469362201,-1073.5807570250456,110.53729137997328,314.4839384134766
2405.49893563175,-1358.9022418237378,24.544738107630003,322.02460508934325
2274.464936377286,-2692.409793670231,258.65355024498893,328.31220479975195
2034.6622827190959,-2560.3735975738664,137.04020395535912,301.0665923587672
1541.7315356772274,-1982.8827448105694,141.42506678734088,303.05134572548064
1884.6728359662561,-1768.3821092181104,149.39413153903186,306.09995778297736
1806.98384016777,-1566.364124962046,121.41190924929711,322.9474843900379
1930.7309872353426,-1209.266582294413,177.1854336987362,322.2805761743452
2588.4364541916457,-1342.477428301638,253.76961725788863,303.40727959897174
1531.2975405635827,-2985.8896235060256,253.6112692582198,330.6776961219714
2541.9883450223824,-1399.7126710987623,132.57374609690953,315.139536147781
1019.0966907009349,-2546.7169222622947,223.71747314164597,297.7609882956453
1048.8410514227116,-2697.026326186796,-12.087139060599675,313.2666708108825
2223.4860416784686,-2275.471963370172,115.49360129566207,324.5226253716558
2838.0664286931287,-2418.2989090697993,75.04915508542494,302.1706424826231
1456.5342452486464,-2140.947639877967,97.48969391525567,314.49527458502354
2949.5660564447526,-1606.7084137077927,161.41010891814284,302.44173528713776
1227.9580187090287,-1440.1947636446218,195.05551100950802,309.426144133809
2004.3995873007616,-1738.0041045097284,25.453098238124532,328.5306423519882
1649.0326640561989,-1751.123386676794,134.7229365804606,312.20278413870085
1365.1507775067291,-2562.516350029741,232.5831082433727,330.4872387962441
1602.469516632764,-1424.9797634221457,-7.310810765100851,323.24452517064714
1277.5979368023998,-1663.8656630873704,117.13828773860251,318.4009262335426
1307.4126265964658,-1190.7650511269721,-5.5028770956437665,335.1163545779725
1484.5595492724517,-1721.012818089891,16.605369733289034,335.5211253395148
1355.161147972354,-1446.1191858029972,35.422468831905526,337.09124194008916
1519.4005621385177,-1014.8290198500954,175.43126247327695,333.16155447313724
2905.3265201595314,-1908.4999419912565,35.775181892543806,309.97070420976155
1007.6098941520786,-2681.444710657581,60.56020354486627,299.23972271856724
1193.967547093706,-2601.159544882389,13.817380296948453,333.9821391088711
1433.8342336080818,-1392.4049332315478,135.01190152595206,306.3045763091386
1552.557530905522,-1336.9195340287326,115.7057210272765,309.7188326353701
2963.7252592820823,-1401.7603942092853,196.91720941900365,298.07334745872356
2074.056356308706,-2983.8261327142764,176.45440419724605,328.18142659409483
1583.4230462554397,-1573.176078176586,80.96598042850941,325.0572898503794
2614.6879284520687,-1817.5240057872445,228.31493298430496,336.99140480584305
1626.4667233447676,-2167.792896191731,-7.463912599713435,299.71293701680025
2342.151867910252,-2992.110084406978,242.61512766529012,326.02897855410174
2726.217214258705,-1013.1506601946555,153.773325514949,312.59163053664497
2612.607493815784,-2280.343412887884,95.07950951606819,325.3933077230329
1973.5926852708028,-1489.6073168548523,143.0066868770576,327.26334014971576
2126.9405360092624,-2719.2340456331485,246.36997753752593,334.35622559768416
2881.313316384212,-2306.1076765619637,139.6406179841462,327.6103490544208
1828.5752761246079,-2407.300769188305,184.70745093519704,301.19749049469084
1916.931117756602,-1447.4832423161824,62.7311398909724,321.3724863258377
1088.2411677719017,-1102.487764934221,49.354726222351275,322.502311805744
2371.7270464554426,-1355.439851608537,223.92868998460827,335.90562316584646
2837.0418486735284,-2330.7566993622513,72.66609008854459,328.0762603684778
1396.8816678650337,-2213.625038629659,-7.161866545794716,314.9929464306163
2121.0549144270976,-2102.0710684165456,55.16761780289009,336.9865208562669
2901.0112047047724,-2884.6924360985236,176.48749668884815,338.5009870508782
2965.854422925748,-2369.769088015338,160.01294737470812,317.8759119455004
2615.3055961693926,-2593.8789464932142,82.23346165307187,319.87242983200497
2552.341381979116,-1008.7095326989524,162.813851265097,309.13078997704264
1241.1162032316588,-1760.5553700041262,72.43759022979847,317.67302419706317
2776.2718070770284,-1818.9179911730823,172.78664318031397,339.9929088562528
1542.555656566179,-1485.103527991847,99.06950389868288,304.7970087446606
2885.0039756604874,-2163.5310450425504,123.54959477226774,303.26314802594
2399.821943149329,-1435.672066769896,158.34239197881757,309.46947400776224
2368.65807666809,-2698.009922217962,29.366985011598537,298.37623913668705
2574.7444710725117,-2684.666972630167,50.480629670414615,339.71440548508525
2032.226246831959,-2917.298037116239,10.093006655834479,296.8146288575132
1518.0641875577057,-1127.3100854039667,180.46819589485068,337.4836305819876
2050.1216277656195,-1041.566384439465,205.9571575001176,328.1019808029793
1874.5799415723095,-1746.4061524023705,56.25540922178877,301.0855115795353
2825.6345368531393,-1985.4571490803155,43.30732625853753,310.5382289329015
2577.1126212947843,-2454.543879938408,162.0462184286654,306.95367085042443
1215.5766352483581,-2455.478399330483,214.13377502185293,327.56848415665087
2303.176772356147,-2067.353552000295,142.8160700205097,331.09405448855273
2909.187671515627,-1649.699619290932,129.12749881324095,335.6902913280396
1280.5366215225104,-2983.1556558636917,220.94815414372917,327.3853994717529
1163.1567111173754,-2074.5790106505196,138.2692603841304,298.3299838859153
1076.4569634552852,-1514.2866018665661,141.70659347930925,314.9507007092786
1749.7604970556395,-1618.4161203024842,254.37984278332493,306.55756095381395
1055.3717640395537,-1564.1952918376487,168.09056343361235,318.743709124463
2305.69397056467,-1127.1582724111784,158.3064434906149,327.413420597607
2146.5765036889834,-2500.394936921531,137.06346118662174,332.55800159229346
1232.2687042266236,-2345.7773005476074,31.58463579544913,317.2611675885104
1307.1992439606681,-2248.6575770110976,60.88945299113007,300.26702576118464
2811.593467011032,-1085.4295839435358,12.070008126778315,318.00217941777856
1555.0751554116018,-1724.7480945318823,193.0020345807634,339.42524593667684
1487.410356439748,-2141.1305423775602,151.43214297733306,326.83254615709484
2526.936432420722,-1289.718437089095,58.29674920585842,339.90136905397844
1291.8294870212603,-1436.3275158217361,245.6975747588184,316.34131796794316
2410.967459164256,-1933.9509124712488,100.81417552036716,307.90618723660094
1259.1006617190724,-2531.3123947391514,234.95009507579414,319.74969207078806
2692.6163056576147,-2852.4343771622252,45.32007383893471,324.5816592914731
1712.096565346702,-1783.5481050899584,213.13453905352338,317.1061733104601
2085.6076259798374,-1618.923071730067,67.09660577950146,314.1330029234522
1419.8738545314677,-2194.217238405293,64.55458289621744,326.4477090478457
2250.2443810329996,-2471.407807352331,141.5431357167247,328.50082532561896
2299.9627006981086,-1480.9748665363518,12.071218079706334,315.1558130094903
1223.239572164909,-1417.4770263527182,-2.8657058512993867,309.4169380489218
1407.4400551593303,-2927.950399360827,3.7168642266196272,307.2309589899551
2261.5761275882223,-2664.7958373656015,46.82810739153617,326.17685730187344
2423.4757564385736,-2215.0470511755457,178.11031017007002,328.3413193774394
1607.8093650162873,-2696.6523555428303,233.94388689989856,339.7067919040587
2715.3983141207027,-2736.45507653901,95.81615599853498,330.96314587358836
1844.2813590494288,-2720.9021957663817,246.21690792886113,298.88940889380876
1250.2734147499261,-1337.1516051402496,160.57864503196166,311.42391668133814
1118.5088306887199,-1871.5709027083626,10.687290803957133,314.56855923251254
1633.4980922436312,-2065.6541131371514,127.36923613185786,296.87924602930826
2795.8861349483495,-1694.4087108975677,27.671661732723948,329.0517458400929
1111.584205733224,-2687.258567550767,249.46150060632567,338.0309422015033
1261.1898216528718,-1081.1215485474445,199.83217575698617,338.08290218556266
1805.6202680893716,-2659.768071195687,225.43979958642788,298.9587806593131
2853.0619146154004,-2420.574135897326,125.14198048817619,306.58099341604526
2113.146385025175,-1177.760198784741,123.24196240375346,301.9406566925598
1952.1150093551564,-1077.455175662104,233.2907591064653,322.6247317351109
2609.408870364382,-1810.9206977915746,127.65783825566658,326.1435228688819
1222.1493690150985,-1839.464528413415,2.2901530471184373,329.94860794999994
1838.0444138439864,-1387.4054104507015,82.22223259115384,301.1784806289419
1097.9848532685073,-1514.8320283694975,228.24997790880357,323.2153777620691
2606.945895324186,-1429.299218575475,112.86327473866956,333.8961536345516
2915.0940722231285,-1727.2656627693384,141.453711254961,318.04512517986694
1084.7753003936036,-2915.3943632885503,254.891534963891,310.23003580811326
2423.629580899191,-1872.9522505489847,67.42235217896291,321.3461379411318
1183.6452321388492,-2785.5567826731126,122.41801623653296,316.3769344210164
1994.7610873372091,-2825.2771185424663,223.27578705075072,312.1634860704042
2136.9110820737724,-2430.922056170715,64.45410612018775,301.59150538522795
1198.024329162666,-2331.267856792667,110.37318534884666,335.2490426442949
1633.7528663375042,-2913.670869020788,250.804479497986,306.39532472240535
1371.6611206775,-2758.399678782977,243.86699104349435,305.55381536010884
1650.1209118894958,-1557.3926480244982,20.024709567300846,325.46033347110256
1233.178608039847,-1988.8075645637552,123.47142097303362,331.7704891023507
1819.8149239177656,-1038.9978363184805,164.60197527557713,338.8671978316613
2664.2751930311633,-1287.814274114679,204.14255591165113,325.8889656666212
2745.90063030415,-1722.377942493615,37.09636557826795,337.20682272453877
1066.0432099809811,-2254.899808547295,9.135435204597357,317.13084346462904
1473.516018405408,-1269.67449023935,120.0666695208451,334.552594079256
1859.0721970270843,-2392.954628072956,215.42568914520203,298.58520285261903
2230.9217937883213,-1035.5612514490228,241.18587060411795,314.31797823646144
2190.755656796286,-1358.1650535631613,90.44180030015687,329.926108312893
1033.288799231544,-1524.4581922426291,64.05243254067167,331.1244105504591
1012.6737335071658,-2558.032755085757,80.77300913382078,303.39044129230575
1284.4005002251374,-1778.5359989335595,125.94742773531587,329.0928410384878
2408.012564468164,-1752.0029173622167,85.00834906177371,339.6490721748557
2983.2173661533657,-1157.8596330401804,113.40181715139707,328.16157723978256
2359.8345527672745,-1879.1844526389002,28.766341791911927,299.9494039683623
2004.42652409326,-1338.3438584968662,169.55390080938707,312.6506222266974
1186.894086306433,-2226.0556452453134,45.94408385428251,336.45818823459075
2772.83796483315,-1756.5163588523221,165.21754195958783,299.1187129583534
2443.542095731631,-1753.8409397626576,194.95352552372154,329.76458309757726
1502.921180510315,-1491.9551620368925,74.75408055320572,300.77860471369064
1215.8917810204055,-1626.9906784235789,171.5129070725947,336.7458895018857
1938.5578660764822,-1227.4929049379773,254.06429063804683,305.0427734759866
1253.5832581717762,-1724.4966533965448,63.0804813716385,298.7909850458064
1418.5912492878022,-1910.4272757283752,161.3133602818604,321.83927261973656
2729.4585006464304,-1592.6399909387214,235.5569420417112,311.75920713588823
1008.8074233403079,-2886.0019446024626,256.6876120541352,307.84575758225816
2883.615211096412,-2085.0477890952807,214.014066159935,330.27698024817414
1419.7832907263264,-2854.4695947163436,86.52985855444258,325.40478229205536
2543.903217907843,-2451.291230334418,133.4300187204132,307.6228994509675
1205.217378107539,-1683.7056788914335,161.8181054192062,298.2226583886915
2282.176012387762,-2698.33694957699,105.71597205681407,326.3760651725665
1775.8395995391675,-2512.0250073233733,172.98457463453613,339.8279706525682
1633.6599819356802,-2909.2663726498076,-8.504294342606649,300.16557724764704
2896.6076241531878,-1136.0588868200732,241.79631932745087,337.1580949615308
2155.6466907638287,-2784.646636065518,207.6881402465171,323.48729672323554
2110.1440962608917,-1339.7076823726527,247.27928732801973,337.3515853858897
2431.9130327350204,-1348.7254645440123,18.82678497059125,330.73017749337913
2469.153534440221,-2327.1719618511083,97.35070990393986,330.2729479233056
2793.124159935576,-2755.397328283267,213.82536427957731,302.41246513741146
2957.3885140310344,-2215.046882689191,3.3535124072098803,300.7130322334768
1622.35082782885,-1522.6082971989695,176.50677823037955,297.5107743966749
2362.966502521196,-1295.805229928348,240.71346990276697,295.7594285342062
1599.9189970375742,-2277.586656659165,214.39906993981913,310.8467771458555
1864.3223375712337,-2506.2341440479436,71.9599619217757,301.48467435649764
1013.840274975089,-2115.1696439977004,70.52466844171079,319.08348365718166
1693.5449352610233,-2115.914257632577,108.54484136691605,318.1444675690825
2251.533569616454,-2731.9848274224278,225.269888736117,327.53088121118924
2355.15467310486,-1546.546847530149,144.48471267285444,337.30727906075117
1663.2662253164794,-2530.131540955531,133.6305997149181,330.931887000912
2816.1451853634553,-2443.819065156478,183.59264899943443,317.96129365486195
2977.940563310162,-2659.021510333759,211.22991760626354,305.82965138597257
1765.2657016634541,-2653.40931146614,-8.584673682503912,298.4866163124729
1676.1438327676074,-2395.4506142000614,27.919735064968087,303.95647165406496
1963.3817295694275,-1788.0370194634058,79.82708101087114,327.50464714871237
2606.600953220723,-2775.2728826408834,148.59036806753096,338.3089325761107
1328.343149101765,-2331.5431900586455,87.11848532177584,318.19235681181124
2132.4586990501375,-2331.7845394065343,65.31406269286937,311.0311529917744
2299.849701531227,-2957.9399084382526,77.85510844718907,335.5338744332504
1934.115795597148,-1768.0537598600133,221.13884647845703,324.63886103786064
1962.8510395872618,-1198.2197300018756,20.745735841385304,307.22696468545416
1678.4927807284466,-1356.9394099426147,173.6140299736193,300.841345396295
1087.540499848007,-2466.198869860749,16.76881493784236,296.04786676412505
2220.138612920925,-2863.359534825862,15.021788776177036,303.65660379935605
1291.97158207565,-2162.525898948559,176.49661566545666,336.88984783143826
2731.1031911207338,-2823.3864251425207,144.11660661925578,328.3321723370663
1256.9201938549627,-1075.7410591102464,76.9216748540921,314.9208664341774
2185.529533801088,-1926.8834998874418,18.60070218436214,310.90596722670205
2978.611659184554,-2776.5112600475104,173.601127849777,300.1926241278009
2861.3860125130977,-1648.8912424632724,105.9658473846542,301.31916304328894
1973.8000390398795,-2274.2830223256656,101.5294572856824,330.3798960678694
1949.9428134529194,-2237.1656691660046,170.41494977005934,314.17785176877084
2235.029362154516,-1385.7399631817236,193.1603044350689,309.7557670898903
1592.7861979846966,-2820.119236696219,131.77180947221305,310.672121907612
1882.9129587877492,-2528.519484536834,247.75229609133578,296.72254600685613
1428.6564180697303,-1449.8869725725813,211.60557097717933,295.90625524268285
1780.9259400560022,-1767.02184170292,64.82528880656153,301.89060526030113
1155.8989303210346,-1375.1329140287357,129.31158053094788,320.0328784593898
1413.3095374093593,-2877.561726977081,78.68813608491807,336.49471892321014
2459.258535724542,-2112.3410936671467,235.84528925924454,306.2353392705531
2023.828918513299,-1211.8996674993457,57.611437581092204,318.0312304112254
2759.597322178455,-1121.2367467888646,64.90557489808162,321.1766097386549
1176.7909287043701,-2052.5051618773227,103.27788931467643,319.7226180174794
1727.660786117409,-1992.3539664458722,34.85012711339244,316.2995764482066
2126.170563488585,-2035.3529673385565,140.18715573322095,301.9795776599489
2725.275988447108,-1686.123753968089,199.52561004743472,326.9020265971839
2022.217583287049,-2995.056175493908,6.33289859764535,308.8665143906354
1504.9307371224256,-1136.1953510894168,253.20988551940115,332.07173537933886
1900.438822410306,-2178.522366220972,184.98860292939045,335.68975177704635
2350.2202381899788,-2002.2985147860295,-7.826126063387996,305.1797757015511
2098.0951629078495,-1614.2031733971633,206.19024290951776,316.4871563803155
1549.5988394519231,-2244.0795024483373,152.64014415676027,297.0951314276464
2363.1653150804136,-2866.509470003803,192.3977891989176,306.0734766479209
1073.8115220473758,-2163.3260584411055,8.812825236964859,337.8654962350473
2129.7084896055494,-2184.7096205072385,47.79636727526136,295.2589766697977
2608.939882214695,-2582.94557524877,222.3608173422187,317.47432664117
2402.948228978818,-2219.3769563520673,187.18089521359306,318.4667168316767
1348.4334367548186,-1940.5233526548584,212.06862874225476,298.7644536210987
1333.3965115825995,-1221.0442512114596,172.06290684674826,309.40496460934736
1242.9319909758553,-1602.9166695953843,0.7804824116128142,304.5680439897871
2259.9013714143543,-2537.3676609024787,5.097297884227327,323.15807283025396
2225.126109220039,-1949.546989979505,188.68150898475994,317.51557434931215
2062.5081625590556,-1905.8976380379893,98.88584979880451,322.7743806185263
1063.8188532033341,-2789.7114604853023,197.7810465912324,313.3032646544118
2804.5090362379215,-1528.6211376659696,53.16779696730025,312.3939792225922
2666.190032725882,-2587.652355632441,6.258523208550681,325.63562905944195
2643.4100508028178,-1643.3734035488167,71.21520320926618,296.761182276897
1422.404814060012,-2178.273588288902,223.57805450718934,309.6237093238616
2408.4363857879557,-1573.112561099665,50.69910858428864,323.1922676188749
2590.8347182209204,-2825.445773395116,17.08320991804944,321.621042991182
1343.9009883803406,-1322.5508236159073,141.5654276987837,324.2292150581679
1780.236287313468,-2018.934000223508,126.15591903375704,301.41293659233787
1247.3349596187288,-2459.9712902662873,-10.439577847371933,326.04800851125697
2837.6208509634275,-2100.7053890766897,93.69854249207212,312.20209454267734
2853.0477037029627,-2849.778293219671,63.562636048633934,334.8176773121427
1758.343942051903,-1768.6115202336487,256.7944634158503,338.91961356945615
1602.761299652033,-1816.458371065334,183.51229281684576,336.6650402742341
1124.4090881275606,-2182.587958156214,141.06139623907472,313.15020164232163
2759.95761599087,-1061.0460716567322,115.01733461025105,334.6565383270526
1124.3396328508518,-1151.4765638036718,209.74431862349357,325.2837027218066
2324.802301262168,-2745.644207243933,69.99304801446097,298.69902599043274
1438.6156004903733,-2034.8471970205057,43.45657451741485,336.446809561692
1857.9342739963915,-1143.7398219824283,52.937240939770334,329.6930815190765
1766.5923440976674,-1911.7839445538084,76.55082708498742,305.20178408775723
2453.558052942053,-2668.967256615849,201.85604989112284,338.375579324652
1270.5446779009874,-1774.6763484101,93.4678405643737,325.1562879134361
1024.9311626341355,-2626.69058328861,256.90994379334666,305.65126774319475
2845.1685091285626,-2192.9911657220805,92.14683646369404,338.3448946066872
1711.055341966629,-1275.8488160181382,61.0414680474309,309.96086393116155
1031.774788973287,-2466.6251330684418,241.95002544658672,309.101942205977
2212.488609705081,-2124.4651532789126,247.93657695278893,306.72921628165943
1195.0203934183608,-2307.370561118629,42.17990999122536,296.6214543218753
2226.4769201903955,-1775.2330197913627,182.7243131470271,320.2566415718629
1223.524029427354,-1334.746935148434,56.84488313520872,336.5460436333839
1998.5518040073835,-1843.8739438941193,175.57307833743312,335.78796315972136
1342.9851608769723,-1613.550885240075,130.4335920161474,336.62926951791155
1831.3352812133076,-2933.6309290980666,167.13174890764245,313.0423466421203
2616.8969193733774,-2863.476210982024,207.7683170765945,326.6541041020188
1827.8710974443413,-1460.9887239565765,110.25266220065174,300.2419722167544
1029.7789888159607,-2679.192683098755,28.850976196355525,320.17072775655765
1890.5429557443929,-1621.6327603608388,101.6843178691822,325.1971584107147
2942.428002106117,-2292.2140021585506,201.07888946663473,302.1534522240491
1338.2510684728452,-1099.684942766962,91.75801811635847,334.0902583563743
1039.9444119952423,-2099.792030863717,25.450857127535954,323.386936546662
2918.5457798247644,-2576.828319497585,192.78973516601272,320.21225351252224
1412.2471642875983,-1220.9390941175127,145.5159903144531,335.0056531588057
2337.2577659075305,-2913.1905167992204,156.54251678502519,333.8985827600744
1354.2854495101253,-1954.2723023888686,118.56878797475483,338.72007708688034
2917.3649406263394,-1494.3286775613583,128.37594463067205,336.18997903728336
1094.0985613897435,-1435.9566554198282,92.46885422966476,302.37146412990876
2446.803855101053,-2199.106564450982,139.02408222011627,301.2868566730962
2665.2361938541885,-2452.4204112502084,170.31285430256386,309.0465817842712
1951.556076031829,-2132.486334671238,231.93335169688766,328.8589975133599
1633.7193104108276,-2513.660851252827,-11.283846346791723,295.4871438330248
2801.643616214983,-2582.5910540354116,81.04880627756329,321.02032811919014
1867.946336977834,-1178.6414110487713,147.42451356938088,311.1517374788682
2121.415501082054,-1393.0618344640588,170.4207504820989,306.23632597944754
2365.503457250811,-1227.136575415781,221.30002891315806,330.7505359426381
2909.473184857766,-2037.8012940680628,102.78801255604036,315.89678132954435
1225.324069544399,-1714.3167636093074,53.37728887084366,295.59330087141524
2008.1696512099618,-1240.402039364729,74.8093433171216,311.3256134011107
1176.1229655482389,-1393.8140418322714,210.87893845858997,301.3202780085446
2895.796946038202,-2395.3519836533987,73.87532041011785,338.6559979344465
2427.017257354323,-1237.779551252184,235.79298464622732,315.2895337593323
1809.0707454869155,-1837.5152685576495,97.76128247161328,315.8141717060649
1487.2151945495816,-1283.080119277818,115.57942346339806,302.00161425873097
1684.7272267205042,-1939.8736737361048,210.08278866984642,339.20031046155856
1782.0481151573872,-2644.4537908818634,135.72813204702425,321.7969382468303
2959.6230964845054,-2241.5564816255264,11.42087632956995,300.5564927386015
2448.918360688912,-1954.7225657062118,87.5495377754704,296.17738982283737
1517.6722074732875,-1498.249173075546,-2.7395753715311972,328.2231702983436
2808.1302206091946,-1289.670118814534,196.56860202077857,309.7900986206027
1150.9873156715473,-2114.6057580295937,0.7751937799056474,318.2171505672429
1046.0542587853215,-2661.308771715179,75.90333888101574,309.87400279412157
2999.3492285815355,-2058.2848050995626,139.6663711657417,327.41524575278385
1395.4288688012148,-1593.033978690018,45.04927761495288,326.91538396942104
1314.096428371793,-1821.5269558775628,25.154071167492063,297.18851078929936
2233.410694603876,-2428.7427204254027,13.51208172892489,301.903036630453
1386.2826916100548,-1382.684784787505,128.72536300421802,308.4014321790147
1420.6648109778753,-1650.9915229031149,155.07831788654903,302.1298440934318
2859.9526528883694,-1105.2671709897202,138.60730408468964,325.495954286695
1570.7009836959437,-1273.0916094217296,240.92663656585782,330.2830058437605
1168.7103964188505,-2778.179619822092,175.7000352896192,309.00046665924845
2685.3186301955566,-1614.3822953231204,170.45639120372374,310.4749381937615
1528.4313783907305,-1480.2345767528473,98.46066877115801,308.4082402098428
1052.897364997502,-2826.572864767937,166.24423091328808,315.77279516281357
1820.5342920514508,-1360.3113801266995,37.93696192753861,337.1700288754917
1534.2546836442762,-2827.254726361621,89.0875810658051,320.0876491681867
2923.222856741675,-2417.1571339500983,31.320386394765848,300.4803455769382
2707.08747023047,-1397.9564739306322,104.25810352443203,325.2074666872386
1852.4867286070926,-1480.9709383595427,175.11990035131322,305.463438932695
1018.6624563554136,-2132.3731560663196,86.03240750973488,331.8905747954226
1936.9322986572174,-1722.2645484716575,106.90308179633625,306.24003201923415
2826.553755437406,-1290.3494608105225,170.90420378971257,307.53260021011107
2050.1408179168548,-2389.93863162382,172.8908127147324,326.9006154097899
2841.796955782217,-2948.3733829976263,74.10261062993837,300.32591813134485
2947.86895014207,-2810.21769535594,92.0257894251783,317.8272735034881
1959.8745353679278,-1892.2567752712428,129.70308658753623,301.28173989744255
1888.470766437526,-2020.2580851697273,132.54199692268278,302.31806190120955
2992.4723491223544,-2275.3769155345312,151.44287978063588,328.4970559249124
1854.8984195947737,-1578.270881355677,203.80707088067422,299.40804562121514
2517.4108461238748,-1676.129974683619,76.51004626840425,298.68503739845636
2910.4277836074284,-2987.931282654612,212.36927470007447,336.10330511443823
2432.7512585357754,-1613.5563030669632,145.40117244857902,330.77473635088626
2664.867351734389,-2706.6138369718315,253.63830089280958,311.28411767565365
1398.50146111843,-2656.9082523519933,123.21672631012416,314.26472815901946
2507.5962082024935,-1821.542453037358,241.2862237173175,326.6352707774749
2520.8686442814833,-1413.669726389226,255.74920916691025,317.3572742809303
2437.9053608729596,-2640.7516438487305,10.461357278613523,320.9157962161941
2488.7219701669374,-2729.89487177169,66.2399829229876,315.28354068007405
2519.925591148234,-1531.1511798559745,5.851664264312738,312.8236729342261
2775.381858775135,-2678.4612915800226,164.9240283118143,334.97108579626433
1348.053061254967,-1903.3187171202605,11.232614362807706,304.0988436474473
2357.662829264638,-2591.7448164548696,223.4357548705367,295.1243424372055
2215.698113637875,-1730.4136759548378,65.09297117189178,320.7174040629745
2254.772497530667,-1209.0760750937256,80.15530755952064,314.5758437625403
1927.3594282512022,-1491.7317630899138,75.4827003113787,317.01327463666945
2083.725148705993,-1472.4699056038617,105.1850986846196,323.3568818264306
2030.3833090352398,-1288.2714210349204,172.94534190731144,323.53434460230375
1181.2621235457943,-2417.1564922903717,163.33587781831488,313.93098825186564
2795.485659699524,-1670.5574203319381,68.13194714877946,317.849837229353
2641.9428330708165,-1591.5433808484504,181.38008436070146,296.9550597645937
2556.3361714215716,-2250.085182064545,170.61135235690892,323.6462746830504
1411.6808805609753,-2332.7967712497366,207.00670835699935,297.96896956572346
1435.7709313065363,-1786.3280808166178,150.81302046258983,297.44631149359145
2099.1655783275664,-1862.8511995812357,229.67569101452466,298.05626918710135
1227.8358969331236,-1317.2993731248469,190.99329640313692,308.76089436155064
2542.9777497255063,-2872.9214771576585,217.02267002303793,296.3027636323983
2714.569355222686,-1488.6335407447655,120.81447936759378,318.7394448268866
1225.747460734047,-2022.472683756795,196.75160656792767,336.5455223974969
2653.921199606123,-1800.7108791981495,99.39966692494515,305.9574939097993
2210.1285452758,-1683.446526355702,187.09204918936064,296.8589204888251
1692.3039359143986,-1187.422964904418,145.68085056662238,331.2522609725514
2881.5798221533405,-2221.6479700209493,11.262649452806222,308.00618051413454
2041.894586076522,-2061.0030731979023,192.79827429104566,297.8154722824905
1797.84485063778,-1487.5584513316696,221.69200402252264,319.41413726550076
1027.2856183383433,-2406.4160628421923,150.3666958865935,299.6888114437761
1681.9180508126624,-2151.497004172347,222.38906244231336,298.2433201895081
2939.1001375851483,-1131.4754189088658,248.85435597006233,336.7584399926153
1025.0379982575225,-2065.677965226706,31.60116502439451,321.4748052608776
2070.7839963416227,-1543.6675212901175,145.97611354917046,307.4386942929056
2276.6896312980098,-2544.48408057988,65.14864040603149,304.9086673248074
2104.885905954525,-1081.841219322584,134.77424725408653,339.97322748614533
1512.4148843894577,-2349.0832830849254,229.3152340601919,330.1472526558715
1853.9015712208395,-2428.2034453867377,43.83793392842137,310.333346199034
1124.925721659899,-2271.8842494125774,152.05111524992103,305.65459107832265
1453.128356590914,-2915.3904379702863,145.04754258262224,324.8827292642904
1899.1541751252726,-1577.7231757155444,121.88455730779418,295.38229734502715
1973.5989810951505,-2858.9586242457653,229.30996743659045,332.8110552582038
2403.733398624512,-2369.70614280981,200.08514424400326,304.7078145645859
2152.418907587277,-2348.161826692394,143.13363071549637,322.14749063938467
2387.5713061527867,-1712.2014957693405,83.90536692521181,301.8083394231334
1310.1590702749675,-1238.656963353372,207.43113329402712,336.79456628381047
2069.370657565627,-2939.6803666787027,140.8490659993641,312.43146246326774
1784.9321051133045,-2148.5696111775706,243.89189893059165,324.1173193658743
2931.1961147892616,-2285.639082711895,252.640445865074,306.137131501893
2487.047090572607,-2419.4572569069574,17.696518771395134,327.73004080239156
2560.8265231860046,-1939.4891663347416,185.3394629894783,300.85719447962686
2728.1516933319817,-2020.3645326220835,139.55985283571212,325.38413200941227
2290.353989423742,-1623.526963907601,6.993058679224017,338.6387634994397
2488.251582744426,-1049.774512401072,164.75775135466995,297.3636533559521
2576.8874929706226,-2401.8447566026452,192.07355033885148,326.67786778266947
1853.2679585739593,-2261.0117993849267,40.07479141493,298.7491260202808
2499.481783642983,-1110.5947144422962,101.40263314575746,338.154608435635
1609.611475009703,-2072.204704759758,110.36020067727223,311.53702356818195
1800.9894721294254,-2695.42749218414,13.20342416287215,313.0995802841053
1147.5136842986772,-2748.882928658433,82.02670156012627,300.3114924203867
1540.2061707088874,-1813.7037096664358,152.70674016816548,307.8327003094006
2051.445646432509,-2299.2315265926095,196.65510010346097,316.05362801425804
1922.8181313616278,-1625.1869492354745,228.11039718548048,317.408439996492
1262.2877661989119,-1483.2080924511279,51.03184848158645,330.1885925568856
1642.0968685441455,-1290.3026665309567,127.12199874854201,311.0321583130785
2526.275873651972,-2499.552556126572,20.170572542283203,328.93261617440004
1088.9816489222762,-2728.979761398914,233.7288571800391,326.3755483668956
2948.528523543686,-2515.427484330541,176.60530676170774,316.70125845976946
2458.2392878153096,-2104.9307040579056,91.63483554548557,313.4503723423609
1198.222981731649,-1953.146123911076,11.162057599693512,317.68338159261697
1082.7866765712113,-2747.6780554356883,-14.036359652786455,303.67078996308385
2122.94324450045,-1564.4794349746214,166.51996132790163,304.7509698395285
1434.060007100821,-1333.2520621953483,214.16150762101256,314.3752250830272
1452.6395306438862,-1462.8965385647105,-7.973589172560556,331.5054865720844
2697.5372289596844,-1519.9648525886196,27.19227458530729,334.54298261562917
1112.1605040942786,-1799.016088604175,150.51926263010623,306.9598020585152
1057.6204453074174,-2074.22071570857,194.5739105409654,318.33461684793446
2001.3594814079784,-2997.98023601829,20.664701092100422,327.4186829404546
1836.1959113034654,-2047.7520441329182,196.0950052426794,313.46186775389407
2535.899868417013,-1808.7198376328624,103.80012246308928,298.6700604630147
1332.8070619618773,-1894.760937318093,155.22004913705254,316.5192398913741
1910.8542528155783,-2704.6230716317004,41.405253443573756,297.9084824659623
1537.2636404983969,-2983.853736091378,-0.8401066228420166,330.1228026371282
1925.8021661314874,-1852.0950399295873,9.18170841854133,339.63942157723864
2274.080780626082,-2779.9558265669693,188.07608633585758,306.54676704206355
2678.6538548049593,-1672.993109153014,19.57722209331576,315.4921401341649
2976.0685307527665,-2393.236841475576,6.026842467875358,326.43603135792597
2804.283279686033,-1062.208313212286,19.743924887769204,299.5288064163394
1037.5791612060805,-1296.31115318889,73.94551274110785,310.45142063523576
1883.0573878664013,-2358.5847639171,209.6328260641216,315.23138250396465
2818.392002476256,-2790.3167564035584,159.29647770899186,316.5551510381901
2769.2560780836284,-1195.256445032311,145.34787960507748,306.3401573148296
1363.7115560020577,-1721.5329330792467,94.57433805016242,297.37684582475043
1316.9733688419312,-2546.7391797817945,63.285042483823574,304.6400706704767
1022.5144010968452,-1353.229434008771,242.6608858470924,328.8715587467338
2161.059038042022,-2410.4753883193694,171.30881665356674,299.0255660150686
2370.0637093047935,-2072.1167275038556,52.001951879646654,330.3695462437449
2819.7706085450136,-1095.7252594547351,-3.4491700170574706,307.0690763519126
1744.6236884461239,-2810.650651891293,44.617647434614426,307.6703095410403
1572.3740858720093,-1575.6534949620418,140.39086441560255,307.75966782080974
2393.7929256049747,-2128.1307591001582,185.75922490066674,313.57931281786944
2571.3913840567857,-2027.6288206519962,251.41730965916207,326.6261059283637
2428.415546063909,-1268.1784659106906,94.03330305115635,301.0883250941157
2736.2427873507504,-2033.7358559292165,190.21671110711586,331.4484547246424
2374.633825451763,-2284.807900237112,64.80619040410107,315.1311036722298
2260.305352302277,-2980.5389705731236,140.3076745218795,318.41709673816644
2157.96108077193,-2328.5022347197837,88.99092941923871,339.6457832632565
2867.9072825991398,-1119.7624735001787,238.7016054487463,326.94789290161793
1781.6704700689415,-2466.807721455969,43.42381388348944,328.83293920998176
2775.3874917826774,-2153.587804018152,38.70223169407042,318.58522966307635
2654.2466215226273,-2884.680677072426,42.44284612329405,307.91421773345485
2467.8571123773922,-2688.5353021039205,-2.1977121008775917,309.1210194385664
2325.775242329766,-1487.2823360546647,27.55158394028423,337.131263652779
1642.100738408888,-2833.7594528289833,205.30450050230695,332.042450697455
1491.1970445791053,-1994.807058236896,153.35473747349215,300.1127981531219
1765.0372859816891,-2979.509369544727,67.9544614674351,328.6242385767586
2796.9988012416884,-1767.3538084249935,182.88970363455195,312.65305435602767
1751.9214168209464,-2994.3162424734833,79.92607066024881,320.6422779277072
1438.1713554181492,-1932.1513348925134,229.67530992246404,297.9933051119405
1976.5724319494702,-1918.539636104336,-10.31129053451638,333.82521517573645
2173.7779492799436,-2190.4147138336853,103.78912649596265,334.9959579386524
1826.8498034532913,-2846.9473628018395,7.409518347832968,326.2131183221208
1208.841456795174,-2415.7280264682768,223.68719357962863,324.57360967177675
2985.555952331571,-1064.1065880500385,49.384221494192374,326.8848241197485
2578.5537482660857,-2122.3844351425005,180.51817565281073,296.5701735014976
2829.518935462629,-2868.139946851672,223.2791324811664,302.31833015737277
2193.9576339259515,-1375.259172189866,15.074040500222445,339.3684021557788
2261.068517741908,-1967.0995967985464,1.1462697211548019,303.28300339641453
1885.7963689086537,-2811.4042483310245,252.60558121251393,303.04475796642413
1250.534236878414,-2798.308455865862,168.68031650629158,299.86893697702516
2504.4732490945485,-1086.967998556177,13.174320411092463,327.63880517246935
2260.109277328572,-2539.6706792327004,232.5258316944278,305.1488467670178
1007.432110189701,-1676.4551012462211,185.07637282092745,307.3535668268612
2051.3769021032094,-1648.2295644427566,191.42379931101618,338.7599759050738
2258.6385606611348,-1110.4599836489672,238.43268324475747,319.9015941695518
1147.432122455929,-1692.0575626068849,170.55902797073355,338.839163703719
2493.494662034327,-1303.9653501474813,108.5210461898388,312.5847448202194
2585.237771376258,-1397.1294579543512,131.935988271396,317.69016853603154
1638.4229822176098,-1860.2110314081729,-11.63051914106882,311.98805077090697
2672.121115955366,-1704.3308372307804,215.2456685008545,311.4634137719804
2215.603930507642,-1049.1035724985957,106.74987333130784,320.98407950210463
2078.275340542005,-1527.2836063801553,186.4107816034511,297.49963040843835
1275.0873193246337,-1957.2351722016563,0.9107654136352803,330.06351462933947
2888.239076696103,-2788.2829611588604,201.3802032549012,332.28818738022596
2621.6849651740804,-1683.219630882687,41.9804747779651,337.0483771630715
1849.1065769630718,-2978.5076937980925,108.63583529468112,325.1132495060395
1256.3257785477972,-1868.6937597011154,62.137745552248575,315.88129057157226
1792.9445277058057,-2314.2824330307208,1.4579792129889952,318.5355956548762
1093.681429004011,-1723.0577784741606,4.089897022955629,309.65184450298017
2910.2967315524097,-2043.2487620983588,209.12790422739866,321.09975999034793
2253.7163996366694,-1994.2845791751101,49.89450323605,314.213949925953
2271.749094374505,-1890.2742245650427,98.83760477647792,323.41571476644793
1608.701215118474,-2005.8052938511232,252.4490810452906,298.3305112083995
2540.119249748588,-1124.5989965429817,124.88814213191517,330.3464540139512
2836.1632068627587,-1575.2077661146104,22.492978185976988,335.7618636961182
1642.8133620110552,-2469.7877030250925,85.71808053790606,338.1365490017951
2936.3482382194516,-2215.008463985594,30.926828155475008,301.7715494323112
1341.4500022760199,-2508.438849669071,154.0713221832049,336.7138812534416
1453.5693531168135,-2557.087670775283,47.08338450335755,339.38269045552374
2491.818883206709,-2656.5434849591416,38.762973412354306,331.3366679265936
1745.006380903031,-2917.4277079713943,23.458484710802225,319.88009475651256
2805.633678748497,-2029.629516667255,97.30294821770177,297.01606628389794
1014.815798188286,-2596.6744283321086,190.2913515404552,329.59680209190446
2040.5669024164135,-1149.9788353618483,171.62024119947958,330.97707390950904
2911.854033229087,-2931.834501029549,182.9599137675497,334.6757214103004
2362.1867487593117,-1382.0306650386308,136.9014825274368,337.7677550877088
2852.7733695863985,-2505.0067601398264,124.64549434815399,335.27179504003556
1427.0450915903575,-2336.5623805499454,122.03047094520653,314.48510747304414
2614.6702889088497,-1714.5662473616894,-0.1462716895435623,300.02958368231737
1699.6131263031543,-1554.4160891899196,117.24500658036428,324.49174171712303
2445.940227580115,-1180.9038239470653,-6.169937493373313,295.97060938261325
2822.155590149433,-1051.132608404118,59.08050563243172,338.41265377255587
1422.4365164485746,-1599.6979865685553,163.35434663835076,336.0417137150592
2113.1847321075,-2787.51120163235,75.84724252719175,313.3621267187477
1947.8483464231813,-2062.7980040223083,5.952121870887371,299.2833587668124
1814.0327181284651,-1104.3237003689821,185.8154479493236,306.4451055549502
2573.7321714711084,-2744.421732684757,120.20837297255875,326.2921580112895
1821.3977177830448,-1002.9146888402172,43.38786802643889,311.4860360767042
2300.077458446892,-2525.344451405493,139.65771505025768,330.3524416834104
1428.903552328231,-2224.647865939447,54.11836606271049,305.3038891997187
2972.1764953344855,-2209.069619003193,45.89654048802919,338.9491829850854
2237.785974881641,-2810.794734459796,99.59503579129085,316.32918618146374
2800.6516790200185,-2503.964032780044,121.87867578327305,299.1093934916213
1778.7664005170316,-2822.396168559762,225.97601994982404,317.90386991750654
1125.0480605618222,-2261.2451960019275,86.35832075829687,301.03805100264384
1196.4847972002551,-2870.2398794762703,54.839951029261684,296.13379710359317
1827.8884834299934,-1046.201159127978,25.16295542736446,306.9393665586075
2355.5249730273517,-2392.1171448208624,151.86481964277263,298.95546402488185
2728.357658085016,-2140.500708498795,127.52368874997089,335.12466754590776
2103.7398752442386,-1328.945946948796,12.502782577432502,330.6502624723244
2922.0694990387906,-2741.5336550502557,101.07586747475901,323.11526604395226
2121.7784720739164,-2699.106110695671,92.77129738512491,307.15430522314114
1981.0501265632042,-2227.775515528886,73.83538707916024,334.89684155908657
1344.182203014711,-1602.7697551823512,44.656981519829614,295.7047692940359
2633.0071609767747,-1100.7443921238446,232.2060003791116,309.88644978108704
1555.0413526307223,-2106.2515181343674,204.17343884455914,315.71601336571354
2311.139312175559,-2226.7951329499074,23.319550097902777,327.00284910711946
2979.45110648228,-1979.4400213296449,225.60575622587908,295.5884795833876
1797.7361082789348,-1106.4097100609638,207.87978157914958,302.60163254341654
1219.9956458453635,-2824.43015161692,247.2302290159907,316.1078895738141
1616.275404585933,-2697.594827595534,97.39903773089729,306.7690703620604
1755.030299316733,-1423.8280475627835,82.14818606954424,305.9657063675378
2762.351579648127,-1353.3544714542713,254.92588843247898,319.84287854223714
1215.677947276366,-2284.529976404533,180.21364428019817,301.10437687378374
2953.6786196676285,-2064.2263944829115,226.24845291464496,304.243310465564
2691.405583059745,-2613.7714281589037,178.44051743427036,321.67254778813555
2740.474439332136,-2817.212274883837,139.25184514416534,314.771376163279
2172.745839963757,-2343.545098462905,164.85736208393277,315.5306605331816
1710.2428592810027,-2067.5001363885344,36.79037286823535,308.76450460097163
2582.4350044046228,-1467.6786299871314,32.27881909775044,303.03382599877847
2216.743040384826,-2624.8258777435567,102.82270389211014,324.0032331127514
1993.818535652867,-1891.4607573943824,27.27963018757943,315.6268657349596
2482.332710433886,-2921.122612394618,124.95041774709873,327.84228902308564
2072.964193106951,-1828.102764776892,197.15808113401818,315.5808713190735
2469.441859431314,-2661.078891803726,23.088421111175066,295.07655758591784
1196.1744272611054,-1337.2617319255708,180.55746584065304,332.5634890645677
1375.4662536531002,-1581.0578970492409,169.9680445935227,306.00068109388917
2373.2222410368786,-1919.6155324366403,127.19159397287368,315.32689667895045
2500.999149025086,-2771.297484989728,51.104091132235624,324.50816954939364
2602.063515203769,-2366.687505422322,33.11963993418624,325.93590167848157
1538.5680111541822,-2481.5449590033522,221.25270791270907,304.80569482219937
2981.658498151727,-2258.1547130213103,4.220577597928191,314.6817405154531
2695.381850658834,-2316.087413776982,214.78875669292216,295.04672838680733
1385.1222798564027,-1796.8115057461112,23.132422767081863,298.47068964639044
2207.144518877777,-1508.9804426277542,242.7805685574757,316.1252299368067
2196.496262479074,-2529.9436524175744,9.39211315625203,334.61322899627174
2615.51220659906,-2767.9518692408806,30.327447302845798,300.07926005792746
1259.566928825564,-2174.9016736906233,216.769812183211,319.2886221249647
1041.349979539,-1739.4781310509964,69.13708490257162,309.6170066778301
1999.5044193363879,-1487.256060194866,252.82889515247825,312.76634680227335
1777.629707809894,-2146.685433254989,244.67279528519202,329.643093489712
1255.8614278691655,-2321.521688020426,251.4291242810628,326.29815168403104
1069.5027352414822,-1860.338058387609,169.498909981526,321.4618107741897
1200.4178436688228,-2274.1691791255025,169.1094907643255,317.18656648498484
2437.4710034939767,-1846.8107829495154,117.21454175507873,324.6505120065388
2362.6780057021892,-2735.3061967409108,213.7370136489889,338.3573024087041
2839.9839901715122,-1537.5436493554207,122.65331449857652,295.6728351079901
1034.461171149321,-2720.398916204133,143.0553245901097,315.2096356831909
1131.6855954485247,-1335.6649558996983,76.35018550526173,319.05528732737815
2366.3521431292793,-1770.6433683596647,30.204272645267203,313.85380810505507
1217.7724132826265,-1768.4678567915719,11.354391380338065,301.07459210211584
1014.6624859800404,-2827.2394411714054,39.63263464477061,307.09398036093
1432.6356231631055,-1485.661671550591,212.314050016893,299.4956356472793
1913.4053650156352,-1642.547326055614,45.10301321236123,314.60074524514545
2460.8220360681776,-1157.068590497729,92.14122305933404,312.2666461668606
1397.3533549645485,-1332.020946510762,134.8332976554638,311.58377646747425
1675.1996987681357,-2195.714823744256,76.37163426500025,330.29803800878324
2421.555363117419,-2010.4641481229996,207.14558393069723,325.90727742301925
1845.5216976476754,-2069.129512856519,17.75207296349776,324.37814111899553
1105.301676315879,-2620.396972868683,185.8344560720249,334.66927437090385
2472.930869603112,-1707.1773827993818,5.576877396403521,300.8276184064393
1709.5073238344282,-1411.7357457643566,82.881597496916,297.51492056280114
1899.16766503443,-1004.004159616796,250.95053540413545,295.9756676608832
2207.2854070963217,-1761.8346628186007,-2.8655232016580268,325.38354298307826
1892.795304544403,-2562.8198366070314,175.0087257536076,300.99776808227944
1036.257422706513,-2384.6226258456986,23.612498375529576,309.8011850937641
2553.091904864618,-1602.992037803219,111.67533257006369,320.48872335893986
1931.3390467983816,-1407.3263455378426,149.70508952863273,332.02746451212863
2676.781533899477,-1703.6919914865134,175.30649358829427,299.9185673207109
2276.769377787464,-2425.221609944607,142.04644729221684,301.8188176542835
2207.8277157017847,-2865.091879791435,258.62571199570607,308.062845391141
2642.013526656253,-2170.5663582224197,133.58726894940386,296.7788031288255
2808.6518267880156,-2915.7178137760984,250.33816700100652,320.82252878325056
1328.748399884656,-1064.4730500645449,177.79744706002467,332.2720893841948
2040.2491509825784,-1877.6240788829416,103.0309843035343,330.00311396750726
2655.721527364987,-1559.5746180922329,4.535203150069609,332.3464094641276
2069.668617550943,-2901.5975169648827,190.11183213495235,304.0250359977276
1511.376756896584,-2799.5161483746338,122.04647475645868,335.68260118280654
1951.9236979221148,-2261.8066991202513,86.06092133350819,320.330664190354
2859.967030521718,-2487.4585913469077,176.32990477231002,301.58346959325524
2907.3399887758133,-2361.5296527842975,174.6372990066418,300.5751416358697
2995.8555504543674,-1544.733802801626,91.43376764453627,304.08170352413987
1767.6226178226639,-2863.089095298752,38.52453568243223,339.07206806050453
2986.939792020976,-1651.4646782283492,134.08334743626736,325.64821730482356
2196.170223105933,-1776.0783469883022,13.888763442228289,296.49189282838284
1032.6620445746016,-1792.7219875534481,209.9852281916758,329.13305840001397
1835.5246573866502,-1507.1537796911687,-11.015698643605223,301.79623953266986
1535.2046192980401,-1632.4355752363992,91.80015309128773,308.827306616361
1601.1573568047247,-1006.2053353430365,153.41724489786537,306.5996079768428
2721.156672578519,-2703.9787030159723,38.35024135324867,303.6548966829769
1580.7664288546212,-1812.3023656621533,-5.363331623233952,307.3456747053477
2023.0735455094957,-1286.9672987004724,38.22749402542949,338.8363880520674
1500.0919990955776,-1259.1005881289461,165.03849750026475,336.0098720254081
1084.532519595856,-1265.1998551400716,34.88253498397019,305.0029112433334
1123.166195352761,-1910.3364025410829,76.73154350371595,303.9177426887395
2515.361182711088,-2593.7244526351797,240.50547337095108,325.726831000142
1735.3810032431593,-1920.9065233048632,175.87950680917132,298.9158000920793
2033.040994655697,-2195.328817652089,95.90223516143253,339.7397878435257
1046.7309584868276,-1827.178633061833,226.02703686905326,305.763159734186
1584.5953416020725,-2528.1095836397644,170.63566493343134,318.5367808797337
2254.5993397714,-2379.534928240504,163.64735079242004,325.1927606796756
1944.7238099196022,-2069.1368138957478,79.13981192917055,315.7247511946632
1710.7002916786328,-2723.3939171047823,30.64344168696899,304.55017207951875
2879.0092243960235,-1850.2494826919624,112.25402319492441,304.6197441682202
1280.529980460614,-1347.686287839046,219.72595502288516,307.62457790447394
2724.792520362134,-2621.437105913848,227.32758115790378,296.16470320714853
2980.862994047749,-1010.4778047853899,11.589839549368698,323.908867867954
1136.8875848214918,-1103.3839177969091,16.18959570749907,304.27954063283437
1537.1219669861534,-1721.8483799083372,30.061418789069187,325.937151218825
2420.9416761568214,-2721.83170347293,225.81726725889936,298.44092036982437
2796.6621834479315,-1985.272386665773,68.41788656061573,331.63681816031726
1087.7166371037165,-2593.611823992883,-1.8016459139852046,301.8290611005008
1186.7422860813858,-2372.0099788961334,86.4160583233113,335.5807135471687
2405.403740719483,-1674.722303365583,132.3752667045558,332.7884910735215
1018.1364029276125,-1369.9920354569304,91.63690661088053,336.7638547582871
2758.6692488059934,-1672.182460477655,195.06100105601948,302.0578455389019
1943.9653867185034,-1920.6277642731995,118.59822044142152,302.6317879482621
2093.778372757911,-1927.0589222499266,223.0990262101064,295.36732170261416
2018.648194754871,-2476.30784251549,186.0829054612417,313.3516752684204
1148.6238709494774,-1378.4375127668297,7.281582724327407,326.6646554351065
2664.2449347070287,-2071.1914097696013,81.62367764758093,296.8225997090117
1926.6504008057973,-2973.9333849975587,145.20434133255876,306.6630314979967
2957.148378887262,-2827.070834035093,29.01134276434069,314.4685044596374
1508.871743142503,-1287.168236640302,99.21751358353809,305.5976715116553
1024.2203386038664,-1557.4463929700235,73.83121936702724,301.64233226101754
2797.8763353985637,-2062.515580549084,6.775239129325968,312.17707123204264
2176.1663002433634,-1501.2055166896519,27.099330762019115,296.2492878613203
2427.6415965427796,-2841.2756680321695,10.660245024183563,307.02926736185105
2480.011709071081,-1237.760993051758,37.32540461175837,295.64342650039157
1941.3955255504193,-2290.0527917037793,101.27643718901007,338.0980182791728
1582.5083269124686,-2325.603477693052,161.47276468708944,329.9329024133028
2544.4922615413984,-1249.8186575997,55.21565560346815,329.27636641570115
2428.685724037249,-2152.740116872197,188.55637067761955,337.477824996317
1601.0701463177797,-2274.1880300238836,91.80143532338153,325.699127072067
2304.424689958654,-2395.3334255846953,145.2159118363262,301.984046467398
1174.9835530809437,-2148.3790551064885,10.45301930981157,297.23877763499786
2504.2415376505132,-1751.043757135156,82.96001633166688,314.92058703179305
2511.9335530914636,-2877.3513610150776,79.74933188394245,332.5094942910796
1131.4071185754547,-1835.5649160611945,114.54981941763853,311.8622160041244
2944.431394702936,-1356.6288942551344,60.46109619898489,324.7763582786955
1661.8155932441778,-1305.518675978268,88.98594908100577,301.27058602017996
2505.647146515822,-2521.817486200505,95.45730994860051,327.02491663381545
1570.9161003259544,-1115.050288960878,72.2909900954569,296.4599086371983
2838.47922724581,-2855.2338230903206,98.26250952311104,328.9443051141032
2997.1447711233336,-1487.8186947056806,225.75024250623719,307.5833506087178
2602.934241895985,-1347.9222911897853,17.40549322862671,306.14725243735614
1921.0726897936654,-1575.2990791805914,166.8913496885763,318.1844909422117
2518.321107824069,-1629.7413949515235,108.4217504897608,330.08174315351874
1363.9203977753182,-1030.5573543878895,137.08912294807288,339.83370089697144
2073.669915318481,-2995.109890507334,191.56732007168108,311.0184506541319
2934.805776795358,-1652.452714542519,105.80711466235881,306.55062822690945
1143.5624427237265,-1530.903677776333,21.8871232776888,307.1857872526929
1171.8584710581445,-2900.382904398873,47.51353878425561,332.01473291496103
2055.776315274268,-1746.4541416660907,40.595884066582876,299.23197721628526
1615.3594707182579,-2477.0653919100682,100.73058814665707,305.6034280530815
1468.813003809186,-2234.5675183334833,132.30024852145343,299.1019379681721
1081.2605225725454,-2871.182446854025,-4.913762705100279,310.0220825975234
2356.867694191478,-1527.5379600054628,258.2086439457221,320.5997878592769
1038.8195698449226,-2178.2319135627695,251.7859294808457,330.8043827727592
2855.3054703473063,-1193.3128095220777,112.8805773826181,325.32437163664247
1190.2835927912872,-2607.425332151752,233.06890095929083,295.52096969504476
2690.6281179510597,-1979.4941692601185,17.528864703054367,310.85945965190825
2351.897597693819,-2921.0764427474924,117.57954831049017,337.77329760283703
2170.892642574069,-2508.0456916737858,-4.132308527037724,299.05330828106287
1708.0715785986426,-2314.3954624945004,-4.961688542358182,303.8397225409457
2792.659023296963,-2555.7444645067176,137.87513095692213,332.20237080191106
1628.310559280289,-2722.1346159473483,12.013351031808067,309.22347463989706
1813.7901447052495,-2043.3094313430556,76.12607878396796,305.58411839846536
2067.8294787986733,-2561.4608280925804,137.6068239925485,317.3998445622946
2678.399302675344,-2388.138976579511,228.78520129362047,334.0888655941716
2481.445212970343,-2508.6834718735568,177.01872341719886,300.0436250364589
1563.7199621789887,-1993.6262452818962,213.1134463370225,320.92595667845956
2078.296031610579,-1808.230301980262,233.5804614441055,305.4364794628055
2527.5746862264596,-1047.9734981426861,58.530660617843225,313.9525931593215
1025.2060390592608,-2596.3008745075167,139.2370706713688,338.0383336528067
1790.6653580592742,-2006.6258949176383,227.59905056545375,330.39731163480974
1715.5831765344865,-2306.299321567997,65.79495875273827,310.4500823246208
1307.6098537301482,-1918.7802273403208,38.222306767719935,304.1879882885274
2421.550650185079,-2039.9623777763718,-12.44626890885918,328.214246276151
2708.7414435546025,-1557.0095073910752,140.9019657919095,333.18223779514415
2365.17517553606,-2449.8377292887567,97.02418696763164,295.8484357500376
2795.523715046561,-2378.2364464419265,49.3999384048103,330.2524297258196
1833.855358943687,-1984.6368885134323,135.83292981896403,310.3446647839637
1336.4877432968556,-2246.8728734522497,166.00530422682854,296.28937455907567
2226.181603595387,-1926.021620806286,61.96246498111881,300.8718813389647
1060.667995899222,-2268.117008362538,52.53053160114369,337.2228701544721
2352.4675350762227,-2148.5610663669627,202.63519292041707,318.6412001181225
2271.818024977073,-2087.3850893682693,85.42783018373568,318.8228279557075
2877.9654657225683,-1598.386897094698,151.3658322362915,328.19728330510213
2126.130764257407,-2553.8917450324584,167.5825024721806,307.00732307219073
1577.8933442790453,-2063.9702485185962,78.15662553391404,327.1968024665935
1081.3847695275558,-1960.368428529001,87.55561936533466,299.6731386438369
2468.2698359311144,-2325.6150625176406,27.391630162963267,317.5883248944707
2762.608711732325,-2298.93202961329,23.562998748976852,304.3888054607349
1154.8257046527676,-1681.8107894168472,236.3988289546805,309.83259166564943
1177.3193554911902,-2344.9952684832583,166.26466414320555,305.0748800821586
2509.4533233754673,-1045.1628285201007,153.20270545781153,324.23773280061084
2680.434419140584,-2984.9481030966726,258.5629832313626,332.84065760823813
2775.4897277062664,-1253.5600887853232,67.11947326024661,310.7442338057514
2667.324548066762,-2363.34529876512,255.46173416419907,316.2649442047506
2907.0915782418456,-2960.5981099211517,235.4518781012221,298.6290854723609
2293.7050498167364,-1314.497488588452,65.45505362767123,327.50435166622907
1180.269582774544,-1837.9653529999684,80.09164152580452,307.1171004440196
1717.8283343507687,-2593.7381921731276,44.50088908363777,296.85729082577313
2691.0312164283823,-2230.6086525824117,145.522897900361,300.6013215582556
2728.660253890738,-2669.090470653768,-10.168941362119908,312.99949276759287
1452.2923178727094,-2207.4757592926508,238.1133685151894,300.77716367183183
2572.3427996094106,-1012.2245695356617,105.72422296606779,311.0117669114224
1799.5224904024135,-2191.016765337451,149.56421439976754,311.07405499516693
2524.0822157349266,-1060.4799510210432,154.31679564106065,327.7968691196435
1393.1357501288642,-2035.2622690727108,208.77108840146207,316.04289889065893
2004.3391824237547,-2620.6845556507924,117.23233958855022,302.65456722527455
1045.8988213659763,-2537.2119767208446,25.548068144061318,339.8271927665463
2854.3462843944308,-2787.226477713706,130.3382067045595,302.40292878066504
1394.0730024245902,-2003.4032791677719,61.505166409664795,308.39933690035116
2359.695688651379,-1774.1105645196967,107.72606305398573,325.74364266656573
1718.9452109607244,-2939.9918035087835,217.38820521875473,331.3745701394369
2498.6194814245873,-2031.5909906211994,43.91794833800659,316.89856379006227
2767.1186945715463,-1046.1504889796277,233.44564946526555,300.25946463580425
2575.920546993681,-2048.42320923966,84.02627635882723,338.8703037720308
2933.1118133909736,-1986.2400896532367,36.108735408387496,310.56890904152766
1962.8850596443679,-1577.2221821400128,69.77042223950356,310.32165194728157
2089.6913064386517,-2636.835306179397,234.55067755730937,334.72843227750394
2818.5690209733975,-1944.3836093221264,163.70268405814267,329.34866850269736
1469.9951180189132,-2972.2426525983497,96.22386630176602,315.40165591337774
2342.2785119955875,-1723.278049525322,247.45492284060265,327.6273876610436
2373.1335778852535,-2822.330588430036,6.1139122722006505,325.1136937852854
1718.346435238421,-1344.7450069282038,197.8411681146244,325.82059362258303
1654.1227464199603,-1405.782695542851,28.604512703770176,312.5106255150798
1333.5505585708222,-2655.1795219140713,153.04468200776103,339.7004465062254
2421.650808346776,-2512.7088792644663,94.18139323104042,330.1635849545301
1247.7747690045958,-2901.3619783528957,176.4893833769739,297.38856024168126
1518.3803998814856,-1397.413798795216,173.64496508058383,304.52802227584164
2114.356658151233,-1492.1892803764472,149.43522342684884,305.38740151320013
1775.6266707147888,-1245.21475791288,77.12081173132225,309.4634152625324
2512.1571414715977,-2831.7226048309303,169.7665132566594,320.8981886651518
2294.855382029373,-2185.2089475412586,29.93303792388778,333.8798898013074
1572.0931656441614,-2857.65470940525,75.77159488439328,311.4113774369858
2829.036239611776,-2552.360808388968,21.50032972938709,301.9906758714957
2358.5709458550973,-2056.563273708779,168.1422493600777,315.1790153610663
1959.9905815538937,-2106.5484121100285,36.93239910469041,299.34242945327685
2913.7897726595647,-2269.025956889844,212.84349899376852,333.21634452964224
2046.2982698694132,-2132.929399118394,110.74577184949034,323.0643380386899
2302.225856868161,-1406.1691486141099,149.46938836554955,331.11205137294274
1396.0066238046797,-1194.5221364205595,257.7740401794047,337.0037870202081
2301.176620783875,-1866.1705707155718,32.8179767364018,318.88317578484106
1979.577883839027,-1817.8047032677348,244.98828115838506,313.30820791971524
1414.5933226362429,-2726.113491911021,67.8545153932693,299.47079477535215
1507.5498380261588,-1055.3039785332608,23.258588010900652,296.9762060051191
1143.529808421213,-2141.9813822923365,167.340224062163,312.8696806635339
2824.252425479992,-2262.3416263195536,-6.838653927618141,312.3654994816131
1666.205329059845,-1157.9942259361499,82.7498815207578,333.1886816972595
2865.471066202611,-1051.3368232819319,184.42666727271177,335.09738366078324
1125.5749206537616,-1161.3553498388515,1.1071286896466503,298.9629776822805
2191.8743970359346,-2838.149631299741,17.613363321988196,297.1333471728256
1837.6943589076404,-2178.172758123684,176.2427965500185,307.14625784973987
2340.8619024360114,-1319.9507208890084,208.74105019609735,330.49024248975854
1826.9725767335199,-2807.292896499947,180.6166672793425,322.04366803956736
1103.3917204878005,-1947.358732213413,23.37831450320389,301.5501286909974
1946.0381032174837,-2445.249486106348,-5.597781727914992,336.5506095379127
1744.1695957838433,-1212.9901859795552,55.31474961677489,325.45613915595555
2512.4387986451575,-2055.5546449090566,85.47504830314031,302.9077083205438
1744.7438685147545,-1770.6465737785725,20.221550253498464,303.46429704749426
1741.974113442679,-2923.4641308006994,117.67532752590151,313.65830209112505
1846.1219582865197,-2533.0178403806403,25.79808989579427,313.15496580947433
1476.8896596165753,-1350.362814510425,191.27766071625842,301.60232527798286
2079.8970681484398,-2619.9377363616063,204.22313493937418,314.1018036146713
2535.240083993126,-2790.9305756543713,208.58337945279538,330.31355619407077
1014.1664561642311,-2094.9862141421927,71.37242989837404,311.4070234981588
2092.6756091337957,-1021.0343038689548,116.21001704146246,338.99310342583595
2644.290677437778,-1721.0299261460289,28.74563759795886,321.39649804023566
1467.3752434184235,-2686.077768882419,5.543275686814432,317.68860314582025
1569.0569454098,-2337.9193672031397,5.459013766674573,304.99256152910345
2709.8452241691093,-1054.3070134301338,225.29651839854577,303.7636205493416
1156.8867802337893,-1438.8343610204408,118.0516536556662,315.08883349137125
2543.7693758060464,-2318.910149798049,119.9234484445715,327.419425722628
2616.6457081911794,-2491.446710137696,77.14432741815847,314.6174742131932
1580.2425869401306,-2676.3315970163812,229.26590114019024,304.4705534723238
1666.0311021167145,-2739.7816760166875,56.80590085742101,333.9152213768462
1941.0152411189483,-1353.9413208835506,211.89024459434665,325.8618000313545
2524.0922207529093,-1805.434520538984,207.9977208926277,318.4322927136984
1979.7936627830497,-2153.7812827801486,23.210960150897634,328.48575410433557
1921.3487891783966,-2572.5190331892245,97.46385128161344,300.18715940472146
1326.4207971836083,-2996.542863218237,129.04059061317778,335.79659807396564
1981.1162255732934,-1633.3864270767192,97.60332434113313,323.220111325577
2722.3956365203403,-2153.243865328947,111.0974472992637,297.8386381954706
1130.6259585971948,-2967.945008944333,141.35325815438227,333.7504415721262
2644.6317920183255,-1620.3968766979553,66.39614585935834,315.9624272699979
2939.805866157031,-1802.4364430624207,41.18447734563913,339.86317844665865
1010.475510008267,-2841.163134106885,93.89599256314698,308.8677432929877
1866.3543313580662,-1364.6217728552683,254.74891876318674,318.71464304531474
1675.3275018174747,-2191.1446548347208,29.184445455674414,327.2291852169576
2614.810977803269,-1500.3430219536926,166.96252040053972,316.83233588748726
1132.6463651532154,-1427.0538988952524,2.6886769971756515,310.5621165472968
1890.209941878299,-1094.4899751542027,174.08523088468178,321.8801625515612
1120.1314709944913,-2118.5609815652965,92.75529806132518,320.4583796176132
2533.443314958362,-2391.516051335991,69.6643172370002,331.9487144602341
2935.8854905905664,-2851.5115403154837,10.825047365659874,301.1117927830507
2632.9787081522945,-2694.7499615106008,203.4113317882251,307.7024125955268
1300.0848893658717,-1684.5505418965279,0.4647276469839632,331.13166531844
2339.2512854488614,-1480.8485195443718,69.23634709249072,309.18007558838104
1416.4849390909544,-2118.5270372296977,10.299650816480085,297.40597141437325
2144.879738359854,-2901.797976855879,98.49973321333415,339.53475802687063
1981.059994768147,-1322.486809276815,81.58327695598064,322.25730328378165
1136.612354035999,-2593.6006415506986,103.51865004580428,317.6605065060375
2331.6748990129004,-1174.7178743014467,183.2761278456212,310.61791467842124
1805.3930644879529,-1555.5649253555782,63.25702428157747,298.8821747389163
2407.6711936287866,-1629.1820273872772,23.57112308782532,331.1075228018119
1276.8305905391726,-1600.2049871667944,88.04385418250477,322.61008598399405
2630.787712686716,-1994.163969649373,132.19200522044747,318.91423050000617
1282.4984666911605,-1190.2850758467157,117.31027271749593,323.1394356492899
1545.3856195451308,-1175.0234403567172,10.648781702324037,336.13753897787853
1631.4190091310006,-2348.1063465064053,241.93817345450577,310.5410765644475
2569.6236731505487,-1596.8367290208498,178.69040932361418,328.33915377287883
2265.073608184881,-1093.93514746726,171.39943939647975,325.6413330570827
1415.805958273251,-2181.6466834004164,22.839990894449144,301.0016237510673
1737.1217239655107,-1253.490126740665,105.15947461297543,303.0522749035921
1729.3795404250372,-1290.129386701445,-7.610537353994274,312.88027394664795
2288.7007335507687,-2146.1122403830695,187.99720552461875,323.2068889917361
1499.3983791903047,-1781.7559742429319,134.87056709322536,331.31770339098284
1777.516719378607,-1202.5274910643352,227.6947151118578,328.18341104173
1182.0447603386508,-1527.0015485164295,-14.323038209637287,325.8787417155978
2505.5232606730406,-2031.9437797831256,206.63677983996865,312.71474729256994
2390.2160841086215,-2992.447186270248,3.035928580284512,330.24098855301014
2475.0211250847487,-1560.3578652502683,96.04946508972307,325.4934332594232
1912.338269698529,-2563.1520285671395,205.3812300734244,312.80482908679045
1382.4242202308556,-2637.6449038895626,142.85303969243796,323.65044782014706
1050.7833414848155,-1412.764624433889,34.849342080950414,331.3994270274998
1375.103308129542,-1462.254165036539,163.25050985334852,299.068845924219
1373.103433220688,-2960.4081273272413,5.130216959228026,333.98180123734124
2343.690998360796,-1683.3727346429978,68.84697637867026,331.0276749078056
1499.964112287503,-1455.5905272745035,31.435585221877453,339.4847651784899
2424.454121909478,-2627.8348131364774,251.3463235125161,298.21406499414553
1209.569965677482,-2504.8643856681388,160.2762614680864,296.4885722982737
1033.5659820247115,-2109.8690190084744,50.43118851261687,320.979614986403
1052.6302095814058,-2207.0003010820155,119.5338458676338,303.85566219234624
1817.7106045123946,-2825.5678917064165,146.24692488539696,308.8178265780092
2885.888493176376,-1863.8612034188266,148.80366788757067,321.182508540771
2441.69536757284,-2204.6496675176904,27.429227372594298,295.1242983370006
1386.0248453771787,-2566.577591444055,136.14348310002094,334.8164216005755
2829.0656972945444,-2283.7568789895486,106.32792489132656,297.11942210500325
1841.0545509245962,-1564.0948456382139,123.57127877210596,300.09239566798203
1544.878902057078,-1020.3380733968052,190.0468669471427,330.834671336049
1179.2207365257452,-1346.7676383759856,231.26639311512145,330.88580981467913
1746.2053940463943,-1469.7801791045617,61.88156703430752,315.36734887429833
1643.2324588169722,-2392.589750240321,237.16021938296365,330.02525378242683
2219.8056642400416,-1587.0255422676087,80.34599942541342,298.29610528325867
1512.5565015985794,-2747.178956382723,249.59204135210877,302.15277510959936
2843.004240062928,-1238.7884999947305,145.92888748581794,329.7376312518126
2877.8180974265433,-1120.6206400297324,-6.913564201857406,296.194535253532
1467.0257558975018,-1932.4829491193605,158.49294811940268,317.45699319700054
1744.7487048774265,-1780.9384637012183,83.17930045729976,329.81867898885605
1129.1129997335993,-1217.3835435375672,2.160297666825045,297.92608889186585
1190.009233280063,-2774.604317458253,226.09645827232745,310.1415521601929
1788.6952840426252,-2997.792322582065,117.68521210029348,336.9017661286975
2191.8982868257153,-1880.730410833939,177.637939118205,332.5808712939719
2226.4282252030325,-1156.7145372186892,16.91069612804523,314.6113866638462
2754.5757212615154,-1859.6249381496243,188.67971782617224,317.11967847872455
2399.829962780381,-1846.5670027541973,219.7355677623704,321.94646469361726
1798.1281891418926,-2877.1036896269047,120.2769234241625,319.07032863897393
2444.5471779379404,-2397.4509307559388,35.1323634604727,335.5465487896269
1896.6788151390228,-1292.164981131238,26.811526816570364,329.4396861350539
1480.0904167254148,-2656.297178497717,23.16677687870029,314.256338791921
2456.5003465036834,-1643.05897279326,227.0116682707638,325.2883060653445
2632.0337081289244,-2655.1024456183254,170.51553638071724,331.3276538462357
1004.0358571105137,-1540.9602874520615,114.21593631007693,320.0939885197965
1389.7159352254434,-1431.7038303655258,60.45158404382701,339.04548648920127
1767.5389209010132,-1337.8157016054079,216.8525997302326,320.6654280935593
2645.4420452537734,-1652.2678101507092,192.24450693658235,299.633356483082
2770.5093968064934,-1663.010930531333,246.34499671381332,319.57211427952893
1126.4499229574822,-1365.4845563633555,230.76570088714828,298.6800221910217
1196.0759846909227,-2160.79021015417,154.47034597662923,302.11966419979757
2620.1169833167532,-1840.3659613731877,19.6960108587259,306.26965578955065
2279.447445473891,-2810.0608704080655,128.172593290383,319.52553267772254
1541.1055306567764,-2079.823229398463,150.45372826740802,330.9480742806967
2279.0807213609332,-1802.2334727097277,175.6996429262788,302.21441729252285
1743.671165552451,-1623.4746854180157,-14.694098142968937,309.2380464758176
2531.5712397735647,-2213.969305877338,75.49534163812191,328.99404974779765
1203.7481911490436,-1684.9426094865346,143.17671550715409,296.092393553681
1100.8981717954548,-2006.857667716837,7.981298355359122,302.40249693075157
1327.0639508387912,-1045.0555242498901,215.8628584707947,325.9825104637135
1023.8567278893942,-1600.2910194121673,212.0172239786355,321.19167870372235
2377.838846937135,-1892.7841963967087,91.71217594183278,335.03369183170264
2747.4066181024637,-2535.584128151632,222.59798963624766,328.3831162508385
1855.0353407597445,-2431.5790457151415,97.79044564077938,339.3380864697189
1947.988053244001,-2041.9322316612702,169.08861107526462,323.2929330427868
1926.2824333359354,-1806.6272187219188,144.8225195058049,336.3901431904517
1717.6707017785807,-2969.863639096123,-8.465860301910405,336.0334431206463
2582.6230284598732,-2259.913287670346,101.36320361880836,312.97700326835496
2324.271329587965,-2626.6458890327167,235.5073879882937,307.1738596614496
1985.8526560762407,-2083.844063390521,201.743236185003,326.53793117184716
1440.4841015110587,-2365.044115987874,208.3847171682987,337.25994095439586
1802.7395644796718,-1469.3139221098866,220.0571437498576,322.3586696316298
2765.9603468956066,-2823.3730247454782,30.19021423214572,333.82742837755313
2649.7791781773662,-2912.8917122891985,160.9334505758238,332.1018548145475
2770.8711705335786,-1185.192341977664,248.51866479461535,333.8740122639506
1532.6382439317504,-2082.2745965808617,45.910795054139385,319.6851776119469
1865.083268278776,-2481.3626614357167,219.96321545486984,310.4990411649459
2622.959738781782,-2915.216248049092,252.63167533492805,306.65285422975796
1547.8672871579706,-1887.6589140915846,173.7946788467464,333.17889713201606
1227.699691001337,-1491.7268398850056,65.75493523616784,316.4822339061501
2619.054808029365,-2752.7314368945486,13.975450915626446,325.15361996802574
2477.678887059714,-1879.282940336398,25.412470537067577,322.93597355786693
1677.7987027799804,-1664.713040406171,255.0338790950081,319.7303745211748
2298.8148022375176,-1103.6490262168031,236.24241608078606,300.56523860000493
2098.8403711342944,-1118.133621477635,28.025881616216317,319.3906623347274
2420.986270515958,-1442.9743532282341,97.06326728684942,299.81940255000995
2593.798225885502,-2620.1134112245786,146.93806948448307,319.02852608229625
1829.6464612619889,-1108.0556870538646,172.18574916579033,302.355102173737
2170.9224685760005,-1329.625791756324,205.68992121292007,304.3697879470792
1194.2647956808248,-1224.3648961498145,187.96926579015957,338.04867723167257
1270.3135558271938,-2533.9168948295865,23.108044020592843,323.95874086254827
1807.8649465720737,-1676.6213661146708,170.77493372718814,323.193851662161
2524.8981077544604,-1971.6712454085311,250.79285908083511,318.3391503581961
1151.392208402794,-1535.2828950219587,101.7114432189356,336.5056568675085
1194.4295258558323,-1455.3693743019026,50.793596401066566,301.58354228477737
1741.4360299279265,-1980.1366191094035,218.73004411542416,309.0061039185436
1016.0942890149023,-1380.6878186824224,62.107829503903815,308.49492724701
1512.7561396485808,-1039.2657830346416,141.4124932762468,314.1652011478411
2168.0291965946312,-2343.6762619828555,249.15245420166252,312.2442376816927
1876.100009009909,-1138.6305001199178,-3.297091530863625,331.27416115897427
2664.781709523259,-2385.080655304895,246.7022681775818,325.7471244493389
2202.0175712775026,-2686.031017231058,8.449628108732565,329.6709545635822
1196.2785093030075,-2356.665194032194,151.65305397585914,335.70618067986004
2710.104897041283,-2116.5166175370423,111.50956546984443,322.3964180810677
2677.366843581931,-2018.6399863806291,232.58921204531686,301.7559939913272
1847.4935989551427,-2226.132351425966,45.24070400574347,320.7285106634111
2771.7807840568535,-2677.244340317131,119.77986246586275,333.3706852415028
1860.510732898912,-1017.4179667200174,214.27382394859688,314.6144938530005
2776.8223820825,-2540.7876044925506,46.14872353870958,338.19653352199765
1043.558349124415,-2968.7638263115514,153.59344398939828,339.42903609169474
1078.9549089572865,-1968.5209198455645,214.07059376054383,323.15765333491373
1884.2288438471883,-1399.3234944869346,144.83049686637656,300.65247789697423
1522.230095860294,-1196.6628627742114,34.66170798545146,331.0852820152872
1292.1916561080652,-2588.2420149070213,247.5123180759618,329.41865813034883
2167.2820590893166,-2060.409912734486,68.41283894178821,316.75178436751395
2831.28849445632,-1841.3571789493028,22.721989727523763,314.5418863696321
2848.702130134738,-2779.0486369603054,139.9113229028949,310.0218592004719
1997.9178878967887,-1897.4503136889418,206.86861461617647,299.58027117576563
1494.5783007516045,-1385.900036042814,2.8028202261219164,301.92379067032675
1599.7692888728807,-2285.2259820137724,50.42914725050498,333.8606220549629
2566.3391181467914,-1050.2420645719462,17.01940208982726,307.7328044473669
2729.6010004678765,-1046.4472184462861,229.16666490685515,323.63336549834315
1996.772123831611,-1259.838998057218,200.83731743404059,320.30587597911693
2736.3357686075474,-1146.608711966433,28.12350399099448,316.9526719206801
2232.162863252176,-1972.0807896761428,37.44968555694882,306.8248151314127
1825.72464446843,-1928.5068848519932,3.1498133436149516,336.489882722002
1724.250994600462,-1319.5274065494427,35.4722995665702,333.29150686000264
2936.18906805772,-1489.822563176703,0.38546552885065033,338.4752577364947
1985.4302753158154,-1909.4150169743737,92.38971725644929,328.338483975618
2969.4243493996732,-1775.4982018806406,207.1075686142699,300.57236741483234
2188.0967324349112,-1397.6074298792398,16.28707387027107,321.9817605513321
1657.1805116142484,-1656.0214929945744,123.11247042193796,330.7544101946644
2983.712746143841,-2736.011875411886,169.1199257571092,339.3598605407726
1673.277899444426,-2371.2357243747538,140.0083757945493,318.3183710378853
1621.5674218993822,-2812.4159237066674,139.22269354175856,329.1278419660855
1957.503672282108,-1685.5190031007164,90.63146126175253,332.8160534998861
2203.6708838510385,-2261.9354449733446,218.8002260968741,309.7474762187234
1671.9602781374213,-1897.6680665693075,89.65056679673545,323.79528172782926
2782.8940638570157,-2839.6537471969546,48.49729832236665,302.3813284117957
1306.1948846544867,-2885.4315402959655,179.89995200394964,335.39867616443223
1509.4282206482665,-2516.165063077267,5.069986582118872,310.3586276891454
1041.0142691261824,-1070.6078178938567,121.91087227979764,332.5507246878226
1717.0530317203975,-2962.225912818006,88.01294420910111,301.35943579210823
1691.084714117864,-1421.2645909010591,162.6874997127169,299.29518837215505
2004.1328501707883,-1242.9946764723963,226.72157432502664,315.68858322287025
1612.191785523889,-2989.5984169496114,38.06969504302073,326.1245074012593
2853.921254142517,-2853.7608296526964,133.00867015028138,324.3709874013941
1533.6931813190347,-2933.218204493229,136.98305114751787,331.37161878050586
2034.7535286783657,-2135.610202779525,259.7004060376841,300.8166259120323
2771.9178164975633,-2235.6747213633535,9.192606022780708,338.3051004787845
2412.944998424274,-1272.0273603998533,106.32864089245878,306.3553558762617
2286.56903003338,-1551.05913464466,211.78886498186483,299.51037562459373
1200.2470673515236,-2287.953514831434,44.027551308196244,328.51565620407376
1423.1511247616465,-2221.469348209769,26.81602834267555,334.0227172592893
2261.5815145775478,-1207.105541448915,62.783531782975714,298.24744282783485
1228.7137942547301,-2220.689608825957,39.43459881456086,328.0311290676646
2559.8922319004087,-2411.424001033647,10.068918507069355,328.37163417100976
1204.6229060607038,-1899.3760822542524,230.0519238446598,303.09940722378116
1676.0062393012604,-2127.9025249153983,216.79758550036465,307.04795982695543
2502.229509868626,-2169.460437801056,72.05534200572335,322.92101645218213
1473.713396154542,-1486.0682296983935,169.7980835180536,300.3096134001904
1644.5095855928357,-1444.8224862357545,216.06821422517746,318.8046381029648
1121.3135481699426,-2642.7870261273356,215.7376487010501,324.92726425006134
1213.5878249307352,-2188.0242135409953,206.98368415333587,338.5154299450272
1174.1896387540598,-1799.292496264977,-7.308159259482439,315.1088343337368
2294.5296933383556,-1538.4489589572618,-1.41277408459605,323.1555583079122
1430.01112904614,-2646.513752491703,125.01162693270479,301.7560880297647
1431.3946909459444,-2849.940653380708,140.02275924692515,316.42440608296965
2926.6905162096027,-2659.1568949820035,249.71564859346734,304.7810180059815
1796.1206275449395,-2422.3070235833256,-14.33822158885777,303.4137323883497
2409.173008855951,-2124.4944100367566,107.63599509967577,318.0271977453668
2510.619795368478,-2132.4080203909507,-12.200097973624707,334.5268270543283
2560.759041580416,-2787.557246826275,166.590384222309,339.8982831831047
2627.3331510781063,-1920.0015634126044,128.50104930313148,329.63904191249617
2247.9864938026362,-2720.2615728875758,199.37735255241,327.9165811426473
1550.2548505204281,-1584.6694621895601,46.73389551905607,298.83310495828584
1238.2667083527049,-2015.5681841432865,139.53266230854825,305.4737802774222
1727.9296152666927,-2481.8183004342736,82.15116394059193,296.59528477634194
1916.686680262355,-1437.0005639108542,244.53611221646497,318.3487305611984
2749.6061563918283,-1714.8608903932777,143.29529088269422,296.4663281724673
1785.1067862899847,-2720.1458340237023,197.1944405518363,315.83545334370353
1609.6990327276194,-2335.1184199972827,153.22018417496122,336.944153796262
1205.173720774745,-1619.219454626679,88.56453643455723,308.1110308037395
2035.2862682078899,-2862.5042703547283,-0.8171208916986874,323.2643458238516
2145.770111476727,-2853.632640399203,222.6749934058647,321.1886031478442
1092.1432709101348,-1137.4841801395653,255.7218369533993,320.0405094164791
1420.5216649931456,-1293.451873676351,67.15479327890154,336.96507392281467
1953.6747909138862,-1483.9444666020347,113.90054134496887,305.56005311953703
1489.393167944745,-1010.3470762756187,78.21320482705065,301.21624130155516
1778.5005855545842,-2148.1862611715756,43.3489702147857,308.35054652309816
2445.6369515774345,-1734.872424600501,229.79801257677562,320.49928935669675
1583.6486847868873,-1616.1759473672769,6.071879798051281,333.16543839897867
2460.1164293349707,-2500.554018202522,52.57033226745676,330.5312888572764
1151.3607522675002,-1361.2263766612864,188.2191573052888,303.3704216237632
1096.2456061058092,-1419.4547579919497,78.83298990621506,325.63233484646247
1546.1730961205535,-2961.5931597490467,55.47587770029138,295.37967392324686
1330.259775070469,-1411.9343500733103,191.9830508992067,317.6141936318447
1198.7485596397303,-2354.524566746572,12.19708130118056,297.2010789212738
2334.302593757977,-1471.8148450976128,1.5005855361807008,311.8208289187035
1738.9812473225572,-2782.7716941398708,238.7013694099641,297.8767183203345
2720.004359553118,-2084.7126870374263,123.74674738456804,336.45514097806273
2251.0138903052684,-1371.4198080722847,0.3507370374607799,326.86745398118114
2474.7630797774846,-2636.3113707731454,161.97595563539357,304.85052000508006
1916.818322908833,-1998.373166400046,246.70282784067768,328.18809192807356
2799.5353451510655,-2996.97907443105,95.4854646710301,323.42143252756074
2604.1079651838954,-2523.125146706668,93.68327295338182,319.19276020373405
2808.883250377171,-2720.1825587368726,-9.39141755012536,336.4524872061746
2532.8416345210053,-2390.4688908764674,40.7296626220501,327.4385466128364
1390.9687394223297,-1037.1544998214972,184.93930853033348,320.07864838793125
2384.231762494531,-1799.8700323242929,185.2779936839363,306.19129952807805
1316.5501600057326,-1016.2573854805976,232.42983290576578,334.20449337394655
1643.597766761146,-1740.5610729495027,123.75610748746786,310.7705233233529
1801.4445674998688,-1258.772776021948,113.75751559975618,297.0892815899067
1921.4364318913535,-2153.8894002748484,-12.844945523686327,320.8430514405919
2645.9754139562283,-2170.5642254503546,116.44196311920268,327.53777805742885
2281.3642084955936,-2837.4258476540695,-6.5763524704639735,335.8317769009203
1556.987505668247,-2698.768014169157,85.07712075337322,298.4024743665611
1490.3118366193103,-2153.0311803773848,217.9707138069815,328.94509859619535
2107.953909043701,-2833.137665241082,238.9449898705507,307.21120264047767
1380.5367765693723,-1294.7684456269326,4.179175176421232,332.15856053748035
2622.9814854751976,-2214.4443382404183,14.345830995284082,325.80096015812995
2392.2611495537553,-1417.522559058173,42.37691510254629,317.80806041292135
1504.327937101521,-2885.8400661300975,46.53189238743094,298.5758653971476
1136.2997042944273,-2036.5922778714794,18.444510863964588,317.00749349449126
1412.3412439181582,-2838.164435773245,33.60148150305546,314.49215630293224
2782.7531154162116,-2528.6276848455855,83.14565428186526,298.7381023194053
1054.9120572877089,-2205.553736391249,244.19209125103248,303.59879146059524
2217.528585444553,-1423.0525414629735,72.32522231953102,334.4608038624598
1863.5038706580099,-1132.8820142150207,94.06011159222793,311.14083952117664
2279.359347572701,-2981.971115502539,164.37911333948992,317.1790650780624
2250.1665161817814,-2308.788955455396,142.43668667387652,297.04022008314547
1064.624968780718,-2310.2512110365665,1.9166112144948748,333.7712425184358
1028.083942447467,-1496.8723190666853,136.94591660281836,301.806478925416
1584.2698949146095,-1920.2996274286495,250.64566434781642,306.60871148958853
2277.2469702528174,-1716.7426320858633,70.79831810148755,318.11436215579295
1818.6790885538408,-1037.953976293412,184.05436584164116,301.5638505835152
2072.2464560146404,-2828.427522827329,168.29358029632715,302.4045552758789
1055.7044160503785,-2877.6928597577303,187.72976248148228,302.2486103255241
2423.197143144091,-1162.4560925758076,162.43450706312626,339.6737500297712
1632.889306015471,-1036.9584507896082,5.64270451779899,307.24943201031664
2893.642363813904,-2498.0336296373443,188.58190265178266,321.1139788450024
1210.9516735291056,-2770.2768513516753,203.28766362900583,334.10538484103006
2770.402192683058,-2973.2654476134403,35.9895949667593,317.1303679359604
2461.754789340618,-2855.4873818807546,212.226096645471,311.3852920580372
2584.2051775231453,-1096.1813720689443,-4.621091892836665,305.1244760154673
2071.5003544683423,-2905.290431534472,195.54396954835963,307.93286192158837
2263.7664601768047,-2399.713262546489,27.161701278101233,319.7785088093857
1776.6785578292784,-2652.5164564072,59.336627344710564,304.7813245869545
1367.1238543181762,-1757.5089297644513,145.28059163872425,335.7794477435122
1603.2385681158457,-2416.278138122745,120.63096243789792,296.4664892834693
2999.011697696894,-2815.7398008727446,202.42471996317946,323.08095222542096
2239.54929951825,-2502.9157373842754,222.4847517961369,307.0467540834967
2055.6321199305403,-2497.016813684476,171.61037251356242,302.0018571182314
1521.635665170837,-1497.3725710230174,256.82629128308184,314.9557206686905
2802.3236863585316,-2554.409990632144,68.24190811091097,318.5991134359413
1696.052550789796,-1720.5064950970113,175.07413133124825,337.2997257140297
2966.21043226279,-1641.6680888016851,122.62960476300123,317.8402979690617
2587.6995292995225,-1494.6334797472662,144.85398639978962,298.72109903853527
2415.9896815666116,-2824.412396268659,15.81850773811514,326.8516122662051
1739.7741161873926,-1340.4316734577671,122.30941782164547,300.64336098199954
1027.6629842362263,-2610.7808499973507,21.67121098208706,323.28168228738997
2977.0744184503856,-1382.2093220104878,242.85222905757666,317.9347881701806
1109.2351052209626,-2852.6900134835087,233.8536128539885,323.08881963792123
2655.3492337081884,-2485.0735659626707,199.9980526823798,302.0979826938803
2432.48179365374,-1144.583366071309,225.1109835822597,297.19833672158876
1768.4447635504653,-1633.744376057061,7.328437524367363,330.6484481351246
1619.0414694657488,-1040.3723475735346,182.85399233647595,333.18181091215314
2205.5771622979546,-2964.1569609412945,140.73160819716495,339.5309482939349
1532.151387944916,-2800.694240069116,188.323078970165,308.26289724516494
2282.765551260499,-2586.6012775130143,184.17419740616654,338.5645071869087
2949.017820832594,-1793.0548310062798,172.38571015844454,315.1573843454855
2365.1380683543466,-2943.3758881300696,43.24267196632522,326.7697719028621
1569.620537529776,-1363.6033249417303,27.548881468742955,318.37022547477403
2385.0454319859036,-2363.112573395768,134.88258791249396,307.65385356055936
1523.6175937229027,-2037.357416641741,74.43789286402912,318.7795784119178
2170.099053606805,-2013.626052233879,-14.13070756064669,310.61729288736024
2749.273686359975,-1832.3409713300778,22.33582390285534,335.9677624794852
1784.9829720237535,-2039.1658927024137,94.08408790753674,299.4318177989068
2537.0483181615764,-2319.9493526741458,62.33007539622649,327.76722798384446
1402.776564456919,-1784.5127425432606,88.74706300997312,316.9041222896201
2020.548896907578,-2132.08909629299,252.73959948648553,334.5341028176427
1576.9269945931846,-1958.5685888757478,53.37466817427227,335.9104223133779
2744.2687673371875,-2901.721079854082,66.06521731114569,326.439527109409
2939.337054186756,-2073.7963943036166,163.0213686816121,334.7438715459387
2557.4530120044765,-2659.0857636241067,41.97106745828538,313.9215541152037
1562.474142251924,-2037.8263024807686,103.98501639615925,310.77954405978784
1465.6914098975744,-1462.1546255547726,27.620951809849018,304.99095031667144
1918.08607352331,-2044.5677917195121,120.20191356874506,316.85203261160586
1904.900879400815,-2538.4629949893224,234.31710503989623,329.4578097541842
1076.0296007748852,-1562.4571884483669,119.26204858594448,299.6445926355778
1282.7003855666476,-1140.6546364704207,60.893945555117966,320.1245347996163
1134.3891928269782,-2945.966189106407,250.5865134235101,311.85600759466263
2680.010993226667,-1875.9293056599931,228.33657736359282,299.72579690612434
1449.630017754923,-2524.8160530427035,38.91217001434504,300.2735866711333
1899.35715194351,-2321.5016198739963,145.1219647936229,312.03784596644823
1060.0803344999567,-1367.5992803590245,210.1503238976257,339.246861650596
2362.065669779976,-2263.2196832418176,71.14137581409845,307.88452545978885
2113.7617258361165,-2095.756171086962,183.8312928096869,309.0028157794455
2154.3000670941847,-2463.732244940109,175.52016305176247,324.37412097191157
1217.1088124200428,-1809.10876578338,257.82665143411725,326.8174458073407
2942.2079688154517,-1913.9247614767244,213.0262719229133,308.70523727776725
2754.5590926976747,-1678.4482057912219,248.44788552419516,299.8404548248084
2216.4612724347953,-1562.1757919174524,35.23768670608266,323.5928869101432
1435.0163331348235,-1867.4528587624222,160.644314738845,309.84099983897704
2521.2818356677258,-2277.181337669738,139.03428904402915,327.3113484247421
2476.601125821703,-2653.8585715223207,21.40533469212344,307.2309693247078
1384.8736731970398,-2455.7643529108395,138.49840762136125,311.61997317847715
1490.0185190675472,-2513.447940641321,-1.8742878852482416,321.00391991234665
2939.484022812393,-1094.958227763451,147.708898736407,335.9181590267823
2017.2254221034086,-1566.8082342927191,205.29578779249255,299.7787926909851
2622.2605205683294,-2857.863878885317,-3.3317723658468417,305.88732580182614
2849.292718108965,-1202.9648780957127,230.77229718623587,338.7445120665684
2655.882246959988,-1924.8737170454185,185.98786869560786,334.068953992882
2281.7391622219848,-2669.2585622434913,126.94909370499803,328.58220096559313
2729.15391863863,-1441.8498454406817,93.48843541234834,318.79431761328595
1315.1523142877918,-1392.8015742306984,151.20392228238052,309.8741708475625
1061.1358316011597,-2513.8037459580464,37.192532444603906,316.66437324958827
1977.092685921078,-1883.7140110531232,230.4970399096973,317.3292334806021
1077.5149947320285,-2118.6221344664673,94.26677994025516,320.182497230535
1241.016609719796,-2141.1125588251575,241.5150456616454,309.35735050921994
2861.7277258986833,-1945.8085934680894,90.1179480893798,318.40043137848863
2415.1729188431746,-1619.2862936323636,57.1347822257532,304.22143242290156
1542.5114373359104,-2100.261997047489,243.4138853909842,328.92231980036223
2236.08981899043,-1019.7694376864492,20.097421497978317,334.09900078935976
1803.6977376532568,-2520.4809762148325,35.47448243005592,295.59339494212867
2206.416073735547,-1603.8696529618767,-2.045112152728107,314.39966090056356
1784.2151241137497,-2795.3831678248594,219.60796005726198,316.4444028186197
2370.2214110830346,-1129.2169592576383,86.60738965739209,306.8763702137574
2514.5438654206855,-1152.0323679237806,117.07358532534599,306.6072810005935
2628.857803700659,-2296.4027619981307,226.70974904322023,315.6769091573135
2046.134376071139,-2253.8369918411518,88.99700984839393,334.4949019674288
2563.8941359661226,-2642.5899757913053,141.87652207407535,298.65143193056315
2301.530461682776,-2040.4174561345276,30.564479635146995,299.6866889730315
1989.6898588180172,-2394.254013038352,1.1522170270234113,330.8072241708901
1223.0340173747818,-2462.480698411542,196.6335948545152,324.077062058887
2516.9250889773803,-1458.7460535590321,242.13606580056353,335.081672019483
2195.3998525164316,-1307.898597324107,27.27676855210855,305.816493267393
2635.9580991892867,-1336.3757961193978,255.2671322128374,307.3511446159287
2231.0431435415994,-1969.2647345030323,135.43284663058898,332.4154560021567
2333.1887671601007,-2638.3764677786858,199.5997047752682,328.01026405746643
2932.798538090402,-2724.000816716482,241.6336744468233,313.4898550042108
2679.707550286166,-1240.1634652253888,76.35606585364516,317.8178872371012
1628.0391019345363,-2980.260942968846,252.17107068590605,303.5140807536416
2723.609246907325,-2227.172643055419,226.40165468086224,305.39221740881226
1871.261770952384,-2454.159659445105,217.53651276302915,299.05652909782543
1717.6424709258795,-1256.152051736665,38.99287132276302,332.8616191041199
1256.7077112460233,-2297.294953997124,25.72965290325888,311.03066322712476
1199.4180957811284,-1471.8510545515016,238.38598802940464,308.5297926291636
2905.3875852600913,-2543.4651218614763,89.66986711480813,306.8555351136119
1848.676741626773,-2858.180433602298,135.17334098693198,321.7524128220241
2701.0373470402483,-2549.374340754438,30.896503631237415,303.09580361944126
1572.0732272315254,-2299.8145937607146,80.67644086290875,305.0243590472653
2528.0507749947838,-2559.3971751143645,96.4100968586191,314.042053746176
1827.499701754119,-1512.1088125321248,83.1923647460231,329.50490379889135
2932.959824325937,-2607.1791209078765,7.608800064111957,306.7189929006462
1550.7629302832365,-1561.3900402357478,87.65352507983133,327.0650066686984
1091.6537968003172,-2830.7532646573886,189.57055862098224,319.12096853998634
1139.6846131567368,-1435.7980187538865,7.406615591502742,313.72013368099533
2016.1566413541318,-2543.626151142053,172.442101712129,306.4207033864884
2243.978671452473,-2324.082196522436,47.64279200073188,333.1732101028414
1991.3074325172947,-2343.494005086694,81.32069462442082,319.8959533808548
2016.5900305022806,-1114.4083561918653,212.0826473771268,302.30266684847
1956.1482712728716,-2274.5214644543207,245.97451204271863,320.84016166932764
1056.340792737264,-2179.179643568945,192.75214613154972,304.96692621625374
1987.4730354256014,-2680.5908235063857,27.908777600448644,322.36084782731416
2137.9491035191295,-1469.4853219968334,63.8393769511071,301.83910383195104
2118.7646047465078,-2214.643074632685,169.6983310514281,309.12476443387715
1469.5766054520652,-1489.4196338876486,169.85307649985444,337.0228897568132
2523.6450877662382,-2634.072839384577,27.464935017682564,322.5792766905939
2483.088698598048,-2782.2582451823846,96.32971240880345,325.3442282634123
1824.226581312052,-1539.607998959208,74.17257465101852,316.3548012162149
1299.5547274135783,-1530.5654480037756,223.52410820892436,300.0906941316557
1688.4991512466174,-2958.0668798302236,140.6855586964905,307.94068896585134
1524.7786146239268,-1260.3150168126933,64.60757848549444,312.7273483784044
1814.0652516686405,-1775.3850860612663,32.215726532662046,333.7959591309425
1538.4876089168183,-2817.3171669816925,247.7040718628641,296.87389358593543
1528.9075098316366,-1714.7660722691533,151.30004877944987,296.1163959355355
2881.533815893623,-1326.465784140443,182.22744264322242,316.53208286753494
2434.285688437354,-1382.0880365844112,21.742183906940923,318.11264956368495
1341.061558956019,-2720.882389490144,102.14512042133391,296.8386346911549
1494.1132058649014,-1583.7745531242258,102.29177699683078,328.65282657975973
1372.8754178191934,-1978.4387676725041,230.74451391533856,332.69220460213535
2623.985917465856,-1786.7038693893398,218.1955730273745,314.7598552903428
2945.9095798554044,-1078.0385100496744,249.54144823563632,324.59883257611386
1612.003085973031,-1921.5525754537932,83.2446946543622,324.78251079074903
1254.689070081566,-1859.8648308199172,168.10191074700612,307.52575118015494
1624.712354367633,-1541.9075299152619,39.37847537546886,304.0075441997911
2673.8892421001588,-2930.8506525935954,166.32794614803976,304.8405996377666
1947.0335129439243,-2311.282941595845,45.147423551508844,304.1564145734991
2824.961319046689,-2725.106388329624,17.236746205615425,339.4482043505809
1115.372883587777,-1922.2279475238176,111.29975699558905,311.96397800302816
1820.197411420957,-2117.237393053726,120.11476589547618,321.94608231962025
1716.8185699900046,-2136.3861837925842,202.83901830904492,313.247275912017
1692.697257890645,-2143.6136851674946,147.0167229299248,335.33018393132437
1975.5395497564955,-1228.4953348418999,125.64714201374338,318.99842552651666
2431.9151403119704,-1705.8348941954364,196.44923724673657,321.4191941424412
1418.3792631559288,-2899.546981807701,133.40720838502145,316.511628023205
1803.690039360472,-1137.2821670943972,2.805491929345706,306.4346427858825
1471.5557633119024,-2909.905959046708,13.735873753174772,320.66043762576504
2274.104832479974,-2589.3664804886653,52.20082540316403,333.1334423587322
2254.6468880799184,-2218.847747704821,46.389038725260356,336.5153880809087
1316.2888232608257,-1154.588920233244,26.324071160929286,318.0548993702666
1600.2433405249428,-1619.215838487576,163.11590643775156,316.683121017374
1219.2624370068572,-1139.4210118187825,114.75465959249098,303.8001454100547
2249.9221946932994,-1650.040627372036,152.51587351882878,339.7190276604223
1140.429008778248,-2147.797227631069,90.73258758947469,295.29462072248464
1252.4293459325752,-2319.9529619280793,214.9053489426915,297.5945449585352
2600.206643259593,-2076.169269562415,216.01469482651194,321.6544047995658
1193.413336007211,-2594.2396310241643,8.940029614966178,326.4122537818705
2244.9981049560865,-1719.3491385489908,168.00663019147365,336.9940129719285
1802.1783931979248,-1079.8019306636236,58.434078292379056,316.5505588586244
1273.6169373682978,-2298.8103758430707,162.92712151570387,298.5260104396975
1464.0982623879113,-1353.7411819944623,197.65245940542493,297.0025008868459
1173.360026317396,-1600.5484650625467,57.4145852382529,301.90646322945497
2257.347481068502,-1228.5255739644263,200.38594040235247,317.49672394805435
1169.3993497359243,-2555.5488029025464,155.89238982250097,331.54235577345395
2831.5743487701397,-2864.5436414237124,235.0804954873047,332.8641509135606
1857.5445834914146,-2554.2980474869914,14.256610532226546,322.13795822927955
1290.2799339118671,-1066.1538692689987,86.5172788898456,319.5053644407012
1681.3774363599612,-1420.8285751942244,243.9635767784132,318.84851853308703
1863.648834443304,-1978.6983499226826,251.66947422619882,313.36374967446187
1519.165838527881,-2582.2487701474224,48.78844309592894,310.34602766308603
1688.0813255587948,-1465.9298227452066,251.26112889689665,314.19099680738134
2514.8884665411038,-1432.529034730185,210.91877847008905,325.39688383652
2170.833047663754,-1926.575468459123,100.05372190216066,311.71651555984795
1503.5817225987817,-1928.3043488770277,229.0986078103134,305.93390380537613
2829.635271210625,-2275.253181144844,203.84340112018887,311.26778599544264
1050.8958127869178,-1135.8581924499604,-7.882402356665719,307.4596090463205
1588.6329809539916,-2607.2504319454965,16.051323632081843,312.9420794651377
1644.9345236613435,-1454.0529462716318,207.49346925122325,315.29012273607833
2740.153167601866,-2157.605136157168,154.2692648387614,317.0635507440031
2769.237536025197,-2533.3908918831285,51.01527665949821,336.6522556561817
1175.364276596501,-2207.0054741161935,161.37382934054457,331.2410152825857
1729.9839124142554,-1721.4366965106788,89.8954342933568,337.1703960757475
2018.94245513858,-1542.0073916224617,130.7386983914289,314.4665330175528
1377.2462917341659,-1588.2943832098101,179.1046432556923,333.68971694907253
2431.0833323393454,-1238.2240490682807,61.505486737199035,302.7271137963535
1846.0149625438999,-2642.3689814475692,225.0568989800049,329.3373386769491
2708.3933423979147,-2982.160573450576,196.04341678242957,295.17470039633304
2855.710244633219,-2632.360376871601,67.48377563005063,315.5697755345559
2426.3649985827506,-1569.8963081425575,230.1355591313496,335.60125459536306
1845.125108667398,-1280.257868535033,-5.100697756856944,299.34146398516583
1860.9457563547148,-1588.453850849198,-1.0933843567278068,302.5325413595527
1653.945703199181,-2192.1408469118314,-5.717187929731571,300.40829039951774
2574.337756826644,-1040.7720586423593,71.59530144315237,332.8345817175218
2326.0258528207373,-1402.95323768782,60.80496319306475,332.9199817490151
2767.0912737360313,-1543.1946468614578,46.71997143396026,309.81068045847053
2034.5538070270625,-2013.9030042050977,24.48352796090804,331.45164704556777
2744.4777104357463,-1096.3434103150307,41.11751795947941,322.0927463212251
2369.926562751898,-2185.5080740557296,37.288258488616314,314.6765126846444
2045.4294095361038,-2560.4880155100195,208.56243880094678,298.9835317165283
2539.3978890176236,-2413.794049156153,38.52313921030371,319.66046813440084
2355.4391839597956,-1156.2022460095711,256.1294600028414,331.87747767184777
1294.8136047237008,-1855.1235480781684,86.53522948265366,333.445874717262
1025.5144757295652,-2569.472766750158,205.08113372874718,299.494225187891
2802.3561629256865,-2909.5931675367174,146.58503742931092,332.2266698004773
1600.7497177342225,-1614.3790221546749,81.75210460955182,318.58367283825356
2869.932449560959,-1464.1435723247628,136.44332782561614,310.042581262883
1763.548222415373,-1547.124604187054,79.15037116712158,315.8334846197476
1694.2999502497332,-2957.6952999014215,171.6426751209025,328.2710593159109
1860.8203549013951,-1021.3737140699056,26.931175329816682,331.18688667795664
2486.7351399784684,-2771.7853050933413,166.90423774395586,331.60306158750313
2590.240114754656,-2072.3462139205203,132.8828820194704,305.5599784435145
2824.749573840219,-1467.66178454959,28.41749568467305,339.7236801411456
1926.2913292178048,-2277.9456123993677,109.42088465700124,334.40579314035955
2306.5679566336466,-2266.719990197901,-12.162243078657756,326.7446875730817
1102.3167632068896,-2890.990264061399,254.27775926601078,333.04978446363714
1140.0501561510569,-1933.8031433344802,190.15644477076424,295.8599621869587
2451.0856416269753,-2987.75638122852,215.58918914157834,330.8388120109182
2883.4732417799037,-1865.0146718900705,252.97260062818913,315.0532794899574
2847.079032007965,-2138.138140978115,131.21304239482228,302.3799938692497
2249.1253541797696,-2541.038878941057,231.3090880983678,336.78847780194013
2646.730969817004,-2149.0398876032696,178.1306355631614,311.57684393055393
2203.3466741733087,-1271.9151009881643,85.86206127506568,322.8589053939054
2326.2859253504603,-1902.5481094847846,47.39793752961031,326.6837342991297
1260.7701050513142,-1342.7435077387904,79.87096450922049,328.01090674988137
1739.5666134466055,-2699.9918307107964,173.94343522077827,303.2224750371595
1604.446644725782,-2933.027745288772,72.95284883689229,315.5085730837615
1043.2161398363578,-2287.451170783398,226.73618394158433,299.42724756686334
2564.944036301813,-2247.921479040323,184.86010890672125,339.93712460576273
1267.3507316808189,-1712.4637061679239,218.17173864633878,316.70020764837477
2453.1054912121526,-1864.278520397485,157.34678411713307,298.2912939427864
1764.7667521719102,-2439.4617069396586,-3.727695083600203,330.6380612455598
2043.5446128632589,-1320.3613177986124,66.495421180685,334.6367880074882
1756.1125507976367,-1615.0491755712114,213.2194004761252,313.3361863470631
2239.811093812101,-1182.303794079478,115.77865041831939,302.92078613483795
1725.2524925992789,-2325.2484280080334,85.66162110084942,306.4832686646582
2761.7433572307823,-1690.4671294289012,-4.477259845137125,328.7282526330495
1491.859535890897,-1240.0814631839812,167.27948735610283,305.82225944134996
2464.6410186428807,-2402.782560668743,236.96832069961573,321.77022949043305
2113.7821666155432,-2602.7819579429506,191.03027762059577,338.7397178745612
1100.2357387410673,-2772.9298556870917,90.90653497776363,312.9568898288584
1227.5507276024662,-1130.3237650398055,149.42021697969943,307.09109291142636
2522.694636888865,-1275.6971738652883,62.37984456411429,295.6295750432281
2889.471118454504,-2836.087546778503,131.66790776071093,306.8997056433979
2839.6301424651506,-2429.044507583264,226.2991298213884,311.41626445074667
2855.0703825013306,-2923.9024808747895,119.80717695256041,338.4559863482308
2789.220805477376,-2626.5918100324243,235.80136866735023,303.8688682228684
2483.981019079538,-2651.8115470279145,204.59944574221936,315.7932573081469
1022.0569575774252,-1750.4534862396035,42.585161139889124,300.069969245261
2071.6280880514646,-2609.4304851394413,100.75131023929573,327.5551643580936
2352.283490872387,-2189.4402058589912,100.68009608222276,305.6523478513718
1375.322234281931,-2056.827463683591,129.14837535008377,298.3468150196024
2166.5299378692475,-1963.4028610592645,3.4131438250600965,323.3884584061582
1594.8857744464412,-2882.9877192384024,189.61306619033346,302.7049530563938
1990.2645372846873,-1226.9250443659212,119.85010180889347,331.2149362797098
2870.683612614037,-2477.92440629656,146.7425899079354,297.6062581738176
1702.5084933361109,-1407.4820197961542,69.35590524503488,335.91282286108026
1294.3494161976278,-2149.169590202593,235.25910788851766,315.5257988526552
1061.3746037364394,-1378.0621689731931,41.02989423730958,304.89964845762825
2946.870295950711,-1477.9950613945075,119.69458042586183,330.80473310187483
1943.046989045301,-1935.2477882432008,177.4648163928184,308.50891293708963
2221.2752831320518,-1845.2801321121196,36.734536666642114,323.1313846222051
1760.3304305447682,-1258.4116437008583,98.43547198785508,334.1506252245849
1627.18948118419,-2214.6505821299206,124.71862582423995,312.38056895416986
2383.203766354238,-1255.3652981766058,168.35636153491058,297.1443692155723
2762.461197529077,-2791.8179332521777,104.62837478837199,295.4781018352673
1085.5881597423247,-1325.645125845221,223.5052828816832,329.3664345099078
2565.1760859149867,-1012.3491612525622,15.942929617762793,321.98641742881375
2319.666282041127,-2903.800747890542,180.73812804692037,300.1082003254114
1030.0964855901689,-1477.6221671872556,181.79185409025757,317.1411296114452
2767.7938668618867,-1701.0792135186625,257.2670109620928,339.3150042967037
2101.934185205808,-1892.4755062492839,31.386957343414963,309.03396705387377
1515.2356145909869,-2986.8883300699913,98.72864349880689,338.7049573719594
2154.8740157599364,-1424.4813222991806,141.7116987852828,318.36950425557194
2559.2106320331186,-2068.758769705402,143.35383600075733,317.67735186004575
1168.1620540060565,-2568.454627202726,-13.450480693087004,306.7871436862726
1472.8986575910699,-1990.9654267482513,39.615555386846566,331.89087594722764
1870.2548179946857,-2660.0797578883253,209.2930788614475,336.5751471282099
2839.478791320038,-2385.3082168056353,27.105484603844573,336.82808628829457
1939.089620681502,-1496.7561931910313,62.335797890433355,331.8410811876644
1047.794797107291,-1954.5191585607076,154.43625857238743,313.50213521041803
2232.7003488966457,-2249.7012350878567,89.40078790792973,319.990146167788
1269.336529319336,-1645.0296988895004,30.397379144428363,318.91494953364895
1768.7398711880378,-2400.524344337515,167.76593168901204,315.9870984159277
2692.887689687882,-2958.5977232813525,230.55475965565412,305.70848327407697
2248.3163198088478,-2142.7292459038504,129.10724481509638,321.29644566644004
2486.3779789765204,-1750.0920939116954,137.85685732318476,338.924585352049
2763.2965146773226,-1742.8430175981925,-12.542967652190951,332.5969674549045
2589.333347709673,-2388.842277367734,185.87910085375816,328.2412158771469
2005.378154692712,-2159.0753448705987,196.96416055838696,305.9703080477054
2806.460993643692,-2404.873056833013,105.95426595637622,297.8284444220447
1146.1056268038947,-1046.6359498244194,-0.9806676744183296,314.6107815122308
2898.6513200999775,-1854.0414238532671,-6.890515414692764,315.6929842385208
2218.2382821368547,-1282.5287701436134,41.1085432041988,321.3748670778096
1364.8176413991623,-2282.312931090353,200.24615672717147,323.74244613076513
1857.4869284700758,-2022.6868493899788,32.59268845712102,319.9174890650559
2489.059197899348,-2057.051319755529,158.66193674418335,330.4867364758328
2018.276225657484,-2988.3368550263312,224.7225487152328,305.1864892898165
2852.4803151656165,-2685.429022876021,79.33554510991395,317.3277503876786
2817.806178299254,-1282.0535538235551,165.02998859890104,297.6372511606814
2040.6921795181015,-1675.5956414948987,108.64591732189562,313.80482853234554
2954.6902660073674,-2035.6642122762241,191.9000910338473,302.513227015591
1497.3032564793898,-1029.0255848003112,155.82587134678448,321.6281833738893
1523.6838196277772,-2652.6729203257146,95.56560445003706,301.4170441014115
1616.9811101805153,-1202.815451903865,187.87473547832988,332.9234213092739
1777.0315261582368,-1739.1916854718718,53.85029127414407,336.6311857842167
2707.2271905615257,-2627.60494855479,111.00113973488511,328.2414129620155
1948.714144599079,-1696.8957075234262,252.22840431705032,332.55213339775094
1712.4950306442443,-2526.663565775221,131.45519457037068,320.6943453471215
2979.6850720179427,-1860.9999892026833,46.17816798095918,298.6416776291551
2924.9306169347487,-1064.813410565367,204.8732204914388,331.1990315828081
1580.7943164127273,-1148.769644850968,124.90023288050426,302.20159191970623
2154.7697567323166,-1112.2181070824054,198.3908261140093,305.9134682996033
2317.2552113672227,-1066.0729342919717,184.79503448916745,315.7268373556949
2441.1663191357134,-2149.182361927289,75.57573614000471,311.11838871389773
1300.801573214407,-1711.4994802694434,31.91432210508688,309.6314704328124
1101.3173089674917,-2992.0118557841224,169.9872069461856,330.9253333445879
1406.2338655410902,-2256.891508168802,252.66943217796756,331.224571682048
2196.465258780462,-1693.4934539697938,20.60652040290573,315.9724323642548
2228.2713104766635,-1462.5563284976117,53.772614271078595,332.673371894908
2541.691738513963,-2783.9107655731345,193.58111359407337,310.89146296305125
1638.2253598505856,-2482.6071432714652,34.377365097284994,323.09975811815747
2879.367705867583,-1984.018556328847,4.015996568281434,329.1016622960792
1074.5898077171084,-2221.548896355754,67.0361844217195,334.141046474637
2291.18983150475,-2294.368464392248,113.56338827291057,301.2551170907863
2583.2480700592705,-2332.5027264335467,176.84475838941447,316.3223580798513
1209.2373011798072,-1826.8830832165286,22.183502641249184,332.3505736351839
1401.3903975126295,-1134.515437845786,204.18840219452704,317.5395268377002
1846.299217192961,-2315.38724648872,158.4075050957604,334.1381459170931
2183.528013580073,-2774.1963832414767,179.38602315235283,309.4514572447154
1649.6238992045442,-1040.0263141714267,57.2906121046605,301.0162657354276
2548.640236837097,-2280.928475829066,207.52368107816903,296.3365207053885
1356.3380178525267,-1252.483744799499,184.15132347216627,301.41535357443274
2040.874861476769,-2065.1760294225596,137.84367249671214,331.1929386584768
2305.049755543766,-2055.8312228114683,113.78627215961723,310.30283842520805
1151.4423948730991,-2601.3963079726764,121.69232229289042,304.6280281031114
1095.9280152793963,-1998.5894941045206,245.69626803869136,338.69236288901226
2823.211404290798,-2842.6538795216893,9.264014118453684,309.1796464687814
2424.0320390721276,-1714.7635704511624,157.03127536230664,307.2215967331773
1684.3973599941323,-1746.6503655721315,-0.47630576247295586,299.37362537500167
1658.5082177218258,-1543.3864161645304,-14.222218572719727,297.3246980250217
1447.848230541605,-2867.0893882976634,29.363579688186597,329.25558090186837
1351.2314996120429,-2178.6429969760593,141.08422654556225,322.27798770079085
2706.7342428123775,-1109.3632783132027,97.5951701731314,307.5449292872106
1914.1698685322215,-2835.8403306134187,86.17046558588542,304.1205974012262
1392.0008376440012,-2800.030617831743,85.1915942617413,317.5272182330872
1912.6669966561833,-2309.820382350644,169.0668506661387,337.20585123822735
2487.583014211318,-1150.8470652264464,100.79113549356583,297.18471849998815
1493.9120843070107,-2870.5487802939406,125.15629277066321,303.98751695584343
2171.22433015807,-2986.282167171971,145.89569157048243,320.0472450556705
2716.630066203687,-2215.6138197912433,185.44881481378022,322.5030746876754
2007.7483914728914,-1653.4801100613827,62.4688163469675,313.82190453770266
2131.8359493372177,-1032.1181504753567,245.41939029472843,301.53810072440496
1689.5249841914988,-2510.527186867596,175.72439662255232,296.573329237285
2259.0447933788178,-1925.3205156079212,246.8546241570703,335.439156406229
1215.3336991968858,-2955.194825112933,48.028106146832066,299.21666693353814
2123.5923769975943,-2141.795041277433,39.23444914679563,303.61432549969874
1406.4470890582093,-1840.6326255622841,43.84613405718797,331.30151232887874
1323.7485639889574,-2500.701640964907,25.051646208541968,338.19559456690985
1039.1730141722219,-2210.3300924942337,16.216864200888555,321.21660291054945
2438.276852514481,-1497.8200578384206,97.04934344398983,297.2075082991789
1907.3210642874205,-1821.0316418504713,34.99192814891905,330.29148855318647
2151.941793454944,-1058.9446006392961,22.024127841382573,308.0990509268446
1966.2919091242215,-2353.887979520576,222.9524064715471,330.2738022787499
1942.0510242801138,-1493.9646913835402,142.6962024324159,328.1154068342165
1584.9391320641034,-2469.1420896784657,114.35916387514342,327.49157532930025
2321.983816499112,-1741.4718184471285,122.75103334858903,317.86173331318304
2561.926891089702,-1008.7785094187996,75.34725690945903,333.23658019221125
1192.298839020207,-2121.000631844388,19.995075168153477,314.5148234987401
1462.073088696889,-2459.7847616450867,123.6765519885063,333.93038710163734
2374.5854461019494,-1934.3980790259163,14.68625730143168,300.4526704482534
1802.859900279765,-1882.4155751686117,118.16301870058396,306.63621917316345
2798.034533663926,-2370.300527782242,107.99898221315699,307.7469178386676
1570.5497001792182,-2964.4048927204635,45.46206941135567,317.2761324248953
2219.4746558013085,-2443.894588751614,185.51189336665996,330.48696648777667
1280.8523156989745,-1589.4081192633823,55.115200406502964,303.2759319110689
2969.4672844519255,-2574.9532195265097,166.24086284252778,303.349521635325
1325.1071012775749,-2323.9013506483952,133.31571437281255,309.6558725155802
1640.4696889154147,-2430.7653931276486,61.731272548513004,312.1485243993753
1132.3785924665362,-2443.4411278737007,247.86663166152448,321.47332898672636
1167.5404062836913,-1720.3523599174523,178.0722846213857,302.18465379088695
1300.7815376691706,-2979.876360424515,132.32538718074665,302.05231225795944
2616.5886525330698,-2659.388984309844,112.53975102239147,331.1658607668868
2224.4975667339518,-2386.1519226260552,56.188473174788186,339.7611310192847
2006.1445147207949,-2718.667418743397,171.02081668298243,329.53132910769204
2269.708252097843,-1399.359537374369,231.1913258010753,314.90099187297716
2027.9844225891216,-2286.192980939516,211.48712567479132,336.87666651007083
1634.7452015767606,-2454.266415819776,250.41065937698778,304.32387129830107
2828.5218396908526,-2032.258791805461,72.47721780306394,302.71164144831334
2514.702998530317,-2860.011061663884,160.24201515446177,337.2196008762395
2147.9928911500087,-1977.6347138699962,68.93621432543253,306.1393859893424
2069.4990251709655,-2929.526436834273,161.5728184822459,339.98844964803595
2679.0114548395622,-1876.9085259924404,27.09513705524332,330.1640184423105
2160.671878002986,-1530.2612436923948,53.831179151085124,322.0731891694624
2636.5670279453016,-1962.6816857396043,56.809415493317715,303.77684011239404
2166.041162212417,-2717.6751893361516,218.3237906374026,300.2037965894722
2202.5990564963636,-1098.343191274354,-12.850022789044452,325.2524648034316
1173.7654160470727,-1557.6277905596498,170.37410582809076,307.12324895675454
1483.5818103624486,-1515.201447868869,137.65773253861502,328.86821829757656
1548.6908534084268,-1272.9179095112615,86.63917941886658,299.17353449947063
2283.60030967326,-2734.8382394829296,64.05456632238419,304.27107048664726
2462.3982800238837,-2545.8611070927204,78.01583162420322,338.61802941022404
1315.6160833892543,-2719.407656982886,54.77413164146175,315.0968570628753
1930.827338583484,-2931.790165545551,83.91869794825166,297.6574190589457
1388.7039954365964,-2989.1394499221105,221.43264099290465,312.54078667665397
1393.5028675808398,-2620.5429014420843,163.71961894200157,307.07864923775634
1115.9592983502368,-2118.2647657186403,134.54872930876414,308.3695124359994
1200.6437422430308,-1895.1413803318626,-3.70427983676095,303.5131334822905
1670.140794878615,-1279.4520242076062,103.4218038117888,314.24714134272006
2107.2155925770153,-2983.2390177507973,86.96160336955532,314.3828385755441
1708.5208228128954,-2717.6774096192457,5.237563796964945,322.98516309715245
2684.0579598518725,-2011.8302453618269,25.412298097427126,298.5526430432812
2890.635053162612,-2742.4262503177447,222.9018539546506,338.1068385531751
2199.5106838077045,-1382.5813108755665,222.08531672983764,296.09662566870827
1543.9844699716477,-1398.208571680802,16.059463741499062,299.47316776416346
1516.6679152281895,-2941.6777139868286,37.05123658318248,316.79200849941134
1402.7225223036594,-2619.8549933073486,215.21864028111227,312.2290989878506
1617.1693365658589,-1428.7357617234543,24.028665469022712,300.2246099883513
2203.7705760509343,-1102.99993786575,215.7059093625984,304.1346581942862
1035.4765553801824,-2631.182259836057,208.24594423470157,316.1827417584383
2496.5463577060327,-2674.810127156801,95.30200072370087,324.56363100935374
2942.5292183400934,-2296.739962972494,113.69943137721768,314.856868907749
1047.9497132422316,-2961.0450058363654,98.95251777472214,335.2377927574321
1020.3245704799755,-2118.033634124075,209.53394133374638,295.0479148948466
1999.858369489256,-1966.8764888120413,44.39472575791693,335.7458799976245
2596.3354083376403,-1568.5318040918735,97.98174209811128,337.5240697124119
2714.030657830419,-1303.3869688548164,230.84406072845562,322.4344542917548
1461.523061711605,-2740.1704045872434,142.03258423928526,328.6745545033099
2937.867852468085,-2153.2344396543494,-10.684627716960726,322.4247436870842
2481.2456609629107,-2998.3782323786863,113.22635275115721,336.2337083254477
1614.3696420518474,-1296.684052560734,-6.133523297284821,334.28246379321143
1330.9446630194388,-1361.5533614269805,100.57828517947218,328.9309576992631
2518.5587698010286,-1244.8767486588486,-3.4368589527295903,304.7747992946006
2479.853655709451,-1928.7694677626323,41.56429423587457,324.60861378255936
1947.4488163057845,-1349.4352347332726,-6.247160531345958,298.04511414758167
2132.889588056627,-1119.1657439353946,-14.012358286977985,318.22886392837785
2605.7979966111798,-1435.0805997320927,74.33639844645684,311.7953577817559
1651.2473261237694,-2035.165656708712,127.20916939395332,328.46149680173204
2208.612943797095,-2434.652995819663,118.35794866443774,319.9868163365332
2414.2704520020047,-2038.8183115028405,87.95060788407038,297.09181786540546
2541.664242626821,-1534.2684422766229,230.09716312948777,333.1903446091324
1379.2225222942973,-2635.076214254581,38.08829448986429,301.795468579375
1922.5952069012812,-2946.3275205293176,215.54611502183207,298.82290316507044
2762.3952187884233,-2303.618692900969,242.7921635877097,306.495600431671
2930.738256650713,-2602.6045839508197,68.07758213242765,300.3419289122426
2374.1340792716655,-2772.1388585149334,158.61082242213487,301.4421631325395
2670.428250735047,-2018.7982594977975,137.71754819382505,315.5311248416891
2785.5477015398033,-2002.8500331967198,29.565148393950643,313.0220287339965
2537.8380676514935,-1092.4695488824327,118.18468014280049,316.8908538495485
2095.7066737603745,-1314.8427431319003,168.4223534574204,303.6830413999582
2993.933918954598,-1995.428887471522,112.4170589788773,298.0069609672547
1189.7441902771614,-1986.777703659226,186.10543483630755,316.3163647461545
1253.8239276151107,-1191.4187544488577,217.9406736547819,321.0407091734123
2661.9652279279107,-1904.6964960730281,242.21884584399032,334.5143702927154
2231.1687989023767,-1577.9736919315355,142.32895625841672,319.61422507433537
2287.157074368061,-1885.805521470983,44.39944331232785,324.3764957790862
1174.0508808684597,-1819.6336680853503,186.89896493298946,311.3234302577096
1637.727341971582,-2720.4359020710053,175.88323488094872,313.2954119189692
2494.7568388115396,-1275.6971488406484,-10.21322262157414,326.66179664043983
2536.4726603675135,-2576.2770310253204,229.86783641496802,300.33207342659
1667.6879565862378,-1939.4952529736338,-1.2047301074775003,309.416035790243
1767.8266502855658,-1538.7399014523805,67.15216967465638,320.8293848597683
1401.7272149250502,-2467.763514519225,2.28231507369588,313.80403337373764
1943.6343172879037,-2034.694844224153,206.23332514334967,326.40521234423403
1555.6594427460132,-1582.7531739751942,240.0959591289426,327.62755368819006
2683.674808712113,-1006.1966439605401,233.04133560518653,299.01335486675595
2424.352522541098,-1708.3267212696608,-0.7663942291554076,322.7206146714378
1320.3605838226908,-1915.975290748789,254.2796714181584,296.97216303293084
1394.3104134849953,-2032.194724689648,139.2996907874623,309.6058169601504
1211.0621118860736,-1607.3603939385189,20.1734647501278,308.79283696622343
2790.8058786230868,-2623.780312107538,61.629249330518505,317.99956838095153
2089.6019648293086,-2292.010959708884,42.306417511212516,338.59899659388947
1301.6454897428955,-1146.1935800574138,123.11037052193072,319.20444081072765
1640.7920575257078,-2252.1669096722853,129.49970140011862,315.24305564298373
1998.2806061805443,-2567.5560971754303,160.054593815928,306.0355864082495
1920.3028506340693,-2591.4170871520155,99.98024009900887,305.6806470690364
2825.589366655183,-2779.2529772402168,215.03177169935446,300.83992653745776
2522.5859200452765,-1183.9497447526935,232.88873842249203,302.7098410607767
1166.4640783140492,-1138.1332690221127,169.94933678436954,320.7531489366129
1740.7864357734288,-2005.4442947197826,229.76371889714864,337.7411841793931
1749.1368924691833,-1140.5375192790439,153.11270177174157,314.66671138684103
2718.328151029784,-1726.9539676039121,144.91460013040637,318.6376394825401
1178.9264378454805,-2770.284391268184,143.35714555472447,301.87813473174447
1996.629355512052,-1494.5326073109657,235.10115157012208,301.118111599986
1384.0880050092746,-1059.6603075622816,188.05872215420337,308.35578470974093
2094.7999826111027,-2171.026068202762,237.5750249842132,339.15125509947546
2462.247658874844,-1210.8688333460873,89.0680069311617,325.9314717299965
2587.4842976104865,-2790.168839936447,130.83176827531173,306.46906039426784
1514.8023335470248,-1688.5183508522725,161.31314246661364,317.39806077200336
2330.356871054817,-1439.0349635844875,86.26518331814917,334.3412495788961
2449.1029898004695,-2670.932750869288,-6.426011339123928,335.44635936364284
1158.2974397238122,-2240.1540311822605,138.8549893404362,325.45679222936207
2160.4792682251873,-2486.2702427294385,217.5801737345821,334.8333751186917
2258.909310922192,-1476.5755752366754,217.89526995268412,299.5286212197897
2755.241373183276,-2341.2573963720433,122.44221183946655,323.74345243993963
2107.0856887352556,-1611.0648766829204,86.63558288417113,303.47842528838527
1835.488698895632,-2443.9685598686247,34.083385380061856,334.9460621830056
1129.372785047159,-1405.0938269019728,198.50361747646159,328.13492818702156
1865.19416007678,-2902.408258863796,207.20657535543936,333.97755083778225
2702.9146453818216,-1410.4494553864952,100.60490721772486,321.57167221924465
1791.7591298702741,-1568.0308768979608,27.742764035780795,339.993570946787
1366.855119675608,-2076.5479157938357,77.30345751328916,313.9587867657802
1241.1989801326743,-2494.6143255064094,195.68926706045983,306.6359496842102
1118.683879082779,-1980.7050927960277,200.13982224254514,313.58644229856037
2630.0393220863716,-1216.7457423549474,137.37509817710406,327.35660430380153
1526.0318457847752,-2386.04524388077,0.9555981664485262,320.1309487454831
1610.369462579842,-2806.2388322370084,210.80652133938554,318.9856799020085
2307.1816845873273,-1286.2020750537147,101.62511690026687,296.1029205129383
1762.7335204488918,-1467.2036127182432,30.536007162309595,323.7176529083328
1965.373817118853,-2355.7766607259746,224.54537754610007,295.6111466461829
2100.245124000271,-1892.1897575171306,140.38128632859002,321.0430720890114
2472.755305146664,-1525.9318950606864,168.82056850603718,327.2175323624375
1015.7649168636227,-1519.2277190622742,0.25168080620800914,303.213862084844
1610.3079445339501,-2882.017971298835,128.92616493719765,320.9476641776277
2118.40595113211,-2086.7261416643046,149.78772358427256,303.53772637994064
2247.1626894789088,-1162.0120044618293,0.25015033993483904,321.10210178211526
1604.51656675929,-2349.546958863938,141.1056810717129,325.63135011282924
2231.176535084389,-1077.1788958358188,154.5840247779716,317.1866087911852
1854.6005056045133,-1535.67537367555,254.4591537138732,299.3079366092657
1072.0442392071511,-2138.869287033476,38.845990730778446,300.20537523010137
2473.7640456550553,-2869.223509032109,-9.309094848605515,305.59529221246805
2565.5363107590197,-2584.098801395023,21.46330355716757,324.3035678229919
1370.7717666339163,-2060.4368270769514,186.56087675981138,326.2696489487546
2659.2125877866374,-2234.8205329511707,42.46517433894875,311.7395887812566
2557.946494031021,-2716.8118403449994,106.94508881290395,310.0159437227252
2299.211187222176,-1334.793095609046,241.3982164274986,301.8651161282442
1514.8075922809426,-2206.1721967523154,242.42802960741193,339.26334718611855
1292.5387143900696,-2906.6092944203865,62.56493303608386,319.23297548730505
2874.76314303483,-1206.0639565299705,139.11050176758204,339.36422639987916
1347.917947168376,-1774.1878404357249,130.9611167491932,305.9123488206604
2828.4488230508305,-1533.9778129862907,227.30235704479895,326.3065741312948
2263.216274063793,-2737.599987667509,130.19244824939102,298.0644433961035
1670.10288792355,-1763.428162758982,142.3744560897915,310.61694729681244
1150.6256944171578,-2322.239439652454,22.009333276082558,298.8097309232601
2965.5619898670566,-1237.6116672869805,241.32212518242102,323.1549739849801
1760.4595669000971,-2161.9000760496874,217.36544482841444,327.19595960177327
1126.48652471101,-2969.246856938326,126.00947027179168,303.86575643130493
2952.0456090420266,-1777.0969776293218,228.29319998883423,330.245798351908
2167.4576113579396,-1633.2169507632218,13.714139094118526,329.2623942087284
1268.6134720533782,-1833.2198199324919,154.72520007063838,306.9020835654103
2709.208029867007,-1089.696472297135,168.1741951670083,324.1302621107392
1392.8138008834603,-1454.659361690138,161.62060253928135,319.1676061407483
1942.8634725370393,-2499.3258672645024,239.20992660195125,310.4964041513611
2055.5149766195163,-2910.39948669401,41.82953798500945,334.06598996668174
2701.017422304515,-2785.397091885373,156.60293557108386,300.1168388170266
1588.808442120745,-1468.1329909814165,78.91741952403774,319.90952245785263
1916.078557692779,-2185.9684442721864,143.75742511075964,295.77220971170306
1384.8290286111387,-1714.3367457778927,141.37476182266946,334.4854616141653
1281.3317565492898,-2525.4403816920317,171.84130124912494,326.69104763427526
1655.0817021628905,-2882.3731358221876,257.22304963406737,319.60444022988645
1142.0872896894641,-2446.230393965586,214.88047773064918,299.18098279622563
1150.5101997317668,-2926.1156906225074,104.19652679605893,319.13680439839106
1872.5356973169883,-2816.8477259444217,221.73643075478014,326.7684266462514
1137.7921792463405,-2515.6458390353805,202.3886802380807,306.9780886061884
2462.362880692057,-2289.040894691405,235.87858463384782,296.97988378395996
2402.1047082499654,-1269.4926170729543,157.17703815296102,310.3964687140294
1638.4325599142148,-1837.6470693713195,4.957942808650596,307.8794253771232
2088.201469813721,-1843.340544712768,64.4267054734094,311.96064791364165
2938.6616374023697,-2048.786612386409,38.30141215748102,303.48369471021715
2077.8810977948406,-1804.7319251929187,225.5782271453676,309.98710394965286
2623.385033660178,-1973.232631820707,160.17322698723416,320.40015557184114
2550.4704623742014,-1833.6903628099349,145.89167162156576,307.5714584803465
2907.2373568556295,-2036.258106018088,-2.2369833631392364,304.69131489821837
1621.7950909224746,-1444.2429094941142,156.43272822834464,327.0215492326737
2870.4883853568963,-2034.3773095088432,42.94571720802084,336.0118778917314
2552.5869834913915,-1971.6607629235011,20.078065100259273,319.47547403269283
2077.66635372846,-2676.650708815494,191.79368982292291,302.7746079425148
1057.561237307877,-2379.3059018695385,160.06408951743526,315.5319502934459
2554.3492132783085,-2347.9609157275954,164.51128298443086,297.8976456908616
2305.0255893729654,-1398.034501908331,247.79369471112068,299.87072565709275
1346.0934395708177,-1616.8557503840175,67.94085893496772,301.1420906733464
2970.6747846549424,-1704.347997859901,-9.211003175621862,336.1623412719801
2411.2531697476097,-2025.2060213768577,218.30028602951748,296.29439674407126
2691.097435690319,-1690.6064587047676,53.49323348430514,321.3125188114574
1906.2267670841052,-1110.1092538452704,109.52416204735418,319.64881774104475
1707.4791712655722,-1715.2696716333983,34.86051498846312,329.47893592995416
1939.269007724568,-1863.8156202418697,38.43982866048603,326.9787271044098
2401.9301006537194,-2033.7165324812668,153.9339758886096,330.95856705951957
1500.063322350777,-2158.0344232664033,207.46455021120335,301.1890262897619
2534.3012971918383,-1981.1521898954866,170.96437617353385,322.642856657638
2403.7282833030495,-2593.411190577886,162.3843144127525,322.07368847422276
2578.7834996492547,-2609.5189417075876,231.18894639298614,325.1762038930185
1504.9874764343656,-1407.2693519086572,35.45550761318203,325.3736957668432
1238.8605123485504,-1845.246879153912,78.91001794863756,307.10584652755136
2267.263563962683,-2733.7312300354756,204.09751644255286,305.98655713711645
1521.6458713774991,-2139.535238799659,100.16290479901299,334.77824194997714
1969.0177620087034,-1735.701276641375,48.76453021384672,303.8278418992601
2429.590493075081,-2605.5227888373106,1.6610278183401306,336.8976400385835
2383.160173910579,-1635.6532007303865,126.42438307317815,306.28854823786327
2040.7801775223409,-1021.8529569151046,185.33015695924706,334.4917670495207
1491.8328168010332,-1633.9285322392857,165.58491272049352,315.5161397713847
2646.3783475820455,-2284.534723945299,43.23049397842226,299.79276675828464
1783.5028828379782,-2347.74436256874,58.872098427267844,309.8461555750135
2044.160949347239,-2326.268942681469,191.71810177255162,304.236339347073
1184.2870075655255,-2814.915857981775,172.87607567855173,309.1836558067736
1641.5925764273145,-1763.16855993656,232.11777508729008,336.1694986833438
1938.53192234494,-1275.688668850903,-3.558274728937283,322.53774883380913
1207.8353357327026,-2267.804041066539,240.09899689740837,338.25065275164116
2405.3985351366127,-1290.2468370912147,201.98376257220352,304.07826542995736
2296.2814048723403,-1473.7826051278998,207.53305070231013,312.1418254411482
2467.2160215723784,-1189.789597968226,241.7296523475726,298.93191427808625
1112.7437033953665,-1347.629454062421,111.25565868466929,299.35837870284496
2192.3407591358173,-1225.3989883429883,151.22678659032806,334.04437443183264
1038.1953657351403,-2904.0326624035206,236.47681498705947,325.90900950591515
1446.5744762100267,-2814.1255058524175,16.968207593525054,324.6127246123697
1767.135715673955,-2461.2325899299512,65.9516467212336,309.0292076985011
1805.4529191050456,-1039.7395780983427,84.16263392742233,322.90721200205684
2828.31083980338,-1692.199176891898,194.3179831601239,301.85814023782353
2861.8517556812194,-1907.106865955743,249.9884630172226,303.9763467341992
1116.1190522080635,-2187.1121402294343,33.807602651801766,297.87653736028625
1345.1923963330937,-1892.6969053071664,179.69138200663636,321.44989757520807
1298.167892168497,-1389.9713660196833,250.1198687429831,298.2093303694603
2094.115166949874,-1253.0370021573071,62.95048318497031,319.7690075792954
2928.522124331941,-2880.6420502952487,116.2066397085033,309.74182196527494
1805.7759516104138,-2217.324228666611,214.94566202854742,324.9000287248449
2441.698970661726,-2741.024394367742,44.763975458166065,319.6940536558822
1693.8933280629196,-2463.464147752885,46.79207980925848,325.14182291004676
2259.269152661671,-2819.3489288235,74.22886437856779,314.3322135081734
1424.3577672072388,-1474.835024977878,182.7486497620185,310.26230374830436
2784.793680040455,-2707.693450488611,122.70194870624897,299.73760332683565
1565.2072341008402,-2763.886887339628,14.978521134575047,306.7544450813142
1054.8212629693676,-2823.2477323798958,90.59197517532694,314.8625330796801
2098.405214997433,-1974.9287671553132,192.91760812792597,310.40182785021244
2473.5283438017314,-2385.309556184206,12.468547940449803,296.9717098929144
2236.585951150886,-1190.790878046136,203.18862328088477,326.5773221215678
1732.7193429417084,-1730.2682465307187,254.80709432150508,327.9612579218293
1998.4118476988374,-2602.8287598207494,141.64639447678647,304.2668792175386
1904.849730562738,-1920.216477218904,89.67677549716426,317.2620580781271
2266.7557178601637,-1337.8523438976476,-10.776170402722702,296.4854719820593
2346.3193420911703,-1954.448260237229,71.74276697066442,320.00533212005354
1216.5575384477881,-2011.885356571346,59.01570571965644,329.4368178798081
2206.5598348724934,-2007.5496712972345,122.2985916998947,330.8401090623989
2336.672721293463,-1048.7094647957306,117.20954572566657,331.40757004502524
2270.282093720287,-2225.949306987817,191.08585314683583,332.6676413048006
2922.18511059937,-1990.4153502570048,57.17982274467934,309.45154759117844
1628.5434598026945,-1672.5937863258955,173.67469534062135,319.50525475083214
2624.6134506400613,-2274.99172553226,87.7178471939521,312.45266060824036
2303.1327919777686,-2530.624748919378,115.93448543580351,328.16567913778806
2329.754788605066,-2278.3095363050465,-0.8159569267999771,309.9963423145952
2426.493883329863,-2667.9838179590524,222.92002921762045,321.45666305004363
1441.0890980945373,-1352.844645060727,253.2890012943621,324.03056712987814
1027.0384683068548,-2315.693639824973,6.362513547273132,336.70182206021167
1030.0832159226266,-1039.064630645771,259.4946696932591,301.11868752946947
1261.7745393270334,-2256.750502898476,177.22766272062086,308.03689900856887
2081.2964914806844,-1411.5508817459736,91.6854379158967,327.9969529869088
2241.789024784297,-2718.865716220359,139.2992788688558,326.65317805745485
2098.9089938551315,-2548.5000946337245,-7.610731475342672,304.5536656678221
2402.8149542228875,-2817.5103184119334,54.83423773963712,307.02739021175637
1136.625559556313,-1691.2731068744079,41.11876562759953,301.48434585888106
2475.5714116567137,-2812.8829118021717,-13.915891482683485,306.3982177323283
1406.536654473671,-2570.641366806125,1.1421515531959336,306.0301724708228
1890.5293169270608,-2437.112545626637,-10.95412587106163,338.58963313889166
1131.6175001125303,-1521.901272638083,195.9727785232037,295.21513390821656
2996.2990404138554,-1867.1166322037693,-5.6934811505643985,317.76257075546715
2128.639362873426,-2195.265255197387,66.11239868646136,339.6502235502647
1442.1207414668643,-1449.910399177305,126.67927521883993,315.1182123604024
2812.6842684079506,-2619.0859089576106,105.62064995163414,332.37608785537304
2263.973084470699,-1539.5633750507748,145.03394974923444,314.693471935551
2870.8236296007567,-2236.2398618189604,85.55686558916841,306.15982871198736
2952.0266712465445,-2290.3925169819527,170.36854251698585,323.1720725785069
2111.235469369838,-1145.0386520573593,17.759116777090455,308.5099598872112
2599.972743087502,-1085.148948581765,167.872300273743,309.8491921361716
1149.6349749998326,-2650.611908679398,194.7325483365772,300.068620497518
2859.512640470907,-1141.583830064837,15.124521124100927,315.10216097133457
2924.1605957523784,-1801.865112384576,225.15217635621266,313.0613578743088
2070.2949207996053,-2446.6892577540334,53.450598473050206,310.6462035491658
2502.4601326943875,-1659.1258305605622,100.34410291873375,310.36972658688194
1595.784446183928,-1763.7338951585514,189.21813270737545,333.9052781951948
2219.517864730091,-2503.3117755861945,136.6632818325095,330.6607051956451
2645.392430577862,-2791.7427918730673,171.58373820922236,303.0715396391155
1789.4097031724214,-1909.9342414846178,143.14395120289205,308.32519499540945
1789.4269161284437,-1097.8296882839659,194.90709145567348,334.30310029099144
1111.4392218498951,-1833.5211783952789,91.51196368168893,306.3104776507145
2466.324629783606,-1377.5268887429845,5.286153238680271,310.1409184355834
1772.2385154648066,-2313.3849485251085,247.20982745812665,326.1195881232099
1023.4454129377435,-1357.675013073724,62.90304375326684,313.5194019039315
1841.0775123401272,-1536.400311262233,19.04646742592056,297.129754293758
1449.4696463983346,-2465.2738951582423,123.97119275526316,299.22249527446166
2004.1544849273507,-2309.6536983625974,208.1353012745669,307.521465594085
2518.6931951204806,-1158.7757109054082,161.2490305698923,319.91771840633095
2533.521360514117,-2502.6431879740667,222.72852684185182,317.5764006482341
2312.416693047353,-1475.0046826117386,-10.481949719165367,335.6799646597502
1971.3193023319102,-2901.0231452590433,228.98169679755608,303.2166531163202
1046.6309142278026,-2563.3475760786087,166.32342221117534,315.8293951716897
2805.546696946304,-2442.8963575076323,180.50213437849771,301.5897891407121
2374.394793742333,-1823.55997002061,64.38228619775322,332.86135781547387
1762.8875886216401,-1539.3798392920362,140.63255186286054,316.3180607157977
2721.2974437108064,-1041.4931392579674,184.02750777827876,295.31235310495896
1829.0716304844718,-1467.7499194832542,162.73568213282573,327.9220587489472
2972.4673161550154,-2796.421598150057,86.0398566920582,306.9733387362615
1881.1997369944525,-1620.8035832848477,-1.5538996605411501,339.47735113245363
2457.642393335839,-1695.2489442123415,15.582937775195763,305.35874829750327
2368.580769960742,-2949.762338286111,60.68095707393179,331.99320943691623
2437.5446975754876,-1706.1339895858273,253.6653574971594,307.60757643119746
1814.766493601188,-2673.6031475953187,-11.59967304238629,304.39370845500486
2232.5831104676595,-2333.569836522206,37.77141177482888,328.9416873909147
2474.0777036168156,-1717.9856421156585,49.556117375716596,304.4546211071248
2879.5691332876404,-2810.4397203741037,191.61064648641994,319.5820319886772
2501.6976910274075,-2313.6748229179,230.0488052382927,318.4305050084407
2082.5409972804628,-2492.8595530185576,114.82233849819252,321.74298936339505
2985.699149322347,-2291.112490507495,158.38717652074493,310.89474626108426
1850.8274238712124,-2445.405538268101,28.257534445229822,304.30934088138366
1739.53658945988,-2084.5254920696416,246.80750169035474,321.38413913305635
2545.8806297192123,-2857.8192557497846,251.6551724103943,315.6351062771049
2210.1649066039586,-2479.686994619426,224.0563596276216,308.2148306371573
1271.8205928944953,-2131.5224541578714,222.4797406484531,301.2371341503986
1011.6551122713387,-1381.0138131050899,238.71931012197297,316.3972229405204
1819.9886712785683,-2855.5327228390206,258.82867665417325,310.40124907334047
1927.1125168605008,-2533.0548389961377,28.74069668358088,297.8734554395835
2518.3495073457702,-1997.8821064791318,57.8855000584947,310.7841052597347
2173.5731707343125,-2805.1235087116597,73.98311152862884,338.61409928668934
2037.2090365255353,-1256.3471506319925,214.96685116410262,316.26731002815313
1916.3164763417126,-1134.5587760842084,201.1690386109512,336.37004472566525
1928.1474376687624,-2565.9238793464683,-11.857161566495565,325.47272792455635
1464.3459331921438,-1222.255024974995,40.35891967833485,337.34239851227727
2579.414121697938,-1026.7952134768068,209.3974256813831,317.12510884912314
2056.6212624508653,-1761.1154423649348,182.68570586413023,318.94708120711994
1040.0454665987472,-2656.9574582181194,37.873211833022594,296.536258522731
1015.4005149944265,-2791.2417802526293,207.9531651039616,301.6121005532693
1238.5010959695508,-1848.2236141355086,43.23393397056199,327.6456386295712
2001.4469590528024,-2026.3687260976553,41.53455697857833,306.65882349391114
1289.3699145190574,-1426.6251664834977,212.50192042600733,328.7565673845912
1205.5105054235883,-1392.941990103781,106.34810172478231,326.27417174379275
1255.5699735594528,-2654.8335491102375,29.658570407379187,337.59453785362155
1817.7472152305043,-2591.877894531645,24.351754274705897,295.08491689692795
2314.5763079598896,-2009.321484341277,101.5501661947893,333.38853706431195
1785.1238693530438,-2496.598983223532,150.57219503370266,320.55017253507515
2102.1568455496954,-1250.9156915678811,165.51810436897128,318.53570116328706
1768.894896861269,-2137.6294825409495,107.64601217559942,319.8928480325396
1158.9416850845257,-2182.06207581053,214.92801581789905,312.9281901190581
1207.1018797291085,-2641.6309625832127,228.57817664564746,316.05370595243727
2531.1779082195485,-1516.290771615156,62.802504929457115,304.77928674871254
1735.9119759585165,-2613.6418185986145,189.850434478136,321.33919389346994
1245.3667331637898,-2723.3797975378634,-8.550571067371479,314.00274536618343
1926.6772950274642,-2994.725929777073,159.34529437478975,311.249640199786
2475.789776589372,-2799.0241886498993,14.757805439455552,308.71720843093317
1164.5562950845692,-1615.700182724351,156.15602836378372,297.13922472179206
2669.671252184068,-2332.6666839194036,-5.880745275075322,319.30606084200156
2458.118625561806,-1939.8656955782924,15.92675324774197,336.610899682211
2543.592582448442,-1916.9916921779584,20.162199140951827,324.1148109060216
1323.72433773384,-1489.5036199976628,105.48821694873115,306.03787129229573
1024.2549201319814,-2563.924988329997,159.5169772103669,303.871009822053
2980.8137239061757,-1338.2440358620092,167.60533391856646,312.32235281494746
1429.025811077785,-2432.516593267478,125.09338454949523,305.8435039320768
2402.091867968227,-2084.8101182080563,89.53328431508892,322.72037106583224
2758.582409174114,-1363.3176177481428,133.89980696989912,307.72750157975736
1697.0590434989792,-2264.1344748436904,75.51453903560773,313.5681299376865
1916.2615266043517,-1892.3683749580468,253.8303124632422,305.37346301806326
2287.5179087360357,-2645.3599705479296,236.19334702563847,303.5064291521472
1840.5723326558045,-2021.5983636454507,182.60953661553825,304.7506439161688
2757.804769473748,-1467.7412630775477,184.138576451216,311.78764530401617
1485.14197123257,-2968.1116310494954,149.89731878242583,325.0667984713268
2691.5412588196514,-2594.6230021543197,207.16768576267847,298.29110710239036
2488.37837669036,-2831.436199803963,105.78634096830459,303.7215927780828
2863.0063616158122,-1472.7574153781113,33.8676358930568,333.6206380142035
2653.8327630128424,-1180.8875302479194,163.29613741793162,298.5149950706192
2325.4737732754884,-1702.669998595102,1.1941716765644372,338.1331994491776
1436.634533925177,-2438.4523328349906,-9.059238936948422,320.8123108914566
1983.434393469178,-1075.2748552189514,243.20522358105313,307.6672190433157
1321.285802570022,-1319.6260723459384,90.50099081373564,303.1473260146706
2286.6102842032737,-1123.7408410053683,101.28231073651638,328.43954045705544
2942.1134523419596,-1539.3166649469822,202.21535921689443,306.1769923181835
1607.9925102867146,-2503.632030719038,213.44710206568897,337.93955126823585
1095.5580192477014,-2907.716379577563,246.4709168638119,303.8800975349859
1549.8728819803594,-2978.0324295532428,29.760094150212964,303.0130536581897
1352.7158874113763,-1972.8348124354393,72.2395578352763,297.1564568866745
2449.108397441211,-1145.6597650808346,99.18248455511767,336.6061022933683
2459.1355705134815,-1024.0671169736233,239.74783559703636,319.6146322730474
2782.215849042944,-1490.4147066362889,38.24303334844984,317.74930942308663
2562.9550490649744,-1310.3731606432902,201.06402069335107,331.12192086373386
2562.9502393626913,-2012.6267783708035,143.47432174473946,337.374675748439
1189.4404720766736,-2222.126348399799,83.89409269185559,310.9805330480115
2797.595532727645,-2042.5968830935353,6.47961994541285,327.86997568735353
2958.505217222535,-2013.9785396881557,97.28572458454988,331.2407689693559
1608.752542777273,-1107.369483791325,9.896180599371537,330.2600860053086
1399.7050952369896,-1793.0362651842759,90.36525880006,315.6732202302934
1736.5707326258273,-1465.1958493816078,182.10689244820088,317.40496483990887
1708.008560955319,-2328.244620639129,173.2730475819969,335.99597259167064
1432.9626934187022,-2269.569923920447,236.59589590394862,303.0999072395852
2093.3811438489365,-2549.778969105933,162.22777020169164,337.62003572936186
2845.552553334099,-1838.8111472145954,194.4160781692186,329.7452084201587
1347.6230147042916,-2571.5932368396707,75.18132211424697,339.14765575971103
2312.915415232736,-2809.411732675556,255.25673594111413,305.17544846931713
1142.0499019058598,-2466.3230852431752,162.5591574164255,320.1856644358626
2566.1815630741244,-1190.839754258506,253.6489563794293,333.12760438911147
1844.8403418249754,-2836.747644639359,42.79363642891434,318.59577706480974
2460.467387814764,-1328.2992104944176,251.76011486825257,317.26083131740006
2701.751036984523,-1655.2727686177357,115.91570921179456,327.93396024744544
1501.3765044935044,-1846.6810080893586,231.5758773728132,322.7516804038378
2975.181437149407,-2120.268477509071,-12.270074006999344,301.1981170002449
2260.0975754212695,-1899.3180585436542,155.91680983729026,334.2537694456265
1087.2008894877345,-2850.6488993535886,-11.95078441472986,304.02829549199555
2819.624558519121,-1475.1898622021708,26.931364047806866,320.8202036773716
2509.6226198288296,-1458.928542445972,189.46749374524083,311.89299435158006
2500.936114629001,-1340.4226934052313,238.55819776676626,309.99456837666463
1856.152307339099,-2771.7682645609507,135.47372777183267,305.0978442172925
1929.8667813433801,-1727.452544764348,176.16232769282823,333.20659057055366
2544.6601557041836,-2901.6110749370528,259.91768433001556,333.4971332492204
2407.7063979597697,-1557.3278974932384,51.68704055157825,300.4936278692982
2939.95572901351,-1238.1796653262431,1.7250458613153867,307.08750597209695
1040.6229584542978,-2029.428240997874,213.1989117864768,338.05796765825903
1309.7508348972435,-1975.6243301287373,142.14449731789588,300.31387813186114
2956.894592480623,-1977.897923047633,2.2752898044820213,329.7090038584555
1898.7355346095014,-2466.1372410504946,87.94104459767244,295.97717078527654
2209.853017472855,-2809.9407645876095,240.73894655361175,339.12537991817885
1245.1192224877345,-2564.359037946281,0.5103986128619873,299.47329242314675
2905.729675959219,-2776.967959349034,47.51335634583693,319.18170247196355
2023.7932877648218,-2541.826420779138,58.61100601053924,309.0755943048065
2431.300936827475,-1013.9320811767038,9.650046434411724,315.1032277995479
2893.176663409433,-2292.882209780003,24.22207687258382,318.41264773956624
1059.6839640974197,-1823.3116759567265,130.94055679512238,325.25986361447326
1449.3655675643297,-1037.1846318267976,46.576464511346906,310.3369246857466
2189.6298086629686,-1386.7066896007673,18.22433643572497,303.77341138499355
2399.0152167789965,-1552.7408164245917,189.71837265029677,319.12279069098975
1419.976582263134,-1745.0794623254487,130.87908496239717,327.65644099891244
1723.1458957482973,-2111.710243518943,56.7469260389351,302.7485191893783
1444.5546040958434,-1038.9374829062551,233.15260521319738,315.5576473347685
2239.702446424445,-2943.106620339325,174.29716807536295,305.2287498912984
2554.2174545289663,-2906.996251146011,205.93124269525416,324.2633804874239
2314.782477348,-1448.171851071785,58.59528433165222,338.4050983114431
1855.5966166243984,-1968.443789003323,242.39055574458712,308.5330450543775
1860.7651501295895,-2277.8189236609296,-2.310066537074304,335.7684846926859
2140.789036102485,-2074.7791791063214,71.8361699870616,303.76403662639683
2976.393204912485,-2808.2751259700754,217.05711145851492,337.72965984930164
2381.1802436555117,-1674.8992322655522,123.93886955812997,304.584366207062
2391.1775321452396,-1524.6883765906211,238.3029489092232,336.90312365919044
2680.1839507618456,-1138.2694541952646,87.30579527298441,326.5904848323496
2725.7452877325304,-1070.376171508353,67.74730356017608,307.24480835237273
1368.1676603865576,-2781.5283502573866,47.401151336822444,312.95175398876745
1725.0857795404563,-2562.2342310642616,210.00071323218745,296.73185595943596
2782.530477332919,-2165.3424518456554,-13.450813746973836,311.43712825019344
2934.758987695812,-2932.127353521881,49.79428020563624,300.6906811759481
1551.0932193675303,-2801.5087484717096,113.6643843013072,296.46151728184515
2353.4955123701475,-2384.986630008375,177.29131040880281,303.4887391077788
1330.366335526709,-1911.146462848787,82.33752619353896,300.4094963297453
1469.5715539597795,-1031.8889553641893,225.4841808528302,295.5093620597007
1821.4727622432592,-2241.652894270304,7.285606144173695,301.632657143035
2025.6805850193937,-1059.8118697353095,103.40904333909454,322.56537399189665
2017.8721760406863,-1486.60052811159,110.73186092023207,310.37004925240166
2128.7613128928433,-1145.5450892768317,154.99929200048203,302.37945434725674
1052.694861459816,-2816.788524012339,202.5401593513733,316.0642493014447
1941.5062754134333,-1162.6338496338283,140.8849124892824,309.27032603406764
2455.6387814868513,-1122.947273906004,144.17509029610565,308.3380413048636
2554.187578304133,-1983.2081804806444,210.8527143693714,314.78343015731497
1107.9873052018186,-2305.568244405356,82.53878508586749,302.4095570674182
2513.4019545747747,-2139.3159981600365,198.9391394582901,317.82419813018214
1320.7472681211068,-1897.0407376869775,71.32552401936978,320.2312174046646
1817.8789778669511,-1366.8609385762568,48.44412728432661,314.52677444398745
2876.59204957753,-1741.6011942527264,44.66107320879911,319.92018690490886
2518.800684605812,-1355.6622356775354,194.4939499671449,327.2466357389366
1603.4604310193195,-2289.1301974043986,1.1807480976695999,310.14220020909113
2762.6095916434506,-2902.812014442111,8.822053943627804,330.36898723244803
1157.5986996484576,-1140.2536067857243,92.66742475842177,312.8356480214933
2989.6609727749947,-1325.4737853228717,-8.542763197249453,308.59586545069925
2806.656846774138,-1366.6985708274979,211.0065924919845,338.1976266265418
2090.013341837189,-1543.2022656107927,78.50765907717529,304.6785028100241
1317.7023176955713,-2764.726806937723,236.1707474744694,309.6473397339605
2650.5396367705507,-1542.780353258401,194.5701558515629,302.63495534933224
1769.4941248518396,-1191.081020988414,99.99304446910661,310.38542656733586
1790.323009629355,-1469.7903032323757,256.02034053129273,307.508795198921
2065.5093857640786,-1188.707706328605,233.05100768746055,298.46436825902174
2268.2144123791822,-1485.8598992594054,196.9758065692614,305.18254382934236
1259.4411693326997,-2573.2375785165686,150.13472659333752,319.7368951642733
1564.641936138023,-2915.3508676598176,51.872844008602755,296.4258928495316
2916.6036340400915,-2041.0402384685453,10.698270060035362,334.1396442241785
1124.8956719204477,-1211.5285746728214,58.09348726382417,317.13494780722834
1402.5466768404474,-2849.4488855763752,239.377475134359,327.974378459964
2467.6828490154303,-1753.0686757833726,234.3529799276455,322.1415843844247
2301.182358572241,-1414.8988044290452,161.0745991656601,321.02013486142687
1033.3978039508165,-1623.2512986543798,140.50054161694328,318.0228812447904
1080.305312735982,-1451.1259676966422,109.6720108716986,319.7368337676431
2396.9715291622997,-2838.3132101486685,107.98591811734083,313.11981871971176
1874.2562052834505,-2934.672150969069,244.8483493404321,335.861344703561
2450.7822229990743,-2283.942183243794,20.4449923922732,324.0733157904864
2413.5808168108215,-2602.0563764210606,235.45772958684233,295.69549381404386
2552.1080392274152,-1706.0615726521464,89.19325944828454,331.32150915695524
2720.31463421257,-2413.3397005210627,232.7444402425954,336.18106055615294
2826.379745011217,-1240.246083104644,-9.89825151263761,337.79830640136083
2711.121695132985,-2937.5128958316086,52.19398334358844,328.4682853581575
2450.0623293475137,-1497.7207504493256,102.09059842456838,316.8314215379597
1860.743977424241,-2522.6150614165517,158.11365266931062,301.43357558187995
2433.934696926395,-2548.975358639739,56.80140153892546,337.298938155146
1360.4415565711597,-2428.069563788591,149.23483012937646,323.9037388437682
1498.4589573145047,-2838.339326822769,-13.82121985715617,325.1498821762843
1197.3982643180861,-1906.0459240542582,95.67574450089614,329.1054227878043
2255.9354432708833,-2086.6508567381056,167.59079031498078,295.11190390561626
1008.6204321271679,-1317.0165219395951,87.41529080480714,296.69818112839255
2457.852321793188,-1034.2592525203509,212.16857148613343,317.9640126316498
1685.0177874874767,-1497.8485626353465,36.3961722633567,310.4677822490978
1531.8682001973284,-2011.331490007396,189.1822460231749,335.3274448218683
1020.1022606686292,-2706.7923946748724,154.3432350250734,339.39742493449063
1649.2719598754088,-1308.6683812013684,-9.888373828221457,297.6964218116926
1470.2104781295593,-1072.765982963857,55.24972473476164,327.8459170050986
1493.7538900448733,-2929.9039592653535,154.57852623418125,319.798571447134
1453.6694004795918,-1102.7427362724318,-2.5701285073333633,334.6234005492382
1025.3288646380836,-1629.7142659032265,147.7455051684391,308.485523811072
1175.2610840426573,-2100.4016008158223,134.95718310996094,306.11483209378486
1700.3338069315587,-1430.1946666500148,172.75379364951246,303.83298864208916
1193.7419840866,-2270.3221218313975,38.156391885461716,298.94236301207053
1615.6745077413716,-2873.928642004249,216.7225992701677,324.88469853337455
2895.288410572569,-2106.0334993264623,71.26472752690664,313.5159724384952
2598.1607158591687,-2765.432134974695,101.97810779745785,306.6949680345222
1296.468951341374,-2286.537034322735,185.82513328883812,306.5833174155918
1883.0533544212085,-2256.845123004685,109.67224036505277,329.7207121750079
2779.944770881145,-2727.1036719459316,217.49134671924566,324.221512884148
1753.2602656968968,-1030.1025546608187,178.32749899752244,300.8832922525383
2720.4365047239203,-2307.3721010278987,20.529114886397778,313.587856492665
1652.420339326093,-2637.4991074793024,85.50323298305126,336.58041892385296
2253.0368701717507,-1148.6557895124802,85.64274547843104,301.1903172992035
1753.0565832969953,-2017.704849221287,156.57161415065715,326.7768719296072
1126.2932384245807,-1954.6665274706047,145.6270012778699,327.76743574818374
1372.5159428797697,-1112.3772261331478,80.36054275996464,317.55450202713047
1928.2444581997322,-2095.858547123441,196.8893106740237,310.7804426076907
1011.6871276961425,-1164.1579905750762,169.39684471615502,298.18927920411653
2898.791426786862,-1610.9660817875172,214.829532899031,323.82601678629914
1279.2450467954327,-2389.2130823003786,92.55776601599342,308.81406983983885
2191.255586152211,-1402.5452797248236,104.59622549437873,334.9838865725517
2084.077741924777,-2660.3465255461406,257.66027176267903,301.2402780991209
1439.9646590790967,-2627.9709438270493,220.30258966195677,337.13552041598615
1396.5797387542195,-1577.4845723789579,172.35222288675675,303.8062835408699
2383.6569235593815,-2455.113864762419,74.34440693685389,315.46536584235935
1178.7910143288802,-2262.879149608758,103.0088015998602,334.1012899318784
1850.1485472634536,-2962.455407274976,150.4074697458016,323.57711398474737
1549.1708784333123,-1914.496335813632,7.2428111899845256,332.9423568273574
1553.1989145492612,-2650.809627454814,207.6735296298951,308.37243421951354
1963.2046139089327,-2882.39106759508,136.26586210411998,335.4274299739503
1473.598212839451,-1148.8170281234652,12.243122504616103,301.3578803747658
2020.6302711022304,-2072.036380407877,199.42761860374017,319.21685839609546
1028.7555319005112,-1148.111138310292,137.35461608151806,312.2992338776274
2733.06389025761,-1568.6445052755357,52.92441492263535,308.37213285126666
2926.0675488758716,-2577.672401728647,234.05643775865076,336.941408790279
1341.8849385576802,-2595.3913373344435,151.82900913570938,309.38372215301115
1115.0082962624494,-2211.0583976284843,176.56212921557287,326.2692628813878
2051.614114398348,-1280.038189665736,211.68740326472093,297.0895125179863
1525.4456392665654,-2428.823974094379,251.75135632550945,336.2217443614516
2754.1258559804955,-2103.2726103341483,149.8387804588258,311.52868861198453
2017.4552413381732,-1843.2258159246262,57.9537753523297,325.18482921967063
2477.940882419557,-2182.620778067064,66.45094673832932,327.78884133263483
2735.597755208698,-2448.615913245333,64.81022977088851,317.4473468840673
2649.2007539794613,-2953.173827927996,215.80732451541786,327.0370060945627
2900.3127422325415,-2638.5533095158908,-9.390949316468001,317.85209014888306
2450.9397904034067,-2797.0763077742213,96.43748248255758,305.1500551528721
1603.996488355786,-1333.6629821304439,55.437783540129914,320.47222091090305
1821.371819644191,-2276.164345554947,110.35538974583139,306.07549841149046
1218.4233744329138,-2836.247207088726,21.944801127351376,332.21940612261665
1453.9594994201805,-1497.3329051827134,226.23569264079887,327.37945332881236
2393.0175423494875,-2353.756917192502,70.59101600650293,297.023803843072
1039.2762894310326,-2038.064769684968,41.82614849020317,297.65293907892743
1447.1812442228002,-2346.6189309354054,63.56403434280335,315.3011558963972
2844.5672420810083,-1053.6228386191303,13.572268792442667,303.33063332748844
2098.622762438401,-2072.393323548038,127.97825961047766,309.86028568558675
1684.5486962506382,-2720.5826984024143,189.3733223755763,310.9669671247132
2029.154387906697,-2790.4375225476338,10.039311192062446,304.81860784642106
1836.2223378355748,-1674.3253436797997,43.66006895980168,331.1448926328859
2179.53845681421,-2676.992571803964,116.53489051349752,330.827923924161
2001.5385052243741,-1493.688294772447,122.59248251351448,306.428176886943
1270.7876047061495,-1904.5881239960763,69.3471169015993,301.526969040137
2225.7719201863156,-2412.140371928327,164.77281531518923,296.720021893034
2873.1089602406137,-2800.9391582617586,117.4201482148016,298.349348383312
2559.6011692963684,-2861.7388137338557,234.02376418722747,332.05667609711094
2289.4039347814846,-1492.2692576037027,20.460504519309794,327.8891897811495
2331.2400758057283,-2084.0206078200504,81.26031444733326,332.4368757953742
1714.8932757865603,-2969.9207066525432,34.09811105781709,298.09182918138845
2359.2158001812295,-2048.9670487829226,78.57545226800617,331.72090496226167
1256.6729614165556,-2072.530512583413,258.79864282499295,309.56997003945077
2951.1615008227363,-2827.5062886918995,204.00668872911137,322.38028432712264
2614.5474445846767,-1085.9396705506838,80.1082458813591,337.9378539583983
1586.1912412638792,-2208.0770091387285,231.2930634996189,322.7461695454589
1827.8269454044678,-1109.438738974338,80.79162218320505,306.9467911731131
1760.8650338286766,-1919.2896629773495,129.07791867018867,331.76375508973985
1940.121156588622,-1767.4427722224555,197.47979833253942,307.24777125733334
1583.6116898111322,-2770.9456663621004,68.13425334648976,330.4615514962798
2998.7450099299076,-2527.760187557662,92.6978987048994,300.04755428524095
1210.3893103167832,-1538.2649845142575,108.87316471337041,314.4423725649427
1669.3246531381262,-1246.5494939985824,183.66224981341352,303.02740114951393
2878.8888735147602,-2248.051668161461,-13.218864567188916,317.5523878004892
2520.5485773672694,-2810.5967491866877,18.184690952305914,338.39119243792203
1432.7830966551896,-1631.5397359669885,10.929307668992479,330.4763944319264
2497.762525570369,-2452.739212678848,239.1914519130696,322.6588209447639
2104.769156848771,-2200.7106513794897,25.339339021375707,305.066759584808
1818.9461382615514,-2974.142344729862,25.72643423502224,313.1893604814755
1514.60753574096,-1747.9659741683254,168.33131890863092,330.07225907938135
1339.6140538610352,-2819.033917958008,174.76698005970815,305.85557929232715
2186.661905679358,-2588.092787514263,10.379355828882677,316.91427511227306
1894.5999128332949,-2118.268038008302,141.21770791488967,302.0932831297619
1349.1919394973027,-1115.7905331713157,201.03125302226653,328.87318587044336
2609.7362648971634,-2834.350851044611,129.92998005078695,320.25928058873023
2802.1037183074486,-1188.4318196061427,154.93765952743124,319.3111212667933
1560.9120071547154,-2216.7856349804333,42.562712353870495,336.69751835813094
1786.5246344258414,-1037.814446661488,-9.359806553200348,315.9433612416521
1762.1155325489726,-2811.4300588815295,135.32068147286265,326.4464228574358
1695.0612142131977,-1983.4962224847436,210.0206543442295,320.5796792079635
2416.398967599038,-2778.984564909963,223.3515194730798,298.45377973250885
2070.4006400093604,-2440.6669277824376,144.1059936185674,327.7419794213161
1965.5867220924415,-2736.4164248939205,204.23953130039985,319.91668715172455
2737.879384042967,-1914.155201910074,72.97118762906291,317.59398519605713
2887.4166122702754,-2261.875892048837,32.51306961348175,305.69601137468356
1406.791181613341,-1159.6106541881884,250.05339061448188,330.2791827808778
2609.8947684551295,-1596.195551299623,115.55021748194429,336.0555712105585
2456.2027749595654,-1628.5807534945466,235.63376747938457,311.2130884891422
2341.197416208621,-1674.5009666509816,156.39816680859312,315.51278372614905
1686.6602924085164,-1586.158757436663,208.5722466688239,315.1526605347707
1587.541634727576,-1146.3570387368077,43.14503021432336,307.6113973118557
1067.2005362339225,-1650.1396042579634,132.9298078424967,302.6176702556529
1731.1477745534048,-2156.438472475532,56.098919486651084,320.94802229280685
2639.559378877606,-1477.096822986033,98.69290858325765,319.498833505357
1552.8736488271684,-1429.6623656585884,127.06351277512431,307.25867595698054
1977.1171048090553,-1366.6050889174792,189.1944697278725,299.9545047863546
1982.7375062741662,-1939.65637109855,218.08868934362897,308.3242140754806
1616.7302250272376,-1267.9311150335793,0.13692163383360345,308.1907938438776
1795.5737783425552,-1784.2959125787936,96.9386226052915,307.4539179903493
1018.407287566786,-1528.3052290947633,149.0102195592859,297.08150885834283
2282.170097841964,-2528.4591538253026,19.333438375661252,297.1415375289443
2598.7367969970323,-2021.722109282377,110.47404820735092,311.6590655312318
2234.801854569446,-1846.818619298758,67.60376358752664,298.85793370507514
2389.6006338549996,-2152.7236300630225,76.65335136665328,325.1471034798022
2682.814296664554,-2604.7415875046854,210.53984269666267,313.6749850803104
1253.8055881051519,-1235.883656278934,215.70926118821066,309.23744186865537
2729.385484162547,-2308.3098551036346,169.46431644215906,321.26113043523935
2172.5447945113237,-1006.1686777729435,235.25314894131853,319.02175787941803
1345.4273172965582,-1188.7278658198165,188.29672993645636,338.2114050966891
1045.0158649365458,-2807.1964827356965,188.00126666433007,304.0784296057527
1958.9009499281028,-1041.292383475112,192.23337634471258,336.08311295684064
1528.273923785439,-2060.1638412665634,25.219961164832526,337.3858889162277
1568.7323885475762,-2625.938948048356,90.99198022961743,325.7444558730884
1974.0994954401392,-2404.8976842501943,81.78364853868743,333.1740496366633
1953.0541095081962,-2024.970663578616,142.7200222375326,314.9437881798847
2400.3796178856755,-2414.0637565331645,187.381426725,304.5903349310865
2959.8070720545747,-1858.36242926232,223.1084334559154,307.136331145499
2931.0691644034605,-2077.9389049890674,208.71692727761177,307.30530325481925
2326.999541447987,-1728.429514772957,172.0826238180971,301.6526748579255
1089.649670606231,-1956.7572799298396,45.24315924229954,332.6296194383027
2328.1396258781315,-2821.4320881548038,244.93564666572354,335.9055155099227
1426.5168184351844,-1575.9167614975468,220.6537488824435,326.37613456602276
1400.125745742845,-2480.2691664110007,115.44293864831036,307.6832106646996
2287.5352146659657,-2131.110302249016,65.90820224332529,332.23457000387884
1676.0948348589827,-1471.826012757172,90.2668998799242,322.5212048859991
2223.399362400365,-2568.1803655349513,-12.138333239133878,324.144502620823
2714.636934756765,-2314.0593215029076,18.662378885446856,330.5869514006296
1375.077378662298,-2178.242682886677,36.10155546622697,319.9913090943606
1360.2910618362619,-2749.0567967785455,246.92418382380197,338.5786743540782
1567.3401652870286,-2292.340502196681,224.0974115534112,322.56659339542597
2652.544421606914,-1809.1792936297159,191.59703367892774,308.30967059429156
1991.821404645975,-2415.971750904646,204.38681635176434,315.33617910591136
1491.861103662253,-2330.039428262255,22.22787718178833,313.162372854172
1418.894491986111,-1113.3607504224242,13.817287093575285,337.82484410832274
1111.8573987298043,-2200.798564022879,19.445500567166867,301.2737386187024
2770.3425727569784,-2239.8052763998658,223.01113257040672,335.85064923730715
1412.7240521872695,-2436.903738196919,200.39592739645468,339.0577722206659
2352.8822687797942,-1151.0405795152337,79.66902004659084,320.2399734407555
2026.2019668397688,-2536.1860221845636,71.01576289650454,325.92911338894226
1153.3235092099517,-2237.5983149981193,91.93666547693707,311.61555138288895
1587.467452294792,-1128.5707019604804,154.80841917794388,339.8668465517527
2756.3402119792054,-1159.7804150505626,123.47626738391278,332.35400561431106
2537.409474952428,-2245.164940339694,88.7005527031927,311.49062932369
1602.1698658515777,-2258.1401199847255,189.07926370151662,337.67231158499254
1462.1752829512734,-1575.7276481211538,45.69086242548124,331.4467046892599
1349.2374345148176,-1569.345322624087,117.65676197089135,316.87842802248787
2479.818496689043,-2434.989413038926,44.13269053379297,326.09005968362897
2606.173017087216,-1946.0212998267245,21.104044673438878,329.199798055918
1175.6868367370596,-2210.3681515551834,51.57896814062772,308.61779790595443
2268.5017928043135,-2458.987175886823,176.97736853803357,338.76676414248215
2647.345811008092,-1596.97872258906,169.23554360531543,301.7729319664424
2330.013020054279,-2839.3506806437836,61.00083656430512,300.99961541429684
1759.1781438698404,-2075.238306395341,229.22017151876938,332.74001225781217
1894.6078321635764,-1670.7256511945754,101.70756164006721,322.9968031832984
1541.156565852113,-1087.1216324450913,140.1230792536796,296.85582553377446
2337.12738867691,-2291.3502131182695,25.82494128030654,311.87782882103585
1585.1049959344764,-1417.4426699389176,13.933199898972735,331.81576550576324
2046.9415200553926,-2456.620962196892,70.94511839718906,295.00015712642374
1593.6525599657762,-2451.6749102887034,232.34537139992952,321.173194889179
1257.4624621523951,-1911.3436614270515,235.68962444906114,315.4277528737037
2183.1656798866074,-1630.9004360301672,16.454247725851914,307.0525394851983
1958.6612727587772,-2837.9769001577806,89.09870914239309,331.1679196966033
1383.2899055398468,-1252.5388234396153,117.20944316819367,339.95829393966153
1337.065471101279,-1634.4558364207742,236.58334221233207,312.002768687666
2016.221474967447,-1283.5127027305637,2.7664135398410394,328.60536767519903
2144.4423461254382,-2861.1166009029853,5.0669387643926775,315.1616463049416
1700.8117255522243,-2914.4020616317284,147.85090605380992,302.20697654561786
1996.2609482254943,-1826.0800971555393,199.75055646916886,337.4451622091107
2287.127676881023,-2581.788935083089,120.9941696253808,310.47361729141994
2814.335129609388,-1239.3649051077157,47.81128352967253,303.15324224024835
2499.685968656837,-2920.0352258180424,176.41601593516089,329.1452591135856
2508.5241046418596,-1237.9390406738519,137.33427851007852,298.84717299746836
2144.7755815626756,-1683.702648874263,140.06445816073156,308.6939387317574
1126.7990581436768,-1725.0799370222558,82.1708948778548,311.7373538219358
1799.4460747876492,-2025.6083274714579,56.801752698530834,301.3264693426289
2378.891609424052,-1721.959467655379,243.0012802639768,310.71847726064976
1716.6436477011316,-1781.5137455652264,25.228193519591223,297.81422358214104
1926.5855618898613,-1202.2138554556846,30.277428386568545,318.72239812714946
1475.6682157067492,-2483.4194502951996,115.01096633022479,331.1135892312118
1279.355218794164,-2101.638238300301,109.3433418805774,335.2388467131535
1868.5745485678212,-2230.1870381984713,134.50096141686993,307.2447246992197
2530.0887437800247,-2652.915875971109,25.65743674635425,309.22921275467854
1721.789453096862,-2502.5907288283097,54.06843012685718,333.73360632222966
1299.6933278591282,-1733.9341000767092,27.391605551241426,322.8020000145929
1239.8344835913808,-1629.8963261599652,93.54611140715784,329.00115375844103
1914.49694161208,-2451.967417229801,165.50767269014625,304.69592161652537
2960.914928171809,-2225.9776952519715,249.46897471068144,306.39292236367595
1183.2482523869753,-2248.7214120615868,216.33584968179278,300.4691158948811
1920.0061255151131,-1928.5946668743065,130.8903486700397,296.6209109748396
1549.7512692112896,-1481.136899271466,9.799018630315704,317.82247690591794
2114.947125202122,-2499.037607724955,83.26821865151635,303.90809015735476
2336.0585753713267,-1837.530284725198,110.25066361977586,315.29283487216065
1342.5105679208727,-2488.2780755435097,237.25023473008383,302.9734849204971
2213.214067089333,-1429.377004611433,202.93930352129618,336.72241866350896
2984.617733539071,-2077.241448302175,195.20888765112883,304.1600476402231
2920.346483054577,-2354.3045465632854,84.04902057850661,330.456661590069
2876.702802975325,-1776.4097124035163,44.19358681905601,301.3045801976921
1737.6610733680086,-1135.7645404150321,253.131449104716,319.6598720083822
2167.0225033639413,-1385.8493372596272,30.037619551617027,335.7910448712553
2502.7557893787452,-1797.7924984340902,236.0452043815827,302.9468462962854
1481.2733484983894,-2394.224822014042,195.8732952753294,336.0628350043743
1909.040647567987,-1390.079297392932,191.66392091641083,325.0107592172876
1640.468745849501,-2769.318166474597,170.96149426291183,334.68387305049174
2019.830566563859,-1042.1165852586096,-8.64273203044144,316.9083659131587
1018.628398979202,-1832.3640294470893,182.7952694590243,337.9403037829332
1342.785609824553,-2381.960932121751,27.468661502245787,326.80017187511487
1599.7834608059752,-2933.4007375928904,207.419409415239,309.163429952651
2883.2647654762204,-2786.904353897828,37.943409136020854,339.1673604291927
1938.2690811092775,-1218.1350990743715,132.49101853204115,327.02848764477386
1892.1088757973146,-1846.7973109219936,232.45537228369292,326.05339771024666
1331.256849203127,-2283.042274107876,256.9851886071249,299.0685326640541
1848.2904739728551,-2953.5112229521865,49.09173466900502,319.9529424967529
1896.0459915587644,-1827.2773875314556,225.51103482187366,295.74987098759084
1855.1867799059842,-2611.6717872473587,0.0525225241526055,298.5420538081825
2306.1286183333204,-2691.380083410464,177.33264556184997,296.1615001779922
1711.5829493006677,-2836.7907522263395,175.0024028357139,327.33050527746985
2318.231879863188,-2111.37018142337,177.64881709819133,312.8186024202014
1541.3318632547428,-2852.839389152943,21.786134038521595,318.449311634089
2875.914556327888,-2577.8241908409805,245.55635950900643,316.1367523711135
1867.7332463595926,-1600.7512410964025,223.01288391493867,321.25150921368487
1036.37817287144,-1830.749622398509,226.70284188650146,302.34629416746196
1403.8674923609567,-1477.649210703318,20.40656894266781,322.9474069045435
1461.0616579198627,-2066.2268083152276,190.01867923144772,307.20850277063175
1952.2928445527655,-2407.229512029066,54.96843760149105,300.3528883287057
1278.8996364161374,-1535.7490960763225,255.5968426593094,319.31000448332253
1827.6367681134236,-1809.8269329169937,157.69297322055027,330.9228597722552
2451.2516831185067,-2482.3833350637797,253.08124535431762,310.50573691388536
1774.822215960467,-2614.101509717328,206.04406658822217,301.70465414836843
1062.16922383333,-1461.9977410332735,149.2191469393448,332.1801467422877
1623.8016600801316,-2955.4794286870024,173.92990880455247,299.60466571361275
2735.922467412496,-2188.1979079054954,131.54176970960015,311.40509549335724
1281.2810695965386,-2726.818132895397,174.47351717130542,303.0789433442188
1374.806063149538,-1074.543515240693,257.51736899224437,330.0178858641724
1986.6197035912555,-1572.5233768732362,205.45837441951807,318.760444042788
2426.4451899401192,-2757.358377842209,0.48341101972702205,313.6388792852789
1146.894022905209,-1074.14771304255,88.28164033521055,296.4783792952611
1381.1794341264053,-2234.8990602624904,135.20528391385102,337.74261511390654
2544.8564045030225,-1277.315974345739,216.67853884242592,305.5907185809684
2205.4393596419186,-2035.5801908124472,186.62897966569898,331.33983721979274
2868.2199524987436,-2209.2084806413595,118.70688178734616,305.1209267348599
1682.4008234000967,-1653.1269326549934,197.87462539081113,321.5411750833629
1254.812814287747,-2211.0535917340226,92.28668601163398,331.4060066324524
2771.900564420289,-2558.275293731253,161.7053210839993,306.11438999652063
2410.8055644192555,-2838.7322848978683,116.5044509840013,309.4084368872252
2070.053131594431,-1172.9600947405188,120.2052585697609,333.7931711927917
1947.6351721933243,-2847.0899233817254,84.79297493636015,326.0671354218027
2579.8555207104905,-2290.837503263658,49.626392474723886,317.3538755658551
2393.7593949635066,-1898.3610436765825,244.84105995777765,315.0492311729736
1081.8943258889883,-2698.862728583288,229.70404156792915,309.166531127751
1771.9363102921343,-2109.4169394686974,35.30860264587344,319.2101587240624
1916.311455388729,-2136.092084797363,220.59090218976135,335.606343983374
1246.8409595026328,-2532.113059385936,140.93074366557283,339.0091559620588
1758.665616022054,-2557.6042803551563,190.82787240946138,302.21558460299343
1813.4028740826852,-1620.2458014567856,91.71419255805635,308.57896356099576
2674.7733679544626,-2959.4921900331274,207.63439678825603,303.79326512498363
1619.8501794514264,-2388.923060750903,132.00194059727772,295.7643714026484
1240.188961375137,-1013.7727441822781,105.72167983369982,310.5782719890736
1052.5373999654605,-1329.0477186780454,215.821205660404,309.7162377092629
1944.9885724743099,-2882.363132632598,169.80737725021814,331.7371351877544
2321.520149389618,-2097.110717578879,236.08652559950255,319.8610883274049
1309.6643944630084,-2265.6694887812646,29.24274697916202,334.77137261552
2756.172964493307,-2634.2502174621823,76.06724642796954,329.43112588633295
1711.940722374392,-2594.2706840442625,120.83430468620912,299.575680489125
1288.3371359697514,-1966.2374665516008,232.73731777498796,319.80150924968524
2537.3020640835525,-2537.1860047610517,89.64390110452159,334.42142989701205
1924.6330403340871,-1077.1914709864175,159.50165472954177,299.000203348002
2770.7840382979393,-2935.122228191334,218.1295285764071,310.5218296847905
2537.2653307232904,-1515.6164059160012,11.937735135016496,333.3584124019966
2215.543314695893,-2593.985574982329,205.83952592937788,333.4757691324977
1950.8290905261774,-1793.6847971739694,196.37312803949993,304.2650629593586
1491.1235267969503,-1750.5933826533587,47.705390288300634,323.02922523155837
2620.380172877959,-2275.206521918999,159.31064436512023,306.837959017307
1218.6134470482395,-2524.871709406468,165.6885550969576,330.735945903546
1905.5957417817353,-2264.9000793840723,20.87412217027356,314.16229581334574
2513.1979264981915,-1046.6688820661566,157.97143246570994,326.56297443545026
2674.562599549176,-2108.3808466680484,7.223795637015957,323.10616797817283
1776.6525738864752,-1606.1455400450911,6.398676061694623,316.8820316893943
1782.9939245470061,-1611.3196650031282,102.68671195922602,307.01311623481905
1196.4512860189714,-2662.304002094443,61.316832138187195,325.46829005107514
1337.6887269933288,-1001.7956218674528,97.64534150769656,301.46688248295794
2348.9485495608906,-2286.231526225651,25.09254598403843,325.6191977921452
2284.397512710649,-1766.27217017985,102.81776879541331,301.028708029134
2386.8968820049436,-1820.5810515495614,254.34494375288637,297.1479704841457
1603.2884860957204,-2327.7050023332677,238.05443666180003,309.97807676764626
1645.7186892309178,-2248.730895174511,23.96649226919488,301.48300515725424
1882.2682697105256,-2296.8464304077884,180.71880242698788,331.76755652084046
1272.4851920156607,-1592.0097422155627,53.61005375728699,311.9279659028322
1388.3439530403648,-1444.4831672039884,87.40054966042663,306.8993253443117
1266.5171930471186,-2975.405681748764,194.71866930406458,296.87237303082264
2752.62437833842,-2013.1104060177513,179.3497039007494,331.70776055269306
1245.3314265629,-1658.9562144894378,228.43826419156213,326.77433654509906
1194.2301778401406,-2742.3343709017677,100.35824185830968,318.9510540214667
2679.175029439886,-1186.0236648194593,103.43747570439226,313.88026780210384
1805.1435860806841,-2271.2013210570653,43.97279581076841,323.2193768058875
2951.3793655462005,-1678.6075966411333,-3.7357953722286545,331.5209508610429
1219.122937118022,-2361.0608631907003,122.98622870012525,339.65544234217737
1061.9958518131425,-2030.2213790157516,254.91062047810368,334.8653221180468
1445.0119062031,-1556.4879031956073,135.4580186633906,307.6696362487449
2426.350078981902,-2319.2699966860964,216.1832355698699,313.78537409333615
2234.432294864383,-2043.8544143558438,138.7695621785543,309.6166683243226
1882.0888613403015,-1873.7532866573608,158.32113536216775,339.81468612307197
2192.2541013113655,-1670.5001388857777,206.17236009267504,306.6585080135176
1534.2318806074736,-1749.908381621435,243.59331297393516,299.380109050005
2449.0640180184546,-1369.442280710082,24.170363182366223,316.86860741695955
2984.649160599649,-1741.7971350996547,149.6605787001081,312.35558660853934
1696.017587840497,-2380.600103559721,121.63997063966715,319.9719061429218
1394.1173776532507,-2426.021078975149,100.91671482632407,321.1140776758121
1070.8575253602166,-1453.115752246436,171.8750066264984,331.8162030808879
2391.786854017457,-2740.7714694422484,22.491671169229527,313.9724295397613
1873.889607405518,-1435.9921405925336,157.25204724474142,311.999654270322
1256.906681333497,-1286.5746382283908,-2.4667370829985185,312.6661006184088
2303.95639711908,-1152.8957884141823,106.91537994919202,299.1107320678391
2032.3204312946887,-1834.8865554419606,248.59707280338284,316.08631827026744
2612.1145827321197,-1829.9486313962814,174.75403418239907,298.0958198594214
2139.6943941015757,-2443.4235676502176,47.85284103801392,330.5104989574573
1200.8518038164952,-1796.7020720185383,65.08862666848853,334.36137481097893
2410.253721596372,-2784.241988453279,86.51050988341446,321.7824024494572
2686.616195077794,-2691.929453189382,191.20730109117142,332.2025258408505
2063.6401308547356,-2176.4211557106028,62.35037609631509,306.21974202984234
1434.0832228073825,-1502.7524617472716,191.90886584623908,335.96538585717184
1533.170245754499,-1691.7160005647115,52.012767009282484,336.2100438938663
1213.7408048799825,-1022.3485672978463,190.09869100310166,330.175320368568
1976.8585025841705,-1582.5592909631898,37.25176451883701,330.2539586116258
1038.5057559936477,-1622.1924452078392,75.45684620546285,297.9808936113934
2701.729262811931,-1737.4560216519656,53.43127501444391,331.01160121089066
1808.6507516656418,-1225.0403774012996,229.52186565993128,318.6683218460237
2913.309325108885,-2784.950344704282,119.0145866948308,299.4743840059453
1280.9673426619988,-1500.5583865571311,235.3639254818742,309.22119483934955
1056.9669440986133,-2174.4967370409017,141.66209258894776,301.2376233264139
1503.7969151725304,-2551.872231500545,38.84763593946026,302.5097507342735
2566.8514328804818,-2870.1122577560427,97.33148835642504,305.4275618989796
2473.6859685116697,-2870.6786495938686,136.79663302310416,297.0057701254415
2436.6097705911498,-1044.418875408524,137.55176104102267,337.54687476558365
1141.132179329506,-1718.5834312671116,215.90174657902176,318.05932347851
2818.6867028962024,-1765.555506716806,3.9287739837713502,325.9338115367689
1321.537251374502,-1195.6790002411692,14.33794843473757,320.91134868635226
1732.6862205821535,-1985.732533827163,139.88828882006035,309.8877739179099
1673.82861310184,-1863.4574891553286,220.4908739444437,298.1761740086552
1825.939870776394,-2356.48128193916,83.4739745646576,298.9587907090036
1956.4737589175813,-2893.098575267976,104.76381268100056,328.39112738694547
1320.0542854552648,-2204.7131105306635,244.51300884399615,335.94408243582404
2425.155905695813,-2575.191203715678,230.50661579078883,327.1236633519249
1641.7133120078918,-1319.0986366557493,219.3764580252461,323.35440204168503
1515.3786508123715,-2980.9112252167674,204.05070109158063,301.5414154909647
1978.5068809026723,-1981.5254925588615,158.87348421571483,299.38258446273164
2940.8787428913224,-2071.9526174837156,225.56687948769888,333.68915191190973
1318.9178271350545,-1572.7884571850561,166.10024339748514,325.529950314796
2031.753950464577,-2865.518055904579,124.58316607019486,307.35829468051855
1804.2714483396621,-1539.271907078907,-13.118323925982706,299.27264687610983
2073.1653580783513,-2829.906319557849,72.89522815367661,309.7367274345687
1435.3944081481698,-1887.9081635548105,-14.420159410317602,324.9648513061433
1229.575734707611,-1361.4930581918927,140.96702216553447,339.7305187035874
1468.0002918109622,-2685.0329538783153,240.47631735628912,316.4896837906505
2097.4620153804212,-2500.0991191291228,117.93662000934819,331.9152154061584
2633.2859356070658,-2662.254140690635,3.1975941846918765,332.4100341990016
2978.913419632244,-2463.033249279381,108.67170613494984,296.4731684333765
2106.270461495392,-2033.066488819049,123.9001971065698,321.3320188844928
1077.788441076157,-1823.1520877124256,103.48362197525606,323.5119339306504
2844.900630829511,-1377.0064637543157,105.35207116039905,337.1174912515028
1681.874209648601,-1642.8756440996765,232.36405684673335,297.1688296071224
1436.2966727017715,-2285.423616598662,188.78241750693365,323.09406303056926
2591.6045122988144,-2008.0962607728893,45.54779859142359,301.2175483721591
2695.432697436486,-2716.3140763469214,85.19084463048341,335.2913265995645
1758.5905685053867,-2583.809865809488,201.8888016884993,316.1092074638431
1319.689924833702,-1267.465092722576,133.1179709808538,300.2470140674168
1389.2098180374633,-1920.3573623075545,7.7060410334428155,295.71612067322656
2367.0149889885597,-2254.9826830737857,166.38879055628573,298.5429859968252
2833.9175362107703,-2076.9567925174697,184.94710219991376,334.16170284654606
1139.849074786085,-2304.5232279047623,153.33011468946768,297.7241948326404
1167.3073078042646,-1168.6724510215424,140.03304188435223,338.9979823072095
2143.85861451,-2699.2603280464655,137.75649531416718,317.07100643338975
2217.7656659852287,-1806.2686481188437,68.68955850856767,295.22081578946904
1966.983633086064,-1114.0933496054827,74.2096898029597,333.4627331917428
2930.955725467791,-1131.8296236209553,62.77839866603952,339.470012025704
1396.0598410688833,-1494.392768528807,197.5678176507017,314.4485086689017
1851.7961597574142,-1635.525324166046,76.65593947124903,322.75008871013574
1550.0866782399476,-2998.8123137604452,9.34134883900624,328.67857633390776
2255.295428883423,-2194.2352491347106,77.73364029855541,302.6664190425702
2733.376978171521,-1747.391507764578,155.15691544818978,327.10987148447083
1810.8921055550124,-2766.815818553517,164.51889486781653,325.1621167065689
2346.2248198078696,-2635.550528484188,4.803692363202,318.22739940906047
1813.6833418025751,-1663.4813949582845,0.7648311006448019,337.15419390695627
2175.1501703967565,-1469.0788381734733,87.22348738219705,315.88489875026346
2413.6997728090173,-1757.549807518909,113.04390026075663,323.47367479892387
2351.995134406282,-1202.7590922636325,-0.08901454275581955,333.30242368580053
1676.1654355411547,-1594.8110002714172,170.64994844994547,314.2962389071022
1348.347959690794,-2290.988166136642,123.28999835526031,338.90657835435195
2190.506924218381,-1735.1634256862417,2.659319419074123,313.04568439439834
2812.989436506725,-2056.9063790165583,62.099518751566976,316.3044952707614
1956.0329625766194,-2191.5715990243534,109.83574961706996,303.3017567911082
2203.9327828176324,-1062.995356671091,213.57821063945204,330.45063388433044
1659.5140444035173,-2000.3724704520012,67.56028436147155,299.719297456689
1039.7482292688976,-1480.224594643709,191.4578565188967,332.38169675645105
1316.7663099469296,-2386.3327265763933,176.44972025574575,307.3699624773282
1945.502810676968,-2395.703237963402,108.94797289976079,312.7796202896737
1087.1513407438752,-2805.962387359823,-0.36285368749985913,306.1320245302899
2745.668811107571,-2493.0731146875128,113.64010623878869,310.99852312962827
1228.715315226224,-1839.0174941168884,147.50087525674766,311.61587847822847
1004.167651355168,-2435.9386985872984,145.18697272869593,313.3637915610026
2785.8397916337017,-2033.3588977863533,237.287781166986,331.26608059751715
2225.574280507146,-1215.4342576381787,168.51720861523992,334.56760923830626
1120.2755700494542,-1262.8306097505342,-1.3570334197210716,332.6417392395052
1712.1460025577253,-2667.3307522794457,244.6271956092441,304.17436309026345
2528.2053677745607,-1238.9606470080798,215.05848603128098,306.6030760271306
2852.2295210906605,-1318.462804601971,187.60011443258375,338.27024695818386
2895.7204691510833,-1353.9568067955574,105.17727950226124,315.62874677107504
1504.6753927871,-1757.4914304816189,245.21117784873576,304.5362513213047
2897.0732111963425,-2865.136926234985,244.01084132548772,339.2628944367221
1416.7507153642669,-1755.618344013717,192.94414003465255,312.44373396230355
2438.5985124050276,-2941.8818745515073,135.77358175533158,296.3163091321267
2351.1414655817516,-1450.443663953282,224.59876974691846,305.5736103947338
1128.3934736390906,-1470.7937753358428,239.99179180705124,336.33404775296
2354.5603631327153,-1157.1863633937303,67.31442651430606,296.2438866221936
1992.9524242147072,-1989.177184052967,178.6123275398748,303.0524859540023
2042.5151752309005,-2864.8639752684358,18.878966370222216,298.54741407004275
1511.6122388753583,-2050.6362783755803,204.23298976439872,320.63259323303396
1354.7189627855596,-2799.1365442220413,51.963701166800746,309.60500250313066
2211.7440230970033,-2043.5243946014084,111.08062248342209,321.36273596814226
2994.2951539236046,-2448.5474749784403,205.5463880016399,339.12028266312905
2831.651971098408,-1086.2684230667883,236.02443345999941,311.0299087503723
2044.0709662293598,-1779.8929980370322,97.80802965083218,301.02432294753027
2998.100999739655,-2745.855991406075,230.17676898527432,328.8901617879504
1417.1888645993229,-2840.924654901161,149.22818858571074,306.99613512995694
2849.5953600861158,-2349.718234540511,181.38109747623346,335.317180286502
1855.8550467888035,-2551.941590868052,207.2692133099498,328.28052302395525
2683.242312121034,-1578.969823575295,177.89293960086835,316.9536478083575
1898.933234864744,-1072.9889364544272,225.88800080247333,328.80579348153054
2382.4167877381747,-2905.0352857677653,248.86773326783702,316.9537634859112
1728.1743182099099,-2667.822769413012,177.17807267723825,300.3507986643826
1990.9533476745935,-2787.091288642083,68.58745741776697,302.29862704018535
1439.343930427666,-1059.7629084994967,66.89151661581644,309.4274265607567
2834.5583414611096,-1427.5626299539804,154.39182091430808,307.4783340296327
1614.3324847765612,-2027.1800199405345,141.07790344422068,299.61066886255287
2274.6000929863303,-1594.1050338673967,208.23885983224184,322.7477471394663
2500.363899803394,-1480.3015682903322,104.71326136925816,335.19831261141104
2415.2669599423375,-1258.3909746424665,144.96414290138858,308.02703974809947
2963.1716469874327,-1587.2859998612394,10.106415168645274,303.7330157364311
1035.841709860204,-2195.0482310719135,247.12282867658854,307.1345012761357
1546.9300433631338,-1495.980975421354,150.152580895323,318.5448172921827
1728.510626410243,-2464.542849564131,54.1220428594028,324.39341847379
1153.8541553660116,-2834.061266845225,78.69180334034961,331.3019742627992
2791.3503945456205,-2143.3588258831373,119.95259473808252,312.883685640932
2035.1138001566746,-1135.3574595589903,150.18809814809347,328.2899465030963
2250.9283508054714,-2827.585610620978,237.03205419481895,333.1237895097767
1726.3330737882288,-1604.5709140337776,256.225042781386,333.8371138309779
1877.4469895054922,-1656.720928971135,-12.748330728908247,306.1829118300166
2330.254102313669,-1503.8566678585921,244.24995260978227,322.80444072645093
2400.036499282368,-2781.41776700215,140.73333385280054,324.6308932385833
1405.4980864730137,-2856.9511865960358,50.54398303049939,308.0210732063903
1323.532526403223,-1395.6570272721137,243.7052357043891,322.1707620222764
2092.5434714196135,-2464.8604918563865,11.99479125481233,326.4912879180689
2872.675855531066,-1279.4566046111283,121.66225354328063,311.90190029898474
1713.0961721589981,-1692.0970184889184,222.8398545293143,305.0172997120789
1833.9808392765178,-2942.8540338350317,120.47117116409788,297.390425080373
1449.9683500525607,-2299.425590314592,74.60068738165342,324.998932667713
2764.3323060354446,-1386.75307432719,211.4154569094773,310.13220012838485
1947.7091010594747,-2600.3752885190825,52.56554191935659,336.97311767968256
1261.515396385828,-2627.4852321513004,197.69152537506065,314.8220132132005
2754.176156627175,-2854.8375656530216,71.99660739978955,306.46963937610593
2538.3161268799668,-2303.781848890235,97.18197888107954,297.6614118889598
2940.335786543774,-2050.1174850536877,61.95387048008595,333.58645827596064
2967.2942767896725,-1831.345088945712,225.0626885853604,298.19384131140623
1774.0189113200217,-1572.0637701372339,216.45895505458603,314.4525647068784
1644.0771074996187,-1235.3879210546486,-12.33976199939569,323.5370794275068
1803.5675218092679,-1284.8707942152553,206.13817098931298,321.15826225718433
2392.8583559309354,-2408.433647542813,163.13845094960328,301.2941669522685
1979.4769577029915,-2656.4334802512976,172.48119226718617,314.21270480675423
2613.149865421063,-2241.8743642389186,47.837083890670236,326.4051364167702
1916.2445760952255,-2125.0454442791283,-12.881912695443276,297.8390563002756
2545.2853526488834,-1131.0422417833613,203.30372732872414,305.45361393232275
1513.6684343378513,-1606.9986633676644,12.305287483493263,324.4998238647733
1501.3784024851861,-2851.874216139463,185.64307919035866,337.3010748461631
1381.4860450345109,-1550.1620889463093,-11.91386833338437,306.8422300626123
1755.337043515738,-2324.8549892473106,171.4311217589568,310.7303489321721
2091.373571785699,-1582.5760488067149,214.7928162058521,327.4095943246558
2798.506754233499,-2527.215658030367,106.01032165018549,325.50071763240436
1209.7518623107007,-2619.5002596409554,21.663064835493053,333.6949582526347
2602.0579468304722,-2099.2904564705505,3.6373983963819363,315.4181059745535
1246.5973515713604,-2448.9523566366915,112.09332429611428,313.63228541235617
2809.845519641193,-1769.2194079482472,138.00390486427773,300.48122289695306
2656.0552774100233,-2052.1126281458705,194.29991497848138,319.1422002391828
1216.9452829788106,-2647.7773986583156,193.2574176180595,321.1738585798173
1949.7876193816455,-1034.8175437389148,76.76743879432271,296.2352803042997
1116.942881305333,-2098.6464287673875,117.76262063070988,327.5093781469339
2950.371129038016,-1486.9268783767327,161.524906253845,320.7710257810796
1867.4912728975373,-2568.6846683409867,17.057195580523263,324.97533120274664
2395.4633784800985,-1201.7317772521767,15.77925895858801,330.8162957630828
1668.1071437944834,-1830.9276330581367,215.5711132837541,327.1453294355965
2578.6883547428133,-2491.89774254558,137.97620305563345,327.39280805319225
1827.5066778950381,-2542.626510695871,-7.475307527188785,302.52710705224024
1096.5001325815444,-1832.3333957058721,1.4886159574625886,300.92476335140503
2612.7678681314737,-1596.9778781963366,161.972876120341,319.0236992878393
2580.336448271716,-2327.423629246689,21.712026566040905,301.3316331984944
2409.4796290194504,-1502.2275879080416,148.9211698358766,313.69238621119064
1097.6968069600698,-1905.6097564812512,-11.813735554165781,307.8383023802811
2880.309604443997,-1939.0946327589465,186.05154838053588,312.48622804649614
1746.7474074410247,-1478.7821673044923,232.66418445779095,305.0797658864563
2057.905185570401,-2242.3035483871718,-6.493468872256681,317.6668204074409
1460.9570751226688,-2045.563998009567,-13.539292685595594,337.1567668346112
1748.5436465937546,-1988.2104931142267,74.55786788764158,322.4312644594041
2136.557468472548,-1053.0483714626591,254.17085403262655,317.1622188177166
2586.4525425168913,-1316.6431984378335,97.93529285639481,335.6552738520776
1991.8526777021848,-1918.3363555193778,18.229615470111263,317.081687850508
2587.968863156915,-1006.4070418844533,129.97810890004888,298.7157101931822
2160.9224392318088,-1200.2483516690668,16.553994810708442,324.6486003407016
1109.685259190811,-2533.4711222380206,231.21189174094758,330.57482579778247
1781.6309796200026,-2130.7430528349682,50.605015339362026,336.1694099028719
2180.406200127646,-2970.4694891749846,232.2997762149311,322.02970585685097
1965.5929635632024,-1004.2999362289911,191.98000141841834,303.0528703252488
2059.951251968494,-2106.744045264546,71.07077272032107,297.93357765899947
2047.7964080513748,-2944.909646254454,222.02728581100416,317.3106580346981
1220.827023552785,-2145.8413125603097,82.3960037240773,333.98522541656547
1118.457217637826,-2454.9776870016276,240.6045532440597,307.78392204733984
2236.446988169866,-1703.0747455400835,129.34244012804658,306.28720783764004
1836.0886659108085,-2060.9234279294474,168.8007307851247,310.063783656327
1255.9108142361658,-2115.421208076112,193.76058133262777,315.2320812817342
1221.1775106381344,-2981.7354609048257,215.751076703542,295.0909392516673
2698.891132960608,-1885.227931617445,222.97846453675646,330.84732266149445
1855.3134426878066,-2037.8246115860275,115.81610370596243,315.67363176700724
1008.5621370262871,-2325.9752277001235,80.40323436276239,299.6561688283056
2309.8200396812226,-1238.2797338366809,225.90370193979885,321.01419605005
2232.4736525645785,-1514.3056928974693,20.143063947158808,299.40823720621546
2206.022974279558,-2099.149679862272,149.5468412693679,319.64849531817714
1167.9484414303822,-2567.697616413996,221.04594712657843,329.9426091622091
1487.7744476465696,-2073.4686040636734,122.74370317124468,299.5727459838832
2822.9915452378227,-2107.7282849695525,135.4710601911251,336.3388087096585
2829.176421579841,-1379.4947405540763,158.1573767258946,337.2257110959842
1458.0699483463216,-2153.240447813981,138.84395043714332,307.2190867396293
1060.924064777188,-2536.5046718732665,136.31851010791442,309.7410891253176
2695.1179658693663,-1820.4142240836843,126.73318661199235,295.6621385005295
1346.0015240717319,-2899.793165933563,236.65228506102727,310.51555680029793
2621.852793842113,-2530.152577571986,115.4141997341955,326.50163949892857
2591.0450617561955,-2718.679814024528,239.26132860605207,304.22600277841013
2791.1056741885245,-2191.824980847224,228.19365262130282,307.8686762851009
1519.5620142315136,-2706.82793434657,69.83085066378095,308.45095975676946
2706.4227283884766,-2675.4867572113653,125.65079563178145,317.0410405816869
2589.717178617202,-1816.455243760657,216.91297567050677,331.3761058744137
1685.1495120737422,-1737.8342278294303,244.77228550444198,314.5474812763038
1473.0115847983643,-1951.812728700209,21.34684301911397,310.3628363928252
1257.2212869985456,-2088.4688342381287,-14.405024620893151,301.43071060866885
2976.718312671391,-2292.995742623608,7.526560635257379,335.27601750049473
2237.91925140133,-1483.582039893524,130.72782630449132,328.13180197929114
2501.6422859297145,-2002.8013789917081,4.166382705429552,334.0492565175539
1682.2904726654435,-1637.1422069190764,85.24149754012036,336.66625918281045
1503.3393434115724,-1386.729134084818,211.3893273661591,317.9997518563502
2482.396573247601,-1621.2318288719255,183.98922618126227,326.9545285366198
1955.4277396529742,-1484.1344526739535,54.231109662880115,325.3488218654261
1494.166716382316,-2426.18967022984,105.51357386514384,295.4552491261016
1961.9456832198523,-1316.3779055073949,69.11440628641526,304.45672054523016
1278.4544691938781,-1460.7352754896679,132.52105580821703,325.5047736538139
1937.8160581030684,-1252.4403146590362,159.51559197931041,307.0815491752063
1327.880371550954,-1301.8441166268274,101.04423255311013,339.6633809196903
1148.7854535737313,-1204.4995824910247,98.4950980822827,298.85598793872526
2675.202322631587,-1216.2867271967855,248.61071440863782,310.4607595772703
1354.8184151527125,-2201.0904525654832,209.67421357591942,309.2480980057105
1412.861972419702,-1368.8212450566593,239.02452551656972,320.15131983724297
2440.4886719082906,-1700.7903268365744,44.36058730512202,328.85922607281157
2091.54870353124,-2803.79093315179,171.81080963719205,336.4889276202006
1362.5084303051333,-2880.775739744013,18.156241631693412,311.66413198965665
2715.113329271033,-1039.3434143350294,226.03001212316494,313.7808626448357
2177.856974824224,-2695.702625189324,212.01958185635493,316.37093029847483
1929.5119266005834,-2767.7662587870923,255.795463811098,327.7699339924615
2230.2257390212253,-2381.372381636331,234.27598190380309,296.55461462677266
1144.039721302309,-2279.2554314578183,166.91112951708035,297.73772281930525
1349.2964726505702,-2257.99282169242,189.87694194507299,335.08780796537
2804.0864970613056,-2221.2192640825797,131.53565618505448,297.09060221306635
1208.8939100157688,-2282.1590461530586,196.5062629654187,317.89159452440595
1734.651364130536,-2631.8386626079537,229.77407765118417,300.9363076834028
2693.8492396018337,-2686.807409752433,200.42582376408973,305.89568760435316
2150.209581495048,-1128.3769254247898,253.95010169164777,327.7144107061023
1283.7477471072295,-1677.409059838279,200.08244960595312,308.5034382403734
2019.6107824500273,-2505.2257682044155,16.738091364914432,301.8738483043964
1138.405992971615,-2573.0300742446825,171.4248688399687,300.04008896602124
2819.9174064420276,-2442.887366401328,45.37735160961481,308.08384880329845
1401.3453298717636,-2352.4071333013967,118.00945311858592,304.37253444075134
2741.1589720161287,-1998.4617400253364,102.6444534539218,330.3159190104258
2606.937258455399,-2138.9293960076184,142.3007845003212,312.53381134590916
1875.5420080112312,-2868.8319520806162,226.30293374244226,328.9087407055127
2416.889796914317,-1960.1023909364628,13.897982511517938,330.89830552198714
1174.6543161448121,-2568.9460256359766,115.02718039760589,304.66917404621546
2406.723764657343,-1902.6131589645936,162.2766649263045,334.2388699736588
1663.8003730475368,-1086.0554501810675,160.71332790300653,304.3721213177789
2507.717636538421,-1941.0606161930773,203.7379480746152,321.0087400711581
1362.5045060027694,-1243.0263519608923,229.8956382649888,315.15269036365396
2581.922115914555,-2447.025828881582,61.01200430629555,304.7975769719371
2949.306983484826,-1322.3062702023044,80.99233937894597,295.3073825939003
2860.430360503906,-2484.8695686034034,29.82560107796852,314.2264461387178
2875.567071179129,-2920.853382074893,167.23036208922656,322.2897393785387
2088.67660423718,-2830.4060009048735,-10.827318910634293,328.8094998915103
1907.38271199694,-2914.5207790453683,166.60710209653283,301.84724552225657
2491.9218234013706,-2551.762581683034,18.743690368110336,297.75479021764744
1622.6342840581865,-2518.631392412636,140.19014324928685,305.6270096381129
2153.407073525253,-2516.903513252898,123.39193176612864,330.8925359362528
1079.7729968516749,-1398.1671999803502,129.26141566689773,298.5742174199998
2700.7381251577417,-2132.8268042402833,166.2754450823895,304.6325452749862
1701.0087173889497,-1972.9485588972047,189.60059661325943,307.70940821189976
2054.232078055732,-2007.757892998036,173.80952602179602,310.8440198996929
1958.3557818434747,-2362.0388285195163,257.909059674401,328.3723067989806
2262.2725187570454,-2110.4660768270187,131.1486246032939,313.59344100804947
1734.6352848888102,-2740.4828185821793,215.73509063618457,299.98201369335743
1952.7851893255593,-1533.881159495023,198.84136863527675,316.9819645871163
2389.835961505333,-2683.7169024331015,149.44785701567596,303.34229396657855
2523.1735088066043,-2393.418593389488,120.20120043455233,299.8387606925733
2401.2023723288266,-1656.167119627462,244.18527184423982,338.7511004623496
1964.6546554545405,-1121.8829894959579,180.95246676200298,329.35212021996574
1505.0793547030198,-2371.7680958566816,252.91280842782135,296.05923424979846
2523.8590468696075,-2628.6795408516014,127.68631493545612,315.6741899912312
1359.8829355521843,-1019.5897292173479,127.1476213334602,325.05699979474355
2261.4610823408293,-2882.890807593098,13.3848302316527,315.7099040484906
1729.6180231249157,-2441.919790330631,29.365009056662174,295.151422797124
2549.594490282346,-1500.6639785860966,77.36099814424152,315.2639666885993
1821.353129798264,-2331.3123982292136,167.67812035555264,331.04913900625723
1524.5953380725277,-2410.030493853245,7.222471423039611,298.5969893355488
2702.6576488504843,-2434.0898530805794,48.1310415759138,338.28668970463605
2354.29265071172,-2680.954056836983,140.9960869514733,315.351546264266
2319.9480212955023,-2465.0971755971914,175.0933538354322,337.33752122889376
2695.287061473802,-2289.628082781882,99.19490556822704,330.3114511722773
2564.8201517930747,-1533.0252496674198,68.64383842462802,318.33704492064425
2217.9825382261015,-1931.732667805313,114.38647955418122,320.92541910784274
2268.8568469279335,-1923.5296076187738,26.375433343381665,330.1726401169866
2049.888801039087,-1381.5960836434806,127.58408985292166,325.6543081747043
2194.9966724970313,-2871.567969353471,82.55844562035539,316.2889077600719
2686.775193662582,-2352.333155739788,170.79284005050476,316.9435250141588
1505.912601900061,-2372.0726095717787,63.489778805656954,336.9311216421829
1962.3518485762047,-2441.218401769883,178.10244319880567,303.44362953331733
2649.8415260412276,-1698.149770754456,114.20658952140931,306.13529365969924
2507.4231715037986,-1644.2578558253267,68.44184630905649,317.505368052702
1336.9450484698532,-1882.0286154397938,6.6662692917459765,313.61753290553366
2895.03448242231,-1258.9569004441998,135.54949608421046,338.8695012154059
2111.216749352585,-1501.457530591533,175.35510896344394,339.6656356727708
1924.4260195721822,-1266.7163958409315,56.480655668608534,336.2484627826045
2077.333423848588,-2946.784877541977,225.78752179646935,305.54931621673495
1767.6323192494237,-1839.6842657636241,167.2991481258077,302.2621126052045
2021.9834057967519,-1651.866449953224,9.45907919948592,321.0692946261228
1462.6398469042015,-1646.6006895569694,95.53070419719492,333.30880183571566
1730.2461418841358,-2375.720881391379,32.3785980274742,326.9118389268108
2412.3088258769,-2896.343496178319,230.4196106213736,314.544042929509
1219.2633927406857,-1487.775145761358,205.38379588324364,329.2329317731402
2117.6130965660896,-2618.372650226202,156.85734072248297,320.25278324555677
1728.979664358184,-1092.528428401616,179.25473338898303,299.5782885752096
2973.519682043957,-2433.5862479995717,58.88659802559107,306.6754021378605
2965.35340508717,-2793.901010482983,2.3929529087935535,298.29505593831954
2803.3391640725645,-2532.0084133529676,121.71526207868715,320.6607743437794
2680.8894795459955,-1692.622637230801,66.62050810884836,321.25629046318215
1535.3428315247093,-2459.9643920715475,210.26756634716187,335.5985453742393
1297.0549009508234,-2686.5772020717636,121.95984861972047,312.04640730730597
2556.733353451006,-1250.1713143373304,11.999991819762123,301.6145628083495
1454.425903261034,-1514.6987051621159,179.62852090795465,297.71814595098044
2044.1376204284525,-1755.951587243216,204.37218195141259,330.10260653534147
1051.493575481543,-2800.6308075827546,88.68348410209188,295.22499271160615
1455.1308996194775,-1493.0715443016306,214.02876755844304,309.0363211709362
2053.1077487386824,-1478.237673626834,153.7821071538626,316.88652798243754
2803.400851364753,-1403.9505710133349,171.58451163051734,317.07099948952896
2145.2329659686707,-2423.908431925624,248.00130711446957,324.34389417547936
2517.1721995807115,-1179.8767903552098,218.23013648699492,326.3079398269328
1626.3583858970546,-1180.9678834231931,244.80837841678385,320.6361190186686
1832.8580285508515,-2293.7123581241613,99.60410220237651,312.64329239377406
2253.688758144411,-2677.7297064574186,57.797038784407164,305.3593126502631
1518.0995841318186,-2953.1753206469375,15.889018147888699,336.0784411437349
1107.550700632666,-1745.9280185231835,99.57351137408861,301.60998002694333
1943.4668669463806,-2301.5850522918745,206.91513546441627,297.42279617049377
2063.1822007107326,-1111.3230236277734,82.29539604904106,298.80062627297264
2198.4070509014173,-2533.841414998159,135.97489645115982,302.59772379955433
1265.9618345527733,-1920.1457673780217,10.131290249714038,319.7737026120001
2928.3666529175225,-1864.059883844545,97.82626973067119,322.489082914378
1079.916031166389,-1323.0147583864675,173.73617212340315,303.7942680180115
1610.8052534632811,-1803.7919062585534,209.12350339614056,326.35762307569996
1409.2207594354554,-1382.363512875531,216.16732496169834,322.13231573162204
2281.8798581293186,-1442.110678766531,210.96980608294876,331.02846352013637
1679.5767988987914,-1992.7428168827182,225.92447113542687,320.0433068989975
1119.6997002000012,-2794.823646319757,148.65227068010327,337.76113736343467
1181.4769240185124,-2908.077039012897,259.06528244241935,311.34548585726424
1494.5453048623244,-1479.5016922710936,189.85002321558704,327.44057675208666
1199.8020270470847,-1793.187475106634,215.66222260679316,298.9664470823798
1511.4891086266684,-2631.118801126015,135.4307291689088,338.90305586183774
2965.1468973772726,-1819.5999938068246,235.6812551733445,298.9658407725909
2109.280340609579,-1913.3916570568429,67.48146719827099,321.5433492343526
1550.5861261321363,-2104.2308220542564,48.10592322583036,338.261395596488
1871.9128696847574,-2289.81799288604,257.0828697445546,323.7163361495153
2546.4122628461546,-2790.3956722942485,216.73270842205702,321.32892614110534
2713.2898929831554,-1621.183281789679,81.2421529591414,319.30778475044826
1711.7284601440408,-1700.2137412832974,119.66525726112735,300.6853521789533
1020.418328445847,-2907.8166557018594,-9.793548553647828,318.91950394147943
1094.996603073427,-1290.588651033777,-9.503735610523485,297.48876496081414
1166.5963506712983,-1951.5538290651405,123.4311553615909,331.7959161084592
2877.0585598257885,-2168.0978797675043,37.85222009448738,328.37054390660387
1391.3892359200015,-1448.2013777424247,-2.8160218425198256,316.546685709836
1756.6133404647635,-1822.9001637047409,58.01599788795362,336.4306730033077
1886.6159347926223,-2752.1282241945637,114.64334919031893,302.3090498240488
1054.999818218851,-2710.3879263387466,28.649536949806198,309.74940712085186
2430.9353281004023,-1736.2353104479857,100.97842126024631,297.4701008879574
1160.619637057691,-1293.627758394141,60.36359436722586,300.47782381996575
2836.831178375339,-1341.9505182105788,41.822089835157556,297.38418370195745
1598.3642464497236,-2518.287257322726,240.4670900352591,309.47872334072525
1335.3677702198088,-1620.9780381661703,221.69022016427158,301.77048253877905
1613.2713032723468,-1568.8868489864587,106.67717793191662,326.92191751955414
1451.9506508211175,-1262.7869807251814,97.21238115692572,333.93261783952715
2987.627034459634,-1376.8753789849034,199.90935529979086,302.31340115834865
2546.8237564358897,-1357.18106996769,-11.191966220474612,338.90856270263527
1727.0767413101917,-1652.2307430634212,44.49233362446626,331.6124802850891
1080.923160834812,-1232.0217574552441,183.88944180057553,310.88397512230824
2180.0878237534334,-2145.504450875296,-2.8782400421371293,334.1197134388526
2437.8487051571756,-2154.2323657791735,25.773467646101707,296.9674764632909
1922.6189252663416,-2869.977983592611,96.98175928118003,305.75826625631936
2505.7499112108653,-1015.290829171764,176.5071936865191,336.058326037711
2291.7877299549136,-1733.9347489327586,240.08938890902257,323.13079482379214
2702.4165764309146,-2298.1323732723577,24.10103168972934,336.36890845180244
2260.9654218710166,-2597.70280081975,179.38720377555674,305.54920508979717
1471.8394238019291,-1004.6440673906131,20.844309249315806,331.49990442436314
2312.3110886846234,-1605.5774857571232,158.4343688126108,301.6789907671239
1132.3442483471151,-1320.4925083770083,207.90740009030833,296.75057751565254
1166.737162979639,-2029.2931452990592,96.78575827001313,330.20680016340316
2019.0509780091065,-1014.7954048873723,178.43092585884418,302.902851452657
2434.768130711096,-1883.1655572319778,119.29443108544316,336.13473459506497
2944.7400803749974,-2965.5232530674066,114.56211620358837,317.4780598382843
2738.8927125741357,-1355.9201223550378,113.96277977425709,320.60101673011917
1684.1101112598365,-2846.646004258195,221.85209980942344,302.20861230663246
2366.4657546527933,-1818.8957163420005,48.10843243955247,334.9590833965599
1238.5073644255074,-2474.9040104987307,199.1450456259632,325.0445116637306
1185.35490301785,-2835.924808186412,68.34908519094391,326.50393529416726
2029.6304365461565,-1658.728838285174,189.80676272759857,295.59598217635335
2123.425709412142,-1999.9293877872765,196.42877440409575,320.8513575806651
1501.026354754868,-2244.0217049530083,51.8518744302374,332.83233395339386
2426.27986627173,-2028.0432475889343,72.82061873054911,317.9232273914146
2137.803846544013,-2249.820493034721,201.58843225830103,316.4835279244808
1256.555704432756,-1611.5120417535904,252.47243334769513,331.6969892120568
1885.5259663170605,-1909.2847987756447,56.97803281725804,319.88958826091
2548.722237319981,-2769.5402414940686,151.44595921086935,309.44634261203294
2831.1549062730937,-1905.538008480462,85.17133273597591,322.92845154095573
1101.234123456313,-1132.1602317025852,23.09508650827886,333.8361921895884
2670.9072621487653,-1202.1229862277921,66.33222468308205,339.66414462828163
1090.2199677117412,-2415.973762460171,79.90358756750072,320.09637908620465
2102.607632547879,-1264.2955229257782,116.04614048210121,330.7496902917351
1777.9470468675026,-1482.525277075212,194.2673705530981,295.1570968451323
2277.4363464285248,-2227.6253914834942,114.67094067504334,329.7144327557191
2876.227348242205,-2060.159554122443,156.99186663682758,303.57992044808975
2383.113010856214,-1531.1361846796074,180.3195399003216,301.56070511605566
2432.513666230023,-1536.8873976500004,104.05562103327567,325.1119484352072
1680.6876467866568,-2562.4813740293125,50.36737331924779,313.7394585017131
2377.369754179362,-1379.0969985788238,149.58120087162507,311.38375630444705
1301.8363793330973,-2016.1171948222973,20.446089825398225,305.77744489485895
1052.7219557491917,-1940.7306730872701,123.79515897393466,299.8467961515356
2327.0659372028886,-1328.50521634307,120.84687311785095,307.5310340353883
1129.5491264539467,-1564.4020203387072,170.33238418755198,315.1661570652244
1084.7109516621126,-2683.3801423877976,202.06368001669205,326.32143779882006
1511.492116318869,-2406.200642242899,125.72459516208335,309.14994909605457
1724.0530089938375,-1745.3997579770719,126.92158912141636,320.87663065448885
2125.2565976326932,-1010.0806864957322,173.32893358169517,311.3904970535937
1484.8956852280442,-1819.4845216699546,45.198716269438684,297.2286613401893
2073.2116772514473,-1381.0550268442446,106.13384445404824,335.802645335154
2417.153216626063,-2604.444123447704,163.44648429971932,306.201535451223
2867.5529360423666,-1625.4378145846824,8.240401277114263,333.37213003081496
2770.634744493508,-1843.5305670833243,102.0375479078546,302.8181517838062
2441.1407667074245,-2891.289739480147,136.0516592428855,297.52686685762626
2574.8838662474286,-2323.4464891334546,-13.29803687741979,335.0622450463608
2110.683460644479,-1696.9775038364642,256.6267103009397,338.2696079567524
2728.4775562720642,-2779.8904961190938,187.10444232396256,316.0068745409954
1140.3929268659926,-2162.0817373280915,11.433471334154685,306.73854484044074
1607.5848838737256,-1348.650815639522,21.13739787773207,326.8995039871655
1388.7401787849808,-1730.332701935415,156.95203325654228,333.6458432971907
1690.2076290623702,-1690.7282614781705,79.24262558070897,298.5605270952254
2471.7840875206957,-1996.9359621648891,88.91546793660994,330.4704225036451
2781.842438746044,-1865.1998554481866,-4.934284731161515,322.742973704451
1889.7663864911392,-2900.698494834413,24.65532989963956,326.5338281725726
2849.766982617035,-2288.2317162098348,92.26900864052212,324.59362013975516
2944.7583027908345,-2316.6092685300328,195.36983676181092,312.2663521591102
2698.87329855212,-2005.7564962708375,179.08665623160104,307.22482517598496
2779.9020998400215,-1608.5889133649273,222.36910326846876,333.38598831773936
1776.1197272814957,-2532.0075611485845,209.75031362009275,329.09816291565045
1247.7703344267002,-1290.3392535839992,253.9448427574075,339.9118815839997
1227.1260637794824,-2096.698538914207,203.97204127037284,309.96222126146534
2366.6532269107643,-1743.223638668038,176.34251488407037,339.93641076051784
1203.9059338644106,-1334.1129461813557,182.54159678046187,308.76815845640357
2190.771657356634,-2794.4549958349953,9.735304423065642,338.5611637516698
1143.8994253579638,-1412.1854769261752,62.87772253134452,309.48469961702915
1404.9372155710766,-1744.7220800882696,216.71147160506635,311.9347155188806
2092.6029081959227,-2392.6334905985536,68.71660224160826,313.3356007654264
2480.235814030053,-2513.547516002429,165.5723359639057,329.3761921795741
2812.8494993001204,-1426.9408435590635,139.01510382141237,327.322774708168
2176.107481194863,-2523.202514145403,127.03121934186726,302.4612602821884
2746.964461396347,-1623.6866317220502,66.27366699895722,306.1991121828831
1374.4399421194016,-1687.8559334006832,44.32280822173454,331.5366089457669
2949.544398064749,-1871.9150513496163,63.7600695893163,330.84557601263975
1733.7702363695823,-2880.9960573499407,42.21346911254983,302.3416985074047
2642.761935314765,-2053.067544369655,252.75730843348043,314.7914527697007
2038.4179608506427,-2561.1530752222707,76.08727341026315,325.63117621913074
1437.063679551015,-1062.7378747794833,165.78377772519943,320.2633103552316
2100.957091835872,-2766.191818469699,179.5495529170918,309.8079016612225
2092.3041884397344,-1204.8697038684356,151.7764034989595,336.76774476556085
1830.6085413060546,-1915.3851225523827,95.91981933377863,339.47199561518823
2552.2247149018813,-1459.823994550767,108.16175145536424,323.91365527856027
1043.9817555659404,-2104.783293274253,103.42904125894137,335.1584291975104
2417.5748714852443,-1752.6001801206764,55.70887117529489,329.4389082872206
2196.4736242108106,-1089.2680086817657,80.30795835157748,311.90959293988425
1347.4531778044216,-2906.7768592540615,88.83822530005367,321.8251870251249
1821.5071432530406,-1109.6079686557762,53.23304271800154,307.59720422553613
2099.4839017050926,-1456.4919813612253,148.6205989173542,301.6023912616194
2224.149816039364,-2602.019752258962,117.7288279107876,316.70243331526973
1943.3258787692234,-2045.2170884237685,128.7064495023435,327.56836474050334
1345.8494588559904,-2354.5351384687974,255.88369588241483,315.6937140625199
2550.512966856,-1248.0857993519958,60.59651581625708,322.01462533978787
2671.3028557688995,-2543.392075517258,165.30225685595727,323.77040468212596
1640.924515508969,-1179.5558754212705,186.5804782365022,309.962611468366
2031.6379074165163,-2095.400745982037,31.333586171806587,329.54520695825727
1076.8160390191604,-1565.6410634919225,249.17778096438946,334.9440839038698
1673.704535504482,-1252.4302174801696,47.540842678121926,304.9361851589689
2726.914100834439,-1190.1726126071294,251.3212117046644,299.03916794850716
1337.6733703137834,-1196.466758905234,237.46703890497685,316.5406991612433
1697.0319860166392,-1532.2255203404018,255.03950133461717,295.1224219993397
2535.1470231777275,-1993.4717817233695,253.64020796367566,335.90887626510846
1622.5084197582978,-2968.1525016914097,114.51382675360225,300.64096255798995
1588.9436628706708,-1461.3447390139,13.333381986489862,298.95285369904803
1240.0035317222146,-2495.2967874393908,88.88405135921204,320.88581057287666
1723.6913067907753,-1890.4822086667614,124.02772435969828,336.4865369423282
2811.328357819345,-1043.9239255987866,153.1381540308632,320.4214612772196
2762.3292277395376,-1578.287444258657,128.28237871726887,302.1009876105174
2075.687648300091,-2717.361573805104,17.42310523968856,329.9562339972002
2023.1294995689877,-1884.280737502448,194.6384170531707,298.786014415632
2119.089368220314,-1796.3857577983536,215.67032922057655,303.71169270980016
2436.6877803975567,-1552.8240492030418,64.77920743824527,317.93053741786537
1978.6713227556038,-1988.069415642577,61.733432254548376,296.5870862054228
1809.1559774337948,-2885.073491089449,218.94239172948105,311.6626868023155
1847.7355262505723,-1843.6487630223214,161.06883294152442,336.10396416807254
2704.0987736086527,-2306.703719001418,110.46732953488711,319.8170810783871
2315.3431583380716,-1107.1829014611521,233.3224843479934,321.98666972453344
2296.9549317880023,-1980.100393010448,165.80481691216755,315.4883725900826
2221.0518397560054,-2082.7844768382065,214.82094209941462,301.82282228213427
1555.2379611987303,-1956.3643013857748,151.21682008318095,309.9190485594224
1088.3997344709012,-2054.37880925032,150.45601440700264,312.99127226757327
1329.6096231111328,-2033.452244972,99.5894184544754,318.61110930440555
2439.770715878961,-1834.3395392324894,259.7821126835079,327.7039353854007
1181.6175124857111,-2523.2752857813753,1.2559710806956659,297.7995200741797
2741.874437578542,-2560.645367650776,74.99988976765209,332.78044894519815
1988.3186943693972,-1640.203363958091,243.59784362229186,328.40070804799257
2691.633335893148,-2236.1555958154713,5.953067858735665,321.41751228427546
2365.285974842017,-1880.368494412162,90.91683779895315,309.86287466464864
1535.624857908221,-1277.411073408423,212.72749204690328,339.07394727152035
2178.9366700723967,-1272.2167706535356,-8.210317480788992,329.2899108028877
2069.74436417303,-1766.7452844725542,40.19847676393574,327.08541393899793
1710.9939302367056,-1061.1891295469013,8.227693195742244,308.1302668626264
1904.3752050046214,-1660.1742358903311,25.553532254333824,315.8878364293423
1333.5888881187373,-2670.2978899191467,16.263532060015297,301.53363988915237
2594.998947175793,-1375.9001175617223,116.17632720185745,316.2186129429034
1963.5730349921546,-1029.3301022338812,181.30063768772672,300.0215050714607
1112.6025395595898,-2647.0703910619573,182.46962249139557,299.5050272625183
1427.2235515846353,-2376.7519910084093,59.710335207361325,322.0721517802533
1075.5477571764573,-2366.53850644372,80.68296991711517,313.4298087769869
1051.0860027304104,-2255.122203152202,24.33322278016523,318.0285218116007
1977.8085256425825,-2559.7722790249977,108.31770963047697,301.7422777517081
2727.9881801621023,-1276.6047592605312,205.7839527815213,311.843162116138
1837.931940052989,-2213.808298578228,189.50963682949532,310.78409485472326
1991.0964176752188,-2911.7833800194094,258.45657198969826,338.78591002248487
2970.4006920903407,-1185.0041212608949,47.32732660494777,304.70186671402615
2854.0145480533693,-1265.6505110398625,242.9855270410775,322.6366926536728
1456.615960528394,-2031.6265015620154,174.53218138483587,317.22799300258123
2537.56229648752,-1695.4014019939932,227.70050056161105,339.31371469336875
1141.7290717740116,-2619.6602842292923,2.703416165179828,296.3685503814451
1085.6046751494116,-1558.6511084886806,125.84482894994207,326.0645140272021
2038.7472216709361,-2522.2337383851277,44.82244207185546,298.0909897353501
2820.1139034471953,-2683.633489278885,103.86228244812885,318.2239899318496
2185.9725009733042,-2837.898103081419,26.89948569599627,302.023818475573
2054.426096153113,-1407.466206812091,-2.991868439299015,323.27820446920094
2545.405864340907,-1529.7527059391998,29.97240173964837,325.27783963102763
2174.052047269455,-1243.636529736054,-1.7901608910065825,337.5970491379343
1600.6984434193737,-1231.4966276544985,216.1909132120637,333.59827664159934
1941.9426708350566,-1037.6320300274997,197.7906399784165,309.94114335580724
1095.6656491404535,-2445.255165785717,248.71232998981282,324.3020358346241
1985.5423819394082,-2143.2737390581924,105.113265464598,312.6836931320318
2610.8076375609853,-1934.0667738287898,231.19293231987245,325.068781867039
1406.517630593951,-1464.4993902194399,202.85974146811898,304.8161195071651
1137.3564311473558,-1995.1352740005555,46.5125528588081,316.51744757088346
2278.3340528809917,-2203.283438093176,14.41158037440152,313.20819984960167
2804.6458425104347,-2068.120721949687,28.113177202495315,322.3895009511666
2891.43689425087,-1852.0700766536665,152.0493053643598,330.195192600618
1335.7464707310453,-1093.2937796464707,68.94011190627683,327.967163452028
1220.5005009057058,-1992.3615773926476,151.2684557913607,339.0993112313368
2942.5047333203556,-1914.1676508376204,225.42601379445142,308.90951907001164
2395.29859355294,-1486.586927003423,190.83609796589403,337.8550199810169
1926.671954929408,-2557.7576880451484,177.52871770277977,298.4696186624171
1229.4024246063823,-2907.9512382914613,74.60967341823456,319.83418036794086
2978.924554178484,-2154.902886803842,37.124963928953235,301.40206453051974
1408.3454197054427,-2215.5269246339863,146.2135717980159,307.48255474413327
2749.486475298006,-2283.950352494815,152.0617629238405,323.6440413407354
2439.000600699726,-2612.3744091550693,-5.6057367622955585,297.62295737461164
2588.093876497609,-1806.0572066330153,255.2560427135893,297.75487892401674
1287.241452035615,-1951.7450121208135,134.67331754886013,297.26744065707487
1313.6637807186748,-1246.4315255435517,182.2253743528605,326.32758366852676
1312.4304307512232,-1665.6113072754,249.527675254604,320.3231898676783
2174.03449922489,-1151.8599955850102,-5.57308473139366,316.14445427358635
2178.6656280755824,-2704.735867923191,35.2308465653463,320.7611236606797
1146.4655253831522,-1834.7180737164563,47.662034810225215,313.61965823009155
1412.8886774028417,-1659.2060216365614,72.89861485619781,326.83269231822055
2731.311112800504,-1874.389307289996,35.63408004432419,330.17873936954453
1572.631461358469,-1952.0885206607754,132.59460976968023,301.02300601681725
1473.9021412662735,-2609.3895616709665,187.4451109920999,303.5904589241621
2511.741488646739,-2583.011125699083,54.718923609585204,326.77238068821293
2453.76331499321,-2063.8257811685835,172.4012787458029,331.4982422062191
1395.4826818182332,-2350.712559181702,238.15773852283976,307.0048180702192
2169.688110733936,-1899.4863135937062,55.215331358464866,303.14688651952594
1521.3567924997637,-1915.0988118398752,187.86442266350258,305.27216623227673
1699.2054615202323,-1515.125357455926,30.108276795705976,323.23995565555896
1108.090225285955,-1491.6907206134147,209.58139464757156,334.52278938580434
2628.8316671622247,-1573.2246455684967,222.70571472879604,332.6933426791253
1891.0597409171273,-1424.388871471534,54.75891612123769,299.908578478023
1817.93823908126,-1145.0693978897043,74.71536571662838,301.42938138577733
1060.6658922605018,-2645.3775559142655,125.01736029442125,296.80619391867276
1874.0071812631884,-2528.956969918455,107.02769178474087,316.419499304557
2449.0841573975695,-1348.1583293795536,46.44657080841548,325.5100006334531
1851.7959564985408,-2778.639353418856,249.8320706813518,338.0087491240683
2829.476019353051,-1898.3416176495844,6.111514799312371,322.55540729245575
1680.8049190707598,-1770.549005371339,77.18968816361705,337.5582612405445
1259.5674464538974,-1156.005688903208,229.87390018675435,295.5587625264845
2221.6228728066276,-1369.0652247529122,38.440048821835745,329.2817536825332
2984.673144803238,-1346.3045380977514,177.9742524051648,333.7273023395746
1858.5217315136015,-1387.521483794521,69.08610234066893,335.83105068716674
2522.407120334755,-1076.3929794220066,50.789473968444725,301.92311648444365
2036.1920751465495,-1973.836023902065,224.5251874981939,334.3567826748481
1215.9856838807568,-2171.7329968045765,169.72540281253535,301.62445587457364
1797.2389832595748,-1352.3694812051876,222.31119227203033,311.93552354230286
1632.5877532359248,-2220.482021745016,156.29949782012812,317.7826804740787
2801.089247689121,-1105.0105711237854,138.01082938444165,302.54529227228664
1328.3102269960414,-2188.1825739451842,184.94498731152382,314.2556118562042
2118.4712094105766,-1395.3179503058805,39.713741297637625,316.9162815585176
1652.2951397550235,-1731.2430666597509,231.15237412900777,312.8188856644679
2024.879250769038,-2787.7726646307406,-3.4140377861384223,306.05843037861706
2192.939447526827,-2551.4977397928624,254.68520509656088,323.9944140145401
2980.5658010303923,-1989.6207553970578,242.68808721058434,332.739478451681
2792.736296278349,-2803.204337889668,253.54328899887292,302.76704436961325
2699.3778373876025,-1085.7075352328434,-9.702854445141272,317.7365317904414
2793.7977314655836,-2452.7509717882194,236.7233650958775,323.93284194557884
2345.450073300328,-2286.0561857047687,-2.613375704045044,309.0354057039925
1110.6499811732674,-2699.2471027053034,235.1432223555321,301.7724423101858
1138.8390276913046,-2228.490188299361,42.31910682716274,326.47126111970476
1533.3324134358227,-1886.892420073598,222.1328974616817,322.17337057007234
2595.094568410723,-2058.6772197216083,238.70731338750633,320.00067687265283
2319.074851793469,-2220.2261501869566,51.516938118654906,302.79240917320163
2671.0699910597164,-1751.318622625428,183.51879876396455,320.01553398576027
2544.5443510696323,-1646.1622418953566,160.1945674910089,304.2812722850548
2500.2855927913433,-2724.9296163617855,256.9599106145901,332.4340295395703
1047.393185155941,-2341.464635917775,-11.942706295850527,321.68864763255146
1289.3167918500162,-2577.5293979111366,84.44784087130776,295.3851272860835
1500.2401895337402,-2126.6306676107597,51.627617241740836,326.17882554878355
1873.1990997789426,-2607.9642996122448,101.85049521275121,315.73847880953156
2589.5556572365185,-1368.1040380723464,83.8233864731533,310.3025987279905
2922.3836198696263,-2200.0221851367387,209.9435251012088,338.13316342606373
2114.528476335785,-2813.7584141900484,231.4892533278623,301.8981356321379
2550.011504960812,-1502.5718039905778,38.58983185897739,302.6567968827883
2135.699805603994,-1845.2586387166023,93.4886716147742,295.7181615355488
1532.9065593736366,-2181.414771119713,158.4942241327399,322.05350692869837
1825.6111640632946,-2585.966752827411,217.02175928735278,306.7907937634925
2425.393946441342,-2639.7728262486853,206.96792939477928,301.59169653221926
1981.1615122518908,-1439.9577434238095,143.89735184699538,323.6578651715728
2429.6589245403143,-2060.369599248537,103.23963455231022,314.628331397982
2246.2788949519454,-1553.8134855246496,47.49543582851728,320.57461468730617
2387.1491715100256,-2936.7584052980205,-2.80792799331428,317.69267739466295
2122.2334509624884,-2513.913009203663,128.6311324764181,295.6656095946172
2673.935053137833,-1870.843290075782,139.7730160005458,338.38370375348075
2490.9263083775218,-2476.5287788353944,165.77270939884443,314.96465399560077
1820.9658454578173,-2488.7070084100415,228.73106840416668,297.14954016900197
1459.4950141905435,-2996.5277892182494,10.525890664351056,302.43212289270264
1780.6113983829164,-2414.6000270433588,26.918099181148136,313.078942350038
1750.08439615924,-2865.4954995764165,153.19107309070094,325.4972969564411
2961.5749426006296,-2362.2335449170437,167.42923770307684,318.40663130605003
1635.6165686544443,-2905.5927212736356,133.01376805157423,311.46570333586556
2803.0085138435456,-2825.838849898753,117.72204882387422,295.18533526804475
2056.726102125279,-1991.5939335944836,113.83427162243538,300.69928915926056
1847.3294335589817,-1698.0340985407495,114.26397292871309,319.1378154344482
1161.297418223005,-1425.128872971478,118.81378726742966,321.3652344508399
1945.7939083782785,-1274.073144798689,-2.5999891587246253,324.0751292256799
2125.542881090677,-2121.907298836857,122.74246316208627,328.7124244982441
1307.972717949409,-1531.4991718164445,179.37601821069003,329.5737650999674
1120.2009096293386,-2733.4261676445344,120.46357476647157,337.5296908642792
1074.9205571833538,-1101.1073031031476,43.67449111741583,304.10949114117494
2891.0527296471073,-1498.990017484132,169.555841388431,317.7820751771313
1717.219415109591,-1962.02056918987,170.0199055802836,308.7024486114423
2508.8523219826448,-1622.5058021142695,129.16649455836264,327.2102202203303
1072.2064279175427,-2443.191866249936,100.47252594718852,307.2454648682805
1682.342575780479,-1915.2264110821181,-7.962173169557244,331.30726441020477
1370.2848141406032,-2854.2324376230185,86.15402015133778,301.09779957345955
1453.0251975662966,-2365.543715599248,17.076032637008247,332.4364694512477
1832.967956923073,-2722.7087186494064,226.69352243151002,305.4886268035664
2316.6516129295774,-1312.6109299942118,56.69776646402724,309.8898794429774
2306.938940624378,-1208.502135000266,-5.777070569590338,331.3885356410292
2008.0146949879572,-1227.8375748374008,192.2235862681862,307.81359662955634
1130.0686628641126,-2216.2576931535173,146.75802734116346,329.5941016481324
2318.2580334372506,-2724.0598465871194,51.01395906326323,308.08662584855847
2005.772429933965,-1289.54540994332,-2.2585413168970874,305.76090883536324
1135.7099589203897,-1257.588959181856,255.75070214516677,322.60108674021416
2752.48377511923,-1180.1169634367925,239.67717090219114,297.85024952411493
1380.6613853128306,-1644.5188753689804,69.23221231325341,322.6993071079891
2290.454040911214,-1618.0023891521573,100.46298834452921,305.75579690732906
2698.7389855661136,-2022.0739753386501,254.37563693671513,311.2005954829845
1361.1751128249157,-1648.1081116234172,49.40214215542149,312.995903048495
1687.2569624498399,-2938.83646393391,258.54463332589023,312.63114189643227
2839.8938116392014,-2405.3605166611073,95.41645365542226,297.5022583379156
1488.2671208675492,-1757.0820979643279,131.1612561969666,334.61244777241484
2919.0030015419916,-2849.7152795516554,143.49877530717035,312.5662835664659
1872.9770694233225,-2995.5769699723774,197.54229146543372,332.8500830045492
2371.004902814014,-1508.5881741178032,233.1359786919652,311.3328767954056
2774.0821728981186,-1483.3740631168469,210.66945370000334,326.00536174189676
2658.0127916708807,-1768.2873463764736,13.983241738622269,333.8597071894494
1471.0255687442389,-2222.1264867410628,143.14381765788832,325.7590955907129
1993.6279581241067,-1569.7190133010622,3.076037305725084,324.4240003575752
1338.7653381135406,-2618.0508126186014,19.188534717422392,319.00268878535115
2514.9052852393284,-1374.0935386530477,249.87817585493968,330.0974790311177
1910.8271040028194,-2145.8117555924196,-9.975857885080622,321.24121139571156
2619.116235516412,-2870.3959425584476,122.18264812759895,309.87043834184203
2073.2336041963526,-2977.5614774478126,0.6030500241610586,316.7914966494746
1383.5530689559123,-1548.7393520489693,75.89212112915871,299.32037932393166
1200.5327541269862,-1838.6086665769185,220.99995846564158,308.54704497884654
1135.232280915881,-1087.8427688194956,240.6677829138365,314.9502937358565
1709.589572587853,-1672.7497605498818,246.66375596921165,320.91880577373337
1577.683293296087,-2204.7673949226732,71.59888292411166,306.72941974639843
2572.2303531280577,-2699.0953086282802,199.05222230752207,308.0595835503538
2741.0915042278584,-2454.6384804040345,26.2106374251576,322.67904458296437
2510.4170948933206,-1052.3894789660178,103.8259005454339,314.21434959029375
1419.6183465959514,-2774.200732879009,11.30952531361774,325.16515757767314
2525.5316115303985,-1928.4155814758312,-12.923361145982735,335.4510422793116
2106.2098416410404,-2782.076398898351,17.93444806239326,307.55727012013205
2577.805321228837,-1539.7477553178155,255.50059547288862,313.7571042108918
2200.201249778008,-2529.324191983795,156.15693178595026,301.1132457757004
1965.7781634566172,-1937.8892664663374,141.61452718898113,310.2834959785986
2987.3237027062896,-2070.0485301561475,194.2079201639519,330.1658129335945
2145.153936936247,-2322.749142221048,50.8234715816474,298.4107592245602
1451.065993521583,-1704.1045040129145,201.25561751507593,308.27613960858093
1871.0456665444385,-2142.3571359190164,3.7204290062710257,295.8399761246696
1548.7167135057516,-2380.72907886259,96.32053116162983,316.5161217642766
2448.400126893788,-2392.308554647098,253.34524565540454,320.3778736898887
2753.5252560657823,-1358.0344974846273,12.034270822207564,304.4301774349276
1154.7046979061786,-1449.881331425748,23.2258095842177,313.73381063340787
2716.07273015793,-2275.8765913363277,15.251512269972697,308.57550038846733
1598.6460986223337,-1111.439022570507,180.40178651533543,326.8232322629517
2766.9941779394103,-1359.2183388690396,36.074731201710584,322.8234663787691
2292.869535704819,-2165.573121289501,138.79654655924512,304.8854007865129
1698.11355152834,-1119.033759197,8.538522194201665,297.46421171521973
1778.9080641836488,-1867.3928858036447,208.57830761635682,332.81979483129555
1858.6159111011061,-1006.7632560719471,154.5011351060879,304.8451582955051
1719.0357305231805,-2417.958498389185,239.21350858880433,311.5057378486511
1021.8354721397571,-1861.4045198608942,103.7174951229002,320.609647698287
1859.4434923180143,-1870.9862939752638,168.21963468448257,313.22880453082854
2499.7248381174804,-2621.453812393274,247.1412717642338,305.2054592352746
1000.7741188033986,-1107.5741815225472,174.45551392980195,330.2661624578865
2390.434785195943,-2171.261983913645,10.151424177631547,317.21268532931595
2746.961044264898,-2183.5549735566024,14.109108494435304,306.6433472375623
1476.2483115960704,-2884.5064813523877,141.08062358789036,299.9117495616165
1716.4810286016732,-1605.186284812979,183.04829414210698,300.2615179174832
2357.1302447220996,-2998.9291418890693,96.18931034171636,329.77967094621175
2096.6185674912263,-2316.1523539828377,1.222187214079618,335.9699128018572
1315.829224029357,-2049.02196400823,-4.416252320564096,319.97855423233875
2706.243335051363,-1724.5278954820294,246.59583639218545,311.2034247679263
2181.967005168458,-1269.4725510483174,0.4589530127182879,296.2762794972076
2330.479671385548,-1119.1800097990272,102.8637452977311,335.3329156439933
1222.196463759598,-2073.527736434984,216.24767022716918,306.6802092694315
1841.6545573374028,-2273.5329471330597,21.966481159306305,328.9972935816223
1325.7073493309076,-1493.2864667571698,180.55340340804747,307.59254732401916
2167.6368653294858,-1332.3806343188885,89.54065340120866,334.34657618864503
2940.4726019022705,-2242.1813943132092,16.283186607355855,311.09620688384985
1480.9954056011895,-1320.5953324116706,25.74749405171005,336.0011034213152
1916.1029064633772,-1918.1032092865078,108.66692698819492,336.0560504433567
2968.235283218274,-2128.8655745198166,19.402097484980473,330.6069565034343
1014.9676841518236,-2746.692876194209,137.28978157600372,336.5687525241161
1647.5069076914174,-1419.1820715336255,178.1057869786102,338.24566293424476
1395.369528917105,-1417.5006841078148,82.79210982950669,296.92329170915497
2344.997568724575,-2957.68929364842,256.5111695905902,337.6646922672371
2960.5999769674327,-1671.676362780364,190.60887860800702,305.71477034594784
1241.8026053167653,-2518.9717805779196,85.69540496252891,317.5823462065278
2012.846989121344,-1860.4349101308885,50.96046311324065,298.40549796788105
1056.1378890311373,-1296.8442551218798,164.7171136911656,305.19894108432374
1498.9548098120497,-1716.2742886228664,43.84882075957596,334.0889985443027
1487.9764288418046,-2180.3469110003693,-0.3908424916798996,301.5971758797013
2768.4708267243714,-2440.6420557892384,85.60311577032017,301.7461755837073
1975.884578438381,-1293.6464017151832,249.45824717584128,307.27334970867423
2283.225459542239,-2791.2457553801373,129.51624396881596,302.0155562197878
1552.1750503035146,-2317.7182933298036,87.46588680882407,317.9334189586016
2273.407601653781,-2396.4473675978365,21.159059833987065,327.73663323238446
2281.7310073333965,-2850.8071230795395,38.567136256699214,333.7987565053621
1115.3306675491453,-1422.0513310540023,202.01237326785707,298.17769218869415
1421.1857758536585,-2571.3231004420936,105.14118586339362,326.4867007312219
2026.9185424175648,-1599.6118669329082,248.70244502805411,328.6976494349792
1999.7668460923906,-2128.8001797669976,-8.20184997153963,309.3863761472376
1767.0755633058081,-2990.3903211665197,133.0402607689829,323.5434517326689
1242.975937346905,-2848.811622134555,84.33011951674597,308.5448141083044
1158.757844594418,-1943.0123677424015,125.26705720734842,304.22015289484233
2334.3286136486404,-2191.508018448143,203.5942932900571,329.2340948473868
2523.297342563539,-1978.411371144708,5.7315835707508,317.84924738707537
1172.6177724022043,-2653.7065658293754,168.00489837913483,319.1993533959334
2693.6475446886097,-1661.9176827698486,127.54769350282987,307.0973343221387
2732.0672669163105,-2518.1863249968737,9.222712284603425,318.84068152792156
1211.1829847793792,-1842.347391612177,181.41485466727798,332.74378040436795
1426.09514808622,-2860.290577842018,53.894253972234566,301.3330974199845
1875.4174186405753,-1061.3436886792235,60.92781101535695,319.3440996849822
2430.675092335455,-2183.781492968964,221.6868631240724,309.0378940350551
2319.1094058099707,-2056.9296748557454,244.29801544323578,299.0998404342177
2128.1339270329495,-1946.7929717354357,159.4794328349277,331.26508843512306
2711.867689112462,-2880.638953858084,122.7020635357836,320.9629545298266
2463.7856050558894,-2433.5953206671447,208.2540935278375,338.45682925807074
2298.859794638938,-1943.949569738965,-3.994158518303424,337.025821792016
2648.2933410152714,-1424.082286368754,152.34714935620542,297.85455781036717
1109.9205866969935,-1592.449646591466,134.97401427040273,338.79582102539126
2282.4381384832227,-1770.3871259083971,108.50613654950129,297.01247241445986
1861.0935025766398,-1444.7816426013896,-0.814552052461595,296.35813874032027
2757.682633073272,-1143.1446790926732,186.2087335725983,328.40200504554366
1513.4515776328944,-2475.8538077297544,213.1538284160738,313.81800641636926
1305.0783759898466,-1082.4431244149973,155.38208978666498,332.234108209148
2567.0264616787654,-1264.97939695989,224.1442906675869,316.68524085754296
1447.6657699519683,-2790.55453307334,255.83554603400302,333.1319578320671
1886.9205870846392,-1939.9456534293813,195.04791913417935,315.4168606894738
2454.9973594061526,-2266.106105552252,50.391096582715065,337.5394822935297
1714.2392114443655,-2127.3499557597147,111.86892227573976,324.36201838406123
1391.0621110803777,-2274.0408418542015,107.3038520736197,322.6781131947108
2071.7834250343612,-2239.245616796316,65.26764474316687,302.450255316091
2673.9812062998617,-2299.2877137910345,52.48149509701676,315.6108378278562
2958.3376340983937,-1023.2097745066283,164.17377382631116,315.2328650592214
1726.4431491741234,-1294.7293196198657,232.48768058057422,312.391972515699
1490.8154405581683,-2785.897232406153,49.364427115476545,306.71014502780935
2113.8542286536144,-2187.3321779476973,126.63737405699513,317.1329471480202
1252.5132682426997,-1308.6424922914316,92.19796310456476,339.23059126584775
2691.0416282286296,-1642.5352295972539,53.54718441088569,308.6885781692124
2456.046640007988,-2015.4800011943216,4.236886855105791,317.75928999034716
1092.9083795550305,-1700.7595435966052,28.796403578565602,298.17595610750453
2933.2996055277135,-2561.8206630138748,244.6084104016403,331.6018789402224
2591.5289058349326,-2414.4731761090857,26.247546408001682,315.99161966454324
2666.172176776912,-2164.7817348765293,-11.205832487057386,331.14845009353274
1833.9696903908025,-2350.2773203239417,235.03978735192297,324.71236929464817
2868.8370789854794,-2511.9930632266214,76.76287972473914,316.7686553947831
2127.430477021857,-2003.0325330686214,85.30581893840066,334.0066350899682
1006.4535327032436,-2350.887379239858,67.94558995508486,333.237580796586
1517.6911099905724,-2082.765615742954,200.56096760627568,334.5676178868619
1623.2377614420066,-2329.5611786284826,67.19559095047876,325.65838105716904
1076.712209827484,-1075.6583904833915,183.35232292114586,307.7565804405503
1688.8678825706913,-2032.484157791272,75.40523165152172,334.60432584030355
1085.364932464825,-2371.614880928504,77.30246185442844,338.4496836655129
1522.9193318414111,-1310.1095241645007,167.0897021344266,321.5998612584503
1852.8623741158103,-1649.8215205372262,234.12756408235447,306.0963333215481
2330.3269910724584,-1141.237853676296,127.52092605329142,306.1996345654429
2027.9253136984803,-1821.5306154355617,139.29626399752155,299.49209510187495
1894.7829440110409,-2608.7451937578976,229.91014574482273,306.8026001377346
1250.7333072068052,-1762.7416506185828,96.83085055724561,322.38244288197967
2712.971306303428,-2713.5783680655086,16.628305564829073,314.1861806540448
2540.9677750037954,-1913.7323678539794,-7.388572126716103,305.20006377030325
2713.363775373611,-1517.173272488677,241.76760536423296,295.7086129044397
1182.6252047971498,-1485.3362025703136,171.19342021024977,300.54052549602295
1969.5142076034786,-2980.393329956171,45.278926589707766,295.7768582931635
2217.072923738703,-1985.2278889681838,169.4225206945203,326.79606650038386
2910.7712195093636,-2545.388216652827,108.50327709893541,334.0896680436691
1959.7933982157183,-1811.6844406395685,89.22546337181514,308.06557619588705
1432.5200757661573,-2118.299567415841,120.48343627129051,321.5396122690726
2578.72627579404,-1426.4776627887272,84.10747518410746,322.3116795611924
1523.9656589000538,-2029.7051675292892,134.9052906944377,301.3096171194142
1565.8630576867954,-1983.3740010371812,148.42516277235234,317.9830739028939
2722.0557907704488,-2943.737790360482,222.74429663376057,337.1526807042194
1905.6678268636085,-1077.5931368871238,205.39537475195678,297.04328063585524
2120.188724340437,-2111.3142340121803,140.44727587700862,299.8259092450188
2737.481187883728,-1084.6730996963918,52.08541166083624,327.4959123255651
1838.853962631756,-2649.390191126349,186.5209486227849,325.548428114998
2522.7723344153846,-2116.3245862511767,252.602963170669,335.40960207171975
1597.3073241722784,-1198.0176284727238,108.90387264594592,305.74048016186583
2335.957432609681,-2017.0953817933673,174.46246009111405,332.687909931256
1431.239845997053,-2887.5157420806227,194.44200605110933,337.9642466648744
1233.6809206926105,-1666.7708991361915,209.04787035572593,324.3206588395332
1549.9876739396839,-2049.3628581230632,154.78859916921255,334.3359609672714
1026.6346260674652,-1958.895814836692,243.855184041026,306.8875187518977
2510.1005718993547,-1318.057104750293,216.64292173446543,300.89954455667396
1356.3954790490686,-2617.097289057393,209.1559268748735,322.9424427033248
1384.2265021205837,-2534.905003358532,207.35549728569666,315.2218018589278
2782.4186436240793,-1188.593944127671,83.32624362071846,335.88917831359356
1273.1460102736523,-1897.6874557807826,100.95164780775632,328.57451405818125
1560.8083810197359,-2228.5869663243648,18.048365195362948,323.49692923566374
2091.305987617318,-1468.6332116410292,60.598905288295285,322.5724618076349
2849.735763498741,-2093.137100857392,116.30278256525597,335.96818372386196
2414.088534863712,-1797.4802978980445,28.125526116996035,295.800455433859
2135.373366078914,-2594.4570369913426,-12.81344969664228,336.4926599369152
2494.9471374966447,-2288.5658392808477,206.8801158538851,334.9910465758132
2382.613531158744,-1704.679382909919,175.2404767935212,327.9146060394086
2689.8851685535396,-1183.9935768912826,69.94958503047657,338.74810458117605
2611.685292516032,-2320.706690976974,228.05790091716435,322.6035637541006
2508.849918989822,-1863.9789352186315,165.36840727393437,302.812342840544
1989.607982734735,-2392.445747640558,91.06185709203628,323.4109100771271
1551.7568385065065,-1423.0737370391537,218.5246979940281,325.3220810695081
2561.5874176439756,-2633.9503015467285,148.41090898862572,316.8924703601234
1362.9481108018638,-1039.4562692413929,59.018674540668414,337.7431211817858
2915.2853676860123,-1090.2567507378737,63.57387274319889,325.8449721529802
1644.0831448628737,-1070.9227609255631,68.91582249997225,314.4519710477935
1868.752557397459,-1885.9858500096345,149.93734663165245,311.40518509223415
2812.329278964046,-2654.5259054643693,213.26552892525362,337.93602944291735
2243.6195668344717,-1850.3388248821814,243.17489936723257,309.23183893889154
1025.9282634398787,-1920.667646395874,111.45395636047617,312.1428292763677
1512.82724294737,-2446.11932961086,138.64662060338367,317.13231427470805
1274.4294910170797,-1409.7571170506221,60.81424322577881,314.19210775584526
1746.650806845577,-1094.3634108653807,30.8073230362629,299.5028625623857
1396.9896353713793,-2939.3379169865457,5.332020620785698,295.19920419469054
1782.5954308547987,-2794.105578636199,29.598182274704023,296.84846385899965
2207.7049712395537,-1897.7038281188093,47.145732091634294,318.8835465088315
2199.835867038114,-1760.0185398252863,92.66928265562649,323.4000563589989
1676.7638309746662,-2887.419944919821,161.91015807622998,322.363594039223
1132.9851164820766,-1583.9409009879387,109.37056529641835,297.97982711804536
2986.3992688056856,-1990.0398607832972,254.05463086318264,298.28671640335006
2105.323787457577,-2216.6221018560354,71.77633279702609,317.26216464535116
1219.5062409487757,-1157.5568603372383,44.004393349682914,319.0671591032849
2978.463911076614,-1805.140360262728,171.69552362120115,330.3230288853596
1504.898982044234,-1463.5086720996583,7.725194697526689,326.8929138689622
2854.9189526793352,-2738.537098804703,43.629966535638076,320.40920204213904
2835.6837445459096,-2718.6047674336314,238.44995089772752,317.1481731979967
1588.8771596709503,-2522.114785811843,160.45387678429643,317.546279051499
2687.4750098392105,-2834.414762059435,34.413184131423385,319.9830121221877
1152.40465795816,-2695.9472177362504,198.01699073997295,296.03347840479495
1106.9559678947796,-2295.3572305117154,253.86427851757082,296.0338245135419
1435.5729636782423,-2567.6672003828426,54.53369157410506,313.6649860150777
1551.3493068029366,-1675.2051595119735,236.09587862852493,302.1640835009264
1214.2133284461268,-2340.8744472907947,47.8307019297934,328.91706097919626
1054.9154957914548,-2506.413998648625,141.72820448890232,315.75562922753323
2135.5815682491257,-1111.4789168124348,208.19756445551738,338.066159255525
2589.6587422784496,-2110.994485534428,179.2222473808128,298.29811428110634
2551.1847772938318,-1087.5156221227592,247.49312139542423,320.0038792447981
2730.631945532369,-1675.0008056680012,80.57303746433617,309.8476786921937
1582.0353223690367,-2359.341609741029,151.11996519293243,299.99951267085135
2052.9566899563397,-2751.7841045020336,113.24442179378477,335.4695903796135
1227.8511227208937,-1158.1450108993133,39.33054206195263,313.91984248661134
2731.9555478657767,-2168.815026583277,235.22454723765657,333.063399915989
1371.4093965868021,-1018.7480901269764,237.43156726043443,336.6713603771257
1396.7590539213184,-2543.3208233228893,54.28802621692964,298.5806798643197
1436.0201503119777,-2742.8815414482224,-11.167388149164692,310.88473904921074
1449.1355168794391,-1492.0303944125599,7.631149904633904,296.06135667314777
2757.607388850791,-2799.0570551144115,43.92411982563014,321.3279005062143
2261.562743885859,-2379.2800633563725,130.94114735978692,321.29232720944293
2443.5962380612045,-2177.261829850501,11.355081677719198,305.7096658998444
2361.6536452638247,-2785.315114272295,197.90819147594837,328.37072211720783
1929.7944399562584,-1768.5005522136246,198.79191098945256,320.75286311164047
1613.6038717572433,-1645.6350361079424,130.4070615703688,325.78254683183
2598.8740412829166,-1475.060002669335,212.0517863135828,339.6186984025654
2976.5106737770693,-1191.7828635047258,185.31302227536423,324.4581273267238
1750.7060551656791,-2250.686643378751,-7.325879861509957,332.37165302095116
2195.3618284997283,-1224.5012500912455,240.266110346474,333.1451160064629
2508.0119027335345,-1903.7710670305948,162.2231531315642,304.8361442559398
1755.023755017403,-2398.0180847693027,161.36697185300136,334.44020169763945
2923.569454461065,-1694.3491934879798,-13.442807867075235,316.7823623455989
2056.3905301008035,-2257.321474389521,131.58160897686918,314.47678959113256
1429.2157539103578,-2466.8958109615837,144.4760683857957,332.39715215052144
2986.293063599879,-2827.169528863205,77.5235362617565,313.2169310327633
1521.605194674923,-1225.9263797805756,0.8122003253874315,334.91250692216545
1351.4187794505638,-1593.672187567928,143.91221543833686,295.7672284179982
1246.9225685469896,-2696.446802198039,59.89348302118768,296.16118913834686
1630.1691891589835,-1686.4045380419695,238.8637128238659,324.3363746554166
1016.1300947734376,-1972.364037229687,15.085581648366535,313.1860146407472
2782.7936190715654,-1233.6204817226462,127.38001571473367,309.71127123485604
2394.727808745022,-2293.2451713625915,217.8572587313425,320.96350855289467
1026.9827687176855,-1409.1628184595893,251.35904364072843,327.48571260657695
1091.9240444749632,-1838.2397478831224,97.89264687333832,334.61291393812286
2892.28574203068,-2227.2424392437674,9.18453002996645,304.3971669053353
2626.1732413439127,-2901.7553096537163,47.69096831225037,339.98903647985554
2469.6460336172286,-1848.1441939431227,59.83867080358084,321.67463613319967
1036.1600682523224,-1630.2528429180545,8.025750307428108,305.95139351707917
2535.5722703027523,-1977.0131732058753,239.77770981688607,315.1860785067011
2717.990027254015,-1898.7545797934908,78.50361064289575,315.21837884286697
2907.5441415489095,-1575.124798736809,41.12309968929896,329.36379536238127
2713.706737454759,-1689.9741551854995,21.881063506240544,311.0981838978821
2527.5462558889776,-2772.7135088692853,144.37565110619224,297.8717960740862
1709.2786229063177,-2089.205100116278,169.90255285679106,332.9714171295935
2400.5055862310264,-1197.3511634180434,71.49146969022955,309.06935531050436
2962.5081788287907,-1910.150767934117,118.40828684030276,330.4331710307641
2332.1486373086905,-1958.860613340955,101.80004101287338,323.95734034445053
2179.7813442287816,-1921.225367359707,151.34480467487427,330.45394663514634
1972.946839000666,-2966.3250434776587,205.8330810806302,304.46513802944304
2847.7345835456476,-2818.4788309967203,253.55753801995291,316.1356754527952
2499.88173027218,-1170.5973636988872,-9.410199624777372,318.22250444016214
2885.8814306609966,-1335.9647790008898,175.18005331555725,325.5137644741117
1567.397796602866,-2872.74467860793,5.184195022253217,321.3504350938129
1984.3720795434028,-1345.7404382332818,4.6123468726144345,298.761274442026
2412.1210203067694,-2001.4328892620224,179.68915883017215,313.5238926995253
2164.1595243298834,-2095.7329406490267,159.5712927389674,339.40330905003964
1674.0910340944552,-1526.0201325081355,44.13952368691557,302.40891377034495
1114.5922615696943,-1798.581647525832,172.31827580125932,306.9436031781667
1936.7511977686167,-2547.608786311306,245.69286658792248,326.54107625388934
2565.512936109567,-1173.9991680961718,32.56150666654781,338.38068450759056
1458.1406508594196,-2033.8612378955036,237.1514804063739,325.83986498263243
2157.4882485354346,-1341.0365664274527,43.970873069356806,309.9752914189331
1245.6493975391686,-2294.3713697946105,174.88574160208165,303.84764404308606
2645.7798625002174,-1741.7788467787796,94.25585016860737,318.77154570025226
2030.5681829312734,-2670.426126598977,165.54609367092831,299.9784758348978
1142.9257136082194,-1186.9815814449248,69.7283405161832,307.3457503433401
2425.8661132224474,-2179.871292551801,66.691328559065,297.6628486269521
1517.109498891527,-2715.51236376919,133.99325708655252,302.2355445368763
1259.5291699252857,-2838.690297984882,105.85193207587336,338.4400408960652
2671.4697118678505,-2760.974446705113,39.73275248383598,308.5536293877038
2570.0643998700234,-1818.45243181014,153.85732797132124,309.84245668135225
1321.475150547139,-1853.2925457930712,247.1003768032087,319.38380314004274
2853.792867332009,-1288.0489610907882,183.69459329911848,309.2321602776402
2990.7287391618293,-1546.6281386765754,251.56002384073332,310.5203149464391
1806.5612327068638,-1693.4580184042125,224.71287895850358,305.023442193053
2764.714365128514,-1588.114444530106,160.4717616952152,336.0851220795962
2284.6061394555163,-2280.930043651667,204.6637941536144,326.98365078237725
2063.009944504221,-2840.0813768753815,153.9591218854592,325.575374173775
2450.722934469369,-1132.877945480521,132.29682165974128,322.6125968190487
1136.4801343889717,-1142.821834629681,184.9906038003546,295.3199745595051
1813.4691668773198,-1009.1150006868363,230.9132193767095,297.02996109810255
1392.992749841704,-2526.580271218593,235.8863860938785,314.46221091713556
2133.996381699756,-1554.8448463574978,22.90402046878726,334.84409135284153
2535.1768073827716,-1819.5447895082425,120.7839790937324,328.7304205722007
1090.703260645675,-1083.0376351833606,188.73146638147458,322.08714720879357
2237.4801455769684,-2623.5863188057774,154.99107683737589,335.7165468535914
2034.5423184023275,-1801.1956977507637,123.14397034645623,329.9354619463346
1098.593514389145,-2731.487419362191,9.400051116188965,338.1448422465104
1033.2854816675297,-2688.4452381266815,118.47932272600698,306.75900804177013
2287.996936544303,-2153.3751851568118,-12.58933563327234,337.8592521024507
2284.8757540071824,-2923.8867401339066,106.19378466265768,329.2806394231327
1181.0224040660194,-2858.4403045015265,208.0063511845675,306.4041133173209
1728.3278884143626,-1661.0900242774442,124.12209176538357,295.87585861507057
2235.3993504557984,-2723.4669944026327,87.97055332797204,300.6541298375195
1958.3866896652817,-2042.9268963944407,81.49605575912149,300.81711358024177
1645.289156465115,-1213.0733080308164,73.02991323537765,317.8351564672147
1482.932899768531,-1311.1825653770823,118.08207331496004,320.55140414062345
2452.541543565494,-2027.757024369353,230.31294188216165,308.01034592425276
1231.5972637991651,-2772.421302707116,220.26865633529994,319.4206517423978
1688.4204304280634,-1591.8374960026354,134.48791206777105,296.5233902686447
2920.9416463022717,-1178.8339461376074,65.5221823642161,313.5741991779874
1943.865387148127,-2367.1284565438773,257.65895640003,316.923772534641
1960.6184913105271,-2337.9188496324346,53.97780189409657,335.1198447075054
1169.4314355529025,-2842.681880842426,259.61301717031694,313.5396146605269
2929.0396978074527,-1597.8459336261624,248.3693843225858,328.64735103476954
1905.9334674074469,-1892.4256997931225,141.50390799436246,322.3229519666428
1947.9071999805792,-1333.395401830081,193.20697876296563,327.58985847961344
1768.6830791772331,-1162.3832271573672,245.7798791609145,337.50910811241846
1867.632255633393,-1042.9915935034735,97.25474048786391,324.8198143564545
1593.5961457620565,-2004.8935934878202,14.460179711343912,310.5589308451268
2263.571905951259,-1626.7937127619166,211.87797360756815,333.75640358690816
2583.9430458657016,-1902.4383514498074,170.13188578209886,310.8722574052574
2755.442167040912,-1116.1320996268844,145.38456023361897,314.8771911125495
2190.3739058634474,-2852.6759237557176,113.69959793790403,302.0876842689434
2338.2104979514506,-2376.595095795289,-5.266226309633224,316.5905875767837
2603.8121235530316,-1219.2612761072112,24.43063867254969,314.60009850386075
1509.64101403732,-1237.91149988801,102.85738940899671,317.1317427921574
2485.0627088491888,-2615.2239800752736,225.64420712881173,295.88749610901
1812.3733740113294,-2593.1643610143665,27.017632107254975,305.67590064196764
1697.7493924164523,-2471.3281900647517,99.24957365024088,317.30801680650137
2533.504519735533,-2005.889165344087,139.93542249377816,326.95882497180514
2342.8506965644733,-2628.2971139261176,185.80778556080006,329.952330258077
2376.6117918053083,-1366.8678868252055,224.05081432461319,316.0522684082597
2832.2981397318613,-2450.831764323604,216.0400241850449,330.2811981139744
2213.914204310182,-1732.467472062304,259.131860841459,314.3903656599794
1074.257604354991,-2908.831103135166,150.18018419371404,333.1278452546959
1307.8359875057336,-1743.0522483742516,5.429335629905285,312.20711838194813
2867.094447974633,-2043.75360797351,-0.9603378535458962,295.7331317978149
2141.8685228531685,-2618.556090513041,249.9993688809633,313.3890660067859
2553.850429586998,-2288.820768619522,163.25867925125294,305.44142092768436
1567.070776480958,-1927.2167560739535,119.48180872261946,316.2184797591059
1064.895383401904,-1714.6500330996064,70.07388341150919,314.31332968493683
2672.018616241315,-1662.183089163521,56.152669480432664,298.191195095943
2057.5172304998423,-2182.278509820094,70.30027678792318,331.29197332373656
1801.595857901696,-2346.6523750121623,247.13078958263486,310.93848738764
1808.9262991325804,-1237.3409990931832,32.09050788382896,304.0547188215528
1499.236847354698,-1032.540904714271,92.47572727248962,312.63171567940157
2900.131098922927,-2812.1650792960277,145.3107074365805,296.09825772588255
1528.4286799794336,-1137.9891556622642,200.39996602319871,298.7588074233694
2135.0509161816617,-1278.0205583121647,95.66066530750827,338.5656371716296
1512.6592241094065,-2828.126621962599,116.4581130087046,311.0394633686448
1847.7502078853533,-2840.6809316320564,27.908127369272215,336.71714142990714
1366.3981210900192,-1976.4618389966918,26.942327027866384,305.6290617073665
1295.2697936552963,-2265.201075877339,-14.359246600151305,336.99289880085723
1031.782994578506,-1946.6444470701335,231.01926884831104,297.6581703387888
1772.891973268579,-2710.02373901244,-3.38300763287568,331.4128667431052
1075.0579476669313,-2749.253679349752,237.45963463481147,302.1330973623217
1276.82013689328,-2583.7924976989084,57.409780225438595,328.89326364860773
2007.1772385423715,-2972.435380528324,87.63370099565675,309.1173735899665
2856.67981712677,-2807.406888223706,250.01897929833711,296.872594120497
2579.101613056161,-2781.200982436963,180.14183204232205,323.0116825971247
2658.272950021559,-2188.2389004203565,167.7699817799132,334.00681937223123
1125.2340599034094,-2127.065228914395,18.373892890791375,334.02932020088707
1062.989053337567,-1387.875414933466,49.62677438198719,328.9050363113723
1513.591251557949,-2437.40928789013,60.71022780866245,324.7945497598029
2729.679056684588,-1340.4343993520406,192.62194714729725,332.6008500453972
1510.2306103300912,-2270.738814974009,246.01124347270718,330.1290750762951
2127.791436967742,-2091.4843778696477,66.38356087403199,325.98894055185906
2783.7290655830675,-2418.9292985042093,-6.112671382655494,296.8506368121868
2410.8685179461945,-2531.6875554169237,88.43676666097933,306.3722477111561
2492.2711967059877,-2894.0017728040866,172.18458904122767,305.6612854607848
2908.6672507673466,-1501.7798304111313,145.6545582314213,335.8969507004267
1204.7131530360912,-1925.2178176714476,62.579580279708,333.33261239774805
2218.148061207612,-1599.37967563506,50.54930327042979,331.6639925130869
1224.8191670212016,-1863.0961746056228,212.60210589186923,301.0834216962454
2394.173843525636,-1675.3051334790966,96.75972274879916,306.07037336592805
2159.9487048311676,-1771.1328907376849,99.23371128496224,306.43085111363195
2982.8203572529574,-2095.2210420091396,-9.445203678963718,304.09405472406945
2961.44086016551,-1010.0756981016727,189.75788463502295,319.2484846283311
2779.1638189215464,-1383.743423585631,-2.651925273217552,309.44158785574314
2514.339707104198,-2962.4313964330813,13.659980235895816,309.6255625124814
1176.9735499855824,-2903.463480711257,60.92692713713201,324.3000200439268
2319.417267477341,-2260.06880206882,61.16367696756319,322.13350517982127
2797.8986663408596,-2252.5024666376853,248.71882587415638,306.31296141448996
1223.642814976476,-1005.6316866509987,16.961099955244553,312.08281470204923
2547.25788457315,-1741.149884714536,-13.94274285329212,318.3893090973795
1816.8376835745605,-1624.8404782198252,18.06534342236141,329.4496545117938
2137.932443840792,-2755.8412421424105,207.67488037214835,306.14634672259024
1285.3306468103106,-1027.745281224403,26.18649786560907,322.084360436042
2104.124465652355,-1079.6879768846243,88.75858846826142,317.9988164320008
1801.6797507925849,-2136.6014874170373,70.56990132529855,322.17705111807226
1130.8076349318392,-2519.9832891084743,248.70442754987562,324.33380362498104
2922.3415191747526,-1388.8294849195277,33.09455796457828,336.85263802321964
2852.7590865502502,-1924.622046166355,74.40118024883878,334.12654840084383
2133.5293504578867,-2132.8885219799777,-11.216816639505065,328.8054907449216
2156.7637632127985,-2241.0527988095846,81.78660772854082,305.4036591349363
2092.1223143951547,-2620.999707055502,-13.351129411735009,296.2763358625401
2260.06597139326,-2723.1542934592435,51.62797308142832,321.99665408706215
1379.3253042181911,-1814.3217154447866,150.44135160772018,304.71955254684184
2589.3747061531503,-2592.7535398142254,139.4486062136137,333.502955485742
2505.1073966617146,-1720.5221976762691,97.2440793209984,335.17675569262605
1697.3360042759562,-2785.5646481246968,129.9217862535293,301.9380027287793
2233.699140304292,-1600.3177648124183,239.9108442708686,328.7788466326222
1881.6202995079902,-1891.4299016238967,-0.5165735490894399,298.6279473449757
1947.689470426607,-2562.470385186778,128.10997243776586,308.1721018971295
1200.5949173304828,-2011.1215189145232,184.49869421779127,325.33075727021264
2958.88747122411,-1678.3201282220593,18.62477618023241,329.41532104566704
1582.1984611259054,-2718.2259754928705,27.62494435826801,299.901571623726
1951.935157856419,-1716.2505446040507,257.53070365802586,319.65802278756814
1387.8194809774286,-2016.8486286515054,127.7343844893949,319.05345019271283
2122.296343009788,-2273.80707231971,229.84187300264506,305.72533423641295
2627.118345711221,-1770.6940938329305,15.407033040922286,321.9769724601421
1654.494699384537,-2148.2759461866935,69.89018154568774,310.7933690939499
1508.529561830714,-2760.4841024883362,240.49744087553378,324.1830779531497
1797.6679100274212,-1859.8237677349723,140.48665149425628,319.5875780293395
1961.923085828087,-2744.6262352477706,40.808649263984044,316.72628981170556
1509.725226352301,-2044.9948784859694,59.85736933289273,302.972672319312
1226.8767829673318,-2212.2687135514234,118.98621516731927,306.3145559215971
1382.0863962337662,-2095.490038155812,60.317950589634535,322.87723488592536
1284.9127267381625,-2272.016878400421,50.366735997149235,316.4957029569846
1019.0721340783743,-1070.6400434140971,128.82923225604236,330.48529556376064
2397.8435096904404,-2307.1071649068226,109.84407459115248,321.0973778348653
1769.0001300066756,-2164.400200194087,168.5815954807415,303.06596957206426
2153.6169998632063,-2305.5482035255754,226.2025863665362,304.198000244917
1059.1224718034014,-1361.873608243321,152.55540122086805,339.6356029746545
2795.2670366849125,-2914.4747930312687,114.08057480338553,338.01160085239
2508.3290717624213,-1088.2492965002284,242.66560276135618,327.84737734885124
2730.349392514041,-2429.1960258963377,249.97126972346302,317.70583974981434
1659.404906152749,-2253.4020187438355,31.29425862924596,308.1268919025158
1678.7843391617066,-1867.7426309255582,146.2649043095584,319.9788934768928
2518.7084020548027,-2444.477002628726,254.5342429768413,316.56673941449066
2026.044939174198,-1625.481119675839,34.18646490262002,313.1535763074176
2199.4640416223488,-1525.5272575084823,227.0905510140837,326.6229436036203
2102.3003226384453,-1317.5943620273501,209.00626866989637,308.3536608585733
2664.2827147594903,-2481.951134662087,219.99600687687584,309.1787829072353
1054.733043765444,-2041.2581949639134,145.11298193572344,314.4313776460105
2595.6892258077305,-1279.6212095218973,9.527749061510008,297.80447662017775
2699.2219168719794,-1643.0068094560247,-3.6957356215190806,317.0058761446596
2199.9278813345654,-2505.8152327309617,245.64586806581917,331.94160823611276
2813.2631537345123,-2205.2431589961716,53.09122057887306,326.7124415714883
2752.0221722892675,-1614.9476490913546,213.90064383773395,299.7234510406014
1794.8514780528992,-1791.2136501907207,42.67988841635843,301.08496874832446
1231.0737086115455,-1750.194047637165,148.01582098297533,336.12039470054447
1861.8076666370443,-2503.7101183873847,-8.230316511579165,296.70909333406195
1800.1556935026292,-1256.6867096465178,84.33585580829008,322.5828418303667
1078.9528043418552,-1271.0698241992425,171.59205306168604,301.3657393171862
1350.5469260346058,-1909.5551917052073,24.749467737156202,314.0614938714759
1723.0990919823134,-2853.521550718507,90.97974115888195,303.88006243067565
2616.5409013315884,-1209.9364959804782,-2.2256776467341783,314.66845876430665
2647.8532415722048,-2571.8373644274457,236.9768827814214,325.5209682153326
2532.5750473596268,-1461.280971067176,-0.9690167810631038,322.51568543935696
1128.2363204595342,-2891.16307276929,115.45299568265241,308.93985770367715
1448.2824349446473,-1857.4664069041917,232.383192656551,306.9773236973196
2512.5458725054104,-1478.4405373038921,88.94856064158569,310.41946748916445
2733.290631560926,-1049.0316341557636,25.40171669322889,299.42628493117667
1615.987857537511,-1091.845373816142,117.50102203747937,301.95412322433776
1459.7479638239088,-2767.020692376963,187.15963006046013,307.8047814534433
1983.9373477579052,-2512.034093112464,106.07633941042792,306.9541394257551
1580.6379232299535,-1900.3683837699016,-2.7340552397475157,305.38695714507384
1983.5672356826676,-2562.9233316612163,137.95168038261528,320.7607402565768
1992.3614282782037,-1932.8217473840446,147.29215946272637,334.5691002439998
2723.826132720792,-1927.6639152559037,81.41850316523735,333.8479213270173
1817.8605982083654,-2480.0225443399845,96.75098246371456,314.02475123296756
2335.487552440444,-1517.5682569359753,80.82464440139209,295.38687707465573
2570.3344881351313,-2286.7269273486654,9.105651396607875,305.0359337486421
2951.254343954246,-1604.956452297365,32.09365185744272,325.1803416079619
2879.9159338452537,-2168.4025298876677,41.47692635911841,295.438855998066
2439.9535606568,-1485.8311368306472,157.89876284153087,317.4264274248654
1862.5730926604515,-2833.7053230578363,85.71517254004027,310.86921906357037
1866.0636152221987,-1879.571201006205,129.61756091539348,328.6495553749947
1431.132500887898,-1778.068347743059,136.23140656583038,304.16290238128255
1889.2341085607068,-1548.0574625404531,232.3456074968494,334.8149827641779
1934.624974345084,-2582.815102024748,35.48814065892248,306.3377900987716
1856.6363921425666,-1484.170887857141,189.57854686733725,307.3514015963983
2007.2933371364343,-1292.3709608283266,88.96311740166475,319.0173688942139
2960.090480996655,-2352.670768223239,238.43834597178406,299.5835128185941
1576.256442521841,-1952.9513055899463,183.35164844401922,303.8608813697028
1710.8677407155424,-2831.6688822317406,-8.343555594740007,316.7167281099442
1857.1734932966551,-1014.8912298676016,168.62404934641856,299.1151160684652
2292.28767343286,-2212.094366946155,50.59571450294193,303.9776521221225
1937.3192726097027,-2213.7230459304114,-5.340479999942829,302.52323237903124
1484.3303188837199,-1481.9993526182918,108.00424966006192,296.45309533976047
2015.2436092915182,-1909.3539067890283,68.14798604163053,337.88057129027516
1762.2244908290536,-2658.520231037419,102.31819435032831,296.2409147845035
2105.266681337148,-1971.2819417950104,63.603080633574976,335.46006127712354
1385.1999760455674,-1580.2959236059314,93.74887016950889,337.7846038730982
1010.8949309435812,-2726.570892550801,119.78839424757984,295.08199050704235
2843.920160562888,-2847.2439863076365,226.67360665609039,333.6760724148685
2662.9264603549,-1776.2938265199684,188.92705184342617,297.31085790204696
1647.4194027389894,-2600.1672952447634,128.0785666437999,310.34961229237746
2474.6155106113674,-1630.3581112892334,201.85594124029302,300.0370931064042
2958.894943221792,-1181.7911893530106,223.79520998487627,321.55602744363483
2457.249228492282,-1355.3211123316828,56.19058235352618,329.9543986911864
1268.9017879925514,-2059.5318618981696,-13.11038428079289,315.6030206993379
2868.181516982262,-1883.9921683577954,254.44023837474253,319.65891625190153
1211.4959205432701,-2118.8468392310497,144.03439060492374,331.809263183685
1379.4712734755208,-1713.2869776225464,72.21606692383799,315.12895303291117
2211.0733954004377,-1987.1391682740702,119.68332129831379,304.03495063012787
2969.974425894227,-2769.570665871032,81.9269170356968,338.02312468946184
2744.7845713955485,-1554.6882905377868,17.497595154704797,314.19095221271743
1674.3449082256961,-2458.5129341138627,1.269453289840488,297.0501263995641
1720.025752311427,-2866.396649576498,11.07801754724856,333.2111204059459
1481.4227473422875,-1183.6160056005886,51.89525953901531,308.7829397652345
2677.6883436618846,-1152.4219352583332,177.29483166940804,310.0223565511859
1574.742237512861,-2701.7489625392886,-8.408429692537512,317.01704527945594
1627.3579404762122,-1185.4995177705123,84.5008694112641,319.23676277905884
1635.2301579811347,-2793.4722568736634,16.148429937848043,337.46616401736173
2154.8681935883214,-2719.3684736933874,92.54319408541886,334.50630682501
1873.7483696328559,-1227.2210518420427,76.7609917308999,300.80866338294044
2815.4217276422323,-1460.0632781487755,82.72232259358854,308.36718617005397
2366.147495830044,-2551.5177535829503,159.84364113575938,308.1638892960766
1062.6247493332617,-2252.939697793375,199.41032925110343,323.9120530865735
1652.2055540762622,-2119.5250967457173,111.78247317477027,337.6023476617739
2635.103990627026,-1823.6545807278276,0.8673163641171477,298.14312386926986
2167.0916042505787,-1387.0647028148921,249.7384077464057,328.356840199255
1483.5760592086062,-1317.3350592000365,-7.707503916381609,311.31270939601615
2819.83198419586,-2167.1367930531715,189.73570020944277,305.4105375389162
1345.755451224872,-2210.5339778557764,45.87866377689031,295.9898753518346
2910.165850509914,-1124.0721608114284,223.09195266098448,327.0355542882907
1432.49847314694,-2880.2652697582253,217.85981465918175,309.2330471113659
2155.975584123491,-1703.5048595424473,23.87777653585964,336.0807459771516
2323.061779058827,-1763.3091412633064,38.27842759134824,339.65330140579624
2473.0261880230883,-1579.127351956326,235.26898522161085,338.5501965347838
2713.3754731694144,-2588.6333340540027,49.06496597173805,338.5077554505409
2347.472263111781,-2127.587291946794,217.11540328875031,300.4985509538548
1252.781782936093,-1335.1521227642297,127.655299630715,304.97748867397644
1865.0399166672266,-2009.0755288991104,11.585873910165883,315.3103610151681
2109.660621095425,-1623.9909823896448,-6.132229462823894,336.56715304600164
2390.4326335557716,-1605.8642270226278,165.28738375089407,311.2764083891845
1546.577724413377,-2402.048221561201,90.38074829839371,316.43895403484765
1891.8439495747516,-2653.154882456256,49.782246316517146,337.30207401068157
1209.6523449274264,-1366.520088048661,256.60844034347366,324.4558448078447
1836.9310539433864,-2757.723821603416,102.90906356383987,304.8505277474418
1269.1941525390291,-2749.317699438104,9.849017450254948,324.0249727181648
2487.976421932968,-2318.7676983969345,24.13776148072514,329.9785723063212
2995.933626066445,-1727.4645724588374,255.8942599448285,295.07732372712616
1405.5597584968054,-1654.6958167458333,161.36141332323353,323.5045382940793
1194.0680579568898,-1832.1103016113236,148.26706714855362,337.51785349580996
1524.3018584829183,-2666.627244791935,216.925056695906,300.41987747867694
2939.884415597723,-1633.7204477946943,40.93501485783638,314.0802200581864
2990.793201480351,-2144.0401865163894,49.26186190879359,320.6623806014784
2742.4048382234614,-1696.8018433030404,220.13553139333263,301.00089235876055
2165.6816008036817,-1906.3547314257444,224.94683189650326,327.0737515245593
1794.999994332227,-2403.164447988236,247.76672775781623,336.2097640674931
2914.993514414584,-1166.056866647037,84.10772397260315,299.48709830763715
1710.632258595249,-1196.0021565834165,-13.10590566487405,312.8991530209584
2775.653831386945,-1654.2745048176537,148.72824836295652,310.0933593062277
1026.5138271899127,-1834.3854085135793,141.58190196217063,335.30948875424883
2074.302264119332,-1213.152885058249,215.0702635049389,317.3877341333283
1821.976533935434,-1594.5296574137546,174.92013169791338,300.2345107460807
2255.039467804226,-1140.2838296471343,41.52380217170704,322.6094811374053
2917.6461843568786,-2039.6986349620229,58.14817521833301,303.7842562116788
1496.8560253251621,-1567.5470203852858,62.203845225908125,320.43081193959006
1979.2028282448666,-1415.7978734084265,111.60120337391746,329.60416245909255
1506.339277765758,-1609.3882840728554,148.1539191299108,306.67804844122287
2194.9475891697866,-1178.9709470217779,16.039129283377868,324.6963120637786
2580.557733519922,-2652.92481974139,58.57906166674722,337.6212845685613
2171.224946482624,-1609.7348723152716,45.97816350884575,329.55790421761196
1025.8769359757976,-2594.887399161126,233.84068280186054,306.6186798466764
1678.9103081111539,-2911.9133092920897,191.28442124834726,312.7231405287277
2073.1350559849348,-2492.565645885187,5.210739220727188,337.9212104727375
1377.114759970541,-2729.881543698956,-6.259400886160483,318.24223685953706
1359.9719352315715,-2439.0696538123907,5.038161549112466,307.0198795078822
2500.4173344791616,-1135.2283727701881,258.97321344204124,315.9139499128716
1701.2250521668925,-1079.7178259352488,137.03029269670432,309.72433808671593
1768.4695068757796,-1667.9632489638159,175.7501703980842,329.322278591845
1798.5442875193112,-1344.7181563960357,0.20535385401672812,296.67783418759893
2326.3955819379134,-2311.520251322235,153.81314324404482,306.4041257472868
1411.005419259929,-1541.316141354863,156.08743929378656,299.74890091385686
2421.4659006731504,-1594.1197674656378,213.89921074201033,339.38782788355354
1345.266286580199,-2114.1389958591094,159.95501076223098,317.0937771166056
1642.766275250743,-1281.9929366593037,242.2183073933938,326.12456851827943
2045.15032555543,-1885.0183125751985,84.86614265522276,307.762136371017
2999.824592457452,-1969.3445136786418,250.72959900604423,310.6095615215977
2435.755158124073,-2021.1781045345992,234.09924915852037,330.19757591904084
2687.02763307634,-1846.95267517012,194.359889954615,304.5602558240772
1960.6710793982015,-2743.588857528126,149.94882202905444,295.50386604431685
1300.7045870709753,-1507.6238721488853,196.1165345951143,299.7262448937286
2869.6024320488914,-1645.2345574885421,-2.7325682444141783,316.1177504557058
1523.891054708398,-2248.362731930536,169.57421454480902,336.1411688266396
1763.10173559413,-2499.319597811221,193.65771532211943,333.4740120821797
2800.3145804215274,-2408.386733992499,174.04803848432678,301.250623337677
2021.493469025387,-1903.6470641374842,129.97496761997832,322.66484319323183
2078.79760383559,-1131.0116831221003,-5.166120013569856,327.4385602436342
2682.594963940721,-1975.7965899983124,137.3377528235617,315.8667899033359
1964.2348495581118,-2064.7356162901197,194.4551886650759,312.8644057490793
1158.6404100858415,-2287.0204092577346,196.95072491188446,307.3956875674337
2111.5295174413127,-2288.508803255751,117.42453750675128,309.99713931089025
1489.9984805702868,-1956.4040828175469,84.82805642648177,317.0406046784951
2490.0050097012654,-1215.041389129199,139.73360652298263,323.13786217190074
1235.2248236338908,-1727.320723159613,124.1852693144572,300.8668081766434
1836.8869117626994,-1602.1313050025246,59.470773769300095,317.31594320472874
1312.7104702964923,-1048.0484105534404,139.76269923879485,295.4727360075245
1420.9216437495827,-1455.620632754341,41.4708966919199,315.2162609855971
1606.5261091338762,-1153.9063254966256,244.83350085868562,336.5291312272266
1467.21742614519,-2760.920904514735,-11.176787967551775,317.2388833730394
1360.8168068627613,-1801.9962202177783,93.48021320978806,311.3609267605417
1136.465899331927,-2060.4842895145175,44.40324635063828,336.5600374181367
2260.679139808517,-2764.2855510240197,204.68302720690963,329.8063677863207
1189.777899609462,-2438.9911215606467,173.0129133235191,330.5572281102145
1643.1314442546743,-1260.710992127477,69.72191193398332,313.47970560799274
2101.8918063137207,-2211.6711369791938,95.45592847114771,317.883907755256
1631.3032389645807,-1048.9045434929153,162.6482260012225,327.71193654148124
1334.0129626207681,-1239.5073036527124,113.7050668545701,315.1294740250397
1103.631496163904,-1310.4259908161603,11.28680157284462,324.89903412725687
1658.5481712168344,-2555.3300452778176,177.15260230769147,333.5663638942131
1706.2874817657548,-2494.841778119309,46.819817122046885,315.36595379200253
2426.5108857872983,-1267.0605590072712,43.36292462282659,339.53138073295884
1961.2472493508672,-1537.5490499219623,215.9210981637444,325.1859807044677
2774.025494197712,-2896.4046793669477,102.12518365900712,296.90451397378484
1578.370832519583,-1940.3675137415157,167.60634532596708,303.7371756854193
2632.9036532774985,-1232.4946105949286,134.15667144619167,319.5105997724078
1305.7764993980104,-2495.2941742779703,151.2684230807353,302.5927657650306
1526.6365019707641,-2902.619097742359,203.30021401584023,309.36287142739405
1617.4948297297901,-2091.978220624339,26.01368592829855,309.04518420514336
