X (m),Y (m),Z (m),Temperature (K)
1580.0907602470825,-1105.6990322517895,111.89496475979782,318.57608316187856
1529.6917383981731,-1846.2511096367523,239.47495503160474,308.6061761477393
2608.334437927941,-1670.4791253423914,243.14649288451352,316.67033795259
2935.1696778513933,-2748.8130688384745,60.712412571764816,334.92722330558433
1352.793418789083,-2076.899437180072,256.3025791570132,329.4507650652537
2604.0917978053776,-1770.9714703257146,75.62186177626776,309.1070259219707
2576.0425719847567,-1653.875414285963,248.2270441128495,313.8434910744099
2776.2011099872707,-2077.7507438761727,26.446638204869842,298.47522112147743
1969.0113661810897,-2592.9637414725507,109.41444981811385,330.0075203911709
1753.4822169932554,-1861.0237606889275,212.54490577469315,295.1808809086272
1419.4268547875006,-1806.3755173948352,174.71732871956286,302.72163613579966
1674.3817193553707,-1432.4089654151549,112.96540491640405,295.31063458996675
2947.2535528487215,-1803.667024579852,92.49962901913754,327.6361624652603
1650.5309616060813,-1177.7930759755898,139.04240571142032,324.07648560282905
2698.13869797954,-2871.29551041167,151.47482113885656,300.4909325681562
1042.204482003183,-1883.8430060082933,40.06468317601113,339.1811977368762
2347.942189545807,-2322.9511558365375,91.53457839607441,328.12972562491933
2357.178776408681,-1466.5890689204302,70.56801062222047,336.83145120496636
1681.0315511988078,-2234.2165836284994,98.10677847859414,306.62964713298084
1333.7720691663624,-2933.6652870858925,259.79957357877305,302.6447048350541
2854.8772025645794,-2200.582699808344,106.6680574619588,297.63630035787884
1155.1652522349318,-1074.3233143110515,28.52490871657264,300.34248728392515
2233.952576040577,-1430.0550717805581,123.76113825551258,321.65813413843375
1242.0799856453418,-1903.5759290220508,198.52650546639882,320.71161998768906
1091.0973268113196,-1881.3659793757192,45.31197433151235,308.5420078376175
1612.7920909555037,-2278.7210953317854,21.177064283735604,306.39564204357157
2533.211426664368,-2263.6689697116326,165.94741964736585,297.02264636105826
1442.5727796905605,-1916.1547528375017,172.17540385644728,295.02903216700923
2162.4024926743487,-1729.3132247508502,241.41772954576697,311.5895370127583
1536.8178680114306,-1931.9374261401215,239.04512219520106,305.0907353675264
2419.430034417841,-1860.0336993677743,93.20712561642648,310.5255767509189
1449.8468890096685,-1872.7923414308777,83.6761977068719,312.6596892901023
1935.8960949304778,-2938.837024852846,210.77075505920436,316.6976201936815
1590.805386306918,-1510.0401753835224,220.49584278720678,323.44890033142747
1102.036461958519,-1019.1951924022462,255.48801593214898,298.3614208675649
1280.5202829082716,-2178.3721684016864,153.31560866512095,326.78282187500764
1366.944085074954,-1362.5038908723704,0.1319324129778252,311.9608193465853
1467.1676808818463,-1673.2691228916062,100.51620182275317,326.7521168936894
1173.2780031221234,-2293.0502573550634,26.611441242034047,329.148483850773
2201.82831086015,-1487.586998361529,60.843964825372694,303.57051733185926
2203.3283041089935,-1358.8665013066052,33.104484285746736,321.1332353392502
1917.6591664570972,-2803.7209422511833,25.161417109818537,300.81954667768457
2827.30001419859,-2509.861630154724,204.72842796219462,308.4194062223505
2061.5142716017776,-2558.290778668996,108.52693159993765,301.96174522797
2408.052265292925,-2713.935706135079,190.69315946280759,335.3600275630416
2573.1126032261727,-1556.1649660347134,191.71734983297944,307.79748455156385
1436.7802033082503,-1202.203113920257,229.84478673625856,332.9999079613056
1932.0920578558253,-1825.1773727642326,57.69727853451654,301.5820289115455
1180.9392089950024,-1870.6038169590006,63.42586484784616,315.7941361315351
1383.7465409829933,-1224.8706542888308,220.09738640412803,312.18730191866916
2424.364542621918,-1995.8320583386885,18.653967630796586,313.6134588621506
2613.638919341809,-2081.937939941373,91.3664564446323,326.339570266225
2480.902368620767,-2847.818777114825,56.15815969627624,331.65653323773205
1966.4055006135504,-1833.3659879575716,89.7232631581314,300.6339019309106
1986.7690836930196,-1404.6344575273276,57.99360809276281,310.578089150123
2635.9742927041016,-2561.5333544496925,131.63199645963627,310.588415314112
1576.8162611009898,-2159.7497369564244,256.01119754326066,303.4096612911916
1758.2092579566938,-2374.5034737004844,65.06656277695166,334.91569017916146
1299.791274667947,-1565.84009480894,200.6148883571197,333.61181855573346
2820.0670357147897,-1949.929916985964,251.23998514382703,333.50497968473684
2561.4382069959256,-1437.5718718671374,82.00496375478888,323.44855598586213
1567.3173310528136,-2978.817122988612,-2.279693019855239,309.73219504253416
1148.3920651379767,-1922.4353766237364,231.21496339062918,324.16968115235306
1031.0450357364386,-1598.6444602084096,120.2819407989468,305.7365710951689
1260.5079855234555,-2414.683486810577,200.9690654410716,311.146519894323
2908.9643368945067,-1774.9903080817542,41.03843086853916,339.3170322600224
2133.597732256884,-2895.053603464447,66.75694777306927,315.5326295180808
1217.470962246783,-1865.8733076783087,258.20961250738253,304.7918590041833
1705.6858439572434,-2064.904280739476,111.1130989474475,337.39964408396474
2155.6047152275314,-1518.3961851970464,89.62243890345698,320.63512792032026
2028.2122287885377,-1581.4196760085497,62.28651417006975,334.41138512123
1925.5942237172878,-2644.750584606561,108.39908045046445,301.43870389386046
2112.5271799464754,-2825.625490069919,62.79618670270328,329.47227417096485
2781.394474973355,-2854.0068745084477,-8.875178544367134,336.36347129048113
1909.9557542595417,-1166.2571392668208,17.578301084009695,335.37254332959793
1797.3018261313173,-1557.7252157266391,0.8201251797535072,308.23815196214326
1381.2729207173318,-2390.7438272006293,145.95920929147147,331.1752252067997
1026.6624089160396,-2700.6835438658577,38.390102424078094,334.7107299903157
2771.189719336385,-2679.9234232601157,229.86224213214112,300.3377689796269
1259.6517811641684,-1238.2612485180684,172.44600842828376,334.39126955115574
2160.3948994377038,-2002.2641911852834,-14.8969728899454,301.3891454047468
1579.0618722403797,-1489.0171818160215,113.45693163647474,319.6646000991883
1568.4807085923053,-1229.261275705443,86.18595192943522,307.49453426041754
2992.463420561453,-1086.2824913839938,-5.599978254513241,330.38822826202727
2950.530357435324,-2595.064720129664,89.31166618923542,331.14456815439
2573.736530233162,-2615.495798387874,138.186339084239,336.6575580583974
2857.995138275892,-1340.7565943210943,-13.779340071728042,299.2461165745299
1154.3475404864562,-2343.372762113136,219.3755713170148,322.9831073084882
2031.1409304244987,-1938.2975017952224,214.3421071886664,296.71295147502667
2920.439783582209,-2915.680292761484,228.0892610382768,316.7976206652026
1193.8850994026313,-2252.3509784101348,148.9278622939664,308.01111290260945
1428.839197437313,-1935.2646432232848,235.43471808453998,305.483618826615
1420.562293861855,-2955.6959689184123,6.997948448398965,308.92335603188104
2689.716296680625,-2146.4190023038786,170.26301489401968,323.82676426215
1385.6220257919204,-2034.0229119713792,78.3185125211048,307.6241023461071
2075.3627611071033,-1250.5497071325715,78.37576775377215,308.84021518734926
1182.396705702823,-2181.544837395525,2.5568766183788902,339.94036208338156
1621.7412834716865,-1913.8674003830565,197.07544680383725,304.83037067019393
1537.7686537901516,-1649.5927840431143,246.8563369713529,316.71796301418414
1233.4006637285922,-1133.7476839231847,26.999783975280202,307.24498467998694
1853.3633064651654,-2659.750475358729,39.139708900068044,304.6456987170261
2120.3371664669403,-2884.7929993929138,-14.391279036506436,306.7265035393159
1199.9791926863281,-1359.3624847251965,162.85533458261966,336.3189140892339
2962.4135707354217,-1243.951507594603,248.90737398041603,320.3749685348497
1830.7438992473692,-1673.8895728903474,39.800442092834636,336.9284188452269
2250.3318222020625,-2944.3998752208436,76.53802635147927,333.67795159595
1546.2078368031764,-2036.2058139230376,52.24286408805054,300.6694079154202
1557.847378205213,-2835.845793296498,23.693562919750576,312.57173065215716
1326.096239720308,-2599.0668442331075,67.59197218644792,309.08978955874227
2071.921366475704,-1125.1250915240578,87.62651411455056,300.60991617825096
2650.8678102708936,-2051.4344311014684,128.5636765946133,309.8907107120269
2234.0356774553147,-1095.3228098066659,109.33738290896977,326.28328215080114
1273.232023100727,-1559.206616245013,103.30454239503213,301.3322346722815
2012.1512032520309,-1045.5539585819276,144.05027775478473,333.58675337480156
1733.6514128202896,-2241.4723532117496,57.70938549855718,334.9067308363575
1158.8874026027795,-2714.89538759407,62.300652269368285,306.6835733070229
1255.3192226014335,-1382.0560105084346,19.81016897281976,333.2946338336329
1639.8753824712617,-1129.5209321085933,46.34912815702515,321.3650845017308
2028.3676355878927,-2685.8578355735513,18.24048519466124,326.7630675300529
1084.1173250135444,-1526.7529808581949,193.8044732988741,306.46641231033817
2091.2277730301557,-1685.9835563796728,-13.98384271569072,328.3544250786523
2156.5024777076296,-2010.7377884861348,28.518131525040786,318.1396350063009
2283.3866060992887,-1162.4822788562103,254.58796248706614,333.4780383841459
2383.3830332533435,-2122.0322582806566,150.8177448741606,320.7980158947072
2634.6561433396546,-1069.7021756844051,3.0460522564615466,333.36170264855576
2084.4590902699574,-2226.1104581060836,132.58758275156518,303.51094364592456
1937.6083469765892,-1210.3774605221433,244.23200305254835,333.31056733153207
1065.8277705631886,-1155.8033902996633,191.53024550911138,313.69861959469966
1100.2881048282784,-2500.2403861871644,119.90989547030469,310.2583908744853
1267.4781071944249,-2887.670376339437,119.6509665271503,331.9769909464888
1195.919827402072,-2948.327609508212,234.07693694913775,304.1390426890976
1402.5469078769872,-2360.6947028758896,241.96931464074265,318.90174222227233
2127.8008615422405,-1195.3825936838366,58.42760910182898,298.4579394328959
2019.0649208178543,-2547.308289837794,79.23451294377999,339.22131322291534
2702.874108912174,-2266.6991056422735,24.16244355413344,295.18994008363416
2614.969927072041,-1680.4579075366848,134.80655626272588,318.2986998260852
2328.4389782227427,-1036.7747064322486,240.08532499247838,303.32018375767905
1584.1133174832014,-1003.2176020836237,185.46645069321846,308.3395190547546
1839.340735611714,-1746.0183721221906,2.3604671735489617,296.56378000880676
2302.2167140757647,-2942.7460111820833,231.71153779912385,325.49124849500055
2476.4549024933103,-2959.011660122985,132.39531961562264,297.97173864325595
1451.04490418287,-2980.3151703943827,128.74219132298924,334.13101677264814
2708.175666578277,-1206.259003035901,123.08205777434662,321.306722141358
1818.467623784575,-1459.697364598336,90.31182469635529,302.7489794710619
2101.131166760226,-1305.16156407948,213.43221216130286,317.15034872832877
1425.0423924658003,-2017.4959072470324,-5.922152362758835,317.7335567654531
1485.5574536665665,-2288.4863065650316,241.7284060853964,302.9806545777384
2827.0674468774937,-2179.3754625115434,-3.6705500548698016,313.31968636118154
2458.480109758544,-2753.2862814754726,54.5442538661745,334.12667984250015
2415.906017784567,-2048.864135315617,214.56841949934403,297.4329318037161
2065.497695308572,-1895.8014736866082,194.0117737331402,328.9931649443008
1488.4658780844288,-1521.9469415855726,155.78028594592487,307.08411385779726
1175.8106824205972,-2417.1183712550383,141.37111590186922,302.88393499785604
1385.01856487615,-2670.2647412090305,249.27234145439803,338.29493095101844
2516.3364167482823,-1938.8465303924845,135.08917436585227,304.79923752938674
2992.4437442514877,-1289.3396116654917,153.5463841417609,318.31003556814505
1811.6281167098286,-2573.94578806704,175.13799486699867,338.10026088138824
2241.561428860415,-1116.3218342537762,106.68989635911764,298.5777759792584
1861.102914145748,-2114.6205205831034,103.95848312773201,318.9797154413944
1756.3493078468011,-2631.1242791215354,10.652544839927558,296.9500660271039
2343.5842593096754,-2746.4794875807033,115.98948794730487,302.7109182945854
2438.791132732661,-1120.0671034566092,40.09733504094197,326.0918200080539
1990.1335840877448,-2266.1295425818935,216.09053654282468,295.94882591303895
2535.634785340302,-1974.857476825905,117.92363542338984,308.72206479278765
2086.154896152454,-2025.5025782835155,119.78251079824912,315.58839278411534
1790.764191373112,-1670.1902518335178,61.535943792489164,308.3315442752229
2995.949133324987,-2233.8652017570935,237.69431572825636,300.60969402629615
2590.653340331083,-2778.484662168579,82.74141814634585,332.58482938870014
2388.7428391834906,-2570.2103261999146,-0.6620595621279985,307.1041513927107
1966.6453382670024,-2002.5330449941255,211.30709431663522,327.93267534652915
2838.474399215683,-1548.1852459153713,-5.838136985695735,337.649636430716
1652.7548449672893,-1174.189684473349,167.87137471608878,308.2325359598073
2077.2476363121527,-2776.2880337185243,251.61330444341763,304.1126678788805
2647.7098180718604,-1968.225578912243,156.45564014467132,317.7092025681741
1723.667296920787,-2438.0985777748,-11.941659018173892,320.0022678757296
2827.071616476562,-1095.891556221632,111.44271129319121,329.7984569781739
1306.022619801078,-1212.8920272349214,184.80453837374196,296.55090862188024
2051.4952525149556,-2983.393251087683,20.00613937443726,310.70402176247114
1273.9283713557154,-1139.1894298994569,240.436665904336,315.3491167125794
1368.5701147925142,-1890.9759233273985,185.27111167698607,310.843172991242
1919.5812863708325,-2859.231471459724,59.7523404566582,339.689031464068
2887.612064672813,-2642.0102831720887,112.60042128647915,304.06291694620427
1730.8369150490146,-1680.169385261538,130.05719790352455,316.82870313288777
2025.7945160769473,-2385.838487452059,171.93280342999134,337.0757303289808
1146.8490545334712,-1397.1846526705983,208.60913337794273,330.30993152594374
1469.2129512951906,-1597.4662005158764,15.475882417631496,319.03394056970114
1049.3546076725943,-1324.3862397667249,193.66696367283103,300.6447766717833
2533.789274861386,-2665.5694112958904,109.31695275152816,335.1313209877501
1374.1339141483463,-2888.3143328011633,131.00112836258012,298.75592936155124
1651.7248280913366,-2168.77326953055,176.3774951065426,304.9567271467711
1257.6858081718308,-1421.5104072567344,139.12377425708226,298.5184492161501
1992.667500803811,-2899.406545231504,145.00943752658833,324.60014516818194
1042.9114507544728,-1095.7873857401817,103.0048985090254,304.8942849677304
2165.050570355852,-1281.6545449801422,64.4598193519433,297.3591820582736
2757.480252424246,-1267.7158402520367,117.64598083989884,328.42021098093625
2247.630366136381,-2315.8917145751307,60.53089734478549,303.0731027353332
2169.4506168713215,-2551.1923731924453,247.77073827347124,337.1881551922638
1536.9921387075633,-2537.3907971949534,40.22713096504373,300.9215928034223
1287.6155527688754,-1844.3481457498897,147.1514592122448,326.9379725836813
1034.2975603736945,-2030.2581168621855,216.13283967405124,310.8310335032763
2416.09933955023,-2507.3649248468996,129.892050511072,323.50116186000054
1098.2001589210508,-2623.5123933393597,180.6973215426788,308.6646877329657
2805.5402858680372,-1625.1459323403217,3.389849155011156,322.3799392844523
1555.016390613498,-2414.420795894061,89.25249345976833,298.1928513342705
1872.836993566607,-1267.703383492821,105.43883146637293,308.115870165777
1099.2788722154846,-1200.484047242122,58.59197668660292,310.71108221622757
2144.3275053434127,-1763.8771730869737,2.146272105909013,337.65963218044493
2824.3997734280633,-1476.2781849546036,153.02180817764793,302.4267132768451
2833.544542795848,-1691.9892998545145,241.8684557170301,301.67841530086747
1079.0627532324725,-2858.2518494236647,131.93818562063112,327.3246216801509
1515.4559950594207,-2293.065939563535,74.08433257893465,336.10497403502615
1248.3953698444075,-1616.4564745420082,31.52194975146776,319.8492867379294
2401.057329509351,-1651.5928430287058,248.8434186964863,328.5430306319959
1067.6762064839452,-2807.9465405659325,125.14659603180135,333.02055692892367
2889.3265360267014,-1067.44491979863,186.30046150012208,297.26360488425945
1721.5098811045777,-1363.7677677213117,31.06813954673315,331.51272877982365
1194.422375711537,-1030.2894818876207,168.95218711646152,324.31807866884
1580.573595882811,-1646.4409877679361,52.395620462209436,320.10420222311814
2522.2894629857356,-2750.0942855099806,99.39097939491272,328.07073001159074
1310.3895230824703,-2331.8225469383724,183.87078607819473,300.3021906283351
1418.965703683177,-1441.8135833639003,219.45894808518284,327.25307112807195
2086.297551847133,-1517.2446189559957,215.4010618323654,322.85186307093534
1810.6797123473657,-1464.6727169732244,250.36084673219818,320.3944759800473
2216.1998914338683,-2218.9273799886705,252.77867849321171,320.4151197812593
1049.5171898933484,-2357.5946931647186,157.32342328654386,321.9175200852609
1420.2074154122074,-2872.8416307256275,239.20744734498882,317.5189947049959
2266.097924914521,-2080.628089847135,183.93379169410105,320.0132401480849
1644.1193520725737,-2176.5411325747027,115.23326948569246,311.6599717838493
2505.5453216562573,-2733.956239713488,169.6734527638127,335.41476209270945
1377.1710600583478,-1046.3344701591475,180.05093718652975,316.3229252746639
2410.142031392429,-2972.7341136288487,181.31074739263403,323.10943900807354
1957.643638009722,-1522.9803010658813,86.65993873051741,313.5989850730315
1898.7935515366603,-1588.0185377889022,123.42955424490731,307.341520239409
1179.2328151415427,-1345.938139956413,258.9363832595564,306.4912553066256
2443.1964209160733,-2566.205891670663,47.76029102950353,296.0175432914523
2813.611949204822,-1545.7310115787498,137.5626113314731,315.4575972063093
1266.1298462546547,-2538.4836283277264,-1.1954550637709183,302.8027335363723
2237.812144601895,-1346.5142414029935,197.19382926413002,331.01154386135016
1904.5878392452705,-1693.5432110851211,33.002765605285646,314.095184019841
1581.2509116962565,-2276.3775579153516,149.62735999950422,317.30133585349245
2864.9410758925405,-1275.7649796543694,96.653557013489,303.8140806214743
1945.7446833615254,-1855.2323318083622,84.43485678942457,306.5625780001122
1200.6798938653835,-2666.6829127350393,210.92749061880068,310.50876841157503
1138.6159368564017,-1706.51621665473,112.54687606412706,323.2755994013481
2927.3902288421205,-2344.2198997508294,172.4037595669971,336.3483448981652
2885.394491714681,-2555.133928445568,159.79568256446544,297.62071468522646
2327.816638769255,-2357.186942426919,123.02645700553592,332.0626827391052
1783.327562856945,-2002.4229966567596,133.48972743220713,316.28368182822015
1747.2990971222152,-1589.1077326500074,178.29004809422122,298.0253116041329
2229.047787182828,-2972.5801643303985,83.89580460782896,335.7754637483895
1847.2243692248635,-2387.929067251129,174.52011794006688,322.44044201455455
2958.4639625978207,-2801.2112764638778,240.87441672255412,312.98685163813474
1933.3132396539197,-1483.358174012179,40.170852962145894,327.26585637134497
1679.3214599097964,-2923.189628066511,-6.179675926634202,314.969675937479
2850.448356070387,-1379.6409473445672,73.36820871477259,313.24731289765197
2060.681331453764,-2369.833060016904,115.75507316593703,310.67894999744556
2092.023476940802,-1606.4475916132064,135.52309854633634,316.8254967834807
2393.520820769555,-2826.2855457886208,115.81613647843133,326.60907727949706
1254.5821760000322,-2460.5686105448654,-5.7328998908730675,307.08717181535275
1020.1766469196931,-1831.6623695668457,255.98389389295573,299.8413729250804
1701.1933416903535,-1066.0792941515738,6.396020488179925,312.02387182809906
2494.7365518406045,-1356.2620332558815,247.9823115631961,323.3720813948094
2733.522107544879,-1444.087558966236,138.8346832370527,330.8506709595815
1227.4011893380057,-1621.8335992517852,21.952250807177954,333.97336050329596
1534.1853775267246,-2336.3110885599367,136.83374228785712,299.07655848749954
1180.3206698780823,-1709.9668793412118,161.71685313285167,309.61288361683944
1537.9940422226796,-2882.2586269987914,94.6145518621821,298.11651865830976
2189.3841974935394,-1937.4237849937217,82.59938134467849,336.36162247588635
1310.174942339495,-2703.5874528979543,5.660762783141802,327.4403140298048
1789.873742957272,-1649.233424309641,9.950998578354724,297.57809685668906
2093.060806016407,-2787.398945674652,138.70774223847403,300.9489435523319
1246.019381782687,-1986.9161261290578,0.2510508822445843,339.30870207678686
1065.862412902975,-1709.1363325153436,106.41931208202196,322.3023230294677
2125.133566769878,-2657.465714410086,239.44776491092708,318.6655580693937
1464.4595633343247,-2741.162491792652,197.21337524911863,297.94703683250975
2785.873748327328,-1606.7288126749088,13.590600203003515,304.7711278769398
2119.0775549379114,-2043.0447532578396,18.852054834069904,319.1063336276244
1481.9199056845416,-1457.9277508280265,52.89627870381608,321.5982446590044
1997.5052274934235,-2140.0448600205773,150.43697445780873,327.7980974385166
2988.511478717045,-2268.754851941565,164.39977812356142,319.900552811088
1482.5816989092177,-1773.3202739515248,86.84923460874066,336.8850928093552
1364.579218093761,-1914.1866256319595,3.122442562178673,299.05601644344944
2019.2865450309732,-1426.5383132451846,73.38548593939605,326.2729454272128
2808.3600304901065,-2080.7088172104723,207.77098629244293,325.2998819837145
1193.2793720332365,-2730.6351176942326,192.05677068373407,333.43133306274177
2263.8308335041647,-2349.1259656404864,-9.805585973123097,300.3661755797196
2596.2549375579783,-2506.4601052615103,92.35339226473637,297.64809858042037
2589.285281998543,-1368.256754900725,93.33967465966954,339.1199546845196
1801.3120753083756,-2266.6329134781618,176.33590224117728,300.7779448118409
1373.7037260958657,-1876.4121308607123,246.45475270763382,312.04223399142785
1788.7693551574837,-2084.2246950204094,-0.6349841699754091,303.353593633455
2757.6456736152713,-2786.296411856962,154.16198528648366,317.0452689470663
2096.3096346754855,-1394.0795136704035,88.3950252800776,311.14095661077096
2015.7913176315265,-2128.8437388590096,200.77421756494897,332.77301956995814
2593.669669119543,-1774.342630596976,208.80026821485708,318.2126106545083
2517.2978537227023,-1915.043753134994,146.86914062014063,328.4448209052273
2966.981311641127,-1631.5881254349006,94.72364152637425,297.4007192147803
2411.910765628535,-1560.1106156875474,55.92217741257426,328.79982024845924
2478.1224227936614,-1202.5395593185087,205.70414960492468,296.97759235131684
1968.0789162942779,-2753.920210443637,205.5563415814357,324.49994325141597
1944.9157745320294,-2053.6142664643257,85.07440725421549,303.27186491532115
1084.8172431705489,-2642.541114623065,1.7524420832350707,299.1663019258158
2793.928895905436,-2941.6911785126704,10.892116348669788,314.4745540497911
2517.015037722836,-1445.148570199037,162.38208878168783,313.68157408259134
1872.8164354527332,-2427.634422059181,38.10307364682828,329.3098283214628
2570.498394218104,-1630.529581300003,13.06200664721037,316.8524296560847
1207.1852026840243,-2229.0259591321155,207.98348725921818,339.04425489094984
1846.305808075877,-1929.7876042346675,15.19738678258554,336.6014938195525
2656.276191679234,-2220.5712652297043,149.11846712969637,313.9033655474616
2484.666311573874,-2633.683108999225,227.5660938060156,321.15523068717863
2225.1082485077604,-1532.7729949151023,194.7426608149952,300.9530550618046
2614.086913857408,-2348.9890063409166,128.36433078452177,296.2106969476094
2427.5826215796374,-1192.2160580426553,254.2134002651282,295.44826767447336
2581.598232182271,-1813.3645815996263,147.3818554626425,304.0395650751684
2668.7940532956077,-2846.4066457500817,200.27322961420586,312.11742442832804
1975.425683528688,-2711.2635998108135,160.56568134616478,295.4925825418051
1864.545660519518,-2924.8082834156758,104.54447292828516,332.744996336966
2173.371457887828,-1883.297578646346,140.29127522994037,310.42026847884534
2879.9053024762347,-2248.1732300789718,253.94047930607212,328.984278292331
1892.1072025928402,-2982.759786813671,30.089710339452274,311.0485645189735
2239.40600463543,-1269.2825246279729,125.4540220860155,310.52086957898524
1969.915970718865,-2470.417081583665,68.56504142541564,300.3160687155903
1409.2190712861468,-2756.25336411051,242.30949589821745,324.13547038158845
1362.1401735876173,-1304.0235681968363,67.958885830346,298.7992841558208
2058.4820390346395,-1465.5718120010595,90.28608688900583,295.0821406885536
1484.0797222150409,-1311.7500106095533,232.4944596105993,319.5975904623894
2915.446009998608,-1172.8362990770288,253.59297386480534,314.7129060094508
1710.2018612452653,-2945.59393767427,235.9735022670102,328.87690180565613
1019.3951924522194,-2427.7309367358657,29.997159223402342,339.76742380843825
2951.3285706743804,-2098.1894598625518,89.21496107949427,330.9063942328471
2127.1246292989886,-1775.637199883372,178.46838924354432,306.49270055909193
2344.224806145746,-2429.8075663270456,83.8143059058516,329.2802105749931
2987.5264338116203,-1211.5875717358003,55.37442068881556,327.20011544049726
2166.743893240561,-1418.676865554133,151.11397766894376,311.040760849581
1773.8394383866457,-2899.7310122546105,151.046148160755,335.5954955788438
2051.990404570111,-1113.5153869607504,26.451592104125325,336.72027647014886
2026.7981075860466,-2052.902503967211,197.86912109665712,304.3259621699667
2235.923910299569,-1817.3492067036339,70.360293734974,303.5540941101426
2268.195310033698,-2958.790597588777,69.9122615172453,300.52670987723684
1699.797942244752,-1756.7850674043443,166.28706684934923,334.2176374820396
1364.139465015856,-2766.6220227862573,67.46313753558033,321.5605676305676
1509.9268960157408,-2260.4257307328303,-3.1454857221851675,312.61109844807123
1803.7776253847803,-1397.002451395014,204.58241243780432,331.49789939459276
1175.9808586269858,-1675.6061153229114,225.23281075747087,305.9174024610455
1771.2274209947877,-1743.727276595743,169.95355646553108,337.36246906585586
2724.4005947300466,-1250.3074775842395,52.74057829618799,320.2209708350628
2399.397080953662,-2212.772742805229,216.6472182828431,324.0961763549577
2117.2761546597785,-1584.1812923419234,231.22586609738008,298.6994652321584
2475.7312342659034,-2506.6095049184974,72.65859595357493,320.31079587665664
2193.785548820051,-2935.4359767399633,206.57682629710308,308.9154647476447
1790.3107308195022,-2762.833347256868,220.6831083135682,326.77481303149216
2952.0532768537387,-1423.9910010988162,5.081562150301458,338.90548818777984
1861.713567422937,-1921.0794829579397,248.384913939652,335.7720109230576
2826.2916722783616,-2094.32394555278,217.3077023204604,320.64099250149553
1160.2833907783404,-2998.415807059402,241.29217872963386,318.1739740073731
2636.4188879073104,-2542.3434782736635,45.14648924872983,295.3089726792999
1113.5344504534894,-1153.7983225829005,64.55404113142626,311.58378848841073
1103.4955335659633,-1765.8364069066631,206.5505086065662,317.29363836572776
2782.776745439424,-1252.0711280525368,198.24333560767423,308.6508419629122
2550.6389029410693,-2446.2481833516567,104.11334054677893,331.6228708409679
2272.4141346891333,-2573.769474430842,187.70086953174425,322.3848770529968
1371.095714126085,-2946.4201491748463,47.67729328033875,323.3581762075664
2998.8522910917395,-1591.527398407513,69.19613800593955,315.38852190454895
2451.7268672231967,-2804.09795375964,94.85980680435053,309.5468569576498
1075.7880120377552,-2675.158143002581,118.71035877080257,311.8561595013637
1151.6098818321987,-2055.9702262221404,172.51195574543462,332.4112439374883
2259.8099482150956,-2567.4228531521403,119.30157424472739,317.5465852411167
2782.4251723426637,-1437.622583585171,93.63731542028452,321.1028337594405
2623.6919432810782,-2835.8172576040856,62.26013965269668,305.805845100495
2722.159860629407,-1136.5652802341929,-0.46773717830176054,298.07505708006164
1629.4036469820705,-1126.492410990309,211.3530699527908,298.9630764965824
1566.9299656789522,-1425.534050441753,105.70808011891403,334.86444602675124
2415.30103262691,-2958.2175413741716,20.28202915364833,307.7507769128449
1516.306765032913,-2750.4113204889127,226.87728548097024,314.78666474100635
1778.1147239044603,-1240.2834633674097,180.77928624424024,326.7127160199851
1140.9025277107257,-1565.0224726917884,71.97582468006293,329.0896950742567
1575.4790436565936,-2954.0836956565972,50.292769878827926,307.28994193617785
1960.5784531686982,-2686.5799986983616,11.170130757742978,302.7433812502621
2275.6991865233686,-2669.13543610114,150.42059550842401,330.52438105025124
1907.0543643616063,-1360.7039018061398,48.79708309315265,310.504969438246
1115.7528372412637,-1999.162252749436,210.12396827448748,334.6580240997987
2625.514646908021,-2665.5009692462368,96.0393648974997,315.3098371777321
2254.4114867993508,-2533.7830079935725,73.19612844376354,305.4437437151406
1378.8798186440235,-2102.164058845445,-13.392882590912508,299.0588710308229
2603.420013085504,-1466.1430522321161,39.84308370052151,338.2125769392173
1722.5918176981734,-2771.1934280373293,90.94242604520619,331.2092955069824
2944.659511819174,-1494.1256720334122,13.361841852756442,310.5478926490874
1521.9197450520508,-2397.6314971677302,26.867205998876024,311.4061243611071
1732.9345654504527,-1193.2940853560467,178.5971325888203,321.0084779073303
2625.6212617900196,-1760.741700668234,124.63260185689077,322.77587020900455
1655.3483598769435,-1278.4722238056643,-9.454615783261428,301.9378672086318
2727.3705687251495,-1741.656223531031,10.177186115781055,326.96359241992786
1163.6033583051435,-2172.6205575219847,25.97914333028058,296.20370426634037
2166.370361498488,-1998.7160242942368,160.54999413795576,318.28349983449453
1682.3656666094826,-1457.7674326721071,213.10216059807482,315.6341196795519
2089.824486252034,-2726.620155399105,161.5338276324147,305.9121950346619
2868.027936073897,-1166.5421994207015,212.85167847995388,304.20968525707156
2605.315166305625,-2880.5151395874036,98.2352622516147,328.3347297922672
2066.3244925216222,-1056.1463681508683,255.71625957645136,338.22463989945567
2389.09929177946,-1823.3890983595345,64.16772187169563,325.6583413399532
1906.193672739049,-2409.0345201570694,240.690750657187,308.99873307707963
2634.985473448236,-1806.8916062695787,75.92395057228411,302.491515698436
2752.754325398283,-2086.103192569004,177.19503586683058,311.101048194644
2866.245807551773,-2038.4137809187919,86.59359708682521,299.75012096327043
2543.4029153741612,-1992.1340204221533,19.105623533612622,304.37714791552656
2296.1384520902857,-1380.1201962805221,15.807506711709511,301.37637785774115
2374.1605727637175,-1104.6234486100486,-2.891789816544602,308.94001892181427
2226.1803291467236,-2436.7368381901474,161.57952781463754,334.2742821607446
1454.1168510693042,-1361.01452100464,-7.986692873058402,311.7677080391261
1990.5151110114707,-1480.4494126658499,134.1438902203829,332.14086054170417
1789.4410038342496,-1504.6780883711529,74.96143241894553,330.17262136494554
2985.8677934398593,-1344.695171222512,154.96685986661646,337.3881718910403
1639.3803369325433,-1710.6799243142634,175.358423483936,303.36491953574097
1282.2633568545257,-2652.4319671144726,131.84231646460174,331.7319307307759
1388.8018314467336,-2490.5225779179314,184.5486071793679,314.7999810244284
1708.612793627458,-1107.3326928421563,188.951108786324,305.87012788076134
2318.0836280697645,-2757.471377579973,63.25523893693544,322.34120184957607
2336.9159148196277,-1769.4981702044017,156.26007957599825,335.258221902169
1372.141860634902,-1347.1160123783454,125.32348792500252,324.12282551997134
1653.4754665919681,-2328.1444942459534,258.0349464055327,304.19895748437926
2188.2143620393153,-1775.7317629526667,102.58193001155855,312.8116282265065
2247.696283723335,-1483.7083637400342,243.6177419813784,333.3040072483305
1114.118646336545,-2563.369340263403,186.88171581553038,336.5816851625558
1671.6744076449268,-1006.4324035635846,210.70567969427015,297.0690150585128
1874.7088898504085,-2663.718329646002,42.03684175959442,337.89305636202937
1744.3539973183122,-2502.8837928134535,207.72321834991058,321.629313726763
2739.2362413108385,-2507.398523484357,131.73728832378836,303.44732432835525
2454.4365682730613,-2617.449200619748,163.30182244957803,317.21340719818113
1359.4857449690244,-2329.882063638609,213.2432556042713,295.38283070074493
2236.7778061371337,-1888.90457031391,49.12193051193168,317.1013851308959
2303.560239351427,-1029.551999510978,54.100501205143985,304.856801767164
1559.8990806704246,-2413.022731776993,-10.376260911269057,298.1575652270282
2786.0551128621332,-2230.7932980556143,185.30707574610395,302.58998603577584
2547.2128783461276,-2738.751918895666,-5.021954818710961,316.4245902238954
2955.933120194619,-1261.2573726331145,178.2500866759112,316.48740875252213
1501.4429662456846,-1739.5917543514868,86.2083179202738,319.3831860961037
1886.2848998211111,-2848.7201425936546,234.79908905822714,315.7035498606342
2511.9946547766667,-2488.4529062059373,-7.688866113755328,313.51019637055174
2862.8744886197533,-1920.3660231545625,17.565546866628303,302.2238945865509
2143.7893947840103,-2616.3747410255196,150.6889238705627,333.1030607097927
2244.5015772963934,-2375.9470834250433,186.29358020478958,338.9990505558962
2821.998171254582,-2926.6833967954717,215.926422263136,304.3612450812913
1683.4910848707755,-1820.710515498397,-1.2058256314166957,307.1744178746081
1286.6643067388204,-2449.4328156332094,161.1329107158825,329.08065124661505
2368.107914870172,-1494.6905384050096,228.24693009547286,302.11821661796256
1942.288463116493,-1256.3878138648154,-1.2870772614364654,326.3494637593464
2203.174655228693,-2465.5350441859855,25.42407400084729,320.9514250073108
2356.8811919659565,-1336.8735704060769,46.332963043903106,296.47954604902105
1678.2459157182975,-2876.8691958382915,136.7827886472456,303.4246101319374
2321.0557758944033,-2377.593151040417,214.85318327108192,332.83887381628443
2337.0366364470988,-1084.1757483148783,12.848165486720003,332.0988942373035
1627.5427534231303,-1552.37108578168,172.44408599986033,335.95359376920794
2390.6022418868483,-2303.389081909259,65.50982385661905,333.07437021823984
2670.1045645455224,-1622.1937768454732,219.13266367473437,306.7574413738853
1455.3533066642826,-1765.1418566001491,139.2808673345922,327.3879582172765
1949.8063812590235,-2471.8461287966597,165.13279315249738,321.83499855258765
2546.7021888589734,-2135.137452461877,207.73157669634185,320.90407346860064
2860.2008199321717,-1318.9158093414576,93.32919218035661,326.3204980050658
1007.2841594137809,-2568.688757505809,76.4331226511992,337.2840647382596
1569.7599438291595,-2096.3525110296214,234.86324828268206,299.6152527917586
1121.2494254278822,-1378.2238862617126,236.7985526254957,322.5813567782878
1257.4129875938743,-1353.8263098362038,88.12249264412662,313.12760106674625
1854.980252270869,-2910.1036168688256,48.84880157183907,310.4422865497558
1622.6907537658926,-2112.802255832976,30.009821755399187,308.6382942975671
1145.4897537771208,-2695.719357226952,35.170295186272135,335.28846182225016
2489.799619293428,-1413.9786043636238,148.59127474063476,314.7358997036416
1091.3279370553712,-1265.7529729721325,254.77090501910772,310.43644381843626
2596.32834511836,-1480.7787293074866,49.11594470427946,298.60372091624737
1804.9121758529568,-2225.9739836570257,113.59168611564209,310.10185447286835
1913.7908095679481,-1209.4555185313877,240.31160651295446,316.1358951798478
2693.9073887747572,-1724.7701682598865,244.65746303378234,297.755007737866
1890.2326718831087,-1547.4678953613136,156.97560096152213,334.26212185971957
1877.1956860618147,-1009.1788514767152,246.10373342043493,298.9570151806974
2021.9702623451312,-2089.165024684495,75.42822806632925,304.67456791164375
1585.3985652402328,-1738.8874262839663,46.43808743159843,314.92650396859267
1123.2878162247434,-2928.3332408156334,165.8971176059713,297.3691730149088
2997.864285525807,-1603.2420011184086,190.01537674903176,313.773041637854
1820.1008153288487,-1285.0810873960863,63.86258543352564,297.34519464825405
2422.4362277397,-1550.8238232942924,148.42316669984552,318.1382381581822
1680.5845681471878,-1619.94506546504,106.61409986804276,328.80062614155713
1626.2984611816937,-2085.6588018625907,192.244492807671,298.88586688220255
1706.5918360874966,-2152.3193446161963,196.89285856231334,319.75696145596845
1696.5841105291665,-2740.8082411789337,61.43727222883882,317.1300660861767
1713.435582911151,-1173.2207116563775,33.38222508674744,332.34648248620954
1171.4725603090073,-1298.5711612396976,202.95706586130473,321.40507727301014
2056.620812724587,-2182.2881819735685,62.995853208745814,327.03070179475236
2288.1431966248424,-1606.3759039227793,22.33112931401171,312.8439639451426
1003.758440646988,-1686.7147023430591,106.91385892659463,329.75921015830124
2756.6515248921723,-2185.774866476788,82.18820997055369,307.7942644112746
2633.3895877162995,-1733.3643858125133,223.16776334638658,330.46518907359734
2255.45842815469,-1918.5039771068077,204.69595029142994,331.6206699149096
2788.756039929667,-1533.3828607554958,252.30601163662908,320.1310526907461
1431.3286498307828,-2507.509739834481,191.23767904570067,308.63565419959065
2296.2644171008515,-2185.3186965994046,105.58929014220222,332.01207516679705
1771.9513702898457,-1081.74812236283,256.26320049812887,305.42642464168176
1951.7744920691591,-1450.830214924112,88.42347486591424,303.66633021103814
1823.9516174193486,-2878.8903956938584,76.63722167501209,328.3053582348438
2553.2940548793276,-2011.847869941275,150.6459645426114,327.634596322266
1821.167268323511,-2916.585797443517,-11.05207209531191,328.73710281579963
1525.3730799650652,-2106.7745742336037,240.95669358067357,302.32899799077904
1657.896299515463,-2276.446415335824,174.89045449132993,333.78600381296684
2225.1611403904385,-2823.708621702086,235.0425108534787,323.46929667090546
1124.3019202929408,-1405.40671278207,111.65248674411484,302.74590152308525
1297.63904290969,-1766.2498603918968,188.2355749356491,303.9980785120471
1742.8512235499636,-2443.7131189502325,5.301964290638036,323.52202750780583
2097.781705100786,-2329.4611013417907,165.3023509633336,313.97244540679003
1885.4568178714103,-1918.8353852370326,22.12993931375395,326.8992207192312
1574.5516207439994,-1128.9395341227817,-0.029199631033531404,302.50656838375625
1679.084774464265,-2665.221501691918,106.3112133855275,322.95505303444656
2250.136864858476,-2453.254818117722,44.56508577014723,297.1145681200463
2092.3401376416878,-1914.4763753191035,210.47205975958315,295.54799034969966
1786.4317760443341,-1146.1920877571022,64.12906311419123,296.8847226070182
2750.1402534636954,-2517.470311175564,64.63775002175119,327.78790068797156
2748.5851158656615,-1710.3169904587453,197.31368563377922,337.0022454723331
2136.918090501421,-2558.85955849183,-10.09452263712809,303.7617005276206
1953.8541353984538,-1014.0833354328388,136.64452344388963,315.84321936581387
1800.3990811809495,-1588.264685915653,17.106821617911642,336.0058777201941
1045.6416681155238,-1584.1366631666162,258.6486909589374,327.16281810778145
1968.483491294921,-1212.3777129957434,60.40484917399159,302.3831384060376
2301.959299735969,-1251.576371491613,51.96946903949228,325.2078462429398
1023.2109833888727,-2904.557140219515,134.25313649487885,334.3953881565091
1160.0091426117453,-2266.258135120147,114.09221836451445,316.11128893088954
2066.440577738075,-2948.8908588701165,13.676339088807175,321.6929731408987
2516.0893320566565,-2010.3030469947457,200.1059449373018,331.25143137059115
1604.355620992941,-1442.4320513660823,0.6454237914824024,312.34749438734946
2478.745400588644,-2758.4767466578146,127.17866457296657,303.29515786914715
2367.3622756282616,-1116.2503032953857,191.55435981737918,329.23605248996967
1860.5549901081233,-1545.5062588015028,33.03531582070404,333.1361048728549
2443.7425039200825,-1635.8714410086625,21.454638395869665,320.0874148168467
2554.782143168188,-2026.7864337337576,165.54692823337783,302.2317655177703
1991.7618308044534,-2784.7556760014163,141.37562256366604,306.76039132183996
1476.2479097348498,-1873.2798222057465,107.20062286959957,304.8327795457876
1180.1362759524795,-1701.595712093739,104.26194509272982,325.92303825135536
1080.5665491234708,-1723.125999023812,13.89848383335017,322.3028970029609
2221.1936688798996,-2359.1441412659237,74.10900570000447,323.8209283199752
1545.2760547412192,-2192.109446147804,177.47159421739326,298.0981602846894
2322.919247751462,-2141.9298009620684,168.61643856427838,303.8233428356454
2247.7282536421462,-2971.527290970974,158.6413662879515,316.12419318176615
2578.7571524630766,-2479.854510017286,-4.3245995005839895,332.1741494559342
1519.9879703958572,-2597.994506227384,61.27316635131659,295.4900586763714
1291.5748398834485,-2748.244594082779,76.13689933951193,327.97759635755983
2754.2108985880086,-2906.44829539781,255.42710847448382,338.58871719675255
1993.1462564642943,-2346.466531161093,30.990964493226045,315.78931024717895
1422.0137688223103,-2556.5065331990336,78.42149592911547,334.88057804124185
2360.893542124645,-2385.912596200082,38.60197330775626,332.9989931814306
1470.6323990559536,-2566.286583558254,117.71888473489096,311.37445587211437
1737.2430813520195,-2534.570907662499,58.65044109595523,314.8365887306924
2754.3469758504843,-2926.1393487461005,178.62281322679152,312.239207445726
1390.800704059326,-2845.9597629247137,144.41401513805013,312.0151519212793
2769.757855720679,-1634.3250030631752,210.07954671259958,295.77547164591016
1949.058781258444,-2111.496172767608,68.60853392977488,326.9387098001045
1420.4988961840045,-1142.309793780122,-11.928891638007483,338.782742706735
1840.438288965429,-2367.4059805661022,181.37359227965462,312.2682467073405
1718.1641055387759,-1097.5883578907049,177.31053997985472,327.5468853918658
2237.57658299602,-1754.4432770713988,57.25752944073214,308.4482393778564
1461.6765190728283,-2511.1682358372286,121.6624141316621,308.8564882153244
2246.497878870392,-1560.044877575498,122.12954277813907,316.7547737815414
2498.4233484591887,-1259.765838934783,113.89294833327492,304.9963835612049
1609.1056434947695,-1405.5454294382137,58.64596483705168,334.6563005478076
1695.8569876903794,-1993.2273100421908,111.53495974053033,319.7843828541152
1933.9613925148558,-2167.617501183347,248.01879769481798,296.8375735853001
2925.2145697257683,-1549.4398566767936,93.55202669524486,311.86226041361886
2341.32452553216,-1058.853077686191,257.4455165929495,318.2457761854886
1401.72685796737,-1550.5288696896691,157.7101141814106,301.13627380498053
2779.029824355881,-1982.9854890306697,192.521777844903,297.63906253644353
2899.7950046852557,-1982.9507147530965,188.2435458391559,304.0659863495668
1915.0135308498852,-2988.8014839268762,146.8847414452458,302.8438298418625
1926.8043794162602,-1054.3147995805753,252.4932721175834,334.2862357032385
2964.0104922183073,-1696.0192671514778,179.76236108077407,312.1519005007415
1597.977912186872,-2359.1738025708364,44.094921932436144,295.0937143192052
1710.4708159238671,-2422.579147090961,88.44198067958584,310.13760734445276
2596.4885984220464,-2351.334276569273,159.9760494290644,296.7905160331717
2105.338417321391,-2967.822747348175,103.23583832187968,306.17080745778367
1283.1995277922806,-2896.025136834956,75.25255240401606,307.06771126485205
1991.014814217448,-1336.7541235122965,6.243490810400527,338.4833719529672
1466.5514523790553,-2359.590469560894,183.4565126032889,328.80821227024796
2396.939818846069,-1831.4095539372681,115.50555172323936,303.59058856503134
1079.0399896575532,-2613.291883899212,47.86510306303715,337.5792117080343
2392.3738108557736,-2307.528999256837,-8.694755964665259,308.15000061840396
1598.424576137852,-2053.509603956551,90.58408645487391,325.6671802788607
2145.005253492092,-1791.4073886280285,201.17755573735135,309.796158422464
2230.822617598191,-2742.2596532219095,85.5260297415275,309.99892154645005
1353.366902421991,-2200.3901249002765,98.26723839267102,331.6213321317674
2516.353166330252,-1216.2375207262185,29.27049657969163,329.1937882157859
1915.7815614167775,-1385.5811080417036,217.0818274690997,335.8596666582612
1782.0293608265965,-1482.0581785008337,7.8056451949452,320.22052368315445
1248.1080092919244,-1305.6346303606897,200.7640291890248,295.3365148459319
1227.2583505317423,-1528.0340627635035,109.35397384168388,306.41855330138355
1311.2158732615906,-1507.018410066747,256.0875025592788,311.000017797849
2265.2568189952244,-2551.869629493228,247.40499239459564,328.66861654441294
1088.0076161293232,-1030.473825226661,164.38243922180854,322.8522711527151
1965.0070794044518,-1728.0158914642764,197.07676576638676,322.4708897085825
1523.161435745968,-1772.5719666820428,49.67022185660936,308.72810814873026
1828.6646701032134,-1989.1527805150797,-10.279656585378492,301.67794076870877
2197.0487759894377,-1483.7460244311392,76.22317561985707,333.0237027299786
1196.842048605746,-2670.9079493578356,133.67745810709695,330.22913851534014
1815.4328665302057,-2558.874734704747,12.610868110128798,333.6556078018674
2971.947474228326,-2553.400119535346,123.62381715391936,334.17052724225755
2252.1212272769626,-1362.5479324633795,92.56993775740068,327.0618430767313
1521.4401707868146,-2097.4049533082316,109.85829697402204,319.9381267726206
2406.306590783469,-1273.1300046470092,223.84803586385974,324.5359250692978
2284.3330292185774,-2415.510301542341,155.11624420960317,297.1143433359863
2386.5064958190915,-2984.517584500345,196.82967571245354,315.23272964579377
2599.569511117481,-2217.3794323962834,-9.439971878372988,324.9330144784063
1430.442340943507,-1836.039233071001,125.833042609753,328.74057664774637
2432.8164780012567,-1481.2413028023343,71.43589975854606,300.23609206003874
1732.9108085499659,-1678.167050117727,113.44713866624184,323.9734823976408
2910.4808669596705,-1456.519679249973,217.1521049205963,310.3692317351533
1043.9312212376544,-2415.717858478265,236.58833620735115,322.38974399610026
2359.587247690337,-2482.621878170077,154.23275680278442,308.6273286455936
1441.2522867160644,-2179.430583472171,80.48908227091512,307.19044248472466
2517.940572952407,-1204.067679175996,10.253626934404036,337.99895763453276
2158.68728219665,-1223.4385103319473,250.7084213753402,324.8305430099474
2861.560501110969,-1955.3231510862386,115.07183145907436,311.4066878252605
1801.524195635089,-1617.5060846473534,140.11733081067595,305.71761312991873
2886.010813303319,-2120.3654547042147,105.93408242578838,315.96648114313155
2462.9966482342998,-2328.1748639783764,138.65776856378574,337.77849530221545
1981.9847972929565,-2595.163656457557,161.9755384254064,305.6721580678165
2398.3481240256397,-2787.1620628369415,-3.5156842116907825,337.2846046516181
1750.431679239432,-2572.038139442084,73.97075740447025,295.3466781567984
1541.1181409660016,-1310.7123037167382,258.3775312740275,312.87522144163995
2234.100377322633,-2295.633930497408,103.16991611419778,327.38831306734625
1416.5222693542678,-2935.6293245812967,100.67553628418571,305.4070605731081
2659.586451906941,-2591.535603631572,256.381458898616,318.9081498658206
1261.2882060409352,-1321.5304074781398,9.153563688847157,330.04927604047754
2531.2128810251907,-1485.8053592988701,105.26507330440634,315.2344688486599
1844.4530678094557,-2598.1353995557993,117.14306100655932,295.3262884960483
2718.8217968437375,-2542.9596864539203,73.9528792469408,300.028561885641
2886.0005992461074,-1865.4714944053605,245.04868400267497,331.98676944358886
1148.3635235097659,-2034.4391076892712,60.982786373955975,324.0993614254502
1276.212090445282,-2451.736370047416,193.89644533729583,329.36330774993326
2975.4854830816857,-2709.5045822148318,205.28777799145334,321.72925716696227
1290.081224020967,-1582.0901282575564,-5.122847442744872,324.52015593171825
1052.1189908825315,-2417.4533342990744,207.3034152083232,320.38486663006523
1854.4713049981597,-2629.437693455558,210.64238516208144,306.08269209603435
2423.075354240049,-1317.0068625032848,143.84572488399897,320.39453931216184
2587.7789955941603,-2523.7477293989646,65.94563747929334,311.01864778148814
2010.3162996355263,-2940.1700663911556,220.77793580896753,334.90268309375824
1690.6325715847902,-2882.8837851619282,116.8371771168415,321.0015428089888
1394.9488345200775,-1284.4558085892143,-11.562688150377015,337.4101561258521
2769.5118050144883,-1471.0292136309458,84.78643320360763,314.1579182468037
1385.026364691727,-1607.8324234925751,219.6849895175917,313.33988550794504
1900.4917825671182,-2815.2456548651267,187.38792972647667,329.16893435805395
1672.8562030886033,-1477.3427142448843,52.37558641372202,309.43765877303457
1790.887049920565,-2161.634676863745,251.13891201856876,333.3335887776887
1206.578647542779,-2266.9802605135255,173.39406303303727,333.75206244890444
1906.5075201960722,-2916.782200387578,256.442178254008,314.6085710266179
1614.29780605679,-1622.7845824936176,210.34093228871743,316.1884553866324
2081.217797694121,-2219.9159491870914,94.69175811315718,335.9219245929078
2343.6724914604165,-1268.7637190922296,115.3702860625946,316.9501142450446
2553.268245196402,-1992.0916458895626,143.5049319829022,308.1947086282268
2567.7015395116005,-1466.3278316433168,189.69192624135374,322.8428777995532
2582.9343967512295,-1585.9282829768804,33.843999199873956,318.99661561180017
2246.239907171171,-2871.32116525832,16.595513743169366,329.06460713325737
2272.5278969025003,-1761.3283078113031,47.20634648208812,317.16523089179503
1730.7768712340453,-1503.8621394173733,241.30367137837976,318.3123490346579
1724.3888775705911,-1663.3830342252704,92.93745692200613,315.14896503787156
1104.483755025625,-2788.7100264594196,-5.503537736858949,315.475732204843
2617.4897063373264,-1340.670604198898,177.0029892062087,312.2195663152972
1638.8027959462197,-2844.4264050605275,128.1696612017828,317.9782758202254
2469.8773831839826,-1892.5888105490712,232.8865114665837,319.5682814388558
2559.1440760067426,-2586.9174755891167,204.72432832529825,314.5335146058035
1050.8037783491836,-1914.9366939884794,-4.7719345855318185,337.4521450624982
1460.950027495185,-2273.392890336114,103.94018685210942,309.0476452878478
2317.327744289488,-1386.1356110755466,122.45660735751011,315.559961388155
1847.4019316705821,-2179.375974492595,142.61918951198842,307.96615172645267
1781.8924686314567,-2945.1235069656113,38.16868235870551,302.3824637412947
2521.1761015188804,-2044.3724614699283,193.29248641929755,313.014578308595
1543.4392464653006,-1704.751371549622,-9.410195928527017,320.7099142302652
1168.180810225217,-1946.450632941957,239.09196350067234,305.01199913058895
2110.987860911192,-1743.3523498060215,139.7820007404778,319.75712415948516
2647.1274723784773,-1100.5844984493738,222.9657140304295,313.6567314503833
2896.134871250031,-1542.0630577543996,150.58057036492556,335.5166250209623
1476.3437068097928,-1358.5645234103758,204.96996505412508,305.8369139210585
1355.6179362585258,-2658.171370314085,77.45610404915662,337.0587821205148
2782.079063720903,-1688.489431753812,92.16486146323881,317.8486270700198
2991.1877383582187,-1124.370140866592,194.2533024100796,325.02037510961384
1485.8238118512957,-1932.0268662829085,256.2213390311364,338.6143186201274
1489.7106245738944,-1301.3343179072467,253.40942151262533,309.58665474647614
2767.1423262755975,-2337.748901007739,109.40538374682843,323.33626971172333
2981.6663384035,-2179.519320100899,217.2189802328615,301.87346518720534
2380.4372687901277,-1131.782038552257,88.25187342749118,307.6431203918389
2079.9735830323607,-2806.22322453121,221.72076713706318,295.24208630703555
2722.2247169938,-2301.200406596959,12.572592036139728,299.5144188457623
2930.136853529115,-2190.3448783916665,218.40749281028297,295.22003690448065
1391.805301895314,-2097.3565016604716,214.1676611856071,323.5994323439317
1632.5452892532996,-2752.610233483691,34.378177131472434,297.2114901063763
2963.808260983831,-1538.875038768652,176.5575920466944,320.2200164619702
2816.1389123733634,-2049.3009302104497,24.128934597393794,295.53159443916815
1968.6513695425347,-1235.5974568140905,114.52826679953654,306.7889900760126
1632.1563993879622,-1755.8226808131335,198.8004715880303,322.8811617324224
1449.7126455068355,-1620.5356471143666,10.077127696822636,333.14358822756316
1502.7205213779075,-1287.449150451841,19.42111889963339,339.3931573758778
2440.8393795630664,-2546.2749013617145,15.880452358807663,311.19815457523487
1593.776252007776,-2939.653406908831,39.80686927583586,334.70510334329333
2804.7262784783843,-1019.1134923882205,87.87753068869497,335.8757957204689
1272.9312175764737,-1441.880695995532,55.75764706399292,335.50937127071626
1875.8795380044826,-2095.530349268251,185.87876519355547,300.9629121461154
2959.6169915375617,-1239.5795030639758,166.22353379010661,306.43867393287155
1514.8297511951555,-1496.1785235254451,41.137609776931036,330.5302510449083
1654.101772629167,-1744.382095787858,183.69921783053542,331.42124607191556
1390.9611858982946,-2873.1951401184406,-12.24989170546656,332.3230957584009
2888.090165482812,-2815.2582872101116,169.22975451728007,311.04488590027415
2293.6025791973007,-1204.3832344764376,247.6953760232929,315.759594826827
2333.4654983500104,-2810.3513547461544,120.55851696710926,306.9249158273372
2950.0103249531285,-1629.9600781695644,117.34541175129465,304.0606130393823
1120.8361035514995,-2475.9959420035957,197.50175979239722,329.68713107684744
1331.8766695845566,-1682.5789144814648,37.71992629531392,326.7065288264882
2576.5142482592023,-1518.941063411663,238.98038276280172,298.7638783024136
1298.5736669092435,-1958.9439329817612,126.10513899315364,309.52238053026076
2041.715365228004,-2812.747817656509,28.47249319850137,311.67679604443015
1523.1513815304809,-1743.5941397726149,239.69221529860295,314.95011148112843
1864.0990776167241,-2017.6428920041842,222.1311783670689,299.0261180291066
1743.7007878946636,-2932.056683859157,220.87447447877398,324.6471419438421
2256.88059953661,-1244.8226466102437,130.17663464574463,308.25979175257027
1280.445780957144,-2646.787293058606,145.8989329266785,304.3543706464624
1624.6475257998038,-1392.9962090884264,122.68767138665021,328.33528713406935
1683.9353089756803,-2642.3888855248233,174.58275626134585,329.5143396807973
2781.9480394700377,-1693.1931120562465,98.02195400549392,298.31654453463995
1021.8066583747791,-1751.6445078077304,106.3766595048318,324.21667529211817
1434.7564443979215,-2311.8247098529996,240.37933595183856,302.49499058801996
2652.678201068181,-1720.3039780131348,-11.08731576930387,320.1796430743736
1874.5915548689923,-1358.516421979767,259.46354389020394,297.15529189924956
2688.2811765656506,-1217.554679196367,50.306853939592514,307.84232997131784
1071.8717547590782,-1900.4009334363952,128.78211227251109,330.89673791770167
1520.153656101827,-2832.267238021991,141.63476932241917,301.91912848298847
1246.3792943248445,-2490.336002700223,134.23148647228982,307.45873776423934
1667.9320354722745,-2295.549987613622,-3.32890596115201,307.7909382119399
2700.8774315222913,-2297.089816975215,119.22249872755,330.89332286905255
2704.7207169440417,-1056.8793623726744,251.84262909865635,301.72989580172083
1003.1281572749517,-1850.9648035214334,118.02290753077233,338.2963724885607
1776.714885822255,-2159.8962779385774,219.94866671158047,327.72993579374554
2940.1948030388735,-2078.4597510539816,5.1631897436039615,309.9871266788114
1047.7418216617718,-1301.6896466306305,72.32432422502093,332.5460423289985
2289.1430056114036,-1554.7604901855946,23.04831319043157,332.6640309735355
1207.8493304936858,-2000.093244546056,116.48903085878464,317.87158415586714
1017.9928615030866,-1191.4432399716507,110.21919888167781,298.15692126988444
2469.4327295762396,-2478.165930297043,87.8823540935134,312.74059537996504
2883.0080768825464,-2770.028182865749,15.105448852987035,298.1710452958189
1352.5114595702976,-2106.9991563328285,53.10177212977709,307.7632632452005
2289.0974183039407,-1363.3202933775917,169.04753570527222,329.727723876235
2109.7024037045167,-1718.9396269931758,64.05028070520383,320.104929326871
1563.6594593873529,-2384.397253766429,175.0504909555947,319.7362431463756
2042.113001243024,-1933.5379637017227,256.50931095124605,307.4381714035079
1961.9330202491633,-2134.5516778042243,37.63197787128986,310.0850358666372
1800.6664781972313,-2210.8805730486233,170.78671496552985,329.24630542846285
1967.009391047398,-1382.7308664148857,80.23081059946412,311.04190034173547
2071.008492863588,-1801.604911223098,86.9942654852573,304.38086720112256
1130.7434673125802,-2802.2882716835834,256.94590120804895,313.4710534765765
2572.4919647326533,-1878.07286859641,213.74027334465669,331.6511817147927
1478.4172490297162,-2913.4463462466297,112.58002065947133,327.14952619648074
1078.466192476206,-1370.085722378155,42.28254910236898,319.2235696129542
1228.562434277577,-1393.881663685677,113.51805590658898,307.75659681978794
1548.172169816554,-1926.8320648968572,20.844139749278497,333.5121448778553
1721.6219099118566,-1248.7360028427927,130.6355775761997,303.7862948114592
1755.7278871287083,-1622.687267963861,236.1072383045321,326.2425325569486
1488.3925653093834,-2471.781038289151,159.42535561716448,298.9477163356033
2975.861324468802,-1569.2083675491856,248.89762285664807,336.1055696115352
2011.3874051001824,-2636.0441100926982,242.8618289275035,297.1168200887857
2597.6002157991466,-1593.5561108545378,237.35675900929965,311.3855764038304
2808.793226356777,-1748.0747078179218,9.398115554508948,316.79921676554073
1754.00938107598,-2935.63042036846,114.5389154518821,324.5957122897229
2831.070129021605,-1517.4379050358764,55.718903565141886,334.139173619648
1109.3659508913834,-1027.4826784728086,2.151651331646235,324.23335822879596
1622.7281093073402,-1491.670769387681,155.5194627505086,302.2433479620806
1959.8530280194934,-2457.3902553081834,179.48311960049446,309.51702203650734
1496.9580671940987,-2837.7928983427805,159.20372393356737,317.92263230465596
2349.7988266724215,-2648.418580498111,74.4572855587385,297.79109951020985
1440.3947170750146,-2534.452746869107,4.416173561698201,307.6219776937365
1927.5461054249326,-2243.922447212787,247.62390954679603,338.8755152534419
2037.635473538749,-2684.631025435,193.43203245602766,323.3416115777253
1300.9097863361474,-2794.840122629411,232.8421630227746,299.3281599641348
2396.8493204173105,-1717.2653911606585,156.99117335177334,314.7925807474565
1081.0442665866,-2993.3384329306377,37.10451404063378,319.39998793079985
1027.4080135450745,-2849.4535773719276,163.93959042318278,334.32488189000486
2450.580187419384,-2432.103204911041,-2.3389014305577334,311.0777227771789
2014.364573765673,-2444.8893559310036,48.42090284882576,331.1464788816744
1596.1335934444746,-2698.806068000997,96.90600631243346,331.3340766894159
2784.7308800298506,-2971.443920243967,151.90361126121766,306.84948502248153
1519.7032826512623,-2473.2695417112836,108.52183687207003,309.99672520790847
1904.6213143973937,-2787.8201776885358,-11.254929489011449,315.4487742108714
1136.8962420296539,-1398.6646803708124,48.173358868792775,317.5810385131349
2549.347072214412,-1683.4755676920167,239.36102475465256,295.0340981558778
1012.5824685850378,-1326.8001302761593,157.83029630893373,297.9090487136027
1946.4374572855095,-1324.5280890411927,159.99899282948832,310.03339890737186
2069.8032294790455,-1238.6365807987015,6.339535192986055,338.00817336310485
1506.5590966563018,-2625.828985998408,248.79036044908014,339.1848740169177
2007.2288749484328,-1326.4471551945812,249.67203296103565,307.48029197965866
2310.6250629074902,-1743.431062704501,137.02670568437773,326.94258618642635
2048.2369501086505,-2714.398921610926,221.29746364778597,299.2144843965368
1115.4400666369831,-2713.874962148663,81.77980766921827,325.2907028159148
1078.81854520951,-1942.0217202979004,136.41511233673774,317.24273504972854
2636.8978206446754,-2058.7294573781282,159.30095338597673,317.39582524991465
1774.386814233549,-1007.3152698382935,188.82619524677756,332.5249791081004
1685.6758312105094,-2482.3005771332255,191.50647259532326,314.5415332888306
2074.675094325522,-1209.5010393720145,88.93344623851854,332.313123772104
2185.4037920911924,-1592.6916846232216,88.67221136823399,309.7767148522451
2332.2012805206814,-1821.9477579457157,106.49035484325735,339.69729632224767
1883.0960759841146,-2519.629766003147,-0.49792702981953774,297.178903320882
1305.6242843750222,-1700.1874447189352,246.8908603275214,306.9231467822038
1830.717387300829,-2054.9671431929655,5.150364098094727,334.2301126537758
1985.230506877082,-1086.0560052147046,139.70403473164578,321.70374319871496
1747.300013631554,-2159.81234983281,59.565166748871434,300.96749528524015
1823.5499555336605,-1729.5190360684162,113.55973482801602,317.1408622420967
2878.5789837529196,-2625.8072886429027,204.02314801749273,309.43364108986196
2517.4501899415086,-2711.6039010101267,120.14632820631476,330.02430779595403
1453.7541801091725,-1604.0806296705853,182.78646845816957,314.7146485422495
2941.497339545909,-1325.2379102767834,99.38236587944954,297.4201579275953
1736.6141057036598,-1424.2050196023692,65.24675507022506,333.0343726687442
2063.7691227889823,-2118.328997209995,195.92746082419302,335.3390848303696
1755.6270095549044,-2595.348758954727,175.323258956365,319.5873244328323
1232.8935281039148,-2474.641318791686,85.82188841281392,332.46811249488735
1288.9912823166462,-2128.4285545382545,49.737614701842844,295.8106902372652
2768.2942587682282,-2904.395067409165,132.24550152036048,321.0211730767738
1867.6879221815766,-2245.203126496814,140.0466936958541,299.03153757176176
2386.498326998818,-2315.781456045778,211.99758144182132,321.98504916452526
1305.8282433110476,-2884.850787095663,64.80610897673786,318.1317402873546
2662.8555010591326,-1511.5264821456456,-7.142741582478374,312.69713690445894
2251.866632981191,-1690.377601190148,58.32566763659199,322.15893387678483
1214.1249447009131,-2972.0305000814046,63.30805581554007,298.03651162295745
1085.8932038970229,-1137.735840263841,191.31642519293584,307.7662818860082
1816.3739226513394,-1932.6443044801713,160.812868075188,339.58222505816263
1799.6431812683486,-2014.759222645051,140.43772002106374,309.480110176233
2247.3868287596088,-1493.6209412084152,107.5965901214964,316.7558148756359
1539.3806325079436,-1087.1300821554528,-10.498089519211856,325.59711374609145
1538.352346745496,-1328.6068296119033,48.203772240355605,336.6163355794408
1501.2985968930739,-1494.5818113434723,213.3658353534376,322.74101779310917
1877.4693286099405,-1045.160856371093,232.40644872692886,321.9975632396438
2876.628562628516,-1113.9759255539202,249.75943296855547,310.386499338187
2217.5957823665067,-2602.352632273912,47.51869193020993,307.23278406314006
2063.8350124666385,-2426.8963759970406,15.829754950696646,305.9403401549199
2482.7958572076395,-1173.9138504737987,62.32494187705511,317.78687034621544
1467.5505405823144,-2524.5541881241206,17.310924923694465,328.8472281144764
1234.4400809293345,-2990.6448177268203,79.78727891480898,317.00274457212385
1620.5159546879017,-2742.575593512826,188.71821581237393,304.45653382805637
2270.8155101039256,-2268.1891916885297,238.7002147910067,322.59246361048986
1120.736635259007,-2888.482545372854,147.17910011910212,327.4955814782215
2405.740126419584,-2076.2511395692177,117.33812541032697,309.6097201230874
2365.7435645688656,-1238.036883983068,46.708063714155436,321.9474596486242
2691.7796882833213,-1807.6239895597337,132.3744580826616,305.7570458296154
1871.02774633125,-2740.340674324228,233.7071624422345,301.4784254246962
2421.6032381072096,-2373.088305474193,128.14374887866927,330.5223240426558
1238.2726784291178,-2326.3701993584527,79.56647494904361,300.0165969457282
2689.8578112349196,-2716.039775091708,-14.673539136882416,297.8194126306796
2113.0697783173155,-2699.8444899563774,73.23135376703534,320.1261269411679
1061.877313589212,-1134.7095476801567,189.68959345824146,309.1943200761825
2690.5158821761715,-1510.393047006255,-12.582445504878027,326.7305941702414
1419.9147969810963,-1819.79716471667,29.855316602399398,323.3363318218985
2760.161420277586,-2039.8112051036996,4.869417360621565,313.6362437720497
2917.510644527001,-1009.3602810325312,223.0852672658282,338.3338084210103
2127.288622103041,-1969.1774762477637,52.56987998865179,299.9735536215077
2556.01900788057,-2538.070041086786,125.03567016536579,333.5578115119779
2289.9210722655594,-1004.7591672840872,77.790314028126,326.3970919216223
1794.2716730950265,-1172.4090781687523,23.145887213050763,339.4266941275621
2929.285431910619,-1527.4617764722268,152.7714135411832,302.91884732768017
2586.2951400254924,-2731.742906240725,80.86886284152473,296.98550246000224
1278.7353731229034,-1433.163928837792,75.89695070460584,303.9946690419588
1973.934578102364,-2004.6794672720227,64.87327595174416,326.00592666651715
1211.1872557392824,-2101.6508226412197,3.1565721054639724,319.05741232581727
2427.5734379005276,-2608.3039585294237,221.99441788384792,312.4295841672304
1017.4504869783094,-2130.1998096394577,192.4080677875875,321.1687006181599
1208.2593101246152,-2116.031205449588,215.08175656520734,309.6222350251265
2589.9395597475996,-2963.8712723212657,156.42828532996268,312.02190113734696
2550.989082968412,-1354.4451501214164,111.90834632806397,334.8736480224654
1186.4871222456577,-2747.0853617420485,76.4689286686666,309.34411761282803
1360.6864372236107,-1683.3456025460266,0.9945482079239802,312.1755239554511
1727.5979062650604,-1244.580659226235,119.27279873596791,331.3723960339905
1127.6854613601254,-1634.079003441036,40.05600369191188,295.87996133861736
2648.050624034119,-2383.860867860974,155.2611749587215,327.5878515786411
2595.296060177585,-1066.2037498991026,104.32972436935931,329.75416091109025
2984.270165402509,-2171.4007683533227,0.4317110317465591,329.7802811914678
1174.8876839545494,-1894.156658616528,133.92618327470785,313.30825220214194
2177.8657535007783,-2184.6762913344937,178.6596189930597,316.2480353035269
2709.123326473974,-2160.0509368432477,72.53089263751906,333.0039638065868
1103.2920961709642,-1879.9868278996084,35.5444221689776,305.93617603645794
2562.4223391011938,-2881.907631615926,31.23341163468917,295.444625621885
2120.5125368743584,-1283.5319386786305,63.14178995909201,309.7811519875353
1524.1394597787212,-1777.7176000809816,138.65501924607045,325.84796094305835
1606.51209898851,-2791.250390857868,236.93031274537273,334.21325183284085
1192.5501619968352,-1788.3053306338606,56.79809572135285,300.90135207932167
2061.4425806754866,-1599.7405032448337,99.37369866986005,325.45730662261354
2653.780405436497,-2192.679763291365,21.42302920838533,309.5667244548705
2964.306386706022,-1349.9998810767538,99.38095856932105,303.9696068040351
1050.811703233367,-2110.9227170494833,258.331262203973,328.10897677252035
1978.7702862740464,-2612.7889931822506,67.12505872911998,322.1344332715323
1544.4455240063662,-2602.1462450493564,-10.49420822471234,321.19623409593567
1131.6930614840887,-1194.4505894225135,83.21286947362371,321.8861197539754
2944.115345766212,-2261.4910683431153,251.53312759890144,316.54735836470553
2246.768413990735,-2975.8085193573907,176.50049676984645,320.31282619783354
1813.870362185894,-1235.4615881152697,177.6421992191411,299.1503559417769
1297.0347414397424,-1613.257054908445,10.202935972374245,328.6154437233161
2696.341795223463,-1892.7678240026858,55.140588850415725,310.53839269114735
1879.3003617625036,-1947.6111234851403,188.40146078908265,319.0163890577555
1280.4189831705232,-2759.448608087049,81.18925017924799,314.3265721392721
1555.088147806774,-2357.198915920258,163.22375594835935,317.0871672285985
2738.522938957848,-2906.6829253834526,68.4510043145115,303.88164122369204
1241.9612179823175,-2386.239528643062,183.26906221982168,314.4806215443846
2387.8750971924655,-1672.9241679828456,228.23888072784783,321.7169216533845
2210.12861669893,-1568.8532532918534,55.63611344951565,324.78005658125846
1507.0520753935248,-1381.3433315084903,144.06588250696333,324.0716927294682
1268.1188892060563,-1310.5824128520655,96.4658004310704,301.8007685479662
1107.5784387684441,-1607.1527252520448,195.00102034030436,311.15603564159164
1149.2951180892205,-2782.262615513196,178.5719825990524,299.27946355828885
2275.178153023628,-1945.457171500061,166.85755543436886,338.03777351140155
2879.7563847991596,-1136.3494393317262,175.69182263836052,334.26064291095344
1726.8465499230088,-1628.948624589149,170.6492029683495,304.47204326287607
2175.4548200252057,-1845.2086137253548,239.22915601760755,316.2301497481354
1035.0677405601962,-1111.9789175681824,-3.8666738067681568,324.8257670168646
2130.9975206600384,-1028.8056240374087,150.7364770616161,319.3472138209929
1434.9265989767955,-2088.7445778493084,9.751782293118389,305.4745314771713
1779.9170991472083,-1161.5909424647737,201.6307323476217,327.6303208347726
1811.4702077025977,-1947.9596133453554,120.02380737788329,317.5407224003802
1250.3545475893122,-1366.4359354903918,-5.662827788437472,313.58040500620905
1559.6461058594741,-2917.070262418605,54.506308741567665,310.7844550492232
1620.6448938188719,-1975.501850605296,236.03902184433386,300.47150282212004
1878.3951935463456,-1385.892215664271,142.74628620963216,314.84066786128693
1153.6731967563785,-2780.9458081332396,195.59231320208616,322.39078841103594
1734.8682639744338,-1943.8682567723442,131.91602576444774,315.1149643871224
2479.218816646354,-1367.078476193595,87.30804317451185,330.8976333699138
1598.4637779497443,-1257.2674823633831,29.681289708841156,312.371382098025
1207.8667282741537,-1779.6669999919343,253.28425068650375,326.34393120373295
2471.216359675049,-2844.496962093787,106.78046836046401,319.2137494173978
2340.3013058090946,-2228.4798632841052,206.3222308951717,310.02725482599834
2046.5337004572048,-1134.663094057873,26.045127986769266,317.4257474905403
2098.811679209104,-1565.9485959708172,51.19067809492735,329.7940917711753
1122.8751888016143,-1908.673431460686,5.71220579824465,333.4867547566207
1579.3642203849613,-1784.889951900856,91.78664753712154,324.3725379250952
2168.3263062425794,-2821.1399522566235,119.52832556993229,309.2208937753473
2802.370534179411,-2435.9351210088616,92.84938112457777,335.45384416225977
1332.311672564015,-2603.319328422119,158.30340020104381,296.07726395570876
2319.1840798630124,-1544.9657057978973,250.08715467211448,312.18698817022255
1403.038151432641,-2720.923532992402,3.7537690203890506,336.8348793248911
2902.9692127648564,-2444.453330632137,21.58383079615109,319.9860084709567
2447.8600071952246,-2329.6949395097527,4.21742111302985,304.51978025529684
2392.3816628791105,-1120.124097483597,21.68499652084291,325.0455282209957
2870.560027907465,-1350.3193340759622,35.33436046999403,329.74342315817825
1118.348612805884,-2577.856465542491,196.02346539354005,326.8668832319026
1326.879890107712,-1139.1445985677758,230.1585810957498,305.4938380509723
2743.3695145126194,-1649.0293363450294,27.3623151823453,317.65079068337604
2872.0993809478778,-2288.3896535730273,184.96256522018973,336.5694966391318
2202.3474375535725,-2919.169613645405,64.19994391789095,333.52688611965846
1756.7162640774152,-1694.62688733117,60.06384306164223,296.13895062696776
1261.3444029889529,-2425.698170807679,48.40738163762548,327.5601913867766
2202.902183222558,-1099.2756629512146,182.96774039456503,298.3222955336074
2719.671463580704,-1364.4696901802074,142.79752754179114,331.66209224316583
1731.2967248127486,-2450.1592948388607,43.92187381433464,320.5653871692881
2383.618497070429,-1020.7394761047406,239.06887987738315,308.95604665482256
2083.01470279147,-1908.200606055596,72.29722421355498,307.37433334968426
2417.810104334919,-2293.092692576696,106.707309003021,326.7689740282596
2864.7356990354065,-2743.8955100238436,181.74784382756434,334.17985935270815
2404.9830475896874,-2345.313066862427,191.79665191853852,331.96056032805996
1473.395617927902,-1142.3053125042277,112.97848484525066,327.15997491629844
2107.790002552033,-2316.370248194189,226.19501037121097,313.2928704811534
1380.4308676829298,-2231.7796381703993,64.63493299539893,317.42085277834855
1753.8429077701671,-2420.6446366647433,259.62330391388866,298.4603620474639
2148.5224757273863,-1679.003815698239,163.24062589605265,306.08355712224
1687.7126287539768,-1995.2377045380288,132.58056163679822,323.0807549813307
1135.2949927587863,-1297.8300436355198,138.39567209218188,321.31608522115073
2894.302770854566,-2972.514215250963,152.5096455278479,338.45296840215303
2849.6148627368893,-1913.9648262452251,70.76213958893028,329.06274717717235
1089.1172618840938,-2478.9071426722066,148.383075085769,304.84934091122864
2324.3904509200925,-2893.826478230403,69.28153281910309,318.0724475870721
1454.7894841345196,-2352.2523086522488,154.19777514809846,305.0939828978896
2026.3666560416536,-1917.2330533057032,31.052104697592362,300.6231815480173
2914.9318030676704,-2528.3151761688046,225.2518413038413,301.2025623609455
1706.5766895973486,-1699.3402022523512,205.26056693099002,307.03250598336956
1075.0272602908162,-1983.6212485134856,-6.698735483652127,325.32721413635915
1900.624345980332,-2661.2342279529535,184.70371400856425,315.9596315821881
2679.872431931135,-2044.1374728945739,203.92839752216804,301.5701820755234
2738.257529023551,-1648.2250930286464,177.53827605402753,321.0636466095321
1999.6614533392114,-1644.4706324960257,227.96299532496695,295.5264428495844
2071.3818737216134,-2071.9152985306064,228.02239735229506,332.4980040726059
2562.17529953958,-2645.1624920673507,15.026591839520634,332.13948005755844
2539.698888782902,-1932.729354347698,146.65233696045752,336.73080879259214
2966.9859940033994,-2664.2663770324807,189.35781279836783,318.78461082040263
2702.5373872197856,-1701.663869773199,102.38352644336963,327.8642296615461
2011.362658910097,-1638.496266743243,10.288435629150555,324.4991815917242
2282.245678579835,-2076.23070609149,224.08085009958185,306.27934108261786
1883.1307215727625,-2382.5278859026957,56.53814462826372,337.75306512059416
1963.6840325444953,-2826.206764711238,-13.929905009291744,310.7780316331296
2606.889835176531,-2868.79886844281,31.42179083745271,327.7248173803176
2856.679558933799,-1995.73341000711,112.73834484835025,323.5350356834211
1216.9939173350979,-1233.9399055666765,-3.837115711398159,328.8521437767563
2713.6935179428974,-1754.3344715661067,63.55864176649759,308.6754569243267
2986.2815916729096,-2706.795553599211,83.00510594904394,320.4825169439455
2521.8401068188446,-2305.0605187224965,56.13326681381342,307.6461342735311
2474.0682395778376,-2270.2393559472803,-7.886784181278593,301.7032194263193
2137.215723734303,-2684.9846285721283,96.4796813027488,334.6064697371907
1213.2872850048143,-2083.9852174433745,146.17814379226525,319.97857488773764
2860.9600777606056,-2892.0091044108112,81.1995744119069,295.45985391074953
1506.8292567881213,-2564.508049380874,122.85979489231073,309.38460582542587
1741.2407554175834,-2327.260392713075,-5.002477879922143,301.7549076877463
1400.7338821841106,-2122.0380833995277,218.86686622430773,330.14719186473843
1315.7357683170162,-1461.926456144343,77.67087978412839,328.2501635710299
2554.5296811166463,-2624.3042458595132,36.19034937953014,316.68503086188326
2918.376218648261,-2091.190134746066,116.38380349561623,303.634923194756
2107.8016544414168,-1491.0018997765974,50.15922810101482,336.1924587310996
2212.87127578713,-1773.8182422107855,119.83638691168318,307.0373339214002
1201.5732889106853,-2419.877841087201,90.48781817636927,315.1611570466945
2397.692753879733,-2133.2579406384543,60.03188633933182,334.15658693930243
1093.635095021395,-2651.2853786318656,1.877014369834935,314.2828782031436
2018.324645065412,-2524.8418937505157,204.18720322770417,324.5592563747811
1240.2136133166962,-1489.961017455412,164.6529210174716,329.1348492311887
2129.215029448732,-1444.726054863828,5.480622751868758,338.8478247565234
2835.963532196407,-2364.0452596103605,201.85975859470344,315.0214075858134
1684.4786624658257,-2021.7788939931065,-8.67832448675306,328.6079782341947
1911.3920826595922,-1345.347616723647,139.26677186674817,298.24113411463605
2302.1184267131234,-1279.0133922360503,216.96809843567135,304.92086455745465
2077.8962175180113,-2186.4394810759586,175.1503748150844,320.90198833007383
2929.273224385765,-1467.7948745004167,130.56972664937646,321.0325470744642
1260.7453294765858,-2159.721208365947,231.58415099426514,338.05503962913986
1685.2685590993283,-2504.738199102828,110.20322598306178,312.1590927839055
1922.4199886249578,-1003.7560041353024,27.803689798314565,316.0247669294037
1200.6461534155144,-1197.713024602228,163.4541122851572,326.49707443194933
1039.4509044800955,-1803.1099904034038,117.41330063325572,321.79971252519164
1669.0752758159708,-1619.9467068056947,253.1210543846227,338.41450580125627
2701.347600197664,-2620.7257813887936,152.80829186300892,307.3220001634026
1387.187971417682,-1045.9876903711615,92.26405040282357,319.651925609102
1544.9876032777306,-1395.457747685949,219.54008689974822,306.3888114872453
1798.8872214920107,-1825.1664798381466,133.14468422781576,334.5109120068256
2831.157170021992,-2706.8944879928385,134.03786202917087,330.9597639912167
2966.513647168774,-1946.0430345340726,147.02868919158345,312.2055943785611
1824.1210263635503,-2946.767480624298,-12.969158852010066,302.0334890293543
2312.772829597829,-2257.430472722997,148.53293402408778,333.77507341523574
2039.7376445212888,-1694.5654971351853,150.24460066631403,295.5708499857677
2317.882778179547,-1385.2276288079822,202.6362754781598,296.0368485469629
2625.641378782094,-2949.577457638703,130.17820648314606,322.359266778857
1846.889051297115,-2632.3135637451273,165.1788525554994,318.17959018106836
1721.6365243734328,-1470.2037033558747,194.9940785450844,309.74690860382157
2050.182110349654,-1072.7791671404286,30.34707424441266,328.4117165522033
1345.0720977364813,-2151.464591730455,198.72065727022309,324.5389235743418
2765.204012901841,-2920.335947469918,60.44572713029912,326.29472609415836
1484.8934824134071,-2483.772495169964,239.70323480860984,321.4791838433601
2651.97334631548,-2207.4713601215044,32.307272444809854,312.68225348678817
1733.436163765638,-2015.0424483809122,178.46852175909703,320.2278203059753
2484.8004266001594,-1205.401693149858,62.200969940714174,301.4043808978068
2236.4687652105013,-2989.540667163957,92.97674263461928,301.8267626394707
2112.4984935128623,-2028.802082648953,112.87506321910463,323.7024726478137
1461.3984255008804,-1307.0990686988273,149.69016600948228,331.9253041363098
2964.875518397566,-1531.6798414952107,253.17503652936801,311.030812661001
1541.7180393942226,-1808.996668647753,53.01497560106462,313.7529445926406
1193.4388806492286,-1831.6945415934147,128.92441488740755,306.79606834116333
1226.8386387157286,-1545.0836781057299,64.89933534350705,306.2816665085704
2701.132783070758,-1918.5751837867322,71.50727887675959,322.43793648964606
1535.0306836765658,-2338.275334018389,188.34499708163472,325.20263102212056
1997.6358269694074,-1180.5200381782688,193.68785881604128,327.8806157637754
1153.3277972571811,-2175.1143794645645,26.068705711820485,330.5888615058401
1403.5476778345346,-2799.9669749499035,145.58976286729734,324.2725847521993
2029.0596792642827,-1142.4992346172414,133.51264947884303,335.4804217727304
1081.0914861400388,-1938.843848268789,99.85245715631848,312.6276004349228
1700.9847880060247,-2208.5131899846238,86.27181577499117,338.9527641546701
2768.756276083592,-1024.3201194577632,165.13662967533799,337.1912040130421
1052.3944790766595,-2227.878717362557,220.0344598933227,336.4444496748797
1715.3178349375667,-1518.3107762147285,208.37222547534725,303.1124470953743
2785.160750266624,-2257.230176691239,140.14521194336876,323.4937570264217
2041.548376811197,-1542.616776014353,18.38710438634297,338.47385969744505
1976.0550945071732,-2882.986508079663,4.6316814308763234,338.75324042595486
1964.5921352879077,-2342.543427232063,203.47134998716018,307.4758875149571
2155.0448769888494,-2489.6665995664735,227.89935590072602,334.9693440422433
1108.331091384187,-1600.0104526195005,102.74639965504045,311.23418156915466
2559.9744849860012,-2784.5489262339615,173.73566725499094,306.56889534680965
2133.716846246202,-2327.661440895139,6.924974755466909,338.50324158421915
2798.7746856848826,-2019.9814236133386,253.08059059718516,337.4449007533635
2097.8541185207964,-2122.257227873243,15.641797513470951,308.4285282290914
1042.7158128419762,-1868.2314933949906,245.9341064906195,302.6456388637286
2230.756687509806,-2181.555990573159,178.09749214352675,323.83580863896145
2036.7200282947665,-2394.5329703461935,243.99929434425007,313.7208789434142
1815.8190497100632,-2094.776697171498,219.9868914715141,315.8494144715081
2602.204451240103,-2093.3190281387247,35.56958897956806,336.2140502858101
1598.3542365056837,-1697.318228081673,75.06810392896232,305.2381410699308
1138.290893812712,-1029.4001680961119,55.81490883911772,326.6152021800548
1774.850421101004,-1498.4930847179824,140.9341428635752,301.9352463308328
1012.6755215350902,-1374.342633562234,141.99068623404543,325.17211798771643
2612.2015220995245,-2805.198829566111,256.27846342597394,328.5538522952586
2840.8894976041456,-1387.9046714450114,15.957227236484663,329.5095000557596
1287.2463403663623,-2369.385377524907,16.370953244462335,298.4177662647453
2249.538601877433,-2166.1945106325556,-12.663139291352058,306.2720635724298
2651.2345632982424,-1023.2738482318277,108.00110269931378,305.685199822742
2103.599776441559,-2857.541309055194,118.49592101401421,315.40569527473696
1103.2456858315943,-1859.8323855246952,243.15290204988156,301.6810085606236
1359.4008964886611,-2344.020029361425,202.44251839311627,313.1200983957653
2845.4447604421284,-2947.69481894821,248.96164356717844,311.34763515421565
2191.981684518544,-1376.8060741758145,189.3832511980616,325.4752615518798
1828.6837879956677,-2308.3413831345765,204.4881554917964,323.69848218636423
1581.4539655723745,-2948.803147125884,103.4380616031136,336.0417053405318
1762.2257256326243,-2323.2113389541955,78.05451206239074,296.0385838164608
1638.1978070772923,-1777.7211287327073,224.38172017966534,321.24783555586185
2292.5632960353532,-2872.733865377733,192.20242186997208,308.56429031056877
2303.049164182428,-1020.548709942836,95.96917906788845,339.8179970884572
1963.8828070624363,-1722.2383906001517,141.28700191979684,319.14184767261395
2887.2243229864603,-2252.9503759216373,151.64575017424184,329.12638518929117
1460.964343089159,-1601.738403445898,213.70408363320456,319.93618987342376
1960.0194169062206,-2681.1743638647786,136.15497088425784,319.876353580888
2447.9496918447117,-2990.5222667208714,205.98191311872952,301.5940093010403
2042.7693156896055,-1083.6948109865846,108.47268603992998,314.89569856009393
2382.396516384085,-1669.5380778815406,173.52604330801572,334.2882005472256
1906.3457393842232,-2286.2122783406294,58.469777294545054,304.52549109938525
2833.788102608006,-1811.0658661616205,209.07742196440626,297.5234270081865
1909.5083920017319,-1763.0180959297566,200.51154086578467,336.18635753017065
1504.3413003275678,-1896.4902828187985,234.97858939057613,311.06779076753094
1107.5173249991228,-2170.259915316356,225.21397729388545,328.7091275514568
2810.6172701409805,-1037.3365359449251,100.04832906465239,300.9066173484713
1726.1583038861409,-2288.335296848805,95.58059797123744,336.35440904466117
2011.2225871205692,-1409.4784278793752,247.46877064010334,337.96875606861545
1973.627169940306,-1120.8306277019915,71.87788609834264,328.6203579191946
2154.0716471904097,-2744.328193716366,150.7368641610602,336.95930612239465
1573.267464283856,-1107.3454042936098,49.01570630516794,314.9173130174359
2991.773357675496,-1055.331754187304,205.80971438822255,300.7315017621343
1042.4820394688902,-2846.062664838882,141.40903685194084,319.556570602074
1048.1269832029734,-1919.5056725520392,240.19272659865425,312.2981382020117
1197.0071214857498,-1264.7900461633083,146.62498938248802,332.8914629676861
2457.782345116596,-2844.282692667989,186.5804120862891,326.142698759608
1599.700227564415,-2388.542486506712,186.570638727604,318.1449744605198
2741.329949695962,-2112.3114542845565,16.134172245825216,322.7009388850655
2180.957883845049,-1112.5466763701436,101.60084309752636,322.41569035717976
2208.3617366665085,-2850.820066585312,70.33862220310671,312.1545968095377
1899.7529450604825,-1973.4738389235285,222.75551750052963,302.221791962802
2762.0997426592676,-2548.8354073453556,86.08160912754937,295.87620464895076
1348.9120624612926,-1685.6170637831904,69.09285704777375,327.3449356392566
1754.0921866474648,-1101.3277331339928,116.58132509320981,314.6845341957041
1902.3762749450366,-2953.77963684038,120.17211596025763,313.4558734418982
2450.4175528384067,-1025.643227383436,44.352539402219094,319.3664165410435
1454.3039650439082,-2915.646539264735,139.69332155644327,326.787986969402
1401.2267927982462,-1079.700630419909,231.57636655376876,298.7916382636871
2085.4416722587757,-1957.8692293086133,199.2521319613683,307.7441170550184
1108.1203596338596,-2309.5637973059893,88.65307202669646,338.3548514978381
1055.549420823202,-2531.817280290302,117.73292242383806,320.3968865756769
1110.262736732128,-2361.2350555800904,114.46438454868604,339.77075298946517
2889.662290783519,-2377.3377036451443,214.6511927234359,333.2790716135725
2824.2229224442317,-1466.6062260656643,60.56998200513935,323.36795782403664
1533.9550459798397,-1431.1230998247513,150.00804677181594,307.0077065330339
2327.924340690064,-1812.2770911249404,-3.4985986820894155,307.92830784942424
1460.6916844170812,-2240.430763510877,246.16695112049456,314.734984824788
1000.8585241953631,-2554.9999812121714,81.6757256163333,312.73742732260996
2470.440264197501,-1486.0036775195924,43.62552754034361,315.8831584144537
2005.3281946112718,-2649.0532475024934,169.91026894912804,319.01474967266995
2154.6322747725635,-1116.4722646954026,183.171831914332,325.3215441155233
1168.1568644214465,-2776.236035386772,30.4185944475379,299.87646576079
2050.7312122369635,-1261.843357991583,225.5128631448326,304.62735593874567
1142.7111435573365,-1719.245580974775,117.72553457214701,310.42518534908294
1652.5233048434284,-1412.239912897153,218.9548282457205,333.69742215274266
1166.3228911238477,-2872.2652160680404,16.656833823052303,317.93154476349906
2921.6214901878047,-2301.544366996666,5.2307018429868,337.4342358283223
1079.3141416183926,-2805.2789168619897,189.9202584728666,296.20190885924507
1952.6406452920567,-1064.7379564545224,1.6317310622923529,318.388962398622
1306.0349487431117,-2784.4757948629613,114.47877931111057,313.67259102336743
1889.311508564368,-2101.415410795342,3.611110915061726,314.5909793981507
2122.793899866641,-2332.8524687737,50.53368615309088,310.30770429188493
2183.2238484444374,-2694.7424637278405,72.64927839299169,331.06408923793407
2912.2072569565617,-2277.4226807249006,29.59548444548477,307.4076593415348
1721.5773661184337,-2392.736486842765,32.87062873512821,310.327323045697
1945.22140380329,-1086.7461831673452,14.94032894127577,307.5065452083082
1517.4921611669492,-1364.543299807548,198.65096916933462,326.8169275265617
2828.37457466512,-1046.3901111572982,64.98609639153995,330.7038894445614
2482.22441597276,-2735.9301843728135,44.325830375550034,332.87883562729183
1105.9063451291852,-1245.8926603721857,-2.669995330024875,317.0854263966336
1199.9182912789488,-2872.727698023304,193.21952141488237,310.87215015956735
2102.4842817135254,-1973.084587622023,2.7744041166452504,320.45085467985587
2220.5668497597417,-1302.014612257303,173.76149387578997,318.0065981104666
1335.145130285953,-1206.8441973466745,35.06610275242874,328.18862638676853
1370.036434694045,-1163.215607376322,-0.9609973541505816,297.87208952234045
2011.8144047914711,-1620.093775659036,102.46338688848984,317.8293429396059
2318.7822974005157,-1666.61575853163,199.54245020735007,296.90501032646813
1773.092466657125,-1209.8788454044604,169.07442008586366,298.0587964591557
2102.725364113173,-2728.2392358417846,232.2588560482891,306.76864608550943
1708.5622247612953,-2303.454552659903,122.46319807472145,301.11835927955104
2371.8521927732318,-2740.862672685225,225.2841743799641,336.63779660310126
2059.628821021114,-1782.865495183172,62.580107760163514,321.2451888586089
1293.8643939938493,-2537.496400505048,39.83739312432906,304.63121894149833
2662.9845547938667,-2922.5314410590418,211.25878473802263,313.62309069913334
1699.8014347884505,-2609.7268624236876,242.4499697702865,336.9968783296317
2888.170699957449,-2566.7703766675077,198.9775542228284,326.88347463107755
2409.7475465074795,-1128.996537298712,198.15168829286608,322.7722454161956
2626.328918212703,-1673.729447934276,223.20879479982142,330.1473188503533
2861.621258553567,-2006.6778668888146,254.5906467590773,324.08431896286953
1949.8502311728266,-1672.646127198762,145.4899783475257,339.9688935985209
2523.96137296737,-1466.070436577766,20.1607023179509,336.84504490259826
1649.3531481497037,-1927.9127344416302,98.90694739868584,339.9869295302178
1660.9676287313605,-1149.9513825257582,206.03725263888924,328.7675468967375
2774.036468889696,-2706.5145242058456,204.98705009055192,324.69633457733596
2029.3055740291884,-2080.0015584833654,144.94791773991903,312.9051139600789
2972.8910576948783,-2924.7108923833403,203.5799879085599,300.06905737257216
1855.3948602540077,-1948.1193000932324,76.89217384409453,326.04389029865
1272.4947945340364,-1548.0343702585387,125.40262715269631,297.67644238147676
2741.246286672914,-2261.2433891566748,224.77509792370313,339.01944426680024
2161.5668827154386,-2897.846746306751,-2.2887966309221977,318.2728254176966
2572.5758026232406,-1132.614056022841,124.34620933009955,335.26146828579596
2077.744333281289,-2801.348177861604,80.80843938614954,299.01452724495806
1449.0864533134923,-2324.5317549618335,99.05339109397538,327.14099105254377
1909.5112699544775,-2146.87753329995,219.85568251634052,301.3485041013505
2144.73146038078,-1944.2341814967685,187.964236023434,302.58381074607087
2745.3914066527536,-2934.372082396839,20.73353621077041,336.2064937976596
2188.09327984786,-1921.367007493354,125.26237392526633,318.62269428080765
1387.3380617788812,-1601.5861224780076,152.71838733976813,312.69871303616844
2626.5763856739695,-2983.3126740352363,68.272668846923,328.6602242431065
1184.1484112264482,-2147.433501328538,198.48731226629437,337.0552136562221
2439.9923110947066,-2369.234535567878,-12.77853499891994,316.25380283451614
2073.3958737112553,-1997.8656914950748,-9.450333995111718,304.3434759089783
2871.191387026164,-1266.5433002377945,228.25791486319454,320.54115785127425
1456.9913993843663,-1476.8741607876862,47.23072360249757,338.8486885555357
1182.527045201061,-2351.1479792768732,134.25625722589726,321.519834325263
1997.020845864914,-1440.8330314381499,178.2296009551538,329.30086424481914
1996.5158510702622,-2862.004987629902,41.62130514840497,306.34004058625345
2748.4378170876266,-1640.3376972730105,219.99280253645625,302.8742383975434
1740.1621616492173,-1131.3907976201278,175.78259712847512,316.61335943172253
2279.073210228588,-2494.792833611058,119.8348891365315,338.40718637908986
2236.584779739467,-2752.808571753564,186.40992310273677,316.73357749453055
1622.9631311031526,-2376.442227626968,110.02606954684593,313.5434794705147
1339.3031864360885,-1689.1830450637585,240.68939916095167,326.9817520812242
2387.0018123252385,-2993.113926251673,31.105724723434058,311.01936528750645
1618.7995285510751,-1003.711524180861,58.550206281771324,338.2168414870516
1519.2643518105692,-1972.0807437800206,203.19624511842343,300.8777125614876
2479.2139424023235,-2733.5424976815407,159.9085240237157,329.9633374328777
1410.284081241861,-1842.5821742672506,52.09502544340356,303.0923137007775
2503.1320172474316,-1842.8503975945225,4.107455307846628,298.6241187483618
2050.3862394977714,-2806.9605236019356,34.920072513422745,333.9804008706135
2176.368501691553,-1500.573919825438,62.959497861360674,309.66956921286396
2381.0087928973735,-1674.7880327968423,190.19010966204723,298.8963355885853
1482.2552580921363,-2287.7484525549767,206.06634765004486,335.9764745201614
1221.2614884025202,-2443.2223016380512,83.14767807143669,331.015673221241
1227.5336057972197,-1906.3755379554727,155.17978032293985,297.4247597776842
2715.3717084154714,-1204.8746566710283,141.73209192064826,302.0145088982492
1919.3877933863282,-1003.7704333747795,175.7370938298515,304.7668146844295
2178.614607065507,-1706.9991677862145,28.740903211324706,298.65810078933663
1119.9006605989127,-2586.1806088092917,178.03946778374257,306.38482731213224
1058.5492256966568,-2872.4553687119596,155.87292051373737,321.5612243281742
2555.6683507423386,-1986.7968387301078,208.93150004422415,302.62952279776584
2474.3693728311046,-2318.932616811881,107.79785703727428,297.9184372581107
1940.291363662293,-1665.5582313660593,6.540938387236256,296.73354008821025
1937.3461619970908,-2261.3428936151486,100.01851127719881,303.2086141391419
2784.3552362745286,-2310.621883526274,125.88164331625441,314.17087188978843
2197.9481198416115,-1530.749739501084,45.48994359344568,336.14166326598183
2464.8448526334887,-2347.6324259200724,-11.36071901026877,330.11750009891983
2099.733825128301,-2698.511554671784,257.262003122647,295.83170885195096
2463.571530014472,-1866.7877792472636,221.2933167644984,309.69462308207505
2360.438645898368,-2485.3440311400286,184.8271154869637,335.176930683744
1391.6057492885193,-2987.749766333198,118.11031428439358,317.41869918474094
2337.736464732838,-1201.4871144891756,88.83174480827495,313.88834957023255
2481.3743353037157,-1881.5140176982047,223.52915177048226,321.82376501147115
2522.4478828466845,-1607.2714663197794,42.64026611469328,309.12646762633267
1735.9558321303011,-2893.564118801539,79.37373233514862,324.62967333519043
1019.4843494042767,-1757.2980361527111,162.31500436500468,338.628416074236
2099.2750903112856,-2540.7045419353126,34.35280733928667,299.046414375085
1133.4089979923542,-2646.454573353418,192.37383373883242,322.1478688211612
2158.970769585634,-1143.5995184760236,112.84214684201967,309.13518078105506
2163.4315591775385,-1353.848672781041,246.6264740487743,300.02792153204985
2031.4495035654159,-1274.645959035747,166.79005494546044,298.2223077373307
2139.279267926481,-1058.9103646380188,251.98281764713175,318.4909516797664
2771.4013210679577,-1780.334123724752,57.69770709201332,304.95662056436515
1689.4668734879533,-2237.6142579927086,74.6199341763354,327.7399954231723
1638.6988341539352,-1780.525962900625,71.89796578583102,316.06951730559473
2205.5207349904704,-1204.201690652037,107.63885280358767,327.0583798402929
1189.1227371465563,-2265.1659958100936,119.6427728309649,310.3040335424047
1188.613158563246,-2765.8633107126293,41.35796461287625,296.6277280749537
2520.2620721063213,-2640.3378231884835,118.35967595309091,297.07578910136584
2893.376933476486,-2459.6325601066687,140.86154866916206,302.877692185542
2341.9876181261525,-1403.2811529017554,191.609619253128,312.6042962105998
2482.6761480447385,-1207.8976329690645,140.53962959792244,302.02733740447593
2870.23302199618,-2644.310090979039,-3.797533525908875,318.02890409936225
2705.5846856377443,-2131.7220348559763,7.887493587370507,324.78608569747763
2672.4146694751917,-2006.2911179957173,143.87980071271733,337.8521547253248
1182.6353141071145,-1893.0099757339474,233.99050005450871,307.5832330535093
1399.806126438221,-1355.3208609432395,25.288066430649046,315.02161582577133
1659.6341228597803,-1556.314068027057,252.8635949548256,309.7844993880825
1756.600900157559,-2237.96183211901,43.40594037705864,334.31600104219046
1132.8903932799483,-2775.081247914751,84.18859568663348,306.498429707431
2787.0388023338983,-1261.6199054872234,167.06363129504234,333.2900437978288
2822.529798155356,-1998.5688344173395,122.80156329626627,317.3456736301891
1549.4159860588893,-1288.4150753635054,145.21275016333757,326.30120227940864
1589.7744932317778,-2723.9024356534337,170.78686902116166,332.23973654198824
1532.7835264689231,-2854.6263915889836,233.941614236543,295.1071184492421
1400.955642775203,-2924.418559266401,69.88857895516682,328.72467254369536
1837.9313060713548,-2454.775299722136,147.8828010892144,311.8581668582028
1835.1707850359942,-1116.6503812665014,210.0193552932639,327.3321288492786
1217.764991019253,-2054.408804590284,51.321345363804014,325.09492075099996
1666.5047522286773,-2616.7127469767547,48.04910845119588,313.6109751678696
2989.258776670961,-1363.1201105206308,165.50555466796462,321.8416167840366
2385.397965465323,-2816.4364508298363,187.45529982277398,322.47942691737313
2727.81035170592,-1882.3542763463804,236.3924452602626,300.52494845677006
1908.582575705289,-2833.338463092293,72.02296736837724,320.7020444806303
2338.8599080695353,-2073.333106341228,111.05068342338596,335.48825518532226
2143.1785158227585,-1911.846287681239,77.19560162285651,299.5819128612899
1983.7693180428491,-1782.2929007719897,167.91677386020152,323.5686833035164
1222.906824706239,-1455.5669097516993,258.5671231765978,309.5733926331307
1905.4584034321952,-1382.350070008285,205.92868503351335,334.46740946224617
2657.2692492407828,-1976.530614747654,42.5594038545908,335.56751624658347
2761.644761151625,-2929.0613523004404,136.66032401436541,298.5849334252178
2430.090164163709,-2147.369072979826,132.71514687261902,328.24647823051396
2934.4626201092005,-2818.603196284078,61.3034381245518,325.3953432546199
2833.788316973288,-1326.7073641636007,222.60015723874093,296.0400109302653
1413.2444162033412,-2855.3643683874734,22.774999781788765,307.06676568014126
1912.44264678384,-1858.3299669303983,76.49113370526747,305.9295347515907
1347.4358574706878,-1898.7861413229364,102.36727795207594,313.14346229117433
2136.009097350912,-1956.8385673028442,16.24627881927727,296.85646829937434
1999.919634898857,-1672.8840877920986,75.98846600180836,309.53572698705017
2636.250840940407,-2557.666802051198,67.9899622303411,303.4983927664941
1992.5708126885709,-2496.8353335911575,136.05154575284612,307.6893846962873
2696.7860416682925,-2796.737714679417,141.5557991104868,307.6944219836648
1594.3640249536143,-2050.7633644658376,-7.65033876326379,307.10690381570834
1617.3972007444258,-2262.8876376069215,143.00728165983273,336.9257502235811
2752.9846857755656,-1993.3889719661915,151.3385421681472,318.63134864575426
2190.4058169781274,-2023.9133920791808,74.91439770999331,297.88287700921444
2882.5450277515665,-2551.9812964014445,178.8322763290984,318.8519372588312
2161.3999134734013,-1837.2063250320878,164.962362195807,301.73132141773186
2895.9728219376307,-1910.0202892946031,67.5769881494607,331.285637808212
1235.5402955501288,-1647.2280603637032,66.33061518015238,339.6827802479923
1790.0997050634414,-2836.120383220198,54.29301749092171,305.7616377335284
1218.950985000104,-2117.2530939265444,97.81210097651423,315.22699232786823
2276.1486009926257,-1859.1947297342529,31.867063670206626,308.78311773413367
1699.8156256035747,-1986.0160141841789,48.06658618014324,328.95989941741755
1000.5432176379461,-2447.731263026144,77.3322594963497,325.1017717184822
1623.692342220599,-1406.3376836618952,60.58532095064557,318.2394216597795
2406.49838468393,-2233.324223541713,78.48781294523472,314.786488981929
1573.14300057317,-1192.7747446797696,168.9587450258563,323.77530993569104
2060.353661428143,-1492.7593267846967,31.8592112411933,295.06599967817033
2869.6174680414856,-1257.8445648408517,105.86928610576967,314.233553136918
2176.9950842534527,-2480.31762683417,10.071616485130814,333.097860426147
1972.911874547276,-2859.4157915051287,71.61078811633706,299.17163700841434
2148.9755090429608,-1960.7501959865447,117.41641534274018,319.7218841112672
2727.962960596319,-1294.2454539444452,-7.449344813250789,338.35749308661167
2709.99913825656,-1566.4609080672356,24.614444523312976,339.7404069889167
2241.5649997528953,-1243.618166053962,26.681754024216666,309.38320059840845
1560.2976381706721,-1011.7462931363775,235.342795271495,338.978902675457
1001.8098134664193,-1417.8176594399401,205.8331547592969,319.8943851667151
1752.4538609202104,-1917.508434671597,200.74309415377127,302.0685178110332
1823.4406363250473,-1182.119479368345,79.24521292001135,314.42418288757096
1307.6322312238087,-2032.8451934884329,-2.78815700984274,321.50230264410493
1268.1619611462054,-1765.1664077533162,226.37687385782425,299.04050706668056
2832.633195377659,-1729.8235108841461,72.70207473808762,302.93665787136894
2234.180857304281,-2790.4410272413847,182.3616833237802,336.8763664271406
2088.7343380642446,-2524.5796724290444,243.09841969467072,311.6403117841128
1617.9889292091036,-1374.3231235927556,117.85650933515555,328.46869326310645
1187.7805072123354,-1001.1081436334387,4.377348739861539,320.2796924281856
1261.2150400058583,-2236.913540419967,220.88288484673626,329.50612442999306
2858.3486555258887,-1171.4391023380163,70.52555144580087,329.866119063375
1592.7124765259448,-1866.8845920202973,25.530714487345286,327.70377092820553
1298.6126948309113,-2899.586687337243,124.50897657957057,318.9040723307678
1624.114572873813,-1849.277889422279,42.00789913950014,332.0439206886696
1865.6832796634171,-2108.6910416173982,257.32765112631427,311.8815067770546
2676.6633387264696,-1862.469068571083,36.69057800238173,318.59516697916115
1182.0758374385914,-2154.9273326830803,120.23677973606874,297.01369221020974
2797.854209227451,-2180.4857748551194,196.1177487274063,333.6907010964099
2685.465879974784,-1730.7972286692711,228.36177103783314,325.14862220948334
1654.5322210842974,-1221.4298731925455,207.91671341394996,326.84582135141784
1908.629498247209,-1954.5800025727442,139.28555500973928,339.43424916144545
2132.8753301807524,-1091.1625409876715,229.9743187455961,307.9645533223102
2628.85795922234,-2495.177201397457,211.21723257345846,327.79358002886755
2587.0702255313527,-1794.425269895681,50.90736735989445,332.12663968681323
2945.5394703982092,-2190.144884368921,191.43396296724075,331.21885217507577
2030.0937327469287,-1532.6298069736945,54.089994358289985,333.6543513682446
2958.339784539039,-2380.865576774385,132.18979045809468,302.0034304230916
1276.0259468632908,-1748.4621751879765,2.928513885699825,310.7707474358243
2799.0025767820357,-1847.3336465232908,21.83406986788801,317.1535325944308
2038.1343072195396,-1731.2818430282814,4.859462206123489,336.105996649585
1636.9662898913573,-1512.051978324385,199.77066536578056,311.70656054074306
2155.618790868406,-2175.759456356426,129.35243376532986,330.59981500938113
2816.091441424045,-1629.8672137348096,132.53798022511492,309.3450474379693
2099.988557904178,-1359.8643662391548,168.71832406403232,301.94349834195776
1041.5960584852926,-1830.4960104017953,180.34334755356056,306.9485902689897
1890.383764055453,-2772.6636499582373,79.08293277278086,295.8710910416749
2458.2423653514243,-2566.4633986840067,99.02329392788518,318.4035330585103
1442.1784060323241,-2207.3679176961296,140.53137615133178,312.3048949432267
1916.8572034563754,-2238.0935793649487,132.54281071880723,339.3921329834298
2768.6627566144334,-2302.6971918034196,92.45978560320317,312.8664060018317
1873.6355811056274,-2602.0625456616303,1.4287996531344085,300.991342180481
1212.3623457284248,-2944.1565106216854,197.7526746814721,308.0820250097572
1214.1820214083416,-1913.6311870544166,223.45659995444666,339.65316731075
2941.7197922639057,-1100.5746709815642,247.10536284364252,336.1158057632036
1066.8740972881212,-2410.0466233091975,144.9978560683815,330.2964394819145
2722.2119826306116,-2330.4231947421067,148.9888283709088,306.80027480150267
1700.294153278528,-1696.0429829166783,-7.7170371618920655,319.9892101214338
2174.451601744904,-2812.8928475853554,36.173627801411406,321.6345913286186
1539.5838279470884,-1496.129813705921,102.28916949243138,299.7391719964814
2036.47339972222,-1038.4776117970225,15.62800290184158,301.29418626471227
1671.4812843077916,-1217.4073112393091,213.8330225682418,296.04075057341635
2858.5651758269164,-2699.882998532152,203.1901150139419,329.2092335065968
1806.6744027435166,-2451.882888727727,171.24173748189946,337.9519243803178
1671.455574740669,-1565.2974613512793,3.4791130233307115,330.2901284882074
2767.9031494245555,-2705.2340046492536,213.83268151840593,334.53104852811674
2205.865110336027,-1430.5604108767473,198.23376166981126,329.6516109936552
1980.3235464958009,-2432.6515276884525,-5.603123334725751,304.0296524667165
1771.3283599596198,-1928.0644030666294,177.81036805223172,309.38764882096143
1809.9805858341292,-2726.2685427429114,64.75526903642331,333.7545639147444
1443.1187184330838,-2459.9279980415085,234.0910489869428,339.5909520839735
1172.8423410075893,-1708.8991345809231,34.60465067728793,302.1591595610603
2316.03402441457,-2519.52292869116,116.56173921228134,331.0847652664225
1600.475586510515,-1855.470766689807,247.69770857532626,298.7219094883195
2548.94101441506,-1915.9074403311197,-13.189025420848283,308.4630861864543
2032.6996738215935,-1326.6426007052946,244.15831166514766,304.241505640916
2246.9745255185435,-1227.3919632474774,225.68886520749297,295.2341090307374
2001.5362354091094,-1717.9840577916575,60.398145064985144,298.4290016222954
2294.445852899306,-2681.64536867528,49.621117297496085,333.6897466090589
2390.9400645198475,-2151.856062961242,6.280642119363694,331.15088490077704
2469.9184165369015,-1336.8796157058482,78.94917299220582,327.5938592204518
2448.883529052264,-1388.917878794047,15.965720158983085,309.48376826492887
2243.0899675174633,-2932.2419592995416,119.69053185061136,307.77408437208874
2507.5450809386793,-2094.9977006290296,136.3346603988467,314.2701021053939
2202.8135619574596,-1712.9451216188995,0.6140699068977131,338.0781822343831
2167.275665230548,-1643.6983190812768,18.41874900112446,296.6078742753356
1824.5598757596258,-1941.7371598892387,145.27480322611203,334.15672733689945
1083.6247173163965,-2430.107757085636,49.25407780175074,307.9733384753707
1140.1888928887245,-1944.327733705547,-1.8200030925509374,322.3461328017985
1635.507241307107,-2704.678764180594,114.46157065934534,326.71172022747805
2057.2695500557033,-1731.4338626064816,51.68288832700631,298.5070909135213
1329.7769997959747,-2833.5877286908053,168.48204169969017,333.3554813544906
1663.8634658609685,-2286.1042861992432,200.93152949133312,296.7468675615876
1370.339849164087,-2624.4017254024902,142.5621540667679,326.25512470656616
1329.0625482663725,-2337.83162486141,189.4905250357558,322.3093618045097
2132.724257428441,-2564.5426487893064,187.0605611332289,337.2384247373981
1841.4118672908407,-2834.3915132955235,84.49085751783257,334.90054703329156
1651.4502130571277,-1801.4487527901092,83.7577185860035,307.6100839625712
2788.5563506726407,-1946.0607958827898,45.52856151554152,305.7147805773744
1616.847079784291,-2938.3624421814075,202.7266663368706,295.8126402332916
2727.14034928989,-1693.5959069985681,165.47268743055974,318.5272014920094
2714.196522032171,-1868.3882858158597,27.611322127952292,330.49865668736106
1542.455833418731,-1478.4633890758255,171.98491925077425,300.9847039456547
2120.4613408975606,-1472.5374940497318,206.2949968034817,322.80010846858556
1503.8110072053842,-1917.7665139158914,-1.9302161989184636,329.3011492819945
2028.2013414959827,-2362.4144454913376,228.7747848495781,328.39993593485076
2314.6341655482192,-1112.775383354012,127.73615429469703,301.2389775611964
2506.6912371868875,-2035.628951120971,53.41276356306389,319.25152872669275
1224.66627787966,-1470.9115132119177,118.23195357639688,339.0265527907021
2895.4308957152043,-2711.4267962782806,235.95550682175886,330.985254841414
2886.2215142342448,-1229.334882021033,106.88151249133497,306.6294744774361
1715.9334666208515,-2905.536143959987,197.1634129047711,315.0953454200355
2896.9045950569716,-1893.5121790141127,52.83499007376811,330.7177191601434
2556.909738738688,-2075.3501628765466,164.6053479679779,308.0377711728659
2583.955733421998,-1303.0937213465097,59.24420124283944,323.67388569973326
1836.8825797715158,-2935.822601333677,35.75415876472638,305.329832602353
2823.3339649726427,-2725.7939674453755,181.42279419129403,327.07364101403095
1050.211907520005,-1195.9129226790494,228.49336340212173,304.6865025751166
2981.4014827045967,-2037.2248341223083,107.66357293290082,301.8879477601275
2937.798707287513,-1199.7129249903262,228.69960811513613,301.34932145309926
1307.823573708306,-2389.076495666876,240.25033806220074,330.99946295819177
2032.8703049232636,-1297.7978686133038,28.337252970307816,316.1081980680443
2004.5547098703296,-2811.3457057262153,76.88539698951614,297.5214835836148
1543.1911952502091,-1563.5678329365628,239.86074471709762,321.7915718844422
1371.1457237164861,-1661.8954176750299,202.11534590009563,304.49816858792366
1567.6494796591496,-1324.3639655152983,59.4753298910376,311.7132186235471
2189.192355874929,-2651.0480754692135,129.2247687645009,313.35042050812
1151.6825411104862,-2163.6259869927926,25.2188642736553,295.0718105187216
1229.575554839434,-2832.121246399024,124.33374823788972,312.1959688433386
2382.3546766451327,-2873.120388077555,170.3807058627533,327.7155850467311
2488.9458459215516,-2272.212968758253,74.15008452335502,298.2853209431261
2296.7924872233,-2677.9332211446913,197.37860193801674,324.17412273346304
2688.7941867086065,-1201.7420147425119,191.69422091800678,297.7859997265534
2920.569239466623,-1576.0656131309584,202.49214319871538,309.23689885151623
1575.6103436761634,-1703.8750069918583,49.94059532617359,295.69384138268305
1327.8018605112513,-1525.0062866997202,49.33509345096732,298.93539711965497
2778.3713109243204,-1674.5567443651587,240.01656949232273,302.78401226585083
1118.752869238144,-1458.8342170413973,58.5873644318647,312.6707908867079
1845.9723767490245,-1876.6258048845525,155.4217293035976,328.2172487944446
1585.4834271238346,-1233.61702657531,158.319823276522,295.97740612060346
1563.5459140036155,-2509.625420663545,186.6493213317726,333.0777044225937
1780.1999470877313,-1930.2332589009811,49.97688655188762,310.4405653686611
2849.275451958253,-2849.1923852279438,62.588386335258036,333.25911932151644
1910.1164706618229,-2381.118062623807,86.23516160639308,322.6706321371861
2958.585604506863,-1183.0587575400814,108.8747857997531,321.98106186784247
1517.692783922978,-1564.7580547059774,204.00532027539978,317.15762045482325
1287.0572877726177,-2952.254827450325,227.8326048496928,303.67049463768524
2688.266658891858,-2307.9216852045806,53.11964074973042,315.3245717452238
2469.6712545563423,-2162.1913158390034,118.40216499693577,330.44783640400806
2982.2975012468887,-1023.0400065314111,162.08666834307843,329.98117424447815
1498.9771668073631,-1433.8728825671715,38.602070524022196,328.82386403385095
2372.82308032976,-2512.541564384941,168.8139681075406,336.5068294607494
1697.7590456227158,-1741.409412770725,46.97641217202508,312.8515934491688
1562.7854077977163,-1955.5122521163844,243.16211159735388,332.8006149936846
2185.2335381180437,-1682.4986176473667,12.9144417681557,303.0199431200779
1994.471096570809,-2969.089472147522,21.848504165329658,321.18211373678525
1298.1130072491483,-2029.6115713597324,4.159786544789519,324.2550788305681
2383.361808025795,-2246.4272383556827,126.53826672312033,315.2937218187563
1931.1065163623932,-1622.6043750092379,44.46125605321931,327.4645603181132
1273.1097067419591,-2653.0558128009566,199.01286139921712,332.19745545837577
2512.4902706534936,-1683.1402952392532,151.55225398600814,296.03474357030734
1151.5972311602525,-2726.8426603095386,199.54605961022045,336.99748670671113
2481.811613598555,-2876.1489228365754,76.81328272218286,298.24044963338116
1161.5452951818665,-2513.634609778548,30.45127467138964,310.59444024504523
1363.863564658063,-2518.8640256303156,64.89278905549597,328.3723521069152
1480.453360776937,-2881.070791730139,4.60737526412629,336.2486418703401
2177.9636440476443,-1729.1112556184928,257.1844156666731,298.82621094845234
1117.2111450015068,-1091.6188223766328,67.63240689481664,310.27894958006107
1217.4985487637277,-2725.905910293171,219.97652416562428,309.6734354108175
2334.8152188673894,-1812.269445674424,249.65649178676773,318.36633516806876
1816.276569318863,-1160.644837935313,-0.1281157356792164,301.9704764354088
2995.918348944348,-2400.5307368765407,127.07428533474669,302.13913814434926
2643.326837575101,-1250.4252703987777,19.510685493805077,308.4716307044106
1081.8356159922805,-2684.6016486032963,141.6163498796477,335.2715164640492
1694.901533580206,-2394.7799179106123,0.7689393527427217,317.76818533980963
2591.445644987847,-1050.8091778897196,-4.363280290352714,306.8591987235669
1319.4623118253658,-1367.448934365573,184.64549827954167,330.5081655452813
1759.536806432348,-1582.5950151308393,234.97524373064292,297.6535524829849
2376.4973450658717,-2486.4091730072914,116.74464775543632,296.0739650038027
1432.2310091563077,-1878.1889093261318,208.6846085043999,327.3811343272539
1667.6064135512397,-2712.609831027761,225.3876355435841,297.17279628683707
1599.8886744812742,-2271.9870827757322,52.57769251551869,309.8462033442033
2601.584806026276,-1115.2914892373667,146.12211978320136,326.1186469925964
1765.2305756749556,-1193.54572739168,118.14324058567519,322.2294125698649
1285.0549228141201,-1207.9784488075757,134.9096879727549,318.5319814126925
2314.9640476906116,-1448.832539924863,56.61099420389864,297.681024043802
2688.2529630923223,-1348.2119431820004,166.3487114901449,309.47340822175516
1385.1199040263664,-1046.9458906326379,-2.799378712590311,334.70961591943905
2992.019640539098,-1250.0164504871568,99.06901410524083,334.65248649027586
2494.7090049829626,-1614.2616834797343,181.58412501787583,303.1715194344138
2447.0728905070687,-1342.4210037262758,209.34489884339408,334.20486361610733
2086.1551239283135,-2643.0174254609346,27.09788454378001,296.9231424112638
2361.4310401921775,-1761.022116264503,200.43234330551826,296.69785617689746
2307.3587713235615,-1914.0483006152247,106.37074763628098,332.390018990376
2199.8763354387293,-1007.4900719341506,31.745068314392896,323.59044830895266
1483.7650696875914,-1420.9185249289917,-10.566830812459674,328.8227195146637
2428.877516430576,-1350.9772837001617,93.32257380148127,335.3010431352363
1484.9844002446857,-1053.2841034455323,46.412096135269095,325.5999184279565
2604.23271561532,-1107.417306382181,15.531310006544178,308.72623043033764
2397.321506763141,-2006.095840367693,135.8720085821607,309.6449090261558
1150.04406717334,-1740.1044435888111,189.31831771227908,304.83863974040224
1988.8202198455158,-1921.065667042857,240.660106521867,315.96421566102435
2731.435987388574,-1923.6571285661691,241.52922032497645,327.9108441885476
2486.024288340269,-2304.2653041622625,51.35081262414606,311.4023363465647
2754.30287796626,-1302.824444403133,201.04684130718246,334.2202470816626
2961.11282748541,-2972.076213797554,154.38091464012638,296.23036665261446
1886.2081320410934,-1291.6382822431983,24.357430220895665,304.3215052924591
2929.2144131044797,-1909.7677700278348,158.86063011014286,295.89404520201145
2832.596971278807,-1426.465227388677,174.26119001234102,317.2491562361891
2176.4300846992055,-1003.0442161870535,244.88704556055222,321.8000978442594
1127.8743596996587,-2269.0778031298983,253.1621974183917,303.7998896849506
1953.7669161628091,-2343.845289285847,15.710676275322129,296.8041837494988
1860.3221792016184,-2430.337236875306,98.14390245585973,332.23959775294236
1672.1428555524794,-2916.098568920355,245.37510125054098,323.28408676151093
2947.840297027871,-2068.3108602243137,147.44921650037944,326.24123622855694
1970.6815078236045,-2942.6578417087508,12.733532823775679,338.6803380794611
2326.000923608326,-2837.8537947481614,105.0196395648105,338.4777130004884
2221.306012585835,-2438.9275259610404,97.15225774824415,329.4487950775937
1678.8743351694502,-2757.516376991753,-2.408287294537212,308.1291779382494
1972.126232965499,-1438.9785327281777,174.27262439061096,314.56925669030437
2847.7518188474264,-1066.0377568470033,114.5728760076573,329.9099370068063
1433.4964196431172,-1914.5275861236255,152.2011994749977,296.8877806996012
2266.5101253508365,-1540.3651761858173,106.01976695332662,338.7859459454594
2439.734671861361,-2883.0318042132703,1.0010111996444166,305.403588167915
2744.2496737512565,-1088.0162866661233,9.31855429470427,303.86076850071044
1118.7099431545716,-1268.0788827531085,155.9398455719159,301.5342653523159
2673.394545970067,-1167.171730584972,23.933067723486538,334.8196148819171
1246.871860270825,-1720.8463214566418,71.17134655599016,301.8959383043581
2220.626101559365,-2418.3517467338716,-2.8337700862867727,336.75493110072193
1240.6638274619563,-2467.7475043247114,156.96789933130606,297.54268249538865
2171.684891227388,-1527.242752965803,27.221038895603613,327.9294915765957
2046.5925004393873,-1158.5084666927632,133.5263597560613,331.54663837958856
1290.4912366228682,-1982.1111707656078,13.033053635137932,336.8389616511169
1377.320766679904,-2871.284820362349,225.66334396829066,298.847476885646
1340.6591497876823,-2553.35847053057,78.42677788502195,317.4606704731792
1831.329737181652,-2056.624661097917,-7.424705062867801,306.95782810414835
1117.6826164202482,-2410.457446423634,74.70430670764506,335.8225927167094
2807.870836959657,-2160.7072765154053,89.05677404050019,311.3573481420973
2374.273343338248,-2946.49322989538,75.14523941963398,310.68391628479503
1246.4276926538444,-2585.3581640172724,1.8506344246667261,311.37106525941243
1815.4104386366262,-2695.229764153848,73.5964450325142,316.1718261025879
1564.8465392147082,-2456.57921484059,190.10155378073839,332.9736258898212
2033.9232304218522,-1096.4476610175777,72.36294477242475,321.8558652312403
2717.419665081872,-2042.8219182409248,6.235598750408045,335.8620817685006
1827.944392821294,-2610.9175132453274,254.43430431976623,296.4146802767957
1956.4635588216415,-1716.2563387059267,163.13251230118934,322.87192624547106
1936.8432849974872,-2472.668933908218,42.10662412820249,334.34872875763267
1542.8363513756517,-1416.090512789395,132.13235254390344,318.81448556907037
2488.8094840040103,-2284.512142275393,108.42027632155214,301.95867940492207
1811.8122610734272,-2826.0206032681426,31.65061570320261,312.25199658602764
2441.2082745896632,-2086.5617789085263,254.65378308357754,335.0653835583097
2711.533820804501,-2249.968508645805,32.55402298371335,309.49108710470847
2390.4527926290666,-2031.0184614846594,94.05510300560691,318.2757313937487
2643.692822473832,-1771.4419652207707,26.527626718333643,304.697810056514
2316.968227294821,-2592.9748442081036,189.17918514654448,312.5902477323913
2035.6644136790505,-2963.428175872859,241.24770080347383,314.1522588588726
2026.207948424353,-2686.3552123810473,15.238740112070133,300.3260250928162
2703.76171016846,-2151.0439637575723,74.93705858411832,316.4392213925288
2216.524802050956,-1501.5795917945732,243.99603757660788,295.68017922807655
1267.1253727861738,-1002.4123236448227,-10.717567075226937,300.9181162621834
1331.736823277214,-2134.5065399366913,177.2155989350685,333.2970494882534
2289.257497828474,-2794.827923550994,186.79545101894468,329.30163332856824
2854.528615640795,-1837.9209758811007,57.10480787239831,329.47052912823267
2035.6236324050944,-2005.2038122983213,71.59821702618801,337.7113346923898
1849.7035217009498,-1315.120791617405,144.94926029836537,330.7062862681381
2479.5179308286793,-2655.54415780473,199.65449924590172,318.9967496558313
1242.4508295490093,-1189.2103565064504,56.82219093621325,310.13178347721987
2378.0852515962356,-1580.7407975770527,162.79048129189724,332.0154631842035
1217.7770607989562,-1301.9252459079553,161.22956639835306,312.0959150641062
1382.7010421637333,-2645.1676379867895,162.2601150078827,331.4951958465117
1325.8149484900748,-2820.6184934579937,141.20219852612303,335.92670357584313
2370.624271112302,-1370.3478642445252,190.34960748268125,333.77769669655396
2500.9186970851897,-2559.329609975394,179.33541903016214,309.5628372166146
1699.5196205921598,-1828.8372951196543,164.0560856741196,335.13005063022615
2258.834422782297,-1923.096653367004,228.54881564730357,330.50045716899757
1655.0223091693379,-2669.699964513753,139.6560590128665,316.8608151516013
1461.8271838837109,-2393.7001256348667,161.93917135846493,326.99939208977884
1884.4664227741473,-1462.9310940083476,244.20581702940018,331.83137120810653
1415.4059010995766,-2414.1485887280796,67.36718022796205,304.6197389698004
1378.41723546999,-2976.875616298924,102.7962592132481,332.7374763783464
1520.8391757248087,-1140.3995457870749,53.634070519357365,339.6510726377233
2496.1378555679225,-2302.088019725051,103.4199264630787,326.60281831167345
1786.4805713576645,-2091.062319447063,115.28436568628268,295.85497560689197
2750.184311672958,-1767.7841716845471,154.13252729150256,310.0186347181019
1171.929304445404,-1184.0414124602494,170.9613403752905,319.63911073414897
2792.598133274201,-2520.4980744293457,78.77733109312479,337.3974439514008
2481.7284543297355,-1414.7729961829718,207.51358958076864,336.76813582029945
1814.982957873923,-1266.3587813949664,30.867948461970173,328.5064671467974
2280.8447176763093,-1258.598743817557,48.74540970834892,296.80209929471965
2497.9516805841,-2900.908663295807,246.2361083251273,327.75286137752886
1515.7661204312908,-2454.4366466773427,204.98997953809723,312.9334549105582
2133.6395022200713,-2739.3216693685404,1.5997480792573207,315.0336145090652
1848.4383172244645,-2961.767899350756,216.87999363341257,300.6526698483452
2107.01271927649,-2678.727078701134,-11.989381128836701,327.23622872044507
2333.7784152690256,-1793.63253631579,222.34314958306794,296.30866801494267
1341.3626954942692,-2100.8726581809187,253.18209439242491,320.6854125203071
2047.8352789702503,-2588.6398011331266,185.3205146347375,298.45833288759115
2810.2293175049545,-2226.13782000265,193.4676974397873,315.09336670421203
2138.5747410975337,-1283.517312387858,232.1512160030377,303.34328051663283
2322.4080567845804,-1591.2728534567157,210.03566101244994,335.5252795897239
1996.4241532952433,-2876.6952861541067,62.042235434900974,334.6407647207061
2862.143916089889,-2171.146432348398,-7.618688171198837,303.9565116519788
1630.8168617640129,-2740.259574330824,216.32673459161916,313.55944562092503
1886.8207504918826,-1115.2342778576615,24.182922806217654,299.12239686538965
2243.14076217173,-1392.647826338622,237.30360285041223,319.41007394040366
2870.097959032386,-1560.576023913085,179.6828568415716,314.4841107869091
1442.1749783634232,-2555.4290409307227,248.3499452862306,312.5761406202721
2936.3103088506396,-2188.9807961227966,-1.670362489109701,330.8958202192868
1675.1637113112156,-2333.379068193763,33.03849056751407,314.65985246467824
2122.003870397662,-2988.531887357422,127.02188071643931,305.3605738072001
2575.081748326076,-2503.891515221948,89.4689877710198,315.40009404330607
2750.020777336753,-1786.4761314995592,-4.136612772445609,314.8835036597367
2860.455799055939,-1010.1299295434751,108.0495391589077,299.62977368513515
2339.667889324603,-2055.267175706334,114.59116181923014,310.3292455815734
2481.4643929664417,-1335.284841188861,255.7758817350466,298.94957395407476
1099.4624107058082,-2622.7756399613577,59.085316748659466,313.0413988050795
1483.6133873619262,-2377.729498515948,-9.238822593274467,317.2039639535471
2550.551601718048,-2589.820445768097,2.0588439221346206,339.54605218874633
2632.1502374111724,-2282.7589301863736,130.83171957270272,295.02727269391227
2766.418123934176,-2331.851039627646,66.66363835447969,303.9962980462032
2829.2666082857713,-1886.689112293079,182.5772530813216,318.4557949955256
1245.1576443743654,-2024.6936386436923,4.311166600091717,325.7921104495329
1640.3418003536497,-1817.1972667591529,16.508992854430357,312.03366716898597
1692.3415341795235,-2872.884646053162,125.66299184639098,298.50176741715734
2034.6958322192104,-1295.1482616476937,29.25466770589766,310.75138481104943
2250.0435659412633,-1813.228202216962,62.112670261157945,319.41299512250475
2874.7973771480097,-2157.5161244794526,61.60014463884558,328.9126373529443
2828.963126057449,-2015.1600144591785,29.163859960507494,309.7063887297801
2816.5434350104815,-2214.4759302282696,224.4070545347437,322.1041132295796
1468.5849228770219,-1588.5481602875552,-1.2285012358932228,301.5585587148247
1245.182746012224,-1150.5174408362216,2.8479518699810633,330.23685312340825
2622.8039591862266,-1136.1340074302489,12.83652825111228,325.87097963594624
2670.70064079332,-1608.1184671846518,230.53204839187202,336.26606473533445
1046.0028566111557,-2547.133714618533,89.87236037675405,328.6699577593289
2968.6159334124886,-2997.6854752422378,160.95188324696952,313.98356875881916
1047.9199348954562,-2221.1083843032693,236.86880105674268,297.2513469534326
1727.1623251396798,-2439.1248205486036,22.467860743226986,313.2945807652936
1432.0091736835116,-1376.2832355773621,72.4403732309011,339.076538764566
1843.653383989828,-2995.9942769046793,131.70217942341938,328.85391042909936
1265.645250448822,-1822.6310318864473,66.92775793406634,333.2853146147282
1805.2533120281396,-1062.974797789753,21.630577542963437,313.511295548649
2212.449839539103,-1109.524499956979,118.92245335464224,299.4321031848709
2329.155675824213,-1660.0101270489317,131.04002380171025,324.54582348633426
2787.587160410081,-1371.2153553924436,99.12143348490575,297.7547866519979
1251.3889800206412,-1226.3243170018825,9.088878968880977,336.7263327939735
1840.8595502671174,-1949.5572942638682,194.87054942920074,338.0538303073652
1846.9044193392199,-2461.4258256653056,-1.7025588225424588,311.5484166016588
2468.1358668824305,-2830.6818204393057,233.2031725398684,302.8975883493837
2396.138760402978,-1318.38580724784,117.99780435683505,301.48919602419176
2235.2499016134284,-1696.0670771022026,5.890677918166226,299.4131338291327
2833.8072341301627,-1818.1807992454362,170.16643993907476,323.2429710507389
2873.0395860937197,-2751.669278194809,203.34878026666215,330.6970031573812
2567.505059161737,-2081.705348774346,199.75689507554944,318.65263195147116
1631.2367651178147,-1993.0380844200288,249.37857270194172,333.58770114838023
1151.7014002394515,-1328.533793033543,27.00606665821735,296.99872175517544
1594.0555717754078,-1829.2616016759484,96.34118997176334,319.63868112026006
1021.2206857841036,-1077.892185132125,233.92721947246972,312.01629116903894
1079.9150672776707,-2495.4990345197166,156.91868983064495,305.49448537406744
1883.9179828648405,-1235.166354287169,112.31278164971127,326.27393902643945
1889.6544210533254,-1957.129565773908,8.608531799904082,300.4977661240058
2655.7272839288225,-2821.6972612334357,93.30236581991903,338.0900428112676
2716.8930464345203,-1481.4207805713195,156.14610059985154,324.4123564314819
2957.8649693179063,-2484.449198709254,181.9493637998299,305.63809702013896
2679.8484669386994,-1036.7931126035212,125.32225323165753,331.82036187504656
2670.975903285757,-1741.4544481820553,119.91128716015064,295.5802776766992
2336.9226122582913,-1623.4536469138138,74.65712709283976,301.39427373361036
2108.0206679262733,-2881.8620847791976,24.749456600551582,312.69829345405657
1214.9894744823343,-2392.783212343094,107.12892245158093,323.40253817273134
2651.873182016036,-1216.934137015335,175.59593064622163,309.3779401160953
1322.8984282525068,-2761.1114470247526,216.99912957027738,329.7124155561103
2956.9205448408843,-2757.056970470265,259.33062833279865,334.36930114317903
1655.8316404316122,-2593.877124906217,174.31488949241697,320.1181449519105
1451.1066826197973,-2243.4312915597084,152.5575545518083,310.74250048332306
2606.8872938900668,-1952.607068949032,201.2245585640872,314.17546552906913
1573.4220765018285,-1481.201080558869,30.78457237603481,295.3609247394832
2379.6237701545997,-2652.8535294868066,117.22634699360415,330.70328930626766
1031.1208833182939,-2503.648785925583,160.8381674634429,328.82253897636815
1363.4442105108487,-1050.1559877111476,12.997623159241435,323.76852429178996
1887.3129812555062,-1912.0775063966446,124.08832790760346,305.20152964551653
2814.5812310259803,-2617.463973981097,247.73821057083097,302.39967577555154
2195.0503885614,-1301.3340017194878,10.856483308202225,326.97117783910704
1759.9268650379895,-1049.2486171567216,122.04495207041208,327.3136462850892
1581.1111299417998,-2706.9368268270614,154.6166428298726,320.07783528457963
1219.2688517113377,-1678.2131719272224,132.31454676578934,307.0499759632123
1697.1473335626963,-1290.4899569424977,212.20533213958527,301.75324531892664
1065.6448975705182,-1135.5322370348472,198.99430872466223,320.80257127606757
2990.43147086769,-2095.054273280229,62.923315001983454,298.33334001971616
2966.997939427026,-2520.001222946153,132.39219415643612,296.622425927101
1535.1957639768602,-2017.7327660305627,70.25300535861561,326.35111208732474
2853.4784339863463,-2798.3708242976745,-0.34787625400045386,327.3286859229287
2307.1605072183893,-2982.2866232770043,-2.442346124884571,296.52347897177697
1399.1922118431114,-1125.588428992124,46.45625761025088,333.1523419484996
1111.2338985136398,-1260.8123344614814,1.3790149117226171,321.337310219165
1000.1970230698834,-1328.0554408481687,87.91421161521922,330.5965908652179
2291.5209937177515,-2675.617257596546,-14.644661130511219,315.6260353871618
1687.5774641891926,-1885.0604294510954,115.24455136690136,305.5932549463765
1480.2967663247446,-1640.8563274064556,75.1004260848469,304.1681096416036
1319.3726930534165,-2845.1186516644875,68.78851621216826,322.27459921520364
2346.969044601993,-2965.9050998745515,134.52543795747042,331.9236770762975
2737.667565555462,-2937.3774392298646,188.28621178508695,323.3119752634099
1559.3272129810878,-1918.484305433232,105.41553462769922,334.54472439108014
2200.84046744616,-1774.2903431268085,104.58117888399221,326.63746824343065
2304.9967367352633,-2610.1050314536897,246.96718119044272,311.37893597614607
1467.5550498884509,-2263.7376189740826,35.179969953303505,312.4659986686099
2256.5074024230416,-2653.0604481819555,250.149210485835,337.5018198919129
2724.8812741467636,-2505.790433872571,103.05900723009587,299.2558876917987
1042.3836649029859,-1381.6411152006879,217.05805447399192,311.15463728067357
1310.7313442860245,-2455.071548458357,93.8150377798431,297.3995760573542
1433.1597958590341,-2056.6210542919143,36.691100161801074,295.28803958838375
2908.4726484396315,-1469.0216134013617,109.70484598270865,327.7027448967353
1103.7761584229393,-2052.3325409313943,63.52429431959541,336.58147413984454
2563.201042553076,-1001.9332290104448,229.11785914345094,318.3763466069412
1095.288973591908,-1117.728542926391,49.92437964349591,297.2557731887041
1000.1001893710069,-2779.4987530863896,17.31443030287751,305.90587487536794
1566.0291284967022,-1883.035654980599,149.74323233458315,331.72799676875127
2809.9915641339994,-1280.3828715133568,164.24329837300292,298.4000323168227
1718.7211889732675,-1539.8946516938715,177.7957544459904,336.912887222999
1313.7503474380526,-1081.8924836141255,129.51507319362747,299.263435759234
1422.1258279293784,-2001.8334863005534,64.84151552199133,314.0941083620209
2688.3552705877637,-1932.0098006791702,167.93539051710985,330.9766039101408
1157.2645238249443,-2869.84178702383,14.5603393447014,322.0538166619251
1661.900373598974,-2999.1445141511554,138.04227608143415,303.4189433205889
2268.5174022563583,-2208.9687651421445,150.35727534752223,324.5363157150217
2205.3651037648483,-1601.1678747438286,156.47175328835843,327.58778213538415
1268.4165843944547,-2906.9873538780025,84.08093530276369,336.59633441884614
2981.2369337738883,-2382.1127399934335,244.79604367158618,296.7110326816827
1710.5973757374372,-2187.4243016379965,178.0864322930315,307.67025261726116
1209.8491036743626,-2864.6276237291468,111.62502855871857,305.61182584518406
1678.4546634691812,-2864.8897317545925,178.98205853890823,319.7615805179342
2131.3929688929866,-2359.8534041815697,17.6604027762502,309.11343541684954
2534.795733389546,-1742.8258444667163,86.93920452741162,307.22863194288783
1351.046203053318,-1360.8612053504107,76.20082733893442,312.76978322920303
1785.5935917451998,-1926.7027631716614,-12.88772711950169,334.1246552531238
1395.375877051873,-2351.908440794605,78.90284003440264,330.90639753418935
1463.7810775813696,-1775.131821127425,160.65060164879165,309.1517018502088
1013.8213291479792,-1173.7923831716566,203.62677604156525,311.67364691898996
1602.060931173299,-1647.859624562824,122.6333744190473,304.7878731583433
1179.3859005551215,-2416.0900605584156,139.0768753756868,328.6253495897216
1527.7222223229803,-2445.1832216577554,81.83149984593581,302.02792855160163
1334.184647775217,-2719.744031462866,221.21958923210428,339.0145114578306
1951.9973903013042,-2232.417120526342,53.74287332854128,327.5245879184525
2173.7629140271265,-1721.1932166257925,173.5889560558974,295.37123705872114
2997.532925774598,-1080.7495382879347,63.267677671844,300.7343610004362
2883.8413412765676,-1485.9785233911475,78.45814490766342,304.4112913651036
2627.8294894649725,-2575.282770663004,94.27583799035293,323.0361424720268
2961.6584368770473,-2363.490019789944,150.15213227155434,301.0188819227225
2233.7510839103747,-1373.287722482614,221.47951342975836,323.8419097710102
2439.607598808703,-1761.3563917103074,170.87274887543217,326.4994576550673
1546.5357434947032,-1799.0392271522455,231.3934497355015,300.7246429026851
2563.3227228051537,-1245.8998939709188,120.04020984712733,303.291209178324
1765.482208283437,-1059.6835122241444,207.98564890964346,313.83049132628753
1003.1017510201979,-2410.2063386431046,4.647073776644191,315.31728201439535
1159.1787355399833,-2412.2791818687615,40.27671134099478,314.6680606567277
1382.5988738666956,-1230.0524897846774,152.6954892758269,315.7886150887711
1971.583024911288,-2419.491208146692,102.30943522374157,321.537100537283
1995.0226167631572,-2554.702035540055,100.21332982030476,324.81436781579595
1007.4582806070314,-2482.8429991052517,66.13497287505572,332.2078706872365
1325.1356888090186,-1661.2846777918435,256.523349911427,329.3858888998808
1574.3546066686326,-2870.0287832671356,161.8459362272863,305.4339914958575
2690.8181182753056,-2807.6793074534867,132.2165139336486,333.1547422175146
2006.9087768015293,-1933.977216386141,104.98232058789509,303.338963766653
1167.251466846885,-2500.2584899974127,209.03999186836165,323.4495308270264
2218.444880119895,-1183.0563814748396,42.52725058710028,314.3093901834974
2386.6139538272105,-1626.7605177595447,91.40994344741577,318.86692967888206
2552.4816839243813,-1710.1459518356914,116.0945788673036,304.544711750686
1464.3461393199373,-1683.7388432566172,149.75839408354062,296.1640181786169
1394.526442530232,-1468.1619979133663,60.87823548206278,327.630743393787
2511.8669987923786,-1671.7974370853142,232.3904190734802,306.22745710178094
2838.113316818394,-1721.0278604570442,66.5140247853482,299.153209322072
1065.5308316351607,-1034.1760580826617,-10.6015904354242,301.0279118280107
1241.926201602373,-1638.130966718287,210.56770716218222,297.38023844862107
1505.5265651160576,-2510.571613630896,9.438385344664916,314.29576510444775
1928.935088693444,-1984.7290212961589,192.79842884228384,338.252168912105
1408.1400563664965,-2380.476913045364,179.37671378250585,332.62207457017473
2257.0229502466927,-2914.809549454114,-3.150338228168252,338.67502059969416
1751.4969900467738,-1383.3746252005162,70.00007342831772,317.958745058571
2115.106625896814,-1312.620441146256,254.49237260117297,321.70682319196504
1340.41698051098,-1932.2867788252797,195.89364717519354,329.4533298434235
2807.6412940442533,-2276.9590223130426,191.5945036311678,331.13596529099635
1134.4437179080019,-2751.254698653004,171.77869455849614,306.21577533540534
1416.526669321668,-2958.7446270004534,59.79539516435118,305.3202663269905
1441.7145055739704,-1333.7743647151144,245.08026621550079,339.4169248237152
1189.3778255372124,-2320.200080037277,107.64490108183887,315.57236508341816
2059.7006524171175,-1638.1243997274103,33.371638525742014,330.9805273960209
2602.3629453139997,-1684.0993404166902,86.89372385114243,303.45226141569964
2186.420368211463,-1265.1260277288711,256.61917708557223,336.2957223926742
1590.651708495674,-2669.7331384500476,254.9001518818693,296.4264300599631
1660.6073570038104,-2798.735719998213,217.15521428939448,334.697836984743
1119.1146670591088,-2636.7730043439733,132.27138252660666,327.0275023904027
1793.7030655365584,-2550.3074201108866,123.06437580862661,299.3092649971016
2943.7005127295783,-1156.2076562092025,142.4269652175039,301.66291574117855
2628.5911643372106,-1585.9247351083648,248.881075759917,334.0427061540738
2300.4781206508724,-1768.7988028569398,195.70662974977228,301.8355058574828
1249.949868116031,-1050.483879933737,0.08811289360924768,325.8374319216367
1881.0966415943867,-2674.2391064534586,69.41985665864615,314.67864970627835
2392.1311444242106,-2926.8125905838792,173.21315339261974,333.8279701808919
2384.371277506902,-2869.5996716068576,43.41355043539691,311.9773929411391
2524.1030945475845,-1491.0677470563057,214.2807896174368,323.3806555825965
1644.7204772927382,-2023.1175006786502,148.75723559681424,298.62530667570894
2246.0478337861196,-2664.9946245902647,-12.750746363366122,332.5494750593047
1785.4658421041681,-2682.188427036449,176.3995707856215,338.1920540775452
2011.7741157926748,-2019.099694661718,161.3232853039223,330.172739817888
1259.028146794592,-1038.3232547869304,31.829099755963078,318.29352597749295
1007.439262220829,-1073.3617691597472,123.84000983404584,332.77997041918206
1966.5485270377187,-2794.8114845104565,213.55093977089675,337.5155830610739
2962.8820373489725,-2076.681458291241,128.59460338621528,313.6774654467937
1166.2408631774108,-2584.5379832230024,34.88488342191162,304.8195303596575
1299.5030619363538,-1703.377826438183,50.40405637302803,301.73599120059475
2700.8624974423888,-1150.1086446195973,138.94080086588303,339.2171228849884
1930.3577505302408,-2583.908858367894,59.970531684756125,325.50589541743557
2983.233839807288,-1291.5252599096646,249.68868167339474,299.6349878500581
2544.3186085070456,-2272.780323806384,226.63560497577222,305.2333003333229
2039.7599853935137,-1155.0370172095159,230.21544562027353,304.94013467589866
1503.0591284971938,-2658.255586214659,55.95686338092695,310.7756318342209
2065.6700594652066,-2760.9473079719505,175.06781674732989,295.0823459349868
1925.7934939635138,-1490.8264688235547,-10.900044693550246,325.87980850921207
1164.0729710095734,-1051.3595876903785,203.87483557108067,314.57469400223573
2081.426045172793,-1895.5633531332824,43.8561690103888,334.8023253700786
1955.573541582668,-1592.8029810108299,66.64774900384813,332.3163923369167
1994.7613827799198,-1148.0259828636797,182.16426171378384,333.83897343532556
1526.7538861632122,-1482.8445883585212,34.62379166620318,328.31112810592157
2459.369956425712,-1929.5139021211628,64.65908928264973,313.199807639493
2738.628771056494,-2563.17720156614,188.37793386864675,315.3428037080689
1585.3496466764511,-1357.3560319140765,0.8113103064348195,300.4563725091895
2847.9366166485906,-1995.0331057168114,52.3098915269311,304.65555791799676
1612.6433640494802,-1307.7130351188193,254.2089912850364,335.4634318563631
1022.6483985048567,-1700.8066052547786,177.34477130640042,313.5026622138505
2011.299948177203,-2743.105540304567,-13.273570568200974,331.52324399415414
1139.5233065307775,-2318.766837364749,214.99477138555184,303.7349921277469
1200.3553989197758,-2451.846023925084,29.535801739176826,317.22455876908504
2632.484361853759,-2725.929875285861,7.4329341197210645,329.61761258031356
2595.4705264992135,-2163.639577505658,151.32638124584807,336.16742499747215
1055.6450844504984,-2773.4514221996765,180.33293172564782,306.47871501652776
1615.3570424659536,-2047.3489714069995,252.8969555221501,314.8744539716417
1258.2430790709807,-1410.8358803842998,107.69744493373571,315.2690831061016
1460.8078890869822,-1649.8362732450016,192.0428570110795,339.80379078821113
1233.4134412939204,-2101.742947656958,248.9337245597962,297.76690168246523
1474.7130294387143,-2155.8634933536587,239.06841794125677,330.6017095772386
2805.5406695377196,-1030.04614301634,119.06854613116616,325.6650390878105
1341.9223683717116,-2695.8809860414312,252.77291430060694,316.535280333046
1613.2988943941896,-2934.4917212683677,213.9247258697703,339.1396896546427
2243.974955323234,-1571.53642128547,49.07337696686437,305.1099601060934
1418.7598173793144,-2089.4272998557844,134.66542818367432,308.81062336345383
1619.7961576956066,-1523.5238406070846,46.58627624122557,314.06066277201336
1178.4734882677997,-1471.3584672022018,128.33329656832265,299.7581962719693
1033.230032907786,-2200.5451648246244,28.22670898671442,307.3743574208661
2914.834505232806,-2637.9983102644374,28.79348836588806,320.76782791408283
1877.7594513537892,-2902.770718614301,94.01911576809495,307.43405877933145
2074.7564756484517,-2603.7523366955884,93.1409718382767,315.95237363383796
2488.3364648913716,-1840.9357564521977,187.21834222423675,311.6620296413581
1503.5756500466605,-2299.955627888806,14.615197829364497,318.3387699628123
1980.6732685760278,-1183.1549392617615,18.06038503182208,306.69339247052767
2663.321287523124,-2219.3183962034705,161.1299393526629,339.7473223885972
2312.372600539775,-1162.4203780519385,81.36856147720742,308.7716519596427
1328.5577066916755,-1454.5390613696522,175.72834841369271,306.9121564189778
1263.9440918958778,-1664.6211739720284,203.96181229636238,309.31472506187583
2350.082578744909,-1122.7329805378579,137.68544208979648,339.6308682804903
1683.9923720616507,-2548.0377772356883,47.0759065137535,318.5667401571411
2857.8635222193,-2469.3018878728317,223.95798412372022,300.3722134485016
2165.0193363621393,-2736.94743070727,149.028960667811,306.11336909330214
2964.2368701461974,-2446.3305210885983,109.12693326532988,335.85531316510503
1660.5116892470176,-1877.433142990497,129.25928949819115,329.7457633415313
1958.2284072251314,-2229.2373865026257,48.52696884045654,316.92674859144495
2339.551274472767,-2393.979431159858,244.91411840749214,311.5130623330326
1272.59462004407,-1359.7768556881997,171.51389966848294,329.92548302920966
2988.9104774430166,-1466.9386443159356,226.9643238805316,330.9918188961179
1927.1022382196206,-2713.7730715508465,140.35831760089465,311.40342137716067
1345.302845080186,-2290.39115933333,102.38459537004518,331.65362693818645
1849.554482313862,-2941.6168258205753,45.5913212713449,339.4256609841119
1675.2740578708663,-2820.7258213787313,134.93594107082092,297.01047434890995
2803.390479066678,-2577.556917830937,247.6343959553751,324.37192023989576
1174.5581367507948,-2254.079315765616,163.45033659979737,339.33202692680953
2226.0526030631486,-2947.320642424679,190.48402463830664,300.4010122673169
1006.3733542860167,-1913.6495921976198,232.42667953603484,332.4758136396435
1848.843225245331,-1978.6632298287864,136.43944583781166,306.8603761527453
2858.7460862675534,-1941.9603222515816,163.43412421011683,308.34925288381936
1504.4301419609064,-1949.3018479144046,188.95837933215236,299.5679775992423
2085.5726886805737,-2001.0784709415666,36.08949223873182,311.4669245717504
1684.4623919535925,-2725.7625438756877,232.26870229286675,308.89521920093284
1184.8100175317268,-1680.412003632953,-2.8265372646023774,334.45021736435945
1091.4289888694655,-1352.4359149002664,161.14539899727185,323.4037633260251
2819.193408813315,-1588.958745116028,61.768619827889964,321.0246221922112
1882.7921936146886,-1495.3799802758756,76.13511113359247,331.7575159465391
1145.7549295669298,-2924.679456792533,219.13016638311308,333.5917539485087
1625.2509795042133,-2145.7087394212303,246.56915901791206,334.3938133216296
2599.2422547005963,-2437.141032611258,10.629236501244659,311.077748903084
1580.415718378972,-1282.8787601379445,82.53422353802397,325.0762142204737
2840.9253828988503,-1961.91726530203,188.49408176094644,326.12051257403755
2900.878859336257,-2296.5985205181432,0.39574522403617785,296.65527789127935
2102.0016049406686,-1185.9058428940966,40.052383672024334,307.077824380952
1560.8661448217724,-1237.6198791680831,134.8180853294092,333.0030004657216
2409.8146904785017,-1595.405592212887,53.74757764897576,337.6657088679596
1719.0192985870021,-2002.051715890912,79.07601134285686,333.77006408342146
2361.066099920691,-2332.174404362104,60.08982797170157,315.4258541209072
1214.9497816254811,-1689.1856818596716,50.51224491695193,317.3619843553139
2749.9998548237054,-2832.471950330995,76.80917950380373,328.78372205952917
1423.811539456517,-2213.4274985632646,236.03651492117768,338.1932087456549
1893.6632781109774,-2958.546312773884,111.77228887999715,320.4045021977756
1288.2335001045008,-2146.7139842307183,105.31200971936599,327.2846088399582
1947.4327186890177,-1857.3331088952016,10.61949558866851,312.85117461031217
2236.978512335004,-1276.6937573253992,158.00111187935718,311.65208509289977
1622.6923926798,-2598.5835073870603,154.64190742053265,329.5246882783107
1481.7179633138642,-1871.6944667431558,115.22479681745097,314.06836558305065
2648.923855505547,-1124.8871296117918,183.3596909833474,336.20973888106266
1760.2615678655688,-1992.8613215643043,155.05371631434255,324.63198131134396
2490.004869029547,-2478.170882130063,257.18064004589843,339.806194705859
1427.8729098402428,-1347.166712167208,87.31022566266526,308.966835079818
1211.0326261978184,-2341.207736301332,244.211021670124,339.8599710383509
1276.7926609704352,-1087.2770166249725,57.67345211121447,336.71185910784317
2597.23744097095,-2685.5744682562017,122.60553154961428,296.69362340935857
1782.528761837201,-1986.8573734138702,3.053896713831204,331.36462913433166
2847.7830936112405,-2021.0321825891479,88.61195491775543,301.0688256134382
2507.3495610807554,-1086.3761869509885,-14.923322451769527,302.9614954960117
2929.023618600658,-1332.121856644293,157.59903188058905,297.14950780552476
2269.6442966195937,-1929.5519587674503,58.17550296689559,302.59474141057854
2015.8408533153006,-1903.9682147520427,72.89264900193125,311.2002525875642
1223.3460972005148,-2067.10412438335,235.44937607925672,332.59661551562886
1962.963233538132,-2546.3703290686517,245.67769448381603,302.82971130566864
2380.897663946357,-2018.3440611243068,225.69912068881746,304.96629317593556
2072.1062959515434,-1759.7665290934674,-9.098829008129764,330.92125348155196
2936.958928653654,-1260.2451546740376,216.18068022285206,318.67092856393214
2062.3971152547974,-1395.7109031233229,-9.52514638460845,330.20754240140695
1133.115818212842,-1777.564706304358,234.82227199398557,310.6328251190374
1051.60810228726,-1773.665900070287,255.45553586481822,310.2143721522794
2609.51322715319,-1461.1469679310785,153.1687658166983,335.0893581312633
1581.0989488013092,-1036.2237980908583,231.84969540731177,333.113484268003
1492.6123710319016,-2997.227478031051,82.10204766209999,306.48537181397063
2731.630881683157,-2346.8595180541806,45.336501959794454,339.8954543638793
1942.158881763698,-2524.7022050096493,170.17412112952823,320.53469320596645
2303.267389799712,-2807.7097909773142,152.21831951901603,338.9878843969715
2718.996275411914,-1516.450086452773,108.70123766457912,306.60764705889574
1821.0747738379278,-2890.5113794503027,72.69295407346928,323.0630129961461
2454.872165972687,-1516.740478418101,128.6102352453549,315.71517276063884
1041.4422780542716,-1482.0606129849623,237.47177244626374,311.20291553734
1373.8468234909305,-1814.1194506973522,13.454286521068362,336.89125463483293
1597.2865906954466,-1932.9883991790841,147.27121032161443,318.62366002209086
1761.2480836897544,-2679.7151049041777,244.22602700291702,329.42911614949617
1447.2726121019962,-1854.0241028990838,103.0706735895973,323.82883744829854
1045.9308966585968,-2542.927497250875,149.74292172664482,311.4600048991832
1617.1999641254986,-1285.9858518692931,84.2591207031024,300.42618630831026
2207.9146501299942,-1169.931102677964,153.59810780806714,326.6116297486042
2369.9833653751184,-2344.2076652512915,220.60141379652973,306.0506855956843
1954.0326701313816,-1944.9167245121776,121.11854791123335,300.63446152233814
1098.6440075695673,-1780.3028003234208,208.41188852389283,297.3878574743473
2787.789157857994,-1777.7584099371527,7.436486310390759,318.5972575275132
2677.5447162557402,-1627.6273736976268,57.06256131339312,298.57890178660347
2083.697270788065,-1991.3969230384077,115.44630039938448,319.2361886829504
2635.963682265919,-1537.0684731134502,19.452086312334217,323.8848805079998
1968.8976049683054,-1020.2081474190229,136.72678665284525,317.338631771841
2915.2433906640063,-2791.821701676012,168.36179728992013,325.9826320468698
2359.3378785539135,-1960.6544200085566,24.277305687599515,313.00784413389295
2642.1920227408764,-1458.1862074749165,239.04278285223404,332.4380714305105
2632.1724805473405,-2247.9869731160325,190.83163780966157,295.0705681446174
2398.8890204684567,-1609.7745065298352,208.98772258657368,316.0225316677239
2863.890653394199,-2668.110165904166,204.6770779994443,310.3526982924286
2295.101300556671,-1706.2598678059253,237.44693982250783,314.21135168989474
1547.914240485255,-1393.7052233183736,23.223467643089585,335.7776234298897
1444.9670410462104,-2376.3752045523647,139.95294978008576,332.3725485440509
2733.403573581416,-2755.4021261537177,-1.9766919678146984,305.45395697633427
1193.5104659313674,-1549.7110852994745,75.82359622156675,305.2939005963484
1287.274546275594,-2890.8185049164854,0.810288169469036,327.1564234802513
2180.528067506941,-2202.7774482838986,200.91970045592944,300.87489137442003
1431.5501427172808,-1794.4614492458481,202.300523686291,302.12316680288274
1921.2839784416346,-2569.768028871064,155.35397756612088,327.0610754559917
2395.761591336366,-2183.168537328924,223.39522386104014,321.2274257425781
2673.3070754033124,-1866.963124785119,203.7005160320292,297.78085979522206
1678.9981701889567,-1717.8386092140968,-11.609832739236168,321.89675859331345
1402.4284689280744,-1507.6276467852201,-6.714714221530619,332.14817903299786
2284.968671938571,-2672.5796119671168,198.5306085223303,335.4023475160357
2232.05990961622,-1134.4558582285763,171.87478436586827,325.6549816974756
1859.055810475426,-2048.403219895887,205.49540275679763,318.4928899204186
1863.2313167278044,-2200.901851439283,-1.7264323664234844,295.53840769995537
2692.563656582103,-2934.119763733284,86.99899993152773,305.37186669013295
1350.132025350129,-2502.5117194720838,197.40209979371684,333.8675223660066
1564.1256505057493,-2193.988953105639,219.83961061157913,336.6141278891698
1739.0970886183973,-1998.4222918368744,-6.017610206956304,297.05076712549766
2429.2524813950486,-2961.065992050506,-8.175720606910755,332.8308074931925
2696.5962178706013,-1728.7593477451162,58.14709977402916,337.06777470269043
2513.626044400018,-1289.9617439979402,51.25032609616639,326.9002648233377
2930.406101583856,-1954.31325648542,101.51081270412398,313.04481868380054
2812.0782104723457,-1177.8008586408507,108.53226316301014,313.5078607204485
1744.0199394279189,-1848.9686825550707,170.0581991350553,332.19508831734845
1293.0400105073713,-1591.5486184093534,-13.126477089057971,324.1161017943187
2748.990195790085,-2086.590041271239,226.71903750569504,300.7433980676086
2315.2746131642734,-2981.8872164726777,145.81918263755375,304.64498768157375
2501.572973527701,-2801.042823488094,99.15933224196453,330.4405008380875
1207.1752572483833,-1104.979312071572,180.20729690818334,331.7406278809523
2655.063861872317,-1502.8730054579144,95.08781519293862,327.44334569327543
2985.0219153097028,-2992.406747344972,236.61316215862004,336.32886415500366
1727.919355370892,-2904.926156815432,86.59990084266803,303.7993836184722
1949.3713331174733,-1038.9201025195582,22.929296200671175,334.2658145917333
1750.5285777523807,-2214.476821161397,158.7264631667859,316.2210074075962
1428.3790438127714,-1455.5551940941064,28.407610819597913,315.23951265419345
2507.378317461732,-1838.5544315032996,111.03937372245358,298.3418171775245
2658.267449191201,-1991.408940263662,259.39856007757317,306.1419316754776
1733.757620032871,-1579.9486051055837,134.49562124112066,329.3766783181836
2512.2511176252797,-2617.5712699454534,242.37716803103325,325.3341319514181
1981.360743369911,-2765.632766334804,251.65492149097173,317.1525729334674
1851.4962000204278,-1988.5258537957375,52.5234590024276,329.79657261281017
1470.3867065455888,-2240.610323146548,60.95390721473777,321.7746642392221
1603.045752883448,-1675.780239163485,10.94903756328732,330.1669966518936
1943.21944999651,-1756.196810794583,251.00182796989174,317.5596364885141
2431.7151681968885,-2927.7811014514377,107.4724615537996,330.0236830369745
2630.9840935493985,-2755.888093066588,42.599109178661365,331.83996228375213
1654.9387617403595,-1756.5519684762423,214.42428378511,334.3245801226443
2070.3094191707924,-2600.5535545927232,137.92824177141517,329.9878240402023
1764.1737352819966,-2361.9536953320285,165.0747964862769,309.62992442980783
1959.5450998556157,-2137.831622122716,26.618654573798317,334.0771790034487
2087.580547055898,-2511.2702915724553,245.64777397629297,310.97417399402406
1644.6081415571425,-2388.2854399871912,82.84225199391746,316.549823265319
2585.1027492955263,-1093.6462739034082,169.50129336036346,322.4686159384913
2493.984691460658,-2494.633161055886,121.05028849512567,315.42398661288456
1420.3500725219224,-1339.0745606558928,236.95044391640945,310.89237110924347
1698.4064162129139,-2100.7125299090067,229.65815697984647,307.5223408345027
2688.083434532595,-1433.682499854342,121.04778925225503,334.30034777669823
2205.4053347946156,-1956.7965188107905,174.17353794387702,316.51713687106525
2267.666694242819,-2281.0484944233285,252.79891248039524,318.9649052760392
1580.112123548301,-1835.020651383313,125.09603867011651,335.8473223347667
1026.2338451332275,-2342.909301772461,138.65120767480514,302.354390237754
1639.9821331438227,-2541.6989226716037,5.375866791563244,315.34901806501756
1130.518832440771,-1089.422774627479,256.54868256611604,313.0347116514621
1245.408216116452,-2994.6597297734784,37.69109029364668,311.40711356203684
2263.0074768521054,-1131.2288896253665,37.00259264791142,335.0462125498457
2332.374452368127,-1906.5206138403446,228.25489000831323,303.7917869578822
1111.7110568777384,-1279.870565146765,227.71397674244724,300.6874408588209
2955.624274775151,-1461.9393186114328,246.44058904818098,315.0927175263711
2187.3013732830354,-1522.158126609105,-1.7170475017081088,296.4468895695725
2766.5813422806873,-1429.7318229871046,123.33144163432914,308.19724640773074
1071.6234280475785,-2440.805891858096,41.92598246093817,335.9077404482527
2335.4317328642246,-2176.6401347118267,135.90437713812275,310.6233990969858
2093.995836666273,-1946.5323260346838,166.03466119722404,312.4522676012616
1816.632251023086,-2295.6446226173625,77.40047493068415,298.7029985196882
2563.0860511742194,-2657.0634705716197,189.0002140176015,325.79233572512743
2618.6247859202263,-1664.473161346064,124.03045794008924,336.03175036956407
2740.8309057863544,-1636.593304207189,38.30779479601379,305.46952231628677
2367.240128764355,-2356.9855465175315,136.36978454817555,336.1580938266972
2785.0984547758967,-2458.8346165257267,56.991525621184365,334.18178644438996
2817.0109422146074,-2776.634723932651,69.86410399550076,338.6972155891599
2717.6760787995063,-2781.71434885475,181.85544957849729,317.92322202877216
1827.808552324267,-2347.127339945111,227.42827611688722,326.9971731438335
2709.61428493516,-1898.1102075240717,53.97476003988058,338.9626217730109
2937.114427929322,-2610.7931040735907,66.36302900661029,308.31275373732734
2966.42182137691,-2138.155142001001,75.54039233299277,313.5901805267687
2382.4922985006356,-1804.0928823592783,204.0416586357882,330.43743615801924
2183.6179890967096,-2009.9183855017482,101.26457549560385,328.9457148886362
1060.0201995470065,-2578.7678740095907,129.6801202151334,326.7282979682939
1186.954784144712,-2278.8144933269195,166.39551297836064,320.24508897686087
2478.3952383919313,-1444.8402223034232,133.03490996218298,304.75427551815045
2130.764998367529,-2967.8623184471858,47.977945734724074,299.3258421406002
2820.71610727989,-2231.101988962232,45.72294745202472,336.0339881563769
2010.7073212036885,-2323.0347384141405,161.7033412614751,313.0097897914271
1782.4910148034135,-1577.7968024559675,115.72472326019658,338.18098915297327
2135.7787787284133,-2981.341723147307,82.28014444779214,309.2543657676755
2386.7774161232683,-2496.4325754614392,54.23652271649746,301.7969085582163
1148.9081480229904,-2263.660495331694,57.1293231349877,306.9124093182963
1207.5410158844675,-2039.314930993657,132.326334230968,325.0319540984849
2174.858513141321,-1104.691973076704,176.6067195106294,300.408467399076
1244.8393690415987,-1091.259020216089,75.01613224225443,324.22694504166077
2083.0729419432396,-1793.1964854637292,68.22127174032923,307.97273952769007
2695.186656087796,-2714.305196078911,-14.522642205126633,319.24272084232206
1182.4808847443114,-1638.028018600502,190.72109076304247,298.04012942223494
1757.160393385328,-1470.7268918509185,232.83311584876503,311.60793104978825
2473.419702582659,-1737.8300517236057,25.330262601206904,308.40007151376176
2175.170291286946,-2138.94563052889,183.62399376528245,299.1108740564557
2400.722769301902,-1733.1906049301606,202.47340064558534,297.9712923116945
2951.55741741498,-2595.5525870893307,208.9619416113134,303.0221582326827
2102.4349826755624,-1529.2256253744238,257.58902541167254,317.449187110296
1038.3989072330414,-1831.1346031593578,157.80179666762007,327.2450089013647
2977.214491755203,-2760.108967770466,220.02812549003107,319.1345442220922
2714.477707693717,-2626.401596348036,77.78375839153692,336.7065357413411
1894.7161318454132,-2156.0719817370746,193.61047581860834,331.3764063781157
2595.655157798098,-1157.1606291377705,113.57390371215575,324.7298415598886
1307.2981610034217,-1469.2693596217093,144.0763500137608,320.039279935701
1406.2100520933734,-2198.7608670236464,229.75403682412627,315.6991836175167
1166.1629880684545,-1932.6448745531613,19.472528053496404,299.0447611312132
2735.275088393727,-1144.2148092089562,136.78060839078756,306.9395897139409
2607.090521153933,-1357.9621510978134,140.48727186691568,304.1747286253646
1841.4046198964907,-2794.982483868433,150.4480747240466,314.56943764344163
2923.006317679872,-2898.8730754043704,30.798542334753762,338.97957404261297
1850.5133036312154,-1579.6147439436406,23.406320012214422,304.8050319655881
1422.104846775125,-1008.9617900661485,25.53946699809437,336.85503654902163
2089.2821487955634,-1820.9000012940855,229.17964800776502,304.22608911583313
2814.91433403443,-2679.040225975205,208.58737899567132,298.78596768838946
1079.933717012336,-2992.717197696761,153.4035293074118,325.9034891934625
2602.6987772973516,-2833.419103993376,118.15419942739601,296.54065243337203
1788.0594237242494,-1293.2391852387946,44.42836667317116,316.61790361185416
1209.0408633045683,-2797.7113834126317,37.32790823519113,322.1440468941504
1291.649423483034,-2956.704966695605,138.0679533061237,295.67635398488545
2747.5046518465397,-1062.5712299229497,244.64055379354306,338.0998217738752
1415.9707496584265,-1854.697690878192,107.9867768786482,318.34489554410754
2846.3531396553253,-1926.8788208189073,167.75545524815604,322.37917638173064
1718.6557908650834,-1959.620197967664,117.20418658037664,335.06252798591555
1032.911280500809,-1929.8499586687728,46.04312193370607,329.8465909411347
1691.1881269235873,-1773.5002558664255,20.4251657648324,311.41948276422227
2746.669076990227,-1460.1425722743777,-10.089873552625665,313.2762086775234
1470.0341469947516,-2872.1719119250674,86.52351353926555,316.612760543498
2833.6452923389656,-2791.962371202238,137.69070709910437,297.1398429656132
2513.245422602708,-1179.1350748322598,98.52428415707341,335.2366915498727
1220.1551978126863,-2545.315271036964,77.10344548186674,321.629938470251
1961.9591059244492,-2338.047816058801,141.93638156017286,297.61609557590486
1226.271913586544,-1758.7678579497924,151.03638744924515,335.6327205756481
2987.9429402728583,-1323.561412882423,2.5062911632047538,339.85470150919394
2860.644557898967,-2814.062897779408,7.507611077345018,320.584947711206
2958.591126022784,-2895.0483375596286,-9.788879750109153,318.38498404623874
2237.029868154187,-2619.808768205199,0.834908736925529,309.5270583313128
2950.383927851187,-2523.783064036443,221.48724782079285,302.55323740360495
2626.8257453053247,-1360.9478277938474,57.71485366212586,331.1799324209389
2209.521690999907,-2005.3169109001572,226.572476817541,323.94793532216016
2954.8647299981294,-2954.5532540635463,194.31608135547924,326.65119522529227
2390.353593087417,-1052.2730058299535,114.27915965650644,303.46921615452186
2729.5471290133037,-2582.127317334938,-4.694846247731636,335.63758240565716
2408.514377943713,-1027.0250472246387,26.60047396773887,311.9898418730117
2487.5512667269904,-1282.0420407428833,251.17216972652272,315.96877325530073
1649.3348565712963,-1371.3965825436417,198.3244377379796,295.75264718743733
2731.7525080400505,-1817.7152561812072,131.36208908318218,315.13515456441337
2160.411110414546,-2161.5059224661127,132.44314145903763,332.34257009884465
2354.1734097987273,-2160.945764083366,1.8008790220147048,324.3627110250722
1504.5535469364474,-2950.0588826307817,100.15945133762577,302.15778502089796
1820.5466568026764,-2654.3415771535974,20.913977828277098,300.27945025025684
1707.5830326929217,-1637.923731718513,101.86492284922274,326.1163567200118
2479.390479351455,-1066.9702650165148,63.95658731202879,333.1355540393312
2760.771076398988,-1398.6103595404477,172.9662297020988,334.59615259837744
1955.2954849893317,-1090.5716913265815,121.16428229097946,301.7661986531865
1326.2751917471007,-2292.790319384768,-5.166844517714587,336.2457315518003
2302.9892431523504,-2854.827906560432,92.80484015846058,295.3106793922039
1672.0493948547414,-1576.667686179409,23.946099268727103,300.3175889686251
1084.4895553287708,-2482.4147073070476,190.53262779474375,304.5717869679771
1414.335596750915,-2945.664091942728,141.37249284150715,295.9597675746054
1852.7839945661008,-2120.0135565360247,70.34156172838465,322.13578757327815
2577.456374282422,-1537.3861377909043,-2.678651823668833,319.6521851019938
2031.9745166283565,-1573.3556967504082,150.26553828670077,338.67897201780835
1787.7960220568466,-2828.2783808815825,224.0571816125345,327.07326169194505
1527.3549522238086,-2172.518395960977,156.333441979257,336.1090901766937
1806.0078096281168,-2008.361567662966,227.06946893270447,298.1214943743887
1433.5622389409211,-1831.305301260877,19.935097252275114,311.6852958391002
1247.7438383501708,-2071.5098867805204,257.31798457536877,323.6771520966859
2450.2733947640527,-1394.23540261771,158.88608675113076,326.262748861811
2180.992429170432,-2333.2216327675933,58.10471232247822,331.1623635834817
1661.6050073488645,-1569.5771092634216,164.94963334074487,312.5589835410934
1016.8415634155785,-2087.221662511604,21.710693306134637,299.82741003622664
1026.9518048700538,-1962.4646828432128,229.01583383941917,326.0240461075354
1626.847136075352,-1486.9356566264094,223.53352838711461,315.06478145691574
1655.4478251606427,-1395.320040953761,128.7564115603664,334.3597624448858
1141.6537677982162,-2360.7603072591924,120.13142189809409,330.8842201449747
2785.8308092079583,-2063.7509038402827,116.68183052301089,318.1094433462141
2097.4475149137443,-2855.4791035751177,140.58933046204365,298.7716017949345
2056.0607291484607,-1148.2177763355364,89.42512677847179,317.1201735213695
2245.374617611989,-2268.9718429709483,71.82365095215174,338.8275955000357
1493.3818183554042,-1584.772030847088,126.21508124221336,318.7383135213798
2188.236573059283,-1552.7934363575728,65.12830679768705,336.29369170037825
1744.9971498530183,-2405.3076503812213,163.41356301064832,333.4781298952847
2615.733244669072,-2912.013849394103,248.96917370499517,303.6956361491461
2597.4350791442766,-1532.7382938851083,222.5669545330465,298.148056987772
2066.9125646798,-2886.245966223634,55.106819202612044,302.16264649359556
1222.2580760545163,-1003.6405984461035,254.93436523040776,335.1669480953203
2962.276462574594,-1205.8246456483103,85.77252865490333,318.3598847302665
2617.424621642912,-1090.5456654693535,61.56492738790463,304.49085898344845
2929.3319075514355,-1614.9221737212602,43.23051031608391,307.66418581818
1393.0686774344008,-1126.9147875100352,165.77393786338567,319.5182188100401
1558.4454764464406,-1000.0595712769182,128.5960841573159,337.8835643406545
2181.589265884397,-1309.4061077733666,113.20843351410133,333.6333478207584
1754.66043811225,-2966.690981827363,238.8272414062996,337.0508513898119
1368.579370157639,-1998.861091615664,3.6831562897220564,333.6854595971386
1928.2533565042131,-2263.3840259611816,243.4137105472039,329.98767736377005
1411.7338256857008,-1895.9240423733067,178.62084407252115,303.68776825618846
2638.540980095634,-1795.7342004685602,9.739439473472373,312.3114993716052
2531.2899012705684,-2247.6443177173774,23.33175293869936,311.43940768706506
1252.15957937531,-2408.8485727975158,231.34772340565598,309.9199617721023
1241.7622700969353,-2564.536311383891,-6.749414548190323,322.4298837787818
2148.072021338876,-1408.0020324429822,139.13699834305288,321.49679934285535
2804.2368667044734,-2762.127070286609,68.57280494674221,303.64294994523374
2910.854683890984,-2826.86925320385,111.86906293264785,337.84553328453137
2370.2718675665574,-2481.474839833597,48.43472856823526,315.39756154745686
2755.7080620461047,-1540.368608767083,70.05707383032048,330.6294263103449
1958.2342026822848,-1479.0025941988904,149.31801531806101,312.1368976164482
2024.2356650125475,-1680.5260250300314,152.4747587590535,296.36801526475375
1701.3884187136146,-2182.879635068103,219.7043898752753,339.05601619437874
1587.7904594215188,-1474.887937023949,79.50613784872398,323.82927504694374
2984.2490375781417,-1816.528671827973,149.58650249262172,315.67424211081476
1350.8418798371965,-1610.433392259305,115.98847549296408,330.9449900187375
1511.0370126956457,-2154.043852200574,153.81224010066884,325.77008397332804
2623.094148726767,-1049.4356292557416,65.49820958966478,336.83389662457256
2732.249978755078,-1153.8161906932246,225.49086654132373,335.25659689324493
1190.7333654110844,-2192.6484108188156,8.873139364000917,305.8597900357772
2233.0549242438265,-2790.314768244469,147.41672095616417,304.524712220632
2280.7735607497825,-2727.8510565200654,-11.402718191292472,302.69872226674016
1555.2392691834252,-2577.9674204883618,216.42025780911445,316.74786252111414
2520.7667098348347,-1698.2513503286004,170.72674445420333,330.65330698724347
1240.456479729666,-2120.86313342259,73.72336104303095,332.6352939078688
1274.0421180316866,-2467.4839755214234,1.6116665870002151,335.37892267449297
1120.0716797098203,-1113.224943645531,175.77951395925865,312.2653874544244
1207.9973118517132,-1078.9118281249912,72.9339770955843,337.69721099747807
2925.296453626785,-2749.8725403435133,46.23352200028664,329.20618227078063
1346.591322747277,-1412.2976339489906,113.87690515825747,322.62995339904796
2522.7695272180144,-1449.7013682916263,229.58595207614087,306.37583042583105
1239.7636804276756,-1806.4176111843901,128.8494038273613,321.72798738837133
1249.307598939729,-1016.6913839745059,210.7128461859135,303.3987297712436
1754.7221619754507,-1272.983816366833,182.30525771880917,313.7348939300681
1737.7880999395793,-1379.9698369304338,37.94115237979863,302.0558609101227
2748.9471650685555,-1392.948274679948,23.37197603711148,337.7565752618835
1372.65702955423,-2778.954529028461,196.1730313543761,330.56115966956133
2869.554852185688,-2746.175242305384,20.35283874127805,302.6777667557691
1168.5622880213116,-1717.644335272889,22.99439247802794,326.22738259017456
1364.7695576636472,-2796.9271449954726,208.73987654186936,329.3955095832145
2527.608969677169,-2497.1788073944613,115.84418481907707,333.564667364554
1817.4291891534021,-1972.7217450213225,189.85936473323528,324.6069239486606
1792.7998882956572,-2690.6816591298025,-11.419608471657112,307.44271681298875
2768.507783171528,-1278.1014989728042,155.17859259389408,305.73110036553715
1365.3600795284042,-1498.8482996449343,-9.374936005057025,336.2255887298535
2947.008237547299,-2570.9417948516493,-4.857915189599247,333.44278470271377
1142.4017900514725,-1622.5713878179752,194.10898399580103,336.64772723191413
2389.8127855106577,-2708.6246216591226,113.24025775119938,313.1716178694407
2974.1890124163983,-2295.3218890246317,72.0769591523699,309.32667818952933
1429.6915484944163,-1056.874832627263,242.6436930858198,319.0969127691856
2369.362270882116,-2753.779153546883,235.78189581441708,321.9329173093604
1677.3509620482105,-1222.8436918619032,131.66196258252035,314.50337944280415
2573.412234442415,-1562.1892355406019,101.87839459534305,308.9619613303605
1678.144178881543,-2036.8453673127833,57.97324359353799,318.825952224918
1763.51966060548,-2220.9819151200472,90.76576815575747,320.63708917510314
1489.0824540598703,-2844.2430693618535,83.8902572822711,333.28480879247184
2761.174247369265,-2458.3207075718065,203.3602176473298,336.72529367569297
1171.6317788944957,-1962.6864181659168,172.51205315820803,309.0615382204843
2388.662142920326,-2721.3383829904833,22.203091423069367,316.11615347788745
1593.728790407453,-1794.4984351788132,249.6134387037191,312.1796968366131
1690.9770152866013,-2761.7599832213027,13.795397512154778,300.2461771475169
2944.2498931140835,-1632.328389980818,148.81640250548116,308.6481510495351
2238.752774995124,-2275.1922157079402,205.48361008595487,318.5609892080739
1259.2216417200661,-2184.29666802583,77.23908242952801,298.844104351288
2341.1170474092346,-1757.6663398359547,74.37685520327348,329.4174842601049
1489.0775192616788,-2860.1018946919194,44.90583971368251,338.86302448686
1074.3784876680836,-2285.391252712854,165.45657721333424,296.01985188812006
2306.6419165516836,-2521.9008487645533,148.11483734533334,302.8731251525713
2837.904984691256,-1525.6629605051223,206.59878548313966,320.68306682451333
2724.21781516415,-2424.9280935751567,32.700004913054585,295.4465928973943
1293.2231014022796,-2407.632683783698,249.9262305297661,325.2928399013603
1701.5618017814609,-2116.963494451646,58.61479915715033,310.7895551232162
1992.1031632276326,-2542.094813700439,57.458760008924074,316.6150787253959
1047.9782322107185,-1292.54306464535,106.44416508086972,322.9316523517802
1872.7773931718962,-2479.8006262537037,78.99386997617054,332.3522942288535
2599.951912177844,-2146.0256796019758,213.5179092350485,304.54649530162277
1655.3809051290064,-1442.507274583915,147.26643812890802,335.2439630871182
2747.5321210418447,-2627.242911655777,193.323599336004,332.409314377117
2173.0876824257916,-2535.581036994738,29.68552624107999,319.44073618774894
2735.7515266761557,-2530.7632716946387,15.639489225207111,311.8408504538902
1321.2816770316645,-2990.05606846139,141.01571325243992,316.5686051977239
2215.671702903698,-1984.8792515340638,211.06565614618611,322.38784771461786
1214.5243402361286,-2169.8698409213353,16.3695263149866,321.24692064290724
1441.6643074875485,-1778.3076898216566,238.90408189442059,328.79197087596356
2198.7833028900927,-1352.4742906198717,190.897041199395,308.84995564807275
1190.2421825188696,-2585.0198547018317,126.39137332309946,333.33214872877136
1565.2242183342632,-2051.857234369192,86.87557527109833,328.2487113262101
1487.4828952347948,-1523.4379073239324,86.33441186095389,327.6793463755472
1900.175701884396,-2877.3749159081594,204.76785854632237,323.3636698353471
2741.921504932778,-2900.596164510527,6.281540870210289,296.8759600222597
1339.0921195061414,-1865.4550843561747,159.31821694183162,305.1621999100039
2420.3006891869454,-2729.60494227299,240.65277509608674,317.2156876129572
2119.6817476842643,-1478.9218904701381,222.2023657469352,311.37215775844066
2982.3926735322016,-2356.716966796832,207.04715061769892,299.4302844883843
2225.886074178227,-1991.3232813071945,-2.34742923564208,301.2970300391986
2492.4267616204233,-1624.3754385493341,181.26241533820738,318.0709069911654
1683.1058829283475,-1365.8225944707733,143.10952466891737,305.5422855692579
2819.704008101926,-2209.862853811929,204.13041542123494,301.40904070483884
1479.5167693682997,-2060.137865402474,152.1749611047676,325.63906967559103
1578.15256096356,-2453.407258237991,105.05645116630956,316.57488650204425
1386.7981752945268,-2054.372495275311,3.5815602231933283,339.738264468527
1688.5075572964397,-1487.2617614278422,88.58723906729796,337.59950078648575
2686.429198049944,-2550.163829656353,186.05779839438813,313.20552742739574
2107.4311350188,-1642.5517540253893,204.60173484743612,321.5859070656575
2642.546006445342,-1878.3079446967788,130.04639050798727,337.655556073923
1999.5621711008378,-2515.83719362775,208.07541896826592,299.4036724664315
2977.225020510178,-1758.6758671443447,210.02685600094986,312.10449557579426
2863.3988591505404,-2442.7284425725124,81.63527329736888,331.6438469634937
1252.7414858800034,-1915.0329960045547,122.34694266040324,312.9071956851364
2852.493664352487,-1418.4740388387563,65.44070617013558,337.74398026852595
1608.752346746657,-1000.730539659311,39.79790390639887,307.49240764089876
2406.928123215951,-2170.063189144197,171.24282157570005,309.8611476669345
2307.504381808164,-2812.2157682332086,40.26217349483989,308.7861542251914
1751.2007935377303,-1585.9792816244121,236.1293189513168,315.5083231312456
1175.5447778066396,-2869.6784393636344,18.98587989263948,296.8404168584758
2210.7057249700547,-1364.2396537197894,98.98777236696405,328.46732512302356
1037.3211974325918,-1738.9663262420033,234.77262187351957,297.55997874192735
1815.37461669321,-1991.4691793674533,162.59904926276323,304.3879285141157
2301.8633425545536,-1064.4986133358161,137.82949972389804,295.95830478718136
1730.6009930112489,-1257.4556028070722,138.820234746054,338.9042413558195
1110.4716865730009,-2519.052483903474,104.50882570517061,324.7953869341312
1270.3416362452208,-2301.085211176187,111.85491664785098,315.1882644372771
2004.7397788237815,-2666.58823479101,114.73251762969423,304.7339338770961
2157.6304630578366,-1493.9662954546961,167.36228582963142,306.5563376086092
2903.2811388321998,-1777.3201957485012,96.36231126046115,325.57824640786873
2697.228203042375,-1590.349516407782,77.24411527158308,304.5046843294757
2027.4211839011818,-1562.7869998890465,131.88829216770137,306.0967885962989
1608.7148194336007,-2115.9172957136752,166.39091627771518,319.29544110374036
1352.8977394963476,-2134.766756983517,112.00009070963368,329.4359172107539
1004.3546501296612,-1973.9221234730828,173.81764016129065,297.968655657234
1776.162853499533,-1030.373690310324,178.26161116609126,309.53107274676074
1935.2556173193777,-2969.8207070295007,133.38184057265667,301.58051036825844
1401.9493275718207,-2502.6793118207643,114.75392957721905,297.6047468243
2164.774370323021,-2505.700029271309,235.97161778163127,306.3902505593956
1848.6200183266333,-1263.5550269341788,234.83609143631242,303.167172521303
2426.9622710168987,-2739.281473610683,180.4028891884873,335.39108651023025
1829.2614127812344,-2170.0876934189855,18.663950486454944,317.8548864114383
1242.2591240093307,-1146.5121747193145,258.67091893944354,331.1033496490769
1406.5661162745466,-2931.801039619632,252.01549798413504,330.6192052491441
1380.9375027793262,-2795.495436896068,21.551073912051848,335.2309089231445
1678.615714650653,-2450.773831038203,175.9865259248946,312.23394139585486
2562.814127121576,-1289.687509664732,110.02625572747057,333.14836630357485
2157.7000985115046,-1146.4300924443264,163.65214225773022,311.8142397482483
1857.6214771534883,-2982.137115533366,44.03172178063186,322.5768670169966
2670.556106232717,-1907.8388460327221,52.90494594997659,337.9602871417196
1221.648790381339,-1136.4836866331718,-13.069585495945095,336.25232479716675
2429.2587819160126,-1460.8921536272467,33.193822419458414,312.92198534399864
1838.7549641194732,-2828.0214437108257,208.13926650379827,305.5474373671513
1483.3686913194144,-1075.295033299802,31.996368669980775,317.6675748505772
1326.2339074166953,-1741.9367198647144,83.98265114937685,310.60997734484033
2728.5985615894265,-2963.8289567304337,177.08873383471578,314.7761501364523
2497.263661624225,-2991.4356935145124,73.73932620801632,314.2542411206173
2788.172206920496,-2534.3745379059164,-2.2926454525505378,307.8144862906999
2111.2683524473505,-1382.4077581316928,32.484026073549074,302.96927824486545
2944.0227175419777,-1015.4714162334083,75.08061254474465,299.84674623920597
2036.19379269581,-1628.25793171718,3.983574074628063,336.68550022774025
1962.577052671446,-1462.7127297339307,143.61032901020513,326.3031083016176
1934.2670543437932,-2361.7166285555477,17.408940302486876,313.2001465390805
2446.930727469412,-2211.1816789644063,-8.632542957992133,302.5877042883727
2395.138430902418,-1126.125773081788,141.56427216367462,311.69497727520746
1629.2915668331116,-1343.0427990558335,152.99252184367438,306.7080826336505
2299.2767168026835,-2569.547573450673,208.3064389428163,295.61983717549145
2824.411288266261,-1096.8237116450616,151.16554444103897,328.6096600838288
2761.5875798881207,-2975.0413597120046,96.91970943789374,319.76770079087964
2877.280923494329,-1115.2227507887353,100.77899550425988,326.55947624559246
2599.3374359273384,-2413.3292796517626,182.61943198897274,317.0492061801383
1687.8887246923084,-1201.7554024730923,176.70724947458066,307.350744606156
2081.3269789521946,-1899.834794340886,20.21514474984098,305.36001197584415
1454.182244944738,-2327.2860170726026,8.59831830773135,337.10556114757696
2154.998699860771,-1128.1764632537447,28.099144744177842,303.05848504343675
2687.023091277895,-2846.091896866851,259.8272801825867,306.4277150295652
2410.767649944435,-2189.567596756483,-4.348720213926839,315.1625361658023
2706.982635252377,-2320.138793920177,236.37059812562458,331.3035230718938
1351.1798221078584,-1521.030071410752,104.71226406367865,296.50640612970216
1897.7800324094355,-2902.264086958206,196.95947124227595,325.50839624648677
2114.113253220924,-2411.0381060972422,105.11456232845936,324.07183336281554
1599.030665281848,-2454.045783975341,221.32237453664382,336.4143779306191
2087.9678985324126,-1480.279200261464,258.2480905292903,328.1065041507253
1570.8054643756875,-2306.7786436773035,144.80514940963394,324.1848830174342
2868.0119346602232,-1782.533353343926,254.91552715507555,306.1887673439068
2211.2060585970967,-1453.2255587658867,226.97192184778774,295.10955784222466
1367.6658471505007,-1433.8754101637646,60.5081901101652,323.43134602191043
1148.3575006125147,-1697.4930851530557,141.98039809731915,334.0924181232321
2230.3595385543163,-2120.507873852169,151.2635316929921,308.80656877602604
2161.1072960725987,-1089.607085764741,103.60817783365808,309.6405341681829
1588.2328875333544,-1391.2248830663716,193.77261824661815,302.31715762577164
1305.3551750534566,-1526.2597921552733,253.91472329552357,305.89350000426
1204.770615591873,-2229.3933856326407,69.81496904074233,300.7252219802721
2489.115674328792,-2845.6504408339565,7.272124062142041,331.58015697141343
1635.800738463849,-1525.1601738560928,153.17749943631085,295.14785172457516
2440.315686870956,-1494.8777794000575,2.1754169695557692,337.1550634655154
1253.5885518217267,-1066.2125750776424,95.29591377986537,302.99283375649566
1690.6056467459002,-1533.205294083886,20.11594764749178,332.14847734389105
1444.670497589069,-2672.385767293641,175.01798439310073,338.42930139646114
1956.9023483030028,-1426.9941393950107,174.76342284637906,339.72631302141184
1025.3301130849245,-1308.8639428190975,80.26506192415701,315.5298917154565
2844.32240308359,-2854.9669715747073,114.02984442318723,306.82614677161956
2564.5596632716642,-1847.1723558522417,194.47422746328843,296.91737067907945
1171.3376079910179,-1703.2875660745894,107.83300759259444,302.40446488917695
1911.314726577686,-2285.1976976094184,237.6695311306472,306.4301104742355
2883.801344732948,-1354.271633496094,66.94557682247228,339.7581798809718
1539.0031536189535,-2825.9671127324514,101.29517393550908,322.1588477331879
2481.899106134506,-1281.925562879576,30.280500026141937,333.1504386884392
2002.2091135374153,-1966.4851916767514,38.518648364311716,337.62363552206085
1565.5925015012422,-1054.039424622142,105.22558147513175,332.68657322397695
2090.393359449128,-1684.0683280627027,205.2566759004864,308.97740219258407
2228.226020277717,-2264.69780567084,-5.65571645193006,318.13564431998253
1381.1150255435498,-1523.8329401922658,198.71090638573176,300.5390681296922
2067.6591398994274,-1632.649814123362,241.48655471415572,302.1137105879101
2171.8715064937387,-2791.849696862573,30.694477780391097,321.76829973000537
1218.7637535428069,-1881.001319853919,65.27480833221507,316.4696057173058
2112.767485407134,-1921.1226501498008,143.70307388633444,329.85188290993295
1894.1574420151487,-1747.4478678983369,180.42838282307486,327.9152708909406
1727.9276733533911,-2573.087275310204,182.31033238092428,329.95861422419057
1157.6930405484418,-2754.856811177225,-7.266726467503446,331.82270534055806
2910.784118486655,-2463.7678811660853,19.82407005506535,327.0492644611706
1726.210102935936,-2535.1629397650363,12.929379066702108,339.0330144262326
2419.19476644542,-2134.971059018324,225.60899965713338,331.0345806502509
1441.8654990594202,-1119.7867790869927,139.21425686134464,301.36652187854247
2930.4285960090183,-1871.5147475762367,107.92779817045803,305.5012688530994
2532.887822443263,-1628.4788872141194,39.58248020634085,316.7105585356064
1209.6967875434939,-2212.859226799659,118.23305362496757,339.38711448795925
1233.6058745105424,-2872.704286859979,41.16080448455719,310.08113841642984
2783.034688157607,-2313.628615490628,193.11834034734136,309.6490815082521
2079.820368471431,-1736.0479158010214,70.32313810292268,301.34542748136295
1902.7368965786086,-1447.7808214659474,194.26832715553655,295.9286664317943
1594.3219366698806,-1348.2392793522595,75.2857139470135,301.728577223604
2142.981745634092,-1134.2149900445438,39.21095125294126,327.94267396799796
2031.0383561269061,-1768.0995618740403,161.75997504343718,326.4208992731183
2306.4809578478976,-2224.360052896275,-14.495867556703848,297.8523714052099
2962.940015749654,-1367.7275258100058,62.98896656524123,324.66177363760096
2591.987644419635,-1069.469545077693,20.663494736403884,295.02753430954687
1137.3279913425185,-1207.4833813702191,72.12644953109944,324.2695711386009
1020.17812682127,-2004.4017016549728,210.00029491628524,300.78347770059185
2839.1632097524207,-2894.400628024004,250.21865754005205,330.3762225646076
1907.2681313763,-1579.6410804798352,28.428797391160685,319.0697810946588
2236.9150024003993,-1634.0068412125506,182.21012016856605,315.4809660212139
2856.6126422981115,-2934.0356154993133,190.57302975357445,339.2485772563481
2751.4233407707898,-2432.9030288586746,160.33702633024117,326.7236314793546
2904.0999253194077,-1293.4521726679334,72.82277715239415,312.68431372114134
1043.609216151991,-1345.5644077539528,207.35838969800486,321.9056314940577
2439.818135305744,-2440.8731545158225,15.958407970675285,296.87197122805884
2056.880369402872,-1076.2953909165983,57.82489620511335,310.03143672592233
1089.9594252773177,-2574.9687168963633,258.24107753916485,312.8978607684735
1829.3359006599303,-1624.2080688151555,101.85502343009283,299.64566672792336
1471.4207583298337,-1156.419010011865,170.0145164092615,331.1834726261694
1691.4260123504994,-2130.435547380793,111.90276244832968,339.50421791051014
1381.9805043451427,-2056.7884852673997,91.36360682976418,317.63203518168837
1509.1911548469238,-1657.4821967641071,57.06921382246223,300.57099182751205
2589.118661714002,-1885.548680884363,154.28848238211373,298.24779544223315
2388.1251759333095,-2218.6451893916346,59.01705335881596,330.13263391734796
1176.430736739052,-2595.1990339546846,133.66873715305928,311.09971497655397
2829.0124448807737,-2328.658415295573,80.65153882564006,325.6515851440135
2767.584335473666,-2881.0933580700653,29.28177335845364,307.10032608138647
1517.8539163948687,-1712.646970653264,137.81451577482693,320.52016021136177
1037.3648042155248,-2684.000741559058,208.15703361085946,332.8463249671932
1514.9888893371472,-1701.6442125925823,135.5526909623637,318.2869500868267
2745.4833543294944,-1602.111851974387,211.08309252140612,322.44827650516595
2256.667907223117,-1784.4599003275596,167.02409692635763,319.5577024481545
2096.915711650752,-1802.4205641205003,112.25389131145317,304.74435007745666
2217.1612415227482,-2282.176802362228,-5.3387156397036595,302.3205081760605
2774.7595319978664,-2291.1460739644745,97.96659682416804,335.10245384718297
1441.5455690976335,-2587.784651071718,214.36297754925948,299.85885635358346
1629.7900680071016,-1482.2821255597648,52.42508269162079,330.045303981096
1973.9654390178066,-2554.8840439719743,212.8588879323343,337.1883983729715
1369.8279785092564,-1127.1472441737048,33.29475583896407,298.3786829660883
2407.7745415103973,-2350.4596763531526,102.69565574856576,321.1154745709
1215.1192332484488,-1575.009764858244,81.32866735260303,296.7127097818563
1428.7397571217562,-2350.293941618185,125.86285354056227,332.93117283603124
2389.787392848318,-1720.0275397544426,170.86900329331775,314.4729869565624
2494.4359724310452,-1857.5712808577937,199.99302843293205,339.0569085127742
1186.2802753860474,-1678.6332308040774,-5.7750033619424475,326.27502888060934
2739.2753543558674,-1222.5219666316875,182.22862576582122,333.09612964935167
1682.7237835263636,-2979.8653150548757,211.41460640958942,331.86142520684024
2337.8552120878094,-2319.5707810311133,178.59555883735302,307.04905436775726
1379.2213888390902,-2215.462762933978,117.12712946776364,326.86933840458977
1265.0228019855656,-1329.4870680672,165.86483520102868,298.6572939058923
1612.1152997359168,-2732.326312443055,211.78736796622056,332.9762241441475
2809.0425008018988,-1819.8481786027507,210.30251376921385,314.9687425382369
2331.2105427773276,-2975.6365163903283,232.26196347654204,295.60312424228533
1180.9563269109437,-1700.494807514814,-9.94891944576264,312.84324693386225
2619.9191745573034,-2271.976964477063,199.029723698634,339.5831376634145
2858.4630781356573,-1546.5290653877332,70.87218431912815,298.99334341185426
2142.115348196155,-1643.235782263748,111.77783227412488,327.74102017821735
1505.7303588821433,-1339.175123071077,67.539344954489,300.5004013576424
2804.0331419536064,-2994.0471078280484,25.646455418466793,309.49348007699587
1530.6601914309272,-2087.1275352171197,1.59523597186557,313.8156307827733
2109.6369492895446,-1827.2390561991424,251.17234892378298,337.93845462736886
2624.657599669982,-2336.0128796393706,218.51715704271865,329.22892467373714
1837.3732412429229,-2272.6787693004653,214.37094445219032,331.9247256967761
2259.989758834214,-2055.2689236921046,172.30708560010927,325.1399197328595
1473.6306026666077,-1216.9639199259775,197.51515257432496,301.1635758788177
1472.3124184581618,-2035.0888839555455,73.40953950237397,309.0366529216092
1302.1294356813623,-1995.2821034489314,128.35800335066494,335.8255479551893
1116.5904448978667,-2726.71598297365,248.88087609798322,311.43665435063815
1921.3623210145124,-2095.5834833373665,143.68363109578627,296.363646973815
1316.0447987769194,-1036.2052576237688,102.223168286457,310.7610202481268
2650.8579233974806,-2201.03734358573,145.71964363010005,296.98953319391626
1180.5256304330956,-2951.2923569161803,246.23943050435292,323.46792731131575
2946.5402412454223,-1220.7559216382758,47.991613181328155,328.34292073602745
1588.4200132853364,-1384.5385510799401,107.81576118410226,324.1237613778971
2090.245530869734,-1353.0112447851577,80.72934501030763,312.7078121556526
2012.0065985258839,-2505.4699902597786,71.16375953581898,324.55692222278674
2223.721135420371,-1345.3687460222004,221.18762609961186,311.04566100632104
1550.3651470321088,-2693.2652062597517,-6.257657218909685,309.40530518048456
1278.3447761687185,-1825.10986941223,200.82903463476757,299.3537409651357
1563.3519371566213,-2190.4667073059104,134.5693872995744,314.46765858169806
1715.9671437709235,-2785.4769988095813,225.68667573771606,328.37810877408907
2378.400320819498,-1562.9213568225557,187.57939433660627,313.81173508200544
2561.3497630634256,-2359.8508883218583,56.41775382919431,322.6392850110583
1119.154354155502,-2704.793544063958,43.964108634015844,303.7941594202176
2721.887180786826,-2157.3120986804106,199.88748372634763,335.7842218366254
2614.170654641305,-1393.7336789656383,72.59559838994619,305.46735904565264
2680.1633454895828,-2994.299209125841,59.717511284140656,328.265818915204
1444.5627638603466,-2410.4752952554627,11.83131210892908,331.1914454015333
2343.979951141403,-1482.1327230516501,86.46848414496648,327.1629361486525
2825.500736345838,-1812.7613477242505,10.30481182638626,301.9673302397253
1653.030702886948,-1582.3132211069749,117.60669773497153,313.225351226368
2062.8427325934927,-2744.1726841273003,104.45388215193462,328.0533192587321
1417.8141144722113,-2410.279307840667,10.87092472638006,301.018993711009
2191.3723924870583,-2439.66510110088,95.61763732596722,318.2973183951477
1779.1287385602477,-1901.586927217176,173.61416028571819,310.57321592671695
1364.040939378437,-1878.735414671331,4.708543208651161,304.2693572841125
1326.802996221993,-2689.6119252860735,152.80231875261313,336.7928970471547
1098.0108763493045,-1809.5012885689036,232.33953263422498,307.3703850120767
1073.610000500508,-1359.4354062369541,145.90869975354167,321.27551659557673
1159.985159983554,-1350.8486991165178,21.076236317061465,325.41691229517033
2986.7135050770353,-1537.264704493962,207.1586463046467,307.8350546855679
1475.5681033992928,-2283.99327027103,180.86089206003135,333.6647269667672
2582.485536605379,-2263.5757204925085,240.41431393295602,329.4475503896334
1723.2008369879106,-2567.0571647186794,167.00750935599763,296.743914893394
1845.0916623272353,-1210.5708750683798,177.35775320145967,317.06847972353387
1698.4600725628704,-2457.7016558615196,201.73039774462836,298.3857391835542
2109.722385678281,-1763.7315359895865,168.27536295007047,333.53974774787434
2624.0186517562097,-2391.848532711755,220.67139295888728,308.55410514668006
2119.6274175868302,-2425.3336904670527,221.60686722495643,332.2958387927784
1642.1356216989843,-1326.8023111278706,-1.473655902469563,339.1335608249336
2899.9355978001754,-2443.128146518492,95.26741257658257,297.6910006792875
1672.4859643989994,-1558.7354533365226,15.758536549566223,317.52087810170565
2417.0988516656917,-1431.3031857884928,159.3503309425845,313.97601243826705
2584.1638224028193,-2917.4311334942845,53.97759467509189,320.4107586129548
2906.337936414741,-2916.454180929776,46.502232977862775,310.6290773820336
2399.261627400131,-1953.5577095197802,43.00957943211466,296.5760166496795
1446.730858503216,-1589.8350153508545,12.031383663610686,326.6755915462679
2806.7307301196743,-2298.9942697771758,173.0574480548543,295.2094642655894
2291.582205144644,-1651.43932352916,249.7443102925538,328.52447227792413
1656.1867099648753,-1118.1758608844889,73.3678336527795,331.18724045633826
1263.4355262796685,-1008.3224182560082,5.9492448015855,299.3385247033996
2476.0529305518266,-1261.13574725043,36.84623533408172,330.2958844891096
2705.3173341897573,-2678.316459187069,157.39537188572135,306.73073903209286
2593.2543863637884,-1096.187523255305,0.8387856585155049,298.8971725136376
2624.7467318268214,-2174.1270966206475,114.0764245933652,335.6282772497068
2884.417133111727,-2369.070953807936,255.68569931276443,317.312293968252
2460.858668042558,-1470.0848183706196,204.02764623177356,326.66454399862005
2357.8333637890837,-1366.0823347627465,85.3242019734514,327.27657637293953
1349.493319055383,-2240.5342108791733,113.30588817661291,315.7804096088987
2043.7216187126633,-2939.164667927691,167.8761584347043,319.55360311945844
1795.8153194625065,-2910.8647536621215,208.33468265339118,305.5804890455507
1895.0642113628624,-1723.1789124019128,147.50265286010503,325.81480686068846
2145.3241766837145,-1653.5264897352793,1.3287563245800023,321.5011279146837
2591.5356847517187,-2509.282204652946,114.97515804787889,333.78305552780705
2306.8807689019186,-1709.5575785765807,44.487903806809456,295.21529758307247
1809.485172937776,-1433.8716894491754,129.9733780816769,318.29220923472303
1098.6786118193172,-1671.2648428826776,235.1510659299121,296.7261919082639
1737.126744400609,-2112.560043470953,214.14817461545698,300.8409021083781
2306.1677298878285,-1804.8723439558307,168.17638573489626,330.4493981775758
2081.6839379712565,-1619.8637645764063,97.18211791501334,330.331358517074
2054.321597598423,-1738.917677378266,168.30168836637293,301.2614163463887
1149.2572179620288,-2384.056729364213,135.71896444721958,330.1647456572974
2289.892860710431,-1764.9481256396725,181.42594364406065,304.80175367358663
1563.2160898748766,-1984.1813561871722,179.90740382174968,336.1777486640832
2923.958671064507,-2375.832167879999,13.303005148235489,299.05401974583623
1287.677815605232,-1399.4344351281163,207.9355130442881,335.57913557413076
1876.0154157900513,-1638.777924016494,177.2455795884221,299.0605427574427
2508.9720015935413,-1155.3909593749706,215.7091994960782,334.61458313165684
2569.6055163676638,-2997.180940723648,86.83940482213286,338.87185369726785
1727.8560833587485,-2119.76673710948,37.54572961587579,319.7026531750801
1949.2238366028198,-2103.5584465981783,46.95533363331871,299.23235085684377
1018.6287034269945,-1006.9920411031019,197.18236799246836,303.20968146200426
1013.7098023351283,-1751.771713426302,99.74088133137417,308.2038375869099
1388.196917644979,-2167.1395083153066,185.17945617535705,298.2780157479062
1806.652316122093,-1752.7466298305903,247.5448907590461,320.90867398877
1006.9784115847661,-2912.869020044253,175.7948905409908,337.293832574913
1777.8595576563796,-1366.9803177582723,116.54701428093608,300.341276797602
1659.7533038531587,-2232.78478954043,47.69743160803115,304.17662894043315
1690.6379809134455,-2586.721030131067,11.32862475824075,334.33575738744594
2773.6940719243275,-1693.3796433796383,11.484328774682389,327.1337273103048
1239.243394445436,-2737.2723409874975,29.949637015057554,318.69746731585224
1932.3886851681407,-2298.0139928374388,225.7123292335746,327.0678064429925
2893.1814220910337,-2703.9707787370808,188.04027513988135,329.55493052552515
2400.507281623699,-1249.5004122747268,-2.533741880543264,330.91676806747694
1631.4970249836224,-2483.016259217628,10.524470441882269,295.32991049244475
1083.262701028794,-2468.7487020364974,80.94954533932993,336.23579189893695
2166.7720735552093,-1942.2513994384085,85.5723048812617,334.705515275361
1462.8564662060585,-1680.0596916013865,185.65560425470497,304.56409454016006
2328.255831175404,-1368.8004176477946,106.41197918593824,299.3069097950836
2440.3672585622953,-2970.5554004391097,240.61424085191246,325.1571329220346
2691.4389218624146,-2006.9187548008417,259.1678705312412,336.9123425826493
1920.0961402370926,-1725.20129089139,156.39928548851762,295.0549784836348
2911.5760759356835,-2686.7343815414897,18.39278221632408,318.10628959447655
1863.7866159358573,-2972.2951330439682,35.640771380795606,315.7781307214204
1683.8385167120823,-1125.5787389134891,236.2704106293426,320.8312927731593
1592.836031693574,-1757.1556152662067,227.95870418415635,320.71506545971624
1181.2558957963602,-2761.0159476323524,21.890687275658586,296.2003642082337
2392.666514362554,-1777.5510210292728,86.9544738239192,335.8671828214615
2319.117846330615,-1303.8214062264803,190.97723252136035,321.02711569809185
2363.1988098104475,-1255.7738220747492,-5.292791230766209,311.81653585329053
1501.6886391959376,-2453.1582288583313,105.00256235435359,338.65294350679267
2332.0890247030466,-2106.363188343889,54.518499462710324,336.9713743785807
2193.9728835021733,-2214.6668934681957,63.016515113617174,326.9075238218788
2781.181387869861,-1412.0106457816669,110.87680326859437,318.8638488787216
2412.262221824045,-2290.2204999169417,115.03820873168647,319.3341740387917
2091.842736716908,-2646.1686778814706,222.66584486559213,321.2245241346349
2276.295481023685,-1511.9710960968132,197.36711216012804,317.1421795025112
2585.96972282328,-1601.7764437807684,75.8347814171926,317.19639701162345
2337.997673551353,-2478.350049056923,30.08123436946933,318.88282018451696
2038.075652987868,-2042.9583610283823,254.25557762456862,314.92561429784365
2765.2466805170257,-1501.8235523422343,176.6316098015999,323.7117551234024
2816.4109635565183,-2160.37210617056,200.98224092292872,305.5692563933557
2545.849504566579,-1427.9515708865783,109.24315717246077,314.59459281768306
2322.389764992888,-2259.269337590992,199.25765896330043,330.98212373504634
2445.7637867054514,-1019.7115758974494,231.1815864590296,333.83420455637724
2215.5344186878,-2518.1157531136732,169.96662150411416,307.2175969982503
1060.9561333781915,-1145.364591945652,-14.112860941416992,310.44327860133626
1677.2891766076636,-2492.7244551987733,179.3393368340405,301.242144807869
2614.8531323539655,-2312.9314914381857,209.07764542283792,314.2498143710579
1076.6540899098836,-2974.15866523457,13.850332740132494,300.2573795059158
2319.8212502464116,-1372.3952598833027,5.675727202399528,336.8629245311882
2515.3773279842835,-1322.5712507945252,72.65367579054407,324.8257791482677
1144.529910065867,-1884.9161072791476,236.70088985132472,333.3911815876757
2082.7933524044483,-2958.6321866906405,253.81745754462656,332.11564102646435
1431.471505323744,-2116.264762042814,237.56302443000783,322.9055312242382
1582.0299131892732,-1116.271482582406,17.54819545603315,311.9401946326764
2141.065415340363,-1869.2211498692163,221.81234636329955,297.5952901429076
2835.246199404083,-2828.803029456206,19.839156311034237,330.8918469275313
1434.3570645773257,-2347.0120733298704,218.81615019444837,339.41757364062215
2324.709612474512,-2092.008260044846,135.65341913932974,296.9327981925446
2342.092966806777,-2039.5627359050686,50.30082443634082,322.134525419986
1149.5691608605757,-2273.612639243984,43.75123524500444,323.13498649374145
2405.682296235929,-2524.9902972046475,19.335280570032253,319.6467343711148
1473.094693691924,-2579.561740354742,30.45351218055977,299.8365495340349
2646.1334763063996,-2650.031577718957,68.68392500981248,330.74491374968557
2951.1416489334547,-1914.2628597854145,-1.851537985941258,299.81970272262055
2754.744043581586,-1192.5338512253477,113.74572722165175,321.33859757368106
1972.6342772867197,-1423.2061895872962,41.561239895451315,331.4234315564654
2770.1219465715176,-2599.9132004127623,63.27373212415206,326.9173352698892
2704.8823942793997,-1855.1687477522116,87.1843748141524,333.17176291539045
1446.3701778426814,-1779.2965444038584,82.49453091986251,318.3987587615745
2239.1026284462823,-1565.2847849522439,161.54370076940444,331.20216727916414
1962.6169933662209,-2274.247327865204,34.59035305790723,320.52409980747103
2080.2377465212094,-2924.8685090305576,36.585286227001085,320.4250608438108
1953.039098294325,-2839.1018391207504,170.1689287070941,305.8641927393853
1404.0824817431283,-1124.024045711081,50.075331226030215,321.83302039925576
1888.3692511751965,-2025.2316028278806,213.07016281944885,339.8863715160714
2047.4234886411484,-2429.6966099303813,3.8645738663444327,311.9794287235135
1532.8394168495277,-2474.8496843838184,86.91570265841099,296.1899516288547
1582.8154175762018,-1565.3513476297485,184.01132738655863,324.5151465353965
2367.543157787649,-1750.5942779273944,192.53070428613668,300.50932840276283
1047.693876846945,-1500.4118041641302,71.51664508455355,338.97903160803423
2613.388186707746,-1268.807523148176,171.32868419467877,321.7324065350848
2075.44216953768,-2007.2445937413631,107.47798633361185,295.0816238804731
2656.76652439152,-1132.1618579950164,-9.499176818686053,307.56104746563597
2339.879418875207,-2064.1785806926587,206.4465375582468,339.83039596300296
2998.465152938894,-2552.5566090434877,31.751473825456287,305.304590629917
2239.866148538898,-1132.8118192493864,119.0061694872808,310.01898375702774
2321.7152800637996,-2307.5637390658712,100.15093219103102,301.3555381559004
1395.7018575471866,-1332.9850274603932,107.12404750360216,311.35211531920794
2791.5887006881712,-2628.0648054542535,127.44804755308564,313.0394387279031
2566.4856089370587,-1439.6452052856534,47.11632185829357,327.37477309243604
2104.8761218999016,-2921.822493683029,169.32528317391274,321.5990471516664
1807.731019160687,-1967.137914091423,39.23967776908388,312.84280623651193
2297.71128898163,-2310.687663449592,175.32256247364555,314.8092502628944
2280.18640652758,-1720.969463514121,232.60365044759476,327.71011335332383
2272.9331926619716,-1510.035036810018,138.11388073937965,321.2857641866017
1624.3145946481657,-1989.963034389937,159.21132870146255,308.5684859585865
2873.5645936266064,-1121.1919478351583,31.366536094670707,301.96981558658524
2183.158021933323,-2545.4121228664444,137.60520579065079,339.0567979470754
2302.6830491393657,-1848.6411311109357,159.88225104500387,295.21495090484495
2623.5991159172067,-1926.1218656760009,139.45888459287298,331.0365487483867
1245.9246948053553,-2541.7409273888634,-7.172289595821974,317.56735852724773
2652.7331859651104,-1029.1677426708084,200.4443736606107,318.20339296769725
2610.6713713162762,-2739.054158056183,26.100300360970344,321.61978157394924
1532.2273299290837,-2838.4099456813374,16.48651856693874,339.85604069164657
2340.888958004882,-2954.5409734764153,231.32791987875297,316.4128692316339
2905.975311161914,-1263.0518052933198,39.190985741538036,332.92542101750627
1510.179942998046,-1041.1001457697155,187.0855809479519,302.0964955893868
1174.1114196351173,-2127.964940530962,66.36914020861998,296.5670390307671
2110.7315057048354,-2817.3764992220126,-2.220789794700462,309.938759777398
1083.1650299079954,-1575.4014407937768,5.673830242704067,337.1758391036133
2506.9686490021686,-2261.355985267503,27.45122029839456,327.24296085565646
2475.0273256193896,-2431.568734668565,140.00885878956652,331.0411666953659
2377.047365970903,-2707.160718419295,247.41008982823337,333.2959590304911
1793.3211766920235,-2902.7057996673634,87.53976701373664,339.62045243025614
1794.140411813271,-1358.7149264568186,68.67929784570318,308.69573112017844
2801.981791914736,-1170.5785628945712,76.18560696000544,305.20342918128955
1868.3208967646137,-1403.2851336887436,91.23212156234285,304.4654338350506
1236.412271909127,-2467.528919275833,217.6682356670626,335.57600385069554
1375.0230496504137,-2575.8575757330436,232.08070162795923,329.6403836740026
1377.4642871610215,-1816.218177562004,97.71825403918645,295.0144982487452
2572.54566417927,-2273.708160270661,102.1033199007427,319.6540457341782
1918.181216041263,-2543.600556997139,204.20080356538224,312.3550779130799
1073.0477340742561,-2948.374161240282,206.36005634300216,329.19576390779304
2179.8724817144966,-2331.5177727704395,177.83571322553144,305.43241453712756
2839.901382621215,-1584.2487598472069,140.02783268973607,307.4756030771008
1655.5265360878734,-1369.2649392872297,248.06183441688728,309.69047825658987
1177.928159459706,-1126.8503348508993,164.5778629816683,320.2091711955761
1514.7718549233614,-2444.3804995717787,47.72693867680067,302.18939258378435
1759.2214412964229,-2602.6791433636135,74.53520003998544,320.78902957899504
1269.6814217537035,-2742.886537774544,132.6358423786128,329.3248380218188
1003.16104620057,-1762.5225722362845,242.42519188560595,332.0698419998241
2065.890678605756,-1016.7028916160357,107.94782202884842,322.4351283022882
2483.421608944852,-2209.6686888557056,107.25825095932927,307.4110839307899
2849.171329833402,-2461.1233290395817,195.41795913186226,299.9108230780381
2169.4861309180806,-2093.093536779914,198.43743134050666,296.32630995780556
1423.8913740025716,-1172.0728845656436,229.88771379105575,328.7368797581549
1785.2677501303115,-2558.908209730105,160.05008385759555,315.2020115521906
2144.7091096471813,-1084.5566035077418,130.59145536090804,319.39944183465184
1947.3801348456914,-2391.722046627726,235.48631084351481,299.31469883659753
2463.74784350922,-2750.3479237677047,181.480535472723,315.84078794885863
2829.3083551939862,-1916.6445925856285,6.372425410015669,335.8709867518652
2970.596585681724,-2249.1901762024127,55.02041911033214,337.968295282967
2875.8195449437735,-2631.802454055285,203.12870058163415,314.78847173634773
1353.1769083455697,-1434.4271111476262,148.308709394801,296.2818299302602
2148.364555115276,-2276.1132744195647,176.84873627865693,327.7629508987622
1646.0017560282586,-2620.8890461783826,167.47143969449598,303.9392637342659
2411.1800472726563,-1011.8479261000552,195.99904327917213,296.24187438579037
1784.0504484269613,-1104.6469102722526,146.98442523846296,302.2091374554402
2468.8385570535384,-1849.900019978797,96.24656947033228,325.6158556620638
2195.5836850930154,-1430.00960147395,246.14547272025823,313.5043085376787
1571.095457761515,-1794.15287980614,88.2203830804503,301.1176678670102
2488.067737392751,-2105.8119281118197,176.85520447878253,335.605296588225
1775.4036451725503,-2255.1348850982217,154.81033949518488,335.19751922584123
2602.104396391752,-1274.3397084964874,76.0940476926313,312.115170070182
1774.305170332244,-2465.116318949759,193.08065360371893,318.2314297647074
2796.5352495877073,-1132.308125947743,94.86591593894194,296.15917647186063
2039.812079467593,-1569.8414536148284,144.60741359846205,331.6252606776799
2238.4800709005,-1010.2729362747896,77.08979697349424,304.92556280633823
1887.9688258716185,-1270.4708500855393,123.48740304763135,297.48280901548077
1226.7528833209728,-1970.1958528509228,92.33289521118839,325.99421107650886
1620.1814393983677,-2866.1681286216804,196.89131757591835,329.36559748616367
1053.9091628889348,-1438.0025122264228,172.63943879035094,303.47645067032533
2955.6523954672994,-2451.6551784370185,93.23197430958562,333.08719848183244
1276.979884858775,-1198.289666789232,88.13253925124499,304.304584957485
1665.318466773697,-2132.345308579908,165.47879506410592,313.7487945861556
1207.1573430417739,-1853.7213242941748,174.75570145399496,324.5804065758792
1575.408707357859,-2208.139997277501,209.188085149307,315.6673983702927
1240.5196499028002,-1386.5563054123093,81.17895685641103,325.1792511892588
1068.7531173019306,-1029.9980440001912,77.66454874335226,306.0128244335634
2590.287326867294,-1184.157983362939,205.44784957346894,314.73476012295146
2330.9158024786666,-1583.9706341427918,159.4614311148309,325.0788221428238
1711.039399205321,-1055.2587187433774,163.90034761572963,295.9952845273625
2441.7704535219436,-2243.9879638054276,243.05403029886816,311.5893366983648
1231.1946106314194,-2415.956842791147,15.19129260299253,297.48790320387934
2751.345300313228,-1178.016355970179,17.732333918838783,296.05298719059954
1311.0930543615896,-2399.019600236577,37.26517073458591,327.8567318974563
2783.058907491062,-2306.517128302321,57.06874458035196,316.01604066177265
2936.5116280407283,-2196.7932648871265,228.7428201894998,304.843691084677
2577.9711984814503,-2470.5666572359432,135.24698771698425,297.81707767346745
1714.2626035556511,-2736.028314760036,-0.21560128165336856,296.7280830338027
1747.5329173688183,-1103.2887795669092,48.517194763857205,299.5445444085863
1886.1415606914784,-2555.262807725057,251.91792844666958,316.3495212294482
2531.3374911995443,-1632.3579278318698,38.87066139530713,298.7871723191328
2456.202545424796,-2015.2439352665447,78.6157666637448,316.49157357184475
1501.4195910375543,-1825.0198978753206,132.26963036766753,330.0578437132607
2671.7277994463707,-1633.9577695171338,245.43457582773533,304.5111359870075
1755.2171268158872,-2998.8505524399357,139.9343868275756,334.7431403143612
1651.6524880187999,-1787.4747705604707,184.95797647983736,309.3922198245306
1573.8158543080083,-1521.6716608142965,166.45665224276163,319.15050562576124
2800.2261834108117,-1397.1881211212992,148.49018534198933,334.7328239764584
1133.4457271437843,-2818.24282519647,250.29014866570594,321.2595909710254
1761.0437181313268,-2519.756313008577,144.4953469722712,339.3260467428723
2695.220670516149,-1246.4737624778738,193.4743389440185,333.14912527348383
1653.106137506901,-2460.479680505079,79.84436568615281,336.88409086403027
2982.341996807061,-2433.3694450632565,12.634788295629999,337.1962366110224
2065.28543287481,-2172.5341062611105,112.66435294322173,316.797862058352
2339.992543213657,-2227.9525934469066,246.47957226353446,339.25275224284474
2172.08124805109,-1486.0505679296411,162.01687614191587,298.0705838409239
1462.981988341147,-1483.2400933445163,64.25345377570473,323.4560696874801
1279.10951853105,-2195.024944790078,139.31386985324463,307.57977989114056
2345.827652994515,-1099.9020731093046,136.22359368399734,318.35306396676225
2821.9996899559083,-2077.747741674213,256.2022036104837,303.0957683250062
1821.0301397626672,-1822.561176411167,207.02157030980848,299.80337893104576
2972.5954100529807,-2656.0887401606146,85.84045958738699,310.0976142335217
2354.773672192344,-1112.4773707024283,146.51361974123984,326.3521597781375
1708.8941604833765,-1890.5100290585283,40.19025184661167,333.78358232508435
1797.1445255153378,-1976.8072517880369,120.24849683680128,311.98391082024466
1515.7564139681913,-1936.8349737336357,65.24431112849209,331.4291686351274
2389.388512047956,-2010.2784691812922,-14.019131470608729,334.7997876766009
2303.564272735469,-2561.6370428305468,149.1674724150881,304.3602044078789
1606.872828973063,-2163.861730604718,136.80960339000686,334.3559193153968
2985.202632619991,-2547.9961845292073,58.95350269388247,318.85585035395115
2821.537649070435,-2209.942344915702,57.18996132163579,301.55623129816416
1215.9452959126081,-1759.9070657193854,10.420983172220684,297.7399081328513
1399.5753349508466,-1894.6823425643133,113.0152524969883,324.99908543275234
2086.687714819069,-2064.7680381717432,45.83327648396092,332.8073422409238
1268.1065650943076,-2674.5598269394345,59.43929454936546,305.66728981951184
2060.3440273258057,-1146.646949451646,85.4157116443686,295.68069479263903
1742.9783357313336,-1901.4162739749502,118.3988724620674,334.282446571168
2616.219473733154,-1089.0912675303293,67.72526972265943,314.3963658975523
1384.6520248455156,-2709.0208485535495,248.65360497639,323.0066745801929
2294.2863851029924,-1915.6119586188586,128.57774289317027,296.1270809118473
1804.574770301229,-1213.8882370437996,99.44781762195925,332.2102198471788
2252.583326334963,-1674.5576956036514,43.459361784629884,319.54365031996673
1358.2594760382826,-1452.3375366456537,107.00927454447891,330.67597779917975
2087.408302617849,-2438.0797725711363,144.5465741971609,314.33331638852064
1699.6510573464284,-2027.618190813334,28.23027901674559,300.512876504515
2575.295269535164,-1860.264028715286,98.44019073044825,339.79735736797574
2185.636230026471,-2952.185024144777,198.95812642228114,304.6900787126238
1641.1001697655056,-2422.5665416844377,186.78137003788427,332.96005525288126
2648.210677376011,-1900.6341003567231,107.21866964649735,305.33758984066566
1905.3065460953626,-2224.1614723820417,98.11617484720603,328.1214155796126
2471.9644687530867,-1555.8627531099914,248.7782056584826,323.078513025299
1012.4206900617754,-1242.4078867166008,159.74385174698924,335.9823936649527
2565.7763571942724,-1881.738066684864,1.417409588998801,301.07126129258637
2067.4493351374076,-1073.0424983852977,189.73930094633695,304.4309740116837
1521.304269851999,-2740.373253855125,254.78211970740745,318.00361626289117
2081.567118253226,-1182.9867441021265,217.00176961319983,297.65079558443864
2534.3538433434305,-1545.1974634014782,43.14646423093868,316.7220251432698
1853.7776583233785,-2090.2231481544645,30.136585063019602,312.6311880612004
2620.1402554765045,-1732.4453004418021,101.62235540023869,298.95485701600444
2841.578859534655,-2152.2580640878127,159.4480503286998,307.28367437906866
2990.059170774196,-2115.2209235616274,248.01436982904312,305.9767789180578
2851.3239630247963,-1972.4334913618457,196.31903829897928,306.04286607188425
1717.4199297059936,-2737.5313202847997,87.12910447778285,308.1930725942021
1926.0018562251407,-1712.205809206083,200.02035423870817,297.5399984452075
1619.9283451741906,-2287.629241203533,186.54466244302014,295.5923783840351
1689.6775972389435,-2307.3271519640957,40.06060921870771,311.0084331981191
1002.1714153010348,-1210.4453700044473,257.66068178831415,330.66319013667646
1333.652757808925,-2907.187702341021,17.199725068885748,329.66356034317164
1775.7512652713788,-1343.3850872724424,158.802080571548,324.42142498252366
2214.3867891435675,-2536.2593724021212,175.1989992411548,323.83332698563333
1822.4015287341117,-2611.23282449678,241.58864154762944,328.74285329399424
2930.4974563228134,-2482.7908118570185,76.07649553364828,322.215350967619
2545.5029005165434,-2429.0561585145047,84.0739104500692,338.64265425947593
2315.1018849039456,-2800.381181536278,178.09974159762592,318.1508783684798
1422.4708770290115,-1648.4955335579314,243.72099484628149,304.5767387142097
1132.4666447267537,-2823.8072014141408,165.38381785038752,296.7767875150853
1533.5138321621205,-2361.5969837980783,95.29844477436521,299.93804958992524
1887.6360688567947,-2861.8709294483738,189.3598859496266,327.8946632811836
2299.515659144162,-1193.9609484073105,18.062527494996488,326.9564095306795
2552.769876358606,-2915.448165676249,224.8419240844343,313.4558074075422
1557.326485569175,-1089.2613920981685,22.98894079238506,327.53708363779145
1870.1606175697862,-1447.4788606363165,196.1317933835545,309.6539364962197
2701.399285805742,-1671.0870565857242,-14.50727175556783,304.1231598655891
2521.6712977544817,-1588.5668937615785,93.12244441983722,312.99530756534193
1990.6841708838567,-1410.6384002338218,217.92662006672325,339.73776588690436
1734.3919977974888,-1355.30005999294,-12.804342480610277,297.8660993214053
1382.7959526869072,-2331.060483911966,204.4144163057417,313.13347985261726
2714.8837284719157,-1681.486229129672,85.24589882910674,310.0372783973624
1445.8472708746358,-2485.6934959846176,133.98779737942326,315.80980327274074
2532.330050381484,-2783.952966110854,245.42369313981624,322.6872755603128
1433.516663024591,-2454.3587117414786,11.927993275174781,338.7228419580234
2247.8809706950124,-2897.5803431600025,92.45480870146638,306.08888090428087
2861.214320827742,-1760.3090078059356,25.817000295377348,310.9166699304967
2767.3348553395836,-1724.1082784882583,140.81508125552665,320.58340699184464
1072.90243174687,-1478.2642120408998,249.34380115295,313.9880041689047
1957.830652776814,-1390.3880299152709,53.53031735657099,333.59818783366745
2437.4205434614532,-2323.8902169787148,167.81477033866128,296.79611010362567
1327.270721258547,-1730.3099258977154,60.900085296428756,314.9492974492029
2389.808807431582,-1877.8267603899403,106.60889975253959,333.1812782350872
2383.5793257253836,-1149.423269517086,203.57150152271177,310.55484921417127
1445.9364375633195,-1611.7508940204157,11.676108305994806,331.6771312539198
1574.557864812757,-2870.7022162709036,155.25765171596842,325.4893047046451
2111.1019899546036,-1063.966111111615,95.17693908135321,338.5056414430598
1079.147236686817,-2055.5535838826845,164.9261391185954,335.8570187392044
1776.7875581588055,-1461.8794005986501,51.84002717680353,327.5505769567944
2158.817593673739,-1575.1766948504387,221.80856576904472,309.2883269602466
2110.7954956318044,-2012.1902334246813,189.76023765718543,306.23412727655557
1378.8234631191622,-1940.107525247074,150.0959730015631,335.1133884792029
2208.5151693965563,-2551.990630375724,257.537959320868,303.6057659059886
1128.4446200453704,-2759.3413404411463,206.87380357758872,312.0370418156668
2821.673455598874,-1139.7956501880826,158.11039831920542,326.21862035178304
2244.085359284371,-2090.520425727962,84.86210937358143,301.17396719372346
2873.748855954789,-2237.5151847291736,120.82602452355638,332.28417091706854
2122.2083090447954,-1047.974672500859,162.41925168091873,297.68435507243163
2623.9268320266283,-2879.425615169011,178.64718194169512,296.64146776228637
1844.3882701405685,-2866.3211014575963,255.36816333792802,314.52195957935487
2223.1057331656493,-1645.5509828433746,89.15447342022483,328.1700255777831
2625.6458995022067,-1590.053036886016,138.37399372528915,296.10542262850436
1479.7198695509005,-2696.0391599378404,131.54271055270348,295.06516351485635
1769.526260467679,-1901.5147696456816,38.55339469370172,301.4877096417055
1848.6772114345777,-2277.0276121731367,163.78614123120025,335.6425472397631
1717.9418879866867,-1440.841772892447,62.274247700777906,337.3721135095809
2433.9063077512674,-1342.2613296443494,20.88427612515236,304.5062876211183
2750.634022944132,-1396.3891221308131,180.12375988624294,332.97926428692665
1647.729888469576,-1905.7471773808047,74.9222179884112,298.0474664504196
1837.695701451636,-1524.8463225079424,218.61438975187116,312.96998837754126
1040.3684762681123,-1910.0690068048393,140.92612487969265,338.4633901037812
1343.1786110783326,-2112.5371713881345,163.15450034781512,323.1312335015038
2222.251770550106,-1706.878836044538,89.8714961029366,299.36835296138497
1572.463911994454,-2853.087372599462,192.55980428322144,334.9748023701818
2863.2494258421766,-1483.0262346374363,134.68592320734933,304.6133465873835
1944.5592957626486,-2702.6159795308567,0.18459142880389834,303.68305237840787
1398.1860486217117,-2438.42975953286,188.8396523864019,297.6717010041975
1151.7943449383101,-2914.1119841005975,56.77340037037638,298.4603359775998
2835.3311371046957,-1043.8048601548032,64.02561803714295,302.9479344169541
2246.959736326912,-1422.2594107562313,114.05221301595802,334.75938662754425
2317.5798127188555,-1608.8682333100453,46.928547647879945,309.6796485906121
2953.5326801150086,-2389.9110788123844,187.30847006835887,338.2533409641595
1047.4797356411727,-2169.4693145470756,152.3103788747243,298.1585353982423
1182.7787412109853,-2797.028463327833,214.5167390376827,322.55619762998566
2913.5905500760728,-2246.99672604386,155.9060637408199,328.24542692578535
2980.507900209843,-1510.501932656059,136.93696212872482,301.7673098586463
1097.288173318039,-1320.6735847613224,166.3628380238477,315.9964897327308
1965.418517693473,-1152.4430146365974,102.57205802775485,333.2398236611265
1550.1416002543922,-2178.7604702105045,166.7943192276274,321.2179355598252
1784.3159151373848,-2333.2671487143793,28.72347921059869,328.5795367285254
2783.582446112381,-1662.5001621532092,251.57859522210032,311.9053255735987
2439.3351016773377,-2683.867639127525,195.6970367209424,318.92410991355575
1985.9051815099995,-1068.9930900754146,34.683502199472954,320.2000575136197
2127.4549194303054,-2081.782651537502,215.3781344424854,320.2679798191017
1201.479855721604,-1220.1477033557787,39.84141616071598,299.54986660934776
2157.6460422658115,-1183.6985972351283,214.41709197073524,296.58058235779185
1056.2384623712453,-1866.28305840333,154.86252091981288,320.0255190209505
2274.2057754153775,-1921.069128344363,-11.510151003813244,334.33267399812735
2922.692644683325,-2428.715854820292,159.14073959012933,305.33241826005377
1832.6556995161798,-2136.488553703597,60.36965783291656,302.8500137985708
1206.2938209457582,-1893.0831113371873,161.881015977185,335.6548054414751
1592.1907122479245,-2970.8770308373646,167.9123863609335,305.0049676582544
2971.359352542423,-2936.3720658865604,154.73434291534025,306.2073895353074
2421.2290208868253,-2618.961017812175,6.785154948028097,331.85194452970563
1247.5370482737083,-2623.022625717052,233.16214183845776,337.14848200097936
2606.5427973051665,-1437.1269543665346,165.05595556711273,322.5178278312371
1982.2755178456355,-2037.595173362677,179.4546241187036,315.1551902819633
1801.1633672333785,-1374.1056178211795,223.1528268983969,335.9626916203501
1014.2147521417018,-1692.0388688249589,50.952010154245386,302.23040793066633
2439.739183159318,-1588.413945353019,71.58394012236316,317.5535254004873
1330.4561773978187,-2660.8572330359793,85.4333743161955,305.960458490413
1292.722267377188,-1067.580828391918,12.954730716587235,315.18651496144867
2063.2784366021665,-1965.6802500712097,174.8191925389506,336.27459182975554
1964.1742118768182,-2629.836996213649,131.63520390388612,313.0035618157734
1955.6008906286734,-2119.903766075323,128.2323254578193,297.9366043396804
1392.7083531591725,-1021.2402716773299,43.269424428191556,312.4968175472374
2059.067137155393,-2346.3710163498804,226.2519658470899,303.7914335038676
2336.308298688083,-1389.0081991848956,64.78455265000648,336.36948485457384
1440.1171332030694,-2423.750097770535,81.13651726861599,311.02112726486894
2264.366083139737,-2014.7375678263118,42.18474239180089,318.7686994472157
2113.3157563719474,-1461.2350529752978,223.25297262029,310.79510063774126
2580.6109286131386,-2079.604594487151,97.7399380221556,334.3127528138958
1669.5418697541304,-2098.4315756394667,100.49066656850145,298.73024055817973
1270.117056600712,-2090.885092977834,-11.50566654088567,298.5277023918157
2582.168200120186,-2447.454892676143,9.451354100019874,331.7477025168433
1700.6325652100281,-1251.7525379799529,114.44045244672174,327.508328610298
1433.1670033129296,-1968.7619361967422,176.51402086978,315.03051723481315
2594.4157743261617,-1787.4897589931818,223.12015954840692,303.01145561189173
1588.33663584119,-1971.8196270673768,12.300395942900348,296.34633854885885
1672.9549206884246,-1690.6249808602852,245.88800364538258,298.4025296597521
2568.068888038931,-1550.5679186272203,219.19823927431338,326.86234999058814
1558.6906569432203,-2561.9224670069043,-14.483735579428945,314.1881225944098
2155.0569986463415,-1682.0962411187306,212.34791226361742,335.6775112773357
2503.5411754020206,-1092.1358347746186,224.21276570500282,332.10438194979173
1740.8732889240127,-2958.3559655765175,81.31129430010371,309.23729477646503
1208.8221858438878,-2992.7256130995406,40.199184390040784,313.1511791105146
2758.391661667153,-1600.1803383094214,139.85523607979252,330.38697345461367
2885.461561105758,-1707.1583104447648,237.56176266866765,336.5849750138733
1602.9565112792038,-2771.039553523736,64.57200972964819,313.9329356350736
2949.7726113267777,-2277.2507263155217,154.93521183236658,332.7198270696825
2220.3710591260187,-2498.61789770745,215.53698572007144,300.08983411590145
1868.356431731026,-2562.544486964509,-1.651366965895102,335.62055410366816
2164.3745872712066,-2202.465747744096,40.391979818056974,314.34889196099675
2450.3433840250973,-1700.9255227102951,69.9368233844048,339.9922386128011
1918.0993011923138,-1788.6912771765342,91.1333599039935,300.21987110152594
2113.864100172409,-2681.723035921785,232.69199594466258,319.2236195897814
2127.84700496386,-2320.9814602429906,152.69377721492657,330.1448410981724
2978.6681752084814,-2587.9971350255355,246.10430230380405,329.532631098558
2959.098610262071,-2308.914015645806,227.20402688213662,299.5146409040888
1880.7558134555136,-1444.2399304342446,28.838604344342727,297.4090306260347
2311.428304873265,-2980.0692007827133,139.51823778245375,297.62136908791
2304.0638534323434,-1085.6162271945218,130.44859152872482,323.2024511145155
2983.718955151906,-2546.027708873851,78.27163393646474,336.5798384144298
1663.4564694907097,-1114.1014932573603,244.02272294181387,301.0529949366499
1517.4411780957637,-2682.289696430601,202.80398004747803,330.35248086878755
2130.103924689901,-2358.757205561633,193.8644637356462,295.68222018393186
2796.959211338284,-2203.2424468399495,88.06127861070716,305.76436528812934
1543.472448144848,-2230.8588860125533,189.19463021467527,312.12254805273733
2204.775007670356,-1245.1677882109154,49.13118232126706,318.6625889780993
1332.6798267635618,-2929.2226401003686,6.74996131297198,316.0614391133195
2111.539955865138,-1088.782530080524,-8.68007555447695,331.0463556112621
2753.1286844113365,-2232.249438376241,191.02116694247803,304.1492868220618
1667.6204489255717,-2800.776561183664,65.78009689088613,320.98670652358203
1014.3880505199443,-1234.5487253334709,43.306608105269554,304.29962340022433
2464.054502063426,-1019.9155151476409,56.40604815315291,318.9826498713691
2575.4099793452415,-2842.7288000481367,236.59875880050558,319.9422338271059
2543.495684521646,-1444.0271116331212,217.13916505962294,319.1065826138822
2218.962512429146,-2041.9744533652947,69.21629352400693,331.6612036142987
1386.5239062270543,-2271.4277301385346,204.70809455037582,330.2351389386045
2850.3808646067846,-2402.6453570564254,220.81808942112036,332.8113954834462
2621.440442510347,-1022.3109516829361,69.12710433264931,339.857534645836
1371.2197915606741,-1021.023913113454,190.15522130422815,331.5689538520413
2626.0195054174533,-1387.1153375642855,189.42153084721735,323.49549425874307
2551.5668492914006,-2586.249253471972,17.80741654119022,338.2007858149576
2419.5688755634756,-2123.2119352514446,-3.5137558554723167,303.5015433392289
2753.0754129628194,-2978.7499521037607,224.91784886929793,299.49775755724414
2209.4326696327303,-1382.784427165269,145.8343483984015,339.5324823307705
2582.6249057361565,-1669.6327752281097,161.8421675237273,302.5776049792361
2201.5106576344415,-2172.882044788966,76.73924957762868,323.23615759527763
2685.1709014773232,-2248.705080066896,100.30747285454731,329.412255537463
2352.7803909479194,-1148.7685943496326,70.87209028989592,336.8264445969471
1598.879677742099,-1314.1652284793117,140.1787301248507,296.47828699591
1754.7005931327576,-2787.173179484442,67.59993446263073,312.55530950484984
1913.8828297207522,-2724.7486136945654,128.4313419174032,330.7712376128108
1715.7768815431832,-1534.6652337480818,90.53269228828948,303.29664843367544
1394.8720855943789,-1941.0713765982287,46.15843648535544,297.4571550274414
1441.3227823287352,-1574.324451678725,143.34253316938577,327.58405215997357
2961.838910615356,-2436.3346083656143,117.04551381515842,299.62705722071377
1082.210630293823,-2546.4256485334504,254.28247990603785,315.29402444711127
2389.3123375721043,-2873.2487314177743,193.58881956291802,316.9310113654827
1691.9718797284017,-1164.1160062715142,26.158039759800666,330.94647209434737
2191.2621561004917,-2535.0157122628984,183.6761311591116,331.7057041947759
1675.2508381680277,-1061.0755255524846,140.76693483554965,304.38818700747026
2044.1058843144453,-1751.0717528557038,-1.203641504009349,306.8948038911612
2976.2091174627885,-1984.122777959084,67.48503401880707,314.54710482388555
2442.499445544304,-2434.922451038537,133.01627898677637,333.23974017378777
2605.878656714518,-1582.9825784853085,235.75617476763148,303.2614724699413
2198.4998594720823,-1021.5789153525538,135.5640567675531,298.9476474215629
1684.5391347437428,-1685.6983220872369,139.5858747896775,335.7846118788676
1836.0260679464295,-1153.7717409103295,71.80601920441107,326.73927978094207
1948.738235053123,-1692.8146182713863,148.9281681088056,331.4128130472575
2713.2985104579802,-1242.2906153155084,149.85805681529638,335.97103582130626
1452.0026232753455,-2425.5927086451966,29.932749747258043,295.15015293151293
1247.2501062527595,-2133.2791397445317,151.75960922851655,295.7998761359025
2255.3194430138287,-2142.571204429574,128.07669596351624,313.7783250623627
2767.6256539014453,-1556.0583954774386,89.11987454036493,336.92264407695694
1691.115643210268,-1055.66248970515,226.81696149562467,312.46459021661383
1856.38258003272,-1800.1860680429472,215.96295358689645,312.7695385864117
1988.6391827988655,-1203.4125106780289,108.65848274732232,309.5378867304129
1947.4069366400859,-1826.1433593325673,40.93457342676189,301.89692450950633
2345.4483616995567,-1100.714925381252,107.34334231505548,310.39222769380825
1275.411002455366,-2988.8815958941036,198.91973199846632,311.5229155801622
1919.6635355331766,-2037.697454070532,68.93675055921713,332.3137933936206
2094.7716593096125,-1726.6931357979588,208.16149007958242,299.33211706395855
1996.5269681808277,-1058.3574776654393,216.2394362667111,329.3550343557909
2998.2871848575687,-2558.030837515789,155.01058395377714,321.73869858117064
1165.322658986323,-2615.4420061521246,138.81476463275493,326.77303237774095
1445.090673715425,-2376.4754442051753,13.679734394905594,313.9068528642328
1004.7775844059358,-2586.685760351084,228.29400443802362,314.24491588798196
2924.4732511728735,-2240.5887437095307,70.54644465331604,315.3187606455912
2133.2261284085475,-2107.2482935411904,201.88344387068162,309.07774565909034
1569.3995298922634,-1968.393679372255,192.1348686244205,322.88384667653145
1584.343380546181,-1064.261035675663,217.17930308897834,316.0588405705007
2310.0489390584357,-2210.7888386303794,179.8692802125968,335.91370649152043
2251.8740488259455,-1370.3174134603612,149.2039135173792,328.7985140724509
2899.367510944244,-1904.044017661593,249.73136399794578,313.8315974262327
1255.8421349369692,-1288.97458817165,2.9806931643554186,338.16451254037173
2296.461741321861,-1913.8265906562103,193.26784123022907,297.6893168076693
1387.9543310640017,-1602.3715968135105,136.29023021742105,323.1487989376083
1650.3378256056985,-2331.4717590693035,110.88422266990088,302.89142864466413
1420.9790995412366,-1877.646571121593,213.45552869028566,321.0948372513821
2157.672161953391,-1906.1341713315915,50.23820418431495,306.0783874736321
2468.347236421053,-2573.369129632392,184.57905575078516,326.45648598882804
2408.5421203365477,-2590.6504234122626,223.52828745944907,314.1891648310489
2909.1832894147765,-1475.230047206382,17.255263953180894,321.9173222535141
2498.864993235765,-1896.5886714458404,100.36588716903957,323.16533749733026
1479.0446289747715,-2821.3242854484724,67.87966232428184,295.646902354013
2082.369900259674,-2043.6984534215712,14.718780923754014,332.6312117197971
2197.1445105242883,-2980.0592701250525,100.0807217375237,307.6596319323197
1674.6957136809574,-1231.6262890674393,251.8069336533698,331.8103677767417
1035.6164305570796,-2154.9482244007017,111.69893560414616,313.0117004678725
2935.6179863904395,-1413.310385444539,90.65585901248551,302.01984222162577
1177.8629957023463,-2987.58384864775,118.31996854782656,337.1341526488064
1219.8517894406093,-2631.2514469686594,219.9024665220343,321.41583814902333
2226.1980408033887,-2607.0244177574014,215.99904220727635,311.14327288117727
1402.1493767027498,-1519.3799610199112,239.74208327985397,323.5555432498463
2493.653899523086,-2006.4958677640575,247.70048033947774,305.7502365100686
2693.80451905136,-2857.2836903173193,149.02355132261408,328.04631501161896
2029.9171828329097,-2830.570770503919,168.6213940814566,329.18836387727185
2870.610923555638,-2422.058476045272,103.64942068219077,330.46792853287604
1320.3622237270597,-2067.169238015098,152.33713129996104,339.86001995643596
1772.4028520473635,-2468.290308274598,137.41364601157767,302.8202350513791
2287.5717947983003,-1818.1843479155136,172.73164806294838,320.4644021854221
2185.6219328019315,-2506.212386753027,11.882841175307597,338.1216017864979
1563.180435897279,-1102.0393334190383,6.546321528102627,310.1444253622705
2711.3706016571023,-1353.268161548614,74.45472284978585,302.7000875665663
2286.929808220184,-2628.5526983823293,68.48116674108057,296.55403752220315
2238.278523109021,-1887.3498040439806,156.5318007393502,321.9483739115826
1304.9926614514543,-1660.1351287227644,200.61929671280092,313.27356852490954
2887.569019037438,-2970.48855487043,62.03684377372616,316.07372003533146
1647.8337579974057,-1489.031411965359,170.39895848903475,335.17675165194845
2582.4137858532376,-2161.4095893297917,40.5117875475733,325.9303040790893
1834.9099809004038,-2963.9054770645307,35.84514054363877,315.0902704215373
1263.2551190276115,-2432.1083218030444,87.45331947941644,314.5853832005248
2388.9899626500546,-2155.516139726712,237.25566963348828,334.41537811839976
1106.7520147645419,-2481.8134173451626,237.47942268760298,339.09175940365253
1259.2738824889595,-2076.203939556788,185.56493799520757,313.8442331269557
1910.5543985188806,-2565.0424107179815,125.24010588766538,323.4441943474436
1054.209568453432,-1046.4095510528946,141.4094793052942,333.21493746334016
2356.5785583495117,-1809.50800717798,164.8390608054886,327.7302888907455
2016.706702065033,-1927.5544114743338,18.537977965586386,295.0536333030868
1946.2472594101444,-2345.55904102978,-14.53284572121487,299.2481657497499
1517.3441744526758,-2525.666631555259,182.77939806741495,312.50745037212204
1044.0442399216968,-2529.2972661193457,133.2986104934447,300.8738223428581
2171.753996485559,-1825.4098291184143,114.4648819353628,304.47767803141755
1134.4189991314652,-1770.9347073384376,236.15834820328266,330.0857258903287
1785.4194899295696,-2969.929122337552,149.20351505416542,330.10509034765715
2724.1579344548986,-2698.223781788436,79.2220492195188,336.4453158260602
2466.0089376862006,-1420.2169549559044,208.51781726019445,296.81975802915815
1160.511080170967,-2216.8354706873215,175.28331749327157,329.0184043362528
2430.061736400026,-2429.8750999030362,190.25270486121502,318.2650123224186
2833.652064995694,-2384.233197093731,259.464618064568,321.0401265350031
2439.48275563426,-1028.0068337288205,100.47310957934091,295.413387341954
2726.6795325277963,-2356.5477728869264,189.7577299194203,328.45543027084835
1997.8779886191332,-1654.815930413262,45.2409559256336,316.367274902598
2017.5704567508737,-2706.465207830572,65.8750718160968,337.1321307131155
2900.0598634446856,-1261.4621330740968,225.03992970047804,325.73437343715125
1415.944260355713,-2361.19668110995,22.44124302001019,334.8130662216032
2217.5072981304784,-2918.8641756025277,67.57192540237392,338.2321030351874
2684.767714429119,-1957.6954052530468,127.25959603737141,319.7436201437323
1361.950923814606,-2411.899130836372,165.81306190135362,300.21531332160015
2575.811034360486,-2304.9973821848344,159.13214786536892,324.5880710981455
1762.3797659404286,-2692.822271838191,152.50029787913257,301.28631515726596
2055.4344244450012,-2379.4380354745304,19.165813128823658,335.59850132262727
2832.0453514560268,-1612.144399799856,-4.356354540545402,333.7472237354718
1849.8048639515341,-2102.915953870596,26.736596207301424,312.6811388296318
1338.2050968691208,-1183.7440841638133,23.08452438186793,298.0072120122634
2591.546996249962,-1391.0907848473933,215.1578528466089,308.04893576957664
1512.2790999091437,-1052.7462986818803,107.1535317788819,314.5228267711953
1268.75458650487,-2808.8164047083787,177.738409324582,303.54488366783886
2916.405438439803,-1574.0194680229977,103.55345544181424,301.3260921800621
2868.5262189631294,-2054.363392203416,173.53656661482407,323.1954704420766
2820.1089460987137,-1780.1621530183545,48.67821800515983,308.4169343415678
1941.0546212867512,-1733.0209887477752,119.43166858051606,302.572983745031
2977.9304310562648,-2586.8453138877694,119.15416322175844,328.24030371966
2102.976532848821,-2970.6644852849554,125.09123400391854,314.6951507565542
1879.9883482786067,-1542.7321153668704,12.495772521206774,321.50857236650114
2933.7817081430203,-2878.9942472395787,155.77567438804044,326.88323883102396
2915.5358553937094,-1799.2586464468975,175.44206420410586,333.4606798490484
1455.2603247068923,-1691.3174984595191,256.4529422256342,298.6941703387735
1847.1119257975806,-1901.398336264718,107.74233437642938,299.3396304169597
2247.4117839462756,-2534.50331536357,111.60421487335363,313.64603639834485
1216.4067888707089,-2476.001470654262,50.909887925294825,317.2127911857718
2623.537681440479,-1999.365700669166,25.64464826784384,324.1778193432791
2518.09940359982,-2145.8970720600933,104.63193836606064,332.33170303540163
1827.0935244099392,-1405.364972242361,236.96304769361547,306.8867155218992
2597.4531973899175,-1903.139733619716,116.04992502850712,297.8574556529086
2461.8385969017013,-1208.069519576585,2.269520124588631,326.1131066023805
1695.6546978521958,-2477.398777908215,215.6044192917852,332.70140157122285
2245.7756744565318,-2516.446428964606,166.16099739855298,311.4586919564453
1660.8406782436164,-1565.3247196356313,78.90985695639789,315.44196519919694
2988.7097344825343,-2646.45982688792,33.236304176443255,330.99826729126255
1639.8340071046982,-1448.8517683917664,232.9332214944433,301.31429012979055
2249.014332296683,-1231.6978254781695,26.527423828342677,324.4956808898437
1653.7255897012642,-2942.18941526952,52.999944290407015,315.32342902313343
1648.3459870886609,-1167.1686874098177,81.18635251883804,304.84183743383085
1485.286253128696,-1907.5606530384446,187.45450067706562,315.77139222185804
2109.452907400512,-1411.6595540964126,213.77858422705106,301.36177882335033
2012.8742864291921,-2614.448629508393,120.18436339766376,333.9962883343312
1332.7242339496936,-1789.0372833167,128.47979062862822,310.77035332688865
2984.80631994931,-1057.2135459228316,138.32290778182858,316.00386704344714
1971.9008028692956,-2000.3556348435736,229.01559917783672,300.17184715294934
1347.564781130971,-2372.8184947990007,33.431523826983906,304.8185403308406
1356.3305301675998,-1909.6707427737495,109.16774313446128,301.72222600220624
1714.0171509929278,-2825.1312281836786,213.2306767904641,315.0263591737183
2163.4755912942674,-2891.951327112136,168.17806866015596,304.7634671138903
1822.6158909278288,-1111.7554918796209,139.51013599356287,301.46042188771776
2706.219953685395,-2036.909646306874,95.69281635166713,330.9702641809927
1877.1534821931757,-2724.5565451377656,0.11441098275939687,338.5890232640499
2675.671873845279,-2865.556074596252,213.14500612870017,335.36829947953805
2201.469859020817,-1625.804950354708,117.52482937587754,317.69063166244325
1619.0353000566379,-1795.156035660176,112.4904525903264,302.61920198146447
2201.6906682493163,-2296.979507811674,98.34944129688752,328.1432294974013
1223.4040287775335,-2543.688378585462,10.457073542321389,317.76690869584786
2456.0754097229737,-2150.5442840789956,143.8439707194782,302.30824040963086
1747.884164311954,-1116.2831024814864,192.8890077766385,321.929220554582
2706.482749518451,-1039.4869942272132,139.8135917664478,298.4115419623942
2862.18649827791,-2329.6342396073323,101.35111524112662,297.95314759363885
2398.5756336036557,-1785.4854761316237,52.14048872101529,305.9907649190275
1246.7644801791048,-1123.8379113867597,204.11720818898044,335.3718266793699
1401.7288406917637,-1478.9994665688344,227.751795813757,299.0552600063
2928.029186409951,-2651.044045911321,196.4963454749577,296.84775849674855
1324.1353896670319,-1411.7330726841906,182.94115225221333,302.29695846494326
2075.5058229219894,-2721.893315239782,69.11148639514599,329.3055881672023
1365.01796125608,-2709.564046577803,234.35154051411564,328.85372215014803
2661.8869115867,-2129.5320970993725,33.84400943438532,308.63286045872337
2769.6876839252313,-1320.826353445653,48.19932866193974,306.90312053217826
2647.678043223107,-2448.6287548142536,109.31685293452475,309.1098502535576
2083.663666745674,-1769.4093891310713,81.64286939055552,302.7468834633807
1340.4634901101224,-2273.9103486729123,35.5879594852123,308.47430560967155
2918.143418361745,-2641.868063520493,206.95228897252326,321.1789146324046
2910.868388840506,-1842.1227917224178,216.43178430901168,311.37140312253064
1879.027438684786,-1854.3961573674173,146.75916805943086,327.8461608742901
2183.2451396992255,-2372.5538274745486,256.83832950139856,308.48664200397667
1225.6865477297706,-1962.5686714827668,5.665704182057194,329.40673737789507
1291.809674371614,-2197.480272724741,247.7686603041476,320.3038353347664
2876.2026530180124,-1995.9166425513383,175.1659718975233,309.7321554558775
2737.7788543641527,-2104.837860073859,-11.891773998151148,313.343910851911
1014.794282946246,-1423.5618247832385,51.34537335894872,309.6288928952291
2725.507452681472,-1357.2658739712988,86.85615939677538,297.56314415875596
2557.0746449374137,-2931.6357001913902,194.4334170862355,336.0735568633975
2489.3577010300087,-1017.5526019224367,129.3800917942522,315.01810394760577
2078.9501314542113,-2772.431672278837,150.14391932252846,295.8133103760874
2884.511931661469,-1785.1689907375228,230.18874375386113,328.4150475978853
1243.2930558305247,-1712.785143143299,141.83412025416604,316.1711379952836
1167.8415736854695,-2832.2755944756,80.82466276530421,324.4614729469984
2895.329627001832,-2680.5327987486003,197.25082842876776,318.1715691627344
1968.3893804164059,-2787.988587044214,255.19710817568017,323.33232791516133
1757.6034961624987,-2480.047776913446,56.31519273005871,306.5645590351409
2055.507151465328,-2426.1807781397383,1.031477063141768,320.0329893965598
2373.6421631659177,-1423.8188015679257,152.32963656604767,331.0288303058438
1018.8522421737649,-2499.9052023841095,-10.433048568409195,334.2979708054565
1604.310861475816,-2025.9039185785439,-1.0813023453325972,338.48368882420624
1879.7635745909827,-1878.765533534972,25.53179890627583,317.37443265362856
2067.5569742265984,-2705.175449210494,170.34175949866332,301.5496036090279
2918.9828237406573,-2710.4351176570985,58.16258923991968,318.48457560271083
1795.4178328207904,-1649.9194617961343,148.39778050465424,305.6454263954665
1561.0227144226196,-2507.6109438503536,235.25828613283923,302.24856057151896
1424.7979951675852,-2043.3497949892376,230.40097076330932,295.5730612223671
1812.6168373231758,-2041.7978427090231,26.040862557659047,303.6667943109902
2658.781961205369,-1392.5064466323793,48.44748000161427,334.75380518566595
1212.7189560451388,-2701.385520019508,109.97770131500955,295.72936968884306
1871.9351815981038,-2679.436243662044,105.22716735049393,330.2689668818376
1903.7306710614766,-2059.1104799661475,229.47767207943897,327.1562224054259
2824.428064023125,-1051.4783227740775,258.55861585912794,329.54809438650204
2014.6163057187023,-2410.3469928973827,104.22192098386327,314.7088497480712
2425.8238319549673,-1052.6917903328722,161.57125853099257,330.7821377128657
1076.5728157037897,-2118.1576217490256,230.30271725245257,313.76283901030155
2367.075314905963,-2123.1187212098016,155.620815629614,307.1997669592754
1223.6557432204709,-1012.703036588036,182.83596344077552,333.6272181766319
2641.6099706398168,-2706.536463117004,46.18431941558141,333.45760770759784
2447.2846041086855,-1926.4437319792744,158.49613952836862,319.3470631678526
1010.3920138529705,-1123.1519351302463,104.43877380484004,322.49071073894777
1063.4352085331673,-2323.3796249948336,112.16243675231824,302.0434082255254
2560.0659868326115,-1957.703783333583,221.88725093556988,333.7226597140344
1813.006207418472,-1785.4746687668678,89.33552829450879,307.7702699437678
1992.4256806487294,-2660.0966465030506,86.78197091638361,313.10669265649875
2022.0146350503373,-1241.2935465898547,46.384672755720544,315.0525141889397
1659.4334093387733,-1681.5661995833864,79.97997212682382,298.09112770347764
1838.5694075863871,-1997.8033697836606,70.22933164047221,339.5085305407896
1147.0685128931566,-2467.290215321006,124.13685049869949,331.87439323189164
1383.7557874743839,-1113.010442697727,54.054381861614516,319.7514808980986
2012.6139873301627,-2436.8413530305606,245.4899161185739,319.04153188954416
1940.414890623258,-2299.236857811734,52.79711560674872,339.1276701897628
2476.4073634413407,-2195.247498680742,237.45779507966145,297.2018339608719
2752.7751996515776,-1518.4531137527033,-4.50876232556168,327.2126563904968
1436.7219857803507,-1074.7392482516882,75.94125594378275,299.62274942094734
2937.6866787880595,-2542.1215522826956,222.36831801900422,319.02896883664937
1189.4337728893997,-1226.9443340308674,0.1790010112636935,334.6777729266546
2143.368798839223,-2644.981504261809,28.159801398614803,295.0762565089772
2085.431798821113,-1001.0259888890403,9.310266190132175,308.5073055974741
1980.543638796286,-1433.5019003516848,111.75225268696295,304.10844064536536
2362.447289477432,-2342.738941904894,46.59156483150724,330.3809240403845
2227.792385678436,-2523.4163433261574,189.35195814719827,335.3805359964748
1088.3518757640145,-2572.490413501751,158.2482509101894,325.6300705567342
2396.9096430466334,-2594.432656568047,253.20216057439893,320.469323395788
1244.3156572483408,-2663.166959270932,167.77336576094058,295.6731010163703
1356.7657479918983,-2583.1868117666204,106.19052202643203,328.6925530320252
1518.1514594697385,-1244.3623424103257,203.571210003289,311.7047159429479
2498.9001764098693,-1608.814131110402,245.97756846175815,332.53324862418737
2992.9202654048095,-2206.809981043053,221.91538199744133,310.28175907982205
2054.394661621579,-1867.4796584063658,211.2792404342728,310.24477559116673
2135.4113414065696,-2595.5890583153036,45.089990120421206,306.44044720911995
1835.2338234548847,-1243.807508714241,259.7737376093063,333.8806620637132
1819.512394664431,-2676.630781162142,259.27186555460867,331.3109220411934
2402.0572508209634,-1276.669672388754,125.56814398727832,300.18034213489193
2682.1133696817537,-2725.0339427959293,51.42886777181532,320.56623551707503
1526.54898121663,-2766.9139125727957,41.5859632361594,313.3308349187721
1448.1113897941877,-2989.002320910736,227.1785154658244,314.1738073322592
2704.0200118998964,-2927.7955770148565,198.41029958834406,300.49462695259695
1490.7861764419022,-2387.90409191421,248.39043005914067,297.7777817553629
2104.8013112569934,-2565.683815392659,196.8395422343865,330.16396973433507
1505.9453486896673,-2777.302573194147,89.45741281002198,300.6466283933573
2224.0259769936247,-2527.9093132415996,81.08264610419421,299.1641921103975
2336.604993969494,-1060.7529349131198,231.91164201949186,332.9622928450795
2797.7812116484065,-1514.789718266308,110.14941891613255,329.5715998846097
1491.2980668017194,-2207.9909865917425,145.68590589949898,335.8474977151746
2343.8104360875586,-1362.2035633800133,86.50568073999985,336.92122542314667
2863.2255778032822,-2417.2456523872397,227.81887620762086,324.73689679624806
1223.5218299390774,-2787.5948193613895,227.48279621776217,301.4472476832775
2850.4109748443016,-2227.177609795402,110.09022055038115,325.45461485516023
2282.1912719596203,-2046.5474918197747,18.25834445594827,304.4973747855936
1046.7381206148461,-1887.0457666183584,141.49555475697244,296.80794996558626
1029.770968626431,-1249.0969280094635,107.11879379091225,339.18599550289474
1524.180580529728,-2500.184724863851,258.95813746030615,312.89525205523614
1259.562707369842,-1344.7027485563992,102.64962564172319,314.55870300326586
2840.3848188490297,-1022.1262858672064,78.06640329177172,338.68844861361197
1318.305572281525,-1420.0073495845136,182.5103924038582,316.44355887265647
2130.3641438630257,-1337.2716128922857,34.82946798276853,308.77432920403226
1395.076313626569,-2612.010056184795,66.12808604494067,307.19786769861275
1496.3782498037233,-1807.1139462285955,31.799600210752942,312.7270210564124
2840.848605744811,-1507.9424934819608,11.479117787066897,312.0444096153365
1837.7595189592082,-1457.4106422106097,104.19807827062797,299.5664083587325
2092.0693022179958,-1899.3837254361633,113.96153877815584,339.3847525440468
2845.864264110558,-2655.451391253963,13.41228696358797,311.31965499584385
1693.4555324483345,-2545.8679394567534,242.62310016034735,298.06133897190415
1676.9974815622923,-1736.5286684600885,1.677827039663022,338.5383516036451
2046.2222009800007,-1129.4104329016343,17.37616999080351,321.2115327693516
1776.03071845882,-1146.7674420104593,256.8947192056107,319.63185344884255
2885.285949553102,-1779.0152101730853,107.02094468240358,337.4483532816037
1268.0347598536257,-2532.68696803078,245.24514068037797,337.0751936095383
1753.6520558886705,-2013.3881987706504,149.35823935513622,318.8161308410284
2045.6490584463197,-1101.6359144088526,165.48861369388172,335.33770183869757
1995.350143213488,-1999.8774539026483,163.02273498439453,313.41005383128277
2467.423169223285,-1855.260106114332,141.4423996577151,326.60028006592466
1025.1765623284045,-2182.7749620854984,230.87467848835823,302.45444525062356
2635.6507604500352,-2377.1567939926936,118.14836822108998,323.53823838395715
1216.252935628236,-1374.6826856684156,146.43881820130926,337.38924320936377
1505.576957854821,-1254.3748458782088,173.55471143640696,327.37426674944237
2935.683205972957,-1180.7583407387929,200.8634373934111,311.0861294910066
1104.6965070271065,-2027.4085066416246,78.97877388362296,298.14329430952347
1821.2500668949758,-2188.803891604095,258.2250244727165,330.5485339127708
2251.3994023803643,-1741.388363105126,6.014877155579782,301.3492587648275
1958.9834105057853,-1937.2689490260666,249.05128339590823,299.24400705284074
2020.3022308487457,-1171.637719577013,57.61816637905544,332.6823472497224
2934.3479165087965,-1382.4566965760648,104.62553459039464,335.6706633579371
1128.1284542772094,-2219.51709206835,21.85068888631438,311.9351949799233
2601.3826595898436,-1845.462708919185,239.73807556224222,300.75813305249665
1474.764764097358,-1735.7888549697677,71.90016753236355,338.8501636221994
2278.0528910711623,-1988.6031034638759,148.30472663994286,303.5337667135238
2358.0789685981786,-2722.5305190190174,254.91068938586346,315.0679620445843
1379.0550563148336,-2652.052953832895,149.5110364578713,324.07797285421776
1827.9834044701847,-2929.1204278360246,112.49950291835624,321.4253987312419
2707.3011348403516,-1886.6531179411797,118.57095517137154,305.21015361387816
2054.7901034497554,-1220.7270157548232,141.8988620339804,326.55726819780233
1492.0314886707456,-2118.924412228156,83.46520543980236,315.2944865061565
2844.5354292141283,-2395.702382579858,247.10844291011028,311.6309482030771
2573.5332250384527,-1106.6488305584664,240.65807775416928,331.8685638098747
2510.6357877957726,-2251.693453859615,161.79154602751913,322.44270355356315
1456.3530621174643,-2190.745613293442,29.444278895841727,337.26436067444035
1322.7269199518685,-2888.5363345444466,246.16020814680053,336.88297416819927
2549.906774915875,-2865.2045543370486,27.366680664243376,299.84763109134076
1532.958863874725,-1957.7524571388142,167.8738726824002,327.93677629235
1439.6518370601086,-2502.9496598522724,255.22158395183385,333.4327211152442
1733.8001273056693,-2127.66478364886,28.176637147118377,328.4391486389923
1306.6333798927249,-1848.1187989118748,91.00959677777917,334.07667437712166
2530.9103151543172,-1577.21997705696,28.81883742974447,316.4497999221132
2721.3493158093925,-2989.3872214597163,250.49235808415347,306.2109803706274
2022.576016553394,-1502.5240923911497,61.121296884136484,309.6379444129036
1836.8845933698071,-1223.564418932757,138.47095321017073,311.6010769045092
1695.0825351196904,-1925.3128742005124,105.31389830221349,315.3848741615477
2602.733174207686,-2027.0660310117235,32.1007670176956,320.01057559013617
1017.0537721937798,-2040.2817174251409,1.2036351492778934,309.6554449137895
1819.347857314863,-2345.557146173949,213.44303055753122,313.1938449943488
1548.5083612151138,-2060.5107937318944,202.86350499748008,320.3629465957168
1063.8499430222678,-1792.270713027176,25.349138076187174,332.1562029786347
2395.975383167006,-2861.242837934881,82.76835612569897,301.36540900306983
2672.465177299423,-1500.6910540894153,248.6034844531664,302.83187966966585
1483.3615309285524,-1840.036853330302,111.92142241289665,313.6434618065877
1096.2916067848657,-2128.8213106552057,166.94428347325936,319.8479211917644
2491.3668367519313,-2011.0298546006147,66.61694280464314,331.69079843657903
2122.6775238292803,-1296.7117950267711,134.1053597979562,297.7869297269907
2992.604397948504,-1327.7269415179494,190.28556252060156,329.4256727649218
1973.3714331962888,-2847.1883333614987,155.28802202264274,322.89737349152546
1594.31844613065,-2806.4522590452507,21.205201598689115,304.38140081815
2646.304326703803,-1568.1657564183909,140.29629556457536,323.90491288517745
2057.810929000105,-1534.3056842406397,-1.6031956407125243,297.60896616260266
1782.2178511708285,-1579.429117902441,77.13748820508327,299.64630730332664
2595.136818900955,-2672.7766951818116,40.8090849078768,339.2550289526833
2149.926462264898,-2497.7739521924036,252.97614931352126,316.60868249914137
2758.397974241366,-1169.9059120124718,69.03278465212776,324.3536045878527
2552.1807575189478,-1691.2560467393105,173.92870954730748,317.38789991809
2180.280434424113,-1590.0916320863557,246.75446923873437,317.0910200609699
2840.2739809431514,-1004.5474164524405,136.86989893340225,308.9745083041644
1001.3368812517763,-1056.1745703692122,169.12952990162472,323.11972917222505
1671.0245301793689,-2108.7537351894844,81.00451641570304,339.6746189498385
1215.584869755503,-2090.523884845537,22.950626142856486,322.3915925376831
2851.7625657517965,-1021.5588332285456,218.52513575153412,307.18498398100616
1959.0400629835895,-1811.3051215593496,207.40913976247123,316.5732325745586
1722.6264017329445,-1425.5821931041528,108.57735995093435,300.5106940273521
2957.89122682807,-1879.2449392372282,126.79813505307288,310.3089360905828
1462.4153998006957,-1517.2954102344188,82.72022152466174,314.7619729342158
1072.3631012219835,-1415.340240736263,195.17289591036777,329.3834358932566
1190.492185036749,-2514.717120770102,138.75526826599017,310.28982520172764
2139.972004161678,-1672.6854006215078,113.18467673789266,300.04328357766525
1834.4195471627863,-2602.9637892591886,167.5599429838675,331.73620412814495
2426.6916736386256,-1907.375847053688,10.82743710721326,307.7538786195027
2514.2572752758642,-1237.790314077131,95.83666260218082,326.03317481424534
2114.8109074902104,-2744.1702379783032,152.22149430221793,338.43797978373493
2548.9768664546245,-2636.8817362973896,256.39653113245726,314.5283474158179
1087.459565232298,-1926.961326694893,36.61878683367477,336.33387206975
2782.7802682014308,-2603.602419529192,214.76660440630286,338.3168069808267
1915.9471484193914,-2115.676121637176,128.09288509899267,327.6522364108463
1859.618666711127,-2546.591074692478,147.7999286116147,314.73717928872446
2833.8896382007442,-1833.508249132012,94.07645819098357,316.80581299229783
1442.4732510146707,-1188.633656250731,70.1543379167883,310.1985589901993
1734.355819337883,-1775.4073629497527,124.82799628267841,338.93312028166946
1740.5202801313155,-2191.147671585369,134.7807164230635,329.8404408811055
1580.934510051252,-1956.2593601682636,200.78753276026268,332.11317390143734
2083.5925289453235,-2646.6420551054707,86.7322910545845,331.6937135779691
2420.9423615914466,-1179.0391770530255,211.15951943981307,338.9555453596552
1535.0368294795771,-1483.9892407215925,249.28587869308603,316.8184181431376
2766.1900337341585,-2998.889040055707,156.09673531295064,315.7891637543057
1348.074753874737,-2446.5655854719143,28.12667175510363,334.1761476575925
1888.6448183778048,-2296.6857954834672,170.1372176521377,303.22340655359665
1601.9511050067886,-2150.0471327080577,207.17755206232084,318.25264432447915
2762.394006391203,-2867.8658204589856,4.2548743896238115,321.16875965842377
2198.351477946995,-2403.5974139251357,88.36944100166605,307.27362467204745
1458.1960971040987,-2264.6455730715293,98.17467473920381,320.22569813485165
1826.2096707506853,-1286.8065092432673,-9.380082409509416,300.8254065220912
2996.875162637426,-1480.5678691035205,130.9051259623229,337.13409117697944
2598.2594364859838,-1256.8302966389263,223.49598069649485,309.0215033244001
1117.507243593854,-2525.486500040445,172.6840474923317,326.2411842659868
2456.471720948566,-1813.0220879216545,55.22977877146997,309.8999606138339
1761.735057572451,-1482.2622982161026,84.98967585965079,316.55802102032993
1698.9058792945152,-1472.9893620960297,78.91058098459544,317.58458331441716
2214.4303302164217,-2493.928307463744,202.55290219869767,326.63302043960397
2893.8076903406036,-1262.2275317824817,-4.70073742221726,326.81413017696354
2209.5406199781137,-1938.3364268674952,59.13683178895279,329.80080054407034
1803.741455583948,-1839.6681657277256,197.09388819185472,321.3932301465784
1571.7960357017919,-1913.2137258236373,208.1018685801489,318.16130371965573
2404.4310633979076,-2816.5030220670624,86.851686337875,307.07975374382636
2377.702258645373,-1396.0419473371355,239.1770270170762,307.8232231644005
1503.8134032828732,-1818.436744474406,-0.2895268524094998,307.3476077443061
1037.8385803666215,-2553.127537284123,181.39737565533252,328.1283953591239
1559.8181151150839,-2579.1223191102727,226.24623989686955,310.18848288788854
2209.0558651521487,-1853.5335191883921,0.07513815762556142,332.4327411121128
2870.9337654610117,-1995.4610601333188,120.45564698850572,319.47540265171693
2746.2305411386396,-1251.7560493816586,147.46362256481615,301.9576016956439
2219.2630121585626,-1337.2068918431153,106.04907949411182,308.918549674657
1778.659579614256,-2927.3601255294616,85.67359331010371,302.6005310631586
1535.8987263312688,-1674.200097322449,69.13785061777797,315.06414624901197
1959.2624212466421,-2733.119164767986,31.672392649258796,311.5249095342487
1689.0780194594918,-1672.1899957344895,31.879306154124862,316.4121388074195
2625.0019178117846,-1105.5596875877252,29.855402496297422,337.39686071419123
1400.030096438313,-2822.754232014928,13.483726699388441,296.12131095631133
2884.4358060480677,-1744.886983625858,195.0653660978221,314.237999472766
1314.2459926592637,-1774.140848904369,39.63292367639936,313.90737988481925
1841.8472459266632,-1621.742877414554,163.76682026131036,328.9608180459422
2607.445535624579,-2529.5504635031502,122.11100718604331,295.3506534984642
2510.023250358682,-2011.4561335820604,106.90957616134705,322.7935548023096
1869.1903599090874,-1674.8906971029382,150.03639797390076,300.4806359435052
1357.7636580947049,-2228.57440077371,218.8876697159746,303.3712204434985
1502.8466807013792,-2979.0734465472447,149.98100412563554,327.9819857235172
1085.108740222012,-1055.651454917686,1.0008510860850457,333.4012115824088
2699.026127461454,-2675.1841705188767,14.451263688600008,329.07591735741477
2614.6305159997755,-2933.1201641639045,257.7461372991512,332.18804060784504
1350.832199543992,-1082.351880262211,243.7563484777039,326.9577285629405
1069.6333657210685,-1349.3215179467434,-14.302445915602721,295.78603243207624
1536.3247557802608,-1175.601303808275,80.84895612494132,331.972664145871
1671.8065652041055,-2153.2058518067824,-12.754307927565161,297.7368262542397
2732.1315942316924,-1798.9950986702074,231.62609422073876,334.9374138327165
1678.3449813131144,-1353.8057528492836,160.44460348285966,314.36143013952926
2747.7435919930654,-2823.8805972404602,136.04564312998232,324.8951690101243
1488.459090409007,-1930.2211456395491,253.55471703465372,302.5704021810808
1942.247589380754,-2624.7360907074753,27.74181022653132,319.37047834956866
2875.4450430751544,-1228.657192785298,53.139469108704574,322.77687438540636
2382.9811806339403,-1975.315111942037,191.14055251681305,305.8418973244909
2115.4449273606506,-2198.1760803768566,-5.2737155720522075,295.82746287648945
1542.9104570635882,-1816.337077586678,94.52476814606385,317.50066634471983
1031.0839382207519,-1923.5460341838693,138.99300371625205,318.9414002883899
1017.3611794675228,-2407.682435600184,171.64115013494475,303.9881677722034
1399.145411023274,-2693.9098722488593,193.13727476948517,333.285338782131
1703.5931822745315,-2814.0313745076037,65.20784491930085,334.0561600999786
2078.8722086899443,-1576.1735546247508,195.4777831468995,320.04148445768874
2051.6580671464376,-2219.1376837686307,64.01604517351635,317.2223139004231
1209.190222912479,-2027.13663190975,173.92065436382597,332.6211539755721
1846.7067447330546,-2246.003280051119,167.97965266748406,329.3940325482997
2445.563740881289,-2718.915653671992,39.10180662541409,300.8043144900747
1127.0653617763228,-1331.4455649874108,48.4420230672896,316.35805138798946
1322.9914744586927,-2801.123626442746,11.277166937977654,302.82089333422533
1140.4988125286422,-2269.211794156259,117.35050004400358,310.3044485807093
2805.7286624406106,-1817.16679184042,94.08403868294845,296.16418379922135
1294.0881073828332,-2711.142159262271,202.737269275487,330.9707658162005
2396.053969732926,-2947.4489410093934,108.14900880523203,334.13779451727584
1554.5284697168495,-2182.0646095279335,170.1622359474753,307.0963599132866
1978.9280405573672,-2458.4713731075562,62.909084697144436,320.603503809647
2680.981974701296,-2275.6487431984406,79.75861727077863,296.66051150653317
2034.3830938367475,-1100.09887593375,-6.249118256021214,318.58243808878734
2611.1336576754343,-2488.984495321768,140.16392001439593,336.4232021705477
2842.6866032693597,-1830.007405437419,213.49312015979464,320.6926892230427
2761.627795744536,-2307.823396255836,142.49844327908298,329.5541444173075
2762.921167523083,-1942.3086000026822,46.840022311617176,304.06957714633666
1453.2786120721562,-1187.926903440048,55.619989827122296,308.00746838738746
2607.484862201585,-2018.8521441425992,214.35408746638294,305.1216490634215
1007.2118355065445,-2981.1690041244797,229.4022050643879,322.47767479983384
2768.3125141971595,-2576.7253141876013,37.27292243321596,312.47694719978455
1751.3568657729716,-2744.000307185738,17.32559115221742,331.3838923211809
2979.7272118660558,-2379.1137449119965,177.2072977063629,298.53474078775395
1509.089974337373,-2571.493020990055,8.444273356401414,296.55430338222095
1700.200375441066,-2562.582314037114,232.81515604913608,321.3138240792281
2192.1227847114296,-1820.77680624729,99.99474369532565,331.5542617015181
2460.635121676108,-2591.0495641559337,146.95988643032098,325.62603761644044
1065.0550326039554,-1914.9123509149713,206.44831590534315,321.56601222331375
2782.184658555251,-2035.7488630798525,202.75683610000797,324.4008337408543
2621.0608694709163,-2278.433245694642,221.84980994920858,297.89364966760655
1974.1165165361188,-1111.3262342633127,233.29632533815723,298.88229334090755
2902.5598442457085,-2966.8888772180103,112.40078594100547,333.70491142534536
1337.7652173576166,-2388.321151824904,149.08156112646924,308.6586542271541
1196.1261728888828,-1825.7975863946372,258.8637828120036,304.0333369645486
2596.9540871545,-2716.1966215813572,166.9879633559336,325.58791625269447
1415.4967090971709,-2718.4159498007652,39.13346103794562,297.21008367763693
2834.870922983003,-1179.2665837973027,91.57654182081762,307.8201674394746
1938.2963592050614,-1219.7364343725076,158.82610283822493,299.632741408863
1547.9619106167816,-1177.8187483681313,157.4663829572612,334.9563639057752
1691.028156697299,-2038.5169944735246,-5.908643552221207,334.245379084028
2187.4581791471846,-2123.6128032886622,61.71816578585013,306.0335113050712
1023.0516896444249,-1007.0620751339288,196.63849104878182,339.9866817114696
2767.916041892625,-1197.9864432622892,255.2749881654667,334.2198864213889
2328.5023986081014,-1472.3999216966827,22.458529256477995,334.02648916703504
2568.77204209458,-2175.8255736858687,155.6388050682507,302.30372069427153
2439.7807095142202,-1875.9224944781513,136.14377059618565,331.93989148252155
2012.4587831077301,-1279.2996602953842,80.95481815291164,321.6058201004137
2717.3126904089145,-1798.6247669605254,66.65921919767105,315.42593963815796
1893.0235901306628,-1955.4067396683236,144.06792087892526,337.8358811244813
2046.8519616572469,-2811.4308896397447,180.08415572309212,303.10306104373257
1564.4663282082984,-2755.313466106123,43.28921898466737,298.4245219358268
2865.481545052575,-2424.069507658755,113.60709195924599,319.60779217308874
2417.2244649410313,-2502.8554840144375,187.91501045364151,318.8151240472026
2969.552895666401,-1643.0250685623798,66.92138032846135,337.90004960732267
2020.2064330354538,-2985.83477888612,55.950971085097564,300.18890108198656
2275.689033688222,-2374.2589488614162,37.93068862942856,297.1178791331728
2334.5306372448076,-2689.4850629593298,29.84842575457224,323.85252712849876
1354.6118266251913,-1718.5450932551462,80.89003492989573,309.0712260624359
2390.0381412362185,-1645.28551163521,229.97289721815827,309.32763430593815
1601.9485161410116,-2323.177780964814,52.99763385628745,304.71066823845507
2189.9706090256764,-1425.2079427106644,80.5926179836864,319.6107288297314
1430.315085169928,-2070.4473355979044,148.54670629950647,339.6581846173949
2102.158693649868,-2999.1492630370117,20.28814400649793,321.27558177829974
1385.9422106328718,-2282.7263888860866,44.83032113281657,301.8301376621094
2682.6191597606794,-1035.474587656318,30.300657953893413,300.75885497538815
1672.159095680625,-1495.9559188244114,209.92544806851794,335.1651063162438
1232.5888193115447,-2101.779453277949,113.59608025179116,332.4248419095766
2706.1259032919306,-2155.327898835808,47.21962453604507,310.1959599890491
2399.7788929520266,-1476.0163681095091,107.95970802307673,301.47453836713254
2532.261532079342,-1355.4234409547755,141.33020752938808,297.19784719906227
1646.9006425910184,-2472.0486349852117,100.801707385262,328.9340977225781
1408.6918206860707,-2310.506758659363,117.59470649614639,304.9781313555364
2071.2702779448728,-2984.6222735198135,194.92188306253607,320.2672537990569
2164.3465108886053,-2783.45719102881,248.5753154628328,301.41175913407966
1095.7201466969523,-2855.914201653321,2.324730215208252,315.5853179439273
2588.6972278959342,-2257.2711221559034,228.17322404306526,301.84415074635746
2094.7189375032985,-1555.9388258302204,130.0939484913322,307.597690586776
1996.2047618570477,-1569.3817456845381,257.0800906166646,324.3212078417291
1151.0706898983121,-2647.9822862072733,114.12433668808558,299.583094280243
2116.110567670793,-1611.6410436894505,58.5510279023908,295.8320071484344
1483.9875554288124,-1612.4295321523382,-9.872944116702794,324.7907884274489
1123.9214269706188,-1374.2024193860884,211.28933425173716,307.2817912220479
2339.183646469569,-1928.3063445796392,229.52905946648215,335.99284599273244
2831.8027993264886,-1881.5346826280424,219.84051949759484,310.42859988718345
1004.7570977851203,-2285.82291445406,238.6306242600986,322.3534321366391
2916.0567224409333,-2903.23198000808,69.66160552517385,334.37239651787587
1601.7106912445115,-2067.7518252018617,241.44030978695622,337.6826911364894
1344.4336071052137,-1852.765924761972,146.74418971301918,306.3378518592598
1560.035560641651,-2709.634661172464,185.98601793626136,336.32306760162624
1547.3937506832274,-2441.981002270388,243.43621640241167,338.5322997568873
2035.1760937926686,-1803.7686794419872,256.1203127269106,323.79802421646195
1789.3160485519888,-1061.6534093418586,185.84192163361925,332.77424741950273
1416.6114004718156,-2834.0833952904914,-8.270817161737643,304.58672707443753
2143.954314996883,-1599.659646866491,211.51782887346377,336.36580081829925
1732.2731333171587,-1111.7514853214211,217.1156307722934,317.68185575795445
1252.7155041621422,-1640.8244571207345,179.32110991162025,315.8394505480029
1370.31730054937,-2671.889366402789,66.85010153912702,303.01577252873267
1101.7108760007804,-2946.6328033842724,35.71078737915492,304.31492038390417
1331.601519833612,-2514.06018589898,238.8370744625939,336.6198051177153
2231.025484925428,-2025.8501718193525,121.08525220385621,298.16744352224435
2103.990205060168,-1790.2162155715853,176.34343155152195,300.7483267558753
2373.807714841676,-1551.7468822891692,44.373139998045154,320.00234382240285
1018.980083614104,-1193.9906781843622,67.20365376246785,302.2669500130548
1455.2791332148868,-2220.4387198577415,0.6747299281402164,331.6419186963777
2153.7362968487837,-1805.1282318343722,120.72976422628477,327.37258823425054
1729.1826061810873,-2144.6974575687245,258.7198014469019,308.6493466448499
2621.996133226253,-2035.3681418783608,123.99658493623218,295.8412244959343
2296.037594466512,-2183.6923347632764,90.49731418883479,339.38870743360405
1900.323858829367,-2838.2933905900113,186.5789165968281,339.32861890398226
2640.3772289236213,-2877.5400099006397,107.4186129330834,318.63918917807536
2574.2746333616615,-2513.0783724250555,97.68852124397448,335.3835542712497
1690.2067491955504,-1284.466064527189,58.8684042252801,307.7057310379734
2532.373491838196,-1282.0173328945498,13.865144898184866,324.0459735739142
2789.5765535720225,-1338.2676392483907,153.34171235993327,319.4950477635079
1710.3658528162089,-2212.403397097782,95.59184136561842,307.3851794323972
2946.7454830994884,-2918.8558882983784,152.72390851333034,337.01304177208976
1658.113077028226,-2008.7303443167918,23.1944374086046,336.47208788967623
2724.380430451144,-2568.198434441447,4.937700115747891,324.5695805847765
1036.195484376914,-1787.6677059440099,250.76817073401367,332.72076751312045
1715.182674017226,-2145.59075882688,61.40053328382493,331.65118664529746
2832.8596213006003,-1245.7573145142503,54.61442047433873,319.71114738657707
2284.4761133387533,-2148.454369991702,208.03250349238562,295.9245870590723
2193.7980130924834,-2192.0622794709243,95.39315712842635,329.0100280839259
1220.4792041562691,-2785.4037684837695,91.35950597924455,311.9846300263247
2403.76975197481,-2765.405850684955,176.0135602677331,325.2315422508372
1107.1300040797175,-2056.50811855204,124.18091210446235,295.47650099297033
1359.3915377043409,-2974.52985913943,240.7344535934407,331.96764969904234
1667.4107998363897,-2243.554406755868,182.84938246915587,315.85645610702113
2399.340243732674,-1041.8568892457492,-0.49438256768387134,303.22022665716395
2531.9974414213702,-1196.0863827017592,235.98397600285585,299.90600151301953
1461.485842364916,-1914.5427776435324,4.096078010362795,324.6298310483679
2971.7958223801775,-2556.8167664700027,239.22781895521175,302.2220767109933
1411.9244162897353,-2966.0769658205954,132.2755556747135,311.8040296057172
2838.586129747041,-2778.9700816291443,67.70548741878511,325.0402928864084
1269.7850860248627,-1423.8659438666002,-12.938149891594371,303.40570806696354
2316.8645026269915,-1209.341251124719,140.93633738696795,306.49000499915206
2321.9043822531285,-1227.090683436192,247.9671277196586,309.3434987069446
1886.2440319140599,-2763.4404084947046,136.49648417718407,304.4190771374925
1252.8058193591664,-1086.3804004265835,248.52431665604877,325.78457980683135
2439.1044574477373,-2682.7302791831494,54.07922559900081,309.22762041122974
2136.695376939666,-1914.9143503110888,64.670012294758,327.5876147473328
2277.905729569554,-1113.973211013586,62.901780742364494,314.6946081502148
2683.247316657812,-2744.7764471809915,41.17197216319259,296.1489458143716
1761.5887360085214,-1314.6548066859357,-5.647511288757935,306.56333908652135
2661.5703743594377,-1511.083960904981,232.42117381730804,320.0767077998195
2332.2276998699,-2315.7309817897667,241.9273882208235,332.9251158513025
1094.4302110557505,-2166.4536199443737,77.98668416822004,304.9201915541463
2386.160739882426,-1296.9730977248066,33.72458787277626,326.42093896205097
2509.2418690656855,-1764.1794047482572,64.43904248215851,300.3954461104194
2408.8320042869573,-1055.7135520968823,28.976395762527126,307.46702634160835
2218.2923824659724,-2829.198726924927,165.47640542322213,330.52811746614384
2411.1770421587617,-1714.7449671501167,235.5096571087272,316.23216714348496
2162.1862689049362,-1967.523044081782,147.89965019073412,296.877445987817
1424.8154570491815,-2642.276380788851,38.429234476320445,302.9633638848882
1360.4867823372292,-1556.0017118737667,107.63107577273473,332.2767970796232
1600.0525945261961,-2505.25886131392,73.87186989711769,325.5101789090609
1571.3330379711592,-2299.71785261175,156.94027039184382,333.9450862971858
1388.6966407678299,-2569.193826006895,124.33896678362072,328.0469552623046
2875.855918471999,-1410.8151220214647,62.69712484374065,303.76308297954716
2672.3314761954357,-2087.568945527709,87.01967689601804,318.65839933165773
1463.2579128634989,-2686.1735981231805,-9.658002628354032,320.46382341006233
2782.5995089909625,-1558.0708901132934,-0.8280469028735453,314.2500713980779
1257.736038278683,-2565.143621657348,231.08838711515523,327.43711114402333
1925.537446415135,-2862.379980193424,104.21345791685992,313.26141678878514
2193.8681900461615,-1543.2992173243106,98.88879298601118,297.35168361996585
2917.931929461968,-2724.0238368332925,69.8577876159159,303.4564652209512
2608.5663887867227,-1727.9542611145755,31.72624567645004,320.3776156659957
2996.5172000888947,-1267.5624292509142,-0.4625588282047932,315.0281098513938
1452.5418240954102,-1383.7099296330302,-12.419933270354136,296.2813772078291
1516.1781288229583,-2879.227516363697,194.08479245552263,332.879618126557
1525.0189871190864,-2619.3277593026232,250.97449551031804,330.6406315840204
2952.958256062634,-2559.155054650094,89.84077059134617,339.253406844872
1701.254420755451,-2234.0658542129177,120.7399369696193,329.3811015423913
1176.5404093981317,-1807.0964795237853,7.169735895413755,300.3780576540198
1702.0433198653454,-2931.380705625622,223.0092075045203,320.3573084964675
2316.353412154809,-2482.900940426402,-4.835451854348447,315.7128439325393
2157.274715290505,-1624.5747727132198,191.49794633210263,314.30352383127655
2297.072767169321,-1352.3278758400643,43.921275674095824,301.98676830453695
1217.72731075741,-2341.989615515117,20.894445797879,316.0215020167999
2321.4390271291954,-1518.2359618121159,131.21356452834678,323.07496907233025
2151.8204571617425,-1684.8492225060445,119.69857812195596,324.57693269637593
1089.0478878805015,-1811.6481836419257,215.59260347748483,307.0056947786333
2688.1919686705705,-1779.688325746226,109.4872534432836,335.9045044729098
1517.3182333099164,-1242.8411799457251,128.6573973719831,304.47977634623965
1077.6463292570622,-2764.780727681615,76.84307503225828,322.4679356235166
2663.12586826582,-2351.3218461004576,7.684817181268759,335.3189851527764
1148.4343760458355,-2984.231767327731,226.4381876557915,313.80090561177394
2383.497636533282,-1565.5553309621976,38.31277200235742,329.91531241901083
1101.3878889239422,-2050.155239052641,19.757129276713314,327.0704478113906
2861.8119129184715,-1441.3505270043174,70.05104270830074,317.4916319813936
1425.6249496406444,-2302.978803471303,25.334875621341858,328.8846956149006
2899.448829344781,-1448.2097195980243,89.5523531652146,296.46897900428826
1870.8313647939322,-2594.464517522272,131.49847039637896,327.6363867241355
2993.387278978362,-1238.0597989860585,18.87423188067409,328.23905829406687
2394.1098154538795,-2989.6411224495937,171.07539478888944,305.24849411911106
1211.6186533329585,-1904.974228002035,239.57569382818218,338.4388009884874
1420.1644102331547,-1760.9646789490744,228.12197049304464,335.059903779347
2691.8642321105026,-2662.887124507859,77.37936299977066,297.9507016549146
1136.1340904022481,-1563.3889806857715,231.77888029962824,314.76720112182534
2860.2479694359045,-2375.2432162551013,130.0334873584691,305.1715095561102
2594.3492419773656,-1677.909410359146,160.24105485778065,307.5166635366068
2046.5175553587776,-2757.254448214746,5.028314851276843,327.3277204908834
1715.6008767279673,-1086.0383925582435,176.56650601166254,315.08814426281623
1250.3783960982423,-2678.0783669730426,44.34824676359867,330.26391663311153
2589.986149317476,-2999.650011862803,133.763373658252,300.8480491637879
2863.328229145255,-2925.594277958546,73.96513001601798,311.4443857534793
1483.0787960975242,-2760.5290541280383,21.501748062583673,325.8979576066905
1106.9138224634455,-2916.423302909246,197.12380178953936,304.1022893456951
1189.2973554953196,-1993.2085879914532,208.6023695092278,339.8657283945131
2453.960426461235,-2761.261801895229,180.14111732488442,295.68025117330166
1390.633523749766,-1953.9844620752583,218.62642438734449,333.81771228477265
1344.1104547466296,-2390.519814334045,62.820614353195495,331.2613128413023
1785.0362388878523,-1964.0096716577393,-8.720491313704024,299.7112369418686
1412.3092368102816,-1672.6468629992023,40.048840195854915,327.0847268065084
2496.1853812874083,-1018.2310003659336,138.4714348112679,331.4480391528308
1918.9904793328271,-1539.548926277003,32.36521964993009,330.22130191155065
2947.1458160175503,-1292.9019874540431,30.350200650468963,335.25493809966133
1388.5620867765572,-1814.3346741222567,135.79759553229658,326.78365734769875
2963.7539644105377,-2749.2183463703263,137.54632640870562,333.12618154211845
1372.595752248359,-1449.864042511095,79.22531806815738,297.7311157490715
1588.7144498604107,-2485.258001930343,166.3299904115022,297.24382816233447
2360.2404238890167,-2812.4003663090953,158.1543308946687,333.65169352463926
1155.3079712970286,-1915.468499493835,48.68702866352167,309.15732008929496
1499.313134781298,-1281.8917922010464,4.254455681996934,322.18631447514014
2379.910452035183,-2233.1940755863075,112.92900691070868,324.84507097668074
2241.695485326967,-1781.3569074095751,43.342013839198145,325.0084106108974
2503.9672284136177,-2821.0707063843356,3.537974450222123,304.4015519690395
2098.5930618299813,-1582.2145716704463,25.93550240481671,314.2593275178469
2890.352825396543,-2020.9220621366203,200.56580052438076,301.4921327427063
2970.696253490829,-1769.5215806909507,225.08407147435574,305.07097116889497
2430.4806493192445,-2234.1754958295523,112.51521595471543,305.05970854626156
1265.0761856374002,-2208.079747741091,55.37454424625061,300.3202671448406
1869.1665687869267,-1544.803547386472,149.95977534505985,331.4034481610086
2199.2020693242234,-1711.4742507368537,-4.3576263954072445,337.98214017799313
1758.2830746301586,-1766.0710687749126,132.1037931430976,332.53566220307533
2655.2937815174473,-1174.7767790523305,76.5346495552788,325.5855320613465
2616.5891514865934,-2191.1870477125167,92.6585926982517,315.7613741116775
2389.494942727198,-2116.3768502535163,205.7794489269518,337.90667798366655
1745.2887053854383,-1624.9559704552657,211.38174981067738,300.25831093449915
2227.1950694303405,-1735.1414940685493,26.19945093967381,339.655822633725
1569.9876547683339,-1930.3598129925786,195.9023449829514,295.20785985994723
1170.7729430096915,-1609.8153975038254,213.052480051662,306.42940183472274
2569.944270267603,-1207.4307595490754,67.97161172635606,299.6732680705082
2410.6095457501515,-1512.5014847830357,48.30738690660317,304.664008714395
2562.7476032460518,-1097.3045456124587,16.399576838063943,310.26661871361927
1892.0475637399868,-1981.3495924202748,-1.8535878597628734,299.6565808799385
1054.4386887755034,-2203.975599028495,184.23839150684987,312.6325847081425
1897.0874628851968,-1870.9734524621738,129.40880002504863,337.87412783669896
2473.6615505589707,-2707.3676944169106,177.61636971442806,306.00343054457403
1114.7637665061122,-2322.859356812729,49.906672765815614,308.5021170614182
2437.7340277560534,-1089.852103188209,225.28261012805675,314.3972551184758
1907.1342514645798,-2823.2215904893114,88.75976393214225,321.62756797264484
2557.0428891168212,-2094.5651956992847,56.08614338417543,303.9127690555996
1920.2116623897596,-1419.1377106140321,126.4849207286947,327.2482708080624
1241.1544990851328,-2420.6377076033327,222.77550192152384,308.8875634375325
2343.642853761182,-2161.2736269323236,70.87093511228852,321.1511285428923
1550.900925605888,-1583.7562697965102,219.880323112116,336.7881484339635
2162.7139728759594,-1503.2393443791289,42.19993186108641,332.4077731702926
2471.0128805649165,-2649.26208518775,180.6315227363598,305.93474879087154
1985.702484960972,-2980.6522082428264,159.9599881398256,316.7409678316032
2129.7037201481307,-2768.9702243353477,31.489141994471964,305.1198747508328
1590.6443926540417,-2721.5682679537867,135.02037653445964,331.8794538061678
2720.8966802376685,-1185.8821818631761,100.23359514340461,324.900087415555
1207.8460830818826,-2497.5171047992326,250.73566172398785,320.4682472094686
1268.4483383766583,-1506.9158556115028,225.9859974068869,318.6970222684689
1305.0250938929562,-1132.6759710233564,131.7542208798647,327.46811507453776
2179.4605596806214,-2827.6251476496222,46.82451182670839,309.1089064011986
2580.8843611350303,-1937.5201862488564,-14.623858486871683,337.8242484093796
2916.9947854877305,-2199.4586663116916,149.5365739524067,339.6720854948314
1238.3064257624467,-1539.665090807448,153.0793143658744,303.128322536213
1188.3401601279734,-1387.2597964057836,105.34688036833197,305.1657627567056
1554.5413727637624,-2270.2341847880707,28.317914004240492,313.6480968013335
2541.1760716285016,-1913.8218793835783,254.06357207545585,322.0690405019048
2654.6889027311136,-2848.8792798294044,243.40156990023905,323.49773317631474
1071.5446372128,-2582.7880540746464,236.3631339223076,306.2222881493055
2336.4207300544927,-1126.0047881024161,162.9135721829617,301.84386573481186
1442.7368457709579,-2335.279647191456,91.24782040557481,302.6084112513724
2811.1379733990652,-1673.9063339284153,141.09369362660283,299.06501319066973
2232.0448958090738,-2019.8717969246693,220.478147771921,335.3644106048642
1939.6058822868708,-2903.263128841308,120.18721738424117,295.1898018903096
1266.5096648253166,-1605.8646279268437,6.96181603695862,335.1138063902887
2596.991520461941,-2978.209328957844,95.07968952430457,297.0095508700137
2912.3375504545897,-2880.1327411907796,69.75023117890576,317.8100263122135
1702.2679007847964,-2556.251727863712,154.34588906134852,327.8473072576678
2730.9927224492953,-2142.424207408438,212.80715650826735,338.36275285083235
1413.9796258373883,-1462.2628037505974,157.4047310607198,325.4955351123263
1266.2620990775483,-2442.3137229888475,20.45640025767412,319.10977003149185
2679.1422621242828,-1758.0661005149989,191.1295402489856,331.4943478951624
1246.0064727850167,-1859.0546731408613,212.57182327173382,295.84191352598503
2873.707443108189,-2375.9682588383525,112.44997230629338,312.0752069536659
1992.1710319031351,-2042.4336413540773,208.83443263272858,329.550441578007
2099.428374447371,-1517.2504566838031,170.48599517317066,332.63492618848386
2958.739497025484,-1201.6674912635053,157.56330590984388,334.95597177693486
1974.3873791045635,-2379.49528321119,205.6834532177404,334.1780124508942
2042.1345419338638,-2236.147884332546,64.76547866427418,339.18251827396136
1306.0579136959032,-2356.40242427622,182.34687102554153,297.6333708860271
2576.2292707430342,-2000.2963910207022,190.21883243163373,296.58214845569404
1669.0122745334572,-2137.0735614681917,163.63394989092328,318.41993187410543
1064.2568353311342,-2152.827518394458,243.50599366688078,321.5196690295654
2357.643437788731,-1825.058186497337,20.332240827298293,319.18353604415387
1422.6026738483895,-2332.4084990353517,43.08155467646868,300.2726588028446
2609.327729953494,-2592.511883505101,108.28166355237599,305.4901454492671
1552.8914436986993,-1614.475490818787,62.381972317990005,311.7879237242632
1757.3711470318008,-2058.606068586724,134.40538264030502,301.34854686292067
2882.581098933905,-1614.1028169398958,207.7020580778034,307.39687083722026
1491.8843168060043,-1810.4678987153304,73.77383813125601,321.58165732358754
2689.2758069153642,-2118.828979729189,100.42376555244796,307.56556900621734
1836.1841435506267,-2781.325841585219,143.86222702924542,310.1418778244378
1592.2070692577622,-2265.2505347203664,184.91298912073765,337.8669597027157
1592.6763400945129,-2778.01924077708,195.1851428716594,330.7355263185949
1722.5401344376846,-2157.0638203877006,192.90263432618173,319.2606376288411
1306.92517936277,-1631.646066604669,109.29626100139629,313.1438263140363
2314.4460868876477,-1376.2330765586692,159.86606310822245,318.76448362338414
2865.500084848819,-2845.651653220814,248.53966839806287,312.79292318303885
2602.815100640136,-1023.6209143300671,112.43813386648604,331.431627071776
1266.8896044861394,-1690.6924590624594,-7.3486351387279445,319.2140807777615
1982.8150019973418,-1052.9513356016503,2.7657685334886644,317.6451808213225
1083.5511823978152,-2634.0446754977643,86.45344276704263,303.322094208466
1693.449511205546,-2984.3085361860294,131.24241648435054,336.10716402643703
1575.6975044094902,-1410.0459967713396,153.43169546853315,298.0097451309015
1780.112031425809,-2577.9386705191896,220.15476761761693,332.8564561378476
2144.999802596073,-2107.188638253878,189.87544449830582,315.39443243537517
2085.0257263688222,-2894.0038863945465,98.70990465529346,339.28515424891737
1783.8164183040471,-2131.658681581366,202.72487944807918,302.1181731639794
2275.1727591967756,-2685.864660310478,138.0919609096678,330.5036261445996
2853.2404043558295,-1467.7156176537662,57.969169105897095,306.214485597093
2500.02252569342,-1252.8485015387682,-1.5885974387331245,325.8622602438375
1614.8304689620843,-1825.9926582916098,132.07731606342833,338.2393767779432
2437.9590303010405,-1057.3604205974011,4.445699844109086,317.6768492922276
2233.4048000662783,-2258.404945782839,128.518863901829,339.57731849984617
2547.0903328185186,-2669.8209912223006,177.50255323295545,312.79470206527554
1495.134680213035,-2688.3327815468274,155.27778538581748,335.9594383310568
2801.8154897409277,-1014.9652185329494,130.71129911404287,317.1864825163495
1744.6748342385476,-1249.1573480389713,8.79680205570595,320.3103225036059
2942.2316023694666,-2002.1819420229685,70.6229817281144,298.94879861567546
2856.975856809775,-2529.225763804894,201.11846375750966,296.85447936534894
1576.4135207335275,-2941.9649378935906,-11.452805323499613,305.10738760729157
2553.4417505218157,-1563.8907836315973,171.98802914957423,314.5223272131042
1680.1779935356471,-2558.930844176489,245.88835941213728,303.4507062488333
2635.329936862212,-2207.3913941939077,197.47674785195468,334.09489409700427
1962.3838435508633,-2078.1534266476187,143.04385806066335,335.7683632599163
2360.3505498223994,-1574.6874673160748,189.3663728499085,331.5920249480413
1926.3257678983732,-2846.7586212174583,127.94401655578915,329.9393625591936
2030.4289303607682,-1825.312798349319,31.543470338976178,296.446494373393
1409.0965875324348,-1486.908188052057,152.96743904197407,302.25092017169175
2392.9426231923535,-1945.5421307737474,70.11243765298616,303.68368609287984
1178.9237377180002,-2673.492123581651,209.78683759203938,302.5659464837798
2882.82204863434,-1210.6361824553453,170.76101784806863,319.3691765737801
1350.292670467932,-1201.755823780432,142.20102397986446,303.08277213600365
1958.9403785510003,-2836.064100495417,69.01515745215015,318.5202801845225
1956.222828271198,-1943.0890959440658,53.71207875031587,338.2168980418232
1505.7508947491535,-1831.7290107441156,117.42581037497072,310.82650628688003
2734.1834017623437,-1026.4539999210986,219.22793978699187,306.8623331251407
2415.713871084067,-2145.130701239228,34.880115671984505,310.4609898851288
1893.020612658098,-2202.0820724298565,91.83121298354347,315.5045669516739
1460.9316081129577,-1477.2832457995287,40.87077840895362,338.4088079167291
1014.3239858059032,-1543.39055434443,2.4081658109030997,309.5776324182622
2831.1541673167785,-2806.830380962189,207.8987480325018,312.55712322342276
2076.1742559138606,-2724.3494050850836,147.51367269312277,324.11246925637516
2149.325630766907,-1872.492265783862,52.80914475013469,303.37137936345437
1587.924634287785,-1396.6198795812072,130.42130128186002,303.20199470566547
2280.9787243912324,-1176.7167879976043,98.10192489785277,339.646308549411
1562.8635247727948,-1130.2414562114639,102.96412449006846,295.087833481234
1909.6998312843411,-1271.9754082567788,142.1491585578595,314.59314243744427
2985.027021435945,-2134.961721128332,151.9145214750815,308.48073376198596
2915.319508676169,-2652.404921333534,50.02466982758287,324.92434759839614
2816.245268764101,-2926.3705438894644,122.05048647881594,328.38489850232577
2221.151349935667,-2987.6227918513055,70.34057730094992,333.84936673390774
2409.477644654267,-2221.7762709484455,157.06445188601478,303.2512611752342
2386.12177251556,-2614.8921188790305,39.82554248761067,308.6993647923348
2634.336107240124,-2062.6995842708843,196.1512691501322,300.81389389025003
1611.8052566499318,-1637.534208349724,-14.24062161253241,333.8276886920098
2019.621442677534,-2440.0717565889504,163.23184391077368,320.2651770313947
2250.7784659530143,-2992.153684733472,126.42360631518699,302.8208742936306
2163.4751891967776,-1538.2334106347566,215.8533212762471,324.31194597411667
2756.455842654337,-2954.9217221355025,35.1652514199457,304.3749993118139
1567.9298351913885,-2380.6601997029034,151.22741455743056,303.4896018262864
1561.6073117583796,-1410.5403747120106,59.76893094392469,326.60888668634226
2527.901925961637,-2989.251682326284,240.01724357460523,322.00054826268234
1682.9104994750792,-2986.8148382946,220.38093727195152,327.3038586190754
1698.3428324060035,-2186.0030981753257,223.42982235543514,307.2378939382371
2041.4398011279543,-2283.4560130900136,75.19706973752918,335.66447667125857
1230.5074534553532,-2930.0626621122674,162.56032935355682,319.1865918112503
1550.7114317607925,-2520.180550060445,189.65453449371327,313.4117856504091
1987.7373311405481,-1670.580592871969,181.10246995136703,327.47112702259244
1851.6600208277018,-1289.7990530173836,96.04057074029694,315.651646621026
2119.3918160321346,-1722.654376189513,10.730547104303948,320.08166474953936
2182.042914374205,-1782.9801859870688,140.69966397685434,333.23234431586076
2395.66228502576,-1865.1012479260519,119.40393589100461,333.2749997469203
1710.9628347256487,-2579.3529642310373,23.22314404901305,330.3618639669868
2539.7889771100954,-2217.5635005936033,7.603289389887575,313.9805302980894
1319.8602664200594,-1203.3138364690967,-13.758172349935794,316.7331519263144
1639.6850205374876,-2576.413440306048,213.09701710193104,296.38045084309204
2704.8237866457757,-1986.3752837702207,197.87988748324534,298.2235554146142
2004.291195179633,-2064.963897425865,125.34726707194633,325.84604847586
2754.6605630773465,-2693.0481601269366,66.10573070975633,337.39155786221124
2015.3919412077166,-2439.3335178773486,27.6909331183113,335.0801823111374
2292.999414395544,-2287.6631068452543,58.528144201932406,336.89194354011676
1690.417756622236,-1471.3361603606827,145.1083649202608,328.3930596611474
2776.921045684673,-2419.940931644541,11.091867661695868,332.3894892964883
2646.8698627531408,-2535.132682563801,16.92840714929709,304.30898831976964
2647.1555869129843,-2765.964366709206,245.36675543016622,331.6598330838269
1978.3417043273464,-2277.1027765761532,24.0450569609903,329.41175909007535
2688.350525693807,-1375.5237933090086,207.00400605726364,338.7141527825989
1047.7401050772194,-2136.402552596609,55.24614428463629,315.0936859318183
1398.3306727137617,-1452.4435257572839,143.1504537853813,334.1660074218314
2311.8309998995137,-1276.5358024518516,168.20294625456725,303.6738001477363
2979.203519174027,-2677.521157287605,156.23132895796184,312.9402697490662
2426.790672420432,-2488.7494177460067,226.47971708698788,307.40840448057406
1820.9793005596703,-2105.3983219523084,192.42959824998186,324.9953016030116
2289.597947120743,-1632.9757821753167,14.960754247874554,315.3363645784636
2139.9272035364647,-2228.5361713527004,235.9989685338298,314.0919396804751
1642.1072036598566,-1736.6947896647087,175.0899960614386,310.6641686151271
1126.3835346949895,-2595.1869952919587,34.69465939708166,324.12329906693924
1442.9417845770554,-1492.821845445071,178.9103224646617,308.9770163597076
2644.859944363892,-2891.208710777101,221.36954376389164,309.42665365338485
2011.8301966964611,-2643.0321358725705,155.67063064718562,338.07550047380875
1525.642456416317,-1819.654897901907,63.9917916509762,296.7124771748296
2024.3209133202856,-1050.357333393153,154.1992067331486,302.9684134184474
2343.0528376083516,-2562.024176420006,233.78988056420212,331.5202499168813
2174.9576232089116,-2147.3359892837816,92.65311114586196,337.8508338580225
1646.0894903019334,-2800.1512617465755,77.16067508505083,304.60019147602316
2796.8797004659773,-2128.325080722202,142.53832876197387,307.2867538020667
1047.4320415889404,-1242.7240572635649,131.13446594476613,339.57576203692867
1249.9418216096997,-2600.173862084679,92.12711200168933,298.91560307128015
2028.3192907687312,-1844.4470223828323,108.49672285038046,305.85347784873085
1352.0708493091722,-2800.734373319196,152.52290761078316,328.97001094112034
1159.4615153022376,-1428.493796989535,123.93015580210246,335.33490659604035
1356.9376687413292,-2492.391846469012,182.5905564507473,327.6850686956147
2976.63147214977,-2759.2682688111904,76.11652281440045,311.0910828966117
2695.5933012217965,-1892.603557147011,4.655072542620719,335.98686128298345
2463.489025290334,-1464.506001849688,186.48868712240645,328.10700651952584
2218.4026348259267,-1943.1464329455564,218.92988759398156,300.65588648578614
1342.9828270996327,-2058.5213492472976,66.29426965668108,337.4774700181157
2354.802483129274,-1031.413426485309,-6.586757393263543,339.5916215315229
2569.7064610939924,-1131.6692906951462,10.27522242114901,333.99971270435685
2282.6744332641124,-1768.247408770772,62.9803628132172,318.6632903483576
2151.7565330784955,-2157.299504724674,14.599953668590366,335.2718601617868
1023.8722012899846,-2041.431920880531,122.47606480077687,330.9754961533489
2458.033940777987,-1343.1719362620508,-8.107078047682462,324.68098570269717
1716.0743648661505,-1340.7290142345676,52.69875157151934,314.5225848549809
2481.1304494146843,-2677.1596125786164,6.735822052823096,300.46640642592564
2949.4290967789475,-2584.4244627600087,173.3116140750061,315.34299035655124
2176.030296773039,-1264.5839006482813,201.53332745587247,323.5264623774238
2239.6223102236827,-2129.314413486356,119.93890315573046,324.89576417866874
1738.033885272104,-2339.3206409903037,175.38758122538346,326.67698726326864
1115.874309365178,-2782.587838135109,41.63440232665591,317.4958267696736
1739.5157062212654,-1664.3106628954552,139.51720816393888,334.2552826316139
1753.0492030341297,-1795.3994719458942,32.688162546587314,339.8156938330163
1408.4317875121683,-2652.0669857097587,230.01915524025236,335.5660375210709
2100.7547857208187,-2780.9198455773167,37.5095406247446,311.5597916199382
1751.6560015472787,-1324.4881168505506,4.4974325036153004,321.162265136853
2614.540396403422,-2052.5709227938983,81.3797057294711,304.9027057136527
1965.7193854395234,-1542.156331910587,67.89020805280339,302.43245943296347
1135.213027243645,-2736.492802713698,76.74439833198211,305.0253925049081
2809.996771230465,-1566.9571957306746,258.4651066364908,297.3516872658018
2230.9323248676214,-1044.0497168962481,257.7586907271035,336.8699363626415
1045.2049180234965,-1366.4693381161164,176.35323187638303,319.01136796635876
1179.2157081440323,-2485.8070913741417,188.2462648309307,309.7473381170863
1087.019010441191,-1837.0965064372192,-11.244329669129272,303.68699284980545
2368.0043492612103,-1652.482835557359,115.55847631850821,321.42440593790525
2304.93858014807,-2699.6246236839193,41.366000605872706,314.83668321198365
1634.9690089191809,-2166.09061192205,136.74832223158697,311.3060585629506
2036.1436682731091,-1988.4418391155036,13.388367733760148,318.6106787144468
2234.169664163228,-2838.567114771236,89.07129255542714,335.60431904110635
1280.2033701637163,-1776.4266642795546,-13.569726725369748,337.0988942348314
1966.4119199684296,-1458.0341884612453,200.4565041703297,329.04675710379905
2031.471045456652,-2805.030598146473,156.70824071199232,299.6730546173374
2175.959337561955,-1367.6857661437327,-5.960587601701759,315.28769281070777
2303.8564495563533,-1864.00256291721,25.73635462004983,312.25052618728057
2886.6310362214103,-1494.3949506146996,180.52734200934296,336.66195295897325
2566.855597935742,-2558.1710065879124,93.55906194419248,324.529961538866
2469.6205376821517,-2222.3268754446044,150.2809713827091,297.908154897929
1614.249161592988,-2839.25721232673,93.38064169328199,336.05885991764643
2856.7738609662883,-1259.2911370936251,84.37490463200322,308.1174714523611
2438.716530165603,-2517.8075532869443,254.64869081917664,309.43429301305105
1287.8535141542538,-1789.4744266300388,112.00071215117582,302.8027981438323
2675.4773669840242,-2172.078206651123,228.38602779971262,302.87434198887115
2595.122456212537,-1049.592892695697,259.1287156661357,339.695691436146
2353.8139367698504,-2328.557158468985,110.80678730999222,323.0921411994219
1821.9638745139491,-1040.5950173486556,163.863939670165,312.3578301326621
2994.6831901723062,-2281.999029199566,213.97640689828563,307.36857693801176
2786.8613435758516,-2490.277743556951,19.727678315000176,322.2443550577391
2868.999392133126,-2602.1811368493945,15.13882840167102,330.9537331212497
2661.0971785180236,-1056.831592975746,25.214584309981873,328.58840032139034
1017.0368052449394,-2840.9052520979935,11.899916228393181,326.0031915669775
2628.454838416886,-1064.6577400701822,62.841105972037354,333.0351582136314
1324.1822469717993,-1074.8978812980877,233.95384911663908,314.33537849806834
1219.295749118118,-2326.053561150858,27.71183063668213,322.8668454976703
2099.6124332252625,-1030.2641568563456,225.73576559609157,295.60808267904184
1067.8998444870292,-2953.4876076803985,203.6023832355039,327.14687958637336
1565.9490146354565,-2424.853934074661,169.60326454895778,312.027422317369
2748.140678470133,-1421.6625184213326,24.757044353308046,328.9276335408257
2590.0514273983326,-2004.5116394003198,164.3902214814247,325.83481137843245
1898.1469151203555,-1400.1712725595985,15.953513267906992,309.02133155366676
2186.5632482105884,-2612.2180738339866,255.66064388229353,326.8268995589611
1440.127529909318,-2710.3570499186344,53.17811311593003,328.5858672232067
1601.4208594469737,-2993.3208136808025,133.83843106775396,307.4756666074261
1487.2134209083483,-2082.563071609568,112.06124137221914,307.0614884004592
2913.029737002875,-2951.2953685189445,51.83084085215327,298.9094387489099
2324.0178361021785,-1690.290492525218,25.292159687662682,313.23991982959717
1119.5588934362047,-2845.8158561265454,154.97063566248892,322.44201903540807
2287.7224049056003,-1507.320951714726,140.91443560292794,311.47471246405604
1360.5647157137619,-2886.320286397206,112.93878769588228,323.71133029814234
2881.265080195477,-2284.067076567155,68.62897947225565,295.43901291809834
1773.240039127238,-2840.193032494702,220.7406351377404,335.3133626298917
1528.9362953061973,-1329.975766765836,89.700084494719,322.71184050113817
2912.7629305071396,-1234.993464039377,99.6120394876755,316.7420656881515
2985.2654045697486,-1352.8260107211897,-7.489064855891762,297.3656849935376
1859.524485398337,-1577.6453168063997,246.23647404885702,312.2137874594793
1882.1420714381609,-1175.9055341398694,76.98619554186587,297.4996129389442
2382.0745291069925,-1066.2185751748784,195.1008883885108,298.27613567442813
2683.0570294689087,-1560.5895507306088,230.209671119561,333.38797876326146
2858.6730604185896,-2162.8954912185436,37.59099627584452,320.0221798810014
1522.8516598443725,-2468.0658807781765,175.62001467267885,337.1403138658873
1569.7934020318257,-1834.8511482608099,123.11128168360699,335.0130039777109
1948.680319149164,-2476.9926588065255,187.42228006690203,332.51356612845535
2789.1895058782993,-2378.3594207645156,58.072284943786784,305.22332610448404
2845.6780768922536,-1208.0951586016836,47.54150666635783,319.66138380008744
2238.6323478392806,-1799.963273540161,112.65433582152492,337.08606434339737
1199.0346737350314,-2775.576780597006,34.02361427816954,314.1836790484261
1315.9841092693082,-1182.3587408912063,12.280727016491031,336.40389871853625
1358.4163988969078,-1225.077465497812,-0.7286909815668139,320.2713387574146
2232.689022948558,-2406.4224323124295,194.69897308094937,339.7281752035338
1834.4350457321698,-2530.528431526819,53.409313390775836,336.3864815580631
1107.774541612157,-1287.2258709614616,245.20191920918012,328.7407680036307
2517.444535475982,-2682.9154067609,21.02256836903539,313.11439468186535
1057.8915888369486,-1130.5615878379824,105.06737026890643,336.5756672278101
2154.6531721829074,-1996.3019635240746,100.87765367083738,314.446192467306
1956.1713282374099,-2579.5161253177976,235.77595685677144,321.0655058287287
2481.176597923201,-1088.9672542332635,34.241693619583025,339.9547275274287
2672.9184765459668,-2465.2876732246723,162.88105969921307,295.26347138140454
2168.8925950476305,-1953.0822598676893,16.894285689957336,323.1433356224532
2630.3788841061314,-1881.7747922419207,23.60425084213064,318.1860308738017
1371.0584130946008,-2795.5102685324955,49.34348526845123,298.32780565263295
2897.3167438219834,-1749.861183255309,19.06386390254184,302.69939067892375
2609.791684139859,-1160.086921728773,126.79510289157213,316.3592697093011
2947.9403294694193,-2090.156320921442,234.5164832954293,320.96243021099275
1678.3070555289455,-1217.030670843598,142.42848705551478,304.37690306817956
2219.0366417736523,-1130.0464733902013,109.09987060685569,324.11639307085943
1095.1831368272221,-1069.7309323651527,184.66099742061112,320.37208432722446
2583.6523527101835,-1875.7258120259626,26.592762840878436,313.3032827580802
1612.5601795823263,-2369.696599460627,37.003141616199784,310.31711580647425
2685.087446647327,-1612.8279731347866,-9.438100954363241,295.0369789710203
1952.3185365401569,-2837.4939591199063,-7.187441495198952,334.1363141921728
2501.981271327564,-1996.671296497784,256.64684736340286,316.0880861328258
1829.5231702669319,-2503.649429032729,163.2476992973393,337.79976863033704
2708.091428059402,-1060.84484000725,13.083343876159908,321.497276818141
1371.9987564019905,-1695.6484951631278,23.414186492473007,329.40759935262446
2610.73986382822,-1039.7619129326104,3.1544059014562684,322.22232644973167
1676.6109022727017,-1570.410235680443,125.22486076353104,327.2949406781633
2819.344149003089,-2185.4191907917048,105.16235270801242,317.01927938766613
1563.1554438911726,-2365.700229336244,203.7964721558137,309.43658975978025
1918.1530282759245,-1585.8502290173014,171.27843680775177,313.7389246753854
2137.6440883306104,-2794.628471828568,170.67303741648848,319.12352103056037
2753.191197518313,-2947.9140778513424,22.19959805234985,295.5477405273354
2491.2290763807123,-2097.881932500774,27.51084961141997,323.52953647059917
2270.1763172928663,-2132.2415822020685,7.6498360550223055,334.51543616029267
1274.663094804322,-1077.7774373457496,188.0025127669768,336.39769110577396
2760.28042918868,-2640.7308321714927,103.80928410302701,297.5062499649054
1689.238029831573,-1908.6928608649796,202.70742022321988,308.4556010961952
1430.0421794909055,-1118.9892575465947,48.16310450697046,334.4813100896865
2175.4323710196763,-1952.9559921819884,232.7864386920849,322.9290024671673
1475.3554044631603,-1797.533067970078,28.48968701714744,329.878685575659
2729.5446757396676,-1420.6755180432874,143.7411166933181,299.51667607341074
2997.5712391143625,-2421.742200589843,-8.217992187695431,328.10669825291416
2395.3044192716034,-1516.3844377913165,199.86737798167576,297.3133279862811
1018.8865172271707,-2007.8262233616406,57.047008470810184,301.23372522201294
2736.413521916199,-2504.410629701612,73.67948308811974,299.4854670525006
1386.3346898490097,-1138.3743434709136,143.50531950416575,301.0269368094788
2644.878094607559,-2154.7641565307795,105.49550492764361,314.8601473021346
2558.504299721592,-1268.7912746361867,108.41399674188781,318.8537421112738
1803.3111481779588,-2987.1430806618314,107.57062818603113,327.4754732241545
1515.7337340037695,-1647.910086697258,80.51640291277505,338.3390399302056
1291.0383499771983,-1580.2583756771264,141.4482774132512,313.61641419250645
1728.694256904802,-2085.597295628391,189.03769655714936,300.8487862810244
1079.9516425872084,-1705.623106865202,145.01078523600955,337.19105601066633
2298.760192914514,-2425.0124662362837,54.87204087568112,320.0275583350643
1541.8581370757367,-1800.0067028306103,129.8298288791033,308.53350958037754
1721.469190192732,-1021.8803068765583,-5.550078529261583,309.76843327994504
2443.0797945994796,-2785.8796546604253,176.8908327774655,302.0724789822444
1308.3324398445136,-1498.8911444142764,25.695809897037435,335.9336982180322
2459.16810235906,-2083.365457828199,95.30276521104676,330.3987754368293
1178.4637277280933,-1484.5884506213843,146.80635035032745,314.4171089007248
1941.8725118284165,-2438.133582511721,91.46318976041057,297.92263769130176
1457.3317305248117,-1877.1436903855272,191.0029810037513,325.67383400913684
2667.582411517572,-2922.345312850974,154.43990751089623,310.23523257430855
1831.1092523126424,-1319.8327584742647,251.4242260907522,337.186832695583
2589.7348916107894,-2641.6890095346553,73.52209507270653,336.8693743667647
1175.7570052673022,-1788.2139449675544,255.15418458619592,339.5324359293031
2634.966929559412,-2675.6594890475394,129.1174642269931,329.80325002859524
2454.4392834632604,-1493.0535173970275,207.61119251624308,297.86211693911474
1473.2997629271317,-1788.3980934661124,132.4309722913963,313.4600624708682
2133.788019773114,-2354.2291073644797,132.02995007902098,308.7786122399774
1975.0930916428774,-1740.3056646412024,154.2524871243463,332.3505972969663
1310.415551150372,-2287.189699875433,242.87049698143403,319.9430524343222
2812.0310658077656,-2793.9480141676913,43.3653263475997,336.63031191243806
2713.505864022074,-2851.0899487438965,21.794716506286136,328.8940676596818
2621.042144952503,-2205.9103599466653,66.53187461805709,322.47376654357265
2046.71697318532,-2615.529570499431,151.62198172101986,301.3664880447061
2700.478164887894,-2611.3528294757816,38.708846284825974,305.41116953187986
1911.9408981463775,-1302.9515924164616,61.60630649793991,334.99058910986656
2375.963128555071,-1955.9667261353557,-11.97556545992813,318.20746465572216
1248.559932145471,-2478.566435583103,251.85887267786188,329.8195300011594
1640.8635401396673,-2186.1310564245387,100.30354044435134,337.4235692346673
1295.8397383431663,-1956.4404635693606,169.31432815873214,338.9843978640147
1628.3787287646783,-1046.6263951482745,147.18605129915102,330.1888528939826
2678.7341642978845,-1494.094463764352,25.531016780748125,304.71246435123214
1037.5703223382063,-1816.555073274725,72.77047266428828,333.2632872255984
2974.0438185520334,-1549.2640330032243,84.20686197586593,304.10897463439045
1859.0776729181862,-2980.5873880357676,68.85911059636894,301.42025622124
2994.24215366807,-2888.2068613275524,177.0577789398612,302.75352969604927
2227.321781966877,-2438.1903045139597,120.39482320373548,299.332214826962
2257.547710145924,-1530.1179764136516,73.50438775839075,326.15162483188885
1692.4121388875092,-2886.9348974847167,65.75117554975219,311.49806682900396
1165.0365042562246,-2520.0804752240615,11.587388453795459,331.1822717948064
2582.4871699051955,-2895.730318524483,-9.87725310352953,337.19000020508736
1770.617402770768,-1031.366055788713,202.61053420280697,324.1633684629728
2407.63026883931,-2385.2152641663824,135.3556278191819,301.7445345055814
2246.228252385271,-1327.3013887852997,218.99303181517394,335.12219952640186
2464.769277523142,-2358.336978355944,0.07395974084189127,310.177369869849
1610.199025465055,-1164.8547108338532,246.72712133615806,321.78187453564016
2279.4297477040245,-2834.7680229769503,216.45627846547595,320.5989618398454
2819.0756242328653,-2604.942418028627,220.21923516188536,319.5371469981888
2238.427948686284,-1450.4934301935132,203.93790196454185,325.8610781531667
2319.3279621739994,-2130.92852690805,187.61569882707693,315.221078820059
1151.7565280710116,-1977.1492719409798,205.76056268650694,299.9292195716613
1396.566466369867,-1029.5490110639646,70.40846748722049,295.34126820012835
2467.3077742148153,-1774.633213173209,97.81526353402018,322.1911474242888
2068.7788886303792,-1610.7757854904455,20.68397823841326,308.7878025754305
2235.4218915419433,-2571.083520311711,203.43294718017398,333.27053968110397
1296.1373774180026,-2242.9622173498205,26.33035737021998,297.6864132572493
1919.573703466266,-2273.346261103216,53.400065708953505,338.9288133173439
2654.4986376110255,-1138.9772640896294,66.24320400952932,307.45144615444906
1873.4810129057905,-2737.502060425161,94.60703927849335,339.8649758590688
2010.253030382677,-2299.9162822276044,254.72327842650145,328.4864103987228
1436.8638167481477,-2329.3412221198655,-1.0978296002312273,327.63206309344963
1714.9035388090285,-2535.8598339088517,57.21058840261858,308.04467658178885
1370.2589553060714,-2780.042947457503,71.38331993499611,316.8071930580929
2080.5511108282594,-2223.4205802909446,117.69226368977772,335.57605526063526
1811.0222236679476,-2145.4708212184187,142.75522009254115,317.8791610737418
2265.2896240098044,-1148.3879936606195,135.6812931987279,303.2325069389227
2457.405761627354,-2489.6665526944034,176.81083561717483,305.8348747787363
2353.2986000681612,-1477.0939267762753,172.1926292564988,317.2292859275026
1318.4498082628027,-1225.9476530088448,35.91778312059479,298.1813424290978
1603.1240977240693,-1543.4738224637892,190.8605889723404,336.4613838422432
2378.0829591968286,-2253.080881316249,96.75303325252804,321.35974207898346
1129.1187423434133,-2664.638219958707,12.472503774015255,304.4310062756429
1555.7010657793667,-2207.7651259665663,-8.083541554528654,310.4725060824701
2919.544030751151,-1394.2364114372597,236.6672935000764,298.2569562153034
2845.8005438938126,-2985.288031630485,160.57569116380355,296.2541456303412
2269.56783849402,-1707.4615817892636,-12.698560269671153,301.34185050612456
2079.5934580981357,-1260.786492469047,41.77043146089573,311.42222462027814
2995.8349249665416,-2461.789392109845,192.0051181953059,334.56385345770104
1894.7563359245346,-2531.647981563478,170.6264133919751,311.99070867908154
1127.5499190531236,-2375.0324969973285,56.90055958797484,322.9178944420573
1975.800166482496,-1464.2673809763078,38.396846868963536,301.2885986669129
1426.5339634966035,-1953.0934551604873,44.208400754831814,331.85953453532505
2156.2543721747916,-2787.6079686997227,36.71092200097089,337.4104353810167
2556.950318374464,-1821.898278377141,93.43326457697252,335.6785488413756
2587.441440702338,-1669.2032809645784,226.0377410994501,318.3533288756203
2199.4363515495206,-1924.8922931015557,20.567503846274953,299.5751290629998
2813.6878193370067,-2419.7295479415207,229.05312146069625,323.73617161570974
1479.2949903479353,-2002.7718456724842,8.48911860500069,306.70177052035996
2015.2632922346463,-2689.721657173956,158.21930601238896,339.7823990446137
2924.131872290815,-2682.6779181201546,206.21952004181125,331.8773945139086
1054.767109787586,-1080.3962394923276,161.26054019620798,321.51965435323416
1342.4613652765775,-2112.7528302343585,170.76518543923711,301.97802665846547
1392.5545997414386,-2800.5267870249613,178.17627686224543,300.3265849575333
2021.5829064223994,-1809.5423482025358,13.730538540555255,330.82874854963774
1759.476391890144,-2222.767540412601,83.92766217187574,324.90772411049767
2219.1683039048316,-1376.8299440169715,249.87019298843603,336.61229462127835
1059.8755342412253,-1541.8349117395521,120.57023145408613,337.70162137846916
1387.6164539467982,-2552.077105397424,121.20370943022368,306.54041040552187
2165.270636923272,-1360.9244709040884,118.32813356998798,326.76478511417
1400.6173684560415,-2077.8742187953285,256.1299262657166,319.75060197230465
1693.1434242847586,-1071.1087130596243,45.91478118213154,309.3590377016694
1709.5048718688959,-2449.223799341278,214.06760811499845,315.5444713998898
2493.467323791663,-1994.0441652057348,36.03704690379423,301.0781072334337
2092.8396634388782,-1062.8405822226803,91.07929590056882,338.3058591279968
2448.859448515157,-2470.796714273416,31.212023332995223,296.2452180801704
2593.2197162747707,-2416.0303893161026,76.41449266481062,302.68040722694576
2074.9725860669087,-2338.719691551277,38.66225365100819,312.5765721384392
2715.9229956651534,-1812.150298689818,132.96497052490932,311.63022465445977
2048.2948505883523,-2877.6835962287873,123.33032625878013,301.8794046400283
2002.942991743772,-2957.792621223897,173.12108551796578,323.986517255403
1799.266393064007,-2678.741402758877,72.49306450933233,324.0632781226917
1816.468883340377,-1782.9880289630805,-8.530870250176415,338.3243047528558
2217.0271957063987,-2456.103095410029,89.26976637237073,326.40249417459194
2527.0104094096896,-2271.086667426817,35.94914019743285,314.11144619765946
1939.6197950679457,-1883.549413731353,54.964717568324346,310.47845711599393
2657.9937543958067,-2496.1604932149635,169.21229687617404,323.56254591422896
2517.6344904704656,-1007.6917421897413,8.127103075014787,329.7645406317028
2585.8666437692937,-1351.0584099293317,107.8541304527779,330.72409723769994
2573.2319739556874,-2578.9135673027386,214.5892950894698,304.8624550984171
1828.6230122042678,-2181.5205806362987,60.82031796493952,300.13290307395977
2634.412526729377,-1264.7648135983327,258.1398907036993,303.953599278103
2683.720879497142,-1547.756855891568,94.51017517346952,314.8036531638929
2115.238845517797,-2747.073727863105,27.104496698332582,329.8659092444275
1039.3281141215846,-1076.5397531613578,39.41594872510414,324.2632644810343
2561.21459557749,-2738.4347420105078,146.80459161501696,337.3462103327158
2698.9889848716894,-2966.8522833847724,119.09660401858832,323.47845456097434
2052.7061738218054,-2892.674075938556,145.1170640865889,328.54455267172926
2151.677842498624,-1401.6675552160386,58.56174484660146,304.142515627529
1504.3823871712796,-1761.0995675559755,135.29943964428577,298.95234676332853
2036.7601215885056,-1356.6309466081975,142.12410628153754,339.9907301882471
2010.657910607087,-1870.8317342464068,25.02172212187959,302.81457108302385
2015.9013605175371,-1446.2461777186609,152.1041595767687,319.8176428333279
1457.8346840506733,-2447.648729589585,212.8645852854194,339.1424655657845
2589.094017932489,-2103.8603957119303,103.51579795592102,299.8242135680934
2258.7555804904996,-2507.659837311615,3.1084387787295675,328.85914196840645
1379.5549831469414,-1731.5888427489895,121.28720472852342,296.0315562048895
2112.4994720139384,-2637.390135479477,6.184280487144285,300.8143584696594
2469.2194854507698,-1342.48460532517,138.24977089133748,307.37304050775316
2275.8859020117443,-1208.6084356858612,175.33788453213597,305.4977504188161
1546.3477680748997,-2719.1695386877286,114.77872153816713,308.263502182547
2351.4725372976964,-2466.009552395134,128.35079542900823,313.15662394711455
2570.2245033132394,-2594.4050323907145,125.09990270181535,338.9190296349053
2967.654577431616,-1404.7184636461106,258.1062508446476,297.84758055416944
2089.136967577667,-1343.3083116697337,83.61224741570108,295.09239693931653
2797.4285667279055,-2472.8535893273242,-4.611860068662061,324.40774145462484
1309.0211374319483,-2874.442556420657,207.78282280807247,327.5828109320218
1539.9486870974713,-2044.5363574998091,148.14277167377168,317.3040189035783
2523.0940250764424,-1445.4646683807111,239.94552170336763,318.4611486083336
1082.2474844981289,-1774.5536130774271,181.52515496017517,337.9634521568822
1168.4121716529519,-2734.2461057486935,142.62613090060066,308.51621457306777
2912.3528116370308,-2630.957934176487,18.983502185982992,319.3159568063342
1177.7480879005138,-2739.865131469678,123.05411393949225,299.4241232770702
2170.847454236403,-1713.3857402572296,76.3208597595631,308.54207653163644
1317.0273369569113,-2275.906814909807,110.61522523865924,312.49241328528393
2707.615513263936,-1162.2783755915407,154.97802638245176,312.51934976437155
2470.5448077799438,-2487.457814779355,189.63905790847878,295.9394924071196
1318.9053234618498,-2236.536700537198,228.40876596188372,330.25578271445283
2175.7238597044134,-2815.0390402438748,247.34338844451457,305.5383042776967
1798.0429564900019,-2736.897198203486,77.00439863719092,314.5143766897476
2611.2092431627666,-1354.1424128466358,255.47178547754288,331.500180921105
2756.017921040361,-2188.52405345354,-2.2725081357058237,338.5499887314607
1187.0526532296133,-1455.183471940431,60.38973766804297,337.0173446828379
1330.8452023309574,-2554.0971689309545,169.4232568303267,298.2573258229061
1422.0450239439867,-1325.629653736176,83.95738940201741,313.9504598020826
1948.354753554495,-1672.729831768241,10.142219985598452,335.7960757709882
2413.5540099671102,-2105.026122554305,140.11536817226022,324.98657357497456
2740.760252282036,-2697.5634545407306,30.27398231910569,304.2983325874643
1091.6298834551553,-2609.641864694308,176.35945236765482,314.62571992119365
2378.3259559735743,-2644.1267308816523,153.7838629532478,334.891994836453
1312.3771764960097,-1993.481821401424,98.83517831440545,304.26548975760704
1855.2366047167393,-2990.623250657429,64.12941562032682,297.1538031712203
1646.8803257441714,-1822.0771723460446,133.90770467076143,329.1087000988978
2750.7453336488297,-1775.8763115566285,195.26164324573742,314.3255781255625
1152.7867189420335,-2470.319983222987,104.01585098659115,296.0260167533822
1748.1538788877092,-2991.1174744154573,174.00763920298834,296.1660909265403
1521.1424136256626,-2055.091918833827,47.65646297922184,329.17445827675306
2561.5676707417224,-1531.135471023281,224.5672748112395,301.4280204848282
2374.2272718356826,-2569.2703062110368,175.07455655835068,321.12968729685053
1954.8436585592572,-2627.2469851426404,256.43164747607483,319.69865788462624
2110.1634901807815,-2368.0729744596574,213.34337576641983,334.012235484661
2202.5805799137383,-2397.5176472087874,13.613200309602064,335.55723820383537
1432.3383263880428,-1522.840656944518,43.56607816820466,339.3369889065638
1903.3972147170052,-2828.1531826821442,259.4628866490258,300.7608294347378
1175.4992715308233,-2722.6736071035753,206.47719879608312,303.44554461948275
2467.978807117137,-1579.5560191177872,239.18509572354964,316.5788404846816
1467.248670592993,-2720.5611422924494,62.92208749812559,305.7151232895198
1148.1323217009335,-2597.468876726422,175.1575583467925,297.90928649448966
2223.527753088521,-2504.1473124805316,81.08631592983133,335.3636660561391
1148.3957953642557,-2765.917255664343,42.25564146446506,314.0116707178869
1729.5793425034383,-1038.555143499557,40.14864319490984,321.3787067178772
2364.4365782296704,-2799.9338764380504,82.61627713308538,304.89643538753353
2416.5208126252505,-2575.129667995427,112.47698015126754,329.43739978170083
1098.968697146939,-1510.9394101452976,63.07572442682499,328.78657270206713
2858.278307156883,-2175.8048302828765,53.222569003882654,323.52328204623115
1936.081937588638,-2253.0040166103063,4.607349622651423,321.6829423922841
2551.998620067974,-2912.198495698864,184.68787067564267,333.2178640283994
2768.7138326069426,-2536.2062826402707,10.39362929937327,305.77073207857177
2222.978139243826,-1434.6984164794117,164.115394167497,310.2716192909111
1609.9964570472955,-2035.3838482405038,188.1758774077996,318.6218011829382
2032.5288017336104,-1002.5148143003833,90.27646627418873,306.2321945406462
1199.5328859254282,-1042.6060481638917,127.98233258626757,297.0180475326082
1324.6313929514533,-1830.2972601876136,20.673468020511258,299.9871053777905
2910.4562218278925,-2983.872923043849,201.71755606923776,304.7283667512926
2412.337140362666,-1870.861383200001,91.5404088374577,323.0090420145447
2010.8304679776197,-2338.697152134464,171.03283598301303,298.6133402457213
2994.9573771487276,-1422.8713395733046,117.76830578931677,337.97766320859074
1810.7761741389504,-2485.308284790015,186.8908236335671,305.9580388284172
2780.990982771063,-1236.4010024939232,176.91170130848337,336.63338852607126
1317.357058651464,-2906.835531315115,228.5185100794775,338.25032036081853
2823.552642867679,-2818.717800133303,-8.211653106926073,328.747939138299
2807.81987684093,-2866.4672977633068,149.05378056039174,326.0044292071406
1481.2736731968814,-2574.1673221346923,192.99703604087202,313.99792845026553
2610.544062556719,-1182.5477008040832,256.17695295219613,314.12874015024903
2997.8849247640296,-2997.025824009451,104.40715346482892,318.0875906089224
1503.7285167408681,-2233.223561219133,71.42580000645647,315.64255619559424
1932.4396763219415,-1145.2902811131312,122.43975223882077,339.4411779258087
1341.0273907428784,-2412.998541466064,175.6360680329922,335.88486568316506
2085.0919873045773,-1648.621599550727,207.16342564131156,327.3810042989053
1441.390225099185,-1907.4661799939993,-11.517294407040136,335.60033431556747
2754.63404360575,-1809.6023430282596,148.14740570484724,322.3874163479272
2582.533776627536,-2135.843597362821,108.82035338862234,319.1968456222374
1856.7774872570772,-2204.509583163923,8.226045281351716,295.0643591544117
2457.3921191652908,-2893.278506990548,3.833136788479944,307.330350315306
2361.212832725314,-2166.16899662583,94.91421010759905,338.7999105563861
1183.4234604090766,-1729.5109105446911,220.69238141092416,320.507988718807
1057.502433198791,-1528.7033505323177,170.5408246950888,309.8592170409965
2202.9392027727145,-1247.3875508952553,190.49804837319138,304.4713824990567
2631.0453339918704,-1030.2121869255957,231.26446411591135,310.9380876633955
1235.6988850220516,-1711.670100827355,-0.8036199170100655,312.35776640845523
2826.5457108385417,-2082.142952536368,180.39267716272423,300.35348215275513
1380.345835922433,-2641.530516035566,15.955536006274688,331.2764649891385
1166.705511843203,-2505.465458438838,217.33082240321366,302.7793662519543
2930.513265450698,-1794.3443372692805,212.6182016129203,327.29498595200903
1729.0614479485057,-2364.967106049895,239.60551435147417,325.77013923541824
2041.853115883635,-1491.2398328037182,-5.031630989165009,297.46894670085277
1727.726125461967,-1535.099595609904,-11.946286253223576,339.5110769515604
2478.7494085188882,-1917.264481575707,80.55956426723971,308.6079229259876
2316.0127814132775,-1388.6786668577092,124.33057160444125,332.83702816718835
2530.6835723807058,-1488.7308453419623,157.84078567620517,319.7319855221046
1621.8914981865323,-2117.670887509302,154.6743785380313,296.1291698102528
1656.5886904851443,-2960.467755668768,-5.888920031330828,299.0185502719711
2992.8876076157976,-2261.8094827555233,238.5576999702718,313.3245255377898
1884.2233301123586,-2989.592469475615,139.89873053308582,316.6773240595561
1633.6051240627253,-2071.6467406405473,3.6803551327725827,336.79221643832625
2648.12800271168,-1156.9394409768395,-9.262160228928103,316.94004395593004
1447.1742532480605,-2716.141880779642,238.01470922570334,325.688788938222
1631.0179411040901,-2337.5226149489426,120.89625656650665,320.0543813966144
2168.3992725364888,-2064.772555769463,83.38270188202792,330.89056663290035
1583.8930858810652,-2674.2646231413423,257.1287268176614,339.2557875081463
1119.2654649695448,-1679.1160445316748,12.184052367327563,318.59357421486567
1717.8832294112226,-1020.0608405550163,41.70176513506394,321.55719224204563
2674.5908297235683,-2140.6195384659723,215.3693983052866,324.9179712334217
2811.2257211621454,-2470.5618680477364,196.71550845585148,311.59460350360035
1425.268510070714,-1145.773511349331,170.53554224453273,300.6687527159953
2583.853344743622,-2742.4273596683715,4.736531176380829,333.28752137634854
2105.161438840175,-2505.388683143277,137.36966027742506,310.8398877646547
2486.78750205654,-1663.1308360365838,12.8025259917253,316.17801682932065
2701.605921566569,-2441.871055482088,44.991533262036995,304.1126898926651
1577.971532756841,-2818.720325514134,199.3973264671479,299.42798608198615
1978.1367665412693,-1072.779090402193,7.9246550253606145,318.3634348811315
2576.4949744009127,-2969.5232948272774,68.7197103732951,298.78681020303327
1549.2947623499117,-2860.046039540589,170.0239251080678,309.2851570243611
2588.9437811000025,-1482.0053026498845,189.65315661232435,334.5634448042246
2060.622251252678,-1323.4930032461352,47.34559789880212,331.1503432338892
1288.9360365957305,-1624.532756915559,51.5121965663168,339.2337400762941
2639.1290951569035,-1789.4159706683129,244.76073686910172,308.93804700303366
1473.8133657255312,-2046.1747532009385,110.26094375517751,333.4606145798879
1447.4427669383886,-2967.7474928724446,178.89893012776866,331.4726884684153
1701.8927402963868,-2151.4413382443745,108.7591698465169,315.25174833894664
1825.6206128272745,-1435.6554569971204,83.44176658364083,304.8866385856505
2313.9847514658245,-2454.711886527928,207.36692422894345,337.0037790268115
2457.900500925734,-2308.7739893485373,85.85884284631388,330.80074842228464
1433.2472874097775,-1454.6760541258552,78.2302702252645,304.3407842858166
1485.432448824299,-1235.5785925325079,57.17611516817833,318.1946148919311
2349.486836073619,-2840.704488266307,13.216692479043363,336.68861150515687
2909.6561244861923,-1257.7976477446014,65.97255804214556,339.5854935473619
1552.6813202567328,-2849.7212005926035,231.6101890879144,317.10665107340213
2909.8003965514054,-1132.3860788516208,111.01131291639105,314.7931423566597
2211.9106152202785,-1032.1036884267594,87.87272324610056,310.64925554261265
2197.9968145163057,-1701.3612544018972,77.97778849295864,319.3527943651899
2064.1811590347456,-1284.5520848445274,20.086346788112508,337.9648125822379
1956.2664512870074,-1368.5273853917975,81.57699868536515,306.8985247124008
1920.2937775690666,-1192.9146366478342,124.29149549623921,315.149020937915
2584.4846674912214,-1942.9963466765503,33.0102895166197,325.7600952802225
1651.7945171587166,-2914.2557518625217,237.96449512478,304.4101203415857
1404.5098343100153,-2127.0209521197494,151.71142715354858,308.2359000154264
1921.5908077898275,-1644.2885103887472,96.52129636709232,337.7675263859127
2453.5776891322703,-2662.7495758118225,124.01289250151882,327.9721517425634
1158.0847608126905,-2804.7371495940456,242.55663159859705,339.7675670636038
1897.8673004056823,-1490.9591348463507,173.5154982750486,315.99535394925164
2859.1390186479125,-2824.515126541732,219.0423456118016,306.67813262579665
1070.509658596262,-1739.7315716780217,15.363277519190127,338.9982746131181
2181.326580076773,-2348.797407914037,224.72700327214602,295.4731596352276
1992.6387114407191,-2923.5369572149757,4.244954684308031,299.2239485614642
1936.2062870461118,-2085.6644612857353,-0.9830562748279625,336.90012882191814
1950.9291059484003,-1970.3230035655638,72.6144321347489,322.4687050594208
1877.9295791766253,-2824.5859164403546,32.29450334054052,338.4171259719802
2931.586124632541,-2799.617489962942,18.090590390168806,335.5157918986876
2641.2218042268064,-2684.0912000452613,203.8279946842528,304.3759481943725
2266.8238223608364,-1602.323498550916,54.07153684801669,333.35071121685013
2828.5142154825962,-1494.5016262332397,60.02058840896349,328.2131851330628
2803.0603676198366,-2276.356037696326,224.34828414712717,306.94795451762434
1427.8171977012246,-1976.6298731073962,124.45732761328316,323.50993342907776
1800.6575401748166,-1134.6893367614468,137.00574911108018,339.04655143816007
1950.1277861277497,-2671.47658112335,4.715147790118266,331.2206636798445
1523.5872477191683,-1674.4646324798498,89.66541181080623,302.280178360746
2276.4411059684726,-2757.520057409675,144.26057965383612,303.81975097968086
2313.7767038993247,-1944.6802949262542,15.77066388740997,303.5986183277738
2733.8396348736032,-1124.1525223218684,242.14250314924453,303.73113696783827
2118.3182070390903,-2533.948780619244,170.25964350247926,305.32317587099476
1682.5860882404427,-2093.914890486334,34.09970186589349,307.9171290730761
2994.5447128386186,-1621.94567381001,9.756686804258745,327.79530908325006
2837.7837767487545,-2924.5038206010327,139.39429699897755,321.45302843313004
2355.167874513005,-1634.4859314126718,134.0478213406519,331.61579735971725
2501.0168224849403,-1144.4327665376386,216.39652865354182,295.0399107755757
1185.785140499025,-1254.244445143089,23.311076687545743,324.25349387242414
1200.3725355161628,-1113.625646381793,84.23452272203541,299.84228592370005
1460.2192087475985,-2091.9127030246236,8.95718026943117,297.48395285729003
1102.2293949942768,-1367.8156728597821,1.8977519174503144,313.28045863248
1703.8808703686577,-2975.418811262276,72.45592125622808,332.2331422208757
2106.6439640692647,-2105.0681387188724,193.53297895502698,327.98227295890507
1332.8223175733747,-1026.0862243051404,151.12357314564917,306.6188314229232
2657.2188553038955,-2081.45128901746,244.20197633503176,325.5049596679206
2530.392540324169,-2363.3162044380942,249.27982517811716,325.882194439817
2810.0204055263343,-1543.3963656033202,231.7723973263894,332.48083456959995
1802.81912505533,-2696.211803931963,41.602387730085724,334.9020349600984
1564.7288504940138,-1658.4675554627963,63.13652587473479,314.3614576059263
1583.4897087737672,-1715.338712142863,13.95419354866047,335.1373668911455
1059.1561789668033,-1123.9214805655822,120.76476501737616,312.727689200165
1235.7389927479571,-1313.6537219300496,-2.315346791245773,308.1118569769351
2316.3849858507792,-1100.5857653397377,49.079144664759696,304.69324496257565
1373.6686926678726,-2840.870666853514,58.194332733645766,323.49614327556407
2664.6570073449125,-2822.4159239962355,71.62576361320282,305.0806793228209
1128.273929362011,-1036.1699311847608,155.06610566043042,336.1804613862151
2811.6821134349398,-2528.856384745604,116.80520798862102,337.98908352607145
1753.0713127798674,-1657.3073337636724,258.90630939494474,312.15032353539743
2429.372943699489,-2433.0137242196733,-14.953400724676433,295.5948524855311
1958.285477926975,-2399.0222688445338,215.5587275802557,330.308235498385
2644.142952122881,-2563.2257242749038,72.30782017945299,330.63049672564455
2088.7402189916256,-1429.377047899194,251.15560539646322,303.8703644799953
2791.2218876667725,-2073.4147315445207,213.93865424960043,331.33066866858917
1124.3827939459436,-1175.7294872212642,233.28363455895172,297.5047134505824
2896.0540482745114,-2545.180276045569,109.72981449034843,306.8258319248448
1243.8109568926297,-1471.3282356621053,93.15011043013563,301.3203802024927
2922.8206213934777,-2781.325279079433,32.37876100962762,330.13282453731443
2819.664026672346,-2648.160137570263,159.37164102504465,308.7318910376909
2243.235567821568,-1524.4390293925046,200.20151010315132,310.1920471814322
1375.2440717943455,-2205.398413012408,95.82141186415248,299.37899837183215
1882.8865440132809,-2489.4185585413743,131.9083554428409,328.4516931911484
2620.3720507221396,-1772.4517847955608,46.78056866321313,317.1992161678521
1409.0861338582938,-2388.1892557715273,195.44081242324853,319.24536816161174
2704.984388673978,-1750.9910957815955,65.16152492130321,306.9491371731588
2783.0444762323823,-2489.050520345704,96.57362320410463,323.152969351807
2214.1696644316044,-1611.9577690955537,238.82822121216932,313.7342874183323
2858.9606569566968,-2079.043593615346,167.15307644545283,309.4573764637553
1309.8168823810754,-2806.714038891754,234.01398211865938,315.8073748704046
2651.979243923268,-2990.27729637053,163.5781101033989,317.31284396986337
1305.7488836629618,-2538.779326849088,30.94404316206186,305.6935381115446
1154.1499529064604,-2633.2080961893857,77.01279216032584,296.3267157649571
2571.9948006814666,-1017.3854991930277,39.16373170752857,317.0913510553883
1031.1989116041302,-1805.0849792357476,243.9490960449246,329.1508890224792
1856.6858923867685,-2917.174457881819,237.25708372630146,316.41131024116277
2954.2161651471124,-2199.773556354207,35.300487412574874,304.9128641343386
2414.537568228331,-1453.3259188033637,82.68247598978007,309.9133331228547
1416.9700814306705,-1491.9134578668372,0.10547485878328189,339.56170952600473
2902.2578829271397,-2418.718855836188,87.11812332825335,311.16011385360525
1298.1823177742403,-1069.6875271181525,52.15860514395622,331.6970770723584
2767.750549432419,-2909.7505721297794,122.38687229000217,332.6278844623969
2184.4275165834392,-1170.4801520320302,248.70806517858216,314.25738258614376
2931.236756119296,-2739.140069823113,-3.9187697308541694,307.2110942102902
2367.934143255214,-2223.185568072884,98.83726073782812,306.719717918044
1765.3044640138137,-1470.073169855163,255.347510847565,324.16236826917134
2141.100165644879,-1687.6031433039932,-4.870363226574668,311.91311975432194
2550.671241935035,-1377.4198768747344,147.90835746937623,301.88604823658517
1606.9378597047523,-1032.6871811081205,88.49022914556761,328.0108474169954
1997.467180906425,-1667.0158394852303,215.98844157536436,303.82115404543464
2404.1103782969813,-1451.295498222733,49.41039527549309,308.5663878545134
2757.9381391279803,-1577.9361356018394,215.1232726959603,321.5231006661117
1958.3311809403483,-2415.738625895156,-12.140187430259449,303.20410161183696
1390.6818468635302,-1259.3500856167955,7.539759960696429,329.28627633725273
2034.2523173065736,-2080.7746578505553,109.67122808110021,319.6800171770632
2508.6918523528066,-1608.4315838602756,12.877720978807712,303.40835893042976
1274.5760304015953,-1249.0541606772442,195.63147916789183,313.7541147958172
2785.161323807789,-2483.667733883505,145.2357003171145,335.9819618823698
1571.1226964774976,-1442.0990006275445,42.2786335466037,338.43086567656945
2895.9275765187385,-2109.4314528566606,194.78129581562064,300.8066564715889
1612.0140238325212,-1040.5705427231344,255.27496005007043,302.60713285106425
2059.5136689691294,-1696.9715702401656,16.639089857162837,322.22876125586515
1199.0953556664356,-1367.0146938301223,232.75885695301702,329.31093502325194
1026.132779801209,-2721.470782368298,209.6775888352466,299.6107610074154
2865.4106843482687,-1124.6749694428445,97.53645127533912,298.2804127693432
1399.0664020281215,-1352.0122227185147,188.6081514957773,339.9741115151682
2928.046483799804,-2011.0482241836953,28.1401319352848,330.1962497917517
1052.2744275806085,-1548.3115531518913,146.57731560465666,323.8248534266492
1384.3737828786036,-1047.8158499941262,173.2800865408772,326.4544212700274
1716.018861394011,-1955.952790280106,140.73910613456113,297.36537702072627
2592.265266513754,-1792.5879659601644,188.5899383422901,299.710874585442
1396.115209073021,-2396.538695939072,196.36664704080408,305.9889163441564
1184.4064554593429,-2859.317627303328,76.6936906340475,299.81034304369075
2114.9452082620373,-1987.146893274527,241.6345945713084,306.0377660127575
2970.2770195167623,-1181.82832772832,66.67177362420222,336.18850768794425
2293.698422813447,-2692.610102535036,73.9055630370413,295.0159683528692
2428.075394386322,-1275.3433356828996,4.966600707485778,309.8250298597214
1266.4558406915066,-2864.2780132970197,246.9918318505483,331.47904867155995
2550.284608125227,-1111.4406481366086,77.86412481459165,306.309820497993
1893.9953872705087,-2001.2830666551624,249.48285144971067,299.47769227217924
2561.8070703271824,-1385.9522175490092,-5.114168530728289,308.3027393082133
1167.9541712891964,-2780.872178734303,8.609992251692656,304.42199798301556
1617.8365682429762,-1845.943228044561,39.149210902486956,330.39614123589445
2616.444899084402,-2347.059549717057,18.93523716398805,298.975026028794
1033.5697481237842,-1735.8702687080113,52.11389782839608,310.199333051645
1528.0268420666548,-1328.053618823181,124.98529386690049,311.7110859659261
1066.6678394578312,-1810.3291158436873,220.80511096571217,334.1829768624033
2935.6554487003023,-2679.287878666371,209.94273066193583,301.7137133595773
2304.4690808764,-2330.8850765552033,209.33511222364166,316.71505778375064
2951.759504488976,-2605.1168619159057,172.95942236348228,305.6642844418112
2810.2597906133833,-2866.8244279097407,219.4477763044818,339.7347176874646
1070.116568076553,-1479.9302165846243,61.29005458502321,328.80088392735826
2260.741620555582,-1859.122942395481,239.73328392117912,325.65138238042323
1959.703097660979,-2918.233366702443,98.32812888980935,323.641920067302
2505.8879425340165,-1162.8269587718603,-8.04959290135444,302.8618074790104
2691.6585252732893,-2888.6925108512887,114.50653016076396,329.96195804891886
1802.9499913300115,-1167.5096451367303,42.64944170550613,322.327718524206
1171.5609144161515,-1392.0229374545975,239.43915231130921,337.18890425179757
2144.324112315453,-2782.6359373301225,242.73922816336278,303.34125999398174
1871.494933931348,-2451.489009508787,153.47444512464526,318.0369060259106
2205.451249394184,-2966.815440119511,210.1911121796119,297.10582190011786
2943.2009238306937,-2223.3504724814843,226.6334603131193,306.86672319265426
1133.3676746937326,-2357.1918865051166,107.6283479365071,310.97764367200045
2705.2466476112095,-2606.8847142838176,-13.024945717894044,295.88064255348985
1491.6252606867035,-1465.7146836506226,186.88420677327696,323.44269549532504
2066.4951009613205,-2004.6988764669968,204.10529887729967,327.79365913344753
2459.9651501640064,-2002.3692853460248,19.778852705276634,310.6144854285067
1618.3607729671119,-2090.9260221493923,19.339880656015865,336.6255986901069
1578.8917924291613,-2447.4023695497817,213.71004738231218,320.8084683150396
1860.2798678296995,-2862.0983672381813,68.62843587565516,295.15693592118345
2808.0226397871356,-2097.8826475832875,249.5112358284539,322.0665018289997
2213.5799638231397,-2598.3402022836226,55.38617336928277,297.72072871534084
1992.038772291372,-1425.8442192353623,123.41772172809758,319.96819658032246
1942.3053038409394,-1217.0411162133844,252.4497631184671,301.9691091981933
1331.8371122980293,-1457.3579805621782,224.58351104102545,313.7758412220706
1743.6343541202114,-1914.9648370632613,27.92402579601052,327.0681073438443
1734.569710934324,-2654.552438850763,159.40360296100965,322.0886464418354
1181.9571912308854,-1204.5242884392433,158.95963571562862,329.04395822012964
2387.886665429652,-1369.9026847972204,145.23241724597366,309.067812196292
2233.274321446667,-1537.366392075004,173.48535650926192,319.5006818837352
1657.3933978066907,-2773.38106465256,28.796480011464816,318.95074423476683
1591.2184920251448,-2491.374101001231,116.09337850705825,297.19598664052756
1559.3943064404446,-2681.4593358599823,222.19660048748807,304.0275169545639
2300.7471113698057,-2384.50043503681,118.09382929937033,337.2052766614228
2700.038921096693,-1585.2519680432745,-7.8986183723837815,310.2317419282169
1037.7018049503447,-2876.6820493003697,85.95727783218786,305.1108798545275
2395.57969865325,-2080.1459503751835,94.96459942447065,315.0186950706771
2172.562024194148,-1502.0514078459382,242.22537472175952,311.28693484313396
1919.1557529430997,-1360.943688423965,131.9086146157175,298.9593848354371
1726.0359962561524,-2931.24134295114,54.62429588117247,334.58093544289886
1058.6062086872455,-2927.556494781732,76.55777626027458,305.07726006153473
1490.4109304190065,-1591.6251866118157,243.8068461033119,327.98998190639816
2412.7484650720826,-2278.659800444948,65.42018365699377,307.5856291842127
2863.2802099102464,-2532.4909971044644,200.4159488669499,337.71756837287126
2078.6675521271277,-1671.894489687646,78.23561026123149,311.6788150421103
2010.9573716458724,-2333.332655752609,117.43733092556684,339.31404264343035
1269.438758711965,-2641.8478758396845,213.30457278531284,322.33894848913957
1355.2396235886686,-2409.5910167581246,191.48703786061157,306.1547310492512
2575.9330284147445,-2307.6072834482984,138.9680482836968,331.0161301705185
1982.3496525266428,-1954.141253249742,195.92823677500178,326.18019527095106
2729.5230835188668,-1563.4669160390674,9.288753101692993,298.98191936935467
1786.5427113685037,-2539.453334293538,5.34251179771568,334.2393171726958
1093.2915244829896,-1128.154165743955,-12.621725768999703,301.9493016170628
1821.1314434843425,-2348.906991538364,45.289413891138494,299.3293412313553
2050.436947125644,-2589.9984776198353,255.1010080759666,328.4950455559712
2032.8327661136354,-2671.102290204989,171.23433008537813,333.75786303838424
2979.293156879289,-2920.160625003984,109.8255197375875,309.7748486170245
2301.904633199617,-2267.585070246876,153.11385093476585,325.1331977022224
1246.2986141899614,-2724.135413878841,228.78744524934407,331.261353408537
2396.588558447069,-2159.1698735421605,223.18697523597098,326.0194620189799
2649.703155409765,-1409.5035002117252,211.35075682052897,319.51894383364413
2576.939649260965,-2661.2892105563033,78.35894711059437,327.9331770844845
2148.177850904358,-1664.2005566039784,132.22998599590065,322.3038787907722
1813.5851478043246,-1148.431172443916,229.3741358485296,327.29173145080597
1039.6018233124987,-1302.2627314011963,110.44223393018832,328.65655378686637
2115.658829998949,-2598.109500035447,80.05779797620579,309.98811896593855
2774.529729047548,-2903.361021660586,89.0600694418497,300.345374880327
1095.7240442832194,-1903.5858871251796,-7.10837560563209,299.72887941044866
2364.0408239567923,-1901.7184395999125,163.31457058864962,312.7768711303393
2452.885585957566,-2159.1422058471876,50.06564437598222,324.0645683795
2858.9316903916583,-2075.6484248596807,58.93854385373842,331.20173257817896
1579.7151744267703,-2508.538726184553,17.261328573324356,330.6471648682038
1116.2388351076124,-1757.2839563334564,107.71624446498278,304.12816463047125
1317.639278863028,-2050.6430570608727,-10.325821780225825,296.03902902860534
2097.8634908573,-2120.996243687874,47.57489766691974,335.02263891537325
1458.0173047165838,-1292.3763370044553,144.1444735999785,313.26961236944936
2006.9127637192162,-2202.404915771972,15.354118154471273,333.4306700268823
1568.3086953357767,-2696.4488010331625,54.19341086508905,306.7759788400614
2044.0632915631074,-2019.1323447345542,106.00732726088785,310.62662704446626
2911.7503780610564,-1003.4784675154003,21.095112240368344,323.4817889681818
2765.515503119754,-2904.8351056975894,123.04982225630977,309.0664591091774
1330.1634977577378,-2663.2302397378808,42.254967719087325,331.54480886218596
1756.1445389590058,-2340.002242300381,66.59825098936507,306.3672050225894
2184.841328148814,-1016.4419659404371,242.34449868719815,321.12763568429534
2454.0015139792467,-2540.38160174574,194.61478795532176,325.97383416668833
1449.6676189932618,-2381.5422353739777,210.98420583230526,315.58329166424267
2961.2218099398433,-2822.36992618985,36.04389961045238,336.4607785130316
2201.391287973931,-2847.72788532482,139.24213163182694,305.9935560585558
1178.335595853414,-1109.493069020161,203.14915982098793,312.55496128327775
1035.9538406710096,-2263.011859403927,139.4314563396731,307.5269959303451
1510.3962381543301,-2804.726659411727,210.07793879614871,312.5971912461864
1122.8336272289544,-2633.5187159301254,259.9580200657095,316.679889351341
2442.8113478154487,-1011.7887933181726,235.68875122508518,328.6893632423435
1202.682394340349,-2462.945325581122,210.32021274387944,332.70437722026367
2272.1770855204495,-2254.1932676076244,78.39111497632447,308.37820536166424
1139.730391495602,-1258.587266849972,189.00476762799877,320.5013564545306
1731.2151386751075,-2133.864163817484,46.234471558453585,315.66289470278605
1744.4279855747395,-2142.556576314868,221.36752653188574,336.52219310007314
2792.590548042086,-1277.3409828864185,107.61725190658194,311.9289192888723
1314.0470954124112,-1588.98652810909,103.8219174874683,331.9860007762718
1167.9151545597201,-1128.0827878728983,60.84963726130823,299.6899495867775
2450.33461182427,-2547.330069412266,61.76664005312445,321.3379596087143
1394.46720435535,-1751.7151541268324,14.764740108300941,295.3621021120536
1503.723965915883,-2791.384128437574,220.6224252446587,339.8344842765263
1930.8458343626958,-2071.4219496018313,-1.768757386558546,338.7887032855496
2705.7415414618117,-2525.2613661004034,-14.147244380450402,308.58714099955415
1593.761714548526,-1219.7577559972312,88.80864168861906,314.5967386977392
2056.975613794158,-1142.5818701386497,247.93554647993528,331.41636924871347
2584.994981916211,-2607.012725471143,243.3471446590703,330.7361904858542
2727.597281897857,-1811.3061441241905,14.829428953130012,312.6068603437588
1902.2969102486784,-1526.4823202725509,246.47560500421497,295.90946943429844
1606.7715059389666,-2556.8460713832255,36.35231022895771,313.2710902735102
1908.585755106907,-1857.8052727796578,39.38569359369233,302.28932349727137
1970.3996836348467,-2162.878911336493,159.609375579106,339.9351348191868
2491.7592073367464,-1607.506953426831,11.583770630972527,325.4960844972835
1279.11722739656,-1698.665120606541,128.80493386240818,318.6601857895785
2430.329605596453,-1927.8597273699193,193.40133494488285,336.23445419114796
1082.9801295781756,-1587.613461484609,74.2535156547373,328.4365838618116
2486.9382684426355,-2122.611273604982,-6.975669033817503,337.1361767026408
1118.8278523810209,-1911.22197704087,219.24918823825408,300.33565912314714
2043.5418977601148,-1512.0128533129268,-5.7376597944793915,326.5132312640368
1651.5209748055797,-2520.3074909954908,165.85660317959295,322.3094827105934
2512.373096983858,-2414.2903424266847,194.02484013400152,308.98365147232334
1788.7910567370382,-2533.305056395834,240.53381967610272,302.9589897257018
1506.0960581166942,-2079.1139790484513,75.93700552645127,335.2245628617823
2008.5580940891543,-2506.1274963207406,242.5585440312118,304.3018958278637
1144.1069968382492,-2285.8073655251264,169.97945782288582,314.73204339782626
2872.91599601929,-2964.1319013187385,121.49824838827351,321.0401120816273
2553.9801643763403,-1282.5876661110046,195.96341699709242,329.9577942797718
1875.1891005104094,-2447.6840336142277,48.49371295106035,334.3148915673042
2641.362923728297,-2135.7699327577807,143.70565169210764,298.4929146773246
2451.2412979688147,-2248.210275467626,48.48763963627465,308.579070223798
1970.113016814786,-2978.7191567120767,183.56871935350458,319.6476263753356
1145.0070265624647,-1237.4503746016558,58.11700247190923,312.23046774291373
2491.0369106253643,-1777.866476249994,130.97053840513578,335.1469517050286
1440.6694702326877,-2700.8010016601015,148.47047761522967,316.09899408279193
1003.4987107814039,-1844.706518206592,61.832889741366245,301.14051521579114
2346.1441310895443,-1057.2554053536567,196.1131506698322,304.48172638905305
2608.6788590951546,-2339.755778171496,257.06636329848277,312.3986149577249
2413.565683161854,-2778.1708815232073,4.348137834071409,333.13399120164036
2206.93506867743,-2039.16047882476,172.05255877720901,327.0401153667491
2564.856866456234,-2598.8147120198073,29.30047102432294,298.2575190310758
2247.85383770673,-2284.125888899788,161.72721854719512,335.18758411136366
1166.5409961734053,-2471.844476753838,197.70518281018613,315.6378572824967
1116.910899732105,-1581.7983180386966,43.20286184776044,329.232127556798
2404.9469377721325,-1473.0706741755707,247.85089027475237,325.99010852675326
1180.8474794119513,-2640.1661229900023,236.41572523088905,328.34634863461383
2999.38071374577,-1832.6271528908915,171.03110246644724,296.4791432898648
1412.6087204168089,-1531.0304878726704,116.36968954004715,334.0002281679835
2653.6152350557277,-2877.3602210250347,-5.186846357941194,334.6645324272489
2524.3521324525273,-1542.6258328002586,25.510506311715744,315.1365739341131
2315.5563850883746,-2854.9782743231153,13.986176821749876,334.0119312881319
2030.454345999646,-1196.1028165569612,216.81113439812123,315.5510006319839
1587.7646854082554,-2628.051292486391,-11.127432631128004,300.31981003410164
1441.9759856890505,-1941.1283046607296,130.01427641617036,332.2052126499524
1895.5287717107692,-1236.1337693660575,245.8118441756912,298.0935539742251
1255.3827767737268,-1480.6152466159226,161.6119624604593,297.7173727545619
1497.0116617607446,-2242.175020448092,135.28232169126554,317.58283392128067
2451.155345027317,-2317.694522077812,54.512137612864635,328.29997679222674
2022.2562067789681,-1581.3612063038715,48.09395883988439,323.4278212285301
1354.7060237954245,-1315.2127231211662,38.51196938920066,298.85489666163164
2618.7097443510543,-1421.6075200427165,252.40888716810093,334.92362883120717
1647.8283788626047,-2241.5374371944945,213.36959580187647,336.28427687394185
2333.094012783871,-2669.607167301623,93.59146806956112,317.1622981878932
2051.9125365277578,-1449.2056008101974,0.6680446002369074,308.99512655571715
2126.1792593824375,-1472.152779683072,75.35382200760662,308.9921178051291
1218.8323491309961,-2631.858089376109,98.91536401521775,324.5748373920733
1274.1564153167105,-1132.1696839260478,-6.142390813491247,309.5091301534048
1034.1311555397792,-2427.867942654157,30.056880358731036,331.81987088181876
1259.59898624049,-1317.6633659021822,57.38143802072702,334.9980495074287
1911.621818732094,-2127.2849541451187,172.19789543332504,319.54930994287446
2567.353489669442,-1810.8467390340663,82.84417113834095,313.079171948491
1027.2618967925653,-2976.7826789547557,-4.816646061440359,303.0913485904284
1740.1154876000687,-1228.0149378660533,21.47991817400473,319.59418602499136
2785.199176624033,-2645.1971310501817,175.1139342747898,329.5241533505914
2572.039562256946,-2687.8336469343994,82.95290857264862,314.2759536309106
2902.3348864234067,-1232.356381594654,205.04942234916524,331.91365377018644
1148.1581708878878,-2321.1869651884344,77.02517591730165,332.5980557553252
1008.5551248504053,-2473.200506163097,140.05976419914822,327.65842039591473
1568.6466423292072,-2117.7587571740873,22.356831445057168,309.2595052124872
1725.2004715386715,-1815.275159167576,176.59511630358017,301.02796446825386
1993.380128046314,-1729.8027840702287,223.01400932660644,313.1340297844033
2973.674800326755,-2916.352850512609,115.82093075488447,309.74302231935945
2769.8514282198453,-2761.5836128464844,47.30443771140413,327.0651991527691
1401.853205042301,-2004.0128717257471,2.2783721596344293,298.98618697664995
2480.61657615751,-2760.6009881459736,119.83546134286848,334.4345727915654
2935.9112074832938,-1482.6558164614507,-7.245453650201256,310.4636327190337
1303.4545707682341,-2393.4114666187293,148.92277302940073,338.58728870929934
2686.4729330023083,-1069.623508134045,19.16805387426895,295.6750203329085
1519.9480161160213,-2104.85148114172,35.80988530172343,318.8050186047993
2312.8494784301283,-1858.7021247161292,162.9147663351329,310.47110600298925
2756.8502640851466,-1898.064711482831,182.71861346378492,307.58471231951876
1584.4880351799977,-2359.8563630251906,9.616283474059372,332.21399166738547
1710.9308751280391,-2654.948181894073,150.8585753492941,305.6142987236803
2060.5881186376528,-2339.2915437522834,149.93518435370495,296.3816395111094
2561.9971601280495,-1402.455408607717,3.1151195113920487,329.94842999982427
2960.0073137632126,-2635.1952492818127,118.49241425587238,308.46150888134605
1580.4654893964434,-1655.2473496439081,218.24755400480103,305.823654908686
2978.7398291162453,-2574.8860326321587,164.770565724289,339.2829696277208
2095.8712624620434,-2859.812131498834,187.2314115899734,328.62910655540463
1688.7852776653208,-2103.1144289567696,219.30946780726347,336.90293799717267
1350.9058772418384,-1533.6956589537313,184.21110893873416,315.4658082600576
1661.448617060129,-2774.5008976072363,-4.002181961641625,329.6085547809502
2740.1278901393234,-2542.0494506301,223.17443936434574,338.2621759640654
1150.3801595944815,-2000.073594074118,-5.7222582171846454,319.6227844133652
2724.5505411611784,-1611.8193348484901,-4.133676573840031,304.1942301825027
2640.8251271315676,-2996.0039682571623,125.66276619046664,336.4199437700979
2170.767921169502,-2686.2713092876943,228.8790672746678,312.52898037253925
2324.4665175259897,-2388.5450039771695,61.23226878606815,315.4000087578256
1350.232675858452,-1911.8245675585474,157.18865116224538,336.9827873961344
2258.95605259928,-1704.7989404082837,100.60237943339871,296.17451011804513
1156.8025018351057,-1162.1666932262185,251.9862142618619,329.00040410675376
1346.0649623346778,-2756.1055306843605,131.3590147074419,299.5744004511936
1236.4809207964581,-1449.3476153883887,109.92397412107368,328.7487272649833
2710.8241952056314,-1891.4390716915523,16.105013487804964,320.380978395547
2659.5511652529876,-1643.0012986494005,209.5262812719297,307.0782111600199
2306.714847368944,-1512.8624989859075,82.81504686416939,307.9217604363
2086.100218340483,-1338.2439434684736,142.09341294744306,326.1964356933666
1710.134833894985,-2896.831942493877,88.38483174535446,301.9350132185572
1397.3193690889707,-1424.0506170573472,116.05379913823833,317.8844385943814
1303.7059454938976,-1972.9991437122264,16.707022280651547,338.99036910429476
1896.6947735601027,-1868.8819565304245,234.98457403860436,336.620452850521
2765.959684551393,-2221.424523896301,240.9336092780004,339.59442580398365
1541.7157804603726,-2858.019074460234,62.2402644457522,312.6805974016434
1620.1377020918471,-2069.060018437197,176.19458186503826,316.2579565699917
1115.077822508241,-1435.441944415221,-2.501452341312035,336.48309128267744
1106.2544427388414,-2995.6219792125166,11.222616220796308,323.12707565433016
2964.59920979848,-2785.9836969961902,123.10450725332737,335.125126242802
2355.644360030543,-2934.8056638217045,238.76772527590643,312.3812640531475
2435.5752061441544,-2069.4638869621776,198.98071694958227,318.58024112195545
1865.8683280189302,-1294.06566300978,42.31064611797433,334.46173531334523
2160.4559300631918,-2550.1731624517984,30.86229040201264,317.94391942351194
2871.9130414084857,-2783.945767349338,49.464596757049236,335.61665287546435
2940.732063656693,-1362.0153262647602,-3.6555362505975086,298.74065946943034
1093.4183490336638,-2006.4007430486117,203.83668437235806,301.9664848693678
2552.3628899021933,-1725.9685211730105,45.27077065344125,335.5111373130645
2082.1893898377793,-2782.580100388969,235.1524799390278,333.05972352038214
1963.9911655210196,-1560.0255295154268,41.69445777611051,323.60056670735094
2510.182776341809,-1789.501089727081,53.444772593638234,322.62568718204136
1473.5403033990606,-2801.057519505648,258.84582475767144,322.33158776005956
2170.0698770105973,-1703.5850934334167,89.91209327626201,338.66534048698776
2645.4476694236128,-1280.457999794131,16.298012227783467,319.89646907106226
1731.0977358798668,-1132.9345671590643,38.63840320799403,312.9534208117035
2140.9209593763926,-1696.545234973631,245.48679372375932,330.3662015565565
2359.0308900497002,-1994.503855465122,92.56631086996555,331.8039821382419
1764.1805840578709,-2032.038028695803,211.4931470720723,309.8041076225599
2785.655271621873,-2565.850078879842,226.79949724856786,324.8152611081965
1610.7013902541644,-1798.3352839612392,77.93999268832854,319.79049165045916
1463.594157732463,-1968.9831224239783,135.3407161651971,309.9626503680646
1736.904121133051,-1469.8919221250808,215.50583628939071,312.8749550437625
2446.2519309062677,-1402.1349337854144,216.09738734993985,324.58442609996655
2802.9610088667514,-1371.6287204505609,213.36877325222144,336.05579670485554
2437.3458431901727,-1613.7081319431975,94.91562484568249,298.67714394775925
1741.8359044962415,-1290.4210836655116,50.02172014971886,337.45663587197805
2143.85227432986,-2755.4474229024677,3.8778775556677587,319.31258620919544
2186.673329038971,-1068.0178263620323,72.99944837691788,298.8394637893507
1596.1679731912418,-1088.4496073014357,252.82241427949288,319.914251450415
1205.6878822837496,-2861.775320207656,74.22918653802711,337.6210162820257
2512.953645771039,-2859.322779160299,180.7276274428513,316.8892622495028
1823.0565895735322,-1277.2288612292916,-14.674916870547245,339.94779869599796
2655.4938681602953,-1498.8966119454171,198.93870568010468,306.5376873833752
2077.417161806813,-1947.6123354327578,256.00281905224927,307.2543374050885
1856.1071207691725,-2844.989350870524,72.1801596938815,318.14662398703814
1619.369863588609,-1810.4409816778873,230.8415332130013,311.3060972829914
2606.6057202216953,-1132.5232754571962,38.933173149096596,297.76507069813243
1528.2563861095675,-1947.4227521497678,194.95749540591748,339.9581804339943
2410.0573323374183,-1309.8114515897882,43.39784715220708,323.8681880555321
2696.4252837589356,-2952.706408851157,248.59408015784066,327.2191536460094
1647.3672423468622,-1194.1444305293335,137.59558511141861,334.5794416273246
2309.1044406474343,-1830.6768804153685,9.215169226831488,324.5790214252404
2226.1820369622965,-1137.6079981342848,83.70330724934574,308.13253401276603
2417.042443227496,-1378.9768666789635,0.005512860731609948,309.6613461677697
2913.648894724735,-2582.6545461387955,147.84678566435582,304.4064316480305
1803.4633404333438,-2323.336346332959,117.0041308879025,307.8334282153718
2464.0136610481636,-1015.4079221428312,243.3477868553398,295.2466490030888
2302.462502203227,-1658.9398511865147,239.0598503392193,320.08794131029117
1509.7992919609453,-2554.1451760114855,248.87850176695719,300.76853391742594
1241.6053035466734,-2355.8576744706097,-5.453629910790212,336.7348675287759
2114.1516939877038,-2841.6232513732193,121.71456129630914,338.7703032185243
1666.9943527402065,-2629.9765570085956,66.03091902644981,328.0739671464893
2377.020886118642,-2449.608670005401,92.75913349457784,295.2427079732215
2214.814588432778,-2565.666260831107,219.08538093998655,317.8789477806515
2833.0576442158617,-2357.0349795365123,165.1340633468914,300.80477421381704
2426.2157454008634,-1220.7022803121388,80.28442834022908,333.0478896067271
2711.623426731592,-1942.4943883560916,239.82984427164845,334.7629115311311
1936.15899316906,-1633.1507368562022,137.01282502498435,330.5191992455909
1108.8078035508518,-1740.1400243580547,-3.844156425513294,336.4896562031635
1671.9767729857354,-1045.9200972242215,62.38354928187191,320.4368590204099
2250.062261435124,-1838.1843879667701,10.219180494153367,300.93537376787253
2245.2467130014616,-1359.6627183778148,243.69789626019644,323.8870928329353
1615.6557755787303,-1041.5047085618978,48.145657930850874,324.1274131410647
2019.3363633945569,-1732.7253468286847,195.01193047323594,336.0893747095772
1153.935687237406,-2060.256948366734,160.0309066307925,320.7101645866544
1617.9272691725942,-2611.2654722841016,154.59718577679521,310.4533662201675
2889.5814453752537,-1948.2736492158351,24.675784347864912,332.7702339482974
1942.379679643104,-1179.3298006318796,36.83207674943238,303.2996832984227
2639.584966895541,-2988.5854324199395,182.5486468654862,337.5389793707097
1172.8305571369162,-2868.7031322489547,109.29897676296929,306.53602080747964
2951.4394372067472,-2669.5093011527442,92.09732206397716,333.9497692314756
2922.5404133753673,-1605.9386835603948,115.44513604006312,322.7836406055864
2706.7268611263826,-1901.3638978692254,126.68093113193225,303.280755295281
1555.272676194853,-1926.7386568298457,73.91430744457746,336.04410459147795
1495.3933768589472,-1716.0904838367185,-0.43228339219442447,305.14718400976665
1177.3770745665568,-2684.6048067528463,136.7757034928614,317.43390348259635
1199.252202640011,-1879.434905763849,245.7519709013531,316.88052027734716
2511.905586168007,-2939.5292265645853,151.42617688994102,316.20989635634487
1479.4766167731057,-2738.534459461148,252.76739701236818,318.3688006933046
2633.7400529894476,-2149.6012617929982,56.03504551862261,331.41195369568135
1016.0612081184419,-1488.0857833029759,221.0606612148922,329.9343298053557
1367.1780668123008,-1186.3587844205856,84.85929429688602,302.68942934122725
1017.209902406016,-2417.4467400256367,163.28774405523674,307.81394806260556
1532.8894942253378,-2625.6354785776457,3.0568632081144997,332.3238199576896
1388.3329344660426,-1391.8718927275834,48.23191952864261,317.00227653640434
1401.590591419677,-1722.6573701028378,256.53788238629096,332.94835866243716
1702.42167821994,-2043.8471133942064,166.15613403695565,297.58462216777957
1157.526195172996,-2555.0812607108437,188.87684096430465,336.1297710335705
2249.035313611993,-2215.0349431345257,154.885182198851,328.96851004593805
2166.677390621405,-2824.2324533132114,96.07993373752701,304.0621879043814
1923.1389414159123,-1169.2186065915043,197.33184626632487,312.9350259109168
1552.3855568819781,-2090.719044204029,1.2792097084717113,309.9384572107692
1910.8320786357144,-1183.4506669972832,24.3859373156402,314.3634318672684
1752.3476349194189,-2171.5773842577996,74.91788210094863,303.4561194521217
1803.5788035899407,-2527.7728815029527,180.50817159378178,303.1732562517742
2681.145458307322,-2923.3309841162622,195.32267330499883,307.20968323736935
2764.622524973271,-2396.997613559264,131.7058558037228,321.0243838354726
1628.1449175998455,-1372.1298224328548,158.75448765509586,308.32411731216246
1120.1187295729826,-2335.4574843312207,58.844767524538995,300.6165695976551
2785.1794469845527,-1334.4241420579067,138.221333150014,316.4284426008304
2730.9107823031936,-2496.356452183767,232.33988513857744,316.91147031003663
1250.9078989136808,-2756.0141632723557,142.19660739468753,302.32070494169176
1628.4083466362208,-2846.1813413798495,226.68155613225096,315.1311358237285
2241.4587354759356,-2400.0179416370793,230.5532928676915,321.1048685141228
2213.8753411113867,-1988.2968897136248,189.0055414504273,330.23084133090316
2295.814694762964,-1558.1216540059338,60.88724766392487,324.4172527631293
2141.389053730725,-1593.2985369634607,52.753276545850525,299.1913038242209
2773.4157266277434,-2753.4887705552906,7.186754576889829,302.90331900385195
2542.718692651373,-2429.999876140332,25.31490961243174,299.76596424120237
1748.21444279072,-2180.7588565004767,211.07235731561113,296.75392180534715
1530.6889246159196,-1789.745784713364,58.22442454773886,304.4276277185281
1454.0054786844316,-1474.0147570557422,202.19587729389545,329.9437502303773
1452.6408502152058,-1982.5885116208838,139.2289456167734,322.84584060008365
1716.7592443717322,-2498.804481213126,103.01894739601805,321.64291660768276
1965.3830011254418,-1461.783629108,155.09013019319687,313.7374610711821
2055.198056798064,-1211.0259894522846,187.7942551249268,302.0182931773408
2300.09769673763,-2209.1307888987476,103.64356445234318,327.77749581987314
1670.4193557789315,-2748.394872027044,-9.58693374276477,320.69659622381647
2037.9986537111695,-2869.0953879515655,219.49083803200537,332.3517370610636
1097.562023634128,-1558.7713260916935,162.15535782837526,295.49122987040323
2622.692908182727,-2127.711609366867,150.87994039423754,312.1179954161567
1873.0421015959996,-1740.497676374648,176.91800693489628,311.6975424311128
1134.003253642162,-1490.608951331062,41.47665141766282,327.06404145277617
1848.6902237725346,-2816.690003937374,-5.814530903396044,330.6721229734872
2893.1017886682057,-1637.7414842488004,144.87060544266637,311.9148605573892
2414.727340912573,-2467.0430190130196,224.78438315654745,309.75238496016414
2885.7087135931047,-2794.879093348614,17.400322974804617,324.4917978605783
1410.2827578911142,-1144.8341185150223,31.658632843825785,321.22804271795115
2475.6749893089454,-2957.9521153993046,75.54826076387835,299.9963014218807
2962.761623951605,-1168.3873465279837,67.92279109388181,304.27021230688075
1646.3749386743648,-2094.8099081578202,229.38264432553865,321.9725254610816
1301.268113125093,-1935.1457221455098,72.4996564526591,303.41759497098934
1575.9676700905059,-1869.980316684732,80.84500860926983,334.8756296749892
2792.081794719592,-1115.6971859680868,42.70770346421725,306.968313701376
2066.9388909657036,-1955.51306550342,165.22230511647754,324.53622965454366
1493.0585856134462,-1628.5576869418799,134.3029981514741,322.02122669011413
1703.4302687862275,-1393.4575237236766,118.08138989584916,320.5609931643717
1531.501609855718,-2738.5059573305743,235.1880522596491,295.87381288527115
2854.073071165978,-2606.1107127348487,194.46108478160252,299.4575051691603
2048.855467325451,-1649.3191442679092,3.619635317811884,310.1679588333896
1658.295827681604,-2514.476876060053,33.21062513734688,318.4589750435873
2716.498474216792,-2603.3652558463946,229.66548779021798,335.15183182156886
1044.7072914111359,-2718.10506936496,-7.137605215510754,313.5245433494211
2735.684783560586,-1807.0355970217322,237.2425710527512,316.62324468757305
2761.472556425348,-1172.7753238157227,181.02392718550882,296.44629528607953
1427.433832203709,-1988.939828860433,74.38743611248238,318.4533991090248
2551.971107159078,-2453.6162710661547,256.29890237045447,316.6594297811998
1869.1521109180812,-2870.704516343643,239.0227639725118,325.32582573195526
2927.9809389077814,-2057.6253421330694,199.04124235761924,312.68193658879244
2697.0829975199495,-2432.2789103492396,153.89281430490004,299.409964074148
2191.010806853186,-2160.8519710097726,158.73583393958188,299.7544115977146
2082.929502932231,-1940.7160404471815,132.1280678720032,308.5004570039292
2614.3756414206646,-1865.087937042015,201.8941047074439,331.09293981423946
2309.112224819241,-1514.9639759524778,132.067804299998,322.3224195161835
1056.337535573013,-1006.0822521380044,51.82374543421534,334.35482448483356
1994.922163659941,-1423.9672068899577,175.72754927469242,301.4347023050965
1384.5151019751506,-2684.2918475282,151.0679339050606,299.2873610091728
2796.3643491724833,-1541.0797061241465,107.82722555362582,307.86577101767784
2286.057543260417,-2061.1844228914515,60.1673353548715,306.28671146343527
2855.6179506198728,-2681.586765079122,90.9032931406797,334.3007195151629
2763.450981794911,-2875.6172267867746,37.890847150518574,330.08034795539345
2150.3795688020227,-1887.3274318566446,256.0116706390205,318.33934217304176
2332.5700672841695,-2116.3817404652686,207.70505841049615,332.5672157400751
1447.1804116612589,-2438.3812303234117,13.485605139564889,303.47973870206056
1035.997587585756,-2911.1102811910246,8.755139388733294,304.35996793674735
1271.6216041798389,-1951.1472502994677,27.284353560392603,307.4488849415097
2271.8541792324568,-1716.772527621074,30.784195085599308,315.7525649615896
2999.005367815599,-1326.406174772335,211.13756598018367,296.8428559601458
2904.6617073248085,-2320.4253619963865,56.65685326243316,302.0406383620901
2394.8138572234925,-1281.9995391715238,227.4783041014791,334.42685979738417
2360.9306633143096,-1332.7643260400525,197.35851423403838,307.14747107457697
2544.8468724774575,-1614.8115285408576,25.429488922463072,318.472938710666
2885.939118549829,-1935.4940476158054,147.0550354194879,327.6229214472855
1707.3223855628503,-2123.5810936430244,72.43493281638314,310.5363226788413
2956.7607330905053,-1140.7736494498151,132.59771659930436,333.6024213204972
2727.9303479367245,-1998.3027073769067,179.44818890633493,330.9413090650802
2896.2723014887633,-2361.6260219545857,184.5384321316546,328.9897223463059
1622.635698203021,-2335.193235573358,124.81206114121352,298.4514661701376
2117.814916679178,-1714.464711583562,74.14129589851481,330.646787450835
1973.273509960054,-2959.315957393338,94.06924642689386,301.33831895080334
1380.2497387713925,-1801.3787724929878,27.807141956840695,325.60051692912816
2598.2657924771247,-2344.285424094656,112.92616003450865,326.27147383483936
1321.0998125076146,-1900.6014923798757,39.613913552471146,298.238367177711
1595.0062501302516,-2464.6779028057535,113.16710687733669,306.63668937885296
1323.6472436797003,-1637.2651932004608,244.37960012820565,324.7898937778233
2604.7688303730256,-1020.6858017234613,82.72335504827818,298.173807821054
1636.639861155662,-1948.0467561695116,232.18489274555995,302.3752075533197
1609.395130220696,-1658.4672900767828,127.76969208944618,330.2629943779923
2351.6781865436024,-1491.7248206488323,66.5178980913351,337.7497481676064
1468.3566578175094,-1664.5449238277733,80.39226290140331,318.91263454475444
2906.673432308782,-1116.9419104057736,189.2902554443652,312.7568711634497
1767.943151597237,-1232.1849151928764,224.01299411098694,339.4330071587321
1495.9950574417376,-1474.859351036944,115.74405120980722,325.3598437579156
1776.4496050380917,-1501.8279935358867,205.69391327333068,299.6913573398588
2951.8874866293036,-1932.3427746725745,65.86240231093917,310.9662967556476
1544.0441316133624,-2183.944814119076,175.5714667918462,309.76279665916786
1723.5391034262884,-1418.7192313988637,195.72103773376776,337.799957766358
2188.2989394926035,-1846.9703090147138,190.2907415220946,306.7350262368202
2691.293256557068,-1341.7315745189678,93.65328197873444,303.29481573491853
2986.2010365091746,-2321.1551316816285,-7.829006507910883,338.1879609140027
2496.5124293901217,-1482.9492528764345,62.19188994474244,336.5829746230293
1585.8503197941168,-2126.4008328612617,61.206261873135276,319.4356787722998
1619.0732894689836,-1192.2112089839102,176.30707062859295,320.13852878139915
1956.451829837878,-2044.843982499433,-2.0761213954436677,296.50985581589543
1857.3140138457125,-2682.453486125516,91.70545210875554,338.54740183861395
1680.91066062144,-2608.97030959929,187.85047568658618,298.27520192362516
2136.4948217940632,-2596.5902017353164,233.87683481696357,331.46472415745166
2476.5534391378733,-1706.1040843864507,134.36714549042264,310.55380855982054
2542.199164192125,-2992.173305595842,120.75539593432103,310.65618254742134
2016.5983599452634,-1424.233153870387,238.99966756195283,339.1853485054469
2083.417381586981,-2474.722903023781,183.61425491156461,321.7152700164793
2722.596536243664,-2760.1884679807386,109.62667611844066,329.7926795567084
2094.044417666978,-1230.445547402027,190.24155168784858,308.19337182687457
1794.8844770255737,-1106.0003986121906,21.525951567334943,324.1727478271995
2692.173026331873,-2947.900208833004,234.10815148915412,324.0897424013404
1555.8013087312654,-2466.0865260583173,227.44967165162973,301.9043484418942
1870.1502918530377,-2946.4598504981286,122.72902754490755,310.2637832635932
1091.7875109329245,-2668.209831276634,185.28392668867468,339.9338786877306
1807.9869688301114,-2799.91197592699,97.89134055032831,311.4979921909533
2454.978509960667,-1313.4504379892674,11.457811513990258,298.5462077922932
2819.139379208491,-2524.3604653034836,133.65359786124918,335.7644120653921
2146.585119278029,-2439.664211384743,203.57761556929376,297.51407199460806
2536.0164533436287,-2571.398537275909,115.68211101431433,324.6048934757039
2962.6611707025795,-1953.6951030390649,159.6218624934909,309.32825839110785
2247.045514151291,-2447.0831882852194,179.26457408598355,297.5178862072289
1490.7955568086306,-1923.067891018503,118.47027782065189,322.7876491388514
1614.4950243872313,-1796.364112177736,75.4636671350809,323.92255830828645
1236.7568965681335,-2989.517758120991,143.03812218236484,301.9849868162928
1309.9713239131445,-1105.8323805394255,240.72543091301475,296.1480746499935
2920.345507230353,-2366.4217080190765,92.84666624476036,304.2319650334884
2046.1147327507151,-1645.998961036488,159.23078486516226,331.95001206465116
2671.7437571640576,-1826.8522360288564,120.27416434918251,302.86588471098116
1260.4521377335993,-2714.6232477860194,176.23188121574367,314.28510331979857
2443.64554881813,-2655.1213193902877,236.86653535368828,339.60748623349133
1269.310963658173,-2116.6703095103685,179.31510915241688,321.86353633961335
2662.406255065229,-2948.029544971076,217.36665935506596,325.80014118923395
1276.543789749894,-2207.4813750601406,101.23888346858146,336.0979465233705
1545.6916979370435,-2709.507894642788,70.0231334761481,295.86392416215085
1851.71390014586,-2686.1654415908633,29.137977417706914,321.808726260453
1774.6713515178274,-1784.319214157528,133.66461768213338,334.048838550999
1803.5778599641194,-2153.392176375816,158.1046283956525,316.5834720976757
1005.728053391372,-2816.236503398864,159.97437346255305,330.49728334705327
1290.63320524119,-1742.9057567786813,179.14366286894983,304.5021426205461
2250.523286017419,-2259.368234957896,-12.612440394204668,313.9160151133419
2810.946512346125,-1654.1323149226746,109.37921866923703,324.9876497991848
1558.4127913766924,-2497.258985748193,20.494834008205892,314.71740013707404
1802.3374192635217,-1525.8247278954523,215.04241432687058,308.24311856033125
1522.3572417138985,-2409.588568788921,52.37707333698323,324.71790386185677
1023.723385976487,-1436.501602166273,248.53006859283965,309.15015212989505
2964.0452846082944,-1421.5841147029666,255.59004222156466,297.1242101280307
2836.012264483459,-1989.920595958655,113.60150026681069,300.0346573389203
1354.3522779672023,-1524.4691167793403,43.466544419792314,321.46034299279677
1468.5978870184774,-2558.3507907183644,132.50709339159303,333.3012479212177
1530.8983111658388,-1417.4261971453031,-11.940258667770813,323.06817713424834
1671.3602732338268,-1673.7857893108192,40.68810190296205,319.4985000902244
1688.0616381713114,-1941.6395470462203,54.85000805328694,322.262614297346
2778.909621137964,-2547.843997560472,180.62152605290942,330.52412936908206
1345.397151490064,-2503.773271357375,34.80794376605441,314.92261150583346
1506.9626316994033,-2122.5750080270886,203.96997470104387,309.43709896763636
2312.3612851277762,-1400.0450839983464,171.55537927953438,339.41980771329077
1199.07378950297,-2678.683008537327,22.198197612752843,297.47137163702945
1492.1480661175278,-2727.8591977684573,208.03617508090227,319.4496589776557
1499.1771455184307,-1516.9820227768957,139.86705521387034,308.1117713934
2101.895882756806,-2623.45083016845,102.82669197963861,327.5484480167529
2093.8128943678944,-2912.509876951716,151.76830033231758,319.57126725920284
2469.567299826953,-1027.075428626138,168.3781252696027,314.0249953872801
1712.360918403306,-1230.3914196000153,123.61752233921922,311.99806955805457
2978.6216858295616,-1589.6876910198678,211.10429563287323,300.822379185711
2356.312465667181,-1473.1652561463734,16.19941236237394,316.81694994387834
1667.4260710621552,-2553.350074341934,96.76414093634233,318.12971746354924
1757.5792666020102,-1968.8120717322777,23.81149317714295,304.6965163185457
1257.3205683208225,-1965.8530971614464,3.0819060633838156,312.93569764643314
1408.617978313861,-1058.8544255391557,11.074338771426994,337.159956807352
2791.1821494498017,-2153.6725402942993,-13.56593867024217,328.8113482833694
1582.093422055364,-2066.6648873527083,70.59165001549393,338.20593803088457
2946.382753115815,-2430.516906647048,99.46802999017021,331.75408897741823
2190.28033643831,-1693.7612316033944,97.66599960796094,339.9823903841426
2020.189267518223,-2753.243649039982,242.7449000598541,323.33754003460564
1424.501405593466,-1863.6223507091406,213.22539263675623,313.0552289399214
2069.660864429481,-2631.4611954785455,89.39103095881647,304.39212100648496
1254.224305306949,-2828.038560948274,28.203690920671264,310.9725546875077
1423.2029473846246,-1871.0112430798151,58.68128372855716,296.597991498146
2385.2040800555606,-2737.5762715980286,41.41228098589432,306.3319131890318
1846.977375245156,-2646.4116155156353,115.5194780035144,321.24156446112966
1734.548109964147,-2146.3728515749754,147.40896093059757,327.99016200124396
2940.3033008762086,-1194.405316408357,252.97786854897976,335.8374407289634
1481.6157916908378,-2290.7713657556615,250.41247232273588,315.4185643158279
2295.3690565203588,-1589.676368882904,174.46585168609406,316.1534781579933
2489.9095468402165,-2011.6670434951925,110.12621088160597,327.10817140405965
2856.9051664372687,-1502.368564721451,110.14504961077783,309.9191049075015
2669.765091391886,-2996.2881478299896,146.74092626535648,331.9271030938592
1277.0325567239167,-2997.6826132914916,145.55362838688387,326.09164224477485
2430.914991682983,-1338.78893832043,112.77241674304481,299.68715986847707
1057.4967315514862,-1915.75286846686,165.63463688098176,296.73336504893405
2735.525943635064,-2226.6215734986663,77.99142013162154,296.807216184024
1253.8426885858153,-2511.449968281779,143.87567130001648,326.23231012122994
1937.5878084151284,-1604.583661170235,158.0044929775133,327.97229753525806
2388.874114353178,-2327.509306136636,145.85866073138655,301.55557920931085
1693.8198082860356,-1645.9345348288994,60.62118979859213,299.0305672426643
2009.7253531785732,-1203.0710062649102,230.69448502090145,300.79712848768446
2621.678834088513,-1260.3116583293388,194.7972516901598,323.9008820399338
2899.772057168876,-2621.5120896553253,78.57992002555453,299.82555073441296
2233.135009100137,-1663.9660856846385,116.41707865302183,300.5832452622841
1101.8177252744058,-1644.70397838561,166.6663883992268,322.35268808857313
2957.981085467061,-1641.1492358549483,146.20975997129747,319.92081034863105
2564.5443867100485,-2062.404437326399,-7.128564846209563,331.63480864039377
2720.6625143405554,-1604.6128449353662,169.49988786246797,297.47877692562105
1596.697369937197,-1716.7151827932641,227.66599453032154,333.405254926884
1379.2351094131516,-1952.3872627333253,63.60521000565869,335.62803380324294
2129.9024052859427,-2593.3371289407482,13.130494837807678,339.2617112214397
1946.1116776187237,-1762.2707976696909,211.35819425674742,295.9546929470403
2707.8746230674496,-1753.396590705223,140.28432636003876,301.9107433309356
1652.1528759442879,-1326.745721457362,36.35291461139992,310.2876674348297
2670.6980782392634,-1330.5103743070608,-13.11428103004101,302.77175936470496
1856.5934146478048,-1218.6329067656845,76.34931407054253,318.5031885891676
2035.233021740124,-1743.8482742247104,51.91115719223298,311.19002392990603
1624.2169960007952,-1229.0086135833956,130.59550042686385,326.90403200689485
2802.599993992772,-1100.0371803816097,48.17840171179457,297.68948739553207
1062.2436581013703,-1592.126101625009,52.47993328072842,321.5910283045896
1969.78673252125,-1445.7823806056647,176.77053550578415,298.3092096156352
2826.8611882791106,-1232.9827369999,29.204338965625425,313.8637795615082
2046.3219300310159,-2036.7080828155185,42.0486329517485,309.6799773508487
1055.0191494465269,-2532.532923365773,194.7590313853152,313.0550275987978
2560.2378631773504,-1546.900357772765,112.26876784964037,327.55706418189175
1069.4209385207225,-1378.702241347626,230.982333943912,307.134117727091
2446.6642509579656,-1641.1205380038539,98.66607436522993,337.96614415328156
1122.965719848904,-1187.2792079451608,34.96905551663604,310.89529676695105
1345.8683696631138,-1551.0149264815675,160.27182640506075,338.64371514072104
1327.5197320763327,-2334.4117561892413,159.1137870701655,325.53483571400386
1556.0069943201474,-2988.196817155434,231.65368294049412,334.6401779618094
2596.5500381082475,-2119.2784673773904,163.86186911014903,295.13437894471326
2184.642008242575,-1827.2178915620384,164.83416149755902,303.97451433565726
1602.1311777343903,-2136.6477338051805,-2.882716337798078,329.68379935782633
1652.5645065316357,-1346.521516795193,141.68365596098033,311.81964929517164
2553.8583379613183,-2334.358626462481,-4.5675037272830785,317.20044184096184
1526.4667803063144,-2581.755098164199,217.64802330630607,335.02001497905246
2066.839962673947,-1379.3525078698076,159.1289125788865,298.3122341579554
1765.6795090722262,-1642.7942200516734,180.68767670356132,325.27360398917773
1045.9379359442569,-1225.6411854592488,147.9563490520642,309.4921768383536
2021.7398996438774,-2575.713414306619,70.20016633999751,329.49922784673504
1352.4052035920372,-1184.921596901241,224.83689425329203,303.59274610835945
1989.8972514053248,-1810.2525328992213,184.1542058183102,310.39425078733944
1098.9649697508792,-1680.8786248599051,76.15354395567833,333.59299190642594
1767.2438147200457,-1070.3129794958531,196.13342579479382,321.24463389765646
2560.4176010524516,-2981.0248309981953,216.3053163265546,299.32715455909863
2777.186735403993,-1144.2432204283396,256.72633155137726,336.41319549111256
2975.310536521082,-1626.9517409405769,71.02111246400217,320.9582073852923
1713.3521528536971,-2828.6156020352496,228.95120611662298,309.5049448521795
1983.2893525963016,-2019.2403935901657,221.039921524423,326.3378326105669
2475.2869652790123,-1481.9017156898014,128.02162099902003,314.29538045464926
2107.5320732643686,-1946.0337709322475,231.12265977784568,311.19662649452573
2123.2223022929484,-2928.383458048914,60.286868711158974,313.749930819025
2573.7969054328514,-1247.335710989138,95.74048562391677,337.0403608747293
1006.9061522933475,-2265.2649214116877,184.98128638430438,311.91312783424013
2248.480753762824,-1646.528625815146,129.74792874507878,305.9929887223486
2492.075690900594,-2537.4603967686694,80.82093386253632,328.4140426666576
1858.3852856061062,-2323.058686590773,145.61485884298585,329.60330750917433
1381.6413134382174,-2479.8768360269887,151.87325634405587,306.9093229405582
2330.4610857620337,-1553.7293138841035,109.66731407130426,338.1996916275193
2985.5194536005038,-1524.2728527295797,170.28230041636544,331.1158843097416
